ticker,company,award_id,award_date,transaction_amount,agency,subagency,award_type
BAH,BOOZ ALLEN HAMILTON INC,47QFCA26F0010,2026-04-08,5085953.0,General Services Administration,Federal Acquisition Service,DELIVERY ORDER
NOC,NORTHROP GRUMMAN SYSTEMS CORPORATION,HQ085223C0002,2026-02-24,59622.48,Department of Defense,Missile Defense Agency,DEFINITIVE CONTRACT
IBM,INTERNATIONAL BUSINESS MACHINES CORPORATION,28321326FA0010005,2025-12-31,798070.51,Social Security Administration,Social Security Administration,BPA CALL
LDOS,"LEIDOS, INC.",N6883625F7M57,2025-12-16,142841.72,Department of Defense,Department of the Navy,DELIVERY ORDER
NOC,NORTHROP GRUMMAN SYSTEMS CORPORATION,N0003025C1010,2025-09-03,4933979.0,Department of Defense,Department of the Navy,DEFINITIVE CONTRACT
HII,HUNTINGTON INGALLS INCORPORATED,N0002419C4313,2026-01-27,522119.0,Department of Defense,Department of the Navy,DEFINITIVE CONTRACT
BAH,BOOZ ALLEN HAMILTON INC,FA807525F0024,2026-03-31,25000.0,Department of Defense,Department of the Air Force,DELIVERY ORDER
CACI,"CACI, INC. - FEDERAL",47QFCA24F0005,2026-01-08,973236.0,General Services Administration,Federal Acquisition Service,DELIVERY ORDER
LDOS,"LEIDOS, INC.",75FCMC18F0068,2026-06-02,-3658321.94,Department of Health and Human Services,Centers for Medicare and Medicaid Services,DELIVERY ORDER
NOC,NORTHROP GRUMMAN SYSTEMS CORPORATION,FA229124FB007,2026-01-30,98393.0,Department of Defense,Department of the Air Force,DELIVERY ORDER
IBM,INTERNATIONAL BUSINESS MACHINES CORPORATION,47QFLA25F0017,2026-07-27,-101132.76,General Services Administration,Federal Acquisition Service,DELIVERY ORDER
LMT,LOCKHEED MARTIN CORPORATION,HQ085224F0005,2026-01-29,25890.0,Department of Defense,Missile Defense Agency,DELIVERY ORDER
BAH,BOOZ ALLEN HAMILTON INC,HC102825F0274,2026-03-12,1830266.08,Department of Defense,Defense Information Systems Agency,BPA CALL
GD,"GENERAL DYNAMICS INFORMATION TECHNOLOGY, INC.",15PTDD24F00000001,2025-08-27,-64233.52,Department of Justice,Office of Justice Programs,BPA CALL
HON,HONEYWELL INTERNATIONAL INC.,SPRPA125FE811,2025-09-22,14100000.0,Department of Defense,Defense Logistics Agency,DELIVERY ORDER
HII,HUNTINGTON INGALLS INCORPORATED,N0002418C2307,2025-12-09,31898.0,Department of Defense,Department of the Navy,DEFINITIVE CONTRACT
GD,"GENERAL DYNAMICS MISSION SYSTEMS, INC.",N0003921F6001,2026-01-21,880753.23,Department of Defense,Department of the Air Force,DELIVERY ORDER
LMT,LOCKHEED MARTIN CORPORATION,W31P4Q23F0024,2025-11-25,875833.0,Department of Defense,Department of the Army,DELIVERY ORDER
KTOS,"KRATOS SRE, INC.",N0017823C2405,2026-02-08,96000.0,Department of Defense,Department of the Navy,DEFINITIVE CONTRACT
BA,THE BOEING COMPANY,FA863418C2701,2026-04-08,4000000.0,Department of Defense,Department of the Air Force,DEFINITIVE CONTRACT
PLTR,PALANTIR USG INC,19AQMM25F7299,2025-09-26,3044181.0,Department of State,Department of State,BPA CALL
LMT,LOCKHEED MARTIN CORPORATION,H9225423F2716,2025-09-19,622008.28,Department of Defense,U.S. Special Operations Command,DELIVERY ORDER
LMT,LOCKHEED MARTIN CORPORATION,HQ085621C0001,2025-11-24,400000000.0,Department of Defense,Missile Defense Agency,DEFINITIVE CONTRACT
BA,THE BOEING COMPANY,FA813425F1001,2025-08-19,5280.0,Department of Defense,Department of the Air Force,DELIVERY ORDER
LDOS,"LEIDOS, INC.",HDTRA125FE048,2025-08-21,1400737.0,Department of Defense,Defense Threat Reduction Agency,DELIVERY ORDER
HII,HUNTINGTON INGALLS INCORPORATED,N0002418C2307,2025-10-22,1668.0,Department of Defense,Department of the Navy,DEFINITIVE CONTRACT
LMT,LOCKHEED MARTIN CORPORATION,N0001924C0011,2025-08-25,41554256.0,Department of Defense,Department of the Navy,DEFINITIVE CONTRACT
BAH,BOOZ ALLEN HAMILTON INC,75F40126F19013,2026-04-22,2562855.64,Department of Health and Human Services,Food and Drug Administration,BPA CALL
GE,GENERAL ELECTRIC COMPANY,FA862626FB005,2026-04-21,-38164.09,Department of Defense,Department of the Air Force,DELIVERY ORDER
BA,THE BOEING COMPANY,FA942224F0005,2025-09-24,41664.74,Department of Defense,Department of the Air Force,DELIVERY ORDER
LMT,LOCKHEED MARTIN CORPORATION,FA873022F8505,2026-03-23,1234000.0,Department of Defense,Department of the Air Force,DELIVERY ORDER
HON,HONEYWELL INTERNATIONAL INC.,N0038321FV620,2025-09-18,54850.0,Department of Defense,Department of the Navy,DELIVERY ORDER
LDOS,"LEIDOS, INC.",W900KK22F0017,2025-12-31,920460.0,Department of Defense,Department of the Army,DELIVERY ORDER
GD,"GENERAL DYNAMICS INFORMATION TECHNOLOGY, INC.",N6523620F3011,2025-08-19,-3505933.58,Department of Defense,Department of the Navy,DELIVERY ORDER
LMT,LOCKHEED MARTIN CORPORATION,N0003023C6045,2026-03-25,390643.0,Department of Defense,Department of the Navy,DEFINITIVE CONTRACT
LMT,LOCKHEED MARTIN CORPORATION,FA868225FB007,2025-12-17,4073510.0,Department of Defense,Department of the Air Force,DELIVERY ORDER
BAH,BOOZ ALLEN HAMILTON INC,693KA923F00103,2026-04-07,-430.0,Department of Transportation,Federal Aviation Administration,DELIVERY ORDER
GE,GENERAL ELECTRIC COMPANY,80AFRC21CA021,2026-01-27,19945247.78,National Aeronautics and Space Administration,National Aeronautics and Space Administration,DEFINITIVE CONTRACT
NOC,NORTHROP GRUMMAN SYSTEMS CORP,FA861623F1001,2025-09-18,1609397.28,Department of Defense,Department of the Air Force,DELIVERY ORDER
GD,"GENERAL DYNAMICS INFORMATION TECHNOLOGY, INC.",N6660423F3010,2025-09-15,4173192.19,Department of Defense,Department of the Navy,DELIVERY ORDER
BAH,BOOZ ALLEN HAMILTON INC,FA800325F0008,2026-01-13,2571000.0,Department of Defense,Department of the Air Force,DELIVERY ORDER
NOC,NORTHROP GRUMMAN SYSTEMS CORP,FA861623F1001,2025-12-10,41557.0,Department of Defense,Department of the Air Force,DELIVERY ORDER
GD,"GENERAL DYNAMICS OTS (WILKES BARRE), LLC",W15QKN24F0527,2025-09-22,87134890.0,Department of Defense,Department of the Army,DELIVERY ORDER
BAH,BOOZ ALLEN HAMILTON INC,FA807522F0047,2025-09-22,32490.04,Department of Defense,Department of the Air Force,DELIVERY ORDER
GD,"GENERAL DYNAMICS MISSION SYSTEMS, INC.",N0002419C6408,2026-04-14,22071487.0,Department of Defense,Department of the Navy,DEFINITIVE CONTRACT
BA,THE BOEING COMPANY,N0001920F0045,2025-09-24,-149156.1,Department of Defense,Department of the Navy,DELIVERY ORDER
LDOS,"LEIDOS, INC.",693KA721C00014,2026-02-06,14081361.45,Department of Transportation,Federal Aviation Administration,DEFINITIVE CONTRACT
BA,BELL BOEING JOINT PROJECT OFFICE,N0001917C0015,2025-09-04,-247601.97,Department of Defense,Department of the Navy,DEFINITIVE CONTRACT
LDOS,"LEIDOS, INC.",FA873021F0113,2026-04-13,558294.1,Department of Defense,Department of the Air Force,DELIVERY ORDER
ACN,ACCENTURE FEDERAL SERVICES LLC,89303024FIM000144,2025-09-02,160500.0,Department of Energy,Department of Energy,BPA CALL
LMT,LOCKHEED MARTIN CORPORATION,N0003023C6045,2026-04-09,-169294.0,Department of Defense,Department of the Navy,DEFINITIVE CONTRACT
LDOS,"LEIDOS, INC.",FA873024FB003,2026-02-23,4456689.12,Department of Defense,Department of the Air Force,DELIVERY ORDER
LMT,LOCKHEED MARTIN CORPORATION,HQ027619C0001,2025-12-11,285000.0,Department of Defense,Missile Defense Agency,DEFINITIVE CONTRACT
ACN,ACCENTURE FEDERAL SERVICES LLC,89243424FEE000456,2026-03-02,124000.0,Department of Energy,Department of Energy,BPA CALL
BAH,BOOZ ALLEN HAMILTON INC,N6600125F3500,2025-11-12,2342499.8,Department of Defense,Department of the Navy,DELIVERY ORDER
LMT,LOCKHEED MARTIN CORPORATION,H9225418F2088,2025-09-23,-110550.58,Department of Defense,U.S. Special Operations Command,DELIVERY ORDER
BAH,BOOZ ALLEN HAMILTON INC,75F40124F19007,2026-07-26,-1662.26,Department of Health and Human Services,Food and Drug Administration,BPA CALL
ACN,ACCENTURE FEDERAL SERVICES LLC,SP470924F0069,2025-11-07,-289485.6,Department of Defense,Defense Logistics Agency,DELIVERY ORDER
BAH,BOOZ ALLEN HAMILTON INC,N0018922F3050,2026-02-26,1124614.0,Department of Defense,Department of the Navy,DELIVERY ORDER
LDOS,"LEIDOS, INC.",DTFA0101CA0065CALL0001,2026-08-04,652027.49,Department of Transportation,Federal Aviation Administration,DELIVERY ORDER
GD,"GENERAL DYNAMICS MISSION SYSTEMS, INC.",N0002420C5213,2026-03-24,2256479.0,Department of Defense,Department of the Navy,DEFINITIVE CONTRACT
LMT,LOCKHEED MARTIN CORPORATION,HQ014718F5007,2025-10-07,47840.69,Department of Defense,Missile Defense Agency,DELIVERY ORDER
PLTR,PALANTIR TECHNOLOGIES INC.,89233126FNA400763,2026-03-26,4112500.0,Department of Energy,Department of Energy,DELIVERY ORDER
NOC,NORTHROP GRUMMAN SYSTEMS CORPORATION,N6893623F0293,2026-01-26,-16574.77,Department of Defense,Department of the Navy,DELIVERY ORDER
VSEC,VSE CORPORATION,15JPSS22F00000401,2026-05-28,5000000.0,Department of Justice,"Offices, Boards and Divisions",DELIVERY ORDER
HON,"HONEYWELL INTERNATIONAL, INC",FA442725P0119,2025-09-19,1235061.84,Department of Defense,Department of the Air Force,PURCHASE ORDER
LMT,LOCKHEED MARTIN CORPORATION,W31P4Q24F0015,2025-08-21,20196726.0,Department of Defense,Department of the Army,DELIVERY ORDER
PLTR,PALANTIR USG INC,19AQMM25F7364,2026-01-27,2000000.0,Department of State,Department of State,BPA CALL
GD,"GENERAL DYNAMICS INFORMATION TECHNOLOGY, INC.",15PTDD26F00000008,2026-07-30,2117486.4,Department of Justice,Office of Justice Programs,DELIVERY ORDER
BA,THE BOEING COMPANY,N6893623F0237,2025-08-22,1016831.0,Department of Defense,Department of the Navy,DELIVERY ORDER
GD,"GENERAL DYNAMICS INFORMATION TECHNOLOGY, INC.",N0017825F3001,2025-09-26,60879.32,Department of Defense,Department of the Navy,DELIVERY ORDER
BAH,BOOZ ALLEN HAMILTON INC,FA807522F0060,2025-08-26,46671.0,Department of Defense,Department of the Air Force,DELIVERY ORDER
BAH,BOOZ ALLEN HAMILTON INC,FA461025F0152,2025-11-21,103727.36,Department of Defense,Department of the Air Force,DELIVERY ORDER
IBM,INTERNATIONAL BUSINESS MACHINES CORPORATION,2032H523F00409,2025-12-15,550100.0,Department of the Treasury,Internal Revenue Service,DELIVERY ORDER
BAH,BOOZ ALLEN HAMILTON INC,H9225720F0029,2026-02-19,-91106.85,Department of Defense,U.S. Special Operations Command,DELIVERY ORDER
BAH,BOOZ ALLEN HAMILTON INC,FA807525F0044,2026-01-30,54671.97,Department of Defense,Department of the Air Force,DELIVERY ORDER
CACI,"CACI, INC. - FEDERAL",47QFCA22F0005,2026-04-10,-145067.76,General Services Administration,Federal Acquisition Service,DELIVERY ORDER
GD,"GENERAL DYNAMICS MISSION SYSTEMS, INC.",N0002419C6408,2025-11-04,6276139.0,Department of Defense,Department of the Navy,DEFINITIVE CONTRACT
CACI,"CACI, INC. - FEDERAL",70US0926F1DHS2502,2026-02-12,3373249.0,Department of Homeland Security,U.S. Secret Service,BPA CALL
BAH,BOOZ ALLEN HAMILTON INC,68HERC24F0227,2026-07-22,-48518.43,Environmental Protection Agency,Environmental Protection Agency,BPA CALL
GD,"GENERAL DYNAMICS INFORMATION TECHNOLOGY, INC.",19AQMM24C0037,2025-08-18,-1701201.5,Department of State,Department of State,DEFINITIVE CONTRACT
BAH,BOOZ ALLEN HAMILTON INC,HC108420F0147,2025-10-28,7784.97,Department of Defense,Defense Information Systems Agency,DELIVERY ORDER
LDOS,"LEIDOS, INC.",FA807524F0036,2026-01-30,383250.0,Department of Defense,Department of the Air Force,DELIVERY ORDER
CACI,"CACI, INC. - FEDERAL",HC108424C0003,2026-04-30,4260361.38,Department of Defense,Defense Information Systems Agency,DEFINITIVE CONTRACT
BAH,BOOZ ALLEN HAMILTON INC,N0017821F3011,2026-04-24,843215.62,Department of Defense,Department of the Navy,DELIVERY ORDER
NOC,NORTHROP GRUMMAN SYSTEMS CORPORATION,FA865023C5312,2026-01-16,500000.0,Department of Defense,Department of the Air Force,DEFINITIVE CONTRACT
HII,HUNTINGTON INGALLS INCORPORATED,N0002419C4313,2026-01-20,7722.0,Department of Defense,Department of the Navy,DEFINITIVE CONTRACT
LDOS,"LEIDOS, INC.",W56JSR24F0004,2026-01-15,25952.5,Department of Defense,Department of the Army,DELIVERY ORDER
LMT,LOCKHEED MARTIN CORPORATION,FA861519C6050,2026-04-09,-2992570.89,Department of Defense,Department of the Air Force,DEFINITIVE CONTRACT
CACI,"CACI, INC. - FEDERAL",FA875024CB037,2025-09-05,26161.0,Department of Defense,Department of the Air Force,DEFINITIVE CONTRACT
GD,"GENERAL DYNAMICS INFORMATION TECHNOLOGY, INC.",FA805118F0045,2025-09-15,-697500.0,Department of Defense,Department of the Air Force,DELIVERY ORDER
BA,THE BOEING COMPANY,N0001926F0106,2025-12-16,150033361.84,Department of Defense,Department of the Navy,DELIVERY ORDER
BAH,BOOZ ALLEN HAMILTON INC,47QFAA24F0006,2026-03-31,7023260.77,General Services Administration,Federal Acquisition Service,DELIVERY ORDER
GE,GENERAL ELECTRIC COMPANY,FA862625FB012,2025-09-17,1251536.56,Department of Defense,Department of the Air Force,DELIVERY ORDER
BA,"BOEING AEROSPACE OPERATIONS, INC.",FA231824FB011,2025-09-08,1813000.0,Department of Defense,Department of the Air Force,DELIVERY ORDER
BAH,BOOZ ALLEN HAMILTON INC,W56KGU24F0009,2025-09-24,25602.34,Department of Defense,Department of the Army,DELIVERY ORDER
BA,THE BOEING COMPANY,FA822025FB006,2025-09-25,80000.0,Department of Defense,Department of the Air Force,DELIVERY ORDER
LDOS,"LEIDOS, INC.",FA945119C0007,2026-04-02,76000.0,Department of Defense,Department of the Air Force,DEFINITIVE CONTRACT
PSN,PARSONS GOVERNMENT SERVICES INC.,W56KGU22F0021,2026-03-18,825621.53,Department of Defense,Department of the Army,DELIVERY ORDER
BAH,BOOZ ALLEN HAMILTON INC,47QFCA23F0014,2025-11-20,3118446.0,General Services Administration,Federal Acquisition Service,DELIVERY ORDER
LMT,LOCKHEED MARTIN CORPORATION,HR001126CE029,2026-03-30,858888.0,Department of Defense,Defense Advanced Research Projects Agency,DEFINITIVE CONTRACT
CACI,"CACI, INC. - FEDERAL",FA807524F0042,2026-02-11,866123.26,Department of Defense,Department of the Air Force,DELIVERY ORDER
NOC,NORTHROP GRUMMAN SYSTEMS CORP,FA852226F0018,2026-03-25,1342622.0,Department of Defense,Department of the Air Force,DELIVERY ORDER
NOC,NORTHROP GRUMMAN SYSTEMS CORPORATION,FA861517C6047,2025-09-30,509767.5,Department of Defense,Department of the Air Force,DEFINITIVE CONTRACT
CAT,CATERPILLAR INC,SPE8EC26F0445,2026-04-28,4576079.0,Department of Defense,Defense Logistics Agency,DELIVERY ORDER
NOC,NORTHROP GRUMMAN SYSTEMS CORPORATION,FA880317C0001,2025-08-27,70000.0,Department of Defense,Department of the Air Force,DEFINITIVE CONTRACT
GD,GENERAL DYNAMICS LAND SYSTEMS INC.,W56HZV24F0144,2025-09-25,-50792.0,Department of Defense,Department of the Army,DELIVERY ORDER
BA,THE BOEING COMPANY,FA880819C0001,2026-05-05,8000000.0,Department of Defense,Department of the Air Force,DEFINITIVE CONTRACT
LMT,LOCKHEED MARTIN CORP,N0003022C1025,2025-09-22,3000000.0,Department of Defense,Department of the Navy,DEFINITIVE CONTRACT
LMT,LOCKHEED MARTIN CORPORATION,N0002426F6224,2026-04-20,1510831.0,Department of Defense,Department of the Navy,DELIVERY ORDER
BAH,BOOZ ALLEN HAMILTON INC,FA701424F0113,2025-09-17,6332195.84,Department of Defense,Department of the Air Force,DELIVERY ORDER
ACN,ACCENTURE FEDERAL SERVICES LLC,89243423FEE000265,2025-09-23,1080859.13,Department of Energy,Department of Energy,BPA CALL
BAH,BOOZ ALLEN HAMILTON INC,47QFWA20F0018,2026-01-06,94852.3,General Services Administration,Federal Acquisition Service,DELIVERY ORDER
BA,THE BOEING COMPANY,N0001922F0881,2026-01-29,313749.56,Department of Defense,Department of the Navy,DELIVERY ORDER
CACI,"CACI, INC. - FEDERAL",80TECH24CA002,2025-12-23,198172.26,National Aeronautics and Space Administration,National Aeronautics and Space Administration,DEFINITIVE CONTRACT
LDOS,"LEIDOS, INC.",N6883625F7K0J,2026-04-14,12273.39,Department of Defense,Department of the Navy,DELIVERY ORDER
GD,"GENERAL DYNAMICS MISSION SYSTEMS, INC.",HQ085022C0007,2025-12-08,9600000.0,Department of Defense,Department of the Air Force,DEFINITIVE CONTRACT
LMT,LOCKHEED MARTIN CORPORATION,W31P4Q26F0036,2026-04-29,58323854.0,Department of Defense,Department of the Army,DELIVERY ORDER
NOC,NORTHROP GRUMMAN SYSTEMS CORPORATION,80GSFC23CA021,2026-05-21,2000000.0,National Aeronautics and Space Administration,National Aeronautics and Space Administration,DEFINITIVE CONTRACT
NOC,NORTHROP GRUMMAN SYSTEMS CORPORATION,N6449824F4101,2025-08-22,280000.0,Department of Defense,Department of the Navy,DELIVERY ORDER
AVAV,"AEROVIRONMENT, INC",W58RGZ25C0028,2025-09-11,4493037.69,Department of Defense,Department of the Army,DEFINITIVE CONTRACT
CACI,"CACI, INC. - FEDERAL",FA807524F0060,2025-09-10,11109655.83,Department of Defense,Department of the Air Force,DELIVERY ORDER
GD,"GENERAL DYNAMICS MISSION SYSTEMS, INC.",W900KK25FA010,2025-09-10,913312.23,Department of Defense,Department of the Army,DELIVERY ORDER
ACN,ACCENTURE FEDERAL SERVICES LLC,89303022FIM000088,2026-01-23,2742000.0,Department of Energy,Department of Energy,BPA CALL
LDOS,"LEIDOS, INC.",70T01022F7668N016,2026-06-29,9746162.97,Department of Homeland Security,Transportation Security Administration,DELIVERY ORDER
HII,HUNTINGTON INGALLS INCORPORATED,N0002425C4229,2026-02-11,3211018.0,Department of Defense,Department of the Navy,DEFINITIVE CONTRACT
BA,THE BOEING COMPANY,FA862121C0001,2025-09-17,7670333.0,Department of Defense,Department of the Air Force,DEFINITIVE CONTRACT
LMT,"LOCKHEED MARTIN OVERSEAS, LLC",HQ027616C0001,2025-11-13,-331114.92,Department of Defense,Missile Defense Agency,DEFINITIVE CONTRACT
LMT,LOCKHEED MARTIN CORPORATION,N0001926F0126,2026-04-23,250000.0,Department of Defense,Department of the Navy,DELIVERY ORDER
HII,HUNTINGTON INGALLS INC,N0002415C2114,2026-04-08,-1748112.0,Department of Defense,Department of the Navy,DEFINITIVE CONTRACT
CACI,"CACI, INC. - FEDERAL",N6426723F3001,2026-03-27,3522674.69,Department of Defense,Department of the Navy,DELIVERY ORDER
IBM,INTERNATIONAL BUSINESS MACHINES CORPORATION,N0003924F9002,2026-01-29,281981.08,Department of Defense,Department of the Navy,DELIVERY ORDER
LMT,LOCKHEED MARTIN CORPORATION,N6339424C0003,2026-04-14,33000.0,Department of Defense,Department of the Navy,DEFINITIVE CONTRACT
BAH,BOOZ ALLEN HAMILTON INC,1605TA22F00025,2025-08-26,733000.0,Department of Labor,Office of the Assistant Secretary for Administration and Management,BPA CALL
IBM,INTERNATIONAL BUSINESS MACHINES CORPORATION,47QACA26F0021,2025-12-01,2975995.56,General Services Administration,Federal Acquisition Service,DELIVERY ORDER
BAH,BOOZ ALLEN HAMILTON INC,N0018922F3050,2025-09-12,50000.0,Department of Defense,Department of the Navy,DELIVERY ORDER
HII,HUNTINGTON INGALLS INCORPORATED,N0002422C2300,2025-10-14,1075999.0,Department of Defense,Department of the Navy,DEFINITIVE CONTRACT
HON,HONEYWELL INTERNATIONAL INC.,FA850423P0004,2025-08-13,1059319.33,Department of Defense,Department of the Air Force,PURCHASE ORDER
GD,"GENERAL DYNAMICS INFORMATION TECHNOLOGY, INC.",75N98124F00001,2026-03-10,-176523.31,Department of Health and Human Services,National Institutes of Health,DELIVERY ORDER
ETN,EATON CORPORATION,6973GH25F00851,2025-12-15,3300656.4,Department of Transportation,Federal Aviation Administration,DELIVERY ORDER
GD,"GENERAL DYNAMICS INFORMATION TECHNOLOGY, INC.",47QFSA21F0023,2025-08-28,2392700.63,General Services Administration,Federal Acquisition Service,BPA CALL
LDOS,"LEIDOS, INC.",HC102826F0012,2025-12-19,25639.79,Department of Defense,Defense Information Systems Agency,DELIVERY ORDER
LMT,LOCKHEED MARTIN CORPORATION,H9225426FE018,2026-01-16,610000.0,Department of Defense,U.S. Special Operations Command,DELIVERY ORDER
IBM,INTERNATIONAL BUSINESS MACHINES CORPORATION,H9240123C0003,2025-12-08,2515149.42,Department of Defense,U.S. Special Operations Command,DEFINITIVE CONTRACT
BAH,BOOZ ALLEN HAMILTON INC,47QFMA26F0001,2026-02-12,464088.64,General Services Administration,Federal Acquisition Service,DELIVERY ORDER
CACI,"CACI-ISS, LLC",W912HQ23F0141,2025-09-30,184920.0,Department of Defense,Department of the Army,DELIVERY ORDER
CACI,"CACI, INC. - FEDERAL",47QFRA24F0005,2025-09-25,39537036.05,General Services Administration,Federal Acquisition Service,DELIVERY ORDER
LMT,LOCKHEED MARTIN CORPORATION,FA852820F0014,2025-09-30,5554882.0,Department of Defense,Department of the Air Force,DELIVERY ORDER
BA,THE BOEING COMPANY,FA852626FB003,2026-03-20,3608000.0,Department of Defense,Department of the Air Force,DELIVERY ORDER
BAH,BOOZ ALLEN HAMILTON INC,70FA2023F00000045,2025-09-30,1949642.31,Department of Homeland Security,Federal Emergency Management Agency,DELIVERY ORDER
GD,"GENERAL DYNAMICS MISSION SYSTEMS, INC.",N0002424C6101,2025-10-10,439573.0,Department of Defense,Department of the Navy,DEFINITIVE CONTRACT
LDOS,"LEIDOS, INC.",N0003924F7291,2025-08-19,531798.16,Department of Defense,Department of the Navy,DELIVERY ORDER
LDOS,"LEIDOS, INC.",FA865123FA027,2025-12-16,40000.0,Department of Defense,Department of the Air Force,DELIVERY ORDER
LMT,LOCKHEED MARTIN CORP,FA882321C0001,2025-09-30,1863470.0,Department of Defense,Department of the Air Force,DEFINITIVE CONTRACT
LMT,LOCKHEED MARTIN CORPORATION,N6893625F0384,2025-08-15,2676013.58,Department of Defense,Department of the Navy,DELIVERY ORDER
PLTR,PALANTIR USG INC,W519TC26F0012,2026-02-12,11920528.04,Department of Defense,Department of the Army,DELIVERY ORDER
LMT,LOCKHEED MARTIN CORP,FA862523FB017,2025-11-24,-18705.24,Department of Defense,Department of the Air Force,DELIVERY ORDER
BA,THE BOEING COMPANY,W58RGZ21C0015,2026-04-30,88647.5,Department of Defense,Department of the Army,DEFINITIVE CONTRACT
GD,GENERAL DYNAMICS ONE SOURCE LLC,HC102820F6181,2026-04-22,-416419.83,Department of Defense,Defense Information Systems Agency,DELIVERY ORDER
CACI,"CACI, INC. - FEDERAL",47QFCA25F0014,2025-09-11,96543.0,General Services Administration,Federal Acquisition Service,DELIVERY ORDER
LMT,LOCKHEED MARTIN CORP,FA862523FB023,2026-01-22,1631597.0,Department of Defense,Department of the Air Force,DELIVERY ORDER
LDOS,"LEIDOS, INC.",FA873021F0113,2026-01-30,1400000.0,Department of Defense,Department of the Air Force,DELIVERY ORDER
LDOS,"LEIDOS, INC.",HC102821F0049,2026-01-07,19168.6,Department of Defense,Defense Information Systems Agency,DELIVERY ORDER
GD,"GENERAL DYNAMICS INFORMATION TECHNOLOGY, INC.",75R60225F34021,2026-03-04,313000.0,Department of Health and Human Services,Office of the Assistant Secretary for Financial Resources,BPA CALL
CACI,"CACI, INC. - FEDERAL",N6523625F0459,2026-02-17,214994.8,Department of Defense,Department of the Navy,DELIVERY ORDER
NOC,NORTHROP GRUMMAN SYSTEMS CORPORATION,HQ085624F0003,2026-03-03,-1200000.0,Department of Defense,Missile Defense Agency,DELIVERY ORDER
BA,THE BOEING COMPANY,W58RGZ22F0076,2026-04-27,85000.0,Department of Defense,Department of the Army,DELIVERY ORDER
NOC,NORTHROP GRUMMAN SYSTEMS CORP,0011,2025-08-13,-73431.0,Department of Defense,Department of the Air Force,DELIVERY ORDER
BAH,BOOZ ALLEN HAMILTON INC,HDTRA123F0021,2025-08-13,2981236.34,Department of Defense,Defense Threat Reduction Agency,DELIVERY ORDER
HII,HUNTINGTON INGALLS INCORPORATED,N0002424C2312,2025-11-05,1890162.0,Department of Defense,Department of the Navy,DEFINITIVE CONTRACT
NOC,NORTHROP GRUMMAN SYSTEMS CORPORATION,HQ072726FE050,2026-04-09,45575865.0,Department of Defense,Defense Microelectronics Activity,DELIVERY ORDER
CACI,"CACI ENTERPRISE SOLUTIONS, LLC",15F06718F0001089,2025-09-26,-0.04,Department of Justice,Federal Bureau of Investigation,DELIVERY ORDER
HII,HUNTINGTON INGALLS INCORPORATED,N0002413C2307,2025-09-26,-62372.0,Department of Defense,Department of the Navy,DEFINITIVE CONTRACT
ACN,ACCENTURE FEDERAL SERVICES LLC,91003125C0013,2026-03-06,308952.0,Department of Education,Department of Education,DEFINITIVE CONTRACT
LMT,LOCKHEED MARTIN CORPORATION,FA868224CB001,2025-09-17,24752000.0,Department of Defense,Department of the Air Force,DEFINITIVE CONTRACT
BAH,BOOZ ALLEN HAMILTON INC,1605TA22F00025,2026-03-27,58000.0,Department of Labor,Office of the Assistant Secretary for Administration and Management,BPA CALL
BAH,BOOZ ALLEN HAMILTON INC,47QFSA20F0031,2025-10-28,-10108.49,General Services Administration,Federal Acquisition Service,DELIVERY ORDER
GD,"GENERAL DYNAMICS MISSION SYSTEMS, INC.",FA873523FB011,2025-11-06,60000.0,Department of Defense,Department of the Air Force,DELIVERY ORDER
GD,"GENERAL DYNAMICS MISSION SYSTEMS, INC.",N0003022C1003,2025-12-23,-1770201.75,Department of Defense,Department of the Navy,DEFINITIVE CONTRACT
BAH,BOOZ ALLEN HAMILTON INC,68HERD24F0100,2025-08-25,344000.0,Environmental Protection Agency,Environmental Protection Agency,BPA CALL
LMT,LOCKHEED MARTIN CORPORATION,N0001924F1009,2026-04-09,97319.0,Department of Defense,Department of the Navy,DELIVERY ORDER
LDOS,"LEIDOS, INC.",M6785425F4200,2026-02-27,24024.88,Department of Defense,Department of the Navy,DELIVERY ORDER
LMT,LOCKHEED MARTIN CORPORATION,H9225423F2729,2025-09-18,936719.0,Department of Defense,U.S. Special Operations Command,DELIVERY ORDER
LMT,LOCKHEED MARTIN CORPORATION,N0016424FW073,2026-04-15,1096656.0,Department of Defense,Department of the Navy,DELIVERY ORDER
GD,"GENERAL DYNAMICS INFORMATION TECHNOLOGY, INC.",68HERD24F0102,2025-11-17,-116382.43,Environmental Protection Agency,Environmental Protection Agency,BPA CALL
NOC,NORTHROP GRUMMAN SYSTEMS CORPORATION,FA221726FB001,2026-01-30,685155.72,Department of Defense,Department of the Air Force,DELIVERY ORDER
LMT,LOCKHEED MARTIN CORPORATION,HQ086222F0007,2025-12-15,1.55,Department of Defense,Missile Defense Agency,DELIVERY ORDER
BA,THE BOEING COMPANY,FA852619F0002,2025-08-21,-342474.43,Department of Defense,Defense Contract Management Agency,DELIVERY ORDER
BAH,BOOZ ALLEN HAMILTON INC,FA875022C1518,2025-12-18,102000.0,Department of Defense,Department of the Air Force,DEFINITIVE CONTRACT
LMT,LOCKHEED MARTIN CORPORATION,N0001920C0032,2026-03-27,104805.0,Department of Defense,Department of the Navy,DEFINITIVE CONTRACT
CACI,"CACI TECHNOLOGIES, LLC",W56KGU23F0014,2026-01-02,632416.0,Department of Defense,Department of the Army,DELIVERY ORDER
GD,"GENERAL DYNAMICS INFORMATION TECHNOLOGY, INC.",75N98026F00001,2026-08-06,6040464.0,Department of Health and Human Services,National Institutes of Health,BPA CALL
LDOS,"LEIDOS, INC.",47QFCA22F0051,2026-03-04,65930731.0,General Services Administration,Federal Acquisition Service,DELIVERY ORDER
CACI,"CACI, LLC - COMMERCIAL",15JPSS23F00000249,2026-03-30,85324.28,Department of Justice,"Offices, Boards and Divisions",DELIVERY ORDER
LDOS,"LEIDOS, INC.",N0003925F7470,2025-09-26,737083.24,Department of Defense,Department of the Navy,DELIVERY ORDER
BAH,BOOZ ALLEN HAMILTON INC,47QFCA23F0014,2026-07-22,-1484609.0,General Services Administration,Federal Acquisition Service,DELIVERY ORDER
LMT,LOCKHEED MARTIN CORPORATION,FA861520F0001,2026-01-07,179906.48,Department of Defense,Department of the Air Force,DELIVERY ORDER
GD,"GENERAL DYNAMICS INFORMATION TECHNOLOGY, INC.",68HERD24F0089,2025-09-25,470000.0,Environmental Protection Agency,Environmental Protection Agency,BPA CALL
GD,"GENERAL DYNAMICS MISSION SYSTEMS, INC.",N0003024C1005,2025-12-12,42888453.0,Department of Defense,Department of the Navy,DEFINITIVE CONTRACT
LDOS,"LEIDOS, INC.",HDTRA123F0030,2025-11-26,1734344.0,Department of Defense,Defense Threat Reduction Agency,DELIVERY ORDER
NOC,NORTHROP GRUMMAN SYSTEMS CORPORATION,N0001922C0042,2026-03-27,96129279.29,Department of Defense,Department of the Navy,DEFINITIVE CONTRACT
GE,GENERAL ELECTRIC COMPANY,FA862626FB004,2026-03-18,2211982.62,Department of Defense,Department of the Air Force,DELIVERY ORDER
CACI,"CACI, INC. - FEDERAL",47QFCA25F0014,2026-07-14,7108093.0,General Services Administration,Federal Acquisition Service,DELIVERY ORDER
BA,THE BOEING COMPANY,N0001923F0685,2026-02-24,100000.0,Department of Defense,Department of the Navy,DELIVERY ORDER
NOC,NORTHROP GRUMMAN SYSTEMS CORPORATION,N0001921F0362,2026-01-27,439823.85,Department of Defense,Department of the Navy,DELIVERY ORDER
BAH,BOOZ ALLEN HAMILTON INC,47QFCA22F0047,2025-12-12,6929654.0,General Services Administration,Federal Acquisition Service,DELIVERY ORDER
BAH,BOOZ ALLEN HAMILTON INC,20340920C00001,2025-11-26,115659.2,Department of the Treasury,Bureau of the Fiscal Service,DEFINITIVE CONTRACT
BAH,BOOZ ALLEN HAMILTON INC,HC102820F6102,2026-01-15,1844927.66,Department of Defense,Defense Information Systems Agency,DELIVERY ORDER
BAH,BOOZ ALLEN HAMILTON INC,N0003925F3002,2025-09-06,737300.0,Department of Defense,Department of the Navy,DELIVERY ORDER
BA,THE BOEING COMPANY,FA862820C2269,2025-09-11,-240000.0,Department of Defense,Department of the Air Force,DEFINITIVE CONTRACT
LDOS,"LEIDOS, INC.",W56KGY25F0109,2026-03-23,1369077.33,Department of Defense,Department of the Army,DELIVERY ORDER
LMT,LOCKHEED MARTIN CORPORATION,HQ085224F0006,2025-12-03,10255034.0,Department of Defense,Missile Defense Agency,DELIVERY ORDER
LMT,LOCKHEED MARTIN CORPORATION,H9225426FE012,2025-12-19,1850000.0,Department of Defense,U.S. Special Operations Command,DELIVERY ORDER
LMT,LOCKHEED MARTIN CORPORATION,W31P4Q26C0013,2026-04-09,264960000.0,Department of Defense,Department of the Army,DEFINITIVE CONTRACT
LMT,LOCKHEED MARTIN CORP,FA882325FB001,2026-05-06,451585.0,Department of Defense,Department of the Air Force,DELIVERY ORDER
BAH,BOOZ ALLEN HAMILTON INC,140D0423F1046,2025-12-17,-48133.25,Department of the Interior,Departmental Offices,DELIVERY ORDER
GD,"GENERAL DYNAMICS INFORMATION TECHNOLOGY, INC.",HC101322F0007,2026-03-13,20120.71,Department of Defense,Defense Information Systems Agency,BPA CALL
BAH,BOOZ ALLEN HAMILTON INC,47QFWA20F0018,2026-06-23,-2274399.68,General Services Administration,Federal Acquisition Service,DELIVERY ORDER
LMT,LOCKHEED MARTIN CORPORATION,N0038323FP700,2026-04-20,54455.05,Department of Defense,Department of the Navy,DELIVERY ORDER
GD,"GENERAL DYNAMICS MISSION SYSTEMS, INC.",N0002421C6425,2025-10-21,3341583.0,Department of Defense,Department of the Navy,DEFINITIVE CONTRACT
CACI,"CACI, INC. - FEDERAL",M6785424F7600,2025-09-03,781743.0,Department of Defense,Department of the Navy,DELIVERY ORDER
BA,THE BOEING COMPANY,FA863422C2705,2025-09-11,18294156.0,Department of Defense,Department of the Air Force,DEFINITIVE CONTRACT
LDOS,"LEIDOS, INC.",SP470925F0057,2026-01-13,633562.48,Department of Defense,Defense Logistics Agency,DELIVERY ORDER
CACI,"CACI TECHNOLOGIES, LLC",W56KGU25F0020,2026-01-29,279530.56,Department of Defense,Department of the Army,DELIVERY ORDER
BAH,BOOZ ALLEN HAMILTON INC,FA807523F0041,2025-12-18,-3929.33,Department of Defense,Department of the Air Force,DELIVERY ORDER
LMT,LOCKHEED MARTIN CORPORATION,H9225425FE020,2026-01-12,91975.0,Department of Defense,U.S. Special Operations Command,DELIVERY ORDER
CACI,"CACI, INC. - FEDERAL",FA807524F0015,2026-01-23,498007.97,Department of Defense,Department of the Air Force,DELIVERY ORDER
LDOS,"LEIDOS, INC.",N0002423F6313,2026-04-15,3000000.0,Department of Defense,Department of the Navy,DELIVERY ORDER
BAH,BOOZ ALLEN HAMILTON INC,47QFCA23F0014,2026-01-29,929448.0,General Services Administration,Federal Acquisition Service,DELIVERY ORDER
BAH,BOOZ ALLEN HAMILTON INC,80JSC025FA065,2025-12-17,139517.0,National Aeronautics and Space Administration,National Aeronautics and Space Administration,BPA CALL
GE,GENERAL ELECTRIC COMPANY,N0042125F0022,2025-11-25,350000.0,Department of Defense,Department of the Navy,DELIVERY ORDER
LMT,LOCKHEED MARTIN CORPORATION,FA820526FB005,2026-04-28,3178322.12,Department of Defense,Department of the Air Force,DELIVERY ORDER
LMT,LOCKHEED MARTIN CORPORATION,N0001424C1102,2026-01-06,1500000.0,Department of Defense,Department of the Navy,DEFINITIVE CONTRACT
GE,GENERAL ELECTRIC COMPANY,SPRTA126F0191,2026-05-05,2216011.36,Department of Defense,Defense Logistics Agency,DELIVERY ORDER
BA,THE BOEING COMPANY,N0001926F0178,2026-03-12,1987052.17,Department of Defense,Department of the Navy,DELIVERY ORDER
HII,HUNTINGTON INGALLS INC,N0002420C2109,2026-02-25,-1741996.0,Department of Defense,Department of the Navy,DEFINITIVE CONTRACT
BAH,BOOZ ALLEN HAMILTON INC,FA807524F0006,2026-01-21,4000000.0,Department of Defense,Department of the Air Force,DELIVERY ORDER
LMT,"LOCKHEED MARTIN LOGISTIC SERVICES, INC.",N0042126F0011,2026-04-06,5076840.08,Department of Defense,Department of the Navy,DELIVERY ORDER
BA,THE BOEING COMPANY,FA821319F1002,2026-03-23,-3386583.14,Department of Defense,Defense Contract Management Agency,DELIVERY ORDER
LMT,LOCKHEED MARTIN CORPORATION,H9225424F2821,2025-12-29,55072.0,Department of Defense,U.S. Special Operations Command,DELIVERY ORDER
GE,GENERAL ELECTRIC COMPANY,SPRTA126F0070,2025-12-16,1418122.6,Department of Defense,Defense Logistics Agency,DELIVERY ORDER
BA,THE BOEING COMPANY,N6893623F0237,2026-02-24,-1222731.31,Department of Defense,Department of the Navy,DELIVERY ORDER
LMT,LOCKHEED MARTIN CORPORATION,H9225424F2788,2025-08-27,-184620.0,Department of Defense,U.S. Special Operations Command,DELIVERY ORDER
LMT,LOCKHEED MARTIN CORPORATION,N0002418C4208,2026-04-20,-307867.14,Department of Defense,Department of the Navy,DEFINITIVE CONTRACT
ACN,ACCENTURE FEDERAL SERVICES LLC,FA701423F0115,2025-09-05,70000.0,Department of Defense,Department of the Air Force,DELIVERY ORDER
BAH,BOOZ ALLEN HAMILTON INC,FA807522F0060,2026-03-31,1282964.0,Department of Defense,Department of the Air Force,DELIVERY ORDER
BAH,BOOZ ALLEN HAMILTON INC,80JSC024FA100,2025-09-12,690166.0,National Aeronautics and Space Administration,National Aeronautics and Space Administration,BPA CALL
BAH,BOOZ ALLEN HAMILTON INC,47QFLA21F0126,2025-10-20,-20187.94,General Services Administration,Federal Acquisition Service,DELIVERY ORDER
BA,THE BOEING COMPANY,FA813425F4202,2025-08-29,443758.1,Department of Defense,Department of the Air Force,DELIVERY ORDER
CACI,"CACI, INC. - FEDERAL",W519TC23F0281,2025-12-15,3300000.0,Department of Defense,Department of the Army,DELIVERY ORDER
CACI,"CACI TECHNOLOGIES, LLC",W56KGY24F0054,2025-08-29,1542755.75,Department of Defense,Department of the Army,DELIVERY ORDER
BA,THE BOEING COMPANY,N0001925F0192,2025-12-15,1131081.0,Department of Defense,Department of the Navy,DELIVERY ORDER
GD,GENERAL DYNAMICS INFORMATION TECHNOLOGY INC.,19AQMM23F3088,2026-03-31,-936367.16,Department of State,Department of State,DELIVERY ORDER
NOC,NORTHROP GRUMMAN SYSTEMS CORPORATION,FA821323F3725,2025-08-25,-1968617.0,Department of Defense,Department of the Air Force,DELIVERY ORDER
ACN,ACCENTURE FEDERAL SERVICES LLC,12314418F0020,2026-07-24,1807968.14,Department of Agriculture,Office of the Chief Financial Officer,DELIVERY ORDER
BA,THE BOEING COMPANY,FA855724F0003,2025-09-26,7975131.37,Department of Defense,Department of the Air Force,DELIVERY ORDER
BA,THE BOEING COMPANY,693KA721C00010,2025-12-19,209480.0,Department of Transportation,Federal Aviation Administration,DEFINITIVE CONTRACT
LDOS,"LEIDOS, INC.",N0003925F7506,2025-09-23,141800.0,Department of Defense,Department of the Navy,DELIVERY ORDER
CACI,"CACI, INC. - FEDERAL",FA807524F0042,2026-03-05,391000.0,Department of Defense,Department of the Air Force,DELIVERY ORDER
CACI,"CACI TECHNOLOGIES, LLC",KX12,2025-12-05,-1240.28,Department of Defense,Department of the Army,DELIVERY ORDER
BA,THE BOEING COMPANY,HQ085424C0001,2025-12-16,-225896.0,Department of Defense,Missile Defense Agency,DEFINITIVE CONTRACT
NOC,NORTHROP GRUMMAN SYSTEMS CORPORATION,FA863825FB007,2026-01-28,69376.0,Department of Defense,Department of the Air Force,DELIVERY ORDER
GD,GENERAL DYNAMICS LAND SYSTEMS INC.,W912CH25F0351,2026-02-13,7226277.0,Department of Defense,Department of the Army,DELIVERY ORDER
ACN,ACCENTURE FEDERAL SERVICES LLC,12314418F0020,2026-08-03,912075.88,Department of Agriculture,Office of the Chief Financial Officer,DELIVERY ORDER
LMT,LOCKHEED MARTIN CORPORATION,FA820526FB002,2025-11-25,80177694.09,Department of Defense,Department of the Air Force,DELIVERY ORDER
LDOS,"LEIDOS, INC.",N6883625F7K9B,2026-02-20,363148.63,Department of Defense,Department of the Navy,DELIVERY ORDER
LMT,LOCKHEED MARTIN CORPORATION,N6893620F0631,2026-02-24,-109418.0,Department of Defense,Department of the Navy,DELIVERY ORDER
GD,"GENERAL DYNAMICS INFORMATION TECHNOLOGY, INC.",FA872625FB025,2025-09-24,450873.18,Department of Defense,Department of the Air Force,BPA CALL
BAH,BOOZ ALLEN HAMILTON INC,HC104722F0211,2025-12-22,206733.76,Department of Defense,Defense Information Systems Agency,DELIVERY ORDER
SATL,IRIDIUM SATELLITE LLC,FA254125FB021,2025-09-05,1570201.0,Department of Defense,Department of the Air Force,DELIVERY ORDER
GE,GENERAL ELECTRIC COMPANY,SPRTA124F0207,2025-11-19,-536886.84,Department of Defense,Defense Logistics Agency,DELIVERY ORDER
CACI,"CACI, LLC - COMMERCIAL",15JPSS21F00000527,2026-07-31,1391455.96,Department of Justice,"Offices, Boards and Divisions",DELIVERY ORDER
BAH,BOOZ ALLEN HAMILTON INC,N0042125F3008,2026-04-10,3228940.04,Department of Defense,Department of the Navy,DELIVERY ORDER
LMT,LOCKHEED MARTIN CORPORATION,N6833525F0259,2025-12-12,50119.4,Department of Defense,Department of the Navy,DELIVERY ORDER
NOC,NORTHROP GRUMMAN SYSTEMS CORPORATION,FA821421F0010,2025-09-02,-94635.59,Department of Defense,Defense Contract Management Agency,DELIVERY ORDER
LMT,LOCKHEED MARTIN CORPORATION,N6600125F0870,2026-04-13,1850057.0,Department of Defense,Department of the Navy,DELIVERY ORDER
BAH,BOOZ ALLEN HAMILTON INC,FA807519FA027,2026-01-14,-4636.97,Department of Defense,Department of the Air Force,DELIVERY ORDER
CACI,"CACI, INC. - FEDERAL",47QFCA19F0006,2026-05-19,9470380.46,General Services Administration,Federal Acquisition Service,DELIVERY ORDER
CACI,"CACI, INC. - FEDERAL",N0018925FZ057,2025-12-18,1605927.18,Department of Defense,Department of the Navy,DELIVERY ORDER
GD,"GENERAL DYNAMICS MISSION SYSTEMS, INC.",N0003020C0005,2026-03-31,-1485102.27,Department of Defense,Department of the Navy,DEFINITIVE CONTRACT
NOC,NORTHROP GRUMMAN SYSTEMS CORPORATION,FA238524CB003,2025-09-23,2380502.0,Department of Defense,Department of the Air Force,DEFINITIVE CONTRACT
GD,"GENERAL DYNAMICS MISSION SYSTEMS, INC.",W900KK25FA010,2026-04-02,579974.48,Department of Defense,Department of the Army,DELIVERY ORDER
LDOS,"LEIDOS, INC.",N6883625F7KPZ,2026-02-20,24529.47,Department of Defense,Department of the Navy,DELIVERY ORDER
NOC,NORTHROP GRUMMAN SYSTEMS CORPORATION,FA854023F0044,2026-04-15,11555240.1,Department of Defense,Department of the Air Force,DELIVERY ORDER
HON,HONEYWELL INTERNATIONAL INC.,N0001926F0151,2026-02-26,30807000.0,Department of Defense,Department of the Navy,DELIVERY ORDER
BAH,BOOZ ALLEN HAMILTON INC,2032H322F00090,2025-09-12,1083529.51,Department of the Treasury,Departmental Offices,BPA CALL
LDOS,"LEIDOS, INC.",70B04C26F00000246,2026-07-28,2239556.27,Department of Homeland Security,U.S. Customs and Border Protection,DELIVERY ORDER
LMT,LOCKHEED MARTIN CORPORATION,FA861122F0027,2026-01-30,2000008.0,Department of Defense,Department of the Air Force,DELIVERY ORDER
ACN,ACCENTURE FEDERAL SERVICES LLC,19AQMM23F3427,2026-02-17,1676127.3,Department of State,Department of State,BPA CALL
ACN,ACCENTURE FEDERAL SERVICES LLC,1331L520C13OS0005,2026-02-27,2563000.0,Department of Commerce,Office of the Secretary,DEFINITIVE CONTRACT
BAH,BOOZ ALLEN HAMILTON INC,47QFCA23F0058,2025-12-18,-302555.31,General Services Administration,Federal Acquisition Service,DELIVERY ORDER
CACI,"CACI, INC. - FEDERAL",FA862021C4018,2025-12-05,300000.0,Department of Defense,Department of the Air Force,DEFINITIVE CONTRACT
BA,THE BOEING COMPANY,FA813825F1010,2025-12-18,632972.0,Department of Defense,Department of the Air Force,DELIVERY ORDER
LMT,LOCKHEED MARTIN CORPORATION,HQ085126FE002,2026-05-06,1517354.64,Department of Defense,Missile Defense Agency,DELIVERY ORDER
CACI,"CACI, INC. - FEDERAL",47QFMA19F0013,2025-12-09,-127145.31,General Services Administration,Federal Acquisition Service,DELIVERY ORDER
GE,GENERAL ELECTRIC COMPANY,SPRTA119F0447,2026-02-26,-3068471.84,Department of Defense,Defense Logistics Agency,DELIVERY ORDER
BAH,BOOZ ALLEN HAMILTON INC,80JSC025FA169,2026-02-23,818611.0,National Aeronautics and Space Administration,National Aeronautics and Space Administration,BPA CALL
LDOS,LEIDOS BIOMEDICAL RESEARCH INC,75N91019F00134,2026-01-07,300000.0,Department of Health and Human Services,National Institutes of Health,DELIVERY ORDER
KTOS,"KRATOS SRE, INC.",N0017823C2405,2025-08-14,153600.0,Department of Defense,Department of the Navy,DEFINITIVE CONTRACT
GD,"GENERAL DYNAMICS INFORMATION TECHNOLOGY, INC.",70RDA126FR0000001,2025-11-05,7393639.05,Department of Homeland Security,Office of Procurement Operations,DELIVERY ORDER
PSN,PARSONS GOVERNMENT SERVICES INTERNATIONAL INC.,HDTRA124F0038,2025-08-28,1038232.72,Department of Defense,Defense Threat Reduction Agency,DELIVERY ORDER
NOC,NORTHROP GRUMMAN SYSTEMS CORPORATION,FA881925CB002,2026-01-09,2579810.0,Department of Defense,Department of the Air Force,DEFINITIVE CONTRACT
LMT,LOCKHEED MARTIN CORPORATION,H9225421F2482,2025-11-06,1164822.0,Department of Defense,U.S. Special Operations Command,DELIVERY ORDER
BA,THE BOEING COMPANY,W58RGZ20F0160,2025-09-22,-8555030.67,Department of Defense,Department of the Army,DELIVERY ORDER
CACI,"CACI, INC. - FEDERAL",70FA5026C00000003,2026-06-18,3099514.72,Department of Homeland Security,Federal Emergency Management Agency,DEFINITIVE CONTRACT
GD,"GENERAL DYNAMICS INFORMATION TECHNOLOGY, INC.",75D30124F19586,2026-05-27,4791807.83,Department of Health and Human Services,Centers for Disease Control and Prevention,DELIVERY ORDER
BAH,BOOZ ALLEN HAMILTON INC,47QFPA22F0004,2025-09-16,3285024.15,General Services Administration,Federal Acquisition Service,DELIVERY ORDER
LMT,LOCKHEED MARTIN CORPORATION,FA823225CB001,2026-03-04,53357.0,Department of Defense,Department of the Air Force,DEFINITIVE CONTRACT
ACN,ACCENTURE FEDERAL SERVICES LLC,FA714625F0032,2025-12-16,9289800.31,Department of Defense,Department of the Air Force,DELIVERY ORDER
CACI,"CACI, LLC - COMMERCIAL",15JPSS21F00000575,2025-09-08,736041.03,Department of Justice,"Offices, Boards and Divisions",DELIVERY ORDER
LDOS,"LEIDOS, INC.",89243318CFE000003,2025-09-04,848515.0,Department of Energy,Department of Energy,DEFINITIVE CONTRACT
LDOS,"LEIDOS, INC.",N6883625F7KVT,2025-12-18,531.58,Department of Defense,Department of the Navy,DELIVERY ORDER
CACI,"CACI, INC. - FEDERAL",70FA5020C00000003,2026-07-30,-0.99,Department of Homeland Security,Federal Emergency Management Agency,DEFINITIVE CONTRACT
BA,THE BOEING COMPANY,FA942224F0005,2026-01-28,200000.0,Department of Defense,Department of the Air Force,DELIVERY ORDER
LDOS,"LEIDOS, INC.",15JPSS23F00000453,2026-05-21,-10000.0,Department of Justice,"Offices, Boards and Divisions",DELIVERY ORDER
TXT,BELL TEXTRON INC,W58RGZ23C0001,2026-03-26,-366958.14,Department of Defense,Department of the Army,DEFINITIVE CONTRACT
BA,THE BOEING COMPANY,FA863423F0400,2025-08-20,11717000.0,Department of Defense,Department of the Air Force,DELIVERY ORDER
LMT,LOCKHEED MARTIN CORPORATION,HQ014717C0032,2026-02-06,-117.0,Department of Defense,Missile Defense Agency,DEFINITIVE CONTRACT
BAH,BOOZ ALLEN HAMILTON INC,N0017818F3006,2025-08-20,-4041.27,Department of Defense,Department of the Navy,DELIVERY ORDER
GD,"GENERAL DYNAMICS INFORMATION TECHNOLOGY, INC.",47QFSA24F0011,2025-12-09,300000.0,General Services Administration,Federal Acquisition Service,DELIVERY ORDER
BA,THE BOEING COMPANY,FA813426FB039,2026-04-16,1170513.0,Department of Defense,Department of the Air Force,DELIVERY ORDER
CACI,"CACI, INC. - FEDERAL",N0042122C0025,2025-09-26,721042.96,Department of Defense,Department of the Navy,DEFINITIVE CONTRACT
ACN,ACCENTURE FEDERAL SERVICES LLC,89303024FIM000140,2025-09-11,2560309.53,Department of Energy,Department of Energy,BPA CALL
GD,"GENERAL DYNAMICS OTS (WILKES BARRE), LLC",W15QKN26F0154,2026-04-13,19650397.44,Department of Defense,Department of the Army,DELIVERY ORDER
HON,HONEYWELL INTERNATIONAL INC.,W56HZV23F0463,2026-04-10,-1789.42,Department of Defense,Department of the Army,DELIVERY ORDER
LMT,LOCKHEED MARTIN CORPORATION,HQ014717C0032,2026-03-09,-4764999.99,Department of Defense,Missile Defense Agency,DEFINITIVE CONTRACT
LMT,LOCKHEED MARTIN CORP,FA855323F0016,2026-04-02,-5107011.1,Department of Defense,Department of the Air Force,DELIVERY ORDER
LMT,LOCKHEED MARTIN CORPORATION,N6339425C0005,2026-03-24,1079170.6,Department of Defense,Department of the Navy,DEFINITIVE CONTRACT
BAH,BOOZ ALLEN HAMILTON INC,47QFCA24F0026,2026-04-29,47377895.0,General Services Administration,Federal Acquisition Service,DELIVERY ORDER
GD,"GENERAL DYNAMICS INFORMATION TECHNOLOGY, INC.",140D0425F0827,2026-03-27,6400664.36,Department of the Interior,Departmental Offices,DELIVERY ORDER
BAH,BOOZ ALLEN HAMILTON INC,N6600123F0495,2026-03-05,139120.0,Department of Defense,Department of the Navy,DELIVERY ORDER
CACI,"CACI, INC. - FEDERAL",HDTRA123C0004,2025-11-19,1600000.0,Department of Defense,Defense Threat Reduction Agency,DEFINITIVE CONTRACT
HII,HUNTINGTON INGALLS INCORPORATED,N0002418C2307,2025-11-25,18954.0,Department of Defense,Department of the Navy,DEFINITIVE CONTRACT
ACN,ACCENTURE FEDERAL SERVICES LLC,89243423FEE000249,2025-12-23,120000.0,Department of Energy,Department of Energy,BPA CALL
BAH,BOOZ ALLEN HAMILTON INC,HC102825F0166,2026-02-06,317195.56,Department of Defense,Defense Information Systems Agency,BPA CALL
ACN,ACCENTURE FEDERAL SERVICES LLC,2032H522F00071,2026-03-11,1538352.62,Department of the Treasury,Internal Revenue Service,DELIVERY ORDER
BAH,BOOZ ALLEN HAMILTON INC,FA830723FB043,2025-11-16,100000.0,Department of Defense,Department of the Air Force,DELIVERY ORDER
ACN,ACCENTURE FEDERAL SERVICES LLC,89303023FSE000001,2025-08-19,-1069277.58,Department of Energy,Department of Energy,BPA CALL
BA,BELL BOEING JOINT PROJECT OFFICE,N0001919F2415,2026-02-04,6703.0,Department of Defense,Department of the Navy,DELIVERY ORDER
LMT,LOCKHEED MARTIN CORPORATION,H9225425F2877,2025-09-12,303365.0,Department of Defense,U.S. Special Operations Command,DELIVERY ORDER
LMT,LOCKHEED MARTIN CORPORATION,FA861123F0010,2026-03-02,5161860.5,Department of Defense,Department of the Air Force,DELIVERY ORDER
LDOS,LEIDOS BIOMEDICAL RESEARCH INC,75N91021F00010,2025-08-12,-300825.0,Department of Health and Human Services,National Institutes of Health,DELIVERY ORDER
ACN,ACCENTURE FEDERAL SERVICES LLC,FA830725FB032,2026-03-17,2500000.0,Department of Defense,Department of the Air Force,DELIVERY ORDER
IBM,INTERNATIONAL BUSINESS MACHINES CORPORATION,N0003921F3007,2025-12-16,12398190.64,Department of Defense,Department of the Navy,DELIVERY ORDER
GD,GENERAL DYNAMICS LAND SYSTEMS INC.,W912CH24F0001,2025-09-18,-7061090.6,Department of Defense,Department of the Army,DELIVERY ORDER
LMT,LOCKHEED MARTIN CORPORATION,N0003920C0003,2026-05-11,-27626.0,Department of Defense,Defense Contract Management Agency,DEFINITIVE CONTRACT
LMT,LOCKHEED MARTIN CORPORATION,FA823224F0041,2026-03-12,739492.88,Department of Defense,Department of the Air Force,DELIVERY ORDER
CACI,"CACI, INC. - FEDERAL",FA701425F0001,2025-12-05,6202031.32,Department of Defense,Department of the Air Force,DELIVERY ORDER
LMT,LOCKHEED MARTIN CORPORATION,N0001921F0316,2026-01-29,44231.0,Department of Defense,Department of the Navy,DELIVERY ORDER
NOC,NORTHROP GRUMMAN SYSTEMS CORPORATION,0041,2025-09-29,-346819.89,Department of Defense,Department of the Navy,DELIVERY ORDER
LDOS,"LEIDOS, INC.",FA865022F1047,2026-01-08,47606.0,Department of Defense,Department of the Air Force,DELIVERY ORDER
LDOS,"LEIDOS, INC.",N0003923F9501,2026-01-15,62165.0,Department of Defense,Department of the Navy,DELIVERY ORDER
GD,"GENERAL DYNAMICS GLOBAL FORCE, LLC",W15P7T22F0052,2026-05-05,257250.0,Department of Defense,Department of the Army,DELIVERY ORDER
LDOS,LEIDOS BIOMEDICAL RESEARCH INC,75N91023F00023,2025-09-16,361328.0,Department of Health and Human Services,National Institutes of Health,DELIVERY ORDER
BAH,BOOZ ALLEN HAMILTON INC,140P2125F0071,2026-06-25,974140.91,Department of the Interior,National Park Service,DELIVERY ORDER
CACI,"CACI NSS, LLC",FA855524F0011,2025-09-12,-16648.92,Department of Defense,Department of the Air Force,DELIVERY ORDER
LMT,LOCKHEED MARTIN CORPORATION,FA873021C0022,2026-03-12,1300649.0,Department of Defense,Department of the Air Force,DEFINITIVE CONTRACT
NOC,NORTHROP GRUMMAN SYSTEMS CORPORATION,HC102822F5001,2026-04-21,408354.91,Department of Defense,Defense Information Systems Agency,DELIVERY ORDER
BA,THE BOEING COMPANY,N6893626F5001,2026-02-11,5317197.0,Department of Defense,Department of the Navy,DELIVERY ORDER
GD,GENERAL DYNAMICS LAND SYSTEMS INC.,W912CH25C0055,2025-09-04,24800000.0,Department of Defense,Department of the Army,DEFINITIVE CONTRACT
PSN,PARSONS GOVERNMENT SERVICES INC.,89233126FNA000210,2026-06-09,1370995.8,Department of Energy,Department of Energy,BPA CALL
BAH,BOOZ ALLEN HAMILTON INC,N0018925FZ295,2025-09-24,325305.64,Department of Defense,Department of the Navy,DELIVERY ORDER
LDOS,"LEIDOS, INC.",FA873021F8504,2025-09-09,2552327.38,Department of Defense,Department of the Air Force,DELIVERY ORDER
BAH,BOOZ ALLEN HAMILTON INC,75FCMC21F0068,2026-01-28,-13953.0,Department of Health and Human Services,Centers for Medicare and Medicaid Services,DELIVERY ORDER
ACN,ACCENTURE FEDERAL SERVICES LLC,89303023FIM000115,2026-02-03,400000.0,Department of Energy,Department of Energy,BPA CALL
GD,"GENERAL DYNAMICS INFORMATION TECHNOLOGY, INC.",68HERH22F0074,2026-07-17,-610246.05,Environmental Protection Agency,Environmental Protection Agency,DELIVERY ORDER
GD,"GENERAL DYNAMICS MISSION SYSTEMS, INC.",W900KK26FA013,2026-01-30,9096793.33,Department of Defense,Department of the Army,DELIVERY ORDER
BAH,BOOZ ALLEN HAMILTON INC,FA807524F0020,2026-03-10,184176.0,Department of Defense,Department of the Air Force,DELIVERY ORDER
HII,HUNTINGTON INGALLS INCORPORATED,N0002423C2324,2025-08-27,19712433.0,Department of Defense,Department of the Navy,DEFINITIVE CONTRACT
NOC,NORTHROP GRUMMAN SYSTEMS CORPORATION,FA853824F0055,2025-10-09,-435185.0,Department of Defense,Department of the Air Force,DELIVERY ORDER
EMR,"EMERSON CONSTRUCTION COMPANY, INC.",W9126G25C0010,2026-03-13,10974.46,Department of Defense,Department of the Army,DEFINITIVE CONTRACT
LMT,LOCKHEED MARTIN CORPORATION,N0003020C0101,2025-10-06,5160375.32,Department of Defense,Department of the Navy,DEFINITIVE CONTRACT
ACN,ACCENTURE FEDERAL SERVICES LLC,91003119F0003,2026-04-17,52494342.0,Department of Education,Department of Education,DELIVERY ORDER
IBM,INTERNATIONAL BUSINESS MACHINES CORPORATION,DJJ21580001,2026-02-04,-317276.36,Department of Justice,"Offices, Boards and Divisions",DELIVERY ORDER
LMT,LOCKHEED MARTIN CORPORATION,N0017322C6001,2026-04-07,1538078.0,Department of Defense,Department of the Navy,DEFINITIVE CONTRACT
NOC,NORTHROP GRUMMAN SYSTEMS CORPORATION,W58RGZ24F0065,2026-02-02,-200105.1,Department of Defense,Department of the Army,DELIVERY ORDER
GD,"GENERAL DYNAMICS MISSION SYSTEMS, INC.",70Z04421F21000700,2026-06-01,90000.0,Department of Homeland Security,U.S. Coast Guard,DELIVERY ORDER
CACI,"CACI-ISS, LLC",FA877021FB002,2025-11-13,5878037.36,Department of Defense,Department of the Air Force,DELIVERY ORDER
LMT,"LOCKHEED MARTIN GLOBAL, INC.",W31P4Q25C0018,2025-11-18,92289.05,Department of Defense,Department of the Army,DEFINITIVE CONTRACT
LMT,LOCKHEED MARTIN CORPORATION,47QFPA24F0004,2025-08-25,-57741.08,General Services Administration,Federal Acquisition Service,DELIVERY ORDER
ACN,ACCENTURE FEDERAL SERVICES LLC,SP470923F0016,2026-04-29,122441.9,Department of Defense,Defense Logistics Agency,DELIVERY ORDER
LMT,LOCKHEED MARTIN CORPORATION,N6600125F0871,2025-12-16,289864.0,Department of Defense,Department of the Navy,DELIVERY ORDER
PSN,PARSONS GOVERNMENT SERVICES INC.,1305M424F0026,2026-05-08,1000000.0,Department of Commerce,National Oceanic and Atmospheric Administration,DELIVERY ORDER
LMT,LOCKHEED MARTIN CORPORATION,FA823222F0191,2026-01-28,240110.0,Department of Defense,Department of the Air Force,DELIVERY ORDER
LMT,LOCKHEED MARTIN CORPORATION,N6339425C0005,2026-01-16,3531856.52,Department of Defense,Department of the Navy,DEFINITIVE CONTRACT
ACN,ACCENTURE FEDERAL SERVICES LLC,9523ZY23C0016,2026-06-03,-44526.84,Commodity Futures Trading Commission,Commodity Futures Trading Commission,DEFINITIVE CONTRACT
LDOS,"LEIDOS, INC.",FA807524F0036,2026-01-30,900000.0,Department of Defense,Department of the Air Force,DELIVERY ORDER
BA,THE BOEING COMPANY,FA865618F1001,2025-09-30,1130663.7,Department of Defense,Department of the Air Force,DELIVERY ORDER
LDOS,"LEIDOS, INC.",N0003925F7452,2025-10-31,118517.57,Department of Defense,Department of the Navy,DELIVERY ORDER
CACI,"CACI, INC. - FEDERAL",FA807524F0060,2026-04-14,1729774.0,Department of Defense,Department of the Air Force,DELIVERY ORDER
LDOS,"LEIDOS, INC.",N0003925F7470,2025-11-26,1474166.48,Department of Defense,Department of the Navy,DELIVERY ORDER
LDOS,"LEIDOS, INC.",M6785426F4201,2026-04-02,23076074.38,Department of Defense,Department of the Navy,DELIVERY ORDER
LDOS,LEIDOS BIOMEDICAL RESEARCH INC,75N91025F00014,2025-08-27,6279682.0,Department of Health and Human Services,National Institutes of Health,DELIVERY ORDER
GD,"GENERAL DYNAMICS INFORMATION TECHNOLOGY, INC.",693KA724F00017,2026-03-09,427412.0,Department of Transportation,Federal Aviation Administration,DELIVERY ORDER
GD,"GENERAL DYNAMICS INFORMATION TECHNOLOGY, INC.",70SBUR25F00000086,2026-03-16,69207.98,Department of Homeland Security,U.S. Citizenship and Immigration Services,DELIVERY ORDER
LMT,LOCKHEED MARTIN CORPORATION,W56KGY23F0030,2025-09-05,87.09,Department of Defense,Department of the Army,DELIVERY ORDER
GD,"GENERAL DYNAMICS INFORMATION TECHNOLOGY, INC.",693KA724F00020,2026-08-04,-5270.74,Department of Transportation,Federal Aviation Administration,DELIVERY ORDER
BAH,BOOZ ALLEN HAMILTON INC,N6523622F3007,2025-09-10,-41774.08,Department of Defense,Department of the Navy,DELIVERY ORDER
BAH,BOOZ ALLEN HAMILTON INC,FA807520F0053,2026-02-11,-152369.99,Department of Defense,Department of the Air Force,DELIVERY ORDER
BAH,BOOZ ALLEN HAMILTON INC,FA807524F0010,2026-01-21,-1976.42,Department of Defense,Department of the Air Force,DELIVERY ORDER
BA,THE BOEING COMPANY,FA863426CB002,2026-01-29,564000000.0,Department of Defense,Department of the Air Force,DEFINITIVE CONTRACT
BA,THE BOEING COMPANY,FA863418C2698,2025-09-29,10013266.0,Department of Defense,Department of the Air Force,DEFINITIVE CONTRACT
ACN,ACCENTURE FEDERAL SERVICES LLC,28321326C00060006,2026-07-31,926320.88,Social Security Administration,Social Security Administration,DEFINITIVE CONTRACT
TXT,BELL TEXTRON INC,W58RGZ21F0166,2025-09-30,-33070.0,Department of Defense,Department of the Army,DELIVERY ORDER
NOC,NORTHROP GRUMMAN SYSTEMS CORPORATION,N0001926F0092,2026-01-26,2724816.62,Department of Defense,Department of the Navy,DELIVERY ORDER
GD,"GENERAL DYNAMICS INFORMATION TECHNOLOGY, INC.",HT942525CE046,2025-10-24,94762.97,Department of Defense,Defense Health Agency,DEFINITIVE CONTRACT
BAH,BOOZ ALLEN HAMILTON INC,FA875022C1518,2026-01-13,102000.0,Department of Defense,Department of the Air Force,DEFINITIVE CONTRACT
PSN,PARSONS GOVERNMENT SERVICES INTERNATIONAL INC.,89233125FNA400705,2025-09-30,212285.19,Department of Energy,Department of Energy,DELIVERY ORDER
LMT,LOCKHEED MARTIN CORP,FA821924C0001,2025-10-23,13156000.0,Department of Defense,Department of the Air Force,DEFINITIVE CONTRACT
ACN,ACCENTURE FEDERAL SERVICES LLC,19AQMM24F1069,2025-09-30,1990620.94,Department of State,Department of State,DELIVERY ORDER
BA,THE BOEING COMPANY,FA863422F0044,2026-03-26,235080.0,Department of Defense,Department of the Air Force,DELIVERY ORDER
LDOS,"LEIDOS, INC.",N0003925F7470,2026-02-26,737083.24,Department of Defense,Department of the Navy,DELIVERY ORDER
LMT,LOCKHEED MARTIN CORPORATION,H9225425FE021,2025-09-15,1462856.46,Department of Defense,U.S. Special Operations Command,DELIVERY ORDER
LMT,LOCKHEED MARTIN CORP,N0001924C0004,2026-03-18,224500.9,Department of Defense,Department of the Navy,DEFINITIVE CONTRACT
NOC,NORTHROP GRUMMAN SYSTEMS CORP,FA811020F0013,2025-08-26,-49227.0,Department of Defense,Department of the Air Force,DELIVERY ORDER
GD,"GENERAL DYNAMICS MISSION SYSTEMS, INC.",N6134023C0007,2026-03-17,2372646.0,Department of Defense,Department of the Navy,DEFINITIVE CONTRACT
GD,"GENERAL DYNAMICS INFORMATION TECHNOLOGY, INC.",140D0425F0725,2025-12-22,2496013.08,Department of the Interior,Departmental Offices,DELIVERY ORDER
ACN,ACCENTURE FEDERAL SERVICES LLC,89303019FIM000025,2025-10-28,-1407.1,Department of Energy,Department of Energy,BPA CALL
CACI,"CACI, INC. - FEDERAL",80TECH24CA002,2026-04-23,12285735.18,National Aeronautics and Space Administration,National Aeronautics and Space Administration,DEFINITIVE CONTRACT
BAH,BOOZ ALLEN HAMILTON INC,80HQTR25FA046,2025-12-30,800026.0,National Aeronautics and Space Administration,National Aeronautics and Space Administration,BPA CALL
BA,THE BOEING COMPANY,N0038323FUQ0C,2025-11-05,0.01,Department of Defense,Department of the Navy,DELIVERY ORDER
NOC,NORTHROP GRUMMAN SYSTEMS CORPORATION,N6893620F0443,2026-04-23,-18980.78,Department of Defense,Department of the Navy,DELIVERY ORDER
LMT,LOCKHEED MARTIN CORPORATION,N0001925F0281,2026-01-29,3589905.0,Department of Defense,Department of the Navy,DELIVERY ORDER
BAH,BOOZ ALLEN HAMILTON INC,70RCSA20FR0000085,2025-09-15,-133900.61,Department of Homeland Security,Office of Procurement Operations,DELIVERY ORDER
ETN,EATON AEROSPACE LLC,N0038324FSL05,2025-08-28,-34214.0,Department of Defense,Department of the Navy,DELIVERY ORDER
SPIR,"CORESPHERE, LLC",1605TA22F00120,2025-09-03,235470.0,Department of Labor,Office of the Assistant Secretary for Administration and Management,DELIVERY ORDER
HON,HONEYWELL INTERNATIONAL INC.,W912CH25F0200,2025-12-22,1161577.01,Department of Defense,Department of the Army,DELIVERY ORDER
ACN,ACCENTURE FEDERAL SERVICES LLC,2032H822F00118,2026-07-31,4497855.45,Department of the Treasury,Internal Revenue Service,DELIVERY ORDER
LMT,LOCKHEED MARTIN CORPORATION,H9225426FE055,2026-03-19,2303028.0,Department of Defense,U.S. Special Operations Command,DELIVERY ORDER
GD,"GENERAL DYNAMICS INFORMATION TECHNOLOGY, INC.",70B05C26F00000057,2025-12-19,2343489.97,Department of Homeland Security,U.S. Customs and Border Protection,DELIVERY ORDER
BAH,BOOZ ALLEN HAMILTON INC,15DDHQ23F00001006,2026-02-09,360000.0,Department of Justice,Drug Enforcement Administration,BPA CALL
NOC,NORTHROP GRUMMAN SYSTEMS CORPORATION,0005,2026-01-06,163936.99,Department of Defense,Department of the Navy,DELIVERY ORDER
LDOS,"LEIDOS, INC.",70T04018F5DAP4086,2025-09-16,-1614526.17,Department of Homeland Security,Transportation Security Administration,DELIVERY ORDER
CACI,"CACI, INC. - FEDERAL",47QFMA24F0014,2025-09-30,11020.0,General Services Administration,Federal Acquisition Service,DELIVERY ORDER
BAH,BOOZ ALLEN HAMILTON INC,N0018920F3058,2026-02-20,2563850.64,Department of Defense,Department of the Navy,DELIVERY ORDER
HII,HUNTINGTON INGALLS INC,N0002421F6101,2026-02-04,2534171.0,Department of Defense,Department of the Navy,DELIVERY ORDER
ONDS,"CONDOR RELIABILITY SERVICES, INC.",6973GH26F00981,2026-07-07,3198973.06,Department of Transportation,Federal Aviation Administration,DELIVERY ORDER
GD,"GENERAL DYNAMICS INFORMATION TECHNOLOGY, INC.",1333BJ18F00280067,2026-07-09,-2198.17,Department of Commerce,U.S. Patent and Trademark Office,DELIVERY ORDER
GD,"GENERAL DYNAMICS INFORMATION TECHNOLOGY, INC.",DTFAWA10D00003CALL0004,2026-03-13,1999782.4,Department of Transportation,Federal Aviation Administration,DELIVERY ORDER
GD,"GENERAL DYNAMICS INFORMATION TECHNOLOGY, INC.",47QFSA26F0013,2026-04-28,1113279.34,General Services Administration,Federal Acquisition Service,BPA CALL
LMT,LOCKHEED MARTIN CORPORATION,W31P4Q23F0006,2025-09-17,2869908.23,Department of Defense,Department of the Army,DELIVERY ORDER
BA,THE BOEING COMPANY,FA863422F0035,2025-09-30,110029.17,Department of Defense,Department of the Air Force,DELIVERY ORDER
LDOS,"LEIDOS, INC.",HC102826F0010,2026-04-30,15941881.86,Department of Defense,Defense Information Systems Agency,DELIVERY ORDER
CACI,"CACI NSS, LLC",70RTAC26FC0000008,2026-08-05,1267120.0,Department of Homeland Security,Office of Procurement Operations,BPA CALL
NOC,NORTHROP GRUMMAN SYSTEMS CORPORATION,N0038326FBK00,2025-10-23,1106715.9,Department of Defense,Department of the Navy,DELIVERY ORDER
BA,THE BOEING COMPANY,FA862823F1001,2026-03-30,1000000.0,Department of Defense,Department of the Air Force,DELIVERY ORDER
CACI,"CACI, LLC - COMMERCIAL",DJJ24390172,2026-07-02,-53106.18,Department of Justice,"Offices, Boards and Divisions",DELIVERY ORDER
BAH,BOOZ ALLEN HAMILTON INC,HC104725F0003,2026-02-05,272017.28,Department of Defense,Defense Information Systems Agency,DELIVERY ORDER
NOC,NORTHROP GRUMMAN SYSTEMS CORPORATION,W519TC24F0158,2025-09-02,-12368309.76,Department of Defense,Department of the Army,DELIVERY ORDER
BAH,BOOZ ALLEN HAMILTON INC,75F40125F19005,2026-05-28,686864.85,Department of Health and Human Services,Office of the Assistant Secretary for Financial Resources,BPA CALL
BA,THE BOEING COMPANY,HQ085623F0006,2025-10-22,1420662.34,Department of Defense,Missile Defense Agency,DELIVERY ORDER
BAH,BOOZ ALLEN HAMILTON INC,N0003922F3000,2026-03-26,10602612.46,Department of Defense,Department of the Navy,DELIVERY ORDER
GE,GENERAL ELECTRIC COMPANY,FA812223F0003,2025-09-17,2181915.05,Department of Defense,Department of the Air Force,DELIVERY ORDER
TXT,TEXTRON AVIATION DEFENSE LLC,FA810625F0029,2025-08-28,2818728.37,Department of Defense,Department of the Air Force,DELIVERY ORDER
BAH,BOOZ ALLEN HAMILTON INC,FA807518F1487,2025-12-18,-3729.65,Department of Defense,Department of the Air Force,DELIVERY ORDER
GD,GENERAL DYNAMICS ONE SOURCE LLC,W5J9CQ23F0019,2025-12-12,-266008.62,Department of Defense,Department of the Army,DELIVERY ORDER
CACI,"CACI, INC. - FEDERAL",FA807522F0030,2026-05-11,432001.23,Department of Defense,Department of the Air Force,DELIVERY ORDER
PLTR,PALANTIR USG INC,FA714625C0037,2026-01-30,2000000.0,Department of Defense,Department of the Air Force,DEFINITIVE CONTRACT
LDOS,"LEIDOS, INC.",FA807525F0032,2026-01-29,1200000.0,Department of Defense,Department of the Air Force,DELIVERY ORDER
IBM,INTERNATIONAL BUSINESS MACHINES CORPORATION,W91CRB22F0383,2026-01-28,320000.0,Department of Defense,Department of the Army,DELIVERY ORDER
BA,THE BOEING COMPANY,TH05,2025-09-03,-278125.0,Department of Defense,Defense Logistics Agency,DELIVERY ORDER
NOC,NORTHROP GRUMMAN SYSTEMS CORPORATION,HQ085625FE001,2025-11-26,119842289.13,Department of Defense,Missile Defense Agency,DELIVERY ORDER
BAH,BOOZ ALLEN HAMILTON INC,47QFRA24F0006,2025-09-24,13962111.67,General Services Administration,Federal Acquisition Service,DELIVERY ORDER
TXT,TEXTRON SYSTEMS CORPORATION,N0002425C6309,2025-09-30,5418498.01,Department of Defense,Department of the Navy,DEFINITIVE CONTRACT
BA,THE BOEING COMPANY,FA945125CX002,2026-02-10,88389.61,Department of Defense,Department of the Air Force,DEFINITIVE CONTRACT
LMT,LOCKHEED MARTIN CORPORATION,H9225420F2388,2025-09-23,-109418.48,Department of Defense,U.S. Special Operations Command,DELIVERY ORDER
GE,GENERAL ELECTRIC COMPANY,FA862622C0002,2026-03-03,-388710.0,Department of Defense,Defense Contract Management Agency,DEFINITIVE CONTRACT
LMT,LOCKHEED MARTIN CORPORATION,FA251824C0002,2026-04-01,6905507.01,Department of Defense,Department of the Air Force,DEFINITIVE CONTRACT
BAH,BOOZ ALLEN HAMILTON INC,47QFCA23F0058,2026-07-09,16614615.31,General Services Administration,Federal Acquisition Service,DELIVERY ORDER
NOC,NORTHROP GRUMMAN SYSTEMS CORPORATION,HQ014711C0006,2026-01-20,300589.92,Department of Defense,Missile Defense Agency,DEFINITIVE CONTRACT
GD,GENERAL DYNAMICS LAND SYSTEMS INC.,W912CH24F0010,2025-08-20,3081094.0,Department of Defense,Department of the Army,DELIVERY ORDER
HII,HUNTINGTON INGALLS INCORPORATED,N0002425C4229,2025-10-02,12814.0,Department of Defense,Department of the Navy,DEFINITIVE CONTRACT
GD,"GENERAL DYNAMICS INFORMATION TECHNOLOGY, INC.",70SBUR21F00000152,2026-05-07,-576425.95,Department of Homeland Security,U.S. Citizenship and Immigration Services,DELIVERY ORDER
NOC,NORTHROP GRUMMAN SYSTEMS CORPORATION,N0001924C0005,2026-04-15,3775000.0,Department of Defense,Department of the Navy,DEFINITIVE CONTRACT
BAH,BOOZ ALLEN HAMILTON INC,47QFSA23F0008,2025-08-28,200000.0,General Services Administration,Federal Acquisition Service,DELIVERY ORDER
ACN,ACCENTURE FEDERAL SERVICES LLC,89303023FHC000043,2026-07-21,358693.12,Department of Energy,Department of Energy,BPA CALL
LMT,LOCKHEED MARTIN CORPORATION,NNG08HZ00C,2026-01-16,125000.0,National Aeronautics and Space Administration,National Aeronautics and Space Administration,DEFINITIVE CONTRACT
LDOS,"LEIDOS, INC.",N6660425F3012,2025-09-24,2337325.0,Department of Defense,Department of the Navy,DELIVERY ORDER
HII,HUNTINGTON INGALLS INC,N0002425F6102,2025-09-16,2812800.0,Department of Defense,Department of the Navy,DELIVERY ORDER
LMT,LOCKHEED MARTIN CORPORATION,FA854024F0060,2025-09-15,379703.0,Department of Defense,Department of the Air Force,DELIVERY ORDER
LMT,LOCKHEED MARTIN CORPORATION,FA868223FB015,2025-12-18,241843.0,Department of Defense,Department of the Air Force,DELIVERY ORDER
GD,"GENERAL DYNAMICS MISSION SYSTEMS, INC.",FA205725CB002,2025-10-14,2400000.0,Department of Defense,Department of the Air Force,DEFINITIVE CONTRACT
LMT,LOCKHEED MARTIN CORPORATION,140D0423C0085,2026-02-05,731980.0,Department of the Interior,Departmental Offices,DEFINITIVE CONTRACT
GD,"GENERAL DYNAMICS INFORMATION TECHNOLOGY, INC.",W91RUS19F0174,2025-09-27,2868675.0,Department of Defense,Department of the Army,DELIVERY ORDER
BAH,BOOZ ALLEN HAMILTON INC,75N98025F00001,2026-06-03,311557.9,Department of Health and Human Services,National Institutes of Health,DELIVERY ORDER
LDOS,"LEIDOS, INC.",693KA721C00014,2025-08-27,22946738.66,Department of Transportation,Federal Aviation Administration,DEFINITIVE CONTRACT
BA,"BOEING AEROSPACE OPERATIONS, INC.",FA231824FB011,2025-12-19,400000.0,Department of Defense,Department of the Air Force,DELIVERY ORDER
LDOS,"LEIDOS, INC.",FA807524F0036,2026-01-28,3200000.0,Department of Defense,Department of the Air Force,DELIVERY ORDER
TXT,BELL TEXTRON INC,W58RGZ22C0012,2025-10-23,896223.59,Department of Defense,Department of the Army,DEFINITIVE CONTRACT
BAH,BOOZ ALLEN HAMILTON INC,140D0422F0500,2025-09-22,-90745.12,Department of the Interior,Departmental Offices,DELIVERY ORDER
BAH,BOOZ ALLEN HAMILTON INC,HC104722F0211,2026-02-13,723568.14,Department of Defense,Defense Information Systems Agency,DELIVERY ORDER
ACN,ACCENTURE FEDERAL SERVICES LLC,12314418F0020,2025-08-25,446163.18,Department of Agriculture,Office of the Chief Financial Officer,DELIVERY ORDER
HON,HONEYWELL INTERNATIONAL INC.,SPE4A526F6095,2026-05-12,1274643.48,Department of Defense,Defense Logistics Agency,DELIVERY ORDER
PSN,PARSONS GOVERNMENT SERVICES INC.,89233123FNA000116,2025-09-11,1000000.0,Department of Energy,Department of Energy,BPA CALL
LDOS,"LEIDOS, INC.",W909MY23F0051,2026-05-11,-891.03,Department of Defense,Department of the Army,DELIVERY ORDER
LMT,LOCKHEED MARTIN CORPORATION,N0001424C2407,2026-02-12,1650000.0,Department of Defense,Department of the Navy,DEFINITIVE CONTRACT
HII,HUNTINGTON INGALLS INC,N5523626F9934,2026-01-30,1163268.0,Department of Defense,Department of the Navy,DELIVERY ORDER
LMT,LOCKHEED MARTIN CORPORATION,N0001922C0046,2025-12-18,4917000.0,Department of Defense,Department of the Navy,DEFINITIVE CONTRACT
BAH,BOOZ ALLEN HAMILTON INC,89703025FAR400021,2026-02-04,2200000.0,Department of Energy,Department of Energy,DELIVERY ORDER
WWD,WOODWARD HRT INC,N0038322FYN0G,2026-02-25,-28634.15,Department of Defense,Department of the Navy,DELIVERY ORDER
KTOS,"KRATOS S2, INC",47QFCA20C0019,2026-04-21,610667.45,General Services Administration,Federal Acquisition Service,DEFINITIVE CONTRACT
BAH,BOOZ ALLEN HAMILTON INC,FA807524F0010,2025-08-25,103759.0,Department of Defense,Department of the Air Force,DELIVERY ORDER
ACN,ACCENTURE FEDERAL SERVICES LLC,70RCSJ24FR0000081,2026-07-01,1199007.19,Department of Homeland Security,Office of Procurement Operations,DELIVERY ORDER
LMT,LOCKHEED MARTIN CORPORATION,HQ085425F0001,2025-09-09,8209738.61,Department of Defense,Missile Defense Agency,DELIVERY ORDER
NOC,NORTHROP GRUMMAN SYSTEMS CORPORATION,M6785425F0006,2025-09-25,8146511.92,Department of Defense,Department of the Navy,DELIVERY ORDER
HII,HUNTINGTON INGALLS INCORPORATED,N0002419C4313,2026-02-26,386529.0,Department of Defense,Department of the Navy,DEFINITIVE CONTRACT
LDOS,"LEIDOS, INC.",2032H521F00342,2026-03-24,38219.96,Department of the Treasury,Internal Revenue Service,DELIVERY ORDER
BAH,BOOZ ALLEN HAMILTON INC,47QFEA25F0005,2026-06-30,481618.45,General Services Administration,Federal Acquisition Service,DELIVERY ORDER
LMT,LOCKHEED MARTIN CORPORATION,HQ085124C0002,2025-12-15,973613.49,Department of Defense,Missile Defense Agency,DEFINITIVE CONTRACT
GD,"GENERAL DYNAMICS INFORMATION TECHNOLOGY, INC.",692M1519F00345,2026-03-25,21000.0,Department of Transportation,Federal Aviation Administration,DELIVERY ORDER
NOC,NORTHROP GRUMMAN SYSTEMS CORP,FA861623F1001,2025-09-24,1367062.0,Department of Defense,Department of the Air Force,DELIVERY ORDER
ACN,ACCENTURE FEDERAL SERVICES LLC,2032H519F00110,2026-07-24,-16217.09,Department of the Treasury,Internal Revenue Service,DELIVERY ORDER
LMT,LOCKHEED MARTIN CORPORATION,N0001922C0041,2025-12-04,78861404.0,Department of Defense,Department of the Navy,DEFINITIVE CONTRACT
LMT,LOCKHEED MARTIN CORPORATION,FA868224FB011,2026-04-02,2690543.27,Department of Defense,Department of the Air Force,DELIVERY ORDER
LMT,LOCKHEED MARTIN CORPORATION,FA868223FB015,2026-04-20,2101466.0,Department of Defense,Department of the Air Force,DELIVERY ORDER
BA,THE BOEING COMPANY,FA811725F0089,2026-03-19,-19145.04,Department of Defense,Department of the Air Force,DELIVERY ORDER
ACN,ACCENTURE FEDERAL SERVICES LLC,1333BJ21F00280023,2026-06-29,12277068.39,Department of Commerce,U.S. Patent and Trademark Office,DELIVERY ORDER
BA,THE BOEING COMPANY,FA811925F0085,2026-03-17,2272250.28,Department of Defense,Department of the Air Force,DELIVERY ORDER
LDOS,"LEIDOS, INC.",W911NF24F0037,2026-03-03,428571.0,Department of Defense,Department of the Army,DELIVERY ORDER
HII,HUNTINGTON INGALLS INCORPORATED,N0002418C2307,2026-03-31,60032450.0,Department of Defense,Department of the Navy,DEFINITIVE CONTRACT
LMT,LOCKHEED MARTIN CORPORATION,FA854024F0056,2025-11-24,754207.0,Department of Defense,Department of the Air Force,DELIVERY ORDER
BAH,BOOZ ALLEN HAMILTON INC,50310220F0017,2025-12-17,3161743.0,Securities and Exchange Commission,Securities and Exchange Commission,DELIVERY ORDER
GD,"GENERAL DYNAMICS INFORMATION TECHNOLOGY, INC.",FA872625FB025,2026-05-06,25767000.0,Department of Defense,Department of the Air Force,BPA CALL
LDOS,"LEIDOS, INC.",15F06723F0000095,2025-12-16,-1349.48,Department of Justice,Federal Bureau of Investigation,DELIVERY ORDER
GD,"GENERAL DYNAMICS MISSION SYSTEMS, INC.",N0003023C1024,2026-03-25,-1050000.0,Department of Defense,Department of the Navy,DEFINITIVE CONTRACT
GE,GENERAL ELECTRIC COMPANY,FA862620F1100,2026-02-26,-163348.71,Department of Defense,Defense Contract Management Agency,DELIVERY ORDER
HON,"HONEYWELL FEDERAL MANUFACTURING & TECHNOLOGIES, LLC",DENA0002839,2025-12-30,22052045.14,Department of Energy,Department of Energy,DEFINITIVE CONTRACT
CACI,"CACI, INC. - FEDERAL",N0016425F3019,2025-09-22,1530000.0,Department of Defense,Department of the Navy,DELIVERY ORDER
LMT,LOCKHEED MARTIN CORPORATION,H9225425F2877,2025-09-12,6509493.0,Department of Defense,U.S. Special Operations Command,DELIVERY ORDER
NOC,NORTHROP GRUMMAN SYSTEMS CORPORATION,W31P4Q22F0031,2025-10-06,391084.11,Department of Defense,Department of the Army,DELIVERY ORDER
BAH,BOOZ ALLEN HAMILTON INC,89303022FET000011,2025-09-08,1000.0,Department of Energy,Department of Energy,BPA CALL
NOC,NORTHROP GRUMMAN SYSTEMS CORPORATION,HQ085625FE001,2025-09-26,20000000.0,Department of Defense,Missile Defense Agency,DELIVERY ORDER
NOC,NORTHROP GRUMMAN SYSTEMS CORPORATION,HQ014711C0006,2025-09-28,-390560.0,Department of Defense,Missile Defense Agency,DEFINITIVE CONTRACT
BAH,BOOZ ALLEN HAMILTON INC,HB000123C1000,2025-11-19,1480000.0,Department of Defense,U.S. Cyber Command,DEFINITIVE CONTRACT
PLTR,PALANTIR USG INC,W519TC25C0008,2025-09-30,11751975.3,Department of Defense,Department of the Army,DEFINITIVE CONTRACT
NOC,NORTHROP GRUMMAN SYSTEMS CORPORATION,FA881925CB002,2026-03-31,538935.0,Department of Defense,Department of the Air Force,DEFINITIVE CONTRACT
BAH,BOOZ ALLEN HAMILTON INC,75F40124F19006,2026-06-16,-10861.38,Department of Health and Human Services,Food and Drug Administration,BPA CALL
GD,"GENERAL DYNAMICS MISSION SYSTEMS, INC.",HQ085022C0007,2026-01-30,108411938.88,Department of Defense,Department of the Air Force,DEFINITIVE CONTRACT
GD,"GENERAL DYNAMICS INFORMATION TECHNOLOGY, INC.",47QFCA21F0051,2026-06-15,4910271.17,General Services Administration,Federal Acquisition Service,DELIVERY ORDER
AVAV,"AEROVIRONMENT, INC",N6833526F0005,2026-02-04,2812074.0,Department of Defense,Department of the Navy,DELIVERY ORDER
LDOS,"LEIDOS, INC.",N0001919C0051,2025-09-23,3061917.98,Department of Defense,Department of the Navy,DEFINITIVE CONTRACT
BA,THE BOEING COMPANY,FA813425FB019,2025-08-26,117214.93,Department of Defense,Department of the Air Force,DELIVERY ORDER
LMT,LOCKHEED MARTIN CORPORATION,W52P1J19F0345,2025-12-11,12603.0,Department of Defense,Department of the Army,DELIVERY ORDER
BAH,BOOZ ALLEN HAMILTON INC,W31P4Q21FB004,2025-12-05,1005930.05,Department of Defense,Department of the Army,DELIVERY ORDER
WWD,WOODWARD HRT INC,N0038326FYN03,2026-04-09,-135582.0,Department of Defense,Department of the Navy,DELIVERY ORDER
NOC,NORTHROP GRUMMAN SYSTEMS CORPORATION,N0002424C6400,2026-01-20,2307670.0,Department of Defense,Department of the Navy,DEFINITIVE CONTRACT
ACN,ACCENTURE FEDERAL SERVICES LLC,47QFCA26F0004,2026-06-03,27741000.0,General Services Administration,Federal Acquisition Service,DELIVERY ORDER
ACN,ACCENTURE FEDERAL SERVICES LLC,89303026FIM000188,2026-03-25,4266418.9,Department of Energy,Department of Energy,BPA CALL
IBM,INTERNATIONAL BUSINESS MACHINES CORPORATION,2032H524F00170,2026-01-12,-0.03,Department of the Treasury,Internal Revenue Service,DELIVERY ORDER
LDOS,"LEIDOS, INC.",FA703725F0042,2026-02-10,50000.0,Department of Defense,Department of the Air Force,DELIVERY ORDER
LMT,LOCKHEED MARTIN CORPORATION,FA862122F6263,2025-12-23,5750722.01,Department of Defense,Department of the Air Force,DELIVERY ORDER
PSN,PARSONS GOVERNMENT SERVICES INC.,89233122FNA000107,2026-03-03,85000.0,Department of Energy,Department of Energy,BPA CALL
BAH,BOOZ ALLEN HAMILTON INC,N0016425F3009,2026-02-27,6798105.78,Department of Defense,Department of the Navy,DELIVERY ORDER
LMT,LOCKHEED MARTIN CORPORATION,W56KGY22F0001,2026-04-27,8603000.0,Department of Defense,Department of the Army,DELIVERY ORDER
LDOS,"LEIDOS, INC.",HDTRA119F0002,2025-08-28,209849.0,Department of Defense,Defense Threat Reduction Agency,DELIVERY ORDER
LMT,LOCKHEED MARTIN CORP,FA862925FB023,2025-12-16,3833000.0,Department of Defense,Department of the Air Force,DELIVERY ORDER
BAH,BOOZ ALLEN HAMILTON INC,W911S018F0237,2025-09-29,-148539.66,Department of Defense,Department of the Army,DELIVERY ORDER
CACI,"CACI NSS, LLC",86615325F00005,2026-02-04,1152003.0,Department of Housing and Urban Development,Department of Housing and Urban Development,DELIVERY ORDER
LDOS,"LEIDOS, INC.",47QFPA23F0014,2026-02-18,-52865.9,General Services Administration,Federal Acquisition Service,DELIVERY ORDER
LDOS,"LEIDOS, INC.",2032H526F00054,2026-04-02,7709726.94,Department of the Treasury,Internal Revenue Service,DELIVERY ORDER
BA,THE BOEING COMPANY,N0001924F1025,2026-01-08,-328624.88,Department of Defense,Department of the Navy,DELIVERY ORDER
PSN,PARSONS GOVERNMENT SERVICES INC.,HC102820F2001,2025-09-26,356285.89,Department of Defense,Defense Information Systems Agency,DELIVERY ORDER
PSN,PARSONS GOVERNMENT SERVICES INC.,W56KGU22F0021,2025-09-18,6590664.48,Department of Defense,Department of the Army,DELIVERY ORDER
LDOS,"LEIDOS, INC.",W911NF24F0039,2026-03-24,7106408.0,Department of Defense,Department of the Army,DELIVERY ORDER
LDOS,"LEIDOS, INC.",HC102826F0012,2026-01-27,1207046.73,Department of Defense,Defense Information Systems Agency,DELIVERY ORDER
HON,HONEYWELL INTERNATIONAL INC.,SPE4A526F2854,2025-12-29,1645568.73,Department of Defense,Defense Logistics Agency,DELIVERY ORDER
LMT,LOCKHEED MARTIN CORPORATION,80MSFC24CA015,2025-09-25,-123353.0,National Aeronautics and Space Administration,National Aeronautics and Space Administration,DEFINITIVE CONTRACT
GE,GENERAL ELECTRIC COMPANY,FA862626FB004,2026-03-13,1169046.76,Department of Defense,Department of the Air Force,DELIVERY ORDER
NOC,NORTHROP GRUMMAN SYSTEMS CORPORATION,DTFAWA17C00023,2026-06-29,120000.0,Department of Transportation,Federal Aviation Administration,DEFINITIVE CONTRACT
LMT,LOCKHEED MARTIN CORPORATION,N0001923F0581,2025-09-04,-11717.9,Department of Defense,Department of the Navy,DELIVERY ORDER
CACI,"CACI, INC. - FEDERAL",N0042123F0668,2026-01-14,38327.05,Department of Defense,Department of the Navy,DELIVERY ORDER
LMT,LOCKHEED MARTIN CORPORATION,W58RGZ24F0093,2025-08-26,6290274.41,Department of Defense,Department of the Army,DELIVERY ORDER
GD,"GENERAL DYNAMICS ORDNANCE & TACTICAL SYSTEMS, INC.",W519TC25F0344,2025-08-29,37097656.2,Department of Defense,Department of the Army,DELIVERY ORDER
CACI,"CACI, INC. - FEDERAL",FD11,2025-09-15,-38802.57,Department of Defense,Department of the Navy,DELIVERY ORDER
HII,HUNTINGTON INGALLS INCORPORATED,N0002423C2307,2025-08-14,11174.0,Department of Defense,Department of the Navy,DEFINITIVE CONTRACT
BAH,BOOZ ALLEN HAMILTON INC,47QFCA25F0029,2026-06-22,1641903.0,General Services Administration,Federal Acquisition Service,DELIVERY ORDER
CACI,"CACI, INC. - FEDERAL",W91CRB25C5007,2025-08-26,-65855.26,Department of Defense,Department of the Army,DEFINITIVE CONTRACT
BA,THE BOEING COMPANY,N0001926F0018,2025-12-23,1487938.43,Department of Defense,Department of the Navy,DELIVERY ORDER
GE,GENERAL ELECTRIC COMPANY,FA862625FB005,2025-08-19,31134.52,Department of Defense,Department of the Air Force,DELIVERY ORDER
BA,THE BOEING COMPANY,HQ085623F0006,2026-01-14,712999.72,Department of Defense,Missile Defense Agency,DELIVERY ORDER
BA,THE BOEING COMPANY,FA810723F5005,2026-05-07,2367942.78,Department of Defense,Department of the Air Force,DELIVERY ORDER
CACI,"CACI, INC. - FEDERAL",47QFRA19F0011,2025-09-08,-7410283.36,General Services Administration,Federal Acquisition Service,DELIVERY ORDER
PSN,AMENTUM PARSONS LOGISTICS SERVICES LLC,W52P1J19F0404,2025-09-02,10000.0,Department of Defense,Department of the Army,DELIVERY ORDER
BAH,BOOZ ALLEN HAMILTON INC,FA865023C1054,2026-02-10,471000.0,Department of Defense,Department of the Air Force,DEFINITIVE CONTRACT
BAH,BOOZ ALLEN HAMILTON INC,47QFWA26F0004,2026-06-30,4287152.0,General Services Administration,Federal Acquisition Service,DELIVERY ORDER
PLTR,PALANTIR USG INC,W519TC25F0331,2026-05-04,9800000.0,Department of Defense,Department of the Army,DELIVERY ORDER
LMT,LOCKHEED MARTIN CORPORATION,FA861525FB001,2026-01-08,50000.0,Department of Defense,Department of the Air Force,DELIVERY ORDER
BAH,BOOZ ALLEN HAMILTON INC,HR001122F0003,2025-12-05,468181.0,Department of Defense,Defense Advanced Research Projects Agency,DELIVERY ORDER
LDOS,"LEIDOS, INC.",N6264522F0042,2025-12-30,294002.49,Department of Defense,Department of the Navy,DELIVERY ORDER
BAH,BOOZ ALLEN HAMILTON INC,FA875026FB005,2026-03-13,14468891.0,Department of Defense,Department of the Air Force,DELIVERY ORDER
TXT,BELL TEXTRON INC,W58RGZ21F0012,2025-09-22,-355930.8,Department of Defense,Department of the Army,DELIVERY ORDER
LMT,LOCKHEED MARTIN CORPORATION,FA862125CB005,2025-08-26,40000.0,Department of Defense,Department of the Air Force,DEFINITIVE CONTRACT
LDOS,"LEIDOS, INC.",W56KGU20F0017,2026-04-16,14000000.0,Department of Defense,Department of the Army,DELIVERY ORDER
LDOS,"LEIDOS, INC.",N0003926F7580,2026-04-27,2704754.32,Department of Defense,Department of the Navy,DELIVERY ORDER
LDOS,"LEIDOS, INC.",HT003825F0007,2025-12-22,11350998.48,Department of Defense,Defense Health Agency,DELIVERY ORDER
LMT,LOCKHEED MARTIN CORPORATION,FA861124F0014,2026-04-13,254376.0,Department of Defense,Department of the Air Force,DELIVERY ORDER
ACN,ACCENTURE FEDERAL SERVICES LLC,89303023FIM000115,2025-09-11,55000.0,Department of Energy,Department of Energy,BPA CALL
BAH,BOOZ ALLEN HAMILTON INC,47QFCA23F0014,2026-01-28,16840050.06,General Services Administration,Federal Acquisition Service,DELIVERY ORDER
BAH,BOOZ ALLEN HAMILTON INC,693KA823F00202,2025-12-16,862000.0,Department of Transportation,Federal Aviation Administration,DELIVERY ORDER
BA,THE BOEING COMPANY,FA873918C5030,2025-08-27,5002481.0,Department of Defense,Department of the Air Force,DEFINITIVE CONTRACT
LMT,LOCKHEED MARTIN CORPORATION,NNG09FA40C,2026-02-11,897817.75,National Aeronautics and Space Administration,National Aeronautics and Space Administration,DEFINITIVE CONTRACT
LMT,LOCKHEED MARTIN CORPORATION,N6339424C0003,2026-02-27,37679.31,Department of Defense,Department of the Navy,DEFINITIVE CONTRACT
IBM,INTERNATIONAL BUSINESS MACHINES CORPORATION,FA701424F0210,2025-08-19,213557.09,Department of Defense,Department of the Air Force,DELIVERY ORDER
NOC,NORTHROP GRUMMAN SYSTEMS CORPORATION,N0001920F0628,2025-09-24,-241177.72,Department of Defense,Department of the Navy,DELIVERY ORDER
ACN,ACCENTURE FEDERAL SERVICES LLC,140D0426F0021,2026-08-10,54962.43,Department of the Interior,Departmental Offices,DELIVERY ORDER
GD,GENERAL DYNAMICS ONE SOURCE LLC,W5J9CQ21F0012,2025-09-18,-89306.3,Department of Defense,Department of the Army,DELIVERY ORDER
BA,THE BOEING COMPANY,FA873918C5030,2026-01-13,89142305.0,Department of Defense,Department of the Air Force,DEFINITIVE CONTRACT
GD,"GENERAL DYNAMICS INFORMATION TECHNOLOGY, INC.",36C10D24N0015,2026-05-26,-0.02,Department of Veterans Affairs,Department of Veterans Affairs,DELIVERY ORDER
GD,"GENERAL DYNAMICS INFORMATION TECHNOLOGY, INC.",N0017825F3001,2026-01-14,50000.0,Department of Defense,Department of the Navy,DELIVERY ORDER
BAH,BOOZ ALLEN HAMILTON INC,75N95022F00001,2026-05-14,-18510.92,Department of Health and Human Services,National Institutes of Health,DELIVERY ORDER
LMT,LOCKHEED MARTIN CORP,MSFC0199911DNAS800016,2026-03-03,65590.94,National Aeronautics and Space Administration,National Aeronautics and Space Administration,DEFINITIVE CONTRACT
BAH,BOOZ ALLEN HAMILTON INC,N0001922F1207,2026-03-09,-230645.44,Department of Defense,Department of the Navy,DELIVERY ORDER
CACI,"CACI, INC. - FEDERAL",N0042122F0260,2026-04-29,3100000.0,Department of Defense,Department of the Navy,DELIVERY ORDER
GD,"GENERAL DYNAMICS INFORMATION TECHNOLOGY, INC.",692M1522F00011,2025-08-22,36000.0,Department of Transportation,Federal Aviation Administration,DELIVERY ORDER
BAH,BOOZ ALLEN HAMILTON INC,HQ003422F0135,2026-03-18,3411274.71,Department of Defense,Washington Headquarters Services,DELIVERY ORDER
LMT,LOCKHEED MARTIN CORPORATION,1305M224C0039,2026-01-22,-86153517.39,Department of Commerce,National Oceanic and Atmospheric Administration,DEFINITIVE CONTRACT
ACN,ACCENTURE FEDERAL SERVICES LLC,89603024F0015,2026-05-25,-124166.51,Department of Energy,Federal Energy Regulatory Commission,DELIVERY ORDER
LMT,LOCKHEED MARTIN CORPORATION,HQ085121C0001,2025-12-11,51518358.0,Department of Defense,Missile Defense Agency,DEFINITIVE CONTRACT
LMT,LOCKHEED MARTIN CORPORATION,H9225420F2425,2025-09-17,-140202.43,Department of Defense,U.S. Special Operations Command,DELIVERY ORDER
LMT,LOCKHEED MARTIN CORPORATION,N0001922C0041,2025-09-25,3668159.0,Department of Defense,Department of the Navy,DEFINITIVE CONTRACT
BAH,BOOZ ALLEN HAMILTON INC,1333BJ26F00054002,2026-04-02,390371.92,Department of Commerce,U.S. Patent and Trademark Office,BPA CALL
LDOS,"LEIDOS, INC.",FA873021F0113,2025-11-04,76010.0,Department of Defense,Department of the Air Force,DELIVERY ORDER
PSN,PARSONS GOVERNMENT SERVICES INC.,FA830723FB087,2025-12-05,285379.77,Department of Defense,Department of the Air Force,DELIVERY ORDER
CACI,"CACI NSS, LLC",FA872624FB122,2025-09-11,1462079.8,Department of Defense,Department of the Air Force,BPA CALL
GD,"GENERAL DYNAMICS INFORMATION TECHNOLOGY, INC.",692M1520F00015,2026-01-29,40366.55,Department of Transportation,Federal Aviation Administration,DELIVERY ORDER
LDOS,"LEIDOS, INC.",N0018925FZ746,2025-09-18,3240256.0,Department of Defense,Department of the Navy,DELIVERY ORDER
LMT,LOCKHEED MARTIN CORPORATION,N6339425C0005,2025-12-09,50000.0,Department of Defense,Department of the Navy,DEFINITIVE CONTRACT
LMT,LOCKHEED MARTIN CORPORATION,H9225423F2690,2025-09-24,276104.06,Department of Defense,U.S. Special Operations Command,DELIVERY ORDER
ACN,ACCENTURE FEDERAL SERVICES LLC,89243126FSC000021,2026-04-07,3970994.01,Department of Energy,Department of Energy,BPA CALL
BA,THE BOEING COMPANY,FA810220F1002,2025-09-03,-78351.9,Department of Defense,Defense Contract Management Agency,DELIVERY ORDER
PSN,PARSONS GOVERNMENT SERVICES INC.,47PA0322F0002,2026-07-14,-552324.26,General Services Administration,Public Buildings Service,BPA CALL
LMT,LOCKHEED MARTIN CORPORATION,W31P4Q23C0014,2025-09-18,121.85,Department of Defense,Department of the Army,DEFINITIVE CONTRACT
BA,THE BOEING COMPANY,FA852625F0003,2025-09-09,1500000.0,Department of Defense,Department of the Air Force,DELIVERY ORDER
NOC,NORTHROP GRUMMAN SYSTEMS CORP,80GSFC17C0062,2025-09-11,-22643.74,National Aeronautics and Space Administration,National Aeronautics and Space Administration,DEFINITIVE CONTRACT
BA,BELL BOEING JOINT PROJECT OFFICE,N0001924F0014,2025-12-11,4198725.0,Department of Defense,Department of the Navy,DELIVERY ORDER
GD,GENERAL DYNAMICS LAND SYSTEMS INC.,W912CH26F0161,2026-03-16,4980168.97,Department of Defense,Department of the Army,DELIVERY ORDER
ACN,ACCENTURE FEDERAL SERVICES LLC,12314418F0020,2026-05-18,2487014.58,Department of Agriculture,Office of the Chief Financial Officer,DELIVERY ORDER
GD,"GENERAL DYNAMICS MISSION SYSTEMS, INC.",W900KK25FA023,2026-04-01,250000.0,Department of Defense,Department of the Army,DELIVERY ORDER
PSN,PARSONS GOVERNMENT SERVICES INC.,W56KGU22F0021,2026-04-30,4954033.81,Department of Defense,Department of the Army,DELIVERY ORDER
LMT,LOCKHEED MARTIN CORPORATION,W31P4Q25F0256,2026-01-29,1000000.0,Department of Defense,Department of the Army,DELIVERY ORDER
TXT,TEXTRON SYSTEMS CORPORATION,N0001924F5002,2026-05-05,2330503.32,Department of Defense,Department of the Navy,DELIVERY ORDER
ACN,ACCENTURE FEDERAL SERVICES LLC,FA872624FB071,2026-03-13,3040506.74,Department of Defense,Department of the Air Force,DELIVERY ORDER
GD,"GENERAL DYNAMICS INFORMATION TECHNOLOGY, INC.",75FCMC23F0156,2026-04-01,800572.93,Department of Health and Human Services,Centers for Medicare and Medicaid Services,DELIVERY ORDER
GD,"GENERAL DYNAMICS MISSION SYSTEMS, INC.",FA830724FB017,2025-09-11,624406.0,Department of Defense,Department of the Air Force,DELIVERY ORDER
ACN,ACCENTURE FEDERAL SERVICES LLC,2032H522F00360,2026-06-30,1298710.87,Department of the Treasury,Internal Revenue Service,BPA CALL
BAH,BOOZ ALLEN HAMILTON INC,N6600125F3500,2026-02-18,2545192.28,Department of Defense,Department of the Navy,DELIVERY ORDER
GE,GENERAL ELECTRIC COMPANY,FA862626FB004,2026-05-07,568860.37,Department of Defense,Department of the Air Force,DELIVERY ORDER
ACN,ACCENTURE FEDERAL SERVICES LLC,12314418F0020,2026-07-17,193326.76,Department of Agriculture,Office of the Chief Financial Officer,DELIVERY ORDER
NOC,NORTHROP GRUMMAN SYSTEMS CORPORATION,FA852921F0001,2025-10-09,-265574.59,Department of Defense,Defense Contract Management Agency,DELIVERY ORDER
GD,"GENERAL DYNAMICS INFORMATION TECHNOLOGY, INC.",89303020FCF000016,2026-06-09,2445459.0,Department of Energy,Department of Energy,BPA CALL
BA,THE BOEING COMPANY,HQ072726FE015,2026-03-04,1377469.0,Department of Defense,Defense Microelectronics Activity,DELIVERY ORDER
CACI,"CACI ENTERPRISE SOLUTIONS, LLC",SP470924F0062,2025-09-29,105774.45,Department of Defense,Defense Logistics Agency,DELIVERY ORDER
LMT,LOCKHEED MARTIN CORPORATION,FA239125CB017,2025-08-20,1926000.0,Department of Defense,Department of the Air Force,DEFINITIVE CONTRACT
LMT,LOCKHEED MARTIN CORPORATION,FA865823FB018,2026-03-31,241862.0,Department of Defense,Department of the Air Force,DELIVERY ORDER
HII,HUNTINGTON INGALLS INC,N0002409C2116,2026-02-10,1057995.0,Department of Defense,Department of the Navy,DEFINITIVE CONTRACT
LDOS,LEIDOS BIOMEDICAL RESEARCH INC,75N91020F00006,2026-06-18,-361.0,Department of Health and Human Services,National Institutes of Health,DELIVERY ORDER
LMT,LOCKHEED MARTIN CORPORATION,FA238525CB015,2025-09-08,250000.0,Department of Defense,Department of the Air Force,DEFINITIVE CONTRACT
GD,"GENERAL DYNAMICS INFORMATION TECHNOLOGY, INC.",19AQMM20F0274,2025-08-25,-320000.0,Department of State,Department of State,DELIVERY ORDER
TXT,BELL TEXTRON INC,SPRPA122F0043,2025-09-11,-5798325.62,Department of Defense,Defense Contract Management Agency,DELIVERY ORDER
ACN,ACCENTURE FEDERAL SERVICES LLC,89303024FIM000138,2026-01-15,30000.0,Department of Energy,Department of Energy,BPA CALL
NOC,NORTHROP GRUMMAN SYSTEMS CORPORATION,FA881018C0006,2025-10-22,134172.0,Department of Defense,Department of the Air Force,DEFINITIVE CONTRACT
CACI,"CACI, INC. - FEDERAL",80TECH24CA002,2026-05-21,3463923.8,National Aeronautics and Space Administration,National Aeronautics and Space Administration,DEFINITIVE CONTRACT
PSN,PARSONS GOVERNMENT SERVICES INC.,W56KGU22F0021,2026-03-09,100000.0,Department of Defense,Department of the Army,DELIVERY ORDER
BA,THE BOEING COMPANY,FA813425F4002,2025-12-01,-3012.12,Department of Defense,Department of the Air Force,DELIVERY ORDER
LDOS,"LEIDOS, INC.",N6883625F7M5D,2026-03-26,993560.49,Department of Defense,Department of the Navy,DELIVERY ORDER
BAH,BOOZ ALLEN HAMILTON INC,N0018922F3055,2025-09-16,1417655.0,Department of Defense,Department of the Navy,DELIVERY ORDER
LDOS,"LEIDOS, INC.",31310021F0150,2025-08-29,75000.0,Nuclear Regulatory Commission,Nuclear Regulatory Commission,BPA CALL
LMT,LOCKHEED MARTIN CORPORATION,FA868220F1040,2025-09-10,-74108.0,Department of Defense,Department of the Air Force,DELIVERY ORDER
BAH,BOOZ ALLEN HAMILTON INC,0004,2025-09-15,-23217.19,Department of Defense,Department of the Army,DELIVERY ORDER
IBM,INTERNATIONAL BUSINESS MACHINES CORPORATION,2032H520F00469,2026-08-03,-184879.72,Department of the Treasury,Internal Revenue Service,DELIVERY ORDER
GD,"GENERAL DYNAMICS INFORMATION TECHNOLOGY, INC.",1605DC20F00109,2025-12-31,1417167.93,Department of Labor,Office of the Assistant Secretary for Administration and Management,DELIVERY ORDER
BAH,BOOZ ALLEN HAMILTON INC,FA807522F0005,2025-12-22,6385000.0,Department of Defense,Department of the Air Force,DELIVERY ORDER
LDOS,"LEIDOS, INC.",15JPSS22F00000108,2026-02-26,298990.4,Department of Justice,"Offices, Boards and Divisions",DELIVERY ORDER
LMT,LOCKHEED MARTIN CORPORATION,N0001924C0011,2025-08-22,1771336.0,Department of Defense,Department of the Navy,DEFINITIVE CONTRACT
BAH,BOOZ ALLEN HAMILTON INC,75N94021F00001,2025-11-25,1550344.0,Department of Health and Human Services,National Institutes of Health,DELIVERY ORDER
NOC,NORTHROP GRUMMAN SYSTEMS CORPORATION,DTFAWA17C00023,2025-09-12,-670324.2,Department of Transportation,Federal Aviation Administration,DEFINITIVE CONTRACT
WWD,WOODWARD HRT INC,N0038326CBA15,2026-03-17,2560400.0,Department of Defense,Department of the Navy,DEFINITIVE CONTRACT
ACN,ACCENTURE FEDERAL SERVICES LLC,19AQMM25F7037,2026-03-12,1494362.08,Department of State,Department of State,BPA CALL
CACI,"CACI, INC. - FEDERAL",M6785422C0009,2026-03-02,-543935.08,Department of Defense,Department of the Navy,DEFINITIVE CONTRACT
LDOS,"LEIDOS, INC.",FA237724CB007,2026-03-11,130000.0,Department of Defense,Department of the Air Force,DEFINITIVE CONTRACT
BA,THE BOEING COMPANY,FA860924FB017,2025-11-26,800608.0,Department of Defense,Department of the Air Force,DELIVERY ORDER
BA,THE BOEING COMPANY,FA862516C6599,2026-02-02,3000000.0,Department of Defense,Department of the Air Force,DEFINITIVE CONTRACT
BAH,BOOZ ALLEN HAMILTON INC,N0003926FG001,2026-05-06,21545079.05,Department of Defense,Department of the Navy,DELIVERY ORDER
LDOS,"LEIDOS, INC.",70B04C24F00000739,2026-01-09,5056813.0,Department of Homeland Security,U.S. Customs and Border Protection,BPA CALL
KTOS,"KRATOS TECHNOLOGY & TRAINING SOLUTIONS, INC.",FA862025CB019,2025-09-04,2830956.25,Department of Defense,Department of the Air Force,DEFINITIVE CONTRACT
LMT,LOCKHEED MARTIN CORPORATION,70Z04424FC2PL0013,2026-04-20,-138440.29,Department of Homeland Security,U.S. Coast Guard,DELIVERY ORDER
ACN,ACCENTURE FEDERAL SERVICES LLC,89303026FIM000188,2026-03-09,9290770.7,Department of Energy,Department of Energy,BPA CALL
BAH,BOOZ ALLEN HAMILTON INC,70FA2023F00000045,2026-06-08,10019656.33,Department of Homeland Security,Federal Emergency Management Agency,DELIVERY ORDER
GD,"GENERAL DYNAMICS MISSION SYSTEMS, INC.",0020,2025-09-22,-100665.92,Department of Defense,Department of the Army,DELIVERY ORDER
NOC,NORTHROP GRUMMAN SYSTEMS CORPORATION,HQ072725FE042,2025-10-02,100000.0,Department of Defense,Defense Microelectronics Activity,DELIVERY ORDER
ACN,ACCENTURE FEDERAL SERVICES LLC,2032H522F00497,2026-03-11,-6324.04,Department of the Treasury,Internal Revenue Service,DELIVERY ORDER
WWD,COUNTY OF WOODWARD,140A0323C0009,2025-09-17,72000.0,Department of the Interior,Bureau of Indian Affairs and Bureau of Indian Education,DEFINITIVE CONTRACT
BAH,BOOZ ALLEN HAMILTON INC,140D6318F0007,2026-04-23,-134067.18,Department of the Interior,Departmental Offices,DELIVERY ORDER
LMT,LOCKHEED MARTIN CORPORATION,H9225425FE041,2025-08-29,973453.88,Department of Defense,U.S. Special Operations Command,DELIVERY ORDER
NOC,NORTHROP GRUMMAN SYSTEMS CORP,FA861623F1003,2025-08-18,60353.0,Department of Defense,Department of the Air Force,DELIVERY ORDER
GD,"GENERAL DYNAMICS MISSION SYSTEMS, INC.",FA254123CB002,2025-09-30,18599.0,Department of Defense,Department of the Air Force,DEFINITIVE CONTRACT
BAH,BOOZ ALLEN HAMILTON INC,47QFCA24F0026,2025-09-19,9914470.0,General Services Administration,Federal Acquisition Service,DELIVERY ORDER
LDOS,"LEIDOS, INC.",HC104724F4007,2025-10-23,-66.5,Department of Defense,Defense Information Systems Agency,DELIVERY ORDER
BA,THE BOEING COMPANY,FA873023C0025,2025-12-17,30925560.0,Department of Defense,Department of the Air Force,DEFINITIVE CONTRACT
CACI,"CACI NSS, LLC",N0003923F5002,2026-01-06,521767.65,Department of Defense,Department of the Navy,DELIVERY ORDER
GD,GENERAL DYNAMICS LAND SYSTEMS INC.,W912CH24F0008,2026-04-07,52008.0,Department of Defense,Department of the Army,DELIVERY ORDER
LMT,LOCKHEED MARTIN CORPORATION,FA882322C0001,2026-01-13,3572465.13,Department of Defense,Department of the Air Force,DEFINITIVE CONTRACT
CACI,"CACI, INC. - FEDERAL",47QFCA25F0014,2025-09-30,10195267.0,General Services Administration,Federal Acquisition Service,DELIVERY ORDER
BA,THE BOEING COMPANY,FA945125CX002,2026-04-01,2575000.0,Department of Defense,Department of the Air Force,DEFINITIVE CONTRACT
BAH,BOOZ ALLEN HAMILTON INC,0004,2026-02-17,-32379.88,Department of Defense,Department of the Air Force,DELIVERY ORDER
BA,THE BOEING COMPANY,FA855724F0006,2026-03-26,62350.04,Department of Defense,Department of the Air Force,DELIVERY ORDER
BAH,BOOZ ALLEN HAMILTON INC,N0042122F3009,2026-01-12,649832.93,Department of Defense,Department of the Navy,DELIVERY ORDER
HII,HUNTINGTON INGALLS INC,N0002415C4301,2025-08-18,31362.0,Department of Defense,Department of the Navy,DEFINITIVE CONTRACT
ACN,ACCENTURE FEDERAL SERVICES LLC,SP470924F0077,2026-04-02,-11500.0,Department of Defense,Defense Logistics Agency,DELIVERY ORDER
HON,HONEYWELL INTERNATIONAL INC.,N0038325CH025,2025-09-26,1635390.1,Department of Defense,Department of the Navy,DEFINITIVE CONTRACT
ACN,ACCENTURE FEDERAL SERVICES LLC,89303025FIM000170,2025-09-16,360000.0,Department of Energy,Department of Energy,BPA CALL
ACN,ACCENTURE FEDERAL SERVICES LLC,SP330025F0864,2025-09-19,2478514.9,Department of Defense,Defense Logistics Agency,DELIVERY ORDER
NOC,NORTHROP GRUMMAN SYSTEMS CORPORATION,W31P4Q25C0005,2026-04-28,1779867.21,Department of Defense,Department of the Army,DEFINITIVE CONTRACT
LDOS,LEIDOS BIOMEDICAL RESEARCH INC,75N91026F00008,2026-04-30,1446242.0,Department of Health and Human Services,National Institutes of Health,DELIVERY ORDER
LMT,"LOCKHEED MARTIN SERVICES, LLC",DTFAWA10C00052,2025-09-12,-44068.36,Department of Transportation,Federal Aviation Administration,DEFINITIVE CONTRACT
CACI,"CACI, INC. - FEDERAL",FA875024CB037,2026-01-30,15000.0,Department of Defense,Department of the Air Force,DEFINITIVE CONTRACT
CACI,"CACI NSS, LLC",FA882316C0004,2025-09-19,-56338.25,Department of Defense,Department of the Air Force,DEFINITIVE CONTRACT
LDOS,"LEIDOS, INC.",75FCMC23F0076,2026-06-05,771119.0,Department of Health and Human Services,Centers for Medicare and Medicaid Services,DELIVERY ORDER
NOC,NORTHROP GRUMMAN SYSTEMS CORPORATION,N0003026C1013,2026-05-06,1013704.49,Department of Defense,Department of the Navy,DEFINITIVE CONTRACT
BAH,BOOZ ALLEN HAMILTON INC,HR001121F0036,2026-01-27,744156.0,Department of Defense,Defense Advanced Research Projects Agency,DELIVERY ORDER
BAH,BOOZ ALLEN HAMILTON INC,FA807525F0022,2025-08-19,681719.42,Department of Defense,Department of the Air Force,DELIVERY ORDER
PSN,PARSONS GOVERNMENT SERVICES INC.,W911QX21F0013,2026-04-16,120000.0,Department of Defense,Department of the Army,DELIVERY ORDER
PLTR,PALANTIR TECHNOLOGIES INC.,75N95025F00003,2025-09-30,1868755.83,Department of Health and Human Services,National Institutes of Health,DELIVERY ORDER
LDOS,"LEIDOS, INC.",GSQ0017AJ0079,2026-07-27,-1077503.2,General Services Administration,Federal Acquisition Service,DELIVERY ORDER
NOC,NORTHROP GRUMMAN SYSTEMS CORPORATION,80AFRC21F0031,2026-05-18,5100000.0,National Aeronautics and Space Administration,National Aeronautics and Space Administration,DELIVERY ORDER
NOC,NORTHROP GRUMMAN SYSTEMS CORPORATION,FA821020F0002,2025-09-15,-1251.0,Department of Defense,Defense Contract Management Agency,DELIVERY ORDER
CACI,"CACI NSS, LLC",FA872624FB047,2026-01-16,5528488.52,Department of Defense,Department of the Air Force,BPA CALL
BAH,BOOZ ALLEN HAMILTON INC,W56KGU24F0009,2025-12-17,127300.0,Department of Defense,Department of the Army,DELIVERY ORDER
BAH,BOOZ ALLEN HAMILTON INC,36C10B25F0048,2026-03-20,6012089.22,Department of Veterans Affairs,Department of Veterans Affairs,DELIVERY ORDER
GD,GENERAL DYNAMICS LAND SYSTEMS INC.,W56HZV19C0036,2025-09-11,-247523.0,Department of Defense,Department of the Army,DEFINITIVE CONTRACT
LMT,LOCKHEED MARTIN CORPORATION,H9225424F2798,2026-05-08,-123425.64,Department of Defense,U.S. Special Operations Command,DELIVERY ORDER
CACI,"CACI, INC. - FEDERAL",FA873024FB008,2025-09-15,554577.81,Department of Defense,Department of the Air Force,DELIVERY ORDER
BAH,BOOZ ALLEN HAMILTON INC,N0017821F3011,2025-09-19,25000.0,Department of Defense,Department of the Navy,DELIVERY ORDER
HII,HUNTINGTON INGALLS INCORPORATED,N0002418C2307,2026-02-18,257671.0,Department of Defense,Department of the Navy,DEFINITIVE CONTRACT
GE,GENERAL ELECTRIC COMPANY,80AFRC21CA021,2026-08-03,240000.0,National Aeronautics and Space Administration,National Aeronautics and Space Administration,DEFINITIVE CONTRACT
BAH,BOOZ ALLEN HAMILTON INC,70B04C25F00001253,2026-06-02,1395760.7,Department of Homeland Security,U.S. Customs and Border Protection,BPA CALL
BAH,BOOZ ALLEN HAMILTON INC,N0017821F3011,2026-04-10,765000.0,Department of Defense,Department of the Navy,DELIVERY ORDER
ACN,ACCENTURE FEDERAL SERVICES LLC,HT003824C0004,2026-01-29,3926899.51,Department of Defense,Defense Health Agency,DEFINITIVE CONTRACT
BAH,BOOZ ALLEN HAMILTON INC,FA875025CB022,2026-04-07,277400.0,Department of Defense,Department of the Air Force,DEFINITIVE CONTRACT
GD,"GENERAL DYNAMICS INFORMATION TECHNOLOGY, INC.",N0003921F7887,2025-09-11,4615431.77,Department of Defense,Department of the Navy,DELIVERY ORDER
CACI,"CACI-ISS, LLC",70FA5019F00000156,2026-08-07,-2458.52,Department of Homeland Security,Federal Emergency Management Agency,DELIVERY ORDER
GD,GENERAL DYNAMICS LAND SYSTEMS INC.,W56HZV24F0145,2025-08-21,-289980.0,Department of Defense,Department of the Army,DELIVERY ORDER
PSN,PARSONS GOVERNMENT SERVICES INC.,47PA0321F0049,2026-06-15,213316.0,General Services Administration,Public Buildings Service,BPA CALL
BAH,BOOZ ALLEN HAMILTON INC,FA875022C1518,2026-02-11,102000.0,Department of Defense,Department of the Air Force,DEFINITIVE CONTRACT
BAH,BOOZ ALLEN HAMILTON INC,140D0425F0056,2025-08-12,-31997.76,Department of the Interior,Departmental Offices,DELIVERY ORDER
CACI,"CACI TECHNOLOGIES, LLC",W56KGU20F0015,2026-01-30,-575800.0,Department of Defense,Department of the Army,DELIVERY ORDER
ACN,ACCENTURE FEDERAL SERVICES LLC,89243126FSC000021,2026-02-05,1391772.0,Department of Energy,Department of Energy,BPA CALL
BAH,BOOZ ALLEN HAMILTON INC,FA807522F0052,2026-04-07,653956.0,Department of Defense,Department of the Air Force,DELIVERY ORDER
ACN,ACCENTURE FEDERAL SERVICES LLC,1331L520C13OS0005,2025-11-24,7932695.37,Department of Commerce,Office of the Secretary,DEFINITIVE CONTRACT
BAH,BOOZ ALLEN HAMILTON INC,68HERC23F0419,2025-12-02,-4998.35,Environmental Protection Agency,Environmental Protection Agency,BPA CALL
ACN,ACCENTURE FEDERAL SERVICES LLC,FA714624F0005,2026-01-13,1641138.0,Department of Defense,Department of the Air Force,DELIVERY ORDER
NOC,NORTHROP GRUMMAN SYSTEMS CORPORATION,N6660425F3018,2025-09-23,4583255.05,Department of Defense,Department of the Navy,DELIVERY ORDER
GD,"GENERAL DYNAMICS GLOBAL FORCE, LLC",W911QY24F0139,2025-08-14,-781338.86,Department of Defense,Department of the Army,DELIVERY ORDER
BAH,BOOZ ALLEN HAMILTON INC,693KA824F00032,2025-08-19,185512.0,Department of Transportation,Federal Aviation Administration,DELIVERY ORDER
BAH,BOOZ ALLEN HAMILTON INC,N6660422F3007,2025-12-12,2129197.0,Department of Defense,Department of the Navy,DELIVERY ORDER
NOC,NORTHROP GRUMMAN SYSTEMS CORPORATION,HR001123C0002,2025-11-26,6040000.0,Department of Defense,Defense Advanced Research Projects Agency,DEFINITIVE CONTRACT
BAH,BOOZ ALLEN HAMILTON INC,47QFWA25F0009,2025-12-22,857090.33,General Services Administration,Federal Acquisition Service,DELIVERY ORDER
GD,GENERAL DYNAMICS ONE SOURCE LLC,FA824025F5001,2026-01-30,283899.55,Department of Defense,Department of the Air Force,DELIVERY ORDER
GD,"GENERAL DYNAMICS MISSION SYSTEMS, INC.",HQ085022C0007,2025-09-24,15868432.84,Department of Defense,Department of the Air Force,DEFINITIVE CONTRACT
GD,"GENERAL DYNAMICS MISSION SYSTEMS, INC.",N0002419C6108,2025-08-28,-6159.48,Department of Defense,Defense Contract Management Agency,DEFINITIVE CONTRACT
CACI,"CACI TECHNOLOGIES, LLC",W909MY22F0069,2026-01-28,57745.55,Department of Defense,Department of the Army,DELIVERY ORDER
LMT,"LOCKHEED MARTIN GLOBAL, INC",W31P4Q17C0173,2025-09-22,-455690.54,Department of Defense,Department of the Army,DEFINITIVE CONTRACT
GD,"GENERAL DYNAMICS INFORMATION TECHNOLOGY, INC.",W91RUS19F0174,2025-12-23,11398579.0,Department of Defense,Department of the Army,DELIVERY ORDER
CACI,"CACI, INC. - FEDERAL",47QFCA19F0006,2025-11-13,334152.0,General Services Administration,Federal Acquisition Service,DELIVERY ORDER
LMT,LOCKHEED MARTIN CORPORATION,FA873023FB014,2026-02-12,91000.0,Department of Defense,Department of the Air Force,DELIVERY ORDER
NOC,NORTHROP GRUMMAN SYSTEMS CORPORATION,HQ085223C0002,2026-05-11,6682000.0,Department of Defense,Missile Defense Agency,DEFINITIVE CONTRACT
LMT,LOCKHEED MARTIN CORPORATION,N0001923F2538,2026-04-16,-2785.0,Department of Defense,Department of the Navy,DELIVERY ORDER
PLTR,PALANTIR TECHNOLOGIES INC.,75P00125F37006,2026-07-29,6592872.0,Department of Health and Human Services,Office of the Assistant Secretary for Financial Resources,BPA CALL
LDOS,"LEIDOS, INC.",FA701423F0035,2026-01-29,44835.5,Department of Defense,Department of the Air Force,DELIVERY ORDER
IBM,INTERNATIONAL BUSINESS MACHINES CORPORATION,HQ042325FE014,2026-03-23,2898403.2,Department of Defense,Defense Finance and Accounting Service,DELIVERY ORDER
BAH,BOOZ ALLEN HAMILTON INC,47QFWA20F0018,2026-05-06,-384400.65,General Services Administration,Federal Acquisition Service,DELIVERY ORDER
BA,"BOEING COMPANY, THE",HSTS0411JCT7509,2026-05-05,7539.27,Department of Homeland Security,Transportation Security Administration,DELIVERY ORDER
LMT,LOCKHEED MARTIN CORPORATION,FA820524F0615,2025-09-11,9733218.5,Department of Defense,Department of the Air Force,DELIVERY ORDER
GD,"GENERAL DYNAMICS MISSION SYSTEMS, INC.",S0701A21F1007,2026-03-24,-78974.67,Department of Defense,Defense Contract Management Agency,DELIVERY ORDER
LDOS,"LEIDOS, INC.",N0003924F7294,2025-08-19,488118.7,Department of Defense,Department of the Navy,DELIVERY ORDER
LDOS,"LEIDOS, INC.",N6883625F7M5M,2026-01-26,1003973.87,Department of Defense,Department of the Navy,DELIVERY ORDER
GD,"GENERAL DYNAMICS MISSION SYSTEMS, INC.",N0003026C1005,2026-04-16,127444936.0,Department of Defense,Department of the Navy,DEFINITIVE CONTRACT
GD,"GENERAL DYNAMICS INFORMATION TECHNOLOGY, INC.",68HERH25F0078,2026-04-14,-153331.75,Environmental Protection Agency,Environmental Protection Agency,DELIVERY ORDER
GD,GENERAL DYNAMICS LAND SYSTEMS INC.,W912CH26F0161,2026-05-07,483172.88,Department of Defense,Department of the Army,DELIVERY ORDER
NOC,NORTHROP GRUMMAN SYSTEMS CORPORATION,N4215823CS001,2026-02-27,1452.0,Department of Defense,Department of the Navy,DEFINITIVE CONTRACT
LDOS,"LEIDOS, INC.",80JSC024CA005,2025-09-10,18542797.84,National Aeronautics and Space Administration,National Aeronautics and Space Administration,DEFINITIVE CONTRACT
LMT,LOCKHEED MARTIN CORPORATION,N0001923C0009,2025-12-30,148291371.0,Department of Defense,Department of the Navy,DEFINITIVE CONTRACT
CACI,"CACI, INC. - FEDERAL",70CMSW21FR0000115,2025-08-18,4589338.48,Department of Homeland Security,U.S. Immigration and Customs Enforcement,DELIVERY ORDER
BAH,BOOZ ALLEN HAMILTON INC,FA821924F0010,2025-12-19,88629.0,Department of Defense,Department of the Air Force,DELIVERY ORDER
LDOS,"LEIDOS, INC.",HDTRA117C0019,2025-08-13,-1427856.83,Department of Defense,Defense Threat Reduction Agency,DEFINITIVE CONTRACT
LMT,LOCKHEED MARTIN CORPORATION,N0002420C5101,2025-09-30,247331.0,Department of Defense,Department of the Navy,DEFINITIVE CONTRACT
NOC,NORTHROP GRUMMAN SYSTEMS CORPORATION,FA854024F0048,2025-09-18,-32389.2,Department of Defense,Department of the Air Force,DELIVERY ORDER
BAH,BOOZ ALLEN HAMILTON INC,47QFWA20F0028,2025-08-20,5604667.4,General Services Administration,Federal Acquisition Service,DELIVERY ORDER
HII,HUNTINGTON INGALLS INCORPORATED,N0002419C4313,2025-09-24,248962.0,Department of Defense,Department of the Navy,DEFINITIVE CONTRACT
GD,"GENERAL DYNAMICS INFORMATION TECHNOLOGY, INC.",W52P1J19F0488,2025-08-14,-90991.93,Department of Defense,Department of the Army,DELIVERY ORDER
ACN,ACCENTURE FEDERAL SERVICES LLC,FA714625F0032,2026-02-25,203277.0,Department of Defense,Department of the Air Force,DELIVERY ORDER
IBM,INTERNATIONAL BUSINESS MACHINES CORPORATION,36C10D23N0010,2025-09-23,941755.79,Department of Veterans Affairs,Department of Veterans Affairs,DELIVERY ORDER
LMT,LOCKHEED MARTIN CORPORATION,N0002418C2300,2025-09-23,880129.0,Department of Defense,Department of the Navy,DEFINITIVE CONTRACT
BA,THE BOEING COMPANY,FA882326FB003,2026-01-27,18720520.0,Department of Defense,Department of the Air Force,DELIVERY ORDER
NOC,NORTHROP GRUMMAN SYSTEMS CORPORATION,HR001117C0043,2025-09-30,-94718.0,Department of Defense,Defense Advanced Research Projects Agency,DEFINITIVE CONTRACT
CACI,"CACI NSS, LLC",HQ003419F0096,2025-09-26,-574185.21,Department of Defense,Washington Headquarters Services,DELIVERY ORDER
BAH,BOOZ ALLEN HAMILTON INC,FA865023F2201,2025-11-24,150000.0,Department of Defense,Department of the Air Force,DELIVERY ORDER
GD,"GENERAL DYNAMICS INFORMATION TECHNOLOGY, INC.",91003122C0003,2025-09-26,33781263.72,Department of Education,Department of Education,DEFINITIVE CONTRACT
SATL,SATELLITE SERVICES INC,70CMSW19FR0000044,2026-03-03,231640.92,Department of Homeland Security,U.S. Immigration and Customs Enforcement,DELIVERY ORDER
LMT,LOCKHEED MARTIN CORPORATION,N0001926C0115,2025-11-14,10930527.0,Department of Defense,Department of the Navy,DEFINITIVE CONTRACT
BA,THE BOEING COMPANY,S2606A21F0034,2025-11-05,-36105.0,Department of Defense,Defense Contract Management Agency,DELIVERY ORDER
PLTR,PALANTIR TECHNOLOGIES INC.,70CTD022FR0000170,2025-09-26,1961877.0,Department of Homeland Security,U.S. Immigration and Customs Enforcement,DELIVERY ORDER
LMT,LOCKHEED MARTIN CORPORATION,80GRC023CA010,2025-09-25,121713.0,National Aeronautics and Space Administration,National Aeronautics and Space Administration,DEFINITIVE CONTRACT
BAH,BOOZ ALLEN HAMILTON INC,FA807525F0044,2026-04-30,2778829.0,Department of Defense,Department of the Air Force,DELIVERY ORDER
PSN,PARSONS GOVERNMENT SERVICES INC.,47QFCA21F0042,2026-06-23,10225144.28,General Services Administration,Federal Acquisition Service,DELIVERY ORDER
LDOS,"LEIDOS, INC.",HC102826F0010,2026-03-26,4602088.65,Department of Defense,Defense Information Systems Agency,DELIVERY ORDER
NOC,NORTHROP GRUMMAN SYSTEMS CORPORATION,HR001124C0310,2025-09-09,961468.0,Department of Defense,Defense Advanced Research Projects Agency,DEFINITIVE CONTRACT
LDOS,"LEIDOS, INC.",15A00020FAQA00189,2026-07-16,463386.11,Department of Justice,"Bureau of Alcohol, Tobacco, Firearms and Explosives Acquisition and Property Management Division",DELIVERY ORDER
BAH,BOOZ ALLEN HAMILTON INC,47QFPA22F0007,2026-02-26,13246619.95,General Services Administration,Federal Acquisition Service,DELIVERY ORDER
LMT,LOCKHEED MARTIN CORPORATION,H9225425F2874,2025-09-25,-302238.36,Department of Defense,U.S. Special Operations Command,DELIVERY ORDER
GE,GENERAL ELECTRIC COMPANY,SPE4AX26F1590,2025-10-27,27675383.24,Department of Defense,Defense Logistics Agency,DELIVERY ORDER
LMT,LOCKHEED MARTIN CORPORATION,N6134021C0010,2025-12-09,6164604.99,Department of Defense,Department of the Navy,DEFINITIVE CONTRACT
GD,GENERAL DYNAMICS INFORMATION TECHNOLOGY INC.,19AQMM23F1518,2025-08-15,288.72,Department of State,Department of State,DELIVERY ORDER
LDOS,"LEIDOS, INC.",70B04C26F00000246,2026-06-05,64375.0,Department of Homeland Security,U.S. Customs and Border Protection,DELIVERY ORDER
NOC,NORTHROP GRUMMAN SYSTEMS CORPORATION,HQ085624F0003,2025-11-18,210000.0,Department of Defense,Missile Defense Agency,DELIVERY ORDER
RKLB,ROCKET LAB USA INC,80KSC023FA107,2026-05-27,4997000.0,National Aeronautics and Space Administration,National Aeronautics and Space Administration,DELIVERY ORDER
LMT,LOCKHEED MARTIN CORPORATION,HQ072723F1100,2026-02-11,10000000.0,Department of Defense,Defense Microelectronics Activity,DELIVERY ORDER
ACN,ACCENTURE FEDERAL SERVICES LLC,140D0424F1210,2026-01-20,-697618.19,Department of the Interior,Departmental Offices,DELIVERY ORDER
LDOS,LEIDOS BIOMEDICAL RESEARCH INC,75N91020F00009,2025-09-29,5946332.0,Department of Health and Human Services,National Institutes of Health,DELIVERY ORDER
GE,GENERAL ELECTRIC COMPANY,SPRTA125F0134,2026-04-23,-132664.62,Department of Defense,Defense Logistics Agency,DELIVERY ORDER
GD,"GENERAL DYNAMICS INFORMATION TECHNOLOGY, INC.",47QFCA23F0040,2026-04-20,4909245.37,General Services Administration,Federal Acquisition Service,DELIVERY ORDER
CACI,"CACI, INC. - FEDERAL",FA875024CB037,2026-01-06,255000.0,Department of Defense,Department of the Air Force,DEFINITIVE CONTRACT
BAH,BOOZ ALLEN HAMILTON INC,HC104718F0017,2026-04-14,-74598.0,Department of Defense,Defense Information Systems Agency,DELIVERY ORDER
LMT,LOCKHEED MARTIN CORPORATION,W52P1J19F0485,2025-12-11,345396.0,Department of Defense,Department of the Army,DELIVERY ORDER
LDOS,"LEIDOS, INC.",M6785426F4205,2026-01-30,368000.0,Department of Defense,Department of the Navy,DELIVERY ORDER
IBM,INTERNATIONAL BUSINESS MACHINES CORPORATION,15BNAS21FRCA00031,2025-12-22,257467.27,Department of Justice,Federal Prison System / Bureau of Prisons,DELIVERY ORDER
LMT,LOCKHEED MARTIN CORPORATION,FA820526FB002,2026-01-08,785735.4,Department of Defense,Department of the Air Force,DELIVERY ORDER
CACI,"CACI, INC. - FEDERAL",W519TC23F0281,2026-01-29,3000000.0,Department of Defense,Department of the Army,DELIVERY ORDER
LMT,LOCKHEED MARTIN CORPORATION,HQ085121C0002,2025-09-24,44154973.0,Department of Defense,Missile Defense Agency,DEFINITIVE CONTRACT
LMT,LOCKHEED MARTIN CORPORATION,N0001924F0211,2025-09-30,216639.0,Department of Defense,Department of the Navy,DELIVERY ORDER
BAH,BOOZ ALLEN HAMILTON INC,W519TC24F2229,2026-03-12,-89791.14,Department of Defense,Department of the Army,DELIVERY ORDER
IBM,INTERNATIONAL BUSINESS MACHINES CORPORATION,15JPSS25F00000578,2026-03-16,2876278.99,Department of Justice,"Offices, Boards and Divisions",DELIVERY ORDER
BAH,BOOZ ALLEN HAMILTON INC,47QFSA20F0066,2026-03-19,243288.55,General Services Administration,Federal Acquisition Service,DELIVERY ORDER
LMT,LOCKHEED MARTIN CORPORATION,FA820524F0623,2025-08-14,4892680.0,Department of Defense,Department of the Air Force,DELIVERY ORDER
BAH,BOOZ ALLEN HAMILTON INC,75F40123F19018,2026-06-18,-143413.99,Department of Health and Human Services,Food and Drug Administration,BPA CALL
BA,"BOEING AEROSPACE OPERATIONS, INC.",W58RGZ21F0192,2026-04-01,-436502.57,Department of Defense,Department of the Army,DELIVERY ORDER
BAH,BOOZ ALLEN HAMILTON INC,15F06724F0001275,2025-09-18,740000.0,Department of Justice,Federal Bureau of Investigation,DELIVERY ORDER
BA,THE BOEING COMPANY,W58RGZ21C0015,2025-09-05,1278960.0,Department of Defense,Department of the Army,DEFINITIVE CONTRACT
LMT,LOCKHEED MARTIN CORPORATION,H9225420F2351,2026-02-26,-304082.63,Department of Defense,U.S. Special Operations Command,DELIVERY ORDER
HON,HONEYWELL INTERNATIONAL INC.,FA812126F0072,2026-05-06,1175670.72,Department of Defense,Department of the Air Force,DELIVERY ORDER
BAH,BOOZ ALLEN HAMILTON INC,FA875025FB009,2025-08-27,1000000.0,Department of Defense,Department of the Air Force,DELIVERY ORDER
GD,GENERAL DYNAMICS LAND SYSTEMS INC.,W912CH26F0100,2026-02-27,2017497.0,Department of Defense,Department of the Army,DELIVERY ORDER
ACN,ACCENTURE FEDERAL SERVICES LLC,SP470924F0037,2026-02-12,488677.23,Department of Defense,Defense Logistics Agency,DELIVERY ORDER
LMT,LOCKHEED MARTIN CORPORATION,N0002420C5601,2026-02-06,1553542.0,Department of Defense,Department of the Navy,DEFINITIVE CONTRACT
LDOS,"LEIDOS, INC.",HC102821F0002,2025-11-24,-435000.0,Department of Defense,Defense Information Systems Agency,DELIVERY ORDER
PSN,PARSONS GOVERNMENT SERVICES INC.,HB000123F1013,2025-09-24,2996703.0,Department of Defense,U.S. Cyber Command,DELIVERY ORDER
LDOS,"LEIDOS, INC.",W56KGU20F0017,2026-01-28,12600000.0,Department of Defense,Department of the Army,DELIVERY ORDER
LMT,LOCKHEED MARTIN CORPORATION,FA862122F6263,2026-01-30,1912231.26,Department of Defense,Department of the Air Force,DELIVERY ORDER
LMT,LOCKHEED MARTIN CORPORATION,N0003020C0045,2026-04-03,161555.0,Department of Defense,Department of the Navy,DEFINITIVE CONTRACT
LDOS,"LEIDOS, INC.",N0003925F7472,2025-10-31,113396.35,Department of Defense,Department of the Navy,DELIVERY ORDER
BA,THE BOEING COMPANY,N6893623F0374,2025-09-17,100000.0,Department of Defense,Department of the Navy,DELIVERY ORDER
BAH,BOOZ ALLEN HAMILTON INC,47QFCA24F0037,2025-09-09,51687539.0,General Services Administration,Federal Acquisition Service,DELIVERY ORDER
LMT,LOCKHEED MARTIN CORPORATION,FA873021C0022,2026-02-03,795582.0,Department of Defense,Department of the Air Force,DEFINITIVE CONTRACT
GD,"GENERAL DYNAMICS INFORMATION TECHNOLOGY, INC.",140D0422F0528,2025-12-16,-1166894.62,Department of the Interior,Departmental Offices,DELIVERY ORDER
BAH,BOOZ ALLEN HAMILTON INC,N6133122F3011,2026-02-02,37898.0,Department of Defense,Department of the Navy,DELIVERY ORDER
GD,"GENERAL DYNAMICS MISSION SYSTEMS, INC.",N0003022C1005,2026-01-06,92024.59,Department of Defense,Department of the Navy,DEFINITIVE CONTRACT
BA,THE BOEING COMPANY,SPE4A224F2113,2025-11-19,903610.2,Department of Defense,Defense Logistics Agency,DELIVERY ORDER
LMT,LOCKHEED MARTIN CORPORATION,2019,2025-09-25,-260254.58,Department of Defense,U.S. Special Operations Command,DELIVERY ORDER
GD,"GENERAL DYNAMICS MISSION SYSTEMS, INC.",FA873526FB001,2026-05-01,393663.0,Department of Defense,Department of the Air Force,DELIVERY ORDER
IBM,INTERNATIONAL BUSINESS MACHINES CORPORATION,70SBUR24F00000103,2025-12-31,-1035841.7,Department of Homeland Security,U.S. Citizenship and Immigration Services,DELIVERY ORDER
LMT,LOCKHEED MARTIN CORPORATION,W31P4Q25C0023,2026-04-17,7079389.53,Department of Defense,Department of the Army,DEFINITIVE CONTRACT
IBM,INTERNATIONAL BUSINESS MACHINES CORPORATION,N0002425FB064,2025-09-29,643169.0,Department of Defense,Department of the Navy,DELIVERY ORDER
LMT,LOCKHEED MARTIN CORPORATION,N0002424C5131,2026-02-13,17133441.41,Department of Defense,Department of the Navy,DEFINITIVE CONTRACT
BAH,BOOZ ALLEN HAMILTON INC,W31P4Q21FB004,2026-01-23,907028.32,Department of Defense,Department of the Army,DELIVERY ORDER
NOC,NORTHROP GRUMMAN SYSTEMS CORPORATION,N0001921F0362,2025-09-10,78564.1,Department of Defense,Department of the Navy,DELIVERY ORDER
GD,"GENERAL DYNAMICS MISSION SYSTEMS, INC.",FA880725FB008,2026-03-06,1919450.14,Department of Defense,Department of the Air Force,DELIVERY ORDER
GD,"GENERAL DYNAMICS INFORMATION TECHNOLOGY, INC.",N6523624F0169,2026-02-24,770565.0,Department of Defense,Department of the Navy,DELIVERY ORDER
CACI,"CACI NSS, LLC",70RTAC24FC0000016,2025-08-25,7810.01,Department of Homeland Security,Office of Procurement Operations,BPA CALL
LMT,LOCKHEED MARTIN CORPORATION,HQ085224F0006,2026-03-12,1169410.75,Department of Defense,Missile Defense Agency,DELIVERY ORDER
LDOS,"LEIDOS, INC.",FA945124FX005,2025-12-29,60000.0,Department of Defense,Department of the Air Force,DELIVERY ORDER
CACI,"CACI, INC. - FEDERAL",47QFMA25F0003,2026-05-26,-118457.86,General Services Administration,Federal Acquisition Service,DELIVERY ORDER
CACI,"CACI, INC. - FEDERAL",N6426724F3007,2026-03-05,1900000.99,Department of Defense,Department of the Navy,DELIVERY ORDER
CACI,"CACI, INC. - FEDERAL",FA807525F0033,2025-08-20,237000.0,Department of Defense,Department of the Air Force,DELIVERY ORDER
LMT,LOCKHEED MARTIN CORPORATION,HQ072724F1105,2026-03-04,750000.0,Department of Defense,Defense Microelectronics Activity,DELIVERY ORDER
BA,THE BOEING COMPANY,FA852625F0001,2025-09-19,1771276.13,Department of Defense,Department of the Air Force,DELIVERY ORDER
LDOS,LEIDOS BIOMEDICAL RESEARCH INC,75N91022F00027,2025-12-05,-190881.0,Department of Health and Human Services,National Institutes of Health,DELIVERY ORDER
LDOS,"LEIDOS, INC.",N6264522F0042,2026-01-28,894362.06,Department of Defense,Department of the Navy,DELIVERY ORDER
PSN,PARSONS GOVERNMENT SERVICES INC.,W911QX26FA008,2026-04-14,401700.0,Department of Defense,Department of the Army,DELIVERY ORDER
CACI,"CACI, INC. - FEDERAL",N0016425F3019,2025-09-22,350000.0,Department of Defense,Department of the Navy,DELIVERY ORDER
GD,GENERAL DYNAMICS ONE SOURCE LLC,FA824026F5001,2026-02-27,10815648.17,Department of Defense,Department of the Air Force,DELIVERY ORDER
HII,HUNTINGTON INGALLS INCORPORATED,N0002424C2312,2025-09-04,326754.0,Department of Defense,Department of the Navy,DEFINITIVE CONTRACT
GD,"GENERAL DYNAMICS INFORMATION TECHNOLOGY, INC.",75N97023F00002,2026-01-22,4823407.92,Department of Health and Human Services,National Institutes of Health,DELIVERY ORDER
LMT,LOCKHEED MARTIN CORPORATION,H9225423F2662,2025-09-09,282865.39,Department of Defense,U.S. Special Operations Command,DELIVERY ORDER
LDOS,"LEIDOS, INC.",HDTRA125FE010,2026-03-05,1099754.0,Department of Defense,Defense Threat Reduction Agency,DELIVERY ORDER
GE,GENERAL ELECTRIC COMPANY,N0042126F1025,2025-12-18,851606.72,Department of Defense,Department of the Navy,DELIVERY ORDER
CACI,"CACI ENTERPRISE SOLUTIONS, LLC",SP470922F0028,2026-03-27,45972.64,Department of Defense,Defense Logistics Agency,DELIVERY ORDER
BA,THE BOEING COMPANY,FA863421C2702,2025-09-25,3296.0,Department of Defense,Department of the Air Force,DEFINITIVE CONTRACT
HII,HUNTINGTON INGALLS INCORPORATED,N0002421C4205,2026-02-17,353586.0,Department of Defense,Department of the Navy,DEFINITIVE CONTRACT
NOC,NORTHROP GRUMMAN SYSTEMS CORPORATION,N0003016C0010,2026-05-06,-55048.78,Department of Defense,Department of the Navy,DEFINITIVE CONTRACT
CAT,CATERPILLAR INC,W912CH25F0001,2025-12-17,379454.15,Department of Defense,Department of the Army,DELIVERY ORDER
GD,"GENERAL DYNAMICS MISSION SYSTEMS, INC.",FA254123CB002,2026-04-10,3026404.65,Department of Defense,Department of the Air Force,DEFINITIVE CONTRACT
GD,GENERAL DYNAMICS LAND SYSTEMS INC.,W912CH24F0001,2026-01-22,-2628756.73,Department of Defense,Department of the Army,DELIVERY ORDER
ACN,ACCENTURE FEDERAL SERVICES LLC,89243423FEE000268,2026-04-02,93543.0,Department of Energy,Department of Energy,BPA CALL
GD,"GENERAL DYNAMICS INFORMATION TECHNOLOGY, INC.",IND17PD00060,2025-10-30,27204.97,Department of the Interior,Departmental Offices,DELIVERY ORDER
LDOS,"LEIDOS, INC.",HSTS0416JCT4041,2026-01-16,-0.06,Department of Homeland Security,Transportation Security Administration,DELIVERY ORDER
GD,"GENERAL DYNAMICS INFORMATION TECHNOLOGY, INC.",N0018924FZ445,2025-09-26,205128.0,Department of Defense,Department of the Navy,DELIVERY ORDER
CAT,CATERPILLAR INC,SPE8EC26F0409,2026-05-01,39717.0,Department of Defense,Defense Logistics Agency,DELIVERY ORDER
LMT,LOCKHEED MARTIN CORPORATION,FA868224CB001,2026-03-31,253520000.0,Department of Defense,Department of the Air Force,DEFINITIVE CONTRACT
GD,"GENERAL DYNAMICS INFORMATION TECHNOLOGY, INC.",FA714621FB007,2025-09-23,820929.13,Department of Defense,Department of the Air Force,DELIVERY ORDER
LDOS,"LEIDOS, INC.",FA807524F0036,2025-09-08,1338100.0,Department of Defense,Department of the Air Force,DELIVERY ORDER
BA,BELL BOEING JOINT PROJECT OFFICE,N0001922F0027,2025-12-22,187022.41,Department of Defense,Department of the Navy,DELIVERY ORDER
PLTR,PALANTIR USG INC,W56KGY25F0111,2025-08-26,1062644.54,Department of Defense,Department of the Army,DELIVERY ORDER
NOC,NORTHROP GRUMMAN SYSTEMS CORPORATION,HTC71120FD069,2025-09-05,79355.99,Department of Defense,USTRANSCOM,DELIVERY ORDER
IBM,INTERNATIONAL BUSINESS MACHINES CORPORATION,15JPSS19F00000879,2026-08-05,-12928.41,Department of Justice,"Offices, Boards and Divisions",DELIVERY ORDER
BAH,BOOZ ALLEN HAMILTON INC,1305M226F0165,2026-07-01,1056211.2,Department of Commerce,National Oceanic and Atmospheric Administration,BPA CALL
ACN,ACCENTURE FEDERAL SERVICES LLC,75F40126F19006,2026-06-15,2413853.1,Department of Health and Human Services,Food and Drug Administration,BPA CALL
BAH,BOOZ ALLEN HAMILTON INC,FA865023C1054,2025-11-24,50000.0,Department of Defense,Department of the Air Force,DEFINITIVE CONTRACT
GD,"GENERAL DYNAMICS INFORMATION TECHNOLOGY, INC.",N0003924F7891,2025-09-08,340636.66,Department of Defense,Department of the Navy,DELIVERY ORDER
CACI,"CACI, INC. - FEDERAL",FA882124FB001,2025-08-22,6015150.0,Department of Defense,Department of the Air Force,DELIVERY ORDER
LMT,LOCKHEED MARTIN CORPORATION,FA861123F0017,2026-01-28,5000000.0,Department of Defense,Department of the Air Force,DELIVERY ORDER
LMT,LOCKHEED MARTIN CORPORATION,H9225424F2856,2025-08-18,156750.0,Department of Defense,U.S. Special Operations Command,DELIVERY ORDER
BAH,BOOZ ALLEN HAMILTON INC,HR001122F0066,2025-08-13,1263532.0,Department of Defense,Defense Advanced Research Projects Agency,DELIVERY ORDER
BAH,BOOZ ALLEN HAMILTON INC,FA862023F4001,2025-08-14,20000.0,Department of Defense,Department of the Air Force,DELIVERY ORDER
BA,BELL BOEING JOINT PROJECT OFFICE,N0001925F0062,2026-04-16,131124.0,Department of Defense,Department of the Navy,DELIVERY ORDER
LMT,LOCKHEED MARTIN CORPORATION,N0001921F0436,2026-05-05,-10100.0,Department of Defense,Department of the Navy,DELIVERY ORDER
HII,HUNTINGTON INGALLS INC,N6279326F7803,2026-03-11,500000.0,Department of Defense,Department of the Navy,DELIVERY ORDER
PSN,PARSONS GOVERNMENT SERVICES INC.,FA830723FB087,2025-09-12,504959.89,Department of Defense,Department of the Air Force,DELIVERY ORDER
NOC,NORTHROP GRUMMAN SYSTEMS CORPORATION,N0001926F0092,2026-04-08,1363693.78,Department of Defense,Department of the Navy,DELIVERY ORDER
BA,THE BOEING COMPANY,FA852620F0020,2025-08-25,-16288724.27,Department of Defense,Defense Contract Management Agency,DELIVERY ORDER
LMT,LOCKHEED MARTIN CORP,FA862523F3029,2025-09-02,24565675.27,Department of Defense,Department of the Air Force,DELIVERY ORDER
BA,THE BOEING COMPANY,FA860922F0004,2025-08-22,175258.0,Department of Defense,Department of the Air Force,DELIVERY ORDER
LMT,LOCKHEED MARTIN CORPORATION,FA862113C6256,2026-03-30,-0.47,Department of Defense,Department of the Air Force,DEFINITIVE CONTRACT
LDOS,"LEIDOS, INC.",47QFCA23F0039,2025-09-02,9749377.89,General Services Administration,Federal Acquisition Service,DELIVERY ORDER
RKLB,ROCKET LAB USA INC,80KSC023FA107,2026-06-01,2000000.0,National Aeronautics and Space Administration,National Aeronautics and Space Administration,DELIVERY ORDER
BAH,BOOZ ALLEN HAMILTON INC,75N99225F00001,2026-06-11,49000000.0,Department of Health and Human Services,National Institutes of Health,DELIVERY ORDER
GD,"GENERAL DYNAMICS INFORMATION TECHNOLOGY, INC.",DTFAWA10D00003CALL0005,2025-09-23,1676883.98,Department of Transportation,Federal Aviation Administration,DELIVERY ORDER
LMT,LOCKHEED MARTIN CORPORATION,FA861125FB003,2025-09-30,83192391.0,Department of Defense,Department of the Air Force,DELIVERY ORDER
LMT,LOCKHEED MARTIN CORPORATION,FA861122F0003,2025-12-17,804298.0,Department of Defense,Department of the Air Force,DELIVERY ORDER
ACN,ACCENTURE FEDERAL SERVICES LLC,89303024FIM000147,2026-02-20,204000.0,Department of Energy,Department of Energy,BPA CALL
LMT,LOCKHEED MARTIN CORPORATION,FA861517C6045,2025-11-13,1655912.0,Department of Defense,Department of the Air Force,DEFINITIVE CONTRACT
GD,"GENERAL DYNAMICS INFORMATION TECHNOLOGY, INC.",47QFMA25F0016,2026-04-15,6752002.62,General Services Administration,Federal Acquisition Service,DELIVERY ORDER
BA,THE BOEING COMPANY,FA821426FB007,2026-01-27,3348419.98,Department of Defense,Department of the Air Force,DELIVERY ORDER
BAH,BOOZ ALLEN HAMILTON INC,FA807525F0024,2025-11-17,150000.0,Department of Defense,Department of the Air Force,DELIVERY ORDER
LMT,LOCKHEED MARTIN CORPORATION,N0001926F0192,2026-04-29,4900000.0,Department of Defense,Department of the Navy,DELIVERY ORDER
BA,THE BOEING COMPANY,W58RGZ26F0123,2026-05-12,100000.0,Department of Defense,Department of the Army,DELIVERY ORDER
BAH,BOOZ ALLEN HAMILTON INC,15DDHQ23F00001262,2026-02-23,-324537.6,Department of Justice,Drug Enforcement Administration,BPA CALL
LMT,LOCKHEED MARTIN CORPORATION,FA861125F0034,2025-11-26,5513801.63,Department of Defense,Department of the Air Force,DELIVERY ORDER
LMT,LOCKHEED MARTIN CORPORATION,W31P4Q23C0014,2025-10-28,32000.0,Department of Defense,Department of the Army,DEFINITIVE CONTRACT
CACI,"CACI, INC. - FEDERAL",70B04C24F00001129,2025-09-30,869072.89,Department of Homeland Security,U.S. Customs and Border Protection,DELIVERY ORDER
LDOS,"LEIDOS, INC.",47QFCA23F0039,2026-07-21,-473864.5,General Services Administration,Federal Acquisition Service,DELIVERY ORDER
HII,HUNTINGTON INGALLS INCORPORATED,N0002423C2307,2026-02-02,60189.0,Department of Defense,Department of the Navy,DEFINITIVE CONTRACT
NOC,NORTHROP GRUMMAN SYSTEMS CORPORATION,DTFAWA17C00023,2026-04-09,374317.98,Department of Transportation,Federal Aviation Administration,DEFINITIVE CONTRACT
LMT,LOCKHEED MARTIN CORPORATION,H9225424F2842,2025-12-04,1282572.0,Department of Defense,U.S. Special Operations Command,DELIVERY ORDER
CACI,"CACI, INC. - FEDERAL",N3904025F3001,2025-09-29,534271.0,Department of Defense,Department of the Navy,DELIVERY ORDER
BAH,BOOZ ALLEN HAMILTON INC,FA875022F1008,2026-02-23,553993.0,Department of Defense,Department of the Air Force,DELIVERY ORDER
ACN,ACCENTURE FEDERAL SERVICES LLC,89303022FIM000088,2026-07-28,780317.01,Department of Energy,Department of Energy,BPA CALL
NOC,NORTHROP GRUMMAN SYSTEMS CORP,FA821326FB003,2026-02-09,13462428.0,Department of Defense,Department of the Air Force,DELIVERY ORDER
BAH,BOOZ ALLEN HAMILTON INC,47QFCA20F0032,2025-09-09,7625354.62,General Services Administration,Federal Acquisition Service,DELIVERY ORDER
GD,"GENERAL DYNAMICS GLOBAL FORCE, LLC",W15P7T25F0038,2026-03-23,1451204.83,Department of Defense,Department of the Army,DELIVERY ORDER
GD,"GENERAL DYNAMICS MISSION SYSTEMS, INC.",N6134023C0007,2025-09-24,376365.0,Department of Defense,Department of the Navy,DEFINITIVE CONTRACT
BA,THE BOEING COMPANY,FA810222F2002,2026-02-04,-259460.19,Department of Defense,Defense Contract Management Agency,DELIVERY ORDER
PSN,PARSONS GOVERNMENT SERVICES INC.,W15QKN23F0692,2026-04-23,3917743.44,Department of Defense,Department of the Army,DELIVERY ORDER
LMT,LOCKHEED MARTIN CORPORATION,H9225424F2842,2026-03-20,-38182.0,Department of Defense,U.S. Special Operations Command,DELIVERY ORDER
KTOS,"KRATOS UNMANNED AERIAL SYSTEMS, INC",W900KK23F0112,2026-05-01,4500000.0,Department of Defense,Department of the Army,DELIVERY ORDER
LMT,LOCKHEED MARTIN CORPORATION,N0017322C6001,2026-02-06,850000.0,Department of Defense,Department of the Navy,DEFINITIVE CONTRACT
PSN,PARSONS GOVERNMENT SERVICES INC.,FA564123F0004,2026-01-08,4783889.82,Department of Defense,Department of the Air Force,DELIVERY ORDER
LMT,"LOCKHEED MARTIN GLOBAL, INC.",FA873023C0006,2026-03-31,450000.0,Department of Defense,Department of the Air Force,DEFINITIVE CONTRACT
GD,"GENERAL DYNAMICS INFORMATION TECHNOLOGY, INC.",N0016724F3004,2025-09-09,911333.0,Department of Defense,Department of the Navy,DELIVERY ORDER
ACN,ACCENTURE FEDERAL SERVICES LLC,12314418F0020,2025-09-08,2369986.14,Department of Agriculture,Office of the Chief Financial Officer,DELIVERY ORDER
BA,THE BOEING COMPANY,FA236325CB003,2025-09-02,18916071.0,Department of Defense,Department of the Air Force,DEFINITIVE CONTRACT
GD,"GENERAL DYNAMICS INFORMATION TECHNOLOGY, INC.",75R60226F34005,2026-06-02,12003567.72,Department of Health and Human Services,Health Resources and Services Administration,BPA CALL
GD,"GENERAL DYNAMICS MISSION SYSTEMS, INC.",FA714626F0004,2026-04-01,11235000.0,Department of Defense,Department of the Air Force,DELIVERY ORDER
CACI,"CACI, INC. - FEDERAL",47QFMA25F0003,2026-03-31,600000.0,General Services Administration,Federal Acquisition Service,DELIVERY ORDER
BAH,BOOZ ALLEN HAMILTON INC,N0003922F3004,2026-03-31,12180641.0,Department of Defense,Department of the Navy,DELIVERY ORDER
ACN,ACCENTURE FEDERAL SERVICES LLC,SP470924F0037,2025-09-25,-15000.0,Department of Defense,Defense Logistics Agency,DELIVERY ORDER
BA,THE BOEING COMPANY,N0001923F2457,2026-05-11,52839.26,Department of Defense,Department of the Navy,DELIVERY ORDER
LDOS,"LEIDOS, INC.",N6883625F7MJL,2026-04-02,157856.07,Department of Defense,Department of the Navy,DELIVERY ORDER
ACN,ACCENTURE FEDERAL SERVICES LLC,91003119F0003,2026-04-13,7782059.0,Department of Education,Department of Education,DELIVERY ORDER
LMT,LOCKHEED MARTIN CORPORATION,FA868223CB005,2026-03-31,52219557.0,Department of Defense,Department of the Air Force,DEFINITIVE CONTRACT
LMT,LOCKHEED MARTIN CORPORATION,N0001925F0175,2026-01-26,6957062.0,Department of Defense,Department of the Navy,DELIVERY ORDER
BAH,BOOZ ALLEN HAMILTON INC,FA875025CB074,2026-01-28,5000.0,Department of Defense,Department of the Air Force,DEFINITIVE CONTRACT
CACI,"CACI, INC. - FEDERAL",FA807522F0054,2026-02-17,276400.0,Department of Defense,Department of the Air Force,DELIVERY ORDER
LMT,LOCKHEED MARTIN CORPORATION,47QFPA24F0004,2026-04-24,-5035.38,General Services Administration,Federal Acquisition Service,DELIVERY ORDER
GD,"GENERAL DYNAMICS INFORMATION TECHNOLOGY, INC.",47QFCA24F0009,2026-03-05,32323167.0,General Services Administration,Federal Acquisition Service,DELIVERY ORDER
GD,"GENERAL DYNAMICS MISSION SYSTEMS, INC.",W56KGY26F0011,2026-01-29,2556521.0,Department of Defense,Department of the Army,DELIVERY ORDER
HON,HONEYWELL INTERNATIONAL INC.,W15P7T24F0007,2026-04-01,533238.0,Department of Defense,Department of the Army,DELIVERY ORDER
BAH,BOOZ ALLEN HAMILTON INC,0016,2025-08-26,-188384.53,Department of Defense,Department of the Air Force,DELIVERY ORDER
BAH,BOOZ ALLEN HAMILTON INC,N6600126F0049,2026-02-28,5996467.38,Department of Defense,Department of the Navy,DELIVERY ORDER
VSEC,VSE CORPORATION,N0002418F4200,2025-08-20,-196384.75,Department of Defense,Department of the Navy,DELIVERY ORDER
GD,"GENERAL DYNAMICS INFORMATION TECHNOLOGY, INC.",47QFCA24F0007,2025-09-04,5862526.0,General Services Administration,Federal Acquisition Service,DELIVERY ORDER
GD,"GENERAL DYNAMICS MISSION SYSTEMS, INC.",HQ085022C0007,2025-08-15,8750000.0,Department of Defense,Department of the Air Force,DEFINITIVE CONTRACT
BA,THE BOEING COMPANY,FA852626FB001,2026-01-16,15957359.27,Department of Defense,Department of the Air Force,DELIVERY ORDER
LDOS,"LEIDOS, INC.",N6883625F7M5D,2026-04-22,27384.05,Department of Defense,Department of the Navy,DELIVERY ORDER
BAH,BOOZ ALLEN HAMILTON INC,N0042125F3008,2025-09-29,505616.58,Department of Defense,Department of the Navy,DELIVERY ORDER
BA,THE BOEING COMPANY,SPRRA124F0126,2025-09-19,-1092087.9,Department of Defense,Defense Logistics Agency,DELIVERY ORDER
CACI,"CACI, INC. - FEDERAL",70B04C24F00001129,2025-08-14,-547298.08,Department of Homeland Security,U.S. Customs and Border Protection,DELIVERY ORDER
LDOS,LEIDOS BIOMEDICAL RESEARCH INC,75N91025F00009,2025-09-04,1676963.0,Department of Health and Human Services,National Institutes of Health,DELIVERY ORDER
BAH,BOOZ ALLEN HAMILTON INC,HQ003424F0284,2025-12-11,3623660.18,Department of Defense,Washington Headquarters Services,DELIVERY ORDER
LDOS,"LEIDOS, INC.",N6883625F7K9B,2025-10-31,133438.51,Department of Defense,Department of the Navy,DELIVERY ORDER
LMT,LOCKHEED MARTIN CORPORATION,N0002425F5103,2025-09-25,4627321.0,Department of Defense,Department of the Navy,DELIVERY ORDER
LDOS,LEIDOS BIOMEDICAL RESEARCH INC,75N91021F00017,2025-08-18,-2177307.0,Department of Health and Human Services,National Institutes of Health,DELIVERY ORDER
LMT,LOCKHEED MARTIN CORPORATION,H9225422F2627,2026-03-10,-114514.39,Department of Defense,U.S. Special Operations Command,DELIVERY ORDER
LDOS,"LEIDOS, INC.",47QFCA23F0039,2026-05-07,1486650.0,General Services Administration,Federal Acquisition Service,DELIVERY ORDER
HII,HUNTINGTON INGALLS INC,N5523625F9926,2025-09-03,26121.0,Department of Defense,Department of the Navy,DELIVERY ORDER
GD,"GENERAL DYNAMICS INFORMATION TECHNOLOGY, INC.",68HERD24F0087,2026-02-04,3602.24,Environmental Protection Agency,Environmental Protection Agency,BPA CALL
IBM,INTERNATIONAL BUSINESS MACHINES CORPORATION,273FCC22F0168,2025-12-04,493419.28,Federal Communications Commission,Federal Communications Commission,DELIVERY ORDER
NOC,NORTHROP GRUMMAN SYSTEMS CORPORATION,NNG14FC04C,2026-06-18,64657.0,National Aeronautics and Space Administration,National Aeronautics and Space Administration,DEFINITIVE CONTRACT
BA,THE BOEING COMPANY,SPE4AX25F0649,2025-11-25,441533.54,Department of Defense,Defense Logistics Agency,DELIVERY ORDER
GD,"GENERAL DYNAMICS INFORMATION TECHNOLOGY, INC.",80HQTR23FA049,2025-09-26,430000.0,National Aeronautics and Space Administration,National Aeronautics and Space Administration,DELIVERY ORDER
LDOS,"LEIDOS, INC.",FA807521F0045,2025-09-03,749116.0,Department of Defense,Department of the Air Force,DELIVERY ORDER
GD,"GENERAL DYNAMICS GLOBAL FORCE, LLC",W909MY25F0055,2026-02-26,451351.76,Department of Defense,Department of the Army,DELIVERY ORDER
NOC,NORTHROP GRUMMAN SYSTEMS CORPORATION,N0038325FBH0F,2025-09-03,1222699.0,Department of Defense,Department of the Navy,DELIVERY ORDER
NOC,NORTHROP GRUMMAN SYSTEMS CORPORATION,FA821421F0015,2025-08-27,903180.0,Department of Defense,Department of the Air Force,DELIVERY ORDER
LMT,LOCKHEED MARTIN CORPORATION,W31P4Q23C0032,2025-09-26,84290896.66,Department of Defense,Department of the Army,DEFINITIVE CONTRACT
CACI,"CACI NSS, LLC",FA872625FB027,2026-05-06,1376637.6,Department of Defense,Department of the Air Force,BPA CALL
NOC,NORTHROP GRUMMAN SYSTEMS CORP,FA811025F0003,2025-09-19,996820.0,Department of Defense,Department of the Air Force,DELIVERY ORDER
BA,THE BOEING COMPANY,FA880725CB006,2025-12-17,153000000.0,Department of Defense,Department of the Air Force,DEFINITIVE CONTRACT
LDOS,"LEIDOS, INC.",FA807524F0036,2025-08-12,1100000.0,Department of Defense,Department of the Air Force,DELIVERY ORDER
GE,GENERAL ELECTRIC COMPANY,FA862620F0026,2026-03-10,-109765.16,Department of Defense,Department of the Air Force,DELIVERY ORDER
KTOS,"KRATOS SRE, INC.",N0017823C2405,2026-04-07,95189.32,Department of Defense,Department of the Navy,DEFINITIVE CONTRACT
LDOS,"LEIDOS, INC.",DTFA0101CA0065CALL0001,2025-12-05,300000.0,Department of Transportation,Federal Aviation Administration,DELIVERY ORDER
LDOS,"LEIDOS, INC.",70T04021F7672N028,2025-09-22,16934200.17,Department of Homeland Security,Transportation Security Administration,DELIVERY ORDER
LMT,LOCKHEED MARTIN CORPORATION,HQ085126FE002,2026-02-25,1495460.86,Department of Defense,Missile Defense Agency,DELIVERY ORDER
LMT,LOCKHEED MARTIN CORPORATION,N0002420C5392,2025-09-23,644741.75,Department of Defense,Department of the Navy,DEFINITIVE CONTRACT
LDOS,"LEIDOS, INC.",47QFCA26C0001,2026-04-17,3578968.0,General Services Administration,Federal Acquisition Service,DEFINITIVE CONTRACT
NOC,NORTHROP GRUMMAN SYSTEMS CORPORATION,FA863825FB007,2026-05-06,69378.0,Department of Defense,Department of the Air Force,DELIVERY ORDER
LMT,LOCKHEED MARTIN CORPORATION,FA868224FB011,2025-09-02,226877.0,Department of Defense,Department of the Air Force,DELIVERY ORDER
BAH,BOOZ ALLEN HAMILTON INC,HQ003421F0077,2025-11-25,2504369.92,Department of Defense,Washington Headquarters Services,DELIVERY ORDER
LMT,LOCKHEED MARTIN CORP,FA882325FB001,2026-01-16,52524063.74,Department of Defense,Department of the Air Force,DELIVERY ORDER
ACN,ACCENTURE FEDERAL SERVICES LLC,89303022FIM000088,2025-09-02,35004304.77,Department of Energy,Department of Energy,BPA CALL
BAH,BOOZ ALLEN HAMILTON INC,2032H524F00155,2025-11-18,3271468.8,Department of the Treasury,Internal Revenue Service,BPA CALL
HII,HUNTINGTON INGALLS INC,N0002416C2116,2026-03-24,2360.0,Department of Defense,Department of the Navy,DEFINITIVE CONTRACT
BAH,BOOZ ALLEN HAMILTON INC,N0003921F3003,2026-05-07,6062141.67,Department of Defense,Department of the Navy,DELIVERY ORDER
NOC,NORTHROP GRUMMAN SYSTEMS CORPORATION,N6660424FC844,2025-09-19,1968283.0,Department of Defense,Department of the Navy,DELIVERY ORDER
GD,"GENERAL DYNAMICS INFORMATION TECHNOLOGY, INC.",N0003921F7887,2025-09-18,-825000.0,Department of Defense,Department of the Navy,DELIVERY ORDER
CACI,"CACI, INC. - FEDERAL",N0042122C0025,2025-12-29,3460000.0,Department of Defense,Department of the Navy,DEFINITIVE CONTRACT
LMT,LOCKHEED MARTIN CORPORATION,FA861123F0010,2026-01-22,2729403.0,Department of Defense,Department of the Air Force,DELIVERY ORDER
LMT,LOCKHEED MARTIN CORP,N0001421C1007,2026-01-22,-15000.0,Department of Defense,Defense Contract Management Agency,DEFINITIVE CONTRACT
IBM,INTERNATIONAL BUSINESS MACHINES CORPORATION,47QFEA26F0003,2026-07-01,725000.0,General Services Administration,Federal Acquisition Service,DELIVERY ORDER
LDOS,"LEIDOS, INC.",15PVCD22F00000007,2026-04-28,-45.92,Department of Justice,Office of Justice Programs,BPA CALL
BAH,BOOZ ALLEN HAMILTON INC,70B04C25F00000223,2026-02-04,1705699.83,Department of Homeland Security,U.S. Customs and Border Protection,BPA CALL
CACI,"CACI, INC. - FEDERAL",FA807521F0077,2026-04-17,426587.0,Department of Defense,Department of the Air Force,DELIVERY ORDER
GD,"GENERAL DYNAMICS MISSION SYSTEMS, INC.",N0003921F6002,2026-02-19,267960.0,Department of Defense,Department of the Air Force,DELIVERY ORDER
BAH,BOOZ ALLEN HAMILTON INC,HDTRA122F0030,2025-12-15,-9445.69,Department of Defense,Defense Threat Reduction Agency,DELIVERY ORDER
BA,THE BOEING COMPANY,N0001925F0122,2026-03-27,3000000.0,Department of Defense,Department of the Navy,DELIVERY ORDER
LDOS,"LEIDOS, INC.",HC102821F0135,2025-12-19,7597730.99,Department of Defense,Defense Information Systems Agency,DELIVERY ORDER
LDOS,"LEIDOS, INC.",15JPSS21F00000460,2026-05-31,918000.0,Department of Justice,"Offices, Boards and Divisions",DELIVERY ORDER
HII,HUNTINGTON INGALLS INCORPORATED,N0002425C4229,2026-03-04,95055.0,Department of Defense,Department of the Navy,DEFINITIVE CONTRACT
BAH,BOOZ ALLEN HAMILTON INC,FA807519FA047,2025-08-20,-89848.41,Department of Defense,Department of the Air Force,DELIVERY ORDER
GD,"GENERAL DYNAMICS MISSION SYSTEMS, INC.",N0003026C1005,2026-01-29,9216605.0,Department of Defense,Department of the Navy,DEFINITIVE CONTRACT
CACI,"CACI, INC. - FEDERAL",FA807524F0060,2025-09-24,1364767.55,Department of Defense,Department of the Air Force,DELIVERY ORDER
GD,GENERAL DYNAMICS ONE SOURCE LLC,FA824025F5002,2025-08-15,223223.82,Department of Defense,Department of the Air Force,DELIVERY ORDER
GD,GENERAL DYNAMICS INFORMATION TECHNOLOGY INC.,19AQMM22F2434,2025-12-10,2758560.0,Department of State,Department of State,DELIVERY ORDER
NOC,NORTHROP GRUMMAN SYSTEMS CORP,FA811026FB001,2026-01-29,2047212.23,Department of Defense,Department of the Air Force,DELIVERY ORDER
LMT,LOCKHEED MARTIN CORPORATION,FA865123FA054,2025-08-18,-50000.0,Department of Defense,Department of the Air Force,DELIVERY ORDER
GD,"GENERAL DYNAMICS INFORMATION TECHNOLOGY, INC.",75FCMC22F0001,2026-06-01,1497444.15,Department of Health and Human Services,Centers for Medicare and Medicaid Services,DELIVERY ORDER
EMR,"K. W. EMERSON, INC.",12363N26F4057,2026-03-25,3504868.0,Department of Agriculture,Forest Service,BPA CALL
LMT,LOCKHEED MARTIN CORP,FA862525FB002,2025-09-29,1144319.0,Department of Defense,Department of the Air Force,DELIVERY ORDER
BAH,BOOZ ALLEN HAMILTON INC,HR001121F0012,2025-08-13,2000000.0,Department of Defense,Defense Advanced Research Projects Agency,DELIVERY ORDER
LMT,LOCKHEED MARTIN CORPORATION,SPRPA126FDT04,2026-01-30,1059373.6,Department of Defense,Defense Logistics Agency,DELIVERY ORDER
LMT,LOCKHEED MARTIN CORPORATION,H9225418F2113,2025-08-25,-174037.33,Department of Defense,U.S. Special Operations Command,DELIVERY ORDER
LMT,LOCKHEED MARTIN CORP,HQ014719C5001,2025-09-15,78765.84,Department of Defense,Missile Defense Agency,DEFINITIVE CONTRACT
BAH,BOOZ ALLEN HAMILTON INC,47QFHA25F0003,2026-06-29,1322770.86,General Services Administration,Federal Acquisition Service,DELIVERY ORDER
LMT,LOCKHEED MARTIN CORPORATION,H9225425F2884,2025-12-10,-1342502.0,Department of Defense,U.S. Special Operations Command,DELIVERY ORDER
LDOS,"LEIDOS, INC.",2032H522F00064,2026-04-21,411851.18,Department of the Treasury,Internal Revenue Service,DELIVERY ORDER
BAH,BOOZ ALLEN HAMILTON INC,W56KGU24F0004,2026-01-29,642039.57,Department of Defense,Department of the Army,DELIVERY ORDER
LDOS,"LEIDOS, INC.",70B04C24C00000115,2025-09-23,750000.0,Department of Homeland Security,U.S. Customs and Border Protection,DEFINITIVE CONTRACT
NOC,NORTHROP GRUMMAN SYSTEMS CORPORATION,N0010426FZN04,2025-10-07,2327300.0,Department of Defense,Department of the Navy,DELIVERY ORDER
PSN,PARSONS GOVERNMENT SERVICES INC.,47QFCA21F0003,2026-06-05,8111313.0,General Services Administration,Federal Acquisition Service,DELIVERY ORDER
HII,HUNTINGTON INGALLS INC,N0002409C2116,2026-03-16,451782.0,Department of Defense,Department of the Navy,DEFINITIVE CONTRACT
LMT,LOCKHEED MARTIN CORPORATION,NNM07AA01C,2026-06-30,1200000.0,National Aeronautics and Space Administration,National Aeronautics and Space Administration,DEFINITIVE CONTRACT
LMT,LOCKHEED MARTIN CORPORATION,N0003025C6045,2025-11-24,149770.0,Department of Defense,Department of the Navy,DEFINITIVE CONTRACT
ACN,ACCENTURE FEDERAL SERVICES LLC,91003119F0003,2026-03-30,-274811.85,Department of Education,Department of Education,DELIVERY ORDER
BAH,BOOZ ALLEN HAMILTON INC,M9549425F5007,2026-02-18,2828098.16,Department of Defense,Department of the Navy,DELIVERY ORDER
BAH,BOOZ ALLEN HAMILTON INC,FA807525F0022,2026-03-24,1118062.27,Department of Defense,Department of the Air Force,DELIVERY ORDER
ACN,ACCENTURE FEDERAL SERVICES LLC,SP470924F0042,2025-12-10,-18009.0,Department of Defense,Defense Logistics Agency,DELIVERY ORDER
LMT,LOCKHEED MARTIN CORPORATION,H9225423F2770,2025-09-19,70080.0,Department of Defense,U.S. Special Operations Command,DELIVERY ORDER
GD,"GENERAL DYNAMICS GLOBAL FORCE, LLC",W56JSR21F0043,2025-09-09,-3974899.89,Department of Defense,Department of the Army,DELIVERY ORDER
BAH,BOOZ ALLEN HAMILTON INC,W31P4Q21FB004,2026-04-07,998032.28,Department of Defense,Department of the Army,DELIVERY ORDER
CACI,"CACI, INC. - FEDERAL",FA807524F0060,2025-08-19,14537227.91,Department of Defense,Department of the Air Force,DELIVERY ORDER
CACI,"CACI, INC. - FEDERAL",47QFCA19F0034,2025-09-26,-270341.16,General Services Administration,Federal Acquisition Service,DELIVERY ORDER
AVAV,"AEROVIRONMENT, INC",W58RGZ26F0222,2026-04-02,998884.77,Department of Defense,Department of the Army,DELIVERY ORDER
LMT,LOCKHEED MARTIN CORPORATION,FA868226FB009,2026-04-29,31238654.0,Department of Defense,Department of the Air Force,DELIVERY ORDER
GD,"GENERAL DYNAMICS INFORMATION TECHNOLOGY, INC.",75F40123F19006,2025-08-28,5852148.6,Department of Health and Human Services,Food and Drug Administration,BPA CALL
CACI,"CACI, LLC - COMMERCIAL",15JPSS20F00000967,2026-05-30,81000.0,Department of Justice,"Offices, Boards and Divisions",DELIVERY ORDER
BAH,BOOZ ALLEN HAMILTON INC,47QFSA20F0031,2025-09-04,51974.55,General Services Administration,Federal Acquisition Service,DELIVERY ORDER
GD,"GENERAL DYNAMICS INFORMATION TECHNOLOGY, INC.",1331L525F13350336,2025-09-19,2964222.8,Department of Commerce,Office of the Secretary,BPA CALL
LDOS,"LEIDOS, INC.",68HERD25F0001,2026-07-06,248582.39,Environmental Protection Agency,Environmental Protection Agency,DELIVERY ORDER
BAH,BOOZ ALLEN HAMILTON INC,47QFWA21F0018,2026-04-22,87242.1,General Services Administration,Federal Acquisition Service,DELIVERY ORDER
LMT,LOCKHEED MARTIN CORPORATION,N6339424C0003,2026-03-02,3800.0,Department of Defense,Department of the Navy,DEFINITIVE CONTRACT
BA,THE BOEING COMPANY,FA813425F1000,2026-01-28,234921.85,Department of Defense,Department of the Air Force,DELIVERY ORDER
BA,THE BOEING COMPANY,FA873015C0003,2026-04-29,-1606930.0,Department of Defense,Department of the Air Force,DEFINITIVE CONTRACT
CACI,"CACI TECHNOLOGIES, LLC",W909MY22F0069,2025-08-26,100000.0,Department of Defense,Department of the Army,DELIVERY ORDER
LMT,LOCKHEED MARTIN CORPORATION,W31P4Q23C0014,2025-12-18,14254246.08,Department of Defense,Department of the Army,DEFINITIVE CONTRACT
BAH,BOOZ ALLEN HAMILTON INC,75F40125F19005,2026-05-29,5186798.17,Department of Health and Human Services,Food and Drug Administration,BPA CALL
ACN,ACCENTURE FEDERAL SERVICES LLC,2043FY25F00111,2025-09-23,2271110.67,Department of the Treasury,Internal Revenue Service,DELIVERY ORDER
NOC,NORTHROP GRUMMAN SYSTEMS CORPORATION,N6893625F0487,2025-08-19,305056.0,Department of Defense,Department of the Navy,DELIVERY ORDER
LDOS,"LEIDOS, INC.",75D30121F10899,2026-04-15,-7815.35,Department of Health and Human Services,Centers for Disease Control and Prevention,DELIVERY ORDER
BAH,BOOZ ALLEN HAMILTON INC,DTFR5316F00053,2026-04-21,-182768.18,Department of Transportation,Federal Railroad Administration,DELIVERY ORDER
CACI,"CACI, INC. - FEDERAL",N6426724F3007,2026-01-27,12949922.99,Department of Defense,Department of the Navy,DELIVERY ORDER
BAH,BOOZ ALLEN HAMILTON INC,HC104718F0017,2026-03-10,38499.85,Department of Defense,Defense Information Systems Agency,DELIVERY ORDER
BAH,BOOZ ALLEN HAMILTON INC,70FA2022F00000047,2026-06-02,-220840.91,Department of Homeland Security,Federal Emergency Management Agency,DELIVERY ORDER
NOC,NORTHROP GRUMMAN SYSTEMS CORPORATION,FA861517C6047,2025-09-25,5447468.0,Department of Defense,Department of the Air Force,DEFINITIVE CONTRACT
LMT,LOCKHEED MARTIN CORPORATION,H9225421F2498,2025-11-24,250000.0,Department of Defense,U.S. Special Operations Command,DELIVERY ORDER
PLTR,PALANTIR TECHNOLOGIES INC.,692M1526F00076,2026-07-16,9483339.79,Department of Transportation,Federal Aviation Administration,DELIVERY ORDER
LMT,LOCKHEED MARTIN CORPORATION,FA820525F0708,2025-12-03,992571.0,Department of Defense,Department of the Air Force,DELIVERY ORDER
BAH,BOOZ ALLEN HAMILTON INC,FA807524F0020,2026-01-30,114144.0,Department of Defense,Department of the Air Force,DELIVERY ORDER
LDOS,"LEIDOS, INC.",FA231825FB002,2026-05-07,96043.0,Department of Defense,Department of the Air Force,DELIVERY ORDER
CACI,"CACI, INC. - FEDERAL",N0042123F0670,2025-09-03,513015.71,Department of Defense,Department of the Navy,DELIVERY ORDER
BAH,BOOZ ALLEN HAMILTON INC,FA714623C0047,2025-08-13,9430900.0,Department of Defense,Department of the Air Force,DEFINITIVE CONTRACT
LDOS,"LEIDOS, INC.",47QFCA24F0039,2025-10-09,1951220.0,General Services Administration,Federal Acquisition Service,DELIVERY ORDER
NOC,NORTHROP GRUMMAN SYSTEMS CORPORATION,W52P1J21F0034,2025-09-14,-1040917.89,Department of Defense,Department of the Army,DELIVERY ORDER
LMT,LOCKHEED MARTIN CORPORATION,W31P4Q18C0049,2026-02-18,-3796165.01,Department of Defense,Department of the Army,DEFINITIVE CONTRACT
IBM,INTERNATIONAL BUSINESS MACHINES CORPORATION,W9128Z25FA001,2025-12-05,582056.56,Department of Defense,Department of the Army,DELIVERY ORDER
GD,"GENERAL DYNAMICS INFORMATION TECHNOLOGY, INC.",W900KK24F0152,2025-09-22,3684000.0,Department of Defense,Department of the Army,DELIVERY ORDER
BA,THE BOEING COMPANY,FA813424F1003,2025-09-18,125076.0,Department of Defense,Department of the Air Force,DELIVERY ORDER
GE,GENERAL ELECTRIC COMPANY,N0038326FZU00,2025-10-08,29126568.7,Department of Defense,Department of the Navy,DELIVERY ORDER
CACI,"CACI, INC. - FEDERAL",N0016425F3012,2025-08-25,115726.14,Department of Defense,Department of the Navy,DELIVERY ORDER
ACN,ACCENTURE FEDERAL SERVICES LLC,19AQMM24F1069,2026-07-01,11269630.38,Department of State,Department of State,DELIVERY ORDER
BA,THE BOEING COMPANY,SPRRA124F0063,2025-10-03,-155927.3,Department of Defense,Defense Logistics Agency,DELIVERY ORDER
BAH,BOOZ ALLEN HAMILTON INC,HC104723F0021,2025-12-22,2901169.45,Department of Defense,Defense Information Systems Agency,DELIVERY ORDER
LMT,LOCKHEED MARTIN CORPORATION,FA823222F0191,2025-08-21,131766.0,Department of Defense,Department of the Air Force,DELIVERY ORDER
ACN,ACCENTURE FEDERAL SERVICES LLC,FA865825FB001,2025-09-15,650000.0,Department of Defense,Department of the Air Force,DELIVERY ORDER
LMT,LOCKHEED MARTIN CORPORATION,FA861122F0003,2025-12-17,48772.0,Department of Defense,Department of the Air Force,DELIVERY ORDER
LDOS,"LEIDOS, INC.",FA703725F0042,2025-09-30,75000.0,Department of Defense,Department of the Air Force,DELIVERY ORDER
LDOS,"LEIDOS, INC.",47QFNA20F0086,2025-12-11,43707.0,General Services Administration,Federal Acquisition Service,DELIVERY ORDER
IBM,INTERNATIONAL BUSINESS MACHINES CORPORATION,HR001125C0052,2025-11-17,733137.0,Department of Defense,Defense Advanced Research Projects Agency,DEFINITIVE CONTRACT
BA,THE BOEING COMPANY,W58RGZ22F0161,2025-08-20,-700000.0,Department of Defense,Department of the Army,DELIVERY ORDER
GD,"GENERAL DYNAMICS MISSION SYSTEMS, INC.",W15P7T21F0002,2026-04-23,-5201.2,Department of Defense,Defense Contract Management Agency,DELIVERY ORDER
BA,THE BOEING COMPANY,FA813423F0001,2025-09-27,2767724.91,Department of Defense,Department of the Air Force,DELIVERY ORDER
NOC,NORTHROP GRUMMAN SYSTEMS CORP,FA852426F0008,2025-12-22,1835072.98,Department of Defense,Department of the Air Force,DELIVERY ORDER
LDOS,LEIDOS BIOMEDICAL RESEARCH INC,75N91025F00008,2025-09-30,4287020.0,Department of Health and Human Services,National Institutes of Health,DELIVERY ORDER
GD,"GENERAL DYNAMICS INFORMATION TECHNOLOGY, INC.",19AQMM18C0185,2025-08-22,-18094644.55,Department of State,Department of State,DEFINITIVE CONTRACT
LDOS,"LEIDOS, INC.",FA873021F8504,2026-04-07,2212044.0,Department of Defense,Department of the Air Force,DELIVERY ORDER
NOC,NORTHROP GRUMMAN SYSTEMS CORPORATION,HQ072724F1405,2026-01-05,1200000.0,Department of Defense,Defense Microelectronics Activity,DELIVERY ORDER
BAH,BOOZ ALLEN HAMILTON INC,47QFWA20F0018,2026-07-30,-519799.38,General Services Administration,Federal Acquisition Service,DELIVERY ORDER
HII,HUNTINGTON INGALLS INC,N0002415C2114,2026-04-08,6749053.0,Department of Defense,Department of the Navy,DEFINITIVE CONTRACT
GD,"GENERAL DYNAMICS INFORMATION TECHNOLOGY, INC.",HT942525F0143,2026-03-18,-235445.0,Department of Defense,Defense Health Agency,DELIVERY ORDER
LDOS,"LEIDOS, INC.",693KA720C00002,2025-09-04,6158629.32,Department of Transportation,Federal Aviation Administration,DEFINITIVE CONTRACT
LMT,LOCKHEED MARTIN CORPORATION,FA823218C0011,2025-08-27,-469350.0,Department of Defense,Department of the Air Force,DEFINITIVE CONTRACT
BAH,BOOZ ALLEN HAMILTON INC,FA807525F0041,2026-04-01,6569812.42,Department of Defense,Department of the Air Force,DELIVERY ORDER
ACN,ACCENTURE FEDERAL SERVICES LLC,89303324FEM000034,2025-09-03,78000.0,Department of Energy,Department of Energy,BPA CALL
PSN,PARSONS GOVERNMENT SERVICES INC.,W911QX26FA008,2026-01-16,3387765.33,Department of Defense,Department of the Army,DELIVERY ORDER
GD,"GENERAL DYNAMICS MISSION SYSTEMS, INC.",FA855524F0029,2025-11-24,735789.52,Department of Defense,Department of the Air Force,DELIVERY ORDER
AVAV,"AEROVIRONMENT, INC",W91CRB26FA177,2026-04-29,28082019.4,Department of Defense,Department of the Army,DELIVERY ORDER
SATL,SATELLITE SERVICES INC,47PG0122F0005,2026-07-24,1457919.74,General Services Administration,Public Buildings Service,BPA CALL
GD,"GENERAL DYNAMICS MISSION SYSTEMS, INC.",N0017820C2310,2026-04-30,94000.0,Department of Defense,Department of the Navy,DEFINITIVE CONTRACT
BA,THE BOEING COMPANY,FA810616C0001,2026-01-26,817653.62,Department of Defense,Department of the Air Force,DEFINITIVE CONTRACT
BAH,BOOZ ALLEN HAMILTON INC,HQ003423F0222,2026-03-31,2830345.95,Department of Defense,Washington Headquarters Services,DELIVERY ORDER
NOC,NORTHROP GRUMMAN SYSTEMS CORPORATION,FA881422C0004,2025-08-27,1525350.24,Department of Defense,Department of the Air Force,DEFINITIVE CONTRACT
LMT,LOCKHEED MARTIN CORPORATION,HQ014716C0011,2025-12-04,13679841.29,Department of Defense,Missile Defense Agency,DEFINITIVE CONTRACT
ACN,ACCENTURE FEDERAL SERVICES LLC,89303024FIM000152,2025-09-18,774615.48,Department of Energy,Department of Energy,BPA CALL
BA,THE BOEING COMPANY,FA810726FB001,2026-01-26,15000000.0,Department of Defense,Department of the Air Force,DELIVERY ORDER
BAH,BOOZ ALLEN HAMILTON INC,70RDAD22FR0000134,2025-08-29,91519.0,Department of Homeland Security,Office of Procurement Operations,DELIVERY ORDER
BA,THE BOEING COMPANY,FA863418C2701,2025-11-05,8169209.0,Department of Defense,Department of the Air Force,DEFINITIVE CONTRACT
PSN,PARSONS GOVERNMENT SERVICES INC.,W15QKN23F0692,2026-01-29,784920.32,Department of Defense,Department of the Army,DELIVERY ORDER
NOC,NORTHROP GRUMMAN SYSTEMS CORPORATION,W31P4Q25F0095,2025-08-19,1459141.0,Department of Defense,Department of the Army,DELIVERY ORDER
CACI,"CACI NSS, LLC",70RTAC26FC0000019,2026-06-29,1520206.43,Department of Homeland Security,Office of Procurement Operations,BPA CALL
BAH,BOOZ ALLEN HAMILTON INC,47QFRA24F0006,2025-12-22,45472460.86,General Services Administration,Federal Acquisition Service,DELIVERY ORDER
BAH,BOOZ ALLEN HAMILTON INC,15JPSS25F00000390,2026-02-17,-141198.98,Department of Justice,"Offices, Boards and Divisions",DELIVERY ORDER
NOC,NORTHROP GRUMMAN SYSTEMS CORPORATION,FA869022C1000,2025-08-18,1266519.0,Department of Defense,Department of the Air Force,DEFINITIVE CONTRACT
LMT,LOCKHEED MARTIN CORPORATION,W31P4Q19C0058,2025-09-15,3109105.13,Department of Defense,Department of the Army,DEFINITIVE CONTRACT
BAH,BOOZ ALLEN HAMILTON INC,W519TC24F2229,2026-03-18,814500.0,Department of Defense,Department of the Army,DELIVERY ORDER
PSN,PARSONS GOVERNMENT SERVICES INC.,W56KGU25F0014,2026-03-17,117000.0,Department of Defense,Department of the Army,DELIVERY ORDER
IBM,INTERNATIONAL BUSINESS MACHINES CORPORATION,36C10D23N0010,2025-09-26,3310050.47,Department of Veterans Affairs,Department of Veterans Affairs,DELIVERY ORDER
GD,GENERAL DYNAMICS ONE SOURCE LLC,FA824026F5004,2026-03-17,412552.17,Department of Defense,Department of the Air Force,DELIVERY ORDER
GD,"GENERAL DYNAMICS INFORMATION TECHNOLOGY, INC.",692M1521F00213,2026-02-10,239000.0,Department of Transportation,Federal Aviation Administration,DELIVERY ORDER
GD,"GENERAL DYNAMICS INFORMATION TECHNOLOGY, INC.",19AQMM25F0678,2026-06-18,12613385.0,Department of State,Department of State,DELIVERY ORDER
PSN,PARSONS GOVERNMENT SERVICES INC.,W911QX21F0013,2026-03-16,140000.0,Department of Defense,Department of the Army,DELIVERY ORDER
NOC,NORTHROP GRUMMAN SYSTEMS CORPORATION,N0003021C1010,2026-04-16,-482152.16,Department of Defense,Department of the Navy,DEFINITIVE CONTRACT
CACI,"CACI NSS, LLC",FA489021F0010,2026-01-27,5592380.52,Department of Defense,Department of the Air Force,DELIVERY ORDER
BA,THE BOEING COMPANY,FA813424F1000,2025-08-25,252093.87,Department of Defense,Department of the Air Force,DELIVERY ORDER
ACN,ACCENTURE FEDERAL SERVICES LLC,FA701423F0115,2025-09-25,985000.0,Department of Defense,Department of the Air Force,DELIVERY ORDER
BA,THE BOEING COMPANY,SPRTA122F0058,2025-12-10,-28965.56,Department of Defense,Defense Logistics Agency,DELIVERY ORDER
BA,THE BOEING COMPANY,FA880810C0001,2025-09-16,32291257.08,Department of Defense,Department of the Air Force,DEFINITIVE CONTRACT
KTOS,"KRATOS S2, INC",47QFCA20C0019,2026-06-09,193237.0,General Services Administration,Federal Acquisition Service,DEFINITIVE CONTRACT
GD,"GENERAL DYNAMICS INFORMATION TECHNOLOGY, INC.",FA489019FA022,2026-01-29,15396233.05,Department of Defense,Department of the Air Force,DELIVERY ORDER
NOC,NORTHROP GRUMMAN SYSTEMS CORPORATION,FA881823FB001,2026-04-09,1135993.0,Department of Defense,Department of the Air Force,DELIVERY ORDER
BAH,BOOZ ALLEN HAMILTON INC,47QFNA21F0001,2025-08-18,400105.0,General Services Administration,Federal Acquisition Service,DELIVERY ORDER
LDOS,"LEIDOS, INC.",N6883625F7KVW,2026-04-06,149989.48,Department of Defense,Department of the Navy,DELIVERY ORDER
LMT,LOCKHEED MARTIN CORPORATION,W900KK24F0719,2025-08-13,-153250.75,Department of Defense,Department of the Army,DELIVERY ORDER
HII,HUNTINGTON INGALLS INCORPORATED,N0002418C2307,2025-12-12,12050702.37,Department of Defense,Department of the Navy,DEFINITIVE CONTRACT
LDOS,"LEIDOS, INC.",FA861222FB003,2026-05-04,384043.52,Department of Defense,Department of the Air Force,DELIVERY ORDER
PLTR,PALANTIR USG INC,W56KGY26F0031,2026-05-01,5000000.0,Department of Defense,Department of the Army,DELIVERY ORDER
GD,"GENERAL DYNAMICS INFORMATION TECHNOLOGY, INC.",70B01C25F00000528,2025-09-19,3523716.54,Department of Homeland Security,U.S. Customs and Border Protection,BPA CALL
GD,GENERAL DYNAMICS LAND SYSTEMS INC.,W56HZV22C0012,2025-08-27,142730.28,Department of Defense,Department of the Army,DEFINITIVE CONTRACT
CACI,"CACI TECHNOLOGIES, LLC",W56KGU22F0015,2026-01-29,353924.89,Department of Defense,Department of the Army,DELIVERY ORDER
PSN,PARSONS GOVERNMENT SERVICES INTERNATIONAL INC.,HDTRA124F0032,2025-09-12,590000.0,Department of Defense,Defense Threat Reduction Agency,DELIVERY ORDER
GD,"GENERAL DYNAMICS INFORMATION TECHNOLOGY, INC.",75R60225F34021,2025-09-28,528000.0,Department of Health and Human Services,Health Resources and Services Administration,BPA CALL
NOC,NORTHROP GRUMMAN SYSTEMS CORPORATION,N0001923F0029,2025-12-09,3233820.34,Department of Defense,Department of the Navy,DELIVERY ORDER
BAH,BOOZ ALLEN HAMILTON INC,N0003922F3000,2025-09-18,12274626.92,Department of Defense,Department of the Navy,DELIVERY ORDER
LMT,LOCKHEED MARTIN CORPORATION,H9225419F2257,2025-09-26,30.31,Department of Defense,U.S. Special Operations Command,DELIVERY ORDER
ACN,ACCENTURE FEDERAL SERVICES LLC,15JPSS22C00000042,2025-09-19,325209.45,Department of Justice,"Offices, Boards and Divisions",DEFINITIVE CONTRACT
LDOS,"LEIDOS, INC.",70B04C26F00000246,2026-06-15,175853.08,Department of Homeland Security,U.S. Customs and Border Protection,DELIVERY ORDER
IBM,INTERNATIONAL BUSINESS MACHINES CORPORATION,70FA3018F00000485,2025-10-07,-14260.88,Department of Homeland Security,Federal Emergency Management Agency,BPA CALL
BA,THE BOEING COMPANY,0010,2025-09-24,-470000.0,Department of Defense,Department of the Navy,DELIVERY ORDER
LDOS,"LEIDOS, INC.",N6883625F7M5H,2026-02-23,7594.07,Department of Defense,Department of the Navy,DELIVERY ORDER
ACN,ACCENTURE FEDERAL SERVICES LLC,15F06724F0001066,2025-12-12,-5339.49,Department of Justice,Federal Bureau of Investigation,DELIVERY ORDER
LMT,LOCKHEED MARTIN CORPORATION,W31P4Q23F0024,2026-04-17,11160804.83,Department of Defense,Department of the Army,DELIVERY ORDER
LMT,"LOCKHEED MARTIN INTEGRATED SYSTEMS, LLC",NNG11FC20C,2026-03-31,6375000.0,National Aeronautics and Space Administration,National Aeronautics and Space Administration,DEFINITIVE CONTRACT
NOC,NORTHROP GRUMMAN SYSTEMS CORPORATION,FA821421F0016,2026-05-12,921781.5,Department of Defense,Department of the Air Force,DELIVERY ORDER
CACI,ACACIA CENTER FOR JUSTICE,75P00125C00016,2026-04-30,88588158.24,Department of Health and Human Services,Office of the Assistant Secretary for Financial Resources,DEFINITIVE CONTRACT
ACN,ACCENTURE FEDERAL SERVICES LLC,FA877025CB004,2026-03-31,64650881.99,Department of Defense,Department of the Air Force,DEFINITIVE CONTRACT
CACI,"CACI, INC. - FEDERAL",N0018923FZ013,2025-12-02,2422724.32,Department of Defense,Department of the Navy,DELIVERY ORDER
LDOS,"LEIDOS, INC.",FA825121F0056,2025-12-04,-131283.56,Department of Defense,Department of the Air Force,DELIVERY ORDER
ACN,ACCENTURE FEDERAL SERVICES LLC,HC102825F1194,2025-09-25,347242.08,Department of Defense,Defense Information Systems Agency,DELIVERY ORDER
NOC,NORTHROP GRUMMAN SYSTEMS CORP,FA811025F0001,2026-03-16,40339.0,Department of Defense,Department of the Air Force,DELIVERY ORDER
LMT,LOCKHEED MARTIN CORP,HQ085325F0002,2026-05-07,-14298000.0,Department of Defense,Missile Defense Agency,DELIVERY ORDER
LMT,LOCKHEED MARTIN CORPORATION,HQ085224F0006,2026-05-05,1000000.0,Department of Defense,Missile Defense Agency,DELIVERY ORDER
LDOS,"LEIDOS, INC.",N0003925F7516,2025-09-23,1460041.89,Department of Defense,Department of the Navy,DELIVERY ORDER
LDOS,"LEIDOS, INC.",N0003925F7506,2026-02-26,141800.0,Department of Defense,Department of the Navy,DELIVERY ORDER
NOC,NORTHROP GRUMMAN SYSTEMS CORPORATION,DTFAWA17C00023,2025-09-10,-5499904.64,Department of Transportation,Federal Aviation Administration,DEFINITIVE CONTRACT
HII,HUNTINGTON INGALLS INCORPORATED,N0002422C2300,2026-03-05,300000.0,Department of Defense,Department of the Navy,DEFINITIVE CONTRACT
LMT,LOCKHEED MARTIN CORPORATION,HQ085221F0006,2026-01-21,3691014.6,Department of Defense,Missile Defense Agency,DELIVERY ORDER
GE,GENERAL ELECTRIC COMPANY,FA862621F8521,2026-02-05,23688.37,Department of Defense,Department of the Air Force,DELIVERY ORDER
CACI,"CACI, LLC - COMMERCIAL",15JPSS21F00000543,2026-02-11,-3.85,Department of Justice,"Offices, Boards and Divisions",DELIVERY ORDER
NOC,NORTHROP GRUMMAN SYSTEMS CORPORATION,HC102824F2001,2026-04-28,5164978.52,Department of Defense,Defense Information Systems Agency,DELIVERY ORDER
BA,THE BOEING COMPANY,W58RGZ16C0023,2025-11-13,7320359.0,Department of Defense,Department of the Army,DEFINITIVE CONTRACT
NOC,NORTHROP GRUMMAN SYSTEMS CORPORATION,N0001919C0008,2026-01-29,469485.0,Department of Defense,Department of the Navy,DEFINITIVE CONTRACT
ACN,ACCENTURE FEDERAL SERVICES LLC,1331L521F13OS0350,2025-11-25,888176.26,Department of Commerce,Office of the Secretary,DELIVERY ORDER
NOC,NORTHROP GRUMMAN SYSTEMS CORPORATION,FA830721F0002,2025-08-18,48188.97,Department of Defense,Department of the Air Force,DELIVERY ORDER
BAH,BOOZ ALLEN HAMILTON INC,FA807520F0062,2026-01-20,-38747.14,Department of Defense,Department of the Air Force,DELIVERY ORDER
PSN,PARSONS GOVERNMENT SERVICES INC.,W56KGU25F0014,2026-04-08,50000.0,Department of Defense,Department of the Army,DELIVERY ORDER
CACI,"CACI, LLC - COMMERCIAL",15JPSS21F00000623,2026-04-02,767500.0,Department of Justice,"Offices, Boards and Divisions",DELIVERY ORDER
LMT,LOCKHEED MARTIN CORPORATION,FA821023F0006,2025-09-29,64000.0,Department of Defense,Department of the Air Force,DELIVERY ORDER
CACI,"CACI, INC. - FEDERAL",N0042122C0025,2025-11-14,1690000.0,Department of Defense,Department of the Navy,DEFINITIVE CONTRACT
NOC,NORTHROP GRUMMAN SYSTEMS CORPORATION,FA861721C6237,2026-02-04,1000000.0,Department of Defense,Department of the Air Force,DEFINITIVE CONTRACT
BA,THE BOEING COMPANY,SPRPA125F0017,2026-03-19,3423480.14,Department of Defense,Defense Logistics Agency,DELIVERY ORDER
LMT,LOCKHEED MARTIN CORP,FA880708C0010,2025-08-22,1134769.47,Department of Defense,Department of the Air Force,DEFINITIVE CONTRACT
BAH,BOOZ ALLEN HAMILTON INC,15F06724F0001275,2026-07-29,38445370.56,Department of Justice,Federal Bureau of Investigation,DELIVERY ORDER
LDOS,"LEIDOS, INC.",DTFA0101CA0065CALL0001,2026-04-16,41000.0,Department of Transportation,Federal Aviation Administration,DELIVERY ORDER
HII,HUNTINGTON INGALLS INCORPORATED,N0002418C2307,2026-04-03,537448.0,Department of Defense,Department of the Navy,DEFINITIVE CONTRACT
HON,HONEYWELL INTERNATIONAL INC.,SPE4A525F156H,2025-09-29,1963580.52,Department of Defense,Defense Logistics Agency,DELIVERY ORDER
ACN,ACCENTURE FEDERAL SERVICES LLC,89303025FIM000170,2026-04-02,-163078.5,Department of Energy,Department of Energy,BPA CALL
HII,HUNTINGTON INGALLS INCORPORATED,N0002424C2312,2026-04-09,945060.0,Department of Defense,Department of the Navy,DEFINITIVE CONTRACT
LMT,LOCKHEED MARTIN CORPORATION,H9225426FE036,2026-02-13,8841634.0,Department of Defense,U.S. Special Operations Command,DELIVERY ORDER
PLTR,PALANTIR TECHNOLOGIES INC.,205AE925F00203,2026-04-13,-13325955.3,Department of the Treasury,Internal Revenue Service,BPA CALL
GD,"GENERAL DYNAMICS INFORMATION TECHNOLOGY, INC.",89303020FCF000013,2026-03-31,1253384.9,Department of Energy,Department of Energy,BPA CALL
NOC,NORTHROP GRUMMAN SYSTEMS CORPORATION,M6785425F0006,2026-03-10,681207.24,Department of Defense,Department of the Navy,DELIVERY ORDER
HII,HUNTINGTON INGALLS INCORPORATED,N0002426C2443,2026-04-08,83523.0,Department of Defense,Department of the Navy,DEFINITIVE CONTRACT
GD,"GENERAL DYNAMICS INFORMATION TECHNOLOGY, INC.",68HERH24F0187,2025-10-08,-11366.77,Environmental Protection Agency,Environmental Protection Agency,BPA CALL
CACI,ESTUDIOS EDIFICACIONES E INTERVENTORIAS EN INGENIERIA EEII S A S,19AQMM23F1721,2026-01-28,-3679.0,Department of State,Department of State,DELIVERY ORDER
NOC,NORTHROP GRUMMAN SYSTEMS CORPORATION,FA863825FB007,2026-04-03,5314.0,Department of Defense,Department of the Air Force,DELIVERY ORDER
CACI,"CACI, INC. - FEDERAL",N6523625F0459,2025-09-19,5415147.22,Department of Defense,Department of the Navy,DELIVERY ORDER
HON,HONEYWELL INTERNATIONAL INC.,HQ072725FE068,2025-09-29,12363681.0,Department of Defense,Defense Microelectronics Activity,DELIVERY ORDER
LMT,LOCKHEED MARTIN CORPORATION,HQ014716C0011,2026-04-09,17435376.16,Department of Defense,Missile Defense Agency,DEFINITIVE CONTRACT
GD,"GENERAL DYNAMICS INFORMATION TECHNOLOGY, INC.",47QTCB24F0006,2026-01-28,-356309.63,General Services Administration,Federal Acquisition Service,DELIVERY ORDER
GD,"GENERAL DYNAMICS INFORMATION TECHNOLOGY, INC.",W900KK24F0014,2026-03-02,2138812.85,Department of Defense,Department of the Army,DELIVERY ORDER
NOC,NORTHROP GRUMMAN SYSTEMS CORP,FA861624F1002,2025-12-12,4981.0,Department of Defense,Department of the Air Force,DELIVERY ORDER
HII,HUNTINGTON INGALLS INCORPORATED,N0002425C4229,2025-10-08,209828.0,Department of Defense,Department of the Navy,DEFINITIVE CONTRACT
LMT,LOCKHEED MARTIN CORPORATION,H9225424F2826,2026-05-08,3094515.3,Department of Defense,U.S. Special Operations Command,DELIVERY ORDER
NOC,NORTHROP GRUMMAN SYSTEMS CORPORATION,FA862020F3026,2025-09-23,178191.0,Department of Defense,Department of the Air Force,DELIVERY ORDER
GD,"GENERAL DYNAMICS INFORMATION TECHNOLOGY, INC.",2032H525F00041,2025-09-05,3089966.7,Department of the Treasury,Internal Revenue Service,DELIVERY ORDER
HII,HUNTINGTON INGALLS INC,N5523625F9931,2025-09-03,1393756.0,Department of Defense,Department of the Navy,DELIVERY ORDER
GD,"GENERAL DYNAMICS INFORMATION TECHNOLOGY, INC.",692M1519F00044,2025-12-11,787654.5,Department of Transportation,Federal Aviation Administration,DELIVERY ORDER
BAH,BOOZ ALLEN HAMILTON INC,FA807522F0022,2026-01-28,1904000.0,Department of Defense,Department of the Air Force,DELIVERY ORDER
HII,HUNTINGTON INGALLS INC,N0002421C2106,2025-09-23,931807.0,Department of Defense,Department of the Navy,DEFINITIVE CONTRACT
BA,THE BOEING COMPANY,N0001920F0647,2026-03-30,443383.0,Department of Defense,Department of the Navy,DELIVERY ORDER
LDOS,"LEIDOS, INC.",HC102826F0012,2026-01-30,1451431.89,Department of Defense,Defense Information Systems Agency,DELIVERY ORDER
LDOS,"LEIDOS, INC.",W15P7T26F0012,2025-12-18,6038494.0,Department of Defense,Department of the Army,DELIVERY ORDER
LMT,LOCKHEED MARTIN CORPORATION,FA861512C6016,2025-09-30,1188441.0,Department of Defense,Department of the Air Force,DEFINITIVE CONTRACT
CACI,"CACI, INC. - FEDERAL",N6426723F3001,2025-09-19,1591758.0,Department of Defense,Department of the Navy,DELIVERY ORDER
GD,"GENERAL DYNAMICS INFORMATION TECHNOLOGY, INC.",FA805118F0045,2025-09-15,-438071.0,Department of Defense,Department of the Air Force,DELIVERY ORDER
BAH,BOOZ ALLEN HAMILTON INC,FA807522F0024,2026-01-21,25000.0,Department of Defense,Department of the Air Force,DELIVERY ORDER
ACN,ACCENTURE FEDERAL SERVICES LLC,SP470924F0042,2025-09-25,-152905.73,Department of Defense,Defense Logistics Agency,DELIVERY ORDER
BAH,BOOZ ALLEN HAMILTON INC,140D0425F0583,2025-09-17,2794613.5,Department of the Interior,Departmental Offices,DELIVERY ORDER
GD,GENERAL DYNAMICS INFORMATION TECHNOLOGY INC.,SAQMMA17F1591,2025-08-15,-2537233.0,Department of State,Department of State,DELIVERY ORDER
CACI,"CACI TECHNOLOGIES, LLC",W91CRB23F0094,2025-08-20,1999008.0,Department of Defense,Department of the Army,DELIVERY ORDER
NOC,NORTHROP GRUMMAN SYSTEMS CORPORATION,DTFAWA17C00023,2025-11-06,100000.0,Department of Transportation,Federal Aviation Administration,DEFINITIVE CONTRACT
CACI,"CACI, INC. - FEDERAL",70RCSJ26FR0000004,2026-02-05,13209538.84,Department of Homeland Security,Office of Procurement Operations,DELIVERY ORDER
NOC,NORTHROP GRUMMAN SYSTEMS CORP,FA811025FB001,2025-09-17,18241691.6,Department of Defense,Department of the Air Force,DELIVERY ORDER
GD,"GENERAL DYNAMICS INFORMATION TECHNOLOGY, INC.",36C10B24N10160014,2026-08-06,1213737.96,Department of Veterans Affairs,Department of Veterans Affairs,DELIVERY ORDER
HII,HUNTINGTON INGALLS INCORPORATED,N0002420C4203,2026-05-12,114.0,Department of Defense,Department of the Navy,DEFINITIVE CONTRACT
LMT,LOCKHEED MARTIN CORPORATION,FA239124CB040,2026-02-19,300000.0,Department of Defense,Department of the Air Force,DEFINITIVE CONTRACT
LDOS,"LEIDOS, INC.",FA807525F0032,2026-01-28,10733000.0,Department of Defense,Department of the Air Force,DELIVERY ORDER
IBM,INTERNATIONAL BUSINESS MACHINES CORPORATION,47QFLA25F0017,2026-01-30,1171218.75,General Services Administration,Federal Acquisition Service,DELIVERY ORDER
LMT,LOCKHEED MARTIN CORPORATION,N0003925F2200,2025-12-10,804384.53,Department of Defense,Department of the Navy,DELIVERY ORDER
BA,THE BOEING COMPANY,FA810720F0001,2025-12-19,16060000.0,Department of Defense,Department of the Air Force,DELIVERY ORDER
BAH,BOOZ ALLEN HAMILTON INC,N6600123F1026,2026-02-04,80120.0,Department of Defense,Department of the Navy,DELIVERY ORDER
BAH,BOOZ ALLEN HAMILTON INC,47QFWA26F0004,2026-01-20,15744777.89,General Services Administration,Federal Acquisition Service,DELIVERY ORDER
GD,"GENERAL DYNAMICS INFORMATION TECHNOLOGY, INC.",692M1518F00501,2026-02-02,52000.0,Department of Transportation,Federal Aviation Administration,DELIVERY ORDER
LDOS,"LEIDOS, INC.",N6660417F3005,2026-03-06,-933341.65,Department of Defense,Department of the Navy,DELIVERY ORDER
BAH,BOOZ ALLEN HAMILTON INC,FA807522F0047,2025-08-15,1398898.78,Department of Defense,Department of the Air Force,DELIVERY ORDER
LDOS,"LEIDOS, INC.",70T04025C7672N001,2025-09-17,64282.19,Department of Homeland Security,Transportation Security Administration,DEFINITIVE CONTRACT
GD,GENERAL DYNAMICS LAND SYSTEMS INC.,W56HZV22C0012,2025-12-19,11146013.45,Department of Defense,Department of the Army,DEFINITIVE CONTRACT
PSN,PARSONS GOVERNMENT SERVICES INC.,HQ085822C0005,2025-09-05,200000.0,Department of Defense,Missile Defense Agency,DEFINITIVE CONTRACT
NOC,NORTHROP GRUMMAN SYSTEMS CORPORATION,FA863824FB007,2025-11-26,946247.0,Department of Defense,Department of the Air Force,DELIVERY ORDER
BA,THE BOEING COMPANY,FA867810C0100,2025-09-10,2535591.0,Department of Defense,Department of the Air Force,DEFINITIVE CONTRACT
BA,THE BOEING COMPANY,N0001914C0067,2025-09-04,37865790.0,Department of Defense,Department of the Navy,DEFINITIVE CONTRACT
GE,GENERAL ELECTRIC COMPANY,FA862625FB012,2025-09-23,14767.99,Department of Defense,Department of the Air Force,DELIVERY ORDER
NOC,NORTHROP GRUMMAN SYSTEMS CORPORATION,FA881821F0001,2026-03-23,5007989.0,Department of Defense,Department of the Air Force,DELIVERY ORDER
GD,"GENERAL DYNAMICS INFORMATION TECHNOLOGY, INC.",68HERD24F0087,2025-10-28,-3602.24,Environmental Protection Agency,Environmental Protection Agency,BPA CALL
SPR,SPIRIT AEROSYSTEMS INC,FA239124CB042,2025-08-21,4482024.0,Department of Defense,Department of the Air Force,DEFINITIVE CONTRACT
BA,THE BOEING COMPANY,FA873918C5030,2025-11-06,788192.0,Department of Defense,Department of the Air Force,DEFINITIVE CONTRACT
BA,THE BOEING COMPANY,FA813426FB002,2026-02-12,13097912.66,Department of Defense,Department of the Air Force,DELIVERY ORDER
GD,"GENERAL DYNAMICS MISSION SYSTEMS, INC.",N0003022C1005,2026-01-06,1814500.0,Department of Defense,Department of the Navy,DEFINITIVE CONTRACT
LMT,LOCKHEED MARTIN CORPORATION,N0003021C0015,2025-09-11,2958339.0,Department of Defense,Department of the Navy,DEFINITIVE CONTRACT
BA,THE BOEING COMPANY,NNM12AA82C,2026-05-27,10184000.0,National Aeronautics and Space Administration,National Aeronautics and Space Administration,DEFINITIVE CONTRACT
LMT,LOCKHEED MARTIN CORPORATION,80AFRC18C0018,2025-08-27,14640000.0,National Aeronautics and Space Administration,National Aeronautics and Space Administration,DEFINITIVE CONTRACT
GD,"GENERAL DYNAMICS INFORMATION TECHNOLOGY, INC.",HT003825FE001,2026-02-11,5278325.8,Department of Defense,Defense Health Agency,DELIVERY ORDER
PSN,PARSONS GOVERNMENT SERVICES INC.,HB000123F1013,2025-09-27,630000.0,Department of Defense,U.S. Cyber Command,DELIVERY ORDER
HII,HUNTINGTON INGALLS INC,N0002416C2116,2026-04-22,151000.0,Department of Defense,Department of the Navy,DEFINITIVE CONTRACT
ACN,ACCENTURE FEDERAL SERVICES LLC,75F40126F19005,2026-06-02,1583421.92,Department of Health and Human Services,Food and Drug Administration,BPA CALL
CACI,"CACI, INC. - FEDERAL",FA807522F0054,2026-01-15,983000.0,Department of Defense,Department of the Air Force,DELIVERY ORDER
BAH,BOOZ ALLEN HAMILTON INC,80JSC025FA191,2025-09-25,9058722.0,National Aeronautics and Space Administration,National Aeronautics and Space Administration,BPA CALL
LMT,LOCKHEED MARTIN CORPORATION,FA868221C0003,2026-03-30,-266443.6,Department of Defense,Department of the Air Force,DEFINITIVE CONTRACT
HII,HUNTINGTON INGALLS INC,N0002415C2114,2025-10-08,1875757.0,Department of Defense,Department of the Navy,DEFINITIVE CONTRACT
BAH,BOOZ ALLEN HAMILTON INC,HC102824F2000,2025-10-28,500000.0,Department of Defense,Defense Information Systems Agency,DELIVERY ORDER
GD,"GENERAL DYNAMICS MISSION SYSTEMS, INC.",N0002421C6119,2025-09-04,1165536.0,Department of Defense,Department of the Navy,DEFINITIVE CONTRACT
ACN,ACCENTURE FEDERAL SERVICES LLC,2032H524F00365,2026-06-22,2446098.54,Department of the Treasury,Internal Revenue Service,BPA CALL
HII,HUNTINGTON INGALLS INCORPORATED,N0002421C4205,2026-05-12,54864.0,Department of Defense,Department of the Navy,DEFINITIVE CONTRACT
LDOS,"LEIDOS, INC.",FA823225FB017,2025-10-23,1894663.16,Department of Defense,Department of the Air Force,DELIVERY ORDER
BAH,BOOZ ALLEN HAMILTON INC,75N92018F00253,2026-05-26,-44800.16,Department of Health and Human Services,National Institutes of Health,DELIVERY ORDER
BAH,BOOZ ALLEN HAMILTON INC,47QFCA25F0029,2026-02-26,6383762.49,General Services Administration,Federal Acquisition Service,DELIVERY ORDER
BAH,BOOZ ALLEN HAMILTON INC,N6600124F0603,2026-04-08,640852.4,Department of Defense,Department of the Navy,DELIVERY ORDER
BA,THE BOEING COMPANY,N0038318F0JA2,2025-12-22,-7281936.75,Department of Defense,Defense Contract Management Agency,DELIVERY ORDER
NOC,NORTHROP GRUMMAN SYSTEMS CORPORATION,N0003025C1010,2026-04-10,1126357.5,Department of Defense,Department of the Navy,DEFINITIVE CONTRACT
LMT,LOCKHEED MARTIN CORP,FA852520F0019,2025-09-18,-1440313.87,Department of Defense,Defense Contract Management Agency,DELIVERY ORDER
KTOS,"KRATOS S2, INC",47QFCA20C0019,2025-08-21,3377065.17,General Services Administration,Federal Acquisition Service,DEFINITIVE CONTRACT
BA,THE BOEING COMPANY,S2606A25F0006,2025-12-16,-18327.0,Department of Defense,Defense Contract Management Agency,DELIVERY ORDER
GD,GENERAL DYNAMICS LAND SYSTEMS INC.,W912CH25F0182,2025-09-24,52721.88,Department of Defense,Department of the Army,DELIVERY ORDER
BAH,BOOZ ALLEN HAMILTON INC,N0016423F3004,2026-01-16,7294841.0,Department of Defense,Department of the Navy,DELIVERY ORDER
GD,"GENERAL DYNAMICS INFORMATION TECHNOLOGY, INC.",692M1519F00044,2025-09-15,450250.26,Department of Transportation,Federal Aviation Administration,DELIVERY ORDER
BA,THE BOEING COMPANY,FA852625FB007,2025-09-29,3090863.68,Department of Defense,Department of the Air Force,DELIVERY ORDER
BAH,BOOZ ALLEN HAMILTON INC,0007,2025-09-08,-23186.45,Department of Defense,Department of the Army,DELIVERY ORDER
LDOS,"LEIDOS, INC.",N6883625F7K9B,2025-11-25,133438.51,Department of Defense,Department of the Navy,DELIVERY ORDER
LMT,LOCKHEED MARTIN CORPORATION,N6134023C0020,2025-10-22,744905.02,Department of Defense,Department of the Navy,DEFINITIVE CONTRACT
CACI,"CACI TECHNOLOGIES, LLC",W56KGU25F0020,2025-09-25,364750.0,Department of Defense,Department of the Army,DELIVERY ORDER
LMT,LOCKHEED MARTIN CORPORATION,H9225425FE023,2026-04-17,-80940.8,Department of Defense,U.S. Special Operations Command,DELIVERY ORDER
IBM,INTERNATIONAL BUSINESS MACHINES CORPORATION,36C10D22N0008,2025-08-29,17072066.61,Department of Veterans Affairs,Department of Veterans Affairs,DELIVERY ORDER
HII,HUNTINGTON INGALLS INC,N0002420C2109,2026-03-09,-380932.0,Department of Defense,Department of the Navy,DEFINITIVE CONTRACT
LDOS,"LEIDOS, INC.",DTFA0101CA0065CALL0001,2026-03-23,311943.7,Department of Transportation,Federal Aviation Administration,DELIVERY ORDER
LMT,LOCKHEED MARTIN CORPORATION,W56KGY24F0003,2026-04-22,3600000.0,Department of Defense,Department of the Army,DELIVERY ORDER
ACN,ACCENTURE FEDERAL SERVICES LLC,91990024F0051,2026-06-15,6208342.4,Department of Education,Department of Education,DELIVERY ORDER
VSEC,VSE CORPORATION,N0017419F3003,2025-12-08,-35225.35,Department of Defense,Defense Contract Management Agency,DELIVERY ORDER
BAH,BOOZ ALLEN HAMILTON INC,FA807525F0041,2026-02-24,3910355.7,Department of Defense,Department of the Air Force,DELIVERY ORDER
ACN,ACCENTURE FEDERAL SERVICES LLC,19AQMM25F7037,2026-05-27,3972871.86,Department of State,Department of State,BPA CALL
BAH,BOOZ ALLEN HAMILTON INC,47QFPA22F0007,2025-11-21,10950931.47,General Services Administration,Federal Acquisition Service,DELIVERY ORDER
LMT,LOCKHEED MARTIN CORPORATION,FA882322C0001,2025-09-25,150920.16,Department of Defense,Department of the Air Force,DEFINITIVE CONTRACT
NOC,NORTHROP GRUMMAN SYSTEMS CORPORATION,HC104724F0018,2026-03-13,213831.9,Department of Defense,Defense Information Systems Agency,DELIVERY ORDER
LMT,LOCKHEED MARTIN CORP,FA850425FB028,2025-09-25,16125000.0,Department of Defense,Department of the Air Force,DELIVERY ORDER
BA,THE BOEING COMPANY,FA863423F0400,2025-09-26,938532.92,Department of Defense,Department of the Air Force,DELIVERY ORDER
ETN,EATON CORPORATION,N6247324F4251,2026-04-02,1184324.0,Department of Defense,Department of the Navy,DELIVERY ORDER
LMT,LOCKHEED MARTIN CORPORATION,W58RGZ22F0456,2025-11-17,65099.02,Department of Defense,Department of the Army,DELIVERY ORDER
LDOS,"LEIDOS, INC.",N0002423F6313,2026-01-27,450000.0,Department of Defense,Department of the Navy,DELIVERY ORDER
LMT,LOCKHEED MARTIN CORPORATION,N0001924C0039,2025-09-25,34284795.0,Department of Defense,Department of the Navy,DEFINITIVE CONTRACT
IBM,INTERNATIONAL BUSINESS MACHINES CORPORATION,2032H520F00469,2025-08-27,-4551091.58,Department of the Treasury,Internal Revenue Service,DELIVERY ORDER
LMT,LOCKHEED MARTIN CORPORATION,H9225425F2873,2025-08-12,150000.0,Department of Defense,U.S. Special Operations Command,DELIVERY ORDER
IBM,INTERNATIONAL BUSINESS MACHINES CORPORATION,2032H519F00238,2026-05-11,-266880.61,Department of the Treasury,Internal Revenue Service,DELIVERY ORDER
BAH,BOOZ ALLEN HAMILTON INC,2032H525F00120,2026-01-29,4118345.24,Department of the Treasury,Internal Revenue Service,DELIVERY ORDER
IBM,INTERNATIONAL BUSINESS MACHINES CORPORATION,W52P1J17C0008,2026-04-20,1826.81,Department of Defense,Department of the Army,DEFINITIVE CONTRACT
CACI,"CACI, INC. - FEDERAL",N0016721F3015,2026-03-30,-11.58,Department of Defense,Defense Contract Management Agency,DELIVERY ORDER
ACN,ACCENTURE FEDERAL SERVICES LLC,91003119F0003,2026-03-20,1848363.0,Department of Education,Department of Education,DELIVERY ORDER
CACI,"CACI TECHNOLOGIES, LLC",W56KGY24F0054,2025-08-29,184546.44,Department of Defense,Department of the Army,DELIVERY ORDER
BA,THE BOEING COMPANY,FA872622F0132,2025-09-17,718960.23,Department of Defense,Department of the Air Force,DELIVERY ORDER
LMT,LOCKHEED MARTIN CORPORATION,HQ085224F0007,2025-09-25,19179653.25,Department of Defense,Missile Defense Agency,DELIVERY ORDER
LMT,LOCKHEED MARTIN CORPORATION,H9225426FE008,2025-11-26,2436000.0,Department of Defense,U.S. Special Operations Command,DELIVERY ORDER
TXT,BELL TEXTRON INC,W58RGZ23C0001,2025-08-20,-9062535.0,Department of Defense,Department of the Army,DEFINITIVE CONTRACT
BA,THE BOEING COMPANY,FA812825FB007,2026-04-08,44847.0,Department of Defense,Department of the Air Force,DELIVERY ORDER
TXT,BELL TEXTRON INC,N6893626F5052,2026-02-05,2608166.88,Department of Defense,Department of the Navy,DELIVERY ORDER
BAH,BOOZ ALLEN HAMILTON INC,HDTRA125FE041,2025-12-09,719281.01,Department of Defense,Defense Threat Reduction Agency,DELIVERY ORDER
NOC,NORTHROP GRUMMAN SYSTEMS CORPORATION,FA869024CB001,2026-02-25,5111960.0,Department of Defense,Department of the Air Force,DEFINITIVE CONTRACT
LMT,LOCKHEED MARTIN CORP,N0003022C1025,2026-03-31,257715160.0,Department of Defense,Department of the Navy,DEFINITIVE CONTRACT
LMT,LOCKHEED MARTIN CORPORATION,FA861223CB010,2025-11-21,50000.0,Department of Defense,Department of the Air Force,DEFINITIVE CONTRACT
LDOS,"LEIDOS, INC.",N0003925F7710,2026-04-22,78122.0,Department of Defense,Department of the Navy,DELIVERY ORDER
BAH,BOOZ ALLEN HAMILTON INC,HC102826F2001,2026-04-07,8162566.51,Department of Defense,Defense Information Systems Agency,DELIVERY ORDER
BA,THE BOEING COMPANY,N0001925F0942,2025-12-03,7918958.47,Department of Defense,Department of the Navy,DELIVERY ORDER
GD,"GENERAL DYNAMICS MISSION SYSTEMS, INC.",N0002421C6425,2026-01-30,22090112.0,Department of Defense,Department of the Navy,DEFINITIVE CONTRACT
NOC,NORTHROP GRUMMAN SYSTEMS CORPORATION,FA231824FB010,2025-11-25,1608000.0,Department of Defense,Department of the Air Force,DELIVERY ORDER
BA,THE BOEING COMPANY,N0001924F1018,2025-08-21,5501023.02,Department of Defense,Department of the Navy,DELIVERY ORDER
LMT,LOCKHEED MARTIN CORP,N0003022C1025,2026-03-06,9331244.0,Department of Defense,Department of the Navy,DEFINITIVE CONTRACT
GD,"GENERAL DYNAMICS INFORMATION TECHNOLOGY, INC.",HHSM500201500154U,2026-05-26,-2129065.2,Department of Health and Human Services,Centers for Medicare and Medicaid Services,DELIVERY ORDER
LMT,LOCKHEED MARTIN CORPORATION,HR001123C0010,2026-02-26,5820.0,Department of Defense,Defense Advanced Research Projects Agency,DEFINITIVE CONTRACT
NOC,NORTHROP GRUMMAN SYSTEMS CORPORATION,HTC71120FD069,2025-11-07,224362.06,Department of Defense,USTRANSCOM,DELIVERY ORDER
LMT,LOCKHEED MARTIN CORPORATION,N0002411C2300,2026-04-23,-754000.0,Department of Defense,Department of the Navy,DEFINITIVE CONTRACT
CACI,"CACI, INC. - FEDERAL",70FA5025C00000004,2026-06-10,654038.86,Department of Homeland Security,Federal Emergency Management Agency,DEFINITIVE CONTRACT
HON,HONEYWELL INTERNATIONAL INC.,SPRHA126F0007,2025-11-24,2061150.0,Department of Defense,Defense Logistics Agency,DELIVERY ORDER
LDOS,"LEIDOS, INC.",N0002423F6313,2026-03-09,1500000.0,Department of Defense,Department of the Navy,DELIVERY ORDER
LMT,LOCKHEED MARTIN CORP,FA862923F3060,2026-03-05,1089285.0,Department of Defense,Department of the Air Force,DELIVERY ORDER
LMT,LOCKHEED MARTIN CORPORATION,W31P4Q23F0003,2026-04-22,-432731.09,Department of Defense,Department of the Army,DELIVERY ORDER
LMT,LOCKHEED MARTIN CORPORATION,W31P4Q20C0023,2025-09-30,330240.88,Department of Defense,Department of the Army,DEFINITIVE CONTRACT
GD,"GENERAL DYNAMICS INFORMATION TECHNOLOGY, INC.",47QFCA20F0049,2025-08-26,-9656297.0,General Services Administration,Federal Acquisition Service,DELIVERY ORDER
MRCY,MERCURY SYSTEMS INC,N0042125F0572,2026-04-17,6999784.05,Department of Defense,Department of the Navy,DELIVERY ORDER
LMT,LOCKHEED MARTIN CORP,N0003019C0025,2025-11-26,10350000.0,Department of Defense,Department of the Navy,DEFINITIVE CONTRACT
CACI,"CACI, INC. - FEDERAL",47QFCA24F0011,2026-03-12,59233748.0,General Services Administration,Federal Acquisition Service,DELIVERY ORDER
NOC,NORTHROP GRUMMAN SYSTEMS CORPORATION,N0003022C1013,2026-04-23,2445687.84,Department of Defense,Department of the Navy,DEFINITIVE CONTRACT
PSN,PARSONS GOVERNMENT SERVICES INTERNATIONAL INC.,89233124FNA400580,2026-07-28,1151887.0,Department of Energy,Department of Energy,DELIVERY ORDER
GD,"GENERAL DYNAMICS INFORMATION TECHNOLOGY, INC.",70T01021F6100N001,2026-02-12,1379436.85,Department of Homeland Security,Transportation Security Administration,DELIVERY ORDER
LMT,RAYTHEON/LOCKHEED MARTIN JAVELIN JV,W31P4Q25F0231,2025-08-28,142242406.96,Department of Defense,Department of the Army,DELIVERY ORDER
GD,"GENERAL DYNAMICS INFORMATION TECHNOLOGY, INC.",N0018925FZ853,2026-03-26,2079470.22,Department of Defense,Department of the Navy,DELIVERY ORDER
BA,THE BOEING COMPANY,N6134023F0254,2025-09-29,1689992.0,Department of Defense,Department of the Navy,DELIVERY ORDER
BA,THE BOEING COMPANY,FA863426CB001,2026-02-13,-16400000.0,Department of Defense,Department of the Air Force,DEFINITIVE CONTRACT
NOC,NORTHROP GRUMMAN SYSTEMS CORPORATION,W31P4Q25F0088,2026-03-24,200000.0,Department of Defense,Department of the Army,DELIVERY ORDER
BAH,BOOZ ALLEN HAMILTON INC,FA807525F0022,2025-09-16,136561.0,Department of Defense,Department of the Air Force,DELIVERY ORDER
TXT,TEXTRON SYSTEMS CORPORATION,W56KGY24F0103,2025-08-20,257000.0,Department of Defense,Department of the Army,DELIVERY ORDER
GD,"GENERAL DYNAMICS INFORMATION TECHNOLOGY, INC.",47QFCA24F0007,2026-02-23,3243903.0,General Services Administration,Federal Acquisition Service,DELIVERY ORDER
LMT,LOCKHEED MARTIN CORPORATION,FA861126FB001,2025-11-26,7400000.0,Department of Defense,Department of the Air Force,DELIVERY ORDER
LMT,LOCKHEED MARTIN CORPORATION,H9225423F2754,2025-09-09,9920.16,Department of Defense,U.S. Special Operations Command,DELIVERY ORDER
SATL,IRIDIUM SATELLITE LLC,FA254124CB040,2026-02-11,-573179.0,Department of Defense,Department of the Air Force,DEFINITIVE CONTRACT
ACN,ACCENTURE FEDERAL SERVICES LLC,205AE925F00190,2026-07-28,69981.19,Department of the Treasury,Internal Revenue Service,DELIVERY ORDER
BA,THE BOEING COMPANY,FA812823F0002,2026-05-01,-172582.53,Department of Defense,Defense Contract Management Agency,DELIVERY ORDER
GD,"GENERAL DYNAMICS INFORMATION TECHNOLOGY, INC.",89303020FCF000013,2026-07-08,1835000.0,Department of Energy,Department of Energy,BPA CALL
LMT,LOCKHEED MARTIN CORPORATION,W58RGZ23F0459,2026-03-31,2489116.33,Department of Defense,Department of the Army,DELIVERY ORDER
CACI,"CACI TECHNOLOGIES, LLC",FC05,2026-04-22,-82066.4,Department of Defense,Defense Contract Management Agency,DELIVERY ORDER
BAH,BOOZ ALLEN HAMILTON INC,HQ003425FE123,2026-04-16,5447919.67,Department of Defense,Washington Headquarters Services,DELIVERY ORDER
NOC,NORTHROP GRUMMAN SYSTEMS CORP,FA861625FB005,2025-12-18,7099434.02,Department of Defense,Department of the Air Force,DELIVERY ORDER
LMT,LOCKHEED MARTIN CORPORATION,N0001922C0041,2026-03-26,137398720.64,Department of Defense,Department of the Navy,DEFINITIVE CONTRACT
ACN,ACCENTURE FEDERAL SERVICES LLC,140D0424F1126,2025-09-22,188377.58,Department of the Interior,Departmental Offices,DELIVERY ORDER
LDOS,"LEIDOS, INC.",693JJ325F00149N,2026-06-10,1620000.0,Department of Transportation,Federal Highway Administration,DELIVERY ORDER
IBM,INTERNATIONAL BUSINESS MACHINES CORPORATION,FA701424F0210,2025-09-02,2690000.0,Department of Defense,Department of the Air Force,DELIVERY ORDER
HII,HUNTINGTON INGALLS INC,N0002421C2106,2025-12-01,1333333.0,Department of Defense,Department of the Navy,DEFINITIVE CONTRACT
NOC,NORTHROP GRUMMAN SYSTEMS CORPORATION,HQ085426FE016,2026-03-31,8222834.49,Department of Defense,Missile Defense Agency,DELIVERY ORDER
HII,HUNTINGTON INGALLS INC,N5523625F9922,2025-10-16,389528.0,Department of Defense,Department of the Navy,DELIVERY ORDER
BAH,BOOZ ALLEN HAMILTON INC,47QFCA20F0032,2025-11-20,-1217607.83,General Services Administration,Federal Acquisition Service,DELIVERY ORDER
CACI,"CACI, INC. - FEDERAL",47QFRA24F0005,2026-05-12,216898.37,General Services Administration,Federal Acquisition Service,DELIVERY ORDER
BA,THE BOEING COMPANY,FA942224F0005,2026-02-17,619422.7,Department of Defense,Department of the Air Force,DELIVERY ORDER
ACN,ACCENTURE FEDERAL SERVICES LLC,15JPSS22F00000064,2026-03-24,-23810.46,Department of Justice,"Offices, Boards and Divisions",DELIVERY ORDER
LDOS,"LEIDOS, INC.",N0003922F3003,2026-01-28,3182580.0,Department of Defense,Department of the Navy,DELIVERY ORDER
GD,"GENERAL DYNAMICS INFORMATION TECHNOLOGY, INC.",89303020FCF000013,2026-02-09,100000.0,Department of Energy,Department of Energy,BPA CALL
CACI,"CACI, INC. - FEDERAL",N0016425F3012,2026-02-27,315000.0,Department of Defense,Department of the Navy,DELIVERY ORDER
NOC,NORTHROP GRUMMAN SYSTEMS CORPORATION,N0003016C0010,2025-08-21,-2686935.02,Department of Defense,Department of the Navy,DEFINITIVE CONTRACT
GD,"GENERAL DYNAMICS MISSION SYSTEMS, INC.",N0003024C1005,2025-09-17,1855755.0,Department of Defense,Department of the Navy,DEFINITIVE CONTRACT
LMT,LOCKHEED MARTIN CORPORATION,H9225424F2784,2026-01-16,-16735.19,Department of Defense,U.S. Special Operations Command,DELIVERY ORDER
LMT,LOCKHEED MARTIN CORP,FA821420F0001,2026-01-23,2099957.0,Department of Defense,Department of the Air Force,DELIVERY ORDER
GD,"GENERAL DYNAMICS INFORMATION TECHNOLOGY, INC.",47QFCA24F0007,2025-12-18,1673918.0,General Services Administration,Federal Acquisition Service,DELIVERY ORDER
BAH,BOOZ ALLEN HAMILTON INC,75F40125F19005,2025-08-18,2000000.0,Department of Health and Human Services,Food and Drug Administration,BPA CALL
BAH,BOOZ ALLEN HAMILTON INC,47QFRA24F0006,2026-06-15,197464.79,General Services Administration,Federal Acquisition Service,DELIVERY ORDER
BA,THE BOEING COMPANY,FA863422F0044,2025-09-23,915685.32,Department of Defense,Department of the Air Force,DELIVERY ORDER
BA,THE BOEING COMPANY,N6134025F0143,2025-10-23,1269109.0,Department of Defense,Department of the Navy,DELIVERY ORDER
BA,THE BOEING COMPANY,FA813425FB017,2025-08-13,1789755.42,Department of Defense,Department of the Air Force,DELIVERY ORDER
CACI,"CACI, INC. - FEDERAL",47QFCA25F0014,2026-03-25,6811429.0,General Services Administration,Federal Acquisition Service,DELIVERY ORDER
LMT,LOCKHEED MARTIN CORP,FA850423F0016,2025-09-26,213863.42,Department of Defense,Department of the Air Force,DELIVERY ORDER
GD,GENERAL DYNAMICS LAND SYSTEMS INC.,W56HZV22F0080,2025-09-18,-441501.0,Department of Defense,Department of the Army,DELIVERY ORDER
NOC,NORTHROP GRUMMAN SYSTEMS CORPORATION,N6660417C0204,2025-09-29,573764.0,Department of Defense,Department of the Navy,DEFINITIVE CONTRACT
NOC,NORTHROP GRUMMAN SYSTEMS CORPORATION,FA821421F0018,2025-08-27,1383222.0,Department of Defense,Department of the Air Force,DELIVERY ORDER
LMT,LOCKHEED MARTIN CORPORATION,FA868219C0008,2026-03-06,53115962.0,Department of Defense,Department of the Air Force,DEFINITIVE CONTRACT
GD,"GENERAL DYNAMICS INFORMATION TECHNOLOGY, INC.",7571MN26F80034,2026-04-21,5200000.0,Department of Health and Human Services,Office of the Assistant Secretary for Financial Resources,DELIVERY ORDER
HII,HUNTINGTON INGALLS INC,N0002409C2116,2025-11-24,40000.0,Department of Defense,Department of the Navy,DEFINITIVE CONTRACT
ACN,ACCENTURE FEDERAL SERVICES LLC,W52P1J21C0025,2026-03-18,4322.5,Department of Defense,Department of the Army,DEFINITIVE CONTRACT
CACI,"CACI, INC. - FEDERAL",N0016721F3015,2026-01-27,1967000.0,Department of Defense,Department of the Navy,DELIVERY ORDER
ACN,ACCENTURE FEDERAL SERVICES LLC,1333BJ22F00180003,2025-10-31,780339.0,Department of Commerce,U.S. Patent and Trademark Office,DELIVERY ORDER
BAH,BOOZ ALLEN HAMILTON INC,FA807524F0020,2026-04-13,711000.0,Department of Defense,Department of the Air Force,DELIVERY ORDER
PSN,PARSONS GOVERNMENT SERVICES INC.,89233124FNA000145,2025-08-28,100000.0,Department of Energy,Department of Energy,BPA CALL
LDOS,"LEIDOS, INC.",47QFMA22F0002,2025-12-08,-606.54,General Services Administration,Federal Acquisition Service,DELIVERY ORDER
LMT,LOCKHEED MARTIN CORPORATION,HQ072720F1102,2025-08-20,39492.21,Department of Defense,Defense Microelectronics Activity,DELIVERY ORDER
GD,"GENERAL DYNAMICS MISSION SYSTEMS, INC.",H9240124F0044,2026-05-07,333476.58,Department of Defense,U.S. Special Operations Command,DELIVERY ORDER
BA,THE BOEING COMPANY,FA863422C2705,2025-11-25,145187124.41,Department of Defense,Department of the Air Force,DEFINITIVE CONTRACT
LMT,LOCKHEED MARTIN CORPORATION,FA861119F0018,2025-09-10,2000000.0,Department of Defense,Department of the Air Force,DELIVERY ORDER
LMT,LOCKHEED MARTIN CORP,FA821420F0001,2025-12-17,-95020.03,Department of Defense,Department of the Air Force,DELIVERY ORDER
KTOS,"KRATOS SRE, INC.",80MSFC21F0180,2026-07-15,-6263.63,National Aeronautics and Space Administration,National Aeronautics and Space Administration,DELIVERY ORDER
ACN,ACCENTURE FEDERAL SERVICES LLC,19AQMM25F7091,2025-08-27,1704503.97,Department of State,Department of State,BPA CALL
LDOS,"LEIDOS, INC.",FA807524F0016,2026-03-23,96400.0,Department of Defense,Department of the Air Force,DELIVERY ORDER
LMT,LOCKHEED MARTIN CORPORATION,FA823224F0062,2025-12-10,88521.0,Department of Defense,Department of the Air Force,DELIVERY ORDER
CACI,"CACI, INC. - FEDERAL",47QFRA24F0005,2026-01-09,2411365.67,General Services Administration,Federal Acquisition Service,DELIVERY ORDER
LMT,LOCKHEED MARTIN CORPORATION,N6134023C0020,2026-04-09,3455684.88,Department of Defense,Department of the Navy,DEFINITIVE CONTRACT
NOC,NORTHROP GRUMMAN SYSTEMS CORPORATION,FA821421F0015,2026-05-12,451590.0,Department of Defense,Department of the Air Force,DELIVERY ORDER
GE,GENERAL ELECTRIC COMPANY,80LARC22F0055,2025-08-22,595410.0,National Aeronautics and Space Administration,National Aeronautics and Space Administration,DELIVERY ORDER
ACN,ACCENTURE FEDERAL SERVICES LLC,89303022FIM000088,2026-01-08,332000.0,Department of Energy,Department of Energy,BPA CALL
TXT,TEXTRON AVIATION DEFENSE LLC,FA810625F0001,2025-12-17,510822.59,Department of Defense,Department of the Air Force,DELIVERY ORDER
HII,HUNTINGTON INGALLS INC,N0002425C2122,2026-02-10,100000.0,Department of Defense,Department of the Navy,DEFINITIVE CONTRACT
BAH,BOOZ ALLEN HAMILTON INC,693KA923F00103,2025-09-16,-45575.65,Department of Transportation,Federal Aviation Administration,DELIVERY ORDER
CACI,"CACI, INC. - FEDERAL",FA807524F0060,2026-01-29,24714847.07,Department of Defense,Department of the Air Force,DELIVERY ORDER
NOC,NORTHROP GRUMMAN SYSTEMS CORPORATION,FA861517C6047,2025-12-10,371916.34,Department of Defense,Department of the Air Force,DEFINITIVE CONTRACT
ACN,ACCENTURE FEDERAL SERVICES LLC,SP470923F0098,2026-04-16,-2157.81,Department of Defense,Defense Logistics Agency,DELIVERY ORDER
BA,THE BOEING COMPANY,FA852625F0002,2025-12-17,1250260.88,Department of Defense,Department of the Air Force,DELIVERY ORDER
PLTR,PALANTIR USG INC,FA880625FB009,2026-03-10,16321745.74,Department of Defense,Department of the Air Force,DELIVERY ORDER
LDOS,"LEIDOS, INC.",N6883625F7K0J,2026-03-11,32761.16,Department of Defense,Department of the Navy,DELIVERY ORDER
BAH,BOOZ ALLEN HAMILTON INC,75F40122F19008,2025-09-12,-1452.19,Department of Health and Human Services,Food and Drug Administration,BPA CALL
CACI,"CACI, INC. - FEDERAL",80TECH24CA002,2025-09-22,4679890.91,National Aeronautics and Space Administration,National Aeronautics and Space Administration,DEFINITIVE CONTRACT
CACI,"CACI, LLC - COMMERCIAL",15JPSS21F00000479,2026-03-12,15409.3,Department of Justice,"Offices, Boards and Divisions",DELIVERY ORDER
NOC,NORTHROP GRUMMAN SYSTEMS CORPORATION,N0038326FS50R,2026-02-10,97020008.0,Department of Defense,Department of the Navy,DELIVERY ORDER
LDOS,"LEIDOS, INC.",N6883625F7KP6,2026-04-02,156.6,Department of Defense,Department of the Navy,DELIVERY ORDER
TXT,BELL TEXTRON INC,W58RGZ23C0001,2025-09-26,6695674.0,Department of Defense,Department of the Army,DEFINITIVE CONTRACT
GE,GENERAL ELECTRIC COMPANY,W58RGZ19C0003,2025-09-09,36874737.49,Department of Defense,Department of the Army,DEFINITIVE CONTRACT
ACN,ACCENTURE FEDERAL SERVICES LLC,89303022FIM000088,2026-04-01,6683064.84,Department of Energy,Department of Energy,BPA CALL
CACI,"CACI, INC. - FEDERAL",47QFRA24F0005,2026-02-23,2872075.18,General Services Administration,Federal Acquisition Service,DELIVERY ORDER
LMT,LOCKHEED MARTIN CORPORATION,HQ085621C0001,2025-11-21,24000000.0,Department of Defense,Missile Defense Agency,DEFINITIVE CONTRACT
CACI,"CACI, INC. - FEDERAL",N6426724F3008,2026-03-27,328056.0,Department of Defense,Department of the Navy,DELIVERY ORDER
LDOS,"LEIDOS, INC.",FA807524F0016,2025-12-22,343300.0,Department of Defense,Department of the Air Force,DELIVERY ORDER
ONDS,CONDOR SECURITY OF AMERICA INC,6991PE22P000019,2025-08-21,-515.94,Department of Transportation,Maritime Administration,PURCHASE ORDER
NOC,NORTHROP GRUMMAN SYSTEMS CORPORATION,N6600124F0495,2025-12-18,-2247226.0,Department of Defense,Department of the Navy,DELIVERY ORDER
IBM,INTERNATIONAL BUSINESS MACHINES CORPORATION,28321326FDS030036,2026-07-08,32447.52,Social Security Administration,Social Security Administration,DELIVERY ORDER
GD,"GENERAL DYNAMICS MISSION SYSTEMS, INC.",N0003024C1005,2025-09-17,4596681.0,Department of Defense,Department of the Navy,DEFINITIVE CONTRACT
NOC,NORTHROP GRUMMAN SYSTEMS CORPORATION,FA861517C6047,2025-09-29,475413.01,Department of Defense,Department of the Air Force,DEFINITIVE CONTRACT
GE,GENERAL ELECTRIC COMPANY,SPRPA126FRW00,2026-02-06,5326161.5,Department of Defense,Defense Logistics Agency,DELIVERY ORDER
ACN,ACCENTURE FEDERAL SERVICES LLC,89303024FIM000137,2025-09-11,2837515.0,Department of Energy,Department of Energy,BPA CALL
LDOS,"LEIDOS, INC.",N6883624F8KKT,2025-08-21,-36.22,Department of Defense,Department of the Navy,DELIVERY ORDER
LDOS,"LEIDOS, INC.",W56JSR23C0010,2025-08-22,2630943.81,Department of Defense,Department of the Army,DEFINITIVE CONTRACT
GD,"GENERAL DYNAMICS INFORMATION TECHNOLOGY, INC.",692M1525F00109,2026-01-12,639700.42,Department of Transportation,Federal Aviation Administration,DELIVERY ORDER
LMT,LOCKHEED MARTIN CORPORATION,N0001925C0070,2026-03-31,313552934.0,Department of Defense,Department of the Navy,DEFINITIVE CONTRACT
HII,HUNTINGTON INGALLS INC,N5523624F9915,2025-08-22,223752.0,Department of Defense,Department of the Navy,DELIVERY ORDER
GD,GENERAL DYNAMICS ONE SOURCE LLC,70T01020F5NOTD110,2025-09-08,-756591.01,Department of Homeland Security,Transportation Security Administration,DELIVERY ORDER
HII,HUNTINGTON INGALLS INC,N0002415C4301,2026-01-29,187193.0,Department of Defense,Department of the Navy,DEFINITIVE CONTRACT
BAH,BOOZ ALLEN HAMILTON INC,47QFEA25F0005,2026-01-15,-60066.21,General Services Administration,Federal Acquisition Service,DELIVERY ORDER
LDOS,"LEIDOS, INC.",47QFPA23F0014,2025-08-18,537697.37,General Services Administration,Federal Acquisition Service,DELIVERY ORDER
GD,"GENERAL DYNAMICS INFORMATION TECHNOLOGY, INC.",HC102819F0141,2025-12-09,7356279.26,Department of Defense,Defense Information Systems Agency,BPA CALL
LDOS,"LEIDOS, INC.",N0003922F9501,2025-08-28,12708.0,Department of Defense,Department of the Navy,DELIVERY ORDER
GD,"GENERAL DYNAMICS INFORMATION TECHNOLOGY, INC.",68HERH23F0125,2026-05-15,6000000.0,Environmental Protection Agency,Environmental Protection Agency,DELIVERY ORDER
PLTR,PALANTIR USG INC,W519TC26F0043,2026-03-18,600000.0,Department of Defense,Department of the Army,DELIVERY ORDER
LMT,LOCKHEED MARTIN CORPORATION,W56KGY23F0030,2025-12-10,1002.73,Department of Defense,Department of the Army,DELIVERY ORDER
NOC,NORTHROP GRUMMAN SYSTEMS CORPORATION,N0001913C9999,2025-09-30,5000000.0,Department of Defense,Department of the Navy,DEFINITIVE CONTRACT
NOC,NORTHROP GRUMMAN SYSTEMS CORPORATION,FA237725CB005,2026-04-15,633696.0,Department of Defense,Department of the Air Force,DEFINITIVE CONTRACT
LDOS,"LEIDOS, INC.",N0003925F7502,2026-01-21,141800.0,Department of Defense,Department of the Navy,DELIVERY ORDER
LMT,LOCKHEED MARTIN CORPORATION,FA820523F0505,2025-12-23,-4213330.0,Department of Defense,Department of the Air Force,DELIVERY ORDER
LDOS,"LEIDOS, INC.",HQ003421F0569,2025-09-09,25927.66,Department of Defense,Washington Headquarters Services,DELIVERY ORDER
PLTR,PALANTIR USG INC,FA880625FB009,2025-11-06,3900000.0,Department of Defense,Department of the Air Force,DELIVERY ORDER
LDOS,"LEIDOS, INC.",FA807524F0016,2026-03-31,97741.0,Department of Defense,Department of the Air Force,DELIVERY ORDER
GD,"GENERAL DYNAMICS INFORMATION TECHNOLOGY, INC.",70FBTX24F00000017,2025-08-15,-12854524.7,Department of Homeland Security,Federal Emergency Management Agency,BPA CALL
BA,THE BOEING COMPANY,N6134026F1012,2026-04-21,2888568.0,Department of Defense,Department of the Navy,DELIVERY ORDER
BAH,BOOZ ALLEN HAMILTON INC,W56KGU25F0006,2025-09-26,80225.23,Department of Defense,Department of the Army,DELIVERY ORDER
NOC,NORTHROP GRUMMAN SYSTEMS CORPORATION,FA881925CB002,2025-10-09,800000.0,Department of Defense,Department of the Air Force,DEFINITIVE CONTRACT
HII,HUNTINGTON INGALLS INCORPORATED,N0002418C2307,2026-02-11,2792.0,Department of Defense,Department of the Navy,DEFINITIVE CONTRACT
BA,THE BOEING COMPANY,FA810720F0001,2026-04-21,128003271.0,Department of Defense,Department of the Air Force,DELIVERY ORDER
ACN,ACCENTURE FEDERAL SERVICES LLC,140D0424F1315,2025-11-18,-15.82,Department of the Interior,Departmental Offices,DELIVERY ORDER
ACN,ACCENTURE FEDERAL SERVICES LLC,89303024FIM000146,2025-09-18,-118215.05,Department of Energy,Department of Energy,BPA CALL
LMT,LOCKHEED MARTIN CORPORATION,N6278623F0020,2026-01-29,1124815.0,Department of Defense,Department of the Navy,DELIVERY ORDER
HII,HUNTINGTON INGALLS INCORPORATED,N0002425C4229,2025-08-20,38790.0,Department of Defense,Department of the Navy,DEFINITIVE CONTRACT
PSN,PARSONS GOVERNMENT SERVICES INC.,FA830725FB131,2025-10-15,500000.0,Department of Defense,Department of the Air Force,DELIVERY ORDER
BAH,BOOZ ALLEN HAMILTON INC,47QFHA25F0004,2026-06-04,8792080.43,General Services Administration,Federal Acquisition Service,DELIVERY ORDER
LMT,LOCKHEED MARTIN CORPORATION,N0001923F0157,2025-10-15,1035808.58,Department of Defense,Department of the Navy,DELIVERY ORDER
LMT,LOCKHEED MARTIN CORPORATION,FA854024F0019,2025-12-23,15.0,Department of Defense,Department of the Air Force,DELIVERY ORDER
LDOS,"LEIDOS, INC.",HC102822F0003,2025-12-03,-506508.25,Department of Defense,Defense Information Systems Agency,DELIVERY ORDER
IBM,INTERNATIONAL BUSINESS MACHINES CORPORATION,47QACA25F0354,2026-02-23,-371.28,General Services Administration,Federal Acquisition Service,DELIVERY ORDER
BA,THE BOEING COMPANY,FA813826FB003,2026-05-01,1006290.08,Department of Defense,Department of the Air Force,DELIVERY ORDER
BA,THE BOEING COMPANY,FA873918C5030,2026-02-19,-184591.0,Department of Defense,Department of the Air Force,DEFINITIVE CONTRACT
LMT,LOCKHEED MARTIN CORPORATION,FA862125CB010,2026-01-14,-1104322.0,Department of Defense,Department of the Air Force,DEFINITIVE CONTRACT
BA,THE BOEING COMPANY,N0001921F0550,2025-12-03,809405.69,Department of Defense,Department of the Navy,DELIVERY ORDER
BA,THE BOEING COMPANY,FA852626FB001,2026-01-16,73720460.82,Department of Defense,Department of the Air Force,DELIVERY ORDER
BAH,BOOZ ALLEN HAMILTON INC,0020,2025-08-28,-63176.89,Department of Defense,Department of the Air Force,DELIVERY ORDER
LMT,LOCKHEED MARTIN CORPORATION,W56KGY25F0141,2025-09-25,6648790.43,Department of Defense,Department of the Army,DELIVERY ORDER
LDOS,"LEIDOS, INC.",N6883625F7MJP,2025-11-26,32638.92,Department of Defense,Department of the Navy,DELIVERY ORDER
LDOS,"LEIDOS, INC.",N6600119F3500,2025-09-24,-6525.29,Department of Defense,Department of the Navy,DELIVERY ORDER
BAH,BOOZ ALLEN HAMILTON INC,W911QX24F0055,2025-09-23,1340675.99,Department of Defense,Department of the Army,DELIVERY ORDER
LMT,LOCKHEED MARTIN CORPORATION,HQ014716C0011,2026-03-11,96636.14,Department of Defense,Missile Defense Agency,DEFINITIVE CONTRACT
HII,HUNTINGTON INGALLS INCORPORATED,N0002418C2307,2025-12-18,638262.0,Department of Defense,Department of the Navy,DEFINITIVE CONTRACT
BA,THE BOEING COMPANY,NNM07AB03C,2025-11-25,94364678.0,National Aeronautics and Space Administration,National Aeronautics and Space Administration,DEFINITIVE CONTRACT
GD,"GENERAL DYNAMICS INFORMATION TECHNOLOGY, INC.",47QFSA23F0020,2025-10-02,-11230.35,General Services Administration,Federal Acquisition Service,BPA CALL
LDOS,"LEIDOS, INC.",FA703726F0018,2026-03-06,1905651.66,Department of Defense,Department of the Air Force,DELIVERY ORDER
PSN,PARSONS GOVERNMENT SERVICES INC.,FA875024F0500,2026-03-10,25000.0,Department of Defense,Department of the Air Force,DELIVERY ORDER
LMT,LOCKHEED MARTIN CORPORATION,N0002424F6220,2025-10-16,7300000.0,Department of Defense,Department of the Navy,DELIVERY ORDER
BA,THE BOEING COMPANY,FA863418C2701,2025-08-19,2600000.0,Department of Defense,Department of the Air Force,DEFINITIVE CONTRACT
GE,GENERAL ELECTRIC COMPANY,N0042126F1020,2026-01-13,4000000.0,Department of Defense,Department of the Navy,DELIVERY ORDER
LDOS,"LEIDOS, INC.",W5J9CQ21F0015,2026-03-19,-425750.51,Department of Defense,Department of the Army,DELIVERY ORDER
NOC,NORTHROP GRUMMAN SYSTEMS CORPORATION,N6523622F0703,2025-08-26,165000.0,Department of Defense,Department of the Navy,DELIVERY ORDER
BA,THE BOEING COMPANY,FA863426CB002,2026-04-28,241281410.0,Department of Defense,Department of the Air Force,DEFINITIVE CONTRACT
HON,HONEYWELL INTERNATIONAL INC.,SPRDL125C0058,2025-09-05,10164504.59,Department of Defense,Defense Logistics Agency,DEFINITIVE CONTRACT
LDOS,"LEIDOS, INC.",N0003925F7473,2025-12-22,758563.14,Department of Defense,Department of the Navy,DELIVERY ORDER
BAH,BOOZ ALLEN HAMILTON INC,HTC71122FD011,2025-09-15,135017.47,Department of Defense,USTRANSCOM,DELIVERY ORDER
PLTR,PALANTIR TECHNOLOGIES INC.,70CTD022FR0000170,2026-04-02,5694902.0,Department of Homeland Security,U.S. Immigration and Customs Enforcement,DELIVERY ORDER
ETN,EATON CORPORATION,6973GH24F00746,2026-04-06,-148146.63,Department of Transportation,Federal Aviation Administration,DELIVERY ORDER
HII,HUNTINGTON INGALLS INC,N0002426C2100,2026-01-30,506466.0,Department of Defense,Department of the Navy,DEFINITIVE CONTRACT
GD,"GENERAL DYNAMICS INFORMATION TECHNOLOGY, INC.",692M1518F00742,2026-05-12,32000.0,Department of Transportation,Federal Aviation Administration,DELIVERY ORDER
PSN,PARSONS GOVERNMENT SERVICES INC.,HR001122C0027,2026-04-22,2400000.0,Department of Defense,Department of the Air Force,DEFINITIVE CONTRACT
LMT,LOCKHEED MARTIN CORPORATION,W31P4Q24F0165,2026-04-16,-76518245.81,Department of Defense,Department of the Army,DELIVERY ORDER
BA,THE BOEING COMPANY,FA875024CB013,2026-03-30,1096083.0,Department of Defense,Department of the Air Force,DEFINITIVE CONTRACT
NOC,NORTHROP GRUMMAN SYSTEMS CORPORATION,N0003021C1010,2026-04-16,-1130381.92,Department of Defense,Department of the Navy,DEFINITIVE CONTRACT
HON,"HONEYWELL FEDERAL MANUFACTURING & TECHNOLOGIES, LLC",DENA0002839,2026-04-30,68875168.69,Department of Energy,Department of Energy,DEFINITIVE CONTRACT
LMT,LOCKHEED MARTIN CORPORATION,N0002424C5131,2025-10-29,13721338.36,Department of Defense,Department of the Navy,DEFINITIVE CONTRACT
NOC,NORTHROP GRUMMAN SYSTEMS CORPORATION,FA873021F0119,2026-03-26,1673404.3,Department of Defense,Department of the Air Force,DELIVERY ORDER
LMT,RAYTHEON/LOCKHEED MARTIN JAVELIN JV,W31P4Q25F0182,2025-08-27,38668624.0,Department of Defense,Department of the Army,DELIVERY ORDER
GD,"GENERAL DYNAMICS INFORMATION TECHNOLOGY, INC.",692M1520F00338,2025-12-11,500000.0,Department of Transportation,Federal Aviation Administration,DELIVERY ORDER
HON,HONEYWELL INTERNATIONAL INC.,FA853926F0004,2025-12-09,1629919.15,Department of Defense,Department of the Air Force,DELIVERY ORDER
LMT,LOCKHEED MARTIN CORPORATION,FA861226FB003,2026-04-17,1000000.0,Department of Defense,Department of the Air Force,DELIVERY ORDER
BAH,BOOZ ALLEN HAMILTON INC,75F40125F19009,2026-07-27,744961.81,Department of Health and Human Services,Food and Drug Administration,BPA CALL
GD,"GENERAL DYNAMICS INFORMATION TECHNOLOGY, INC.",89303022FCF000025,2026-02-23,90000.0,Department of Energy,Department of Energy,BPA CALL
BA,BELL BOEING JOINT PROJECT OFFICE,N0001924F5561,2025-08-18,1167358.0,Department of Defense,Department of the Navy,DELIVERY ORDER
ACN,ACCENTURE FEDERAL SERVICES LLC,47QFCA21F0065,2026-02-26,9750.0,General Services Administration,Federal Acquisition Service,DELIVERY ORDER
PSN,PARSONS GOVERNMENT SERVICES INC.,HDTRA123F0050,2026-02-27,4558647.09,Department of Defense,Defense Threat Reduction Agency,DELIVERY ORDER
NOC,NORTHROP GRUMMAN SYSTEMS CORPORATION,N6523622F0703,2025-12-19,775000.0,Department of Defense,Department of the Navy,DELIVERY ORDER
PLTR,PALANTIR USG INC,W9128Z25FA010,2025-09-16,2000000.0,Department of Defense,Department of the Army,DELIVERY ORDER
LDOS,"LEIDOS, INC.",N6264521F0184,2026-04-10,434899.86,Department of Defense,Department of the Navy,DELIVERY ORDER
LDOS,"LEIDOS, INC.",47QFMA20F0031,2026-02-10,-48931.6,General Services Administration,Federal Acquisition Service,BPA CALL
HII,HUNTINGTON INGALLS INCORPORATED,N0002421C4205,2025-08-28,-4976089.0,Department of Defense,Department of the Navy,DEFINITIVE CONTRACT
CACI,"CACI, INC. - FEDERAL",N0017425F3001,2025-10-27,13879.0,Department of Defense,Department of the Navy,DELIVERY ORDER
BA,THE BOEING COMPANY,N0038322FYY14,2026-03-13,-16271118.2,Department of Defense,Department of the Navy,DELIVERY ORDER
GD,"GENERAL DYNAMICS MISSION SYSTEMS, INC.",N0002424C6240,2026-01-26,2325000.0,Department of Defense,Department of the Navy,DEFINITIVE CONTRACT
PSN,PARSONS GOVERNMENT SERVICES INC.,HDTRA123F0080,2025-08-27,210369.39,Department of Defense,Defense Threat Reduction Agency,DELIVERY ORDER
BA,THE BOEING COMPANY,FA813426FB002,2026-01-28,1190719.34,Department of Defense,Department of the Air Force,DELIVERY ORDER
ETN,EATON CORPORATION,6973GH21F00415,2026-05-11,-32652.9,Department of Transportation,Federal Aviation Administration,DELIVERY ORDER
GD,"GENERAL DYNAMICS MISSION SYSTEMS, INC.",47QFWA23C0006,2026-06-25,609000.0,General Services Administration,Federal Acquisition Service,DEFINITIVE CONTRACT
LMT,LOCKHEED MARTIN CORPORATION,HR001126CE029,2026-04-29,34537.0,Department of Defense,Defense Advanced Research Projects Agency,DEFINITIVE CONTRACT
GD,"GENERAL DYNAMICS MISSION SYSTEMS, INC.",FA861225FB015,2026-03-10,14951261.0,Department of Defense,Department of the Air Force,DELIVERY ORDER
NOC,NORTHROP GRUMMAN SYSTEMS CORPORATION,HC104723F0033,2026-03-30,10665926.0,Department of Defense,Defense Information Systems Agency,DELIVERY ORDER
CACI,"CACI, INC. - FEDERAL",N6523623F3038,2026-01-16,635958.96,Department of Defense,Department of the Navy,DELIVERY ORDER
PSN,AMENTUM PARSONS LOGISTICS SERVICES LLC,W52P1J19F0404,2025-09-18,560758.15,Department of Defense,Department of the Army,DELIVERY ORDER
BAH,BOOZ ALLEN HAMILTON INC,47QFWA21F0024,2026-01-29,-513.26,General Services Administration,Federal Acquisition Service,DELIVERY ORDER
BA,THE BOEING COMPANY,FA813425F4202,2025-08-26,-17306.55,Department of Defense,Defense Contract Management Agency,DELIVERY ORDER
BAH,BOOZ ALLEN HAMILTON INC,47QFPA22F0004,2026-04-06,1797101.45,General Services Administration,Federal Acquisition Service,DELIVERY ORDER
BAH,BOOZ ALLEN HAMILTON INC,47QFEA25F0005,2025-10-20,6783047.0,General Services Administration,Federal Acquisition Service,DELIVERY ORDER
NOC,NORTHROP GRUMMAN SYSTEMS CORPORATION,FA852726FB003,2026-01-14,1486558.7,Department of Defense,Department of the Air Force,DELIVERY ORDER
BA,THE BOEING COMPANY,FA863424F0041,2025-08-19,3249026.0,Department of Defense,Department of the Air Force,DELIVERY ORDER
CACI,"CACI, LLC - COMMERCIAL",15JPSS21F00000530,2025-09-16,1316894.8,Department of Justice,"Offices, Boards and Divisions",DELIVERY ORDER
GD,"GENERAL DYNAMICS INFORMATION TECHNOLOGY, INC.",HC102819F1301,2025-09-05,-339631.21,Department of Defense,Defense Information Systems Agency,DELIVERY ORDER
ACN,ACCENTURE FEDERAL SERVICES LLC,12314418F0020,2026-06-23,251185.0,Department of Agriculture,Office of the Chief Financial Officer,DELIVERY ORDER
ACN,ACCENTURE FEDERAL SERVICES LLC,89303025FIM000170,2025-11-20,153657.52,Department of Energy,Department of Energy,BPA CALL
PLTR,PALANTIR USG INC,80MSFC26F0010,2026-06-05,10000000.0,National Aeronautics and Space Administration,National Aeronautics and Space Administration,DELIVERY ORDER
LMT,LOCKHEED MARTIN CORPORATION,N0003025C6045,2026-04-23,-1068505.0,Department of Defense,Department of the Navy,DEFINITIVE CONTRACT
NOC,NORTHROP GRUMMAN SYSTEMS CORPORATION,N6893625F0262,2025-08-14,405000.0,Department of Defense,Department of the Navy,DELIVERY ORDER
GD,"GENERAL DYNAMICS MISSION SYSTEMS, INC.",N0003024C1001,2025-09-25,199900.0,Department of Defense,Department of the Navy,DEFINITIVE CONTRACT
GD,"GENERAL DYNAMICS INFORMATION TECHNOLOGY, INC.",W5J9CQ25F0004,2026-01-29,1123587.19,Department of Defense,Department of the Army,DELIVERY ORDER
LDOS,"LEIDOS, INC.",W56KGY24F0071,2025-08-29,-1925000.0,Department of Defense,Department of the Army,DELIVERY ORDER
GD,"GENERAL DYNAMICS INFORMATION TECHNOLOGY, INC.",N6339423C0009,2025-09-03,863961.86,Department of Defense,Department of the Navy,DEFINITIVE CONTRACT
LMT,LOCKHEED MARTIN CORPORATION,W31P4Q20F0327,2025-09-29,-269625.0,Department of Defense,Department of the Army,DELIVERY ORDER
LMT,LOCKHEED MARTIN CORPORATION,N0038323FP700,2025-11-12,41433.62,Department of Defense,Department of the Navy,DELIVERY ORDER
BA,THE BOEING COMPANY,FA852620F0003,2025-09-10,-848920.93,Department of Defense,Defense Contract Management Agency,DELIVERY ORDER
GD,"GENERAL DYNAMICS MISSION SYSTEMS, INC.",W56KGY26F0036,2026-04-02,3561015.0,Department of Defense,Department of the Army,DELIVERY ORDER
CACI,"CACI, LLC - COMMERCIAL",15JPSS21F00000464,2025-09-17,2000837.29,Department of Justice,"Offices, Boards and Divisions",DELIVERY ORDER
BAH,BOOZ ALLEN HAMILTON INC,FA807521F0075,2026-03-27,79224.65,Department of Defense,Department of the Air Force,DELIVERY ORDER
LMT,LOCKHEED MARTIN CORPORATION,FA823226FB034,2026-03-31,7672245.44,Department of Defense,Department of the Air Force,DELIVERY ORDER
BA,THE BOEING COMPANY,FA863424F0043,2026-04-23,2251045.0,Department of Defense,Department of the Air Force,DELIVERY ORDER
ACN,ACCENTURE FEDERAL SERVICES LLC,SP470922F0068,2025-10-22,1124050.59,Department of Defense,Defense Logistics Agency,DELIVERY ORDER
LMT,LOCKHEED MARTIN CORPORATION,N0002421C5119,2026-02-20,20973212.79,Department of Defense,Department of the Navy,DEFINITIVE CONTRACT
GD,"GENERAL DYNAMICS MISSION SYSTEMS, INC.",N6339424C0004,2025-08-21,4189649.69,Department of Defense,Department of the Navy,DEFINITIVE CONTRACT
BA,THE BOEING COMPANY,HQ085623F0006,2026-01-30,793378.3,Department of Defense,Missile Defense Agency,DELIVERY ORDER
LMT,LOCKHEED MARTIN CORPORATION,N0001925F2083,2025-09-11,4890878.4,Department of Defense,Department of the Navy,DELIVERY ORDER
GD,"GENERAL DYNAMICS INFORMATION TECHNOLOGY, INC.",68HERH24F0187,2025-10-10,11366.77,Environmental Protection Agency,Environmental Protection Agency,BPA CALL
GD,"GENERAL DYNAMICS INFORMATION TECHNOLOGY, INC.",75FCMC24F0087,2026-02-27,5201640.0,Department of Health and Human Services,Centers for Medicare and Medicaid Services,DELIVERY ORDER
GD,"GENERAL DYNAMICS MISSION SYSTEMS, INC.",W900KK26FA007,2026-01-09,3745125.33,Department of Defense,Department of the Army,DELIVERY ORDER
LMT,LOCKHEED MARTIN CORP,FA862925FB024,2025-09-19,7258540.0,Department of Defense,Department of the Air Force,DELIVERY ORDER
CACI,"CACI NSS, LLC",47QFCA24F0051,2025-09-23,1400952.0,General Services Administration,Federal Acquisition Service,DELIVERY ORDER
BAH,BOOZ ALLEN HAMILTON INC,HR001122F0066,2025-09-17,1770041.0,Department of Defense,Defense Advanced Research Projects Agency,DELIVERY ORDER
NOC,NORTHROP GRUMMAN SYSTEMS CORPORATION,N0001919C0008,2026-03-24,3416715.0,Department of Defense,Department of the Navy,DEFINITIVE CONTRACT
NOC,NORTHROP GRUMMAN SYSTEMS CORPORATION,N0003025C1010,2026-04-10,1221522.0,Department of Defense,Department of the Navy,DEFINITIVE CONTRACT
NOC,NORTHROP GRUMMAN SYSTEMS CORPORATION,FA873021F0119,2025-08-27,800000.0,Department of Defense,Department of the Air Force,DELIVERY ORDER
LMT,LOCKHEED MARTIN CORPORATION,FA861125F0034,2026-01-29,1929772.28,Department of Defense,Department of the Air Force,DELIVERY ORDER
LMT,LOCKHEED MARTIN CORPORATION,N0001925F0090,2026-02-02,10536220.0,Department of Defense,Department of the Navy,DELIVERY ORDER
BA,THE BOEING COMPANY,FA810726FB007,2026-03-19,2332245.81,Department of Defense,Department of the Air Force,DELIVERY ORDER
BA,THE BOEING COMPANY,SPRPA124F0051,2025-09-12,41801542.43,Department of Defense,Defense Logistics Agency,DELIVERY ORDER
NOC,NORTHROP GRUMMAN SYSTEMS CORP,FA852226F0003,2025-11-25,34579101.0,Department of Defense,Department of the Air Force,DELIVERY ORDER
CACI,"CACI, INC. - FEDERAL",N0018925F3025,2026-04-01,46265.4,Department of Defense,Department of the Navy,DELIVERY ORDER
NOC,NORTHROP GRUMMAN SYSTEMS CORPORATION,N0002423C6110,2026-02-18,1856509.67,Department of Defense,Department of the Navy,DEFINITIVE CONTRACT
BAH,BOOZ ALLEN HAMILTON INC,HC102820F6102,2025-09-23,305216.0,Department of Defense,Defense Information Systems Agency,DELIVERY ORDER
GD,"GENERAL DYNAMICS INFORMATION TECHNOLOGY, INC.",SECHQ116C0032,2026-04-09,7894906.36,Securities and Exchange Commission,Securities and Exchange Commission,DEFINITIVE CONTRACT
NOC,NORTHROP GRUMMAN SYSTEMS CORPORATION,FA881422C0004,2026-03-11,797841.0,Department of Defense,Department of the Air Force,DEFINITIVE CONTRACT
GD,"GENERAL DYNAMICS INFORMATION TECHNOLOGY, INC.",47QFCA22F0038,2026-03-16,6360078.28,General Services Administration,Federal Acquisition Service,DELIVERY ORDER
LMT,LOCKHEED MARTIN CORPORATION,0028,2025-10-06,-3102.65,Department of Defense,Defense Contract Management Agency,DELIVERY ORDER
BA,THE BOEING COMPANY,FA852626FB001,2026-01-23,250000.0,Department of Defense,Department of the Air Force,DELIVERY ORDER
LDOS,"LEIDOS, INC.",HT003824F0018,2025-09-08,-81095.3,Department of Defense,Defense Health Agency,DELIVERY ORDER
ACN,ACCENTURE FEDERAL SERVICES LLC,FA701423F0115,2025-09-30,6430616.03,Department of Defense,Department of the Air Force,DELIVERY ORDER
LDOS,"LEIDOS, INC.",N0002418C6209,2026-01-21,4782078.0,Department of Defense,Department of the Navy,DEFINITIVE CONTRACT
KTOS,"KRATOS DEFENSE & ROCKET SUPPORT SERVICES, INC.",N6600124F1032,2026-01-15,158880.0,Department of Defense,Department of the Navy,DELIVERY ORDER
NOC,NORTHROP GRUMMAN SYSTEMS CORPORATION,HTC71120FD069,2026-03-06,-188747.72,Department of Defense,USTRANSCOM,DELIVERY ORDER
BA,THE BOEING COMPANY,N0001921F0701,2026-01-12,-49432.0,Department of Defense,Department of the Navy,DELIVERY ORDER
BA,THE BOEING COMPANY,FA813420F0001,2025-09-15,-614746.82,Department of Defense,Defense Contract Management Agency,DELIVERY ORDER
HON,HONEYWELL BUILDING SOLUTIONS SES CORP,47PM0721F0053,2026-02-20,4459078.71,General Services Administration,Public Buildings Service,DELIVERY ORDER
NOC,NORTHROP GRUMMAN SYSTEMS CORPORATION,N6660424FC844,2026-01-23,822552.0,Department of Defense,Department of the Navy,DELIVERY ORDER
BA,THE BOEING COMPANY,FA880725CB006,2025-09-15,44000000.0,Department of Defense,Department of the Air Force,DEFINITIVE CONTRACT
LMT,LOCKHEED MARTIN CORPORATION,H9225420F2346,2025-08-21,-15527.87,Department of Defense,U.S. Special Operations Command,DELIVERY ORDER
GD,"GENERAL DYNAMICS INFORMATION TECHNOLOGY, INC.",47QFSA26F0006,2026-07-24,3020.15,General Services Administration,Federal Acquisition Service,BPA CALL
BAH,BOOZ ALLEN HAMILTON INC,FA807524F0006,2026-01-21,2200000.0,Department of Defense,Department of the Air Force,DELIVERY ORDER
GD,"GENERAL DYNAMICS INFORMATION TECHNOLOGY, INC.",36C10D24N0035,2026-01-15,112819020.9,Department of Veterans Affairs,Department of Veterans Affairs,DELIVERY ORDER
LMT,LOCKHEED MARTIN CORPORATION,HR001124C0304,2025-12-03,63000000.0,Department of Defense,Defense Advanced Research Projects Agency,DEFINITIVE CONTRACT
LMT,LOCKHEED MARTIN CORPORATION,FA861520F0001,2025-11-19,-0.1,Department of Defense,Department of the Air Force,DELIVERY ORDER
GD,"GENERAL DYNAMICS INFORMATION TECHNOLOGY, INC.",68HERD24F0089,2025-08-18,1004201.0,Environmental Protection Agency,Environmental Protection Agency,BPA CALL
MRCY,MERCURY SYSTEMS INC,N0042122F0015,2025-09-25,687173.48,Department of Defense,Department of the Navy,DELIVERY ORDER
BAH,BOOZ ALLEN HAMILTON INC,FA807519FA047,2025-09-19,-119456.55,Department of Defense,Department of the Air Force,DELIVERY ORDER
CACI,"CACI-ISS, LLC",FA877021FB002,2025-09-24,4397632.26,Department of Defense,Department of the Air Force,DELIVERY ORDER
LMT,LOCKHEED MARTIN CORPORATION,FA861122F0003,2025-12-19,39504.0,Department of Defense,Department of the Air Force,DELIVERY ORDER
LDOS,"LEIDOS, INC.",N6523625F3003,2026-03-30,549613.77,Department of Defense,Department of the Navy,DELIVERY ORDER
NOC,NORTHROP GRUMMAN SYSTEMS CORPORATION,N6893626F0064,2026-04-02,544000.0,Department of Defense,Department of the Navy,DELIVERY ORDER
LDOS,"LEIDOS, INC.",HC102826F0012,2025-12-09,1106459.5,Department of Defense,Defense Information Systems Agency,DELIVERY ORDER
BAH,BOOZ ALLEN HAMILTON INC,75FCMC25FJ030,2026-04-07,9005619.18,Department of Health and Human Services,Centers for Medicare and Medicaid Services,DELIVERY ORDER
LMT,LOCKHEED MARTIN CORPORATION,N0001925C0070,2025-09-25,610000000.0,Department of Defense,Department of the Navy,DEFINITIVE CONTRACT
BA,THE BOEING COMPANY,FA813425F1001,2025-09-23,2901429.0,Department of Defense,Department of the Air Force,DELIVERY ORDER
LMT,LOCKHEED MARTIN CORP,N0003019C0025,2025-12-19,11300000.0,Department of Defense,Department of the Navy,DEFINITIVE CONTRACT
CACI,"CACI TECHNOLOGIES, LLC",W56KGU23F0009,2026-05-11,19206676.91,Department of Defense,Department of the Army,DELIVERY ORDER
NOC,NORTHROP GRUMMAN SYSTEMS CORPORATION,N0001919F0280,2025-09-10,-84853.22,Department of Defense,Department of the Navy,DELIVERY ORDER
LDOS,"LEIDOS, INC.",N6600124F3515,2025-09-15,2050023.0,Department of Defense,Department of the Navy,DELIVERY ORDER
LDOS,"LEIDOS, INC.",FA807524F0016,2026-01-22,237900.0,Department of Defense,Department of the Air Force,DELIVERY ORDER
LMT,LOCKHEED MARTIN CORPORATION,H9225424F2800,2025-09-29,51622.83,Department of Defense,U.S. Special Operations Command,DELIVERY ORDER
LDOS,"LEIDOS, INC.",FA873024FB003,2026-01-15,242118.35,Department of Defense,Department of the Air Force,DELIVERY ORDER
LDOS,"LEIDOS, INC.",N6883625F7KSU,2026-01-20,76140.72,Department of Defense,Department of the Navy,DELIVERY ORDER
HII,HUNTINGTON INGALLS INC,N0002425F6103,2025-08-26,1657500.0,Department of Defense,Department of the Navy,DELIVERY ORDER
HII,HUNTINGTON INGALLS INCORPORATED,N0002421C4205,2026-04-28,201179.0,Department of Defense,Department of the Navy,DEFINITIVE CONTRACT
BAH,BOOZ ALLEN HAMILTON INC,47QFCA24F0003,2026-04-03,20235882.0,General Services Administration,Federal Acquisition Service,DELIVERY ORDER
LMT,RAYTHEON/LOCKHEED MARTIN JAVELIN JV,W31P4Q24C0047,2025-09-24,4892.98,Department of Defense,Department of the Army,DEFINITIVE CONTRACT
BAH,BOOZ ALLEN HAMILTON INC,70CTD022FR0000002,2025-09-26,12325727.73,Department of Homeland Security,U.S. Immigration and Customs Enforcement,DELIVERY ORDER
CACI,"CACI NSS, LLC",FA855525FB006,2026-03-02,100065.32,Department of Defense,Department of the Air Force,DELIVERY ORDER
LMT,LOCKHEED MARTIN CORPORATION,H9225425F2896,2026-03-30,424611.75,Department of Defense,U.S. Special Operations Command,DELIVERY ORDER
GD,"GENERAL DYNAMICS GLOBAL FORCE, LLC",W56JSR21F0043,2026-05-07,-1416373.7,Department of Defense,Department of the Army,DELIVERY ORDER
ACN,ACCENTURE FEDERAL SERVICES LLC,W52P1J20C0005,2026-01-30,418000.0,Department of Defense,Department of the Army,DEFINITIVE CONTRACT
SATL,IRIDIUM SATELLITE LLC,FA254124CB001,2025-11-24,5903610.47,Department of Defense,Department of the Air Force,DEFINITIVE CONTRACT
LDOS,"LEIDOS SECURITY DETECTION & AUTOMATION, INC.",70T04018F5CAP1098,2026-07-15,-119392.8,Department of Homeland Security,Transportation Security Administration,DELIVERY ORDER
LMT,LOCKHEED MARTIN CORPORATION,N0002423C5123,2025-12-30,59160843.76,Department of Defense,Department of the Navy,DEFINITIVE CONTRACT
BA,THE BOEING COMPANY,FA813424F4201,2026-04-01,-33383.02,Department of Defense,Defense Contract Management Agency,DELIVERY ORDER
LDOS,"LEIDOS, INC.",N0003925F7505,2026-01-21,181046.11,Department of Defense,Department of the Navy,DELIVERY ORDER
LMT,LOCKHEED MARTIN CORPORATION,0017,2025-08-20,-18055.77,Department of Defense,Missile Defense Agency,DELIVERY ORDER
BAH,BOOZ ALLEN HAMILTON INC,75F40125F19008,2026-01-22,6513143.92,Department of Health and Human Services,Food and Drug Administration,BPA CALL
LDOS,"LEIDOS, INC.",N6883625F7MJL,2025-09-29,9651615.84,Department of Defense,Department of the Navy,DELIVERY ORDER
LDOS,"LEIDOS, INC.",70B04C26F00000246,2026-07-20,2154290.35,Department of Homeland Security,U.S. Customs and Border Protection,DELIVERY ORDER
NOC,NORTHROP GRUMMAN SYSTEMS CORPORATION,FA882024CB001,2026-03-10,7720236.0,Department of Defense,Department of the Air Force,DEFINITIVE CONTRACT
LMT,LOCKHEED MARTIN CORPORATION,N0002420C6117,2026-03-31,62955703.0,Department of Defense,Department of the Navy,DEFINITIVE CONTRACT
BAH,BOOZ ALLEN HAMILTON INC,FA807524F0059,2026-02-12,109344.0,Department of Defense,Department of the Air Force,DELIVERY ORDER
CACI,"CACI, INC. - FEDERAL",47QFCA25F0014,2026-02-23,996123.0,General Services Administration,Federal Acquisition Service,DELIVERY ORDER
GD,"GENERAL DYNAMICS MISSION SYSTEMS, INC.",N0003026C7000,2026-02-27,18075000.0,Department of Defense,Department of the Navy,DEFINITIVE CONTRACT
LMT,LOCKHEED MARTIN CORPORATION,N0001921F0244,2026-04-16,-1608531.09,Department of Defense,Defense Contract Management Agency,DELIVERY ORDER
LMT,LOCKHEED MARTIN CORPORATION,HR001126CE029,2026-01-27,1419838.0,Department of Defense,Defense Advanced Research Projects Agency,DEFINITIVE CONTRACT
IBM,INTERNATIONAL BUSINESS MACHINES CORPORATION,60RRBH26F1002,2026-02-17,349101.15,Railroad Retirement Board,Railroad Retirement Board,DELIVERY ORDER
LMT,LOCKHEED MARTIN CORPORATION,HR001124C0304,2026-03-26,65000000.0,Department of Defense,Defense Advanced Research Projects Agency,DEFINITIVE CONTRACT
LMT,LOCKHEED MARTIN CORPORATION,N0038324FDT09,2026-01-28,-56415.98,Department of Defense,Department of the Navy,DELIVERY ORDER
BA,THE BOEING COMPANY,FA862516C6599,2026-04-09,1270000.0,Department of Defense,Department of the Air Force,DEFINITIVE CONTRACT
GD,"GENERAL DYNAMICS INFORMATION TECHNOLOGY, INC.",47QFCA22F0038,2026-01-05,-6950000.0,General Services Administration,Federal Acquisition Service,DELIVERY ORDER
LDOS,"LEIDOS, INC.",FA823226FB195,2026-05-12,1867402.92,Department of Defense,Department of the Air Force,DELIVERY ORDER
LDOS,"LEIDOS, INC.",75N92023F00001,2026-02-26,690471.08,Department of Health and Human Services,National Institutes of Health,DELIVERY ORDER
LDOS,"LEIDOS, INC.",N0003925F7462,2025-12-18,487135.15,Department of Defense,Department of the Navy,DELIVERY ORDER
PLTR,PALANTIR TECHNOLOGIES INC.,205AE925F00202,2025-09-24,14244448.96,Department of the Treasury,Internal Revenue Service,BPA CALL
LDOS,"LEIDOS, INC.",FA807524F0036,2026-03-18,646150.0,Department of Defense,Department of the Air Force,DELIVERY ORDER
BA,THE BOEING COMPANY,FA852626FB002,2026-01-27,147241369.13,Department of Defense,Department of the Air Force,DELIVERY ORDER
LMT,"LOCKHEED MARTIN GLOBAL, INC.",FA238324CB012,2025-09-18,4875000.0,Department of Defense,Department of the Air Force,DEFINITIVE CONTRACT
NOC,"NORTHROP GRUMMAN TECHNICAL SERVICES, INC.",0007,2025-08-13,-15873.63,Department of Defense,Department of the Air Force,DELIVERY ORDER
LMT,LOCKHEED MARTIN CORPORATION,N0001925F0272,2026-01-28,4136902.0,Department of Defense,Department of the Navy,DELIVERY ORDER
CACI,"CACI, INC. - FEDERAL",47QFCA25F0014,2026-06-10,2472744.0,General Services Administration,Federal Acquisition Service,DELIVERY ORDER
CACI,"CACI NSS, LLC",88310322F00096,2026-04-21,1254411.04,National Archives and Records Administration,National Archives and Records Administration,DELIVERY ORDER
BA,THE BOEING COMPANY,N6893624F0389,2025-09-11,-1051138.0,Department of Defense,Department of the Navy,DELIVERY ORDER
LDOS,"LEIDOS, INC.",FA231825FB002,2026-01-08,755431.0,Department of Defense,Department of the Air Force,DELIVERY ORDER
GD,"GENERAL DYNAMICS MISSION SYSTEMS, INC.",S0701A22F1013,2026-03-09,-199792.93,Department of Defense,Defense Contract Management Agency,DELIVERY ORDER
NOC,NORTHROP GRUMMAN SYSTEMS CORPORATION,FA823219F0232,2026-04-29,-198964.72,Department of Defense,Department of the Air Force,DELIVERY ORDER
LMT,LOCKHEED MARTIN CORPORATION,H9225423F2679,2025-09-26,150000.0,Department of Defense,U.S. Special Operations Command,DELIVERY ORDER
GD,"GENERAL DYNAMICS INFORMATION TECHNOLOGY, INC.",N0003923C0002,2026-04-20,358393.0,Department of Defense,Department of the Navy,DEFINITIVE CONTRACT
LDOS,"LEIDOS, INC.",N6883625F7KVB,2025-12-22,55447.13,Department of Defense,Department of the Navy,DELIVERY ORDER
LMT,LOCKHEED MARTIN CORPORATION,FA861517C6045,2025-10-28,8000.0,Department of Defense,Department of the Air Force,DEFINITIVE CONTRACT
GE,GENERAL ELECTRIC COMPANY,SPRMM126FR904,2026-04-28,206568.0,Department of Defense,Defense Logistics Agency,DELIVERY ORDER
BAH,BOOZ ALLEN HAMILTON INC,FA807522F0047,2025-08-21,96038.8,Department of Defense,Department of the Air Force,DELIVERY ORDER
ACN,ACCENTURE FEDERAL SERVICES LLC,89303025FIM000170,2025-09-15,310454.73,Department of Energy,Department of Energy,BPA CALL
BA,"BOEING SIKORSKY AIRCRAFT SUPPORT, LLC",H9224126FE008,2026-01-21,33426254.3,Department of Defense,U.S. Special Operations Command,DELIVERY ORDER
LDOS,"KAHU, A LEIDOS AND PUEO JV, LLC",47QFNA26F0023,2026-02-27,661291.65,General Services Administration,Federal Acquisition Service,DELIVERY ORDER
CACI,"CACI, INC. - FEDERAL",FA807524F0042,2026-03-24,2117045.96,Department of Defense,Department of the Air Force,DELIVERY ORDER
LMT,LOCKHEED MARTIN CORPORATION,N0002424F6220,2025-12-11,6800000.0,Department of Defense,Department of the Navy,DELIVERY ORDER
WWD,WOODWARD HRT INC,FA812126C0004,2026-02-11,7507277.9,Department of Defense,Department of the Air Force,DEFINITIVE CONTRACT
GD,"GENERAL DYNAMICS INFORMATION TECHNOLOGY, INC.",HT001422C0016,2026-04-03,4501402.36,Department of Defense,Defense Health Agency,DEFINITIVE CONTRACT
LDOS,"LEIDOS, INC.",31310022F0060,2026-05-26,164212.23,Nuclear Regulatory Commission,Nuclear Regulatory Commission,BPA CALL
LDOS,"LEIDOS, INC.",FA823226FB002,2026-03-31,66624.71,Department of Defense,Department of the Air Force,DELIVERY ORDER
LMT,LOCKHEED MARTIN CORPORATION,H9225424F2787,2025-11-24,49279.94,Department of Defense,U.S. Special Operations Command,DELIVERY ORDER
LDOS,LEIDOS BIOMEDICAL RESEARCH INC,75N91019F00129,2026-05-19,-4882212.22,Department of Health and Human Services,National Institutes of Health,DELIVERY ORDER
LMT,LOCKHEED MARTIN CORPORATION,FA820525F0703,2026-03-09,13206762.0,Department of Defense,Department of the Air Force,DELIVERY ORDER
LMT,LOCKHEED MARTIN CORPORATION,W31P4Q20C0023,2025-08-13,-6008500.0,Department of Defense,Department of the Army,DEFINITIVE CONTRACT
LDOS,"LEIDOS, INC.",47QFCA24F0039,2026-06-03,9143381.0,General Services Administration,Federal Acquisition Service,DELIVERY ORDER
BAH,BOOZ ALLEN HAMILTON INC,FA714626C0007,2026-01-30,24155385.89,Department of Defense,Department of the Air Force,DEFINITIVE CONTRACT
LMT,LOCKHEED MARTIN CORPORATION,HQ085121C0002,2025-09-18,13482813.62,Department of Defense,Missile Defense Agency,DEFINITIVE CONTRACT
BAH,BOOZ ALLEN HAMILTON INC,47QFRA24F0006,2026-05-14,1446833.36,General Services Administration,Federal Acquisition Service,DELIVERY ORDER
GE,GENERAL ELECTRIC COMPANY,N0042125F0023,2025-10-01,58030.35,Department of Defense,Department of the Navy,DELIVERY ORDER
ACN,ACCENTURE FEDERAL SERVICES LLC,19AQMM26F7062,2026-05-29,1851691.54,Department of State,Department of State,BPA CALL
HII,HUNTINGTON INGALLS INC,N5523626F9934,2026-03-03,-8812.0,Department of Defense,Department of the Navy,DELIVERY ORDER
BAH,BOOZ ALLEN HAMILTON INC,47QFEA24F0001,2025-09-24,2930151.6,General Services Administration,Federal Acquisition Service,DELIVERY ORDER
HII,HUNTINGTON INGALLS INC,N0002426C2100,2026-02-26,914451.0,Department of Defense,Department of the Navy,DEFINITIVE CONTRACT
BA,THE BOEING COMPANY,N0001924F2564,2026-03-10,4825674.56,Department of Defense,Department of the Navy,DELIVERY ORDER
BA,THE BOEING COMPANY,FA945125CX002,2026-02-24,24664.5,Department of Defense,Department of the Air Force,DEFINITIVE CONTRACT
TXT,BELL TEXTRON INC,N0038322FW702,2025-08-21,-177396.36,Department of Defense,Department of the Navy,DELIVERY ORDER
LMT,LOCKHEED MARTIN CORPORATION,N6134021C0010,2025-09-04,2145723.52,Department of Defense,Department of the Navy,DEFINITIVE CONTRACT
GD,"GENERAL DYNAMICS INFORMATION TECHNOLOGY, INC.",SP470926F0011,2026-03-11,192761.1,Department of Defense,Defense Logistics Agency,DELIVERY ORDER
LDOS,"LEIDOS, INC.",HC102820F0622,2025-10-30,-1793.28,Department of Defense,Defense Information Systems Agency,DELIVERY ORDER
LDOS,"LEIDOS, INC.",W909MY23F0044,2026-04-23,-6271.28,Department of Defense,Department of the Army,DELIVERY ORDER
LMT,LOCKHEED MARTIN CORPORATION,0023,2025-09-09,-229222.09,Department of Defense,Defense Contract Management Agency,DELIVERY ORDER
LMT,LOCKHEED MARTIN CORPORATION,N0002423C6106,2026-01-30,3732335.0,Department of Defense,Department of the Navy,DEFINITIVE CONTRACT
CACI,"CACI TECHNOLOGIES, LLC",W56KGU25F0022,2026-01-06,2460345.18,Department of Defense,Department of the Army,DELIVERY ORDER
GD,GENERAL DYNAMICS LAND SYSTEMS INC.,W912CH26F0101,2026-02-27,14398729.0,Department of Defense,Department of the Army,DELIVERY ORDER
ACN,ACCENTURE FEDERAL SERVICES LLC,SP470924F0065,2025-12-12,-40390.82,Department of Defense,Defense Logistics Agency,DELIVERY ORDER
LMT,LOCKHEED MARTIN CORPORATION,H9225423F2721,2026-04-21,131167.0,Department of Defense,U.S. Special Operations Command,DELIVERY ORDER
LMT,LOCKHEED MARTIN CORPORATION,FA821023F0009,2025-12-18,4268424.0,Department of Defense,Department of the Air Force,DELIVERY ORDER
LMT,LOCKHEED MARTIN CORPORATION,H9225423F2688,2025-09-09,708148.0,Department of Defense,U.S. Special Operations Command,DELIVERY ORDER
LMT,LOCKHEED MARTIN CORPORATION,H9225424F2810,2025-11-17,-165713.0,Department of Defense,U.S. Special Operations Command,DELIVERY ORDER
NOC,NORTHROP GRUMMAN SYSTEMS CORPORATION,FA821421F0008,2026-01-27,3229498.69,Department of Defense,Department of the Air Force,DELIVERY ORDER
LMT,LOCKHEED MARTIN CORPORATION,HQ085126FE011,2026-01-13,9113319.0,Department of Defense,Missile Defense Agency,DELIVERY ORDER
GD,GENERAL DYNAMICS LAND SYSTEMS INC.,W912CH25F0122,2025-09-11,289980.0,Department of Defense,Department of the Army,DELIVERY ORDER
LMT,LOCKHEED MARTIN CORPORATION,HQ072725FE050,2025-08-15,15636306.0,Department of Defense,Defense Microelectronics Activity,DELIVERY ORDER
BAH,BOOZ ALLEN HAMILTON INC,HSFE5017F0044,2026-02-24,-294402.92,Department of Homeland Security,Federal Emergency Management Agency,DELIVERY ORDER
LMT,"LOCKHEED MARTIN SERVICES, LLC",DTFAWA10C00052,2025-09-11,-77799.3,Department of Transportation,Federal Aviation Administration,DEFINITIVE CONTRACT
ETN,"EATON AEROSPACE, LLC",N0038325FBF08,2025-09-05,1011360.0,Department of Defense,Department of the Navy,DELIVERY ORDER
NOC,NORTHROP GRUMMAN SYSTEMS CORPORATION,N0001926F0092,2025-12-22,424000.0,Department of Defense,Department of the Navy,DELIVERY ORDER
GD,"GENERAL DYNAMICS GLOBAL FORCE, LLC",W56JSR25F0002,2025-12-18,13772502.23,Department of Defense,Department of the Army,DELIVERY ORDER
LDOS,"LEIDOS, INC.",HC102826F0010,2026-03-18,1337294.52,Department of Defense,Defense Information Systems Agency,DELIVERY ORDER
HON,"HONEYWELL FEDERAL MANUFACTURING & TECHNOLOGIES, LLC",DENA0002839,2025-09-30,79412859.98,Department of Energy,Department of Energy,DEFINITIVE CONTRACT
RDW,"REDWIRE SPACE TECHNOLOGIES, INC.",80JSC025F0046,2026-01-30,732500.0,National Aeronautics and Space Administration,National Aeronautics and Space Administration,DELIVERY ORDER
CACI,"CACI, INC. - FEDERAL",80TECH24CA002,2026-05-26,80849.33,National Aeronautics and Space Administration,National Aeronautics and Space Administration,DEFINITIVE CONTRACT
LDOS,"LEIDOS, INC.",FA945120C0026,2025-08-15,576000.0,Department of Defense,Department of the Air Force,DEFINITIVE CONTRACT
BA,BELL BOEING JOINT PROJECT OFFICE,N0038325F0ZV1,2025-12-03,4097100.0,Department of Defense,Department of the Navy,DELIVERY ORDER
GD,"GENERAL DYNAMICS MISSION SYSTEMS, INC.",FA254123CB002,2026-03-31,-11697.0,Department of Defense,Department of the Air Force,DEFINITIVE CONTRACT
LDOS,"LEIDOS, INC.",N6883625F7M5D,2025-12-23,993560.49,Department of Defense,Department of the Navy,DELIVERY ORDER
NOC,NORTHROP GRUMMAN SYSTEMS CORPORATION,FA823219F0232,2025-11-06,-27195.95,Department of Defense,Department of the Air Force,DELIVERY ORDER
CACI,"CACI, INC. - FEDERAL",FA807524F0015,2026-01-30,147995.0,Department of Defense,Department of the Air Force,DELIVERY ORDER
IBM,INTERNATIONAL BUSINESS MACHINES CORPORATION,28321326FA0010005,2026-01-30,436189.3,Social Security Administration,Social Security Administration,BPA CALL
ACN,ACCENTURE FEDERAL SERVICES LLC,75N91023F00001,2026-03-11,487541.99,Department of Health and Human Services,National Institutes of Health,BPA CALL
GD,"GENERAL DYNAMICS INFORMATION TECHNOLOGY, INC.",N6133125F3004,2026-03-24,519000.0,Department of Defense,Department of the Navy,DELIVERY ORDER
PSN,PARSONS GOVERNMENT SERVICES INC.,47QFCA21F0042,2026-02-24,4542075.31,General Services Administration,Federal Acquisition Service,DELIVERY ORDER
LDOS,"LEIDOS, INC.",47QFCA23F0039,2025-09-30,26258820.82,General Services Administration,Federal Acquisition Service,DELIVERY ORDER
BA,THE BOEING COMPANY,N6893626F5001,2026-02-23,-3382775.84,Department of Defense,Department of the Navy,DELIVERY ORDER
BAH,BOOZ ALLEN HAMILTON INC,FA872625FB041,2025-09-23,145735.67,Department of Defense,Department of the Air Force,DELIVERY ORDER
PSN,PARSONS GOVERNMENT SERVICES INC.,FA564123F0004,2026-03-05,2370000.0,Department of Defense,Department of the Air Force,DELIVERY ORDER
BAH,BOOZ ALLEN HAMILTON INC,75N94021F00001,2026-06-16,474995.32,Department of Health and Human Services,National Institutes of Health,DELIVERY ORDER
NOC,NORTHROP GRUMMAN SYSTEMS CORPORATION,SPE4AX25F8514,2025-09-03,1168862.53,Department of Defense,Defense Logistics Agency,DELIVERY ORDER
LDOS,"LEIDOS, INC.",HC104723F4055,2026-01-20,-5528.6,Department of Defense,Defense Information Systems Agency,DELIVERY ORDER
HON,HONEYWELL INTERNATIONAL INC.,FA810108F0041,2026-03-12,1019146.0,Department of Defense,Department of the Air Force,DELIVERY ORDER
LMT,LOCKHEED MARTIN CORPORATION,W31P4Q25F0031,2025-12-18,4516858.57,Department of Defense,Department of the Army,DELIVERY ORDER
LDOS,"LEIDOS, INC.",70B04C23F00001108,2025-09-09,433710.02,Department of Homeland Security,U.S. Customs and Border Protection,DELIVERY ORDER
NOC,NORTHROP GRUMMAN SYSTEMS CORPORATION,HHSM5000003,2025-08-27,-647105.95,Department of Health and Human Services,Centers for Medicare and Medicaid Services,DELIVERY ORDER
BAH,BOOZ ALLEN HAMILTON INC,15F06724F0001022,2025-09-11,497309.12,Department of Justice,Federal Bureau of Investigation,DELIVERY ORDER
LMT,LOCKHEED MARTIN CORPORATION,W31P4Q25F0172,2026-01-14,256091.0,Department of Defense,Department of the Army,DELIVERY ORDER
LMT,LOCKHEED MARTIN CORP,NNG12FD66C,2026-06-25,2000000.0,National Aeronautics and Space Administration,National Aeronautics and Space Administration,DEFINITIVE CONTRACT
GD,"GENERAL DYNAMICS MISSION SYSTEMS, INC.",N0002425C6260,2026-04-22,3704025.0,Department of Defense,Department of the Navy,DEFINITIVE CONTRACT
ACN,ACCENTURE FEDERAL SERVICES LLC,15F06725F0000990,2025-12-12,271703.28,Department of Justice,Federal Bureau of Investigation,BPA CALL
LDOS,"LEIDOS, INC.",M6785424F4204,2025-08-14,-6043238.54,Department of Defense,Department of the Navy,DELIVERY ORDER
LDOS,LEIDOS BIOMEDICAL RESEARCH INC,75N91022F00026,2026-06-16,-2299.73,Department of Health and Human Services,National Institutes of Health,DELIVERY ORDER
BA,THE BOEING COMPANY,FA231825FB021,2025-12-10,6449000.0,Department of Defense,Department of the Air Force,DELIVERY ORDER
PSN,PARSONS GOVERNMENT SERVICES INC.,FA875024F0500,2025-09-04,620055.0,Department of Defense,Department of the Air Force,DELIVERY ORDER
LMT,LOCKHEED MARTIN CORPORATION,N0001926F1061,2026-04-30,1998355.0,Department of Defense,Department of the Navy,DELIVERY ORDER
IBM,INTERNATIONAL BUSINESS MACHINES CORPORATION,70B04C20F00001153,2025-10-22,-1928.68,Department of Homeland Security,U.S. Customs and Border Protection,DELIVERY ORDER
LDOS,"LEIDOS, INC.",15JPSS20F00000873,2025-12-16,50000.0,Department of Justice,"Offices, Boards and Divisions",DELIVERY ORDER
NOC,NORTHROP GRUMMAN SYSTEMS CORPORATION,N6893620F0575,2025-08-14,-1333476.97,Department of Defense,Defense Contract Management Agency,DELIVERY ORDER
GD,GENERAL DYNAMICS LAND SYSTEMS INC.,W56HZV22C0012,2025-09-12,1431968.49,Department of Defense,Department of the Army,DEFINITIVE CONTRACT
GD,"GENERAL DYNAMICS GLOBAL FORCE, LLC",W909MY25F0055,2026-01-14,5641618.82,Department of Defense,Department of the Army,DELIVERY ORDER
BA,THE BOEING COMPANY,N6893624F0389,2026-01-26,-1350000.0,Department of Defense,Department of the Navy,DELIVERY ORDER
LDOS,"LEIDOS, INC.",N0018924F3090,2026-04-10,2650000.0,Department of Defense,Department of the Navy,DELIVERY ORDER
SATL,IRIDIUM SATELLITE LLC,FA254125FB022,2025-09-05,2757283.69,Department of Defense,Department of the Air Force,DELIVERY ORDER
BA,THE BOEING COMPANY,FA821324FB016,2025-09-18,210112325.91,Department of Defense,Department of the Air Force,DELIVERY ORDER
LDOS,"LEIDOS, INC.",FA701424F0287,2025-12-03,6616579.26,Department of Defense,Department of the Air Force,DELIVERY ORDER
CACI,"CACI TECHNOLOGIES, LLC",W56KGU23F0014,2026-03-06,2173436.68,Department of Defense,Department of the Army,DELIVERY ORDER
TXT,TEXTRON AVIATION DEFENSE LLC,FA810626FB001,2025-12-23,1034186.0,Department of Defense,Department of the Air Force,DELIVERY ORDER
CACI,"CACI NSS, LLC",70FA5020F00000111,2025-09-26,4088772.38,Department of Homeland Security,Federal Emergency Management Agency,DELIVERY ORDER
LDOS,"LEIDOS, INC.",89243318CFE000003,2025-11-21,1796000.0,Department of Energy,Department of Energy,DEFINITIVE CONTRACT
LMT,LOCKHEED MARTIN CORP,FA881018C0005,2025-12-02,120000000.0,Department of Defense,Department of the Air Force,DEFINITIVE CONTRACT
LMT,LOCKHEED MARTIN CORPORATION,FA862118F6251,2026-01-29,22037876.88,Department of Defense,Department of the Air Force,DELIVERY ORDER
GD,"GENERAL DYNAMICS MISSION SYSTEMS, INC.",70Z04421F21000700,2026-07-08,30000.0,Department of Homeland Security,U.S. Coast Guard,DELIVERY ORDER
LDOS,LEIDOS BIOMEDICAL RESEARCH INC,75N91021F00010,2025-08-26,2072543.0,Department of Health and Human Services,National Institutes of Health,DELIVERY ORDER
GD,"GENERAL DYNAMICS MISSION SYSTEMS, INC.",N0002416C5210,2026-01-14,-21433.14,Department of Defense,Defense Contract Management Agency,DEFINITIVE CONTRACT
LDOS,"LEIDOS, INC.",FA825122F0069,2026-04-02,-264430.35,Department of Defense,Department of the Air Force,DELIVERY ORDER
CACI,"CACI, INC. - FEDERAL",FA807524F0060,2026-01-09,901042.0,Department of Defense,Department of the Air Force,DELIVERY ORDER
AVAV,"AEROVIRONMENT, INC",N6833524F0079,2026-03-23,1200000.0,Department of Defense,Department of the Navy,DELIVERY ORDER
NOC,NORTHROP GRUMMAN SYSTEMS CORPORATION,NNM07AA75C,2025-11-24,4600000.0,National Aeronautics and Space Administration,National Aeronautics and Space Administration,DEFINITIVE CONTRACT
BA,THE BOEING COMPANY,FA852620F0030,2025-08-19,-145060.89,Department of Defense,Defense Contract Management Agency,DELIVERY ORDER
CACI,"CACI TECHNOLOGIES, LLC",BD05,2026-03-30,-232.59,Department of Defense,Department of the Army,DELIVERY ORDER
LDOS,"LEIDOS, INC.",N0003925F7522,2025-09-26,239223.45,Department of Defense,Department of the Navy,DELIVERY ORDER
PSN,PARSONS GOVERNMENT SERVICES INC.,47PA0322F0065,2026-02-11,-246499.78,General Services Administration,Public Buildings Service,BPA CALL
IBM,INTERNATIONAL BUSINESS MACHINES CORPORATION,70RDA125FC0000005,2025-09-23,80801.44,Department of Homeland Security,Office of Procurement Operations,BPA CALL
LMT,LOCKHEED MARTIN CORPORATION,W31P4Q15C0082,2026-03-03,-47573.83,Department of Defense,Department of the Army,DEFINITIVE CONTRACT
GD,"GENERAL DYNAMICS MISSION SYSTEMS, INC.",N0003022F1013,2025-08-28,-407110.8,Department of Defense,Department of the Navy,DELIVERY ORDER
LDOS,"LEIDOS, INC.",89243318CFE000003,2026-04-13,14516544.0,Department of Energy,Department of Energy,DEFINITIVE CONTRACT
GD,GENERAL DYNAMICS LAND SYSTEMS INC.,W912CH25F0124,2025-08-14,1326833.0,Department of Defense,Department of the Army,DELIVERY ORDER
BAH,BOOZ ALLEN HAMILTON INC,89703025FAR400021,2025-10-27,325000.0,Department of Energy,Department of Energy,DELIVERY ORDER
BAH,BOOZ ALLEN HAMILTON INC,2032H322F00097,2025-09-24,2844876.89,Department of the Treasury,Departmental Offices,BPA CALL
LMT,LOCKHEED MARTIN CORPORATION,H9225426FE071,2026-04-17,16405116.0,Department of Defense,U.S. Special Operations Command,DELIVERY ORDER
GD,"GENERAL DYNAMICS MISSION SYSTEMS, INC.",DTFAWA12C00040,2026-05-26,2501.82,Department of Transportation,Federal Aviation Administration,DEFINITIVE CONTRACT
LMT,LOCKHEED MARTIN CORPORATION,H9225419F2138,2025-09-16,-1632.33,Department of Defense,U.S. Special Operations Command,DELIVERY ORDER
ACN,ACCENTURE FEDERAL SERVICES LLC,2032H822F00121,2025-12-10,-2007952.79,Department of the Treasury,Internal Revenue Service,BPA CALL
ACN,ACCENTURE FEDERAL SERVICES LLC,89243120FSC000008,2025-11-12,-155000.0,Department of Energy,Department of Energy,BPA CALL
LDOS,"LEIDOS, INC.",FA807524F0016,2026-02-19,249917.0,Department of Defense,Department of the Air Force,DELIVERY ORDER
TXT,TEXTRON AVIATION DEFENSE LLC,FA810625F0001,2026-01-21,1057512.62,Department of Defense,Department of the Air Force,DELIVERY ORDER
BA,THE BOEING COMPANY,FA813423FB007,2026-02-04,-461605.41,Department of Defense,Defense Contract Management Agency,DELIVERY ORDER
LDOS,LEIDOS BIOMEDICAL RESEARCH INC,75N91023F00013,2025-12-12,-45853.0,Department of Health and Human Services,National Institutes of Health,DELIVERY ORDER
ACN,ACCENTURE FEDERAL SERVICES LLC,19AQMM26F7062,2026-05-12,229968.82,Department of State,Department of State,BPA CALL
GD,"GENERAL DYNAMICS MISSION SYSTEMS, INC.",N6833521F0035,2026-03-10,490000.0,Department of Defense,Department of the Navy,DELIVERY ORDER
BAH,BOOZ ALLEN HAMILTON INC,47QFCA23F0014,2026-02-20,12571010.0,General Services Administration,Federal Acquisition Service,DELIVERY ORDER
SPIR,"PRO-SPHERE TEK, INC.",36C10B26N10260047,2026-06-10,993791.16,Department of Veterans Affairs,Department of Veterans Affairs,DELIVERY ORDER
LMT,LOCKHEED MARTIN CORPORATION,N0001924C0027,2026-02-11,-887494.95,Department of Defense,Department of the Navy,DEFINITIVE CONTRACT
HON,HONEYWELL INTERNATIONAL INC.,FA239125CB021,2026-04-30,370330.0,Department of Defense,Department of the Air Force,DEFINITIVE CONTRACT
BAH,BOOZ ALLEN HAMILTON INC,N0042122F3001,2025-11-03,198591.48,Department of Defense,Department of the Navy,DELIVERY ORDER
BAH,BOOZ ALLEN HAMILTON INC,FA807525F0024,2025-08-13,140436.0,Department of Defense,Department of the Air Force,DELIVERY ORDER
GD,GENERAL DYNAMICS ONE SOURCE LLC,FA824025F5001,2025-12-08,1412184.02,Department of Defense,Department of the Air Force,DELIVERY ORDER
ACN,ACCENTURE FEDERAL SERVICES LLC,12314418F0020,2026-07-31,-8399.54,Department of Agriculture,Office of the Chief Financial Officer,DELIVERY ORDER
CACI,"CACI, INC. - FEDERAL",47QFCA19F0006,2025-09-24,4337599.45,General Services Administration,Federal Acquisition Service,DELIVERY ORDER
LMT,LOCKHEED MARTIN CORPORATION,H9225425FE041,2026-03-13,488917.14,Department of Defense,U.S. Special Operations Command,DELIVERY ORDER
ACN,ACCENTURE FEDERAL SERVICES LLC,89243120FSC000008,2025-12-29,951038.99,Department of Energy,Department of Energy,BPA CALL
LDOS,"LEIDOS, INC.",N6883625F7M5K,2025-12-30,-64028.52,Department of Defense,Department of the Navy,DELIVERY ORDER
VSEC,VSE CORPORATION,N0017419F3003,2026-03-20,1507074.15,Department of Defense,Department of the Navy,DELIVERY ORDER
BAH,BOOZ ALLEN HAMILTON INC,FA875023C0053,2025-09-25,270459.0,Department of Defense,Department of the Air Force,DEFINITIVE CONTRACT
CACI,"CACI NSS, LLC",70RTAC21FC0000006,2025-09-08,16543066.4,Department of Homeland Security,Office of Procurement Operations,BPA CALL
BAH,BOOZ ALLEN HAMILTON INC,80JSC026FA012,2026-02-26,1265403.0,National Aeronautics and Space Administration,National Aeronautics and Space Administration,BPA CALL
NOC,NORTHROP GRUMMAN SYSTEMS CORPORATION,FA865023C9313,2025-11-21,10000000.0,Department of Defense,Department of the Air Force,DEFINITIVE CONTRACT
NOC,NORTHROP GRUMMAN SYSTEMS CORPORATION,N0038318FHV03,2026-01-13,373718.0,Department of Defense,Department of the Navy,DELIVERY ORDER
BAH,BOOZ ALLEN HAMILTON INC,47QFCA23F0047,2025-09-30,9961864.68,General Services Administration,Federal Acquisition Service,DELIVERY ORDER
BAH,BOOZ ALLEN HAMILTON INC,693KA824F00037,2026-02-10,208195.42,Department of Transportation,Federal Aviation Administration,DELIVERY ORDER
PSN,PARSONS GOVERNMENT SERVICES INC.,W912DY23F0231,2025-09-11,2130824.16,Department of Defense,Department of the Army,DELIVERY ORDER
NOC,NORTHROP GRUMMAN SYSTEMS CORPORATION,FA239624FB089,2026-03-13,1092718.38,Department of Defense,Department of the Air Force,DELIVERY ORDER
LMT,LOCKHEED MARTIN CORPORATION,N0001925F2558,2025-12-18,373405947.0,Department of Defense,Department of the Navy,DELIVERY ORDER
BA,THE BOEING COMPANY,FA863423F0027,2026-03-20,6625981.0,Department of Defense,Department of the Air Force,DELIVERY ORDER
LDOS,"LEIDOS, INC.",FA807524F0036,2026-05-01,800000.0,Department of Defense,Department of the Air Force,DELIVERY ORDER
BAH,BOOZ ALLEN HAMILTON INC,HHSD2002010371980011,2026-03-31,-28565.67,Department of Health and Human Services,Centers for Disease Control and Prevention,DELIVERY ORDER
LMT,LOCKHEED MARTIN CORP,FA855325FB003,2026-01-16,252886.9,Department of Defense,Department of the Air Force,DELIVERY ORDER
BAH,BOOZ ALLEN HAMILTON INC,BD01,2025-12-17,-6962.73,Department of Defense,Department of the Army,DELIVERY ORDER
BAH,BOOZ ALLEN HAMILTON INC,68HERC23F0454,2025-10-23,155000.0,Environmental Protection Agency,Environmental Protection Agency,BPA CALL
LDOS,"LEIDOS, INC.",70RTAC26FR0000001,2026-06-04,7207542.0,Department of Homeland Security,Office of Procurement Operations,DELIVERY ORDER
ACN,ACCENTURE FEDERAL SERVICES LLC,89303023FIM000115,2025-11-21,100000.0,Department of Energy,Department of Energy,BPA CALL
BAH,BOOZ ALLEN HAMILTON INC,47QFCA24F0003,2026-06-18,36004911.0,General Services Administration,Federal Acquisition Service,DELIVERY ORDER
NOC,NORTHROP GRUMMAN SYSTEMS CORPORATION,NNH15CN76C,2026-04-29,20000000.0,National Aeronautics and Space Administration,National Aeronautics and Space Administration,DEFINITIVE CONTRACT
LMT,LOCKHEED MARTIN CORPORATION,N0002423C5117,2026-05-08,84878127.36,Department of Defense,Department of the Navy,DEFINITIVE CONTRACT
LMT,LOCKHEED MARTIN CORPORATION,N6278622F0021,2025-09-16,1517408.0,Department of Defense,Department of the Navy,DELIVERY ORDER
LMT,LOCKHEED MARTIN CORPORATION,N0001920F0694,2025-09-09,351989.98,Department of Defense,Department of the Navy,DELIVERY ORDER
GD,"GENERAL DYNAMICS MISSION SYSTEMS, INC.",H9240122F0122,2026-05-01,694443.86,Department of Defense,U.S. Special Operations Command,DELIVERY ORDER
LMT,LOCKHEED MARTIN CORPORATION,H9225425F2899,2026-01-09,3918811.0,Department of Defense,U.S. Special Operations Command,DELIVERY ORDER
NOC,NORTHROP GRUMMAN SYSTEMS CORPORATION,FA229124FB011,2025-09-18,8738352.72,Department of Defense,Department of the Air Force,DELIVERY ORDER
GD,"GENERAL DYNAMICS INFORMATION TECHNOLOGY, INC.",36C10D24N0067,2026-02-10,-562229.47,Department of Veterans Affairs,Department of Veterans Affairs,DELIVERY ORDER
BAH,BOOZ ALLEN HAMILTON INC,N0018922F3050,2025-11-13,198000.0,Department of Defense,Department of the Navy,DELIVERY ORDER
GD,"GENERAL DYNAMICS MISSION SYSTEMS, INC.",693KA824F00290,2025-12-19,1844853.9,Department of Transportation,Federal Aviation Administration,DELIVERY ORDER
LDOS,"LEIDOS, INC.",HC102826F0010,2026-03-09,2720229.73,Department of Defense,Defense Information Systems Agency,DELIVERY ORDER
LMT,LOCKHEED MARTIN CORPORATION,FA861123F0007,2025-12-16,10747409.83,Department of Defense,Department of the Air Force,DELIVERY ORDER
CACI,"CACI, INC. - FEDERAL",N0017824F3000,2026-04-17,3374169.52,Department of Defense,Department of the Navy,DELIVERY ORDER
NOC,NORTHROP GRUMMAN SYSTEMS CORPORATION,FA462523C0003,2025-11-06,2500.0,Department of Defense,Department of the Air Force,DEFINITIVE CONTRACT
BA,THE BOEING COMPANY,S1110A24F0006,2026-02-02,4668637.43,Department of Defense,Defense Contract Management Agency,DELIVERY ORDER
LMT,LOCKHEED MARTIN CORPORATION,FA854023F0049,2026-04-14,3239805.0,Department of Defense,Department of the Air Force,DELIVERY ORDER
BA,THE BOEING COMPANY,FA852620F0031,2026-03-05,239588.96,Department of Defense,Department of the Air Force,DELIVERY ORDER
BA,THE BOEING COMPANY,FA812818C0003,2025-09-03,-638674.33,Department of Defense,Department of the Air Force,DEFINITIVE CONTRACT
PSN,PARSONS GOVERNMENT SERVICES INC.,FA875023F0502,2026-02-24,526176.0,Department of Defense,Department of the Air Force,DELIVERY ORDER
BAH,BOOZ ALLEN HAMILTON INC,FA807523F0041,2025-12-22,1491054.0,Department of Defense,Department of the Air Force,DELIVERY ORDER
PSN,PARSONS GOVERNMENT SERVICES INC.,W56KGU22F0021,2025-08-25,-60.27,Department of Defense,Department of the Army,DELIVERY ORDER
GD,GENERAL DYNAMICS INFORMATION TECHNOLOGY INC.,19AQMM23F1518,2025-09-09,-187527.97,Department of State,Department of State,DELIVERY ORDER
LMT,LOCKHEED MARTIN CORP,FA882322F4001,2025-12-11,13617325.0,Department of Defense,Department of the Air Force,DELIVERY ORDER
BAH,BOOZ ALLEN HAMILTON INC,47QFCA24F0026,2026-07-21,6551606.0,General Services Administration,Federal Acquisition Service,DELIVERY ORDER
LMT,LOCKHEED MARTIN CORPORATION,N6339424C0003,2025-10-21,-49800.0,Department of Defense,Department of the Navy,DEFINITIVE CONTRACT
NOC,NORTHROP GRUMMAN SYSTEMS CORP,N0003025C2013,2025-09-09,900000.0,Department of Defense,Department of the Navy,DEFINITIVE CONTRACT
NOC,NORTHROP GRUMMAN SYSTEMS CORPORATION,W519TC25F0378,2025-09-25,99889779.26,Department of Defense,Department of the Army,DELIVERY ORDER
BAH,BOOZ ALLEN HAMILTON INC,47QFEA20F0003,2026-05-01,-2507785.58,General Services Administration,Federal Acquisition Service,DELIVERY ORDER
CACI,"CACI, INC. - FEDERAL",FA807524F0060,2026-03-02,19898.0,Department of Defense,Department of the Air Force,DELIVERY ORDER
LMT,LOCKHEED MARTIN CORPORATION,H9225423F2731,2025-09-07,-202586.69,Department of Defense,U.S. Special Operations Command,DELIVERY ORDER
BAH,BOOZ ALLEN HAMILTON INC,N6600119F0799,2025-08-12,-19000.0,Department of Defense,Department of the Navy,DELIVERY ORDER
GD,"GENERAL DYNAMICS INFORMATION TECHNOLOGY, INC.",N0017823F3012,2025-09-30,405738.0,Department of Defense,Department of the Navy,DELIVERY ORDER
BA,THE BOEING COMPANY,FA852626FB003,2026-03-20,78624020.0,Department of Defense,Department of the Air Force,DELIVERY ORDER
GD,"GENERAL DYNAMICS INFORMATION TECHNOLOGY, INC.",75N98124F00001,2026-03-31,150000.0,Department of Health and Human Services,National Institutes of Health,DELIVERY ORDER
LDOS,"LEIDOS, INC.",W15P7T26F0079,2026-04-16,26538318.0,Department of Defense,Department of the Army,DELIVERY ORDER
BA,THE BOEING COMPANY,80MSFC20C0052,2026-02-12,-2300000.0,National Aeronautics and Space Administration,National Aeronautics and Space Administration,DEFINITIVE CONTRACT
BAH,BOOZ ALLEN HAMILTON INC,FA807525F0041,2025-09-26,3837324.0,Department of Defense,Department of the Air Force,DELIVERY ORDER
GD,"GENERAL DYNAMICS INFORMATION TECHNOLOGY, INC.",FA714620F0783,2025-09-08,-5546525.4,Department of Defense,Department of the Air Force,DELIVERY ORDER
HII,HUNTINGTON INGALLS INC,N0002415C2114,2026-02-17,-15876.5,Department of Defense,Department of the Navy,DEFINITIVE CONTRACT
LMT,LOCKHEED MARTIN CORPORATION,W31P4Q17C0006,2025-09-09,-23946817.84,Department of Defense,Department of the Army,DEFINITIVE CONTRACT
LDOS,"LEIDOS, INC.",FA807524F0016,2026-01-30,309609.0,Department of Defense,Department of the Air Force,DELIVERY ORDER
