ticker,award_date,company,same_day_award_count,transaction_amount_sum,transaction_amount_abs_sum,prior_abs_award_max,prior_signed_award_mean,prior_abs_award_median,prior_transactions_30d,prior_award_days_30d,pre_volatility_market_20d,relative_strength_spy_60d,relative_strength_spy_120d,prior_response_mean_20d,prior_response_count_60d,event_trading_day,peak_pct,peak_day,day90_pct,actual_winner_ge20,MTS_signal_score,predicted_buy,market_cap_before,log10_market_cap_before,MTS8_score,MTS11_score_old,old_buy,buy8,delta_score_8_minus_11,hit_7p5,hit_10,hit_15,hit_20
ACN,2025-08-18,ACCENTURE FEDERAL SERVICES LLC,1,-850290.44,850290.44,13375592.84,5891402.826,2375194.69,19,5,1.9519251333524767,-31.8918631022386,-39.57690180254748,,0,2025-08-18,10.247657515933597,83,8.369132006620594,0,1.651263029560076,0,150744584997.8086,11.178241720495045,1.5149778979677087,1.651263029560076,0,0,-0.13628513159236744,1,1,0,0
ACN,2025-08-26,ACCENTURE FEDERAL SERVICES LLC,1,10930498.3,10930498.3,25607054.43,7463356.767272727,4488027.63,45,11,2.0437839874293267,-28.76278846570788,-37.23760958479065,,0,2025-08-26,7.53268367079476,77,3.3513394999022283,0,1.2686144085255426,0,156261494729.98828,11.193851974266922,1.3165321959171885,1.2686144085255426,0,0,0.04791778739164587,1,0,0,0
ACN,2025-08-28,ACCENTURE FEDERAL SERVICES LLC,1,250000.0,250000.0,25607054.43,7905485.058461538,6063204.65,62,13,1.9641358516694525,-26.90550353538691,-37.73680348811479,,0,2025-08-28,7.71362154739561,89,6.95241417404191,0,1.1595576419910023,0,156914494354.23047,11.195663061670574,1.266228376882068,1.1595576419910023,0,0,0.1066707348910656,1,0,0,0
ACN,2025-09-09,ACCENTURE FEDERAL SERVICES LLC,1,1125355.3,1125355.3,43706678.09,12720164.7885,13457504.295,111,20,1.2982319039742511,-28.42763973898336,-38.077348127225065,,0,2025-09-09,14.504539062923438,88,13.579898081593678,0,1.1934165310802325,0,156714545664.67285,11.195109307947396,1.2343296516315605,1.1934165310802325,0,0,0.04091312055132801,1,1,0,0
ACN,2025-09-17,ACCENTURE FEDERAL SERVICES LLC,1,2277262.73,2277262.73,45158749.55,13566253.234074073,13375592.84,134,22,1.347900511812569,-27.650604879897436,-37.9717515010186,0.7900597913447549,0,2025-09-17,19.607020885310767,82,14.325967019170726,0,1.1416294082181353,0,144519761630.95312,11.15992723657681,1.2106202564128792,1.1416294082181353,0,0,0.06899084819474388,1,1,1,0
ACN,2025-09-24,ACCENTURE FEDERAL SERVICES LLC,1,-226094.08,226094.08,101210178.16,16913124.076875,13993665.835,161,22,1.3442047298001711,-26.90738057922313,-41.44621043785295,-3.3630985546832552,0,2025-09-24,20.68762915258706,77,0.8909134681900577,1,1.042631658961396,0,143720228063.79333,11.157517897697435,1.213606320566472,1.042631658961396,0,0,0.17097466160507602,1,1,1,1
ACN,2025-09-26,ACCENTURE FEDERAL SERVICES LLC,4,-143432.79000000004,803101.89,101210178.16,18999786.962352943,15655307.075,177,22,1.5995153477658957,-27.514871764480976,-47.06373969918517,-3.994940955050181,0,2025-09-26,20.74317952382065,75,-2.255519786238236,1,1.0393966106637291,0,145905025755.62695,11.164070251594236,1.2292856751057764,1.0393966106637291,0,0,0.18988906444204723,1,1,1,1
ACN,2025-09-29,ACCENTURE FEDERAL SERVICES LLC,2,974422.55,974422.55,101210178.16,18584544.840810813,14447915.92,180,22,1.7589125386886717,-24.977926783357077,-44.72009983535651,-4.361380565974205,0,2025-09-29,16.81780991227233,74,-2.582998167593187,0,1.0219289966817888,0,149926573545.98682,11.175878615647239,1.253317226448897,1.0219289966817888,0,0,0.23138822976710816,1,1,1,0
ACN,2025-10-14,ACCENTURE FEDERAL SERVICES LLC,1,-3148916.42,3148916.42,101210178.16,18708705.21116279,13539415.75,146,18,1.7967949038348947,-19.15571433313737,-39.22536807302633,-4.468843628730438,0,2025-10-14,18.1572455170395,63,-19.438987829994257,0,0.959337675862772,0,147991439894.20697,11.170236595704248,1.1963129915046624,0.959337675862772,0,0,0.23697531564189045,1,1,1,0
ACN,2025-10-23,ACCENTURE FEDERAL SERVICES LLC,2,1908496.99,1908496.99,101210178.16,16975326.191666666,12060142.815,105,17,1.9065628676917936,-15.00102880274734,-36.98074280738223,-2.7788286575336647,0,2025-10-23,15.503778785847434,56,-14.334892733301707,0,0.9142824410433776,0,151381953903.52606,11.18007410642403,1.0691369032147,0.9142824410433776,0,0,0.15485446217132237,1,1,1,0
ACN,2025-11-06,ACCENTURE FEDERAL SERVICES LLC,1,-83.61,83.61,101210178.16,15038663.117454544,8451706.379999999,30,14,1.949440101257168,-5.996444608317675,-37.10893418578908,-1.1611090514435551,0,2025-11-06,19.55747120948181,46,-15.658397343092744,0,1.7150318043451085,0,150579897131.29688,11.177766996116338,1.0818733326075527,1.7150318043451085,0,0,-0.6331584717375558,1,1,1,0
ACN,2025-11-10,ACCENTURE FEDERAL SERVICES LLC,1,7667227.98,7667227.98,101210178.16,14505910.300350877,7854580.189999999,31,14,1.716622694428008,-7.195278502345204,-38.841580641865306,-1.1611090514435551,0,2025-11-10,17.98813493266358,44,-18.208955604066425,0,1.262183387355717,0,149328198027.0661,11.174141824411143,1.0741518098473988,1.262183387355717,0,0,-0.18803157750831812,1,1,1,0
ACN,2025-12-11,ACCENTURE FEDERAL SERVICES LLC,1,8745507.0,8745507.0,101210178.16,12371217.732236842,7532877.645,69,18,1.9787012246852147,7.23566664473192,-23.042086859860746,-0.5731074050759396,17,2025-12-11,6.720417132119905,22,-33.50154545644101,0,0.8510262478745872,0,166129610082.72668,11.220447045753405,0.8280429877317828,0.8510262478745872,0,0,-0.022983260142804496,0,0,0,0
ACN,2025-12-17,ACCENTURE FEDERAL SERVICES LLC,1,7274085.0,7274085.0,101210178.16,12871341.391375,8041172.779999999,88,19,1.902313166511742,15.002900389021525,-16.377302652040104,-0.0638981635257678,21,2025-12-17,5.406593956743833,18,-33.59075551226817,0,0.89271876256208,0,176015350613.08823,11.245550545063256,0.9395101164036597,0.89271876256208,0,0,0.04679135384157962,0,0,0,0
ACN,2025-12-30,ACCENTURE FEDERAL SERVICES LLC,1,50000.0,50000.0,138676687.43,14544747.938488375,8339735.875,95,18,1.3175997860498354,7.0971233863456495,-16.774243366540087,1.2645080371924986,31,2025-12-30,6.866671427073423,10,-35.625328840093815,0,0.8542007631683298,0,164871062999.90845,11.217144438044462,0.7755594187415277,0.8542007631683298,0,0,-0.07864134442680215,0,0,0,0
ACN,2026-01-07,ACCENTURE FEDERAL SERVICES LLC,1,179000.0,179000.0,138676687.43,14118120.68,8041172.779999999,94,17,1.487718292012946,7.802323523610388,-13.513034830102644,1.3549588846114344,39,2026-01-07,5.314242736211816,5,-34.646442817334865,0,0.7467774869446829,0,167660022601.84497,11.224429520368897,0.7784235965455506,0.7467774869446829,0,0,0.03164610960086767,0,0,0,0
ACN,2026-01-12,ACCENTURE FEDERAL SERVICES LLC,1,2850236.97,2850236.97,186403763.58,15878402.136413043,8041172.779999999,68,14,1.577456269835689,12.390846931021994,-13.26778934700138,1.358409620835971,41,2026-01-12,2.6978986904770297,2,-36.15518147159179,0,0.7911440654640437,0,170540144589.11975,11.231826626855504,0.7427133821671965,0.7911440654640437,0,0,-0.04843068329684719,0,0,0,0
ACN,2026-01-21,ACCENTURE FEDERAL SERVICES LLC,1,1978825.43,1978825.43,186403763.58,17044921.65612245,8339735.875,63,15,2.2181752776498325,10.041437213677272,-6.195916582352679,1.5978250456149312,44,2026-01-21,1.5567005059076822,1,-29.37548798062868,0,0.5565831738019499,0,165703504079.72754,11.219331692404849,0.6785028775722817,0.5565831738019499,0,0,0.12191970377033179,0,0,0,0
ACN,2026-01-27,ACCENTURE FEDERAL SERVICES LLC,1,63397.0,63397.0,186403763.58,16833527.480194174,8227765.37,72,18,2.30282501190656,9.844551915638869,0.2409450590071351,1.6786480505955366,46,2026-01-27,0.0,0,-34.8217391323988,0,0.6251302941028001,0,170564444465.13684,11.23188850407687,0.6807341883426634,0.6251302941028001,0,0,0.05560389423986334,0,0,0,0
ACN,2026-02-04,ACCENTURE FEDERAL SERVICES LLC,1,194526.66,194526.66,186403763.58,16641330.14481818,8041947.800000001,91,21,2.989396324506444,-2.543096574004511,-8.654814449949178,1.560920800150168,51,2026-02-04,0.0,0,-30.99014746515149,0,0.5508753486715661,0,146563547763.7152,11.166025969120966,0.71013679412764,0.5508753486715661,0,0,0.1592614454560739,0,0,0,0
ACN,2026-02-10,ACCENTURE FEDERAL SERVICES LLC,2,11157027.92,11157027.92,186403763.58,16256905.522389382,7854580.189999999,94,21,3.111936964767834,-3.878117546494597,-14.666246592887587,1.4174317209428804,54,2026-02-10,0.0,0,-47.73370416120992,0,0.6264976271526589,0,143859637727.8385,11.157938962311224,0.7464099527396784,0.6264976271526589,0,0,0.11991232558701947,0,0,0,0
ACN,2026-02-11,ACCENTURE FEDERAL SERVICES LLC,1,600000.0,600000.0,186403763.58,16253096.024385966,7855355.21,100,22,3.212234278508435,-10.191660261629275,-18.713967919986697,1.2398158595070643,55,2026-02-11,0.0,0,-44.41387839357731,0,0.6048112426407414,0,146350876535.72296,11.16539532788691,0.8244297205832652,0.6048112426407414,0,0,0.21961847794252387,0,0,0,0
ACN,2026-02-18,ACCENTURE FEDERAL SERVICES LLC,1,534996.0,534996.0,186403763.58,15723355.61176471,7659958.87,95,22,3.0203858523741336,-11.123214518493915,-19.43927169147519,0.4645865773510861,58,2026-02-18,0.0,0,-43.742304276510055,0,0.5781948327436417,0,133609121102.82568,11.125836107162069,0.7540510579893027,0.5781948327436417,0,0,0.17585622524566102,0,0,0,0
ACN,2026-02-23,ACCENTURE FEDERAL SERVICES LLC,2,-1908838.94,2396802.94,186403763.58,15505528.49139344,7757269.529999999,93,21,3.116466256370437,-19.76478563526573,-29.00960721136263,-0.011507243051613,61,2026-02-23,6.869479259316025,9,-31.148824964217518,0,0.6933725501360544,0,130850536345.91052,11.116775507117985,0.8820020789335988,0.6933725501360544,0,0,0.18862952879754447,0,0,0,0
ACN,2026-03-27,ACCENTURE FEDERAL SERVICES LLC,1,122441.9,122441.9,186403763.58,14369280.511712328,7319127.835,106,22,2.055279036611476,-21.21577664503773,-16.781826104197883,-3.585372372904163,82,2026-03-27,4.5327124529559,4,-9.327113209461825,0,0.9056381340099666,0,118443067549.2957,11.07350964662743,0.9788365119807536,0.9056381340099666,0,0,0.07319837797078699,0,0,0,0
ACN,2026-04-06,ACCENTURE FEDERAL SERVICES LLC,1,180000.0,180000.0,186403763.58,14792535.477763155,6996993.98,105,20,2.107273244204117,-23.201447473504345,-18.907161561675714,-3.564676483437788,85,2026-04-06,0.1890625665355028,9,-8.435252665803327,0,0.887789180980167,0,121403844436.889,11.084232439550533,1.015051236093977,0.887789180980167,0,0,0.12726205511380995,0,0,0,0
AVAV,2025-11-18,"AEROVIRONMENT, INC",1,2577099.0,2577099.0,39105986.05,9656235.70181818,3073485.37,1,1,3.0835856658494,13.478421640527149,50.36874660724963,36.62010022683786,0,2025-11-18,39.83269915719567,40,-34.84605976209434,1,3.7711694900454433,1,14163777679.297302,10.151179101267932,4.172655334308708,3.7711694900454433,1,1,0.4014858442632643,1,1,1,1
AVAV,2026-01-26,"AEROVIRONMENT, INC",1,1657670.53,1657670.53,254534516.07,16068443.983499998,3194686.2,4,4,6.29767186783004,-21.458498605929453,2.5748321520645323,22.927400934105407,10,2026-01-26,2.279708458179264,1,-32.46770911275391,0,3.0283643760940726,1,15366636704.25,10.186578823867931,3.3447349197126424,3.0283643760940726,1,1,0.31637054361856976,0,0,0,0
BA,2025-08-12,THE BOEING COMPANY,2,5185000.0,5735000.0,,,,0,0,1.557263427097885,3.618637009913829,19.476652457012555,,0,2025-08-12,2.0506445380442884,14,-10.463864955945256,0,2.7077599298902646,1,170861470372.1045,11.232644139424483,2.6448205141385475,2.7077599298902646,1,1,-0.06293941575171713,0,0,0,0
BA,2025-08-14,THE BOEING COMPANY,1,-385070.52,385070.52,43300806.45,16353197.22,29049505.25,22,2,1.5556637322253293,4.86984132510282,23.489642999548565,,0,2025-08-14,1.7968190735188516,12,-7.011452434640242,0,1.4670920995052013,0,176464592501.7422,11.24665757757807,1.2971384275064415,1.4670920995052013,0,0,-0.16995367199875977,0,0,0,0
BA,2025-08-15,"BOEING SIKORSKY AIRCRAFT SUPPORT, LLC",2,8591161.309999999,8591161.309999999,43300806.45,11987848.69,23228286.11,38,3,1.5548808568242385,4.431286340210573,22.38079881383928,,0,2025-08-15,0.9011350954167164,11,-7.8253799341925,0,1.3043004381207113,0,176328489597.1289,11.2463224874282,1.0682446978335742,1.3043004381207113,0,0,-0.23605574028713705,0,0,0,0
BA,2025-08-28,THE BOEING COMPANY,2,-20074431.82,24094731.82,276219627.93,50334794.01692308,26629486.89,155,13,1.541480068348467,1.465288463790639,39.823204342750685,,0,2025-08-28,0.5165994248749639,2,-3.4044751101991344,0,1.064550539214141,0,178165948037.7422,11.250824703110228,0.81251816257808,1.064550539214141,0,0,-0.25203237663606104,0,0,0,0
BA,2025-10-16,THE BOEING COMPANY,1,2026533.08,2026533.08,785332108.7299999,108260270.24565218,56051682.795,309,21,1.7989587478821265,-13.858432591439088,-1.5922514496872644,-5.729604444734185,0,2025-10-16,19.000422210961037,67,8.268443212481724,0,1.2440542924455176,0,161817746730.0,11.20902614944103,1.392075127208565,1.2440542924455176,0,0,0.1480208347630474,1,1,1,0
BA,2025-10-21,THE BOEING COMPANY,2,4539330.0,4539330.0,785332108.7299999,103146632.43346938,43300806.45,238,20,1.7537178200163897,-13.78550509444364,-3.1821424874866477,-5.177558911486931,0,2025-10-21,16.05909982132061,64,3.1575074950743964,0,1.2048907924977164,0,163950116968.16437,11.21471173084747,1.3651935196692906,1.2048907924977164,0,0,0.16030272717157423,1,1,1,0
BA,2025-10-29,THE BOEING COMPANY,2,-13500000.0,13900000.0,877228171.45,106010604.65607142,39813876.78,144,21,1.824263346131596,-14.782177244204595,-10.93325675364263,-4.205209549961813,0,2025-10-29,18.058803134545887,58,0.2434704878747418,0,1.2834228259310123,0,168872699408.91608,11.227559445578164,1.3673653535587595,1.2834228259310123,0,0,0.08394252762774723,1,1,1,0
BA,2025-11-20,BELL BOEING JOINT PROJECT OFFICE,1,-8620161.15,8620161.15,877228171.45,95126029.04464789,25936935.25,97,22,2.033158042582514,-25.061136894000832,-25.8989593020181,-4.3350186417876415,2,2025-11-20,40.56750308442232,42,16.07759814519547,1,1.3240180473175156,0,141149726087.97272,11.149680039701519,1.3592249016705469,1.3240180473175156,0,0,0.03520685435303128,1,1,1,1
BA,2025-11-24,THE BOEING COMPANY,1,310829.0,310829.0,877228171.45,99219839.62369862,26629486.89,91,20,1.923671369010856,-27.633249404203053,-28.36144912872195,-4.57002279811438,4,2025-11-24,40.771550228949984,40,17.239842409893757,1,1.2854975594422904,0,136589153279.97272,11.13541621283241,1.3313547552528286,1.2854975594422904,0,0,0.045857195810538265,1,1,1,1
BA,2025-11-28,THE BOEING COMPANY,1,53241552.5,53241552.5,5313517703.570001,166945153.30473685,27918598.71,124,20,1.5121760362511938,-23.66452682487437,-27.720322639606543,-5.421803992327104,8,2025-11-28,33.412695183325056,37,15.148150731646815,1,1.6267083706702057,0,142077043486.78363,11.152523911196807,1.7976396284139944,1.6267083706702057,0,0,0.1709312577437887,1,1,1,1
BA,2025-12-08,THE BOEING COMPANY,1,307986.6,307986.6,5313517703.570001,157281603.76902437,27918598.71,116,18,2.7109181826882978,-8.75477196726987,-12.064560246571808,-6.056899235952204,15,2025-12-08,22.24268612678206,31,9.119114349630664,1,1.5189580257149904,0,153455673570.59454,11.185982949821291,1.7976583373044268,1.5189580257149904,0,0,0.2787003115894364,1,1,1,1
BA,2025-12-09,THE BOEING COMPANY,4,-255519.86,464051.86,5313517703.570001,155339822.01819277,26629486.89,124,19,2.803092927336038,-10.763567542629282,-13.622912384327934,-5.922641195037219,15,2025-12-09,25.8421919654253,30,9.377655838107124,1,1.509517996013484,0,156784895431.8382,11.19530422067891,1.8034970286631842,1.509517996013484,0,0,0.29397903264970027,1,1,1,1
BA,2025-12-31,THE BOEING COMPANY,1,9477651.5,9477651.5,5313517703.570001,170232781.35,42024056.0,235,20,1.2806803060065173,-3.022968246002,-14.260785997147597,-2.907013894600501,31,2025-12-31,16.133934951679564,15,9.096352452172908,0,0.9819052252209745,0,171101069654.5,11.233252724582567,1.1995415258487583,0.9819052252209745,0,0,0.21763630062778383,1,1,1,0
BA,2026-01-05,THE BOEING COMPANY,1,59000.0,59000.0,5313517703.570001,168643368.15704083,39175501.555,204,16,1.5736681629106126,-1.2253074623024052,-11.988086259616116,-2.420546925239116,35,2026-01-05,10.529079252863127,13,0.4734150738345377,0,1.075623786204184,0,178360143552.53137,11.25129781321809,1.1816489017667926,1.075623786204184,0,0,0.10602511556260863,1,1,0,0
BA,2026-01-06,THE BOEING COMPANY,1,15845.49,15845.49,5313517703.570001,166945580.0058586,36326947.11,206,17,1.5671309415997887,3.026062110967831,-11.489674467828658,-2.317549768808379,36,2026-01-06,9.70675161593526,12,-4.068043418770784,0,1.1322779845536393,0,178642049683.00012,11.25198369305101,1.158054689819525,1.1322779845536393,0,0,0.025776705265885713,1,0,0,0
BA,2026-01-15,THE BOEING COMPANY,3,16079405.48,17579407.48,5313517703.570001,160046457.31542057,32603065.17,189,19,1.5313103370798942,10.836647987361856,-2.9792255153228364,-0.9558481170403956,42,2026-01-15,1.780087311510936,5,-9.46153302723368,0,0.8405144341401427,0,189980918138.71875,11.27870998219899,1.078529117918028,0.8405144341401427,0,0,0.23801468377788537,0,0,0,0
BA,2026-01-20,BELL BOEING JOINT PROJECT OFFICE,1,30015330.36,30015330.36,5313517703.570001,159984946.98770645,32920977.86,115,17,1.528207319047964,13.199431331297884,2.8644054982589484,-0.2768642390639947,44,2026-01-20,1.265057789752766,3,-7.168677150006275,0,0.8934548604983558,0,193951083198.37482,11.287692209436273,1.1392448092448066,0.8934548604983558,0,0,0.24578994874645088,0,0,0,0
BA,2026-01-22,THE BOEING COMPANY,1,1180669.0,1180669.0,5313517703.570001,158759275.61108112,36326947.11,126,18,1.461244498081932,11.547686618384413,3.702218677732173,0.1643531018263468,46,2026-01-22,0.2943360342055223,1,-13.408379230276314,0,0.7630844323726594,0,195822634973.37518,11.29186289010184,1.0942097036080483,0.7630844323726594,0,0,0.3311252712353888,0,0,0,0
BA,2026-02-09,THE BOEING COMPANY,1,200000.0,200000.0,5313517703.570001,155740758.79500002,44658725.315,206,19,1.4247794286355764,23.45385707697034,-3.199815319107402,1.0709671328477,60,2026-02-09,0.0,0,-8.986148865941711,0,0.8386326368981744,0,190862903782.20435,11.280721526883832,1.0570062014321393,0.8386326368981744,0,0,0.21837356453396495,0,0,0,0
BA,2026-02-18,THE BOEING COMPANY,1,67338.0,67338.0,5313517703.570001,149447672.20742187,39175501.555,221,19,1.461011825786283,24.787855864273965,-5.239335130564005,1.1342347283718492,65,2026-02-18,0.6989551244830583,59,-10.14522704450409,0,0.9506942414862676,0,191656100035.1239,11.282522646545933,1.0419446094099463,0.9506942414862676,0,0,0.09125036792367869,0,0,0,0
BA,2026-02-20,THE BOEING COMPANY,1,61548900.0,61548900.0,5313517703.570001,148239110.10153848,39175501.555,222,20,1.506289990789596,24.19879022671847,-8.600867839454462,1.0822388649016446,67,2026-02-20,3.693491087060008,57,-5.796662939707032,0,1.004271864852179,0,183543475078.8761,11.26373895006252,1.035981224733639,1.004271864852179,0,0,0.031709359881460175,0,0,0,0
BA,2026-02-25,THE BOEING COMPANY,2,81763193.44,81763193.44,5313517703.570001,145779364.20834586,42024056.0,208,20,1.5146922526540014,20.95672821973087,-9.162302214939434,0.967366561987674,70,2026-02-25,4.445218556187092,54,0.5730127026967846,0,0.9839677400415244,0,183292158256.10217,11.263143885044304,1.027453001867422,0.9839677400415244,0,0,0.043485261825897514,0,0,0,0
BA,2026-02-27,THE BOEING COMPANY,2,32029488.11,32029488.11,5313517703.570001,145058871.16274074,43300806.45,205,20,1.3474570388866425,20.88735349205846,-7.500745350486837,0.8058337293262747,72,2026-02-27,5.744300705111249,52,-1.9426001813645175,0,0.916273732785059,0,180166480169.38696,11.255673994014913,1.029965782899104,0.916273732785059,0,0,0.11369205011404504,0,0,0,0
BA,2026-03-02,THE BOEING COMPANY,2,1505532.05,1505532.05,5313517703.570001,156113058.75992647,44658725.315,153,18,1.3698584045395723,10.851706561611696,-6.918015525145749,0.745659602605883,73,2026-03-02,4.727082941884375,51,-3.2471517957237794,0,0.7636193315912072,0,178690023794.20435,11.252100306663063,1.050884914818991,0.7636193315912072,0,0,0.2872655832277837,0,0,0,0
BA,2026-03-03,THE BOEING COMPANY,2,62324884.0,62324884.0,5313517703.570001,154983013.38905108,43300806.45,161,19,1.4687538291645048,10.881281594547977,-7.565792249354852,0.6886856504002125,74,2026-03-03,7.353208703092773,50,-3.841692306770572,0,0.8757067210480479,0,180425646149.08044,11.256298269289072,1.0378375066092282,0.8757067210480479,0,0,0.16213078556118032,0,0,0,0
BA,2026-03-06,THE BOEING COMPANY,2,47903592.78,47903592.78,5313517703.570001,152895735.2925,43611307.935,173,20,1.8320884903680168,13.397457690231429,4.1613612390934085,0.590447366972262,76,2026-03-06,4.106272107698228,47,-7.256286715491356,0,0.7859921510420307,0,174394174220.4087,11.241531972877576,1.0582695693251114,0.7859921510420307,0,0,0.2722774182830807,0,0,0,0
BA,2026-03-11,THE BOEING COMPANY,1,4000000.0,4000000.0,5313517703.570001,150740406.73601398,43921809.42,180,21,1.906157655769448,8.244435108949776,-3.437126668247914,0.4748901391474128,79,2026-03-11,12.377393388390413,44,-4.3437658975410525,0,0.700705563148504,0,171125415609.6292,11.233314515907566,1.0564260844504316,0.700705563148504,0,0,0.35572052130192766,1,1,0,0
BA,2026-03-16,THE BOEING COMPANY,1,-4320659.76,4320659.76,5313517703.570001,150242128.70273975,44969226.8,160,19,2.127739225755604,4.428538011427962,0.0257925711771411,0.3575936002890876,82,2026-03-16,12.70904798223298,41,-1.850375661992132,0,0.753101853173835,0,164940826064.9588,11.217328165288073,1.1209121169081737,0.753101853173835,0,0,0.36781026373433867,1,1,0,0
BA,2026-03-24,THE BOEING COMPANY,1,-229280.53,229280.53,5313517703.570001,149776292.1249342,43611307.935,192,21,2.212647645692438,-4.83521406898182,-7.600055604065681,-0.149621130435883,88,2026-03-24,22.49262210896168,35,18.87282744618193,1,0.8614141389042045,0,155919338695.2472,11.192899984128973,1.160678813214916,0.8614141389042045,0,0,0.29926467431071146,1,1,1,1
BA,2026-03-31,THE BOEING COMPANY,3,56929915.63,56929915.63,5313517703.570001,148275229.17617834,46016644.18,188,21,2.637162305746102,-8.072439032953504,-8.020849262841413,-0.6955209931492202,93,2026-03-31,20.88630235601592,30,16.962264338991528,1,1.0293781945809068,0,148689575005.4532,11.172280520127067,1.2786003033645028,1.0293781945809068,0,0,0.24922210878359596,1,1,1,1
BA,2026-04-03,THE BOEING COMPANY,1,28755187.7,28755187.7,5313517703.570001,152783713.3355625,47532117.96,231,22,2.780983808173348,-4.464591156419006,-1.8741400074085424,-1.0102740589252377,95,2026-04-06,13.330194368795368,27,8.492698313763668,0,0.9640968142329086,0,163628467790.0824,11.213858863691055,1.2784504661580072,0.9640968142329086,0,0,0.31435365192509857,1,1,0,0
BA,2026-04-06,THE BOEING COMPANY,1,-44386.27,44386.27,5313517703.570001,152167641.97701862,49036350.400000006,214,20,2.6432101454141725,-2.751172522066992,-0.7345501079198069,-1.1316711895033,95,2026-04-06,13.330194368795368,27,8.492698313763668,0,1.014218434132807,0,163628467790.0824,11.213858863691055,1.2520291349150243,1.014218434132807,0,0,0.23781070078221722,1,1,0,0
BAH,2025-09-02,BOOZ ALLEN HAMILTON INC,2,562447.88,562447.88,109367172.68,43579786.96,40011362.3,220,14,1.1613915049386565,0.6209668105591426,-14.776973099385462,,0,2025-09-02,0.0,0,-12.052772498173423,0,0.7973262581661421,0,13112587977.333069,10.11768841505802,0.8314740736757076,0.7973262581661421,0,0,0.03414781550956547,0,0,0,0
BAH,2025-09-03,BOOZ ALLEN HAMILTON INC,3,1592986.69,1593060.03,109367172.68,42096533.92733334,33025846.72,234,15,1.340347226780805,-3.289002091740656,-19.17480567613471,,0,2025-09-03,0.0,0,-8.752988196787015,0,0.8134580558221913,0,13276615628.631592,10.123087382175761,0.7945299219970505,0.8134580558221913,0,0,-0.018928133825140803,0,0,0,0
BAH,2025-09-05,BOOZ ALLEN HAMILTON INC,1,268493.38,268493.38,109367172.68,41553484.28235294,33025846.72,270,17,1.5006479194504805,-4.785269266718428,-23.46308371901984,,0,2025-09-05,2.1181114993545247,5,-5.335847462244692,0,0.8967263414227451,0,12874921417.96875,10.10974458700669,0.8205704949591222,0.8967263414227451,0,0,-0.07615584646362294,0,0,0,0
BAH,2025-09-21,BOOZ ALLEN HAMILTON INC,1,-84.74,84.74,150967068.51999998,46098149.89517241,51723240.45,378,21,1.4882725846187397,-8.33401974134642,-22.095243429866173,-5.587263096543158,0,2025-09-22,4.25893664792476,11,-10.811418521024985,0,1.5989776424229631,0,12318950270.916107,10.090573702067699,0.9713061051514972,1.5989776424229631,0,0,-0.627671537271466,0,0,0,0
BAH,2025-10-17,BOOZ ALLEN HAMILTON INC,1,2155365.0,2155365.0,150967068.51999998,41471903.38531915,44399282.13999999,302,21,1.5777058922700735,-19.429360897597704,-37.92118695527221,-5.261873713461369,0,2025-10-17,4.959291128135512,66,-18.44800601955161,0,0.901169876755456,0,11732793090.895172,10.069401411908066,0.9617110924271008,0.901169876755456,0,0,0.06054121567164483,0,0,0,0
BAH,2025-11-10,BOOZ ALLEN HAMILTON INC,1,-485718.0,485718.0,150967068.51999998,32384557.45793651,14505403.72,62,19,3.0333351256862677,-26.342064945453647,-47.58312941977268,-5.979486521660353,0,2025-11-10,17.87180242386983,50,-7.172033386839482,0,1.477128074621763,0,10380552751.130028,10.016220479752725,1.4300281531082455,1.477128074621763,0,0,-0.047099921513517495,1,1,1,0
BAH,2025-12-03,BOOZ ALLEN HAMILTON INC,1,425000.0,425000.0,150967068.51999998,26711284.892375004,11906938.11,99,22,1.402828494638317,-24.931920405606945,-32.19638368197104,-7.666924126464727,11,2025-12-03,23.93018338935329,34,0.5307850941491221,1,1.1613145765225554,0,9911209713.318512,9.9961266655605,1.3302860844948607,1.1613145765225554,0,0,0.1689715079723053,1,1,1,1
BAH,2025-12-23,BOOZ ALLEN HAMILTON INC,1,57797.22,57797.22,150967068.51999998,26928835.087553192,12244705.8,187,20,2.736234999570065,-17.80175985100719,-32.03608856748856,-5.172560299628834,25,2025-12-23,20.767867276496755,20,-9.22414659199524,1,0.8052882753827972,0,10500006356.289375,10.021189561974754,0.7860891868810943,0.8052882753827972,0,0,-0.019199088501702932,1,1,1,1
BAH,2025-12-29,BOOZ ALLEN HAMILTON INC,1,3653786.03,3653786.03,150967068.51999998,26527617.63510417,12244705.8,171,18,2.623864457089788,-19.992222602230115,-30.398100408939165,-4.556271252091793,30,2025-12-29,20.101027996673597,17,-8.802036684229597,1,0.6523481229396983,0,10366464064.426483,10.015630646535977,0.7664409146443742,0.6523481229396983,0,0,0.1140927917046759,1,1,1,1
BAH,2026-01-05,BOOZ ALLEN HAMILTON INC,2,480000.0,480000.0,150967068.51999998,26187399.179600004,12298801.69,160,17,2.4807558862603005,-15.10494930218972,-24.91695142547319,-4.203549086175793,36,2026-01-05,14.428036893624574,13,-17.237748211684657,0,0.6238491178934427,0,10305764988.779327,10.013080234647466,0.7276697029314428,0.6238491178934427,0,0,0.10382058503800018,1,1,0,0
BAH,2026-01-08,BOOZ ALLEN HAMILTON INC,2,2673504.0,2673504.0,150967068.51999998,25712553.06718447,12288823.92,190,19,2.5218074849959478,-5.8059703618587815,-23.3226753953673,-3.95013557625228,39,2026-01-08,8.501382382709565,10,-17.652935129948577,0,0.5938145036159335,0,10957690475.823921,10.039719028664832,0.6946464389534112,0.5938145036159335,0,0,0.1008319353374777,1,0,0,0
BAH,2026-01-09,BOOZ ALLEN HAMILTON INC,2,3548769.0,3548769.0,150967068.51999998,25737455.976730768,12298801.69,194,19,2.490819694906072,-6.127607302649762,-22.02134317749669,-3.874753763041839,40,2026-01-09,6.2902967846968805,9,-18.859599885774603,0,0.5919514805044058,0,11438439529.466614,10.058366780578767,0.6845251593749658,0.5919514805044058,0,0,0.09257367887056,0,0,0,0
BAH,2026-01-26,BOOZ ALLEN HAMILTON INC,2,-138975.33000000002,138975.33000000002,179531780.78999996,28057548.774122804,12873935.84,198,18,3.1202764466981203,9.381167503183963,-25.11343073709877,-2.6325314108652136,48,2026-01-26,0.0,0,-14.169729307087795,0,0.9077065409913057,0,12143582265.872238,10.08434681926065,0.8265906239694383,0.9077065409913057,0,0,-0.08111591702186738,0,0,0,0
BAH,2026-02-25,BOOZ ALLEN HAMILTON INC,2,1434371.98,1434371.98,179531780.78999996,26776356.117555555,13370330.1,313,21,3.668573973573442,-11.372660319697236,-36.92951994138623,-3.088520968131253,71,2026-02-25,11.942478527285893,28,-15.075566678449547,0,0.8345024443480344,0,9060764908.728699,9.957164862314526,0.8349376248547598,0.8345024443480344,0,0,0.00043518050672530784,1,1,0,0
BAH,2026-03-03,BOOZ ALLEN HAMILTON INC,1,1394286.87,1394286.87,179531780.78999996,27090299.47283688,13370330.1,235,22,3.963797132378649,-3.0293265012955595,-27.31464209864243,-3.670381410277876,75,2026-03-03,6.161618857620099,24,-17.565696089074244,0,0.8601997133725011,0,9313317374.61428,9.969104402879235,0.9459918742436947,0.8601997133725011,0,0,0.08579216087119357,0,0,0,0
BAH,2026-03-04,BOOZ ALLEN HAMILTON INC,2,8967040.2,8967040.2,179531780.78999996,27392919.16316901,13435351.805,252,23,3.807958738051484,-10.332391517982032,-28.121437262999937,-3.739599423484004,76,2026-03-04,7.313334975679253,23,-18.265952511087058,0,0.8093242762424881,0,9479690377.04113,9.9767941527665,0.8645672146444884,0.8093242762424881,0,0,0.05524293840200023,0,0,0,0
BAH,2026-03-11,BOOZ ALLEN HAMILTON INC,3,1815268.55,4020852.55,179531780.78999996,27395001.28884354,13500373.51,265,23,3.747654241179442,-17.351088995938113,-27.3658307108678,-3.921839945346133,80,2026-03-11,10.718979190148216,18,-12.607297239709837,0,0.7950566792863216,0,9278606189.05365,9.96748274239712,0.8759458969420536,0.7950566792863216,0,0,0.08088921765573198,1,1,0,0
BAH,2026-03-16,BOOZ ALLEN HAMILTON INC,1,1453088.5,1453088.5,179531780.78999996,27471648.4058,13542509.53,243,21,2.8314224687742846,-9.45303973262418,-23.623362944846463,-4.015918349021327,83,2026-03-16,10.98204326022103,15,-2.6648070506315125,0,0.6295530159534831,0,9368375735.107277,9.971664300553995,0.7414147670708285,0.6295530159534831,0,0,0.11186175111734542,1,1,0,0
BAH,2026-03-17,BOOZ ALLEN HAMILTON INC,1,130298.0,130298.0,179531780.78999996,27467477.66596026,13584645.55,253,22,2.741279274402026,-10.420040348613648,-21.89412541641846,-4.102548090724773,84,2026-03-17,9.024886959912394,14,-8.326771473031647,0,0.7240851156045058,0,9067946914.042831,9.957508968996855,0.7550361743855367,0.7240851156045058,0,0,0.030951058781030882,1,0,0,0
BAH,2026-03-23,BOOZ ALLEN HAMILTON INC,2,1120978.0,1120978.0,179531780.78999996,27404790.30967742,13878971.8,254,22,2.4695783545975294,-0.4157142080762126,-17.3632208423247,-4.052932487396521,88,2026-03-23,5.231538581425732,10,-9.322268379643615,0,0.6806187373872715,0,9569459923.094757,9.980887427950469,0.815921414798288,0.6806187373872715,0,0,0.13530267741101643,0,0,0,0
BAH,2026-03-25,BOOZ ALLEN HAMILTON INC,3,4911733.65,4911733.65,179531780.78999996,27444856.38394904,14316742.23,278,24,2.47362027393564,-0.8642971178853154,-19.61694019889697,-3.980455622985612,90,2026-03-25,4.942578437822265,8,-4.365105596747043,0,0.6846466136065671,0,9441389108.885605,9.975035896622352,0.8139108778643467,0.6846466136065671,0,0,0.1292642642577796,0,0,0,0
BAH,2026-03-28,BOOZ ALLEN HAMILTON INC,1,2899961.92,2899961.92,179531780.78999996,28205770.458000004,14494217.4,278,24,2.1048060852603583,0.3325946809972562,-18.75939412151525,-3.885545875428287,93,2026-03-30,6.497785175670967,5,0.0511450334112595,0,0.7082563005419821,0,9394708834.530258,9.972883324775413,0.8725442522708069,0.7082563005419821,0,0,0.16428795172882482,0,0,0,0
BAH,2026-03-30,BOOZ ALLEN HAMILTON INC,2,257559.02,264642.26,179531780.78999996,28048591.52298137,14490681.930000002,247,23,2.0858918462597265,1.3727641159598676,-17.37065219314732,-3.799870627372823,93,2026-03-30,6.497785175670967,5,0.0511450334112595,0,0.7513280944845405,0,9394708834.530258,9.972883324775413,0.8791748104779663,0.7513280944845405,0,0,0.12784671599342579,0,0,0,0
CACI,2025-08-12,"CACI TECHNOLOGIES, LLC",2,-2332113.23,2667886.77,,,,0,0,1.8074621469019136,-9.115021660456256,33.04256124854832,,0,2025-08-12,29.491011980977213,74,15.030490399813324,1,2.7386618980133703,1,10526921298.168945,10.022301376055738,2.9015012706910315,2.7386618980133703,1,1,0.16283937267766113,1,1,1,1
CACI,2025-08-15,CACI INC - FEDERAL,1,-6366154.35,6366154.35,54118664.04,25287979.68,20351984.5,26,3,2.2723466678488737,-6.461541359531209,40.99035578545702,,0,2025-08-15,26.449219682042944,71,11.42599850918402,1,1.5133567465483824,0,10791721350.915527,10.033090723049865,1.1465729575729222,1.5133567465483824,0,0,-0.36678378897546016,1,1,1,1
CACI,2025-08-28,"CACI, INC. - FEDERAL",1,-2500000.0,2500000.0,75574748.46,27951612.53615385,20351984.5,100,13,2.1037188729441785,3.09131418320332,10.553215869343058,,0,2025-08-28,28.821575891857165,62,17.318794282408767,1,0.6900494455011105,0,10712325499.084473,10.029883760447992,0.7771126396112422,0.6900494455011105,0,0,0.08706319411013175,1,1,1,1
CACI,2025-09-02,"CACI, INC. - FEDERAL",1,15000.0,15000.0,75574748.46,24032934.72625,19268849.025,114,16,2.093182124438509,3.4404410579313307,15.751782190637662,,0,2025-09-02,27.959988317203344,60,24.01954682022307,1,0.96467565508964,0,10550673874.847412,10.023280199044269,0.7664295061794405,0.96467565508964,0,0,-0.19824614891019954,1,1,1,1
CACI,2025-09-04,"CACI TECHNOLOGIES, LLC",1,13995.86,13995.86,75574748.46,22263744.301666666,19268849.025,135,18,2.2201051942537533,-4.245135003309496,6.7455693219533615,,0,2025-09-04,34.31209791466314,58,31.399695567097982,1,0.9701106722603792,0,10621494306.188965,10.026185620632386,0.7483120094426428,0.9701106722603792,0,0,-0.22179866281773641,1,1,1,1
CACI,2025-09-18,"CACI, INC. - FEDERAL",1,1895102.0,1895102.0,92808563.38,26900018.80666667,19268849.025,214,25,1.3216736553580033,0.6604834143985485,14.921917719336712,0.2749061648604297,0,2025-09-18,33.37160170018252,87,28.547832877014105,1,0.9172451904628954,0,10900785218.871582,10.037457782705804,0.810021611334534,0.9172451904628954,0,0,-0.10722357912836145,1,1,1,1
CACI,2025-09-27,"CACI, INC. - FEDERAL",1,230519623.02,230519623.02,157788888.38000005,34213765.87526316,21928911.255,284,25,1.7002367484286849,-7.418567212923421,-5.967586265875127,1.5552577922690545,0,2025-09-29,35.67799158993918,80,26.72622281971517,1,1.0543778402981276,0,10679967319.096313,10.028569923745174,0.859018857553403,1.0543778402981276,0,0,-0.19535898274472463,1,1,1,1
CACI,2025-09-28,"CACI ENTERPRISE SOLUTIONS, LLC",2,-869199.1799999999,2419245.18,231289594.02,39266992.23794872,22179357.06,276,25,1.7002367484286849,-7.418567212923421,-5.967586265875127,1.5552577922690545,0,2025-09-29,35.67799158993918,80,26.72622281971517,1,0.7987631166271034,0,10679967319.096313,10.028569923745174,0.8772539585152435,0.7987631166271034,0,0,0.07849084188814004,1,1,1,1
CACI,2025-10-15,"CACI, INC. - FEDERAL",1,1514149.0,1514149.0,231289594.02,37612231.14431817,21928911.255,228,17,1.7343737776759676,2.2350802784853343,-9.137521591551168,4.288825998107895,0,2025-10-15,28.05840914826268,68,14.103666051869146,1,0.8810394579390403,0,11311629167.064209,10.053525159064424,0.8783518989224721,0.8810394579390403,0,0,-0.0026875590165681418,1,1,1,1
CACI,2025-10-28,"CACI, INC. - FEDERAL",1,-2046617.68,2046617.68,231289594.02,33241469.1414,18052336.89,55,11,3.120349189395267,13.516140190624103,-2.4025353726529346,4.280464047290443,0,2025-10-28,15.668398354058288,59,3.357269483508807,0,1.142099177819655,0,12778190137.055664,10.10646934606406,1.1512459081646929,1.142099177819655,0,0,0.009146730345037879,1,1,1,0
CACI,2025-11-24,"CACI NSS, LLC",1,382483.0,382483.0,231289594.02,28103194.908125,12593825.135,33,15,1.2437549041177418,23.2469902853528,30.65262945941401,6.865592987384682,4,2025-11-24,8.514826153369759,40,-6.738442297705705,0,0.9964183916404514,0,13246501271.305542,10.122101185501963,1.1297942269412178,0.9964183916404514,0,0,0.13337583530076635,1,0,0,0
CACI,2025-12-10,"CACI, INC. - FEDERAL",2,4536602.68,4536602.68,231289594.02,25313943.9968,11137239.920000002,58,19,1.2223635005574305,16.918996954178112,15.482447799985287,7.052137604839246,17,2025-12-10,11.02187759056601,29,-14.116859834651985,0,0.8933189164505552,0,13009144388.805542,10.114248733960526,1.042056176003643,0.8933189164505552,0,0,0.14873725955308792,1,1,0,0
CACI,2025-12-22,"CACI, INC. - FEDERAL",2,3244464.69,3244464.69,231289594.02,25193185.94035714,11011681.695,75,20,1.373749348197442,9.48173245968993,1.7394036800427273,6.208032327732364,27,2025-12-22,20.39818226207386,21,-6.621815074573867,1,0.8249752873372528,0,12289787059.666748,10.08954435810103,0.9698825121852459,0.8249752873372528,0,0,0.14490722484799312,1,1,1,1
CACI,2026-01-05,"CACI TECHNOLOGIES, LLC",1,420000.0,420000.0,231289594.02,24502455.90844445,10503989.065,71,17,1.76191439230599,5.488465424112587,8.549134539423097,4.109028140877006,40,2026-01-05,16.45358084434452,13,-11.334261585495051,0,0.5461402352037078,0,11865856358.139038,10.074299086691038,0.8084388469843363,0.5461402352037078,0,0,0.2622986117806285,1,1,1,0
CACI,2026-01-07,"CACI, INC. - FEDERAL",1,2757636.0,2757636.0,231289594.02,24031212.01706522,9597832.795,80,19,1.7720627836764626,4.364654519725875,6.919646140771475,3.6906641610832094,42,2026-01-07,17.66201039373041,11,-12.059554585087485,0,0.5334032197999621,0,12352273016.305542,10.091746882098253,0.7484958534412696,0.5334032197999621,0,0,0.21509263364130748,1,1,1,0
CACI,2026-01-12,"CACI TECHNOLOGIES, LLC",1,514077.39,514077.39,231289594.02,24099484.535520837,10503989.065,80,18,2.0165544795078945,12.14640996868015,15.497590657521522,3.3066241549128903,43,2026-01-12,9.485465828254892,8,-18.97258665560104,0,0.5451239672697804,0,13224421561.305542,10.12137668500007,0.7029417554981517,0.5451239672697804,0,0,0.15781778822837134,1,0,0,0
CACI,2026-01-21,"CACI TECHNOLOGIES, LLC",1,0.1,0.1,231289594.02,23630631.230784312,11351167.12,91,18,1.860947790478245,5.877475889119933,26.29189574848756,3.531375670243781,44,2026-01-21,4.684141424872168,2,-17.016569979745967,0,1.9352006329056688,0,13891229072.833252,10.142740673090724,0.6949568195554441,1.9352006329056688,0,0,-1.2402438133502247,0,0,0,0
CACI,2026-01-22,"CACI, INC. - FEDERAL",1,60529.52,60529.52,231289594.02,23472667.868349515,11137239.920000002,91,18,1.9196369951725745,9.906593953077802,32.6877486025243,3.6664296027954646,45,2026-01-22,1.0267568185921672,1,-19.93409663436929,0,0.8641098814518922,0,13966741303.694458,10.145095089084059,0.6983825091576041,0.8641098814518922,0,0,-0.16572737229428802,0,0,0,0
CACI,2026-01-26,"CACI, INC. - FEDERAL",1,7000000.0,7000000.0,231289594.02,23260113.84752381,11137239.920000002,94,19,2.054953539228148,11.154772004564272,27.351835528432694,4.14872271150293,45,2026-01-26,0.0668957740102227,1,-17.21429095037388,0,0.7326588494490603,0,14624978738.980347,10.165095243400357,0.6869128979413559,0.7326588494490603,0,0,-0.04574595150770444,0,0,0,0
CACI,2026-02-03,"CACI, LLC - COMMERCIAL",1,1340000.0,1340000.0,231289594.02,24326858.222432435,11565094.32,162,21,1.83452448713036,3.078646313073663,21.76986597544537,4.638153413484176,50,2026-02-03,2.978151359961334,4,-16.068773532102288,0,0.7361762173080861,0,13524665316.539307,10.131126526793128,0.8172254784554059,0.7361762173080861,0,0,0.0810492611473198,0,0,0,0
CACI,2026-02-20,"CACI, INC. - FEDERAL",1,267905.24,267905.24,231289594.02,22910306.00926829,11565094.32,162,21,2.7637807105080694,-7.2405288077512,15.311347229109208,4.434639527197573,58,2026-02-20,8.05078073087624,11,-20.331726781479087,0,0.8523262279548867,0,13057109858.401733,10.115847058144903,0.8261685441132425,0.8523262279548867,0,0,-0.026157683841644186,1,0,0,0
CACI,2026-02-25,"CACI, INC. - FEDERAL",3,119954.50999999997,1078872.91,231289594.02,22660526.28269841,11719763.71,161,21,2.8268182978333303,-6.397884924875041,17.392344939933224,4.189140935112443,61,2026-02-25,7.318270347568223,8,-15.705987719937786,0,0.8477552694967919,0,12942705710.842773,10.112025076367736,0.7968208657273508,0.8477552694967919,0,0,-0.05093440376944114,0,0,0,0
CACI,2026-02-26,"CACI TECHNOLOGIES, LLC",1,3934000.0,3934000.0,231289594.02,22610349.553228345,11859241.03,163,21,2.847406054603536,-4.394088477025315,22.990185075422296,4.0470092003800495,62,2026-02-26,6.03691647956448,7,-17.311939683575073,0,0.9124076386656756,0,13031269880.26416,10.114986739205982,0.7615058352962023,0.9124076386656756,0,0,-0.15090180336947334,0,0,0,0
CACI,2026-03-04,"CACI TECHNOLOGIES, LLC",1,1238209.72,1238209.72,231289594.02,22478360.93076336,12569329.43,128,21,2.8915855300387365,2.7251975075351043,22.79484618056615,3.551682600516435,66,2026-03-04,1.3866038506045395,3,-24.977984636789756,0,0.8286690438981507,0,13908516176.5,10.14328079996102,0.6692898875901038,0.8286690438981507,0,0,-0.1593791563080469,0,0,0,0
CACI,2026-03-10,"CACI, INC. - FEDERAL",1,2665081.74,2665081.74,231289594.02,22570799.38340741,12219600.0,134,20,3.1199292459720915,0.4254023753596958,17.228942958059434,3.446147576645973,69,2026-03-10,3.586211136390993,5,-23.724464718780403,0,0.7773343172848253,0,13984933439.82312,10.145660403722468,0.690119775455584,0.7773343172848253,0,0,-0.08721454182924127,0,0,0,0
CACI,2026-03-11,"CACI TECHNOLOGIES, LLC",1,-2097744.75,2097744.75,231289594.02,22545285.228235293,12394464.715,149,21,3.1460741101441063,4.619954298760598,18.751580209002476,3.4265320214944883,70,2026-03-11,1.414670856728062,4,-27.07237066006394,0,0.7720048018941683,0,13068373818.82312,10.116221548907939,0.7085710922009671,0.7720048018941683,0,0,-0.06343370969320117,0,0,0,0
CACI,2026-03-13,"CACI, INC. - FEDERAL",1,185000.0,185000.0,231289594.02,22824076.27108696,12746803.114999998,163,21,2.4284414350314583,9.349346808291124,21.55106945864829,3.413316486103408,72,2026-03-13,1.023540063377104,2,-20.78553392686484,0,0.7262698251904538,0,13530407833.460693,10.131310887296227,0.701356058443818,0.7262698251904538,0,0,-0.024913766746635813,0,0,0,0
CACI,2026-03-16,"CACI, INC. - FEDERAL",1,-309164.44,309164.44,231289594.02,22677909.06611511,12569329.43,143,19,2.3982833341957246,9.217873588391578,20.01804491288155,3.322259918117489,73,2026-03-16,1.2521710408110345,1,-19.5886662847369,0,0.6612655197710187,0,13399880154.23584,10.127100914141911,0.6944065151469204,0.6612655197710187,0,0,0.03314099537590176,0,0,0,0
CACI,2026-03-17,"CACI, INC. - FEDERAL",1,10000000.0,10000000.0,231289594.02,22535295.692357145,12394464.715,147,20,2.367043382228501,9.101036285293151,22.89740742992248,3.264609695502526,74,2026-03-17,0.0,0,-19.09516248607757,0,0.7419678339053206,0,13369622751.696533,10.126119153023543,0.6926703075840821,0.7419678339053206,0,0,-0.049297526321238516,0,0,0,0
CACI,2026-03-18,"CACI, INC. - FEDERAL",3,2168538.6300000004,2257319.65,231289594.02,22477468.853049647,12569329.43,153,21,2.3803623681273987,12.82223988615505,22.078669668982958,3.295824509858408,75,2026-03-18,0.6899630939479984,1,-16.209154481626786,0,0.6928193687931988,0,13537033296.05896,10.131523497117021,0.728439439150322,0.6928193687931988,0,0,0.035620070357123224,0,0,0,0
CACI,2026-03-19,"CACI NSS, LLC",1,929525.0,929525.0,231289594.02,22533574.691197183,12746803.114999998,165,22,2.2005060248209816,13.17310139758725,28.13970202768845,3.3359822241153694,76,2026-03-19,0.0,0,-20.41668471541971,0,0.7834795872267464,0,13444272775.657227,10.128537315442854,0.7598899057681748,0.7834795872267464,0,0,-0.023589681458571543,0,0,0,0
CAT,2025-09-08,CATERPILLAR INC,1,-68043.88,68043.88,4616269.0,2134058.5,1383679.5,4,4,1.6149375598598033,8.637175441896906,9.352077598103438,,0,2025-09-08,53.517037758675976,90,53.517037758675976,1,1.842685150110351,0,196435858658.24707,11.293220769580774,1.9267912057259176,1.842685150110351,0,1,0.08410605561556661,1,1,1,1
CAT,2025-09-30,CATERPILLAR INC,1,2909775.0,2909775.0,4616269.0,1498409.2375,1184950.5,5,4,1.165201531781952,14.692504114434456,40.70990056549957,6.62672671505552,0,2025-09-30,56.34359452405222,90,56.34359452405222,1,1.915224691315676,0,218968289576.0971,11.34038122598505,1.885391372531306,1.915224691315676,0,1,-0.02983331878437001,1,1,1,1
CAT,2026-01-15,CATERPILLAR INC,1,112415.63,112415.63,23126792.92,3164733.139545455,1184950.5,7,4,2.0990011452513047,18.414140215805897,40.35639287230832,10.6798005255215,11,2026-01-15,43.83442516756582,76,41.19648812747101,1,1.577251295258163,0,297423354525.9366,11.473375067560221,1.554384857231339,1.577251295258163,0,0,-0.022866438026823976,1,1,1,1
CAT,2026-02-12,CATERPILLAR INC,1,955620.48,955620.48,23126792.92,2901831.0916000004,1152606.0,4,3,2.7137343022849083,35.4986258315338,74.59535605509895,10.770093923381324,16,2026-02-12,35.070525336233715,88,31.39343347078438,1,1.8750922888789063,0,361710248922.4008,11.55836081450501,1.8275127286432997,1.8750922888789063,0,0,-0.04757956023560661,1,1,1,1
ETN,2025-09-26,EATON CORPORATION,2,8009075.0,8009075.0,4303386.0,2538161.5,3507829.0,9,6,1.74357188916803,-4.603095773576116,17.51375930604886,,0,2025-09-26,6.064350700505106,23,-2.716422402961971,0,1.6744487580486485,0,143303612781.82846,11.15625713939549,1.6073956863156988,1.6744487580486485,0,0,-0.06705307173294961,0,0,0,0
ETN,2025-09-30,"EATON AEROSPACE, LLC",1,4500600.0,4500600.0,9299303.0,3383304.1875,3547177.5,9,6,1.668450538541347,-2.9279829245633997,14.809785161758256,5.73546946204011,0,2025-09-30,3.607219997288969,21,1.02900643821624,0,1.3655295146427842,0,144250494444.9967,11.15911731045422,1.3933634416968181,1.3655295146427842,0,0,0.02783392705403398,0,0,0,0
GD,2025-08-12,"GENERAL DYNAMICS INFORMATION TECHNOLOGY, INC.",1,114330.0,114330.0,,,,0,0,1.5434944668505963,4.157308052776234,24.49293882514607,,0,2025-08-12,13.157202168191183,53,7.901889220570535,0,2.7049438205889813,1,83245351861.76172,10.920359993323768,2.6903718433697614,2.7049438205889813,1,1,-0.014571977219219878,1,1,0,0
GD,2025-08-13,"GENERAL DYNAMICS INFORMATION TECHNOLOGY, INC.",1,3290309.86,3290309.86,18526345.33,18523083.99,18526345.33,8,1,1.550728035913614,4.83099630907704,24.05190401002373,,0,2025-08-13,11.916886339513333,52,7.358206471836448,0,1.778294215131862,0,83002176220.83105,10.91908947922316,1.6409875313599136,1.778294215131862,0,0,-0.13730668377194832,1,1,0,0
GD,2025-08-24,"GENERAL DYNAMICS INFORMATION TECHNOLOGY, INC.",1,200000.0,200000.0,54930473.99,17602288.815,29108616.455,130,10,0.5808678515359792,7.276949828836244,15.955838325269166,,0,2025-08-25,11.077208561422337,44,7.821230514663546,0,0.9052698834768304,0,84482425742.2373,10.926766375257726,0.950398494127234,0.9052698834768304,0,0,0.04512861065040363,1,1,0,0
GD,2025-09-16,"GENERAL DYNAMICS INFORMATION TECHNOLOGY, INC.",1,200000.0,200000.0,233422890.47,40363645.64576923,41292882.755,349,22,0.6813532844099789,6.623398062456088,8.276801866127403,2.8788852964677147,0,2025-09-16,13.51168566339025,85,12.32521266771316,0,0.8266210133678007,0,86430539844.5166,10.936667225608689,0.895496700695381,0.8266210133678007,0,0,0.06887568732758031,1,1,0,0
GD,2025-09-29,"GENERAL DYNAMICS INFORMATION TECHNOLOGY, INC.",1,988128.0,988128.0,498096728.9800001,66128590.206842095,44097019.845,410,22,0.7225044552893108,6.2663911280046,3.210312591980653,2.7354821463134447,0,2025-09-29,11.53990242760441,76,9.320518896435836,0,0.8094139584997895,0,87318794962.97278,10.941107733627316,0.9218303448447183,0.8094139584997895,0,0,0.11241638634492879,1,1,0,0
GD,2025-10-13,GENERAL DYNAMICS LAND SYSTEMS INC.,1,387044.0,387044.0,498096728.9800001,68888408.18521738,41292882.755,334,21,1.0495429313823332,6.3920031455402695,-3.629163975964559,3.2008173746198647,0,2025-10-13,10.314534101944185,66,4.7894978132464905,0,0.8259341453228929,0,88392872046.12164,10.946417245150537,0.8761531935402236,0.8259341453228929,0,0,0.0502190482173307,1,1,0,0
GD,2025-10-16,"GENERAL DYNAMICS MISSION SYSTEMS, INC.",1,10153826.0,10153826.0,498096728.9800001,66073368.28458333,39413797.54000001,319,22,1.0809268169308437,0.3091059060679413,2.0493649565297005,3.555194014547915,0,2025-10-16,11.582549747399051,63,6.522487166524882,0,0.849393784367273,0,88153923736.82794,10.945241647540938,0.9203550262547108,0.849393784367273,0,0,0.0709612418874378,1,1,0,0
GD,2025-10-22,"GENERAL DYNAMICS INFORMATION TECHNOLOGY, INC.",1,4823407.92,4823407.92,498096728.9800001,61979017.47673077,33311057.415,257,21,1.168196837213098,2.5387921441461403,5.50405742876945,3.4406268824041275,0,2025-10-22,9.058880754923337,59,8.684839819302681,0,0.760931128979329,0,90450431408.88202,10.95641064259495,0.8465032694364042,0.760931128979329,0,0,0.08557214045707517,1,0,0,0
GD,2025-11-03,"GENERAL DYNAMICS MISSION SYSTEMS, INC.",3,2349203.87,2349203.87,498096728.9800001,54331349.089,25684510.585,66,18,1.2544825185516522,1.7673388006503643,9.301456551333452,3.98295908963295,0,2025-11-03,7.900890836367425,51,4.076867920050464,0,0.9825447425307828,0,91951824301.75598,10.963560349956115,0.800099464793291,0.9825447425307828,0,0,-0.18244527773749186,1,0,0,0
GD,2025-11-10,"GENERAL DYNAMICS MISSION SYSTEMS, INC.",1,-157636.05,157636.05,498096728.9800001,50602641.28415385,19993623.86,74,20,1.1442273684171895,5.702857486374223,9.704464370439236,3.8141637999745774,0,2025-11-10,5.548305771078121,46,-0.2005747491510723,0,0.9499950763872954,0,92335736936.7909,10.965369819667512,0.7563841819363898,0.9499950763872954,0,0,-0.19361089445090562,0,0,0,0
GD,2025-11-25,"GENERAL DYNAMICS INFORMATION TECHNOLOGY, INC.",1,1466621.73,1466621.73,498096728.9800001,44154051.32671052,16132814.259999998,87,21,0.8394181433267383,-0.1156143928995545,10.999436975170296,3.6101798903469455,6,2025-11-25,8.153977130922652,35,3.0433146464010408,0,0.7120086971079407,0,90146918878.89398,10.954950887611258,0.6116312963958096,0.7120086971079407,0,0,-0.10037740071213108,1,0,0,0
GD,2025-11-26,GENERAL DYNAMICS LAND SYSTEMS INC.,1,3628964.26,3628964.26,498096728.9800001,44320501.657142855,18526345.33,100,22,0.8177267304364135,-0.0752271190585629,10.069820441847966,3.5689503790979438,7,2025-11-26,8.481584404882936,34,1.548294500031866,0,0.7367366443649156,0,90930744630.46777,10.958710747532672,0.6014710002338142,0.7367366443649156,0,0,-0.13526564413110143,1,0,0,0
GD,2025-12-01,"GENERAL DYNAMICS INFORMATION TECHNOLOGY, INC.",1,412934.97,412934.97,498096728.9800001,43569868.63481012,18526345.33,84,19,1.0138418431303668,-1.9934522317885728,7.530403988011859,3.2349416603780594,11,2025-12-01,10.981635133254496,32,3.41815589261647,0,0.6760230719767937,0,91080024753.88629,10.959423139976424,0.5873496443677345,0.6760230719767937,0,0,-0.08867342760905916,1,1,0,0
GD,2025-12-03,"GENERAL DYNAMICS INFORMATION TECHNOLOGY, INC.",4,3613480.93,3807204.73,498096728.9800001,42636166.69925925,16417330.76,99,21,1.0411516578950806,0.2231621191330912,8.002580882779409,3.078224230670035,13,2025-12-03,9.110497693342287,30,1.1135904310242584,0,0.6186965814313605,0,89525719350.45789,10.951947819308954,0.5161677102001866,0.6186965814313605,0,0,-0.10252887123117393,1,0,0,0
GD,2025-12-15,GENERAL DYNAMICS LAND SYSTEMS INC.,1,186604.32,186604.32,498096728.9800001,44114965.00393259,18917272.6,147,20,1.1116790842168407,3.0214334384628394,7.862216539347621,2.4562730461853963,20,2025-12-15,8.274612686963167,22,-7.462998528009434,0,0.5064689810830011,0,89976288293.29346,10.95412807365963,0.46023290520838733,0.5064689810830011,0,0,-0.04623607587461376,1,0,0,0
GD,2025-12-17,"GENERAL DYNAMICS MISSION SYSTEMS, INC.",1,860632.37,860632.37,498096728.9800001,43576325.86285715,18917272.6,166,22,1.121216746510232,3.309850067742381,7.323519895299203,2.3855714860743285,22,2025-12-17,9.652139450102526,20,1.5705618165895665,0,0.4656179129349764,0,89976288293.29346,10.95412807365963,0.4748611926620349,0.4656179129349764,0,0,0.009243279727058518,1,0,0,0
GD,2025-12-30,"GENERAL DYNAMICS INFORMATION TECHNOLOGY, INC.",1,266008.62,266008.62,498096728.9800001,45890297.95050505,18629216.98,202,20,0.983939996498386,-3.736682955663417,1.980589446060387,2.0595156337587346,32,2025-12-30,8.663728257611346,12,2.229911274814178,0,0.6527189705036018,0,90773443657.74304,10.95795881151885,0.6815668568337021,0.6527189705036018,0,0,0.02884788633010027,1,0,0,0
GD,2026-01-16,GENERAL DYNAMICS LAND SYSTEMS INC.,3,36752670.1,36752670.1,498096728.9800001,43022211.8918018,18526345.33,159,20,1.5565310627261786,4.935700289936506,9.119581603826154,2.2313879065326345,44,2026-01-16,0.0,0,-4.572685794907416,0,0.5942637256488246,0,98294345925.1864,10.99252853711887,0.44502474660333263,0.5942637256488246,0,0,-0.14923897904549194,0,0,0,0
GD,2026-01-20,GENERAL DYNAMICS LAND SYSTEMS INC.,1,2054258.11,2054258.11,498096728.9800001,42624880.59707964,18526345.33,118,19,1.6703714037415949,4.857368562312847,7.827237802992393,2.3655745350914605,47,2026-01-20,2.0742166012091,5,-2.989968050855252,0,0.4594057745879586,0,98345207837.02539,10.992753202479635,0.44815359020518664,0.4594057745879586,0,0,-0.01125218438277198,0,0,0,0
GD,2026-01-23,"GENERAL DYNAMICS GLOBAL FORCE, LLC",1,3915164.06,3915164.06,498096728.9800001,41876487.33043103,18577781.155,118,20,1.6712969062091787,2.225362669452613,6.403889288742626,2.55058791837598,49,2026-01-23,0.9221749480807118,2,-6.7895730297608425,0,0.5311634183553803,0,97930283449.58557,10.99091701153062,0.4803397145014575,0.5311634183553803,0,0,-0.050823703853922764,0,0,0,0
GD,2026-01-27,"GENERAL DYNAMICS MISSION SYSTEMS, INC.",1,-17948.62,17948.62,498096728.9800001,41446001.86516947,18577781.155,133,21,1.6508299200880945,5.695611912237708,6.452946396202975,2.6276039448914,51,2026-01-27,0.0,0,-5.065405688128211,0,0.7377609851970781,0,97317261395.46783,10.98818987895205,0.46962142702406584,0.7377609851970781,0,0,-0.26813955817301227,0,0,0,0
GD,2026-02-05,GENERAL DYNAMICS LAND SYSTEMS INC.,1,8377257.0,8377257.0,498096728.9800001,44134197.70984001,18917272.6,222,22,1.3983218613353987,0.7743795829621147,6.7438097357248585,2.7378935677073595,58,2026-02-05,3.99659806672712,18,3.906056538115665,0,0.623200676107194,0,94689135381.75815,10.976300150973318,0.6542381183637596,0.623200676107194,0,0,0.031037442256565573,0,0,0,0
GD,2026-02-17,"GENERAL DYNAMICS MISSION SYSTEMS, INC.",2,-443920.03,613920.03,498096728.9800001,42334581.93030303,18773244.79,216,20,1.6651404225267876,-2.9848905893686606,1.0895276556668776,2.5629836790156952,66,2026-02-17,6.890103985030449,11,1.69345071690703,0,0.5798389230878577,0,93153719609.78043,10.969200200872097,0.6567725610391829,0.5798389230878577,0,0,0.07693363795132524,0,0,0,0
GD,2026-02-18,GENERAL DYNAMICS LAND SYSTEMS INC.,1,-22.0,22.0,498096728.9800001,42337890.84947368,18917272.6,233,21,1.6825735404747597,-1.5861855610693087,2.413227380985373,2.48042399001704,66,2026-02-18,4.758365596279068,10,0.0563035726511174,0,1.5280356533095854,0,91781768837.9794,10.96275642325591,0.6454944487964699,1.5280356533095854,0,0,-0.8825412045131155,0,0,0,0
GD,2026-02-25,"GENERAL DYNAMICS INFORMATION TECHNOLOGY, INC.",1,-619212.15,619212.15,498096728.9800001,42060843.9473913,18773244.79,246,21,1.7333388973673007,-0.9592662142971164,-1.091853061588055,2.195681516387932,71,2026-02-25,10.828507801096388,89,10.16979741065791,0,0.5533237909202848,0,94102295205.95975,10.97360021623413,0.6397541224588807,0.5533237909202848,0,0,0.08643033153859592,1,1,0,0
GD,2026-03-03,GENERAL DYNAMICS ONE SOURCE LLC,3,1098453.41,1104675.29,498096728.9800001,44524232.11584508,19388599.54,197,20,1.7411001322263018,8.541144264247656,9.248524574952333,1.973330551341472,76,2026-03-03,4.27665356622815,85,3.1422476265746013,0,0.4738000723904652,0,97746558009.74756,10.99010147334471,0.5550941320402419,0.4738000723904652,0,0,0.08129405964977676,0,0,0,0
GD,2026-03-12,GENERAL DYNAMICS ONE SOURCE LLC,2,1753732.98,1753732.98,498096728.9800001,43903289.4757047,19620745.96,214,21,1.4653988941516916,7.700622096919984,9.225819609931564,2.005887424975528,82,2026-03-12,7.05654413861796,78,5.999840493637509,0,0.5517190632451461,0,94817761955.34494,10.976889700171771,0.621122490194571,0.5517190632451461,0,0,0.06940342694942492,0,0,0,0
GD,2026-03-19,"GENERAL DYNAMICS INFORMATION TECHNOLOGY, INC.",3,7335928.32,7335962.32,498096728.9800001,43512358.94214286,20594263.555,253,22,1.25670147304422,6.501868814756873,8.121097521504584,1.956942838865957,87,2026-03-19,13.478486116202436,89,9.948785148996752,0,0.6713431695681152,0,94686453598.56494,10.976287850722278,0.7152534396858693,0.6713431695681152,0,0,0.04391027011775406,1,1,0,0
GD,2026-03-30,GENERAL DYNAMICS LAND SYSTEMS INC.,1,1727940.0,1727940.0,498096728.9800001,45332525.64931677,21079649.68,230,20,1.0850819985389786,8.712092205189048,4.554372418039143,1.8979896997783172,94,2026-03-30,16.42208244718919,82,16.084528392998365,0,0.6920699394578032,0,93074657960.19342,10.968831448905755,0.7582544298099555,0.6920699394578032,0,0,0.06618449035215235,1,1,1,0
GE,2025-08-26,GENERAL ELECTRIC COMPANY,1,179508.37,179508.37,114425061.12,11347498.365000002,517382.7849999999,19,10,1.4570775655354025,1.7752561733880723,24.4169542282443,,0,2025-08-26,18.67111493743612,90,18.67111493743612,0,2.0321298083238792,0,281295366789.5508,11.449162578968249,2.1754993577550468,2.0321298083238792,0,1,0.14336954943116753,1,1,1,0
GE,2025-08-27,GENERAL ELECTRIC COMPANY,1,1200000.0,1200000.0,114425061.12,10332226.547272729,369818.68,20,11,1.4339037606905998,1.1949394625267118,26.31063094712649,,0,2025-08-27,20.10801318465532,90,20.10801318465532,1,2.2288417101807148,1,289029154932.8613,11.460941653095055,2.371494593326336,2.2288417101807148,1,1,0.14265288314562108,1,1,1,1
GE,2025-09-03,GENERAL ELECTRIC COMPANY,1,304018.0,304018.0,114425061.12,7598481.587857145,517382.7849999999,25,14,1.25919211703313,0.3371563243246953,25.83515491699491,,0,2025-09-03,18.984983196400076,86,17.760782055202597,0,2.00232375972005,0,290559038983.1543,11.463234390425093,2.2233956554722476,2.00232375972005,0,1,0.22107189575219754,1,1,1,0
GE,2025-09-26,GENERAL ELECTRIC COMPANY,1,1951289.55,1951289.55,114425061.12,6624038.929666667,597630.95,38,19,1.409786922417911,13.735510835917797,45.36189677523363,8.010925678662652,0,2025-09-26,11.30085946180046,69,4.107115840435727,0,1.8037309362702407,0,315887550310.4686,11.499532509925377,2.0116196759812284,1.8037309362702407,0,1,0.20788873971098765,1,1,0,0
GE,2025-09-30,GENERAL ELECTRIC COMPANY,1,2370480.0,2370480.0,114425061.12,6848806.099375,766128.9099999999,43,19,1.4852273321442109,13.50090193838027,43.13747771966818,8.759679534019456,0,2025-09-30,9.006901406270496,67,5.412605678038118,0,1.688522247725624,0,311608180638.8321,11.493608850668265,1.9045549166819289,1.688522247725624,0,1,0.2160326689563048,1,0,0,0
GE,2025-10-06,GENERAL ELECTRIC COMPANY,1,5077646.94,5077646.94,114425061.12,9600246.005,766128.9099999999,41,17,1.3800105059184344,8.905409723015811,35.4737692544705,8.611618031621179,0,2025-10-06,9.957267793221236,63,5.8851549599787445,0,1.737377134759854,0,316330174800.4408,11.500140621331694,1.9128026490606471,1.737377134759854,0,1,0.17542551430079323,1,0,0,0
GE,2025-10-07,GENERAL ELECTRIC COMPANY,1,-496239.84,496239.84,114425061.12,9471028.888857145,867310.93,42,18,1.3882391075644287,7.770544417072123,37.77433226869673,8.665619772143897,0,2025-10-07,8.67455107773225,62,8.521923699915867,0,1.6313012572553662,0,315030820526.8459,11.498353044360897,1.8585190236445197,1.6313012572553662,0,0,0.22721776638915347,1,0,0,0
GE,2025-12-19,GENERAL ELECTRIC COMPANY,1,4330263.75,4330263.75,208399999.92,10033597.2590625,1768671.4449999998,32,16,1.871096845603175,-0.2295205020626189,12.876478478656672,4.04300821773228,21,2025-12-19,12.670622976733911,47,-6.495382792494365,0,0.948422189650612,0,318696404281.93365,11.503377163538609,1.1463139697316087,0.948422189650612,0,0,0.19789178008099673,1,1,0,0
GE,2025-12-23,GENERAL ELECTRIC COMPANY,1,26950000.0,26950000.0,208399999.92,10914079.381666666,1993958.015,40,16,1.8509804423490583,3.493683929812086,17.505331340832498,3.931822909774284,22,2025-12-23,9.699682949314116,45,-8.906934870866534,0,0.997989053881272,0,332471501563.21027,11.52175442484432,1.1028461594399295,0.997989053881272,0,0,0.10485710555865746,1,0,0,0
GE,2025-12-30,GENERAL ELECTRIC COMPANY,1,9799348.4,9799348.4,208399999.92,11322090.486666668,2073133.15,40,17,1.6718300867986278,2.13666727005426,13.331952691760506,3.973900085642041,27,2025-12-30,10.888734542047729,41,-3.393916267787389,0,0.938689171906834,0,329520342243.7735,11.517882230012045,1.101399882132556,0.938689171906834,0,0,0.16271071022572192,1,1,0,0
GE,2026-01-29,GENERAL ELECTRIC COMPANY,1,1177935.0,1177935.0,497571308.76,22201203.888214283,2708265.725,35,15,2.594212859271364,-5.212397575539118,-0.2756677533738632,4.476523000003882,42,2026-01-29,15.686278525079022,21,10.727892183840382,0,0.8066379911680399,0,307679702366.52924,11.488098846780531,1.054652259495021,0.8066379911680399,0,0,0.24801426832698104,1,1,1,0
GE,2026-03-04,GENERAL ELECTRIC COMPANY,1,2201106.0,2201106.0,497571308.76,19386842.91116505,3066067.0,29,17,1.8768109453536157,16.15833906032682,14.534331611804928,4.283723478770163,51,2026-03-04,11.74018931359302,84,4.3779950301017,0,0.8024525976409048,0,351504728834.25574,11.545931172009636,0.9640945060133421,0.8024525976409048,0,0,0.1616419083724373,1,1,0,0
GE,2026-03-20,GENERAL ELECTRIC COMPANY,1,1350617.6,1350617.6,497571308.76,17934830.9880531,3066067.0,35,19,2.0126480195605905,-3.60424785824911,-0.960316942806838,4.221312717630271,59,2026-03-20,32.20545641384065,72,23.952221619067448,1,0.8119826919233472,0,307211332542.1564,11.487437232094328,0.9866095199615312,0.8119826919233472,0,0,0.17462682803818408,1,1,1,1
GE,2026-03-24,GENERAL ELECTRIC COMPANY,1,5417919.87,5417919.87,497571308.76,17642373.60826087,3000000.0,33,18,1.993216580906031,-2.877552617508305,-1.742886394906218,4.096556316590009,61,2026-03-24,30.458661234369977,70,27.099698596689397,1,0.8579694339213735,0,307137616604.1623,11.487333009810568,0.9886812641546202,0.8579694339213735,0,0,0.13071183023324673,1,1,1,1
GE,2026-03-27,GENERAL ELECTRIC COMPANY,1,-388962.0,388962.0,497571308.76,17477941.351709403,3000000.0,36,19,2.1870498680127306,-1.711705155553533,0.1784669399001677,3.581939970977991,64,2026-03-27,34.96523881104816,89,32.603820332834864,1,0.7584586064012192,0,300500542574.68835,11.477845260488444,0.9608128048655149,0.7584586064012192,0,0,0.2023541984642957,1,1,1,1
HII,2025-08-13,HUNTINGTON INGALLS INC,1,269000.0,269000.0,5911543.0,5911543.0,5911543.0,3,1,2.3476245323220857,8.977483756243721,47.283001725088326,,0,2025-08-13,26.114777993484275,90,26.114777993484275,1,2.1256955135202285,0,10341835700.427246,10.014597633903598,2.0588945282134636,2.1256955135202285,0,1,-0.06680098530676482,1,1,1,1
HII,2025-08-15,HUNTINGTON INGALLS INCORPORATED,1,1057899.0,1057899.0,5911543.0,2016679.6133333333,906941.0,10,3,2.359894712663368,8.620859799804801,51.53358012691363,,0,2025-08-15,34.39937833888178,90,34.39937833888178,1,2.238317618555334,1,10320996316.845703,10.013721623068612,1.800170085303049,2.238317618555334,1,0,-0.43814753325228506,1,1,1,1
HII,2025-08-25,HUNTINGTON INGALLS INCORPORATED,2,138397.0,138397.0,21416392.0,5240660.454444445,2077159.0,32,9,2.133093239140606,12.55906577208199,46.036408746295535,,0,2025-08-25,32.52699505733505,85,30.40179127184841,1,1.544130822398968,0,10418241584.27124,10.017794423887564,1.402611546439206,1.544130822398968,0,0,-0.1415192759597621,1,1,1,1
HII,2025-09-05,HUNTINGTON INGALLS INCORPORATED,1,1216.0,1216.0,264032285.0,20429557.16,3547772.0,69,17,0.731018763902043,14.378349028841368,24.054970982257263,,0,2025-09-05,53.88258143082625,90,53.88258143082625,1,1.4740435127148406,0,10469586798.065186,10.019929541768494,1.5341724974292843,1.4740435127148406,0,0,0.06012898471444372,1,1,1,1
HII,2025-09-10,HUNTINGTON INGALLS INC,2,-8784788.0,16251800.0,264032285.0,18282032.24842105,5051089.0,79,19,0.8461886417415823,7.848522206867624,16.852058882133015,,0,2025-09-10,57.311893248674096,89,53.50005808664302,1,1.1124435318791164,0,10356741332.391357,10.015223129542264,1.3357835151958455,1.1124435318791164,0,0,0.2233399833167291,1,1,1,1
HII,2025-09-11,HUNTINGTON INGALLS INC,1,5000000.0,5000000.0,264032285.0,17005958.886,5251197.1850000005,83,20,0.8999889968591702,11.57115649816163,21.385988112364515,,0,2025-09-11,54.9527806702486,88,53.7812544848212,1,1.0624509323307283,0,10545207103.49121,10.023055113522654,1.314506973243655,1.0624509323307283,0,0,0.25205604091292666,1,1,1,1
HII,2025-09-15,HUNTINGTON INGALLS INC,2,3317128.77,3317128.77,264032285.0,16414616.805454545,5596334.1850000005,82,18,0.8958522844613962,6.194402262065044,18.60205322686428,,0,2025-09-15,56.68384550895658,86,53.99089118694174,1,1.0077034012754953,0,10653012173.492432,10.027472423301909,1.2750897697864636,1.0077034012754953,0,0,0.2673863685109683,1,1,1,1
HII,2025-09-18,HUNTINGTON INGALLS INCORPORATED,1,-40888.0,40888.0,264032285.0,16065200.7704,5911543.0,97,20,0.8754266338253984,10.031116481608285,19.577369437266,2.717618651235765,0,2025-09-18,55.73125604540344,83,55.54477319647433,1,1.028495345498291,0,10565767427.264221,10.023901046804504,1.2332685809237418,1.028495345498291,0,0,0.20477323542545078,1,1,1,1
HII,2025-09-29,HUNTINGTON INGALLS INCORPORATED,2,4734019.0,5090481.0,264032285.0,13380718.16125,7120081.0,100,18,1.0640098599120509,5.010610101298375,21.834141688446927,2.9316062847837543,0,2025-09-29,54.37866220647112,87,42.92709171092983,1,0.9156722988885868,0,11059952199.345703,10.043753249970013,1.1061411408110475,0.9156722988885868,0,0,0.19046884192246072,1,1,1,1
HII,2025-09-30,HUNTINGTON INGALLS INC,1,394315.5,394315.5,264032285.0,13682386.864848483,7292442.0,106,19,1.2278635159908935,6.491964813504424,20.26222650804985,2.903883312107148,0,2025-09-30,49.88527650015242,86,41.57537374698149,1,0.8538438382474928,0,10839935709.255646,10.035026706446066,1.0700753630783602,0.8538438382474928,0,0,0.21623152483086738,1,1,1,1
HII,2025-10-03,HUNTINGTON INGALLS INCORPORATED,1,176686.0,176686.0,264032285.0,12982528.292777777,7120081.0,127,21,1.3003712113041357,3.436553331875446,7.151088453324057,2.540348554605389,0,2025-10-03,51.820550536420406,83,43.73551853936595,1,0.9021651417719528,0,10944252462.38095,10.039186102811193,1.0942597295764385,0.9021651417719528,0,0,0.19209458780448563,1,1,1,1
HII,2025-11-07,HUNTINGTON INGALLS INCORPORATED,1,994000.0,994000.0,264032285.0,9192487.613962265,3061148.0,40,14,2.21701050753182,11.988257877221995,23.017940897267472,4.509363269973578,0,2025-11-07,47.6789763346724,76,32.788374730781086,1,1.080166127058096,0,11844558848.981323,10.073518890046463,1.280712520518284,1.080166127058096,0,0,0.2005463934601881,1,1,1,1
HII,2025-11-21,HUNTINGTON INGALLS INCORPORATED,2,-140798.0,196216.0,264032285.0,9758755.725666666,2695503.0,39,14,2.1823785420620694,9.685721468856023,23.477736080700986,5.447688329305164,3,2025-11-21,49.64647721073172,66,34.45194693028802,1,0.8426311679241464,0,11704950453.81372,10.068369579700235,1.0637705939222475,0.8426311679241464,0,0,0.2211394259981011,1,1,1,1
HII,2025-12-03,HUNTINGTON INGALLS INCORPORATED,1,122426.0,122426.0,730377721.0,22091359.235454544,3293042.5,43,15,1.598854933046593,10.844733527821138,22.30394857040807,5.479358380604814,11,2025-12-03,47.18747874793048,59,29.15114809893651,1,0.8831742934284664,0,11965736895.35559,10.077939449270572,1.168164474140979,0.8831742934284664,0,0,0.2849901807125125,1,1,1,1
HII,2025-12-05,HUNTINGTON INGALLS INCORPORATED,1,6327165.0,6327165.0,730377721.0,22300601.081470583,3293042.5,47,16,1.7381561161094794,6.25771621697595,19.67087434704236,5.346927231689131,13,2025-12-05,49.43457397749238,57,30.029452079477117,1,0.9118292001817504,0,12303830207.33313,10.090040329241564,1.1336302469690112,0.9118292001817504,0,0,0.22180104678726076,1,1,1,1
HII,2025-12-17,HUNTINGTON INGALLS INCORPORATED,2,18426177.0,18426177.0,730377721.0,21182713.53342105,3536354.5,73,19,1.7777945677496,15.6836526507133,26.39884658968452,4.969855034576573,19,2025-12-17,41.66262125122044,49,13.075950175027009,1,0.9117637415894322,0,12729174874.241455,10.104800252893412,1.0126554350641284,0.9117637415894322,0,0,0.10089169347469618,1,1,1,1
HII,2025-12-19,HUNTINGTON INGALLS INCORPORATED,1,4520.0,4520.0,730377721.0,21131362.36589744,4299430.5,83,20,1.8738111700190887,20.923343439428034,27.130347276264555,4.975653706226581,21,2025-12-19,35.20313092071898,47,7.452120291520048,1,0.9461771536977148,0,12566749491.708069,10.099222957847395,0.9360585309409483,0.9461771536977148,0,0,-0.01011862275676656,1,1,1,1
HII,2026-01-06,HUNTINGTON INGALLS INCORPORATED,1,-1029150.0,1029150.0,730377721.0,20894100.41614458,3547772.0,64,14,2.071177346902339,25.653784835089954,34.71906434578955,5.836719865373818,33,2026-01-06,23.816054307520982,37,-10.993141304352372,1,0.8941632407176868,0,14157896949.765015,10.15099874693115,0.9687367459457342,0.8941632407176868,0,0,0.0745735052280474,1,1,1,1
HII,2026-01-09,HUNTINGTON INGALLS INC,1,-336885.0,336885.0,730377721.0,20185983.971395347,3460278.0,58,15,2.454867938111321,28.02494722307476,43.41647902736503,6.2911134231755215,36,2026-01-09,17.61229799929658,34,-16.55444659154115,0,0.8674995100391752,0,14741771357.580688,10.168549671080854,0.965336804896227,0.8674995100391752,0,0,0.09783729485705173,1,1,1,0
HII,2026-01-22,HUNTINGTON INGALLS INCORPORATED,1,1890162.0,1890162.0,730377721.0,18786769.16709677,3061148.0,30,13,2.272622861902728,40.01346114655336,43.89428034909084,8.338570192178294,43,2026-01-22,7.310756970667565,26,-30.2471058530404,0,1.0347373743915853,0,16463793452.926758,10.216529908996538,1.2430015998020953,1.0347373743915853,0,0,0.20826422541051004,0,0,0,0
HII,2026-02-06,HUNTINGTON INGALLS INC,1,-18610.0,18610.0,1115311364.0,30201568.66932039,3383125.0,65,19,3.5461270849959683,23.729682181549137,42.84747808013369,9.013615379537182,51,2026-02-06,14.424888422515192,15,-24.80477514997705,0,1.054227892043955,0,14387740372.260223,10.157992592344133,1.1286968063955054,1.054227892043955,0,0,0.07446891435155045,1,1,0,0
HII,2026-02-09,HUNTINGTON INGALLS INCORPORATED,2,416540.0,416540.0,1115311364.0,29911438.807115383,3222136.5,63,17,3.539936187637052,23.828271365681,44.579017726689685,9.12431677406204,51,2026-02-09,12.155102812028073,14,-29.14135916142738,0,1.0133145905365513,0,15494019918.064453,10.190164109930688,1.1317814538648987,1.0133145905365513,0,0,0.11846686332834744,1,1,0,0
HII,2026-02-13,HUNTINGTON INGALLS INCORPORATED,1,2993612.0,2993612.0,1115311364.0,28951445.221666668,3222136.5,71,19,3.5934600615874905,33.08173196812278,50.31426418871918,9.003441547292743,53,2026-02-13,8.684233111399188,10,-32.85943542940694,0,1.1180543729864647,0,15844200549.83789,10.199870330900692,1.2094819045301648,1.1180543729864647,0,0,0.09142753154370009,1,0,0,0
HII,2026-02-19,HUNTINGTON INGALLS INCORPORATED,1,17259.0,17259.0,1115311364.0,28225571.50396397,3061148.0,83,20,3.651574666298093,42.258952113972526,55.37160593720862,8.537123700655084,56,2026-02-19,2.7097144191622125,7,-36.36836241903067,0,1.2779020623186832,0,16550403666.169922,10.218808590731205,1.352102915796068,1.2779020623186832,0,0,0.07420085347738481,0,0,0,0
HII,2026-02-23,HUNTINGTON INGALLS INC,1,-3140.0,3140.0,1115311364.0,27846703.574690267,3061148.0,83,18,3.6506053778013694,39.609083356166906,56.07052885526545,8.537123700655084,57,2026-02-23,3.9126529010129696,5,-32.952719803190575,0,1.358000716683566,0,17044318067.8125,10.23157963007001,1.3056823718958954,1.358000716683566,0,0,-0.0523183447876705,0,0,0,0
HII,2026-02-27,HUNTINGTON INGALLS INCORPORATED,2,8043477.0,8043477.0,1115311364.0,27223944.396034483,2998548.0,90,19,3.712763720011652,44.274217561470586,58.59359351627047,8.334393307289671,60,2026-02-27,2.0719016676858493,1,-35.33561220269108,0,1.358141478834593,0,17255828347.833984,10.236935811976311,1.4000197693457526,1.358141478834593,0,0,0.041878290511159655,0,0,0,0
HII,2026-03-13,HUNTINGTON INGALLS INCORPORATED,1,2169.0,2169.0,1115311364.0,25259705.44396825,2911442.5,83,20,2.127921862030452,29.110218189098106,52.15399122583861,8.191159948043584,68,2026-03-13,2.953978001836566,3,-30.641568249270744,0,1.2022010996579973,0,16198487723.882812,10.209474471096351,1.0962735788027484,1.2022010996579973,0,0,-0.10592752085524881,0,0,0,0
HII,2026-03-19,HUNTINGTON INGALLS INCORPORATED,1,1357800.0,1357800.0,1115311364.0,27273196.880307693,2911442.5,87,21,1.8333926346235796,27.73611305312285,54.85843516469009,8.031580485599315,72,2026-03-19,0.0,0,-32.696566210012215,0,1.037393230803384,0,16723249695.029297,10.223320674268338,1.1275428710652369,1.037393230803384,0,0,0.0901496402618529,0,0,0,0
HII,2026-03-25,HUNTINGTON INGALLS INCORPORATED,1,16378.0,16378.0,1115311364.0,26649972.82791045,2977631.0,81,21,1.8448223691287216,19.59684856288153,42.9931565446453,7.835876071002671,76,2026-03-25,2.183524905935652,9,-19.402005076913152,0,1.0324594139157115,0,15710843912.888672,10.196199513930303,1.1060903270903304,1.0324594139157115,0,0,0.0736309131746189,0,0,0,0
HII,2026-03-26,HUNTINGTON INGALLS INC,1,19475.0,19475.0,1115311364.0,26478587.688444443,3019314.0,85,21,1.986171825089406,17.60596625210095,40.42998919722672,7.718740403446751,77,2026-03-26,6.902463293065408,8,-17.0788882077738,0,1.0097083874936903,0,15783505258.739899,10.198203459296423,1.0757599365606987,1.0097083874936903,0,0,0.06605154906700839,0,0,0,0
HII,2026-04-01,HUNTINGTON INGALLS INC,1,9856693.0,9856693.0,1115311364.0,34472078.3089928,3383125.0,89,22,2.266446449453987,13.010319529489722,38.36196105752813,7.317895468053626,81,2026-04-01,4.584051053212113,4,-16.285472830154713,0,0.9524923582862912,0,14895055434.660614,10.173042123860053,1.008626534804463,0.9524923582862912,0,0,0.05613417651817176,0,0,0,0
HII,2026-04-06,HUNTINGTON INGALLS INC,1,2000000.0,2000000.0,1115311364.0,35106923.61225352,3222136.5,92,20,2.2155371301108366,18.907815527745555,43.6623934559522,6.745094359013312,81,2026-04-06,0.9051665254842244,2,-19.74513931801024,0,0.9331837895571966,0,15550610586.32611,10.191747446035919,0.9870006403807211,0.9331837895571966,0,0,0.0538168508235245,0,0,0,0
HON,2025-08-20,HONEYWELL INTERNATIONAL INC.,1,-12547115.64,12547115.64,10953639.5,4517505.016666667,1539556.22,4,3,1.578880803392204,-12.270478706445632,-5.882529092278888,,0,2025-08-20,2.6866369307668725,2,-3.0576137457464125,0,1.7169528787071489,0,133807899772.8789,11.126481754138029,1.6632362913914693,1.7169528787071489,0,0,-0.05371658731567952,0,0,0,0
HON,2025-08-25,HONEYWELL INTERNATIONAL INC.,1,2436000.0,2436000.0,169820296.57,33307567.65333333,11750377.57,9,6,1.0302269799037154,-10.729726180852216,-4.8795363796946045,,0,2025-08-25,0.8839095052956214,1,-5.229374680224219,0,1.2452840561088276,0,137567661211.35938,11.138516353898806,1.3731255813418906,1.2452840561088276,0,0,0.1278415252330629,0,0,0,0
HON,2025-08-26,HONEYWELL INTERNATIONAL INC.,1,143600.0,143600.0,169820296.57,28897343.70285714,10953639.5,10,7,0.9938151385842796,-11.087990757063649,-4.04059526520839,,0,2025-08-26,0.0,0,-3.56110807734219,0,1.2395502484907357,0,136197104774.03711,11.134167875608895,1.334178223731205,1.2395502484907357,0,0,0.09462797524046929,0,0,0,0
HON,2025-08-27,HONEYWELL INTERNATIONAL INC.,1,7373317.17,7373317.17,169820296.57,25540950.74,6694819.75,12,8,1.0031479581037457,-10.802412234512094,-7.769648444079457,,0,2025-08-27,0.0452002998128087,1,-1.1327948353214046,0,1.1976702899588747,0,137400963929.07227,11.137989779503798,1.2942921859330174,1.1976702899588747,0,0,0.09662189597414272,0,0,0,0
HON,2025-09-02,HONEYWELL INTERNATIONAL INC,1,10758027.0,10758027.0,169820296.57,25449435.85,10005868.48,23,12,0.8636148842819152,-11.783073524322862,-10.46268559280863,,0,2025-09-02,1.7224443625065031,90,1.7224443625065031,0,1.1083256784161526,0,135511821711.4961,11.131977183624592,1.0788663358577066,1.1083256784161526,0,0,-0.029459342558445956,0,0,0,0
HON,2025-09-04,HONEYWELL INTERNATIONAL INC.,1,668349.81,668349.81,169820296.57,24319327.476923075,10758027.0,24,13,0.9307023901553536,-13.34135248184166,-13.246593898811533,,0,2025-09-04,4.314638143380267,90,4.314638143380267,0,1.100058366597143,0,132116329727.96289,11.12095650022197,1.0651122162442292,1.100058366597143,0,0,-0.03494615035291382,0,0,0,0
HON,2025-09-23,HONEYWELL INTERNATIONAL INC.,1,8164500.0,8164500.0,169820296.57,17326298.332916666,9081084.46,46,18,0.8273178805226067,-16.216058537260224,-19.829302155604257,-1.9265295839398997,0,2025-09-23,16.04189204689859,90,16.04189204689859,0,1.169119873339139,0,129029395878.7627,11.110688663892882,1.1982665033598758,1.169119873339139,0,0,0.029146630020736808,1,1,1,0
HON,2025-10-20,HONEYWELL INTERNATIONAL INC.,1,1352307.75,1352307.75,311524826.12,23313547.66242424,7940220.0,30,10,1.2939441591034913,-13.302667240563228,-23.372299104038863,-3.72062601000676,0,2025-10-20,29.137073111732413,90,29.137073111732413,1,1.3514514455610322,0,125300512044.08047,11.09795284575444,1.5114940347395949,1.3514514455610322,0,0,0.16004258917856262,1,1,1,1
HON,2025-12-17,"HONEYWELL INTERNATIONAL, INC",1,170634.45,170634.45,511494518.81,24151694.97896552,2675788.15,21,14,0.9518092943072792,0.6969663383823654,-15.77553364698684,-2.14078228461929,16,2025-12-17,24.704322926641844,49,5.730196821888867,1,1.463719864819369,0,138662570005.3647,11.141959245255547,1.604318406578935,1.463719864819369,0,0,0.1405985417595661,1,1,1,1
HON,2026-01-23,HONEYWELL INTERNATIONAL INC,1,2398685.0,2398685.0,511494518.81,22575875.040704228,2286294.1,21,9,1.4175929581770068,9.027261385230734,-2.355227931353408,0.1392044954671226,33,2026-01-23,12.558227164409464,25,1.8700871037485856,0,1.3880374292764472,0,155643940182.78122,11.192132216593151,1.3566269031115732,1.3880374292764472,0,0,-0.03141052616487405,1,1,0,0
HON,2026-02-04,HONEYWELL INTERNATIONAL INC.,1,-161143.54,161143.54,511494518.81,23228781.645256408,2417342.5,25,13,1.7430672143199275,18.179669853203222,7.898454639472541,0.9896014564193488,36,2026-02-04,5.915214051303108,17,-2.3603035820090934,0,1.1428924946757522,0,161497895206.46347,11.208166866566966,1.2480581368702026,1.1428924946757522,0,0,0.10516564219445046,0,0,0,0
HON,2026-02-19,"HONEYWELL INTERNATIONAL, INC",1,83149.04,83149.04,511494518.81,21663636.842738096,2226944.1,24,16,1.4652892001446356,22.76757865146821,9.691790195773198,1.6214460263104442,44,2026-02-19,3.530952676811272,7,-10.400928627627229,0,1.206585745967602,0,168652742834.21127,11.226993408603052,1.3088009080226228,1.206585745967602,0,0,0.1022151620550209,0,0,0,0
HON,2026-02-25,HONEYWELL INTERNATIONAL INC.,1,2317950.5,2317950.5,511494518.81,20789842.316136364,2156872.05,24,16,1.4626206091708325,25.197231634629127,12.507594730302852,1.8890760014148216,46,2026-02-25,2.919675906268271,3,-10.472460354945756,0,1.202619678975413,0,170380253685.31815,11.231419260545536,1.3274795230300935,1.202619678975413,0,0,0.12485984405468042,0,0,0,0
HON,2026-02-27,HONEYWELL BUILDING SOLUTIONS SES CORP,1,12368546.16,12368546.16,511494518.81,20738795.79088889,2226944.1,29,16,0.959901764645242,27.553935248160546,15.359761560054874,2.1058125986765504,48,2026-02-27,1.826841122608891,1,-12.06464288356781,0,1.3131290463183647,0,168470897963.1839,11.226524890693586,1.391490197917254,1.3131290463183647,0,0,0.07836115159888934,0,0,0,0
HON,2026-03-11,HONEYWELL INTERNATIONAL INC.,2,80068455.32,80158853.72,1028199720.31,30656166.373684205,2286294.1,30,15,1.2294202951200734,25.704538212061568,18.142143687599894,2.650181739032176,52,2026-03-11,0.0,0,-6.7086167015605325,0,1.3979580219694627,0,159532194779.28812,11.202848340083225,1.345103183125628,1.3979580219694627,0,0,-0.052854838843834795,0,0,0,0
HON,2026-03-26,HONEYWELL INTERNATIONAL INC.,1,370000.0,370000.0,1028199720.31,28790429.603846155,2342489.55,36,17,1.5574134217679338,20.7748402145045,17.520338535853742,2.273802356819571,59,2026-03-26,6.216295777694136,44,2.503501376674322,0,1.1145629154445222,0,149706050621.99377,11.175239353440185,1.2362671488832584,1.1145629154445222,0,0,0.12170423343873615,0,0,0,0
HON,2026-03-30,HONEYWELL INTERNATIONAL INC.,1,42877754.82,42877754.82,1028199720.31,28519758.84571429,2286294.1,25,14,1.4057618501936926,22.19279016350404,20.06343290254243,2.031268076854216,61,2026-03-30,7.019522618103191,42,4.218166712172944,0,1.3477480073797554,0,147935759364.28485,11.17007316532515,1.3534655760549397,1.3477480073797554,0,0,0.005717568675184248,0,0,0,0
IBM,2025-08-22,INTERNATIONAL BUSINESS MACHINES CORPORATION,1,1636688.34,1636688.34,59350855.22,10948020.643333333,931412.31,11,6,1.3765974003834218,-16.466996971130285,-13.137193488722986,,0,2025-08-22,30.826022187324508,57,23.0299482578576,1,1.8329061283090635,0,217355076832.5547,11.337169788601456,1.8341007769011985,1.8329061283090635,0,0,0.001194648592135028,1,1,1,1
IBM,2025-08-26,INTERNATIONAL BUSINESS MACHINES CORPORATION,3,4240645.95,4240645.95,59350855.22,8436553.25375,931412.31,15,8,1.387431030398198,-15.494826082965895,-13.481582932792668,,0,2025-08-26,30.53483527237759,55,22.242231127830596,1,1.7720302751427448,0,217382310572.14844,11.337224200589867,1.8254307258371565,1.7720302751427448,0,0,0.05340045069441168,1,1,1,1
IBM,2025-09-25,INTERNATIONAL BUSINESS MACHINES CORPORATION,1,16023665.75,16023665.75,59350855.22,6697784.9988,4240645.95,52,17,1.6031873905148413,-9.53451292391465,-6.172111237835896,8.627101223470298,0,2025-09-25,12.53436733017368,34,3.27021563319827,0,1.3300790480539453,0,242894836315.3722,11.38541828226673,1.3826734424983387,1.3300790480539453,0,0,0.0525943944443934,1,1,0,0
IBM,2025-09-30,INTERNATIONAL BUSINESS MACHINES CORPORATION,1,6212436.6,6212436.6,85590308.83,9891185.525172412,4240645.95,58,17,1.6059177663281576,-10.501109807338429,-5.575183532603248,9.758131871756516,0,2025-09-30,12.247197956133382,31,5.6045759956642405,0,1.3889707831501867,0,258129647499.87305,11.411837888333665,1.499399564427356,1.3889707831501867,0,0,0.11042878127716915,1,1,0,0
IBM,2025-11-04,INTERNATIONAL BUSINESS MACHINES CORPORATION,1,50014.43,50014.43,85590308.83,9013997.925,4185908.81,11,7,2.3065843308600837,20.839404311974885,1.902768217001947,10.288548737121054,0,2025-11-04,5.273965802227254,6,-13.913792862999298,0,1.3670342610246196,0,277624486050.58246,11.44345776757417,1.2940293600022588,1.3670342610246196,0,0,-0.07300490102236079,0,0,0,0
IBM,2025-11-13,INTERNATIONAL BUSINESS MACHINES CORPORATION,1,624794.94,624794.94,85590308.83,8538776.9175,3859179.82,11,7,2.2927301126764115,20.77328041697699,2.6134278220772984,9.836156832022466,0,2025-11-13,3.237558803605567,53,-20.27557410377872,0,1.325461273714179,0,288544981944.2155,11.46021352594017,1.2856896947724443,1.325461273714179,0,0,-0.039771578941734775,0,0,0,0
IBM,2025-11-25,INTERNATIONAL BUSINESS MACHINES CORPORATION,2,1665416.63,1665416.63,85590308.83,7783517.828695652,3859179.82,14,11,1.7229421067449773,21.05413251862296,1.0272954880112817,9.965425789708268,3,2025-11-25,3.366389125644531,45,-20.152957441050912,0,1.299375322454278,0,278596390445.22437,11.444975485311648,1.143146776241872,1.299375322454278,0,0,-0.15622854621240578,0,0,0,0
IBM,2025-12-29,INTERNATIONAL BUSINESS MACHINES CORPORATION,1,462484.11,462484.11,85590308.83,6780326.25046875,3476575.515,31,15,0.7905513435078145,4.134025938755381,-4.179852531784988,7.698981297708952,23,2025-12-29,2.94040511578324,23,-23.86647644028702,0,1.2190322733508758,0,279484999344.2144,11.4463585031818,1.2671899257501595,1.2190322733508758,0,0,0.04815765239928371,0,0,0,0
IBM,2026-01-13,INTERNATIONAL BUSINESS MACHINES CORPORATION,1,4018977.09,4018977.09,85590308.83,7830555.4245714275,3476575.515,27,12,1.509468582265306,5.133048430783993,-1.1953666057940016,5.975797537674664,31,2026-01-13,3.816479316883914,13,-15.171460025871998,0,0.9633238203030184,0,285979937091.8132,11.456335566290068,1.0501776136233116,0.9633238203030184,0,0,0.0868537933202932,0,0,0,0
IBM,2026-01-16,INTERNATIONAL BUSINESS MACHINES CORPORATION,1,4701965.11,4701965.11,85590308.83,7668854.576666666,3476575.515,25,12,1.828383869524816,5.633023099664403,8.347528550878836,5.743826937906795,33,2026-01-16,2.9639793448176466,10,-12.427715368090942,0,0.8625330869929743,0,272944220548.15247,11.436073902779663,0.9974423481946246,0.8625330869929743,0,0,0.13490926120165037,0,0,0,0
IBM,2026-02-05,INTERNATIONAL BUSINESS MACHINES CORPORATION,1,995368.0,995368.0,85590308.83,6978948.861084337,3399409.01,32,16,2.8315359313771564,-6.150048886797344,17.265693705759922,4.88943836060808,37,2026-02-05,15.05883308324758,80,-5.3577039215861095,0,0.9383964575064456,0,264791160445.84296,11.422903482906369,1.0084840328040774,0.9383964575064456,0,0,0.07008757529763177,1,1,1,0
IBM,2026-03-03,INTERNATIONAL BUSINESS MACHINES CORPORATION,1,171817.07,171817.07,85590308.83,6006886.665918369,2209714.3600000003,34,16,4.026426089164174,-18.25914677255435,-9.485918612621214,2.230247423513241,46,2026-03-03,35.214100407035765,63,19.19687802705589,1,0.9936497585890004,0,220530829430.6965,11.34346931088194,1.304227609798665,0.9936497585890004,0,0,0.3105778512096645,1,1,1,1
IBM,2026-03-06,INTERNATIONAL BUSINESS MACHINES CORPORATION,1,320.69,320.69,85590308.83,5955334.732525254,2196376.29,37,17,3.942421104048512,-14.446209585192838,0.4195563732918961,1.4090551142196155,48,2026-03-06,28.125604436812917,60,-14.7528694488254,1,1.4118205773247874,0,237192954427.5722,11.375101784613507,1.2816345069340462,1.4118205773247874,0,0,-0.13018607039074115,1,1,1,1
IBM,2026-03-13,INTERNATIONAL BUSINESS MACHINES CORPORATION,1,92887.98,92887.98,85590308.83,5846701.488834954,2191464.0,38,17,3.4660072184566006,-17.3336412969705,-6.595236406175131,1.1262670728481556,53,2026-03-13,34.66507293581629,55,-15.473877722540596,1,0.9699377479522716,0,228992209834.24048,11.359820708175917,1.2095132332522418,0.9699377479522716,0,0,0.2395754852999702,1,1,1,1
IBM,2026-03-19,INTERNATIONAL BUSINESS MACHINES CORPORATION,1,4535817.33,4535817.33,85590308.83,5768369.104953271,2196376.29,45,18,3.5081276754216075,-13.286087028840424,-10.601362764718658,0.5739108129205277,56,2026-03-19,32.46520574555814,51,-8.892199614230556,1,0.9013100763542692,0,232709369634.6277,11.366813869744384,1.212549970098294,0.9013100763542692,0,0,0.31123989374402483,1,1,1,1
IBM,2026-03-20,INTERNATIONAL BUSINESS MACHINES CORPORATION,2,2328808.2800000003,2328808.2800000003,85590308.83,5922861.492870371,2209714.3600000003,48,18,3.586450055746436,-14.66121965245193,-12.562103356408173,0.5112354848655049,57,2026-03-20,37.17711794339036,50,-7.609710999300246,1,0.8904021597343637,0,231571711871.26904,11.36468550614109,1.2395250999321088,0.8904021597343637,0,0,0.34912294019774515,1,1,1,1
IBM,2026-03-24,INTERNATIONAL BUSINESS MACHINES CORPORATION,1,-1105.62,1105.62,85590308.83,6040967.989090908,2275930.3550000004,49,17,2.075012710653111,-15.423723153050828,-12.380681981177467,0.4960917636083465,59,2026-03-24,37.84992959743063,48,-5.243089950173174,1,1.3096270250596798,0,229786621152.12305,11.361324739195817,1.2064269737039457,1.3096270250596798,0,0,-0.10320005135573407,1,1,1,1
IBM,2026-03-25,INTERNATIONAL BUSINESS MACHINES CORPORATION,1,-202844.34,202844.34,85590308.83,6018214.85117117,2328808.2800000003,53,18,1.92266202256072,-15.836373060400764,-13.614281240907667,0.4519159533478648,60,2026-03-25,37.393067425194815,47,-1.8680628428053847,1,1.0337452406036007,0,222526007430.40576,11.347380775871786,1.2301841413857768,1.0337452406036007,0,0,0.19643890078217607,1,1,1,1
IBM,2026-03-26,INTERNATIONAL BUSINESS MACHINES CORPORATION,1,460643.33,460643.33,85590308.83,6109078.531607143,2493626.475000001,50,18,1.876425626731193,-14.544705679967915,-11.707440546209655,0.4219378584918751,61,2026-03-26,37.233894329461535,46,-1.6607852194823858,1,0.9917061994927866,0,223265955355.28174,11.348822504851304,1.195757263940788,0.9917061994927866,0,0,0.20405106444800147,1,1,1,1
IBM,2026-03-30,INTERNATIONAL BUSINESS MACHINES CORPORATION,1,4942503.42,4942503.42,85590308.83,6078753.874778761,2658444.6700000004,44,15,1.93612624048431,-12.376322027921423,-11.73733812845418,0.4687997058637347,63,2026-03-30,39.79057458383206,44,0.7487365482659714,1,0.9586166289001776,0,218595116413.67212,11.339640455242753,1.1332605689971804,0.9586166289001776,0,0,0.1746439400970028,1,1,1,1
KTOS,2025-09-16,"KRATOS S2, INC",1,6289828.5,6289828.5,25373493.68,4574604.54,1932610.56,12,7,2.970868562120129,66.04632942053281,116.61453176642353,,0,2025-09-16,71.2115308882564,85,45.80222910227856,1,2.8922445066138733,1,12111395034.255981,10.083194169632382,2.6912298704024717,2.8922445066138733,1,1,-0.2010146362114016,1,1,1,1
KTOS,2025-11-21,"KRATOS SRE, INC.",1,43818.73,43818.73,25373493.68,2737170.900526316,342947.0,5,4,4.512159100624715,-0.919971930375718,65.6808038725085,17.487123314481035,1,2025-11-21,89.06566730498753,37,7.159382400838288,1,2.309937434925927,1,11364667643.27124,10.055556739418323,2.2275549058357837,2.309937434925927,1,1,-0.08238252909014321,1,1,1,1
KTOS,2025-12-19,"KRATOS DEFENSE & ROCKET SUPPORT SERVICES, INC.",1,199739.22,199739.22,25373493.68,2765327.373076924,599608.8300000001,12,8,3.3754555606743377,-14.194066529886973,64.21839397303808,13.47998721425292,8,2025-12-19,73.39169953442375,18,-17.694654809109288,1,2.174168690589292,0,12055226808.830475,10.081175385671324,1.8914673100201813,2.174168690589292,0,1,-0.28270138056911054,1,1,1,1
KTOS,2026-01-29,"KRATOS TECHNOLOGY & TRAINING SOLUTIONS, INC.",1,750000.0,750000.0,25373493.68,2705209.476857143,599217.66,10,7,5.677170333442825,17.324781057016068,72.67115707512575,18.933876056498068,15,2026-01-29,0.0,0,-48.049189419181324,0,2.3011866198896547,1,19023282261.20343,10.279285451873069,2.376722838818347,2.3011866198896547,1,1,0.07553621892869211,0,0,0,0
LDOS,2025-08-20,"LEIDOS, INC.",2,1830689.31,1830689.31,52103294.05,25383516.11333333,31536837.855,83,6,1.894008121055018,7.9493257713063805,30.01077079139209,,0,2025-08-20,11.004163559915623,53,3.4173576834147124,0,1.086627970766173,0,22693432397.15576,10.355900188190192,0.9551867790366838,1.086627970766173,0,0,-0.1314411917294892,1,1,0,0
LDOS,2025-08-25,"LEIDOS, INC.",1,20000.0,20000.0,88683076.25,29856533.202,34411042.685,132,10,1.8066914598976924,14.250614873462176,26.10071609931497,,0,2025-08-25,10.117894213845148,50,1.474426934139994,0,1.0362738053688494,0,23074321946.533203,10.363128947868884,0.9053312281388125,1.0362738053688494,0,0,-0.13094257723003688,1,1,0,0
LDOS,2025-09-05,"LEIDOS, INC.",2,4138676.4,4150366.44,129460512.85999998,41043151.98611111,35662964.68,259,18,0.9168223646496004,15.63893969994612,17.705313689833968,,0,2025-09-05,11.723505603668594,42,7.078463764585452,0,0.8057777449578153,0,22673119749.572754,10.355511281785352,0.8913744984869798,0.8057777449578153,0,0,0.08559675352916452,1,1,0,0
LDOS,2025-09-12,"LEIDOS, INC.",3,15563285.03,15563285.03,129460512.85999998,41450207.81304348,39622594.15,327,22,0.87354384619366,12.727351805905052,20.84188087072596,,0,2025-09-12,8.7703019977196,37,5.684844496014652,0,0.9388393898976576,0,23504726510.879517,10.371155202322532,0.9089350974580339,0.9388393898976576,0,0,-0.02990429243962367,1,0,0,0
LDOS,2025-09-14,"LEIDOS, INC.",1,535011.34,535011.34,129460512.85999998,40655830.4664,39622594.15,322,22,0.87354384619366,12.727351805905052,20.84188087072596,,0,2025-09-15,9.204842941855794,36,4.889385545605585,0,0.8996309056496875,0,23343484103.57666,10.368165676646461,0.9059484873955664,0.8996309056496875,0,0,0.006317581745878931,1,0,0,0
LDOS,2025-09-20,"LEIDOS, INC.",1,89054.73,89054.73,155520686.60000002,41897757.25612902,39622594.15,359,24,0.946502868346434,12.395360830968391,20.378333874673697,2.3001692630088777,0,2025-09-22,6.21707225750785,31,0.4458911385861741,0,0.9616444175782622,0,23851232808.562622,10.377510831515293,0.9040820337650399,0.9616444175782622,0,0,-0.05756238381322232,0,0,0,0
LDOS,2025-09-25,LEIDOS BIOMEDICAL RESEARCH INC,2,472605.0,472605.0,232025408.9100001,45375836.24638888,40192114.56999999,411,25,1.1314225522084949,6.720068575186676,8.056908710543986,2.900130520624808,0,2025-09-25,9.426409172593589,28,3.568790233448915,0,0.8343551307740019,0,23844870407.302246,10.377394966461793,0.8857630997988863,0.8343551307740019,0,0,0.051407969024884426,1,0,0,0
LDOS,2025-10-03,"LEIDOS, INC.",1,-1465.45,1465.45,692696416.59,63218891.787441865,40761634.99,452,27,1.1498483928961565,13.019554661734237,12.467545195947814,2.729627266861274,0,2025-10-03,2.029869851575849,22,-12.143646276715414,0,1.227990232857781,0,24543420954.791077,10.389935096216675,0.9562033206366617,1.227990232857781,0,0,-0.2717869122211193,0,0,0,0
LDOS,2025-10-17,"LEIDOS, INC.",1,156953.98,156953.98,692696416.59,56594502.97083333,31124995.84,291,20,1.3886897557696272,8.255037805210618,5.9068984167399705,4.610517493714618,0,2025-10-17,8.151335341264998,12,-4.884410511955862,0,0.9082242650478742,0,23464422303.874878,10.370409866312084,0.9444876311434889,0.9082242650478742,0,0,0.036263366095614646,1,0,0,0
LDOS,2025-10-27,"LEIDOS, INC.",1,-517736.11,517736.11,692696416.59,51368098.89698111,29199491.220000003,92,15,1.5973656632883044,8.524275944123595,-0.5312565240650287,3.5632238297283103,0,2025-10-27,5.520605710176918,6,-4.844882484314472,0,0.9195736493630012,0,24170605775.214233,10.383287535038846,0.9023825824348498,0.9195736493630012,0,0,-0.01719106692815142,0,0,0,0
LDOS,2025-10-29,"LEIDOS, INC.",1,24839.0,24839.0,692696416.59,49554941.84109089,28968764.41,88,15,1.5187769722622966,-0.7277717373299843,-0.1329322092171985,3.4709437908025444,0,2025-10-29,6.053365105227226,4,-7.651036082146733,0,0.99791217679652,0,23897040139.975403,10.378344113061951,0.9407379944687191,0.99791217679652,0,0,-0.057174182327800915,0,0,0,0
LDOS,2025-11-13,"LEIDOS, INC.",1,856134.69,856134.69,692696416.59,43840104.12349207,19140554.32,66,17,1.6420689501587509,0.8167837907045561,9.362811780735017,2.93320752907342,0,2025-11-13,3.904723947585009,38,-17.243607713863362,0,0.9751472534405036,0,24475318541.350952,10.388728352767341,0.9824893496229948,0.9751472534405036,0,0,0.0073420961824912645,0,0,0,0
LDOS,2025-11-18,"LEIDOS, INC.",1,-7800.0,7800.0,692696416.59,41910659.56030303,16398849.29,70,17,1.473565370350799,1.3309316567179377,16.324936684254077,2.995547470360293,0,2025-11-18,5.119000460727774,35,-17.370974865969547,0,1.1112310369506428,0,24021733603.604004,10.380604346418714,0.9835996182536372,1.1112310369506428,0,0,-0.12763141869700567,0,0,0,0
LDOS,2025-11-19,"LEIDOS, INC.",2,13210624.59,13340624.59,692696416.59,41324318.95999999,15351141.77,75,18,1.3674782970263877,0.9791375039420958,14.926391326175771,2.995547470360293,1,2025-11-19,5.080102241603823,34,-17.14131122441469,0,0.8804537961136216,0,24062451014.32585,10.381339862728748,0.8579377908824869,0.8804537961136216,0,0,-0.022516005231134728,0,0,0,0
LDOS,2026-01-02,"LEIDOS, INC.",1,1359966.0,1359966.0,692696416.59,39309844.03680851,16398849.29,197,18,1.3936077579081962,-9.057929861729908,2.629534178556004,1.3362038654751909,37,2026-01-02,8.104864711005334,5,-32.153560432442184,0,0.6804462076387662,0,23006329592.44821,10.361847337273819,0.7249369226082842,0.6804462076387662,0,0,0.044490714969518064,1,0,0,0
LDOS,2026-01-05,"LEIDOS, INC.",1,100000.0,100000.0,692696416.59,38910371.636421055,15351141.77,165,16,1.991819154534531,-3.630631910462423,11.389873552474716,1.2854577933322116,40,2026-01-05,1.457868504044213,4,-35.61753462633026,0,0.6658688047528981,0,23397844361.796402,10.369175847799006,0.4535764573070235,0.6658688047528981,0,0,-0.2122923474458746,0,0,0,0
LDOS,2026-01-06,"LEIDOS, INC.",1,-45742.53,45742.53,692696416.59,38508465.47260416,15151211.78,168,17,1.8684743105246788,-1.3722581735003958,11.723346438456542,1.224511555204741,41,2026-01-06,0.4253102833606359,3,-37.21687661050711,0,0.6815981628556955,0,24930750434.20938,10.396735351288815,0.4285341870938891,0.6815981628556955,0,0,-0.25306397576180645,0,0,0,0
LDOS,2026-01-23,"LEIDOS, INC.",1,2492676.0,2492676.0,692696416.59,35668378.93183486,14900933.59,141,18,1.9315846190434725,0.4712645850156294,9.160269569098524,1.661609898480089,48,2026-01-23,1.8250367169905024,12,-34.81236285313011,0,0.4360491721987798,0,24670588908.151917,10.392179516595862,0.42868344071590275,0.4360491721987798,0,0,-0.007365731482877058,0,0,0,0
LDOS,2026-02-04,"LEIDOS, INC.",1,1704043.68,1704043.68,692696416.59,36063014.92350428,15309165.41,245,22,1.1129759148547893,-5.696781510806492,-2.985975151858966,1.725458870661542,55,2026-02-04,3.332625159074465,4,-38.81874985846019,0,0.7335106968107259,0,24203831402.081085,10.383884119082698,0.8344576576258049,0.7335106968107259,0,0,0.10094696081507903,0,0,0,0
LDOS,2026-02-09,"LEIDOS, INC.",1,185000.0,185000.0,692696416.59,35668054.018083334,15330153.59,231,20,1.399464132012003,-3.5316997626895663,1.2356420822431602,1.6850859393699869,58,2026-02-09,0.0719487970705534,1,-44.61665215462586,0,0.6951315412683575,0,24611925610.41208,10.391145593762149,0.6872346025501149,0.6951315412683575,0,0,-0.007896938718242597,0,0,0,0
LDOS,2026-02-11,"LEIDOS, INC.",1,53000.0,53000.0,692696416.59,35158717.73204918,15130223.6,248,22,2.8386708916697425,-12.638535228767134,-12.607213992318266,1.5492360022845617,59,2026-02-11,4.421955588161652,13,-38.295472231376415,0,0.7771309901182475,0,24832552153.56038,10.395021356254096,0.7239046650205784,0.7771309901182475,0,0,-0.053226325097669114,0,0,0,0
LDOS,2026-02-12,"LEIDOS, INC.",1,128637.0,128637.0,692696416.59,34886090.70414635,14951281.79,247,22,2.7993123495316894,-11.919278140902778,-12.37292854977784,1.522048734337466,60,2026-02-12,5.372128893200312,12,-38.78438384370556,0,0.7116997798366876,0,22062611246.267303,10.34365691257975,0.7042315370353422,0.7116997798366876,0,0,-0.007468242801345393,0,0,0,0
LDOS,2026-02-17,"LEIDOS, INC.",2,305948.88,305948.88,692696416.59,34393012.879200004,14900933.59,219,20,3.3600576962164403,-18.14533526598797,-17.554973912765927,1.339416884703187,63,2026-02-17,11.836806181848392,10,-36.62313433899621,0,0.8458871100281768,0,22483457664.485413,10.35186310089763,0.9037212348077294,0.8458871100281768,0,0,0.05783412477955252,1,1,0,0
LDOS,2026-02-25,"LEIDOS, INC.",2,997505.0,997505.0,692696416.59,33837945.72893129,14951281.79,232,21,3.802307286955856,-12.83375459250968,-12.267390863894532,0.6670624850061598,67,2026-02-25,6.333507420070705,4,-35.709194129000075,0,0.8349524324645294,0,22130186101.894684,10.344985066104668,0.9114725820089283,0.8349524324645294,0,0,0.0765201495443989,0,0,0,0
LDOS,2026-03-02,"LEIDOS, INC.",2,2698807.0,2698807.0,692696416.59,33526639.102014925,15330153.59,187,19,3.9440502013769594,-4.891473824531223,-5.391048689189115,0.3924615861581719,70,2026-03-02,0.6967691832073353,1,-39.98644367656938,0,0.8300062928148518,0,22253464428.034058,10.347397631714934,0.8727288255086306,0.8300062928148518,0,0,0.04272253269377879,0,0,0,0
LDOS,2026-03-10,"LEIDOS, INC.",1,40000.0,40000.0,692696416.59,33268344.43885714,15330153.59,203,20,3.951096419032746,-6.962217279323047,-8.492279098675048,0.051244757430898,75,2026-03-10,0.7825621685507489,3,-37.58952361180952,0,0.926524700704318,0,22817743214.169525,10.358272688368777,0.8860579523681542,0.926524700704318,0,0,-0.040466748336163816,0,0,0,0
LDOS,2026-03-12,LEIDOS BIOMEDICAL RESEARCH INC,1,70457.0,70457.0,692696416.59,33365738.08725352,15411408.88,219,21,3.0597506823303333,-6.168589587872409,-8.0676346805012,-0.0435940471569847,77,2026-03-12,0.0287653661106057,1,-35.09283697341363,0,0.6729561873677138,0,22033596294.533386,10.343085387908943,0.5753311675843836,0.6729561873677138,0,0,-0.09762501978333016,0,0,0,0
LDOS,2026-03-16,"LEIDOS, INC.",1,802186.0,802186.0,692696416.59,33299904.26847222,15726624.659999998,214,19,3.0798248242598336,-6.689148206175732,-11.070139100500043,-0.1942094584444041,79,2026-03-16,0.913704376850366,1,-29.066529497159443,0,0.6061684253205016,0,22095871455.93068,10.344311134707475,0.5851398938111856,0.6061684253205016,0,0,-0.02102853150931605,0,0,0,0
LDOS,2026-03-17,"LEIDOS, INC.",2,14081944.21,14081944.21,692696416.59,33694879.281931035,15981573.329999998,222,20,2.4088947849170426,-6.799552018203537,-10.701692275144548,-0.282490269618599,80,2026-03-17,0.0,0,-32.07834917281753,0,0.6065406641538158,0,21333988379.59099,10.329072054198956,0.5121155358415785,0.6065406641538158,0,0,-0.09442512831223726,0,0,0,0
LDOS,2026-03-25,"LEIDOS, INC.",1,1722466.66,1722466.66,692696416.59,33883962.815165564,16939408.61,262,22,1.8342684981995323,-9.712760502142714,-15.51549443257556,-0.2759255350206934,86,2026-03-25,1.10775080527028,9,-14.56584798205115,0,0.6279927919147084,0,20024440373.805313,10.301560387629463,0.6808938471320937,0.6279927919147084,0,0,0.05290105521738531,0,0,0,0
LDOS,2026-03-27,"LEIDOS, INC.",2,44888521.35,44888521.35,692696416.59,34060070.91660131,16939408.61,273,22,1.609458889632551,-7.51196524502633,-15.390821979760693,-0.3474762521202119,88,2026-03-27,3.285538079594086,7,-10.247952729051358,0,0.8021006228120471,0,19846853019.8703,10.297691653443986,0.711321500768498,0.8021006228120471,0,0,-0.0907791220435491,0,0,0,0
LDOS,2026-04-01,"LEIDOS, INC.",1,2817882.16,2817882.16,692696416.59,33817287.52808917,16939408.61,257,23,1.4280719391959515,-15.53490263585624,-18.823585507746845,-0.4909635377646458,91,2026-04-01,2.967762376424199,4,-8.266290626820105,0,0.7866778042528175,0,19587400482.022934,10.29197680295626,0.9146369434562321,0.7866778042528175,0,0,0.12795913920341462,0,0,0,0
MRCY,2025-08-27,MERCURY SYSTEMS INC,1,1074598.0,1074598.0,,,,0,0,6.219074519297517,25.866203252299645,41.96644267786274,,0,2025-08-27,23.66065374496007,90,23.66065374496007,1,3.577697997594421,1,4052697911.430359,9.607744232587393,3.8269501971908957,3.577697997594421,1,1,0.2492521995964747,1,1,1,1
NOC,2025-08-28,NORTHROP GRUMMAN SYSTEMS CORPORATION,4,33749189.410000004,33749189.41,71518767.46,27487638.13,35708900.415,123,12,0.733830301082658,11.232457705809365,8.06795463477077,,0,2025-08-28,8.939840473986882,28,-1.067236050436815,0,0.9161508619584472,0,82696043658.3418,10.917484732545878,0.927776866740462,0.9161508619584472,0,0,0.01162600478201481,1,0,0,0
NOC,2025-08-29,NORTHROP GRUMMAN SYSTEMS CORPORATION,1,6570677.0,6570677.0,154826277.51000002,36662801.65923077,35755264.83,135,13,0.6339048195109619,11.537554333392942,3.90626697530414,,0,2025-08-29,8.544747062089165,27,0.9280637882712162,0,0.7480354850126754,0,82877906353.43945,10.918438771471706,0.7686646642852576,0.7480354850126754,0,0,0.020629179272582232,1,0,0,0
NOC,2025-09-04,NORTHROP GRUMMAN SYSTEMS CORPORATION,1,13943724.69,13943724.69,154826277.51000002,37407617.213750005,35708900.415,175,16,0.7019058823091235,9.890241185257077,0.7875303007470293,,0,2025-09-04,10.03691799204125,24,8.326763531218395,0,0.780398866806172,0,82228522822.22266,10.915022488533273,0.7546634078118969,0.780398866806172,0,0,-0.025735458994275096,1,1,0,0
NOC,2025-09-08,NORTHROP GRUMMAN SYSTEMS CORPORATION,3,1700654.2999999998,3290446.38,154826277.51000002,34627418.70944445,35708900.415,205,18,0.6585062228450428,11.384988830315288,4.585388481783049,,0,2025-09-08,12.951243339310547,90,12.951243339310547,0,0.7537707928133169,0,82198800812.32227,10.91486548172022,0.7965334115086268,0.7537707928133169,0,0,0.04276261869530984,1,1,0,0
NOC,2025-09-16,NORTHROP GRUMMAN SYSTEMS CORP,4,58604843.56,58742191.02,154826277.51000002,31580367.9144,35755264.83,261,21,0.9101371971748364,5.806249258192777,0.3271705294423555,0.2322888925392563,0,2025-09-16,16.624822540831595,89,14.548635536171828,0,0.8623438533761199,0,81312838471.92773,10.910159121698861,0.7802301020299299,0.8623438533761199,0,0,-0.08211375134618992,1,1,1,0
NOC,2025-09-22,NORTHROP GRUMMAN SYSTEMS CORPORATION,1,635265.82,635265.82,154826277.51000002,35479664.98413793,35856540.96,290,20,0.8523468270407455,7.882510969062739,-6.382045499029699,-0.3877281729283854,0,2025-09-22,21.178212385524088,89,20.63972857921108,1,0.7662950305288715,0,81201023268.91113,10.909561502113608,0.8387342119184664,0.7662950305288715,0,0,0.07243918138959493,1,1,1,1
NOC,2025-10-01,NORTHROP GRUMMAN SYSTEMS CORPORATION,1,8345729.41,8345729.41,309678442.89000005,59327368.39648648,40351785.260000005,437,23,1.015187237661879,12.337941055186752,-3.331680030407693,-1.1418657450035294,0,2025-10-01,17.601665362839604,88,13.603172838511425,0,0.8766317582318932,0,86235131976.72705,10.935684232358934,0.9786616685446342,0.8766317582318932,0,0,0.102029910312741,1,1,1,0
NOC,2025-10-16,NORTHROP GRUMMAN SYSTEMS CORPORATION,1,1057792.0,1057792.0,309678442.89000005,49460445.921333335,35662536.0,291,20,1.4089350154731626,1.3194179484605106,7.021653055634026,1.8077940851141647,0,2025-10-16,23.519416192096298,85,19.54779794224373,1,0.6728216120208806,0,86179935216.82031,10.93540616328463,0.8047409731529784,0.6728216120208806,0,0,0.1319193611320978,1,1,1,1
NOC,2025-10-28,NORTHROP GRUMMAN SYSTEMS CORPORATION,1,-193747.12,193747.12,309678442.89000005,42162374.38288462,32609635.774999995,119,18,1.3424501016490509,-7.861524314583046,0.3576039960586854,3.021889461438548,0,2025-10-28,30.006334228952912,84,24.41349232275678,1,0.8488035802101684,0,84070238060.56128,10.924642277204741,0.7668340947021055,0.8488035802101684,0,0,-0.08196948550806293,1,1,1,1
NOC,2025-11-10,NORTHROP GRUMMAN SYSTEMS CORPORATION,1,29029.0,29029.0,309678442.89000005,36120689.98258065,22208214.315,60,19,1.1529551700796046,-9.413158762208653,3.553800859164369,2.1074485335640696,0,2025-11-10,37.41210407829178,75,21.663793883522043,1,1.173498812566612,0,80213390273.39984,10.904246872479135,0.8137713539674977,1.173498812566612,0,0,-0.35972745859911426,1,1,1,1
NOC,2025-11-12,NORTHROP GRUMMAN SYSTEMS CORPORATION,1,231442.2,231442.2,309678442.89000005,35511035.639682546,19016151.38,67,20,0.9882532287179028,-11.449757175545994,1.2807971178240294,1.5849527673961734,0,2025-11-12,38.4969992008408,73,24.64585329895552,1,1.0559814224495794,0,79949596829.24939,10.902816278022545,0.8527309805761517,1.0559814224495794,0,0,-0.20325044187342767,1,1,1,1
NOC,2025-11-14,NORTHROP GRUMMAN SYSTEMS CORPORATION,2,240000.0,240000.0,309678442.89000005,34765094.16384616,19016151.38,69,21,0.94646201079531,-12.215596232581106,4.065988332289706,1.3171868983829664,0,2025-11-14,38.63847677746956,71,22.569104543051168,1,1.112968528796335,0,78716658867.6336,10.89606665216434,0.8691247380359489,1.112968528796335,0,0,-0.24384379076038598,1,1,1,1
NOC,2025-11-28,NORTHROP GRUMMAN SYSTEMS CORPORATION,1,4089028.2,4089028.2,309678442.89000005,35423111.05243243,20490378.265,103,21,0.7577856193052598,-6.866709324044362,2.307327031268212,0.0250538671566323,8,2025-11-28,35.186135160431874,62,18.589291074917423,1,0.7816985341261167,0,80261279986.63062,10.904506081471803,0.6401153678356667,0.7816985341261167,0,0,-0.14158316629044998,1,1,1,1
NOC,2025-12-01,NORTHROP GRUMMAN SYSTEMS CORPORATION,2,-770888.7300000001,1352332.9300000002,309678442.89000005,35248853.218266666,21964605.15,97,19,1.1861225862707094,-11.090037130659226,-0.951787793066906,-0.0734938005502701,9,2025-12-01,41.24028205887602,61,25.294149545499288,1,0.7183140327487078,0,80988730634.92651,10.908424592168043,0.5838245891220873,0.7183140327487078,0,0,-0.1344894436266204,1,1,1,1
NOC,2025-12-02,NORTHROP GRUMMAN SYSTEMS CORPORATION,2,5214651.85,5214651.85,309678442.89000005,34960320.761710525,22181482.32,105,20,1.1649267629742253,-10.95283292132506,-1.1074094224170263,-0.1533749113051376,10,2025-12-02,40.863288838676645,60,24.743287516407484,1,0.7412180367362304,0,77517216239.49377,10.88939816815088,0.5773615661880084,0.7412180367362304,0,0,-0.16385647054822206,1,1,1,1
NOC,2025-12-03,NORTHROP GRUMMAN SYSTEMS CORPORATION,1,4200000.0,4200000.0,309678442.89000005,34617941.89467532,21964605.15,111,21,1.2007448860430858,-8.262790068093317,-1.7302947452628956,-0.2071355013455268,11,2025-12-03,39.24668247035474,59,23.032478624118813,1,0.7010606183310164,0,77724684744.90637,10.890558969199304,0.5167058104599825,0.7010606183310164,0,0,-0.18435480787103387,1,1,1,1
NOC,2025-12-05,NORTHROP GRUMMAN SYSTEMS CORPORATION,1,793558.0,793558.0,309678442.89000005,35596326.75455696,22398359.49,123,21,1.1827321056849738,-10.003193132800414,-3.202235122747865,-0.3286882205716831,13,2025-12-05,40.350085920036726,57,21.57143540514948,1,0.678337209909719,0,78581545402.81262,10.895320565495311,0.551401776341574,0.678337209909719,0,0,-0.12693543356814507,1,1,1,1
NOC,2025-12-11,NORTHROP GRUMMAN SYSTEMS CORPORATION,2,2702523.53,2702523.53,917068772.34,46985278.1473494,23383976.74,132,20,1.1643700205986036,-7.3988913667752065,-2.172762109753169,-0.55012666009986,16,2025-12-11,37.57585800547598,53,5.267856191791132,1,0.6750914034190831,0,78916903297.78748,10.897170035182926,0.6698540523490779,0.6750914034190831,0,0,-0.005237351070005225,1,1,1,1
NOC,2025-12-17,NORTHROP GRUMMAN SYSTEMS CORPORATION,2,91461006.36,91461006.36,917068772.34,50769191.4764368,24100572.92,163,21,1.2732732826868065,-3.0722949610890398,5.6326812325748765,-0.5966373168272181,20,2025-12-17,36.56390229481734,49,1.7819002415792262,1,0.8024555411307577,0,80815362471.05225,10.90749392515862,0.5576162251898851,0.8024555411307577,0,0,-0.2448393159408726,1,1,1,1
NOC,2025-12-23,NORTHROP GRUMMAN SYSTEMS CORPORATION,1,2897904.0,2897904.0,917068772.34,56373473.98626374,25503912.41,216,20,1.4861316276423795,-5.914034456035977,5.3211781908386815,-0.4512794737466541,25,2025-12-23,32.82760722153053,45,-3.3912007303762537,1,0.5810789940589166,0,83080448381.4303,10.919498831737105,0.5533025743941866,0.5810789940589166,0,0,-0.02777641966472999,1,1,1,1
NOC,2026-01-07,NORTHROP GRUMMAN SYSTEMS CORPORATION,1,3620000.0,3620000.0,917068772.34,53162840.51787879,23383976.74,171,19,2.020379048613136,-12.990345070596533,0.6047943351548337,-0.0305581369790245,37,2026-01-07,33.529711078079494,36,-4.375748353967667,1,0.6677076844884524,0,86767951998.06238,10.938359346830197,0.6734915965849074,0.6677076844884524,0,0,0.005783912096455013,1,1,1,1
NOC,2026-01-08,NORTHROP GRUMMAN SYSTEMS CORP,2,10057073.0,10057073.0,917068772.34,52683929.6991,22891168.115,170,19,2.067655342077537,-8.451444520240813,4.235911488489474,0.103323949686753,38,2026-01-08,30.41519224685496,35,-5.529557048947254,1,0.6433507331259511,0,81993388570.15112,10.91377883502689,0.5738709065852885,0.6433507331259511,0,0,-0.06947982654066265,1,1,1,1
NOC,2026-01-12,NORTHROP GRUMMAN SYSTEMS CORPORATION,3,1085712.0,1085712.0,917068772.34,51921783.98607843,22181482.32,145,17,2.3000094485572267,-1.0500547258010418,1.339150488168439,0.2916927864859279,39,2026-01-12,22.43053115830673,33,-12.072306523369647,1,0.477116748911559,0,87934608403.58325,10.944159833897341,0.5217287257781847,0.477116748911559,0,0,0.04461197686662577,1,1,1,1
NOC,2026-01-22,NORTHROP GRUMMAN SYSTEMS CORPORATION,1,1744739.0,1744739.0,917068772.34,49413949.27073394,18399051.63,95,18,2.380361585254465,9.126499352203757,7.575596135388562,1.4462655255080383,45,2026-01-22,14.921522760156217,26,-19.354780712017792,0,0.5781426850698443,0,94377431851.38635,10.974868155376644,0.5728935626104595,0.5781426850698443,0,0,-0.005249122459384803,1,1,0,0
NOC,2026-02-03,NORTHROP GRUMMAN SYSTEMS CORPORATION,1,330397.2,330397.2,917068772.34,50841033.05205129,19016151.38,163,20,2.3103306958531213,22.008819659108102,14.448360900518797,2.421385700761966,52,2026-02-03,9.291031674338402,18,-21.34209306149795,0,0.5897423046801604,0,96484128565.13635,10.984455878696313,0.6658658958019702,0.5897423046801604,0,0,0.07612359112180977,1,0,0,0
NOC,2026-02-05,NORTHROP GRUMMAN SYSTEMS CORPORATION,1,841124.0,841124.0,917068772.34,50034483.205798335,18579270.71,165,21,1.908278234486742,21.698631443694328,14.607288350698845,2.6191253880705214,54,2026-02-05,10.62165899349945,16,-20.257117326170537,0,0.5281178216895117,0,97696903363.85547,10.989880798383018,0.5909046277652286,0.5281178216895117,0,0,0.06278680607571685,1,1,0,0
NOC,2026-02-19,NORTHROP GRUMMAN SYSTEMS CORPORATION,2,905694.97,905695.03,917068772.34,48666550.18929687,17783458.525,151,21,1.7078093697701149,25.199413336937248,20.159289145921043,3.581995461880748,64,2026-02-19,4.561159684656535,7,-30.35543160255197,0,0.6033470250096676,0,102665676712.07336,11.011425274113021,0.6642704494825991,0.6033470250096676,0,0,0.06092342447293142,0,0,0,0
NOC,2026-02-26,NORTHROP GRUMMAN SYSTEMS CORPORATION,1,100000.0,100000.0,917068772.34,48649804.457014926,17240391.57,155,22,1.8116917373053296,23.96907582523677,16.71203222733999,3.763339965139873,69,2026-02-26,8.034891674516832,2,-22.98366692686352,0,0.6629836379449396,0,99984927992.65717,10.999934538170468,0.6428378601401966,0.6629836379449396,0,0,-0.020145777804743026,1,0,0,0
NOC,2026-03-05,NORTHROP GRUMMAN SYSTEMS CORPORATION,2,1105190.0,1105190.0,917068772.34,49233262.63402878,18041186.52,126,22,2.1744163281347597,35.576611119723125,23.669982897066564,3.865723328546232,74,2026-03-05,2.178350844439936,1,-28.71291295410994,0,0.9019810760942938,0,107116662981.27838,11.029857034584694,0.9694912104231265,0.9019810760942938,0,0,0.06751013432883268,0,0,0,0
NOC,2026-03-12,NORTHROP GRUMMAN SYSTEMS CORPORATION,2,-4682082.52,4882082.52,917068772.34,49632880.95625,18170593.26,144,22,2.140213045482501,31.657935783610903,28.113348415363397,4.09033830789815,78,2026-03-12,0.0,0,-28.345527205042043,0,0.8087779924492975,0,104180979845.3081,11.017788437752172,0.8641483521135843,0.8087779924492975,0,0,0.05537035966428683,0,0,0,0
NOC,2026-03-18,NORTHROP GRUMMAN SYSTEMS CORPORATION,2,3758392.48,3758392.48,917068772.34,49905362.456824325,18349525.815,165,22,1.992831962723316,31.896055142819343,24.189008482298437,4.180576026559148,82,2026-03-18,0.0,0,-23.8953221319716,0,0.7710309076805936,0,102880819547.44727,11.012334415178866,0.8580549829182131,0.7710309076805936,0,0,0.08702407523761957,0,0,0,0
NOC,2026-03-19,NORTHROP GRUMMAN SYSTEMS CORPORATION,2,26242759.41,26242759.41,917068772.34,49798246.22369128,18399051.63,173,23,1.981462509126756,29.08595073637428,22.24041318116905,4.1943214946586425,83,2026-03-19,0.0,0,-24.749027049805218,0,0.817779445336865,0,102995917218.66742,11.012820009515398,0.7996805867050737,0.817779445336865,0,0,-0.01809885863179128,0,0,0,0
NOC,2026-03-20,NORTHROP GRUMMAN SYSTEMS CORPORATION,1,3185000.0,3185000.0,917068772.34,49782778.097,18489161.17,181,23,1.953600748076011,26.33981137661139,21.21944838492892,4.201414600581159,84,2026-03-20,0.0,0,-24.011042398422124,0,0.667667442907093,0,101476920646.19879,11.006367279926767,0.7474021127840812,0.667667442907093,0,0,0.07973466987698818,0,0,0,0
NOC,2026-04-01,NORTHROP GRUMMAN SYSTEMS CORPORATION,1,64740.68,64740.68,1712567795.2,65284607.40829114,21744830.59,194,22,1.5202809819874223,18.843373002713527,12.1509332922868,3.791031364934061,92,2026-04-01,0.789094927459244,1,-17.041071248894426,0,0.6991733042530139,0,96942675197.28271,10.986515000195768,0.6633826615156803,0.6991733042530139,0,0,-0.03579064273733368,0,0,0,0
PLTR,2025-08-29,PALANTIR USG INC,1,8250000.0,8250000.0,8065829.05,3563310.986666667,2212535.665,9,6,3.4819262004588687,11.974310640779718,89.41586014344192,,0,2025-08-29,32.20597524066597,45,12.85814117363655,1,2.57694770254896,1,371793874378.6875,11.570302230122675,1.9318762778912342,2.57694770254896,1,1,-0.6450714246577258,1,1,1,1
PLTR,2025-09-11,PALANTIR USG INC,1,1579358.25,1579358.25,16478801.48,5991514.96,5839606.37,13,10,2.7820714896554044,6.789197513944911,71.08793843945668,,0,2025-09-11,26.05256261037812,37,0.5901686645783721,1,2.250345815169115,1,395563979295.97266,11.597216737158616,1.571163865310985,2.250345815169115,1,0,-0.6791819498581302,1,1,1,1
PLTR,2025-09-15,PALANTIR USG INC,1,1503925.19,1503925.19,16478801.48,5590409.804545455,3790247.2,13,10,2.9302570520173896,11.377104217281154,61.49584266817682,,0,2025-09-15,21.0092778175218,35,-0.9403659524657716,1,1.9863789006592716,0,406690223338.7031,11.609263732274055,1.6601105856310936,1.9863789006592716,0,0,-0.326268315028178,1,1,1,1
PLTR,2025-09-25,PALANTIR TECHNOLOGIES INC.,1,29898236.0,29898236.0,54650960.86000001,11290788.375,8157914.525,29,14,2.203220236167105,30.23135332629108,90.94455867592572,-0.2524144441515424,0,2025-09-25,15.66547472281683,27,-22.096919891695983,0,2.440300173783024,1,425977799322.9084,11.629386965575025,1.7472676893165504,2.440300173783024,1,0,-0.6930324844664737,1,1,1,0
PLTR,2025-09-29,PALANTIR USG INC,1,9497000.0,9497000.0,54650960.86000001,12246927.845,8157914.525,29,13,2.20175128543299,26.694669585108887,97.44083113226156,3.8477199581463584,0,2025-09-29,15.833608391361407,25,-24.018789314138512,0,2.240457768513929,1,422291658991.1371,11.62561250342373,1.4359484083512437,2.240457768513929,1,0,-0.8045093601626854,1,1,1,0
PLTR,2025-12-16,PALANTIR USG INC,1,17170701.0,17170701.0,226999481.7,17028519.384594597,6486000.0,12,9,2.3590866964149777,2.891222493678613,18.8983383938868,3.807976879871628,9,2025-12-16,3.419439770410282,6,-24.804264886401462,0,1.084752805257895,0,436764708938.5,11.640247539649838,1.1199923119110213,1.084752805257895,0,0,0.03523950665312636,0,0,0,0
PLTR,2025-12-19,PALANTIR USG INC,1,19968295.0,19968295.0,226999481.7,16405262.36025,5843000.0,17,12,2.464813469179944,4.230262884269265,37.15757262990604,3.807976879871628,11,2025-12-19,0.408518598710117,3,-25.49901557220221,0,1.2238578196481296,0,442580299422.1564,11.645992078270254,1.0239627680861174,1.2238578196481296,0,0,-0.19989505156201215,0,0,0,0
PLTR,2026-01-16,PALANTIR USG INC,1,6535.16,6535.16,226999481.7,16745215.673333332,6486000.0,12,7,2.6796625197205923,-9.151257784195645,-0.9291281818829996,4.61317441309252,22,2026-01-16,0.0,0,-16.15583135897023,0,1.120507282140444,0,422035089826.4691,11.62534856158835,1.1934703174105912,1.120507282140444,0,0,0.07296303527014714,0,0,0,0
PLTR,2026-03-30,PALANTIR USG INC,1,76113285.73,76113285.73,226999481.7,17136530.2668,6710729.29,23,16,2.980493571861316,-15.544220297788424,-18.016833019590763,0.7841985877562175,41,2026-03-30,25.05270133808095,90,25.05270133808095,1,1.2115865302952162,0,342153121376.608,11.534220506309396,1.1261194058522686,1.2115865302952162,0,0,-0.08546712444294768,1,1,1,1
PSN,2025-08-12,PARSONS GOVERNMENT SERVICES INC.,2,2431020.19,2431020.19,,,,0,0,1.421811484265363,8.063337602446488,17.459276644640862,,0,2025-08-12,11.598548345863202,40,-24.32196272915479,0,2.715849603823961,1,8377988974.090576,9.923139784469367,2.997230712715915,2.715849603823961,1,1,0.2813811088919538,1,1,0,0
PSN,2025-08-13,PARSONS GOVERNMENT SERVICES INC.,1,-1802316.63,1802316.63,2583178.19,2583178.19,2583178.19,3,1,1.4646632485974524,9.771516736480091,25.837707270541287,,0,2025-08-13,9.089801563965327,39,-25.00916040026312,0,2.2214908063566265,1,8544588168.136597,9.931691135445762,2.2235478910922497,2.2214908063566265,1,1,0.0020570847356231603,1,0,0,0
PSN,2025-08-19,PARSONS GOVERNMENT SERVICES INC.,1,400000.0,400000.0,22866272.63,6176114.98,2583178.19,14,5,1.4460094929829688,5.777901406742748,24.88439878676289,,0,2025-08-19,13.513852985667295,35,-20.467838214166967,0,1.3693842599902302,0,8480511931.091309,9.928422069489901,1.4995690884001722,1.3693842599902302,0,0,0.13018482840994205,1,1,0,0
PSN,2025-09-10,PARSONS GOVERNMENT SERVICES INC.,1,-273979.24,273979.24,22866272.63,4108095.838333333,1445364.26,44,18,1.870571679149516,-2.3727074404561237,7.170710336403598,,0,2025-09-10,19.43552483160684,20,-4.708405794380067,0,1.4179609582322408,0,7956153000.0,9.900703126189052,1.514028426063794,1.4179609582322408,0,0,0.09606746783155318,1,1,1,0
PSN,2025-09-23,PARSONS GOVERNMENT SERVICES INC.,1,216795.0,216795.0,27909513.96,5234193.762222223,2903091.02,55,19,2.9007050187409003,5.3929932121565365,15.632750272183586,-3.545804677074664,0,2025-09-23,11.43142889814419,11,-14.71359206245878,0,1.5942055752605973,0,8685542796.095352,9.938796964519776,1.55497911662995,1.5942055752605973,0,0,-0.03922645863064722,1,1,0,0
PSN,2025-09-25,PARSONS GOVERNMENT SERVICES INTERNATIONAL INC.,1,2321492.0,2321492.0,38125571.36,6304724.34275862,3084614.55,61,20,2.9154333292796037,2.686859227005666,7.170788839287724,-1.578111799285609,0,2025-09-25,12.032627772260753,9,-14.040144592826763,0,1.3276426631037,0,8615058473.904648,9.935258229527278,1.3470218078131082,1.3276426631037,0,0,0.01937914470940827,1,1,0,0
PSN,2025-12-22,PARSONS GOVERNMENT SERVICES INC.,1,1200000.0,1200000.0,108790458.0,10895636.454482757,3166608.4800000004,28,15,5.181080543171075,-27.46288013796122,-26.893603133254995,3.1105710913904496,21,2025-12-22,16.985693258815537,21,-19.54318492685868,0,1.404190129621326,0,6555005706.368122,9.816573074095228,1.489463782212617,1.404190129621326,0,0,0.08527365259129116,1,1,1,0
PSN,2026-01-28,PARSONS GOVERNMENT SERVICES INC.,1,150000.0,150000.0,108790458.0,9850246.478767123,3084614.55,31,13,2.1898127819090307,-16.16664500106758,-16.074806403704876,1.1584382210903452,36,2026-01-28,0.0,0,-19.35573480773255,0,0.8573858854622074,0,7626148148.440704,9.882305237788602,1.1553692371199955,0.8573858854622074,0,0,0.2979833516577881,0,0,0,0
PSN,2026-02-19,PARSONS GOVERNMENT SERVICES INC.,1,1427848.97,1427848.97,108790458.0,10045883.44845238,2918040.555,39,16,3.856889498154048,-24.80382557650985,-24.39679976983411,1.6730608164328813,38,2026-02-19,2.9273476357382533,7,-20.53693440444956,0,0.970884426565493,0,6804903296.563568,9.832821957890973,1.113454370340365,0.970884426565493,0,0,0.14256994377487198,0,0,0,0
PSN,2026-02-26,PARSONS GOVERNMENT SERVICES INC.,1,2241368.28,2241368.28,108790458.0,9739893.799772726,2963138.475,40,16,3.84208825159553,-22.856282313344774,-17.069624782966496,1.0976971925304055,41,2026-02-26,2.337510343577032,2,-14.598095078988573,0,0.9371502240830092,0,6940925872.4377365,9.841417406257545,1.0671332010371075,0.9371502240830092,0,0,0.12998297695409833,0,0,0,0
PSN,2026-03-26,PARSONS GOVERNMENT SERVICES INTERNATIONAL INC.,1,-295800.0,295800.0,108790458.0,9114962.244,2932990.09,50,19,3.062505785615948,-8.53495314372198,-35.60009739307539,-1.12480704538492,56,2026-03-26,15.684446130063543,82,-13.968664701549738,0,0.9198176031558366,0,5761498960.968658,9.7605354879,1.0077341128824666,0.9198176031558366,0,0,0.08791650972663001,1,1,1,0
PSN,2026-03-30,PARSONS GOVERNMENT SERVICES INC.,1,110000.0,110000.0,108790458.0,9470739.564485982,2993286.86,44,17,2.931679751200434,-8.445988050624841,-35.525668077682695,-1.3865886560705798,58,2026-03-30,18.80865709063899,80,-7.527294338422175,0,0.9527408037224114,0,5619173475.344757,9.749672439858207,1.0616734359864308,0.9527408037224114,0,0,0.10893263226401939,1,1,1,0
RKLB,2025-09-18,ROCKET LAB USA INC,1,5740000.0,5740000.0,615000.0,615000.0,615000.0,0,0,5.669652458493597,31.86084070489225,139.0051668050313,,0,2025-09-18,104.11191697511164,83,87.72784892311209,1,4.382342344184892,1,23268829659.358444,10.36677454034455,3.3090854684967352,4.382342344184892,1,1,-1.0732568756881564,1,1,1,1
SATL,2025-09-26,SATELLITE SERVICES INC,1,787848.0,787848.0,8753782.24,2564225.234,1108956.85,11,8,3.7722733495866008,-12.189458879387027,-32.471916315135886,3.401151163038552,0,2025-09-26,63.93442529752578,83,1.0432216283668971,1,1.6514137185873767,0,391658468.41184235,8.592907521264872,2.0303066756457286,1.6514137185873767,0,1,0.3788929570583519,1,1,1,1
SATL,2025-10-02,IRIDIUM SATELLITE LLC,1,3183413.15,3183413.15,8753782.24,2369467.7783333333,1108956.85,12,9,3.779064912837552,-5.49889633460936,-35.44724081239479,-0.1727120686849141,0,2025-10-02,56.695157120900696,79,-8.262107197748236,1,1.7632468164338158,0,350486824.299963,8.544671696364375,2.1439046240831656,1.7632468164338158,0,1,0.38065780764934987,1,1,1,1
SATL,2025-11-18,CONNECTA SATELLITE SOLUTIONS LLC,1,-33836.78,33836.78,8753782.24,2223526.3446666664,1272673.96,2,2,4.5648448367657055,-65.35270515179694,-76.1466261079038,-13.177144161969888,0,2025-11-18,372.0588241739256,87,300.0,1,2.8550897955957857,1,188299343.5121268,8.274848805892619,3.457513082753993,2.8550897955957857,1,1,0.6024232871582074,1,1,1,1
SPIR,2025-08-15,"CORESPHERE, LLC",1,1405055.04,1405055.04,,,,0,0,5.188661511440023,-30.723854764967463,-26.607204949563943,,0,2025-08-15,54.22613304312043,37,-5.378702410367431,1,3.1177668207874265,1,319468467.7016258,8.504427998710401,3.7232429780027347,3.1177668207874265,1,1,0.6054761572153082,1,1,1,1
SPIR,2025-09-24,"ANASPHERE, INC",1,3458993.0,3458993.0,1405055.04,467425.445,375204.19,3,3,3.3496415324965256,-9.145456091941572,26.417357234659494,8.013178083663108,0,2025-09-24,20.29109438044159,10,-1.9691822765511733,1,2.367330644938374,1,372919908.0,8.571615568407603,2.5494514863154913,2.367330644938374,1,1,0.18212084137711715,1,1,1,1
TXT,2025-08-12,BELL TEXTRON INC,1,-267829.7,267829.7,,,,0,0,1.858422357836456,-5.798746958717115,2.7579907213423285,,0,2025-08-12,12.046927398418616,90,12.046927398418616,0,2.6846573740769664,1,13812631241.913574,10.140276417535471,2.8607069858962193,2.6846573740769664,1,1,0.17604961181925294,1,1,0,0
TXT,2025-09-04,TEXTRON SYSTEMS CORP,1,1334110.5,1334110.5,103000000.0,9554427.91,2119485.01,22,12,1.3783058138639304,-3.0234709456707245,-5.386566352152133,,0,2025-09-04,15.42411393332106,88,15.01815887418736,0,1.2359309460972745,0,14190083696.167969,10.151984957027361,1.4718582631200021,1.2359309460972745,0,0,0.23592731702272762,1,1,1,0
TXT,2025-09-08,TEXTRON AVIATION INC,1,779832.33,779832.33,103000000.0,9117216.03,2119485.01,26,14,1.3947323538291048,-0.4506719892662936,-4.1748780339047045,,0,2025-09-08,13.86826606388396,89,13.130671276876347,0,1.220557058557301,0,14501660995.756348,10.161417748440362,1.4446543932315248,1.220557058557301,0,0,0.22409733467422388,1,1,0,0
TXT,2025-09-29,BELL TEXTRON INC,2,22671326.51,22671326.51,182085388.54,14875921.622692307,2423797.255,39,16,1.1940802803155397,-4.211474492782696,5.281772804960006,3.747471710913763,0,2025-09-29,14.652126538689348,78,13.604654406061623,0,1.3101410788171757,0,14868510767.30587,10.172267471687366,1.4479282059398078,1.3101410788171757,0,0,0.13778712712263208,1,1,0,0
TXT,2025-10-01,BELL TEXTRON INC,1,847834.0,847834.0,182085388.54,15858531.654285714,2698859.26,54,18,1.176446582920302,-4.26613844324728,5.120890347752205,3.098937548213324,0,2025-10-01,13.064393397407969,76,12.536173133966225,0,1.1982337312401043,0,15046599136.834602,10.177438350892755,1.4194827954949518,1.1982337312401043,0,0,0.22124906425484747,1,1,0,0
TXT,2025-10-14,BELL TEXTRON INC,2,1098047.88,1098047.88,182085388.54,14303235.223636365,2520968.0,42,15,1.4774806087557464,-6.757599914853518,2.1378757767465366,4.418175044679735,0,2025-10-14,20.335722470688133,88,18.210117575599803,1,1.192134151398685,0,14556856800.42984,10.163067609757544,1.395514762541105,1.192134151398685,0,0,0.20338061114242012,1,1,1,1
TXT,2025-12-05,TEXTRON SYSTEMS CORPORATION,1,1170000.0,1170000.0,300138643.0,17537660.316037733,1879773.0,16,10,1.0037615543421556,-3.035603235145912,-6.33413845871058,0.8473740594042641,9,2025-12-05,20.75381925938988,51,9.801280249570654,1,1.378885018678753,0,14806179973.930664,10.170443024068872,1.6787741703305485,1.378885018678753,0,0,0.29988915165179564,1,1,1,1
TXT,2025-12-10,BELL TEXTRON INC,1,1496564.94,1496564.94,300138643.0,18956822.181454543,2014257.9,20,11,0.9955592263260318,-2.464438917005252,-5.443661578434078,0.9940794167394692,11,2025-12-10,18.44089681348371,48,5.170575635579011,0,1.305788544521227,0,14941528004.915543,10.174395013153411,1.5906248713277744,1.305788544521227,0,0,0.28483632680654747,1,1,1,0
TXT,2025-12-30,TEXTRON SYSTEMS CORPORATION,1,-12148.0,12148.0,587993428.5,27333124.28936508,2244928.43,24,11,1.1177814340382517,-1.2241748129770968,-6.709185279024577,2.094348422380166,22,2025-12-30,14.070641702451203,35,3.7808949446599622,0,1.402460299829868,0,15807109593.929787,10.198852464355522,1.5245727718192865,1.402460299829868,0,0,0.12211247198941844,1,1,0,0
TXT,2026-01-29,TEXTRON SYSTEMS CORPORATION,2,1588775.0,1588775.0,587993428.5,22083946.88645569,1879773.0,20,16,2.392571069799825,6.642576320494741,3.1429673713194948,3.10496731782935,37,2026-01-29,14.746067039563538,15,6.251870256783265,0,1.029021196989902,0,15459759368.35453,10.189202729827512,1.2657567452731582,1.029021196989902,0,0,0.23673554828325627,1,1,0,0
TXT,2026-02-04,BELL TEXTRON INC,1,1413862.5,1413862.5,587993428.5,22325942.278,1947015.45,23,15,2.383597491157551,10.16061108398296,4.56879069999654,3.01608170712349,40,2026-02-04,11.065793737509487,11,3.373189665238452,0,0.9950708045838556,0,15787515060.302925,10.198313777853384,1.220483686652474,0.9950708045838556,0,0,0.22541288206861843,1,1,0,0
TXT,2026-02-25,TEXTRON AVIATION DEFENSE LLC,1,1272415.0,1272415.0,587993428.5,20609744.50574713,1879773.0,19,10,2.363672831696018,14.121284992807071,13.019099313170932,3.131629234365028,48,2026-02-25,4.18046985276741,3,-5.194984286008541,0,1.1154211326537733,0,17232894258.22844,10.236358223171703,1.2711157823006425,1.1154211326537733,0,0,0.1556946496468692,0,0,0,0
TXT,2026-02-27,TEXTRON SYSTEMS CORPORATION,1,1427107.6,1427107.6,587993428.5,20407276.36034091,1947015.45,19,10,1.4524112308713182,19.19378052339433,14.579767260439992,3.1550620688658677,49,2026-02-27,2.057777877500944,1,-8.292892584491518,0,1.2500866990107151,0,17170223578.440956,10.234775950271633,1.4577721631601923,1.2500866990107151,0,0,0.2076854641494772,0,0,0,0
WWD,2025-09-15,WOODWARD HRT INC,1,1998000.0,1998000.0,5812499.8,1581111.7933333332,1096094.28,8,6,0.9386769111017674,-10.46403472994002,9.704808142189105,,0,2025-09-15,40.221377781542685,85,36.473790246446505,1,1.8607861416017115,0,14242298244.128418,10.153580075972682,1.9178587150800346,1.8607861416017115,0,1,0.05707257347832306,1,1,1,1
WWD,2025-10-14,WOODWARD HRT INC,1,27270.0,27270.0,5812499.8,1310125.036,1096094.28,4,4,1.4460521325111595,-5.030896229509851,22.524356726455988,2.565936386435585,0,2025-10-14,54.895090688890406,90,54.895090688890406,1,1.897864843205903,0,15159619148.864044,10.180688290766719,1.8739636316765633,1.897864843205903,0,0,-0.023901211529339772,1,1,1,1
WWD,2025-12-09,COUNTY OF WOODWARD,1,126406.0,126406.0,5812499.8,1236919.764,1175188.56,1,1,3.34473776543086,16.454649984954518,5.690332936486552,4.523863696782047,1,2025-12-09,40.24851351882521,85,32.25965323052702,1,2.1194809804222983,0,17867463623.782593,10.252062906597658,2.0888684108690487,2.1194809804222983,0,1,-0.030612569553249536,1,1,1,1
WWD,2026-01-12,"WOODWARD, INC.",1,-120533.0,120533.0,5812499.8,1137371.5888235294,1017000.0,2,1,1.863494737757721,24.960824317256883,18.85767326830814,5.0120313776911445,10,2026-01-12,23.78208523446093,63,9.302649384958684,1,2.388188195676812,1,19285277964.319946,10.285225902859844,2.2039855648382134,2.388188195676812,1,1,-0.18420263083859867,1,1,1,1
WWD,2026-02-27,WOODWARD HRT INC,1,1649611.09,1649611.09,7843071.0,1639174.2962962964,1017000.0,6,6,3.212867914659625,27.77898244242032,52.96615025959315,7.105003149237591,15,2026-02-27,12.946593153104423,81,4.416855447160994,0,1.8873972666305483,0,23242264996.01425,10.366278448474688,1.841954452983569,1.8873972666305483,0,0,-0.04544281364697933,1,1,0,0
WWD,2026-03-25,COUNTY OF WOODWARD,1,70100.0,70100.0,7843071.0,1609223.4535483872,1175188.56,6,5,2.6634270583177724,24.18297804916616,47.97542537953208,6.942011062252322,16,2026-03-25,17.402781247329436,63,0.5175937121681518,0,1.8451513291936477,0,22118335890.3602,10.344752448997017,1.8156718881804312,1.8451513291936477,0,0,-0.029479441013216423,1,1,1,0
