ticker,award_date,award_abs,preaward_close,shares_known_at_award,market_cap_before,sec_cik,revenue_concept,ltm_revenue_before,ltm_revenue_method,ltm_revenue_source,award_to_market_cap,log10_award_to_market_cap,log10_market_cap_before,award_to_ltm_revenue
ACN,2025-08-19,1069277.58,244.09994506835938,622852992.0,152038381132.86328,1467373,Revenues,66157507000.0,ttm_from_filed_statements,10K(2024-10-10)+YTD(2025-06-20)-PY_YTD(2025-06-20),7.032945050010628e-06,-5.152862775814291,11.18195323669529,1.6162603890137517e-05
ACN,2025-08-25,446163.18,253.98622131347656,622852992.0,158196077871.87305,1467373,Revenues,66157507000.0,ttm_from_filed_statements,10K(2024-10-10)+YTD(2025-06-20)-PY_YTD(2025-06-20),2.8203175831031583e-06,-5.549701985005665,11.199195711906802,6.743953940102368e-06
ACN,2025-08-27,1704503.97,250.26295471191406,622852992.0,155877030129.07617,1467373,Revenues,66157507000.0,ttm_from_filed_statements,10K(2024-10-10)+YTD(2025-06-20)-PY_YTD(2025-06-20),1.0934927157571333e-05,-4.961184105646023,11.19278212273753,2.576433192985945e-05
ACN,2025-09-02,35164804.77,254.7210693359375,622852992.0,158653780161.32812,1467373,Revenues,66157507000.0,ttm_from_filed_statements,10K(2024-10-10)+YTD(2025-06-20)-PY_YTD(2025-06-20),0.00022164492225928964,-3.6543422136542074,11.200450424269064,0.0005315315882443999
ACN,2025-09-03,78000.0,250.99783325195312,622852992.0,156334751426.4961,1467373,Revenues,66157507000.0,ttm_from_filed_statements,10K(2024-10-10)+YTD(2025-06-20)-PY_YTD(2025-06-20),4.989293761513623e-07,-6.30196092475425,11.19405552744473,1.1790045232508535e-06
ACN,2025-09-05,70000.0,247.83303833007812,625832000.0,155101846044.18945,1467373,Revenues,66157507000.0,ttm_from_filed_statements,10K(2024-10-10)+YTD(2025-06-20)-PY_YTD(2025-06-20),4.513163562221985e-07,-6.345518926864685,11.190616966878942,1.058080982404612e-06
ACN,2025-09-08,2369986.14,249.8024444580078,625832000.0,156334363420.04395,1467373,Revenues,66157507000.0,ttm_from_filed_statements,10K(2024-10-10)+YTD(2025-06-20)-PY_YTD(2025-06-20),1.5159726167382976e-05,-4.819308643365483,11.19405444957005,3.5823389475664494e-05
ACN,2025-09-11,5452824.529999999,238.2014923095703,622852992.0,148364512183.88086,1467373,Revenues,66157507000.0,ttm_from_filed_statements,10K(2024-10-10)+YTD(2025-06-20)-PY_YTD(2025-06-20),3.675288955381626e-05,-4.434708510513262,11.171330032979313,8.242185622260523e-05
ACN,2025-09-15,960454.73,233.7237548828125,622852992.0,145575540030.23438,1467373,Revenues,66157507000.0,ttm_from_filed_statements,10K(2024-10-10)+YTD(2025-06-20)-PY_YTD(2025-06-20),6.597638104591777e-06,-5.180611510174319,11.16308840985144,1.4517698346765091e-05
ACN,2025-09-16,360000.0,233.06729125976562,622852992.0,145166659698.48047,1467373,Revenues,66157507000.0,ttm_from_filed_statements,10K(2024-10-10)+YTD(2025-06-20)-PY_YTD(2025-06-20),2.4799082705887204e-06,-5.60556438301004,11.161866883777327,5.441559338080862e-06
ACN,2025-09-18,892830.53,236.3692626953125,622852697.0,147223232757.67688,1467373,Revenues,66157507000.0,ttm_from_filed_statements,10K(2024-10-10)+YTD(2025-06-20)-PY_YTD(2025-06-20),6.064467633784137e-06,-5.217207317445002,11.167976349826853,1.3495528632903292e-05
ACN,2025-09-19,2803724.35,234.71337890625,622852697.0,146191861073.74072,1467373,Revenues,66157507000.0,ttm_from_filed_statements,10K(2024-10-10)+YTD(2025-06-20)-PY_YTD(2025-06-20),1.9178388792696004e-05,-4.71718788141111,11.164923194857447,4.237953449485332e-05
ACN,2025-09-22,188377.58,234.86033630371094,622852697.0,146283393885.09338,1467373,Revenues,66157507000.0,ttm_from_filed_statements,10K(2024-10-10)+YTD(2025-06-20)-PY_YTD(2025-06-20),1.2877577898416266e-06,-5.890165814326435,11.165195027742502,2.847410498705763e-06
ACN,2025-09-23,3351969.8,235.1444854736328,622852697.0,146460376961.9295,1467373,Revenues,66157507000.0,ttm_from_filed_statements,10K(2024-10-10)+YTD(2025-06-20)-PY_YTD(2025-06-20),2.288652992386672e-05,-4.6404200504516995,11.165720147595966,5.066650712820844e-05
ACN,2025-09-25,1500147.81,234.25286865234375,622852697.0,145905031020.09906,1467373,Revenues,66157507000.0,ttm_from_filed_statements,10K(2024-10-10)+YTD(2025-06-20)-PY_YTD(2025-06-20),1.0281672945145724e-05,-4.987936214938694,11.164070267264233,2.267539812224182e-05
ACN,2025-09-30,8421236.97,242.01295471191406,640314856.0,154964490246.49377,1467373,Revenues,66157507000.0,ttm_from_filed_statements,10K(2024-10-10)+YTD(2025-06-20)-PY_YTD(2025-06-20),5.434301081883202e-05,-4.2648563036107765,11.19023219199746,0.00012729072408970913
ACN,2025-10-22,1124050.59,245.45208740234375,620138892.0,152214385520.7766,1467373,Revenues,69672977000.0,latest_10k,2025-10-10,7.38465412552332e-06,-5.131669840892901,11.182455698801574,1.6133236132568298e-05
ACN,2025-10-28,1407.1,245.7068328857422,620138892.0,152372363102.59332,1467373,Revenues,69672977000.0,latest_10k,2025-10-10,9.2346142787888e-09,-8.034581239919683,11.1829062029585,2.0195778343158782e-08
ACN,2025-10-31,780339.0,244.217529296875,620138892.0,151448788025.1416,1467373,Revenues,69672977000.0,latest_10k,2025-10-10,5.1524941874771425e-06,-5.287982489475587,11.180265802224177,1.1200023791146458e-05
ACN,2025-11-07,289485.6,236.46722412109375,620138892.0,146642522360.77075,1467373,Revenues,69672977000.0,latest_10k,2025-10-10,1.974090429840029e-06,-5.704632956893844,11.166259922207452,4.154919345559182e-06
ACN,2025-11-12,155000.0,237.66259765625,620138892.0,147383819980.38867,1467373,Revenues,69672977000.0,latest_10k,2025-10-10,1.0516758218142586e-06,-5.978118110461753,11.168449808632044,2.2246788737045065e-06
ACN,2025-11-18,15.82,236.4574432373047,622852697.0,147278156246.07965,1467373,Revenues,69672977000.0,latest_10k,2025-10-10,1.0741579337513677e-10,-9.968931859498575,11.168138338660233,2.2706077278713095e-10
ACN,2025-11-20,153657.52,236.21249389648438,622852697.0,147125588888.52133,1467373,Revenues,69672977000.0,latest_10k,2025-10-10,1.0443969751341351e-06,-5.981134394685608,11.167688214172806,2.2054105711601786e-06
ACN,2025-11-21,100000.0,235.92832946777344,622852697.0,146948596307.70728,1467373,Revenues,69672977000.0,latest_10k,2025-10-10,6.805100729958801e-07,-6.167165441931403,11.167165441931404,1.4352766927125849e-06
ACN,2025-11-24,7932695.37,246.76502990722656,622852697.0,153698264403.0017,1467373,Revenues,69672977000.0,latest_10k,2025-10-10,5.1612133688121696e-05,-4.287248186467291,11.186668963371867,0.00011385612774950035
ACN,2025-11-25,888176.26,238.70120239257812,622852697.0,148675687687.36014,1467373,Revenues,69672977000.0,latest_10k,2025-10-10,5.973917281403028e-06,-5.2237407952034225,11.172239955969937,1.274778684998633e-05
ACN,2025-12-10,2025961.79,264.0880432128906,622852697.0,164487949960.60147,1467373,Revenues,69672977000.0,latest_10k,2025-10-10,1.2316779377974271e-05,-4.909502837725627,11.216134087955892,2.9078157375132686e-05
ACN,2025-12-12,317433.59,264.9111022949219,622852697.0,165000594529.63498,1467373,Revenues,69672977000.0,latest_10k,2025-10-10,1.923833007419784e-06,-5.7158326282980125,11.217485509065268,4.556050332110828e-06
ACN,2025-12-16,9289800.31,269.1144714355469,660352923.0,177710527834.0634,1467373,Revenues,69672977000.0,latest_10k,2025-10-10,5.227490134222279e-05,-4.281706778148142,11.249713156813778,0.00013333433864897148
ACN,2025-12-23,120000.0,265.205078125,620138892.0,164463983301.21094,1467373,Revenues,70725557000.0,ttm_from_filed_statements,10K(2025-10-10)+YTD(2025-12-18)-PY_YTD(2025-12-18),7.296430354615913e-07,-6.136889558571773,11.216070804619397,1.696699256818861e-06
ACN,2025-12-29,951038.99,265.6165771484375,620138892.0,164719169849.66455,1467373,Revenues,70725557000.0,ttm_from_filed_statements,10K(2025-10-10)+YTD(2025-12-18)-PY_YTD(2025-12-18),5.773699508490673e-06,-5.23854582267218,11.216744144861686,1.3446892896156335e-05
ACN,2026-01-08,332000.0,268.4482421875,620138892.0,166475195469.5039,1467373,Revenues,70725557000.0,ttm_from_filed_statements,10K(2025-10-10)+YTD(2025-12-18)-PY_YTD(2025-12-18),1.994291095821648e-06,-5.700211449794633,11.22134953349867,4.694201277198849e-06
ACN,2026-01-13,1641138.0,275.2872619628906,620138892.0,170716337615.38074,1467373,Revenues,70725557000.0,ttm_from_filed_statements,10K(2025-10-10)+YTD(2025-12-18)-PY_YTD(2025-12-18),9.613245123014759e-06,-5.017129983703168,11.23227508524293,2.3204313541143268e-05
ACN,2026-01-15,30000.0,282.7142333984375,620138892.0,175322091452.33643,1467373,Revenues,70725557000.0,ttm_from_filed_statements,10K(2025-10-10)+YTD(2025-12-18)-PY_YTD(2025-12-18),1.7111363292261367e-07,-6.7667153880790005,11.243836642798664,4.241748142047153e-07
ACN,2026-01-20,697618.19,280.4312744140625,620138892.0,173906339797.28467,1467373,Revenues,70725557000.0,ttm_from_filed_statements,10K(2025-10-10)+YTD(2025-12-18)-PY_YTD(2025-12-18),4.011459218871401e-06,-5.396697618545406,11.240315414600698,9.863735537635992e-06
ACN,2026-01-23,2742000.0,279.3338928222656,620138892.0,173225810792.84656,1467373,Revenues,70725557000.0,ttm_from_filed_statements,10K(2025-10-10)+YTD(2025-12-18)-PY_YTD(2025-12-18),1.5829049882635807e-05,-4.8005451522956974,11.23861260274919,3.876957801831098e-05
ACN,2026-01-29,3926899.51,264.9698791503906,620138892.0,164318127269.69714,1467373,Revenues,70725557000.0,ttm_from_filed_statements,10K(2025-10-10)+YTD(2025-12-18)-PY_YTD(2025-12-18),2.3898151562759332e-05,-4.6216356888902945,11.215685476636168,5.552306233516125e-05
ACN,2026-01-30,418000.0,255.94586181640625,620138892.0,158721983158.81128,1467373,Revenues,70725557000.0,ttm_from_filed_statements,10K(2025-10-10)+YTD(2025-12-18)-PY_YTD(2025-12-18),2.6335356431488437e-06,-5.579460799380506,11.200637081155541,5.910169077919033e-06
ACN,2026-02-03,400000.0,261.40338134765625,620138892.0,162106403273.989,1467373,Revenues,70725557000.0,ttm_from_filed_statements,10K(2025-10-10)+YTD(2025-12-18)-PY_YTD(2025-12-18),2.4675151130453986e-06,-5.607740178681782,11.209800170009744,5.655664189396203e-06
ACN,2026-02-05,1391772.0,236.77096557617188,620138892.0,146830884250.17737,1467373,Revenues,70725557000.0,ttm_from_filed_statements,10K(2025-10-10)+YTD(2025-12-18)-PY_YTD(2025-12-18),9.478741527079775e-06,-5.023249319215234,11.166817414222475,1.9678487650510833e-05
ACN,2026-02-12,488677.23,225.77749633789062,620138892.0,140013406417.51355,1467373,Revenues,70725557000.0,ttm_from_filed_statements,10K(2025-10-10)+YTD(2025-12-18)-PY_YTD(2025-12-18),3.490217419200465e-06,-5.4571475183078855,11.146169621781041,6.90948577471083e-06
ACN,2026-02-17,1676127.3,219.7026824951172,620138892.0,136246178091.94977,1467373,Revenues,70725557000.0,ttm_from_filed_statements,10K(2025-10-10)+YTD(2025-12-18)-PY_YTD(2025-12-18),1.2302196828367661e-05,-4.910017328784379,11.134324328513035,2.369903286869837e-05
ACN,2026-02-20,204000.0,210.6100616455078,620138892.0,130607490272.89691,1467373,Revenues,70725557000.0,ttm_from_filed_statements,10K(2025-10-10)+YTD(2025-12-18)-PY_YTD(2025-12-18),1.5619318583777517e-06,-5.806337916794219,11.115968084220118,2.884388736592064e-06
ACN,2026-02-25,203277.0,192.75791931152344,620138892.0,119536682506.07355,1467373,Revenues,70725557000.0,ttm_from_filed_statements,10K(2025-10-10)+YTD(2025-12-18)-PY_YTD(2025-12-18),1.7005407523307474e-06,-5.769412956027466,11.077501198717853,2.8741661235697304e-06
ACN,2026-02-26,9750.0,187.63351440429688,620138892.0,116358839724.7467,1467373,Revenues,70725557000.0,ttm_from_filed_statements,10K(2025-10-10)+YTD(2025-12-18)-PY_YTD(2025-12-18),8.379251652099803e-08,-7.076794766319143,11.06579938201768,1.3785681461653247e-07
ACN,2026-02-27,2563000.0,203.19290161132812,620138892.0,126007820867.51404,1467373,Revenues,70725557000.0,ttm_from_filed_statements,10K(2025-10-10)+YTD(2025-12-18)-PY_YTD(2025-12-18),2.034000732934478e-05,-4.691648894919005,11.10039750110325,3.6238668293556176e-05
ACN,2026-03-02,124000.0,204.50584411621094,620138892.0,126822027577.75177,1467373,Revenues,70725557000.0,ttm_from_filed_statements,10K(2025-10-10)+YTD(2025-12-18)-PY_YTD(2025-12-18),9.77748127579638e-07,-6.009773007063492,11.103194692225728,1.7532558987128232e-06
ACN,2026-03-06,308952.0,209.6792449951172,620138892.0,130030254666.66852,1467373,Revenues,70725557000.0,ttm_from_filed_statements,10K(2025-10-10)+YTD(2025-12-18)-PY_YTD(2025-12-18),2.376000883732758e-06,-5.624153402158778,11.114044413122718,4.36832190660584e-06
ACN,2026-03-09,9290770.7,210.6590576171875,620138892.0,130637874580.48682,1467373,Revenues,70725557000.0,ttm_from_filed_statements,10K(2025-10-10)+YTD(2025-12-18)-PY_YTD(2025-12-18),7.111850778218147e-05,-4.148017364365784,11.116069106010032,0.00013136369784970373
ACN,2026-03-11,2032218.65,197.5590057373047,620138892.0,122514022922.55377,1467373,Revenues,70725557000.0,ttm_from_filed_statements,10K(2025-10-10)+YTD(2025-12-18)-PY_YTD(2025-12-18),1.6587641165653748e-05,-4.780215368139349,11.088185800776778,2.8733865609570242e-05
ACN,2026-03-12,1494362.08,197.41201782226562,620138892.0,122422869999.78406,1467373,Revenues,70725557000.0,ttm_from_filed_statements,10K(2025-10-10)+YTD(2025-12-18)-PY_YTD(2025-12-18),1.2206559771083916e-05,-4.913406717951554,11.087862556591523,2.112902525461906e-05
ACN,2026-03-13,3040506.74,192.09165954589844,620138892.0,119123508913.23468,1467373,Revenues,70725557000.0,ttm_from_filed_statements,10K(2025-10-10)+YTD(2025-12-18)-PY_YTD(2025-12-18),2.55239857164936e-05,-4.593051507085603,11.075997477551464,4.299021271758949e-05
ACN,2026-03-17,2500000.0,195.2858428955078,620138892.0,121104346236.50629,1467373,Revenues,70725557000.0,ttm_from_filed_statements,10K(2025-10-10)+YTD(2025-12-18)-PY_YTD(2025-12-18),2.0643354905840595e-05,-4.685219720867884,11.083159729539922,3.5347901183726275e-05
ACN,2026-03-18,4322.5,194.64895629882812,620138892.0,120709388088.1117,1467373,Revenues,70725557000.0,ttm_from_filed_statements,10K(2025-10-10)+YTD(2025-12-18)-PY_YTD(2025-12-18),3.580914515816115e-08,-7.446006046414089,11.08174104836005,6.111652114666272e-08
ACN,2026-03-20,1848363.0,199.44024658203125,620138892.0,123680653535.58765,1467373,Revenues,71057742000.0,ttm_from_filed_statements,10K(2025-10-10)+YTD(2026-03-19)-PY_YTD(2026-03-19),1.4944641277046255e-05,-4.82551450506559,11.092301771416986,2.6012126870003836e-05
ACN,2026-03-24,23810.46,195.98150634765625,615435159.0,120613909520.12933,1467373,Revenues,71057742000.0,ttm_from_filed_statements,10K(2025-10-10)+YTD(2026-03-19)-PY_YTD(2026-03-19),1.9741056479083996e-07,-6.704629608973432,11.081397394698847,3.350860768978558e-07
ACN,2026-03-25,4266418.9,189.63233947753906,615435159.0,116706408997.90123,1467373,Revenues,71057742000.0,ttm_from_filed_statements,10K(2025-10-10)+YTD(2026-03-19)-PY_YTD(2026-03-19),3.6556851818452614e-05,-4.4370312116456425,11.067094706225284,6.004157717254793e-05
ACN,2026-03-30,274811.85,188.71131896972656,615435159.0,116139580595.23338,1467373,Revenues,71057742000.0,ttm_from_filed_statements,10K(2025-10-10)+YTD(2026-03-19)-PY_YTD(2026-03-19),2.3662204443269606e-06,-5.6259447976222825,11.064980253370246,3.8674441695600176e-06
ACN,2026-03-31,64650881.99,193.56137084960938,615435159.0,119124473045.08731,1467373,Revenues,71057742000.0,ttm_from_filed_statements,10K(2025-10-10)+YTD(2026-03-19)-PY_YTD(2026-03-19),0.0005427170449310643,-3.2654265384661105,11.076000992520532,0.0009098358626425253
ACN,2026-04-01,6683064.84,194.2864227294922,615435159.0,119570695464.06624,1467373,Revenues,71057742000.0,ttm_from_filed_statements,10K(2025-10-10)+YTD(2026-03-19)-PY_YTD(2026-03-19),5.5892163326995245e-05,-4.252649080529128,11.077624755257132,9.405118502076803e-05
ACN,2026-04-02,268121.5,193.08126831054688,615435159.0,118829001062.62308,1467373,Revenues,71057742000.0,ttm_from_filed_statements,10K(2025-10-10)+YTD(2026-03-19)-PY_YTD(2026-03-19),2.2563641670159253e-06,-5.646590805858017,11.074922446237697,3.7732904600317867e-06
AVAV,2025-09-11,4493037.69,247.0500030517578,49932200.0,12335750162.380981,1368622,RevenueFromContractWithCustomerExcludingAssessedTax,,no_annual_before_award,,0.000364228979255914,-3.4386255032685926,10.091165564970982,
AVAV,2026-02-04,2812074.0,285.4100036621094,49932207.0,14251151382.727203,1368622,RevenueFromContractWithCustomerExcludingAssessedTax,,no_annual_before_award,,0.0001973225828902718,-3.7048232083951245,10.15384995339469,
AVAV,2026-03-23,1200000.0,197.72000122070312,50605071.0,10005634699.893768,1368622,RevenueFromContractWithCustomerExcludingAssessedTax,,no_annual_before_award,,0.00011993242167963024,-3.9210633969414594,10.000244642989085,
AVAV,2026-04-02,998884.77,183.5,50605071.0,9286030528.5,1368622,RevenueFromContractWithCustomerExcludingAssessedTax,,no_annual_before_award,,0.00010756854254724842,-3.968314715617446,9.967830107107163,
BA,2025-08-13,1789755.42,232.61000061035156,756158016.0,175889916563.28223,12927,RevenueFromContractWithCustomerExcludingAssessedTax,76559000000.0,latest_10k,2020-01-31,1.0175429353598425e-05,-4.992447256602541,11.245240942888685,2.337746600660928e-05
BA,2025-08-18,1167358.0,235.25999450683594,756158016.0,177893730690.45996,12927,RevenueFromContractWithCustomerExcludingAssessedTax,76559000000.0,latest_10k,2020-01-31,6.562108712145879e-06,-5.182956579086516,11.250160642999523,1.5247821941247926e-05
BA,2025-08-19,5999366.89,232.41000366210938,756158016.0,175738687267.69336,12927,RevenueFromContractWithCustomerExcludingAssessedTax,76559000000.0,latest_10k,2020-01-31,3.413799763316477e-05,-4.466761956049947,11.244867377985772,7.836266003996917e-05
BA,2025-08-20,12417000.0,225.0,756158016.0,170135553600.0,12927,RevenueFromContractWithCustomerExcludingAssessedTax,76559000000.0,latest_10k,2020-01-31,7.298298172992808e-05,-4.1367783974471,11.230795078567523,0.0001621886388275709
BA,2025-08-21,5843497.449999999,225.6199951171875,756158016.0,170604367877.7422,12927,RevenueFromContractWithCustomerExcludingAssessedTax,76559000000.0,latest_10k,2020-01-31,3.425174585323362e-05,-4.465317287088294,11.231990145945911,7.632672122154154e-05
BA,2025-08-22,1192089.0,224.4600067138672,756158016.0,169727233348.1045,12927,RevenueFromContractWithCustomerExcludingAssessedTax,76559000000.0,latest_10k,2020-01-31,7.023557601714205e-06,-5.153442851484806,11.229751532028276,1.55708538512781e-05
BA,2025-08-25,16540818.14,230.1199951171875,756158016.0,174007078949.7422,12927,RevenueFromContractWithCustomerExcludingAssessedTax,76559000000.0,latest_10k,2020-01-31,9.505830590247091e-05,-4.022009929824184,11.240566916594522,0.0002160532156898601
BA,2025-08-26,134521.47999999998,226.8699951171875,756158016.0,171549565397.7422,12927,RevenueFromContractWithCustomerExcludingAssessedTax,76559000000.0,latest_10k,2020-01-31,7.841551780566065e-07,-6.105597985395931,11.234389622155518,1.7570955733486589e-06
BA,2025-08-27,5002481.0,234.8300018310547,756158016.0,177568588281.84668,12927,RevenueFromContractWithCustomerExcludingAssessedTax,76559000000.0,latest_10k,2020-01-31,2.8172105485570373e-05,-4.550180694136182,11.249366141947014,6.534151438759649e-05
BA,2025-08-29,443758.1,236.16000366210938,756158016.0,178574279827.69336,12927,RevenueFromContractWithCustomerExcludingAssessedTax,76559000000.0,latest_10k,2020-01-31,2.4850056818270973e-06,-5.604672613939368,11.251818907333668,5.796289136482973e-06
BA,2025-09-02,18916071.0,234.67999267578125,760926016.0,178574111861.6914,12927,RevenueFromContractWithCustomerExcludingAssessedTax,76559000000.0,latest_10k,2020-01-31,0.00010592840587470377,-3.974987563401456,11.251818498838436,0.0002470783448059666
BA,2025-09-03,995151.23,237.3800048828125,756158016.0,179496793530.2578,12927,RevenueFromContractWithCustomerExcludingAssessedTax,76559000000.0,latest_10k,2020-01-31,5.5441170308830455e-06,-5.256167610768134,11.254056694894542,1.2998487832913178e-05
BA,2025-09-04,38113391.97,232.3800048828125,756158016.0,175716003450.2578,12927,RevenueFromContractWithCustomerExcludingAssessedTax,76559000000.0,latest_10k,2020-01-31,0.0002169033623667024,-3.6637337156391645,11.244811316951363,0.0004978303265455401
BA,2025-09-05,1278960.0,230.75,756158016.0,174483462192.0,12927,RevenueFromContractWithCustomerExcludingAssessedTax,76559000000.0,latest_10k,2020-01-31,7.3299783482783265e-06,-5.134897308201592,11.241754270154109,1.6705547355634216e-05
BA,2025-09-08,1813000.0,229.61000061035156,756158016.0,173621442515.28223,12927,RevenueFromContractWithCustomerExcludingAssessedTax,76559000000.0,latest_10k,2020-01-31,1.0442258592802666e-05,-4.981205556094018,11.239603360189527,2.3681082563774345e-05
BA,2025-09-09,1500000.0,230.9499969482422,756158016.0,174634691487.58887,12927,RevenueFromContractWithCustomerExcludingAssessedTax,76559000000.0,latest_10k,2020-01-31,8.589358661916288e-06,-5.066039262244306,11.242130521299988,1.9592732402460848e-05
BA,2025-09-10,3384511.93,229.52000427246094,756158016.0,173553391062.9756,12927,RevenueFromContractWithCustomerExcludingAssessedTax,76559000000.0,latest_10k,2020-01-31,1.950127225559019e-05,-4.709937054506279,11.239433103778392,4.42078910382842e-05
BA,2025-09-11,19585294.0,227.52000427246094,756158016.0,172041075030.9756,12927,RevenueFromContractWithCustomerExcludingAssessedTax,76559000000.0,latest_10k,2020-01-31,0.00011384080224140493,-3.9437020524196638,11.235632147661187,0.00025581961624368137
BA,2025-09-12,41801542.43,219.99000549316406,756158016.0,166347206093.54004,12927,RevenueFromContractWithCustomerExcludingAssessedTax,76559000000.0,latest_10k,2020-01-31,0.00025129091982761787,-3.5998232039661437,11.221015511015793,0.0005460042898940686
BA,2025-09-15,44614746.82,215.94000244140625,756158016.0,163284763821.1289,12927,RevenueFromContractWithCustomerExcludingAssessedTax,76559000000.0,latest_10k,2020-01-31,0.0002732327608280307,-3.5634672296104277,11.212945662402825,0.0005827498637652007
BA,2025-09-16,32291257.08,215.75,756158016.0,163141091952.0,12927,RevenueFromContractWithCustomerExcludingAssessedTax,76559000000.0,latest_10k,2020-01-31,0.0001979345405478888,-3.7034784126636393,11.212563364843406,0.0004217826392716728
BA,2025-09-17,8489293.23,215.02000427246094,756157695.0,162589030809.5542,12927,RevenueFromContractWithCustomerExcludingAssessedTax,76559000000.0,latest_10k,2020-01-31,5.22131978260193e-05,-4.282219707370312,11.211091242244663,0.00011088563369427501
BA,2025-09-18,210237401.91,214.6300048828125,756157695.0,162294129770.02625,12927,RevenueFromContractWithCustomerExcludingAssessedTax,76559000000.0,latest_10k,2020-01-31,0.001295409773649301,-2.887592830590797,11.210302811541629,0.0027460834377408274
BA,2025-09-19,2863364.03,215.66000366210938,756157695.0,163072971272.83218,12927,RevenueFromContractWithCustomerExcludingAssessedTax,76559000000.0,latest_10k,2020-01-31,1.7558789832861983e-05,-4.755505419353671,11.212381984340043,3.740075014041458e-05
BA,2025-09-22,8555030.67,215.64999389648438,756157695.0,163065402311.5297,12927,RevenueFromContractWithCustomerExcludingAssessedTax,76559000000.0,latest_10k,2020-01-31,5.246380009939796e-05,-4.280140255445482,11.212361826282027,0.00011174428440810355
BA,2025-09-23,3817114.32,212.08999633789062,756157695.0,160373482763.41782,12927,RevenueFromContractWithCustomerExcludingAssessedTax,76559000000.0,latest_10k,2020-01-31,2.3801405657760693e-05,-4.623397393725754,11.205132560696518,4.985846628090753e-05
BA,2025-09-24,660820.84,216.33999633789062,756157695.0,163587152967.16782,12927,RevenueFromContractWithCustomerExcludingAssessedTax,76559000000.0,latest_10k,2020-01-31,4.039564403523959e-06,-5.393665463440197,11.213749194111918,8.631523922726263e-06
BA,2025-09-25,83296.0,215.10000610351562,756157695.0,162649524809.7203,12927,RevenueFromContractWithCustomerExcludingAssessedTax,76559000000.0,latest_10k,2020-01-31,5.121195410650351e-07,-6.290628652373374,11.211252798802516,1.0879974921302525e-06
BA,2025-09-26,8913664.290000001,213.52999877929688,756157695.0,161462351690.30594,12927,RevenueFromContractWithCustomerExcludingAssessedTax,76559000000.0,latest_10k,2020-01-31,5.520583712974106e-05,-4.258015000183619,11.208071273668798,0.00011642869277289412
BA,2025-09-27,2767724.91,221.25999450683594,756157695.0,167307447442.0017,12927,RevenueFromContractWithCustomerExcludingAssessedTax,76559000000.0,latest_10k,2020-01-31,1.6542747811387482e-05,-4.781392350877383,11.22351527336513,3.615152901683669e-05
BA,2025-09-29,14794121.68,221.25999450683594,756157695.0,167307447442.0017,12927,RevenueFromContractWithCustomerExcludingAssessedTax,76559000000.0,latest_10k,2020-01-31,8.842476474413062e-05,-4.053426086960899,11.22351527336513,0.000193238178137123
BA,2025-09-30,1240692.87,217.0800018310547,770717945.0,167307452911.82672,12927,RevenueFromContractWithCustomerExcludingAssessedTax,76559000000.0,latest_10k,2020-01-31,7.415646155666848e-06,-5.129851001127259,11.22351528756363,1.620570893036743e-05
BA,2025-10-03,155927.3,217.42999267578125,756157695.0,164411362085.58563,12927,RevenueFromContractWithCustomerExcludingAssessedTax,76559000000.0,latest_10k,2020-01-31,9.48397349319634e-07,-6.023009668503914,11.21593182731938,2.0366945754254886e-06
BA,2025-10-22,1420662.34,217.25999450683594,756157695.0,164282816662.0017,12927,RevenueFromContractWithCustomerExcludingAssessedTax,76559000000.0,latest_10k,2020-01-31,8.647662420610278e-06,-5.063101272307257,11.21559214031187,1.8556438041249235e-05
BA,2025-10-23,1269109.0,216.58999633789062,756157695.0,163776192390.91782,12927,RevenueFromContractWithCustomerExcludingAssessedTax,76559000000.0,latest_10k,2020-01-31,7.74904448242856e-06,-5.110751846086267,11.21425077004512,1.6576875351036456e-05
BA,2025-11-05,8205314.01,198.0500030517578,760095468.0,150536909757.02728,12927,RevenueFromContractWithCustomerExcludingAssessedTax,76559000000.0,latest_10k,2020-01-31,5.450699116411856e-05,-4.263547790764189,11.177642996531217,0.00010717634778406196
BA,2025-11-06,788192.0,197.6199951171875,760095468.0,150210062674.75635,12927,RevenueFromContractWithCustomerExcludingAssessedTax,76559000000.0,latest_10k,2020-01-31,5.247264969901781e-06,-5.280067004781896,11.176699027326848,1.029522329184028e-05
BA,2025-11-13,7320359.0,195.5,760095468.0,148598663994.0,12927,RevenueFromContractWithCustomerExcludingAssessedTax,76559000000.0,latest_10k,2020-01-31,4.92626165218792e-05,-4.307482524879463,11.172014904830736,9.561722331796392e-05
BA,2025-11-19,903610.2,189.6300048828125,760095468.0,144136907308.24365,12927,RevenueFromContractWithCustomerExcludingAssessedTax,76559000000.0,latest_10k,2020-01-31,6.269110506635101e-06,-5.202794074713784,11.158775199328991,1.180279522982275e-05
BA,2025-11-25,239993335.95,179.1199951171875,760095468.0,136148296516.75635,12927,RevenueFromContractWithCustomerExcludingAssessedTax,76559000000.0,latest_10k,2020-01-31,0.0017627347685577762,-2.753813029287362,11.134012211830953,0.003134750139761491
BA,2025-11-26,800608.0,182.44000244140625,760095468.0,138671819037.62183,12927,RevenueFromContractWithCustomerExcludingAssessedTax,76559000000.0,latest_10k,2020-01-31,5.7734008651231016e-06,-5.238568287042009,11.141988212479465,1.045739886884625e-05
BA,2025-12-01,3012.12,189.0,760095468.0,143658043452.0,12927,RevenueFromContractWithCustomerExcludingAssessedTax,76559000000.0,latest_10k,2020-01-31,2.096729098921934e-08,-7.678457677519094,11.157329947272094,3.934377408273358e-08
BA,2025-12-03,12825464.16,205.3800048828125,760095468.0,156108410929.24365,12927,RevenueFromContractWithCustomerExcludingAssessedTax,76559000000.0,latest_10k,2020-01-31,8.215741921691303e-05,-4.0853532115414675,11.193426302945516,0.00016752392481615485
BA,2025-12-10,6477965.56,200.3699951171875,760095468.0,152300325211.75635,12927,RevenueFromContractWithCustomerExcludingAssessedTax,76559000000.0,latest_10k,2020-01-31,4.2534154480583825e-05,-4.371262195939284,11.182700830699932,8.461403048629162e-05
BA,2025-12-11,4198725.0,198.72000122070312,783071257.0,155611921146.93753,12927,RevenueFromContractWithCustomerExcludingAssessedTax,76559000000.0,latest_10k,2020-01-31,2.698202662786566e-05,-4.568925433454188,11.192042864440408,5.484299690434828e-05
BA,2025-12-15,1131081.0,204.3800048828125,783071257.0,160044107329.25012,12927,RevenueFromContractWithCustomerExcludingAssessedTax,76559000000.0,latest_10k,2020-01-31,7.067307999494714e-06,-5.150745981337577,11.20423968846764,1.4773978239005213e-05
BA,2025-12-16,150277584.84,205.5,783071257.0,160921143313.5,12927,RevenueFromContractWithCustomerExcludingAssessedTax,76559000000.0,latest_10k,2020-01-31,0.0009338585455314306,-3.029718902728816,11.206613109488213,0.0019628990039054846
BA,2025-12-17,185175820.88,206.7100067138672,783071257.0,161868664791.90643,12927,RevenueFromContractWithCustomerExcludingAssessedTax,76559000000.0,latest_10k,2020-01-31,0.0011439880666097824,-2.941578505816205,11.20916278436119,0.0024187335372719077
BA,2025-12-18,632972.0,206.3300018310547,783071257.0,161571093890.6563,12927,RevenueFromContractWithCustomerExcludingAssessedTax,76559000000.0,latest_10k,2020-01-31,3.917606700294828e-06,-5.40697916621401,11.208363665308067,8.267767342833631e-06
BA,2025-12-19,16669480.0,208.27000427246094,783071257.0,163090254041.03137,12927,RevenueFromContractWithCustomerExcludingAssessedTax,76559000000.0,latest_10k,2020-01-31,0.00010221015411384531,-3.9905059568769046,11.21242800921523,0.00021773377395211535
BA,2025-12-22,7468959.16,214.0800018310547,783071257.0,167639896132.4063,12927,RevenueFromContractWithCustomerExcludingAssessedTax,76559000000.0,latest_10k,2020-01-31,4.4553589761835835e-05,-4.351117298339818,11.224377383078433,9.755821209785916e-05
BA,2025-12-23,1487938.43,216.83999633789062,783071257.0,169801168500.1874,12927,RevenueFromContractWithCustomerExcludingAssessedTax,76559000000.0,latest_10k,2020-01-31,8.762827977820175e-06,-5.0573557138136636,11.229940674550086,1.9435186326885147e-05
BA,2026-01-08,328624.88,228.1199951171875,783071257.0,178634211323.24988,12927,RevenueFromContractWithCustomerExcludingAssessedTax,76559000000.0,latest_10k,2020-01-31,1.8396525366875696e-06,-5.735264196364954,11.251964636893304,4.292439556420539e-06
BA,2026-01-12,49432.0,234.52999877929688,783071257.0,183653700948.31247,12927,RevenueFromContractWithCustomerExcludingAssessedTax,76559000000.0,latest_10k,2020-01-31,2.691587468412202e-07,-6.569991502368255,11.263999684574777,6.456719654122964e-07
BA,2026-01-13,89142305.0,239.80999755859375,783071257.0,187788316229.37494,12927,RevenueFromContractWithCustomerExcludingAssessedTax,76559000000.0,latest_10k,2020-01-31,0.0004746956934802946,-3.3235847082568415,11.273668567935632,0.0011643608850690317
BA,2026-01-14,712999.72,244.5500030517578,783071257.0,191500078289.0938,12927,RevenueFromContractWithCustomerExcludingAssessedTax,76559000000.0,latest_10k,2020-01-31,3.7232346136362194e-06,-5.429079596551616,11.28216895585302,9.313075144659674e-06
BA,2026-01-16,89677820.08999999,247.74000549316406,783071257.0,193998077510.71887,12927,RevenueFromContractWithCustomerExcludingAssessedTax,76559000000.0,latest_10k,2020-01-31,0.00046226138547710645,-3.3351123833835272,11.287797426164127,0.001171355687639598
BA,2026-01-21,33426254.3,249.0,783071257.0,194984742993.0,12927,RevenueFromContractWithCustomerExcludingAssessedTax,76559000000.0,latest_10k,2020-01-31,0.00017143010159107686,-3.765912917493993,11.290000630371862,0.0004366077704776708
BA,2026-01-23,250000.0,251.41000366210938,783071257.0,196871947590.0626,12927,RevenueFromContractWithCustomerExcludingAssessedTax,76559000000.0,latest_10k,2020-01-31,1.2698609581521667e-06,-5.896243828975573,11.29418383764761,3.2654554004101413e-06
BA,2026-01-26,17167653.619999997,252.14999389648438,783071257.0,197451412673.06235,12927,RevenueFromContractWithCustomerExcludingAssessedTax,76559000000.0,latest_10k,2020-01-31,8.694621824978274e-05,-4.060749303011113,11.295460245258793,0.0002242408289031988
BA,2026-01-27,169310309.10999998,248.42999267578125,783071257.0,194538386641.12482,12927,RevenueFromContractWithCustomerExcludingAssessedTax,76559000000.0,latest_10k,2020-01-31,0.0008703182545783913,-3.060321907228538,11.289005309834096,0.002211501052913439
BA,2026-01-28,1625641.19,244.55999755859375,783071257.0,191507904700.12494,12927,RevenueFromContractWithCustomerExcludingAssessedTax,76559000000.0,latest_10k,2020-01-31,8.488637544990797e-06,-5.071162009894476,11.28218670465866,2.123383521205867e-05
BA,2026-01-29,564313749.56,241.58999633789062,783071257.0,189182182110.9374,12927,RevenueFromContractWithCustomerExcludingAssessedTax,76559000000.0,latest_10k,2020-01-31,0.0029829117270097003,-2.525359598478308,11.276880230505022,0.007370965524105591
BA,2026-01-30,793378.3,234.0399932861328,783071257.0,183269991730.84357,12927,RevenueFromContractWithCustomerExcludingAssessedTax,76559000000.0,latest_10k,2020-01-31,4.3290136727085244e-06,-5.363611042513827,11.263091360256272,1.036296581721287e-05
BA,2026-02-02,7668637.43,233.72000122070312,783071257.0,183019415141.93753,12927,RevenueFromContractWithCustomerExcludingAssessedTax,76559000000.0,latest_10k,2020-01-31,4.190067717161439e-05,-4.3777789581907705,11.262497163182646,0.00010016637403832337
BA,2026-02-04,727768.6,233.14999389648438,785347096.0,183103670639.02173,12927,RevenueFromContractWithCustomerExcludingAssessedTax,76559000000.0,latest_10k,2020-01-31,3.97462594529169e-06,-5.400703736828805,11.262697050594943,9.505983620475712e-06
BA,2026-02-10,88389.61,244.7100067138672,785347096.0,192182293134.8761,12927,RevenueFromContractWithCustomerExcludingAssessedTax,76559000000.0,latest_10k,2020-01-31,4.5992587848854e-07,-6.337312153442749,11.283713371115741,1.1545293172585848e-06
BA,2026-02-11,5317197.0,242.58999633789062,785347096.0,190517349142.61304,12927,RevenueFromContractWithCustomerExcludingAssessedTax,76559000000.0,latest_10k,2020-01-31,2.7909253534804208e-05,-4.554251779063171,11.27993453011047,6.94522786347784e-05
BA,2026-02-12,15397912.66,236.25999450683594,785347096.0,185546100586.91956,12927,RevenueFromContractWithCustomerExcludingAssessedTax,76559000000.0,latest_10k,2020-01-31,8.29869914338987e-05,-4.080989979807632,11.26845183170351,0.00020112478820256274
BA,2026-02-13,16400000.0,239.35000610351562,785347096.0,187972832220.97827,12927,RevenueFromContractWithCustomerExcludingAssessedTax,76559000000.0,latest_10k,2020-01-31,8.724665051979631e-05,-4.05925123701855,11.274095085066248,0.00021421387426690525
BA,2026-02-17,619422.7,242.9600067138672,785347096.0,190807935716.8761,12927,RevenueFromContractWithCustomerExcludingAssessedTax,76559000000.0,latest_10k,2020-01-31,3.246315189527072e-06,-5.488609316171229,11.28059643308495,8.090788803406523e-06
BA,2026-02-19,184591.0,238.92999267578125,785347096.0,187642975895.22607,12927,RevenueFromContractWithCustomerExcludingAssessedTax,76559000000.0,latest_10k,2020-01-31,9.837351977569881e-07,-6.00712178940373,11.273332311956995,2.4110947112684337e-06
BA,2026-02-23,3382775.84,232.02999877929688,785347096.0,182224085726.20435,12927,RevenueFromContractWithCustomerExcludingAssessedTax,76559000000.0,latest_10k,2020-01-31,1.8563823912293867e-05,-4.731332559746749,11.260605779918265,4.4185214540419804e-05
BA,2026-02-24,1347395.81,230.44000244140625,785347096.0,180975386719.5913,12927,RevenueFromContractWithCustomerExcludingAssessedTax,76559000000.0,latest_10k,2020-01-31,7.445188179582097e-06,-5.1281243208370855,11.257619513329248,1.759944369701799e-05
BA,2026-03-04,1377469.0,224.1199951171875,785347096.0,176011987320.81738,12927,RevenueFromContractWithCustomerExcludingAssessedTax,76559000000.0,latest_10k,2020-01-31,7.825995382287711e-06,-5.1064604126898185,11.245542246507338,1.7992254339790226e-05
BA,2026-03-05,239588.96,227.30999755859375,785347096.0,178517246474.4087,12927,RevenueFromContractWithCustomerExcludingAssessedTax,76559000000.0,latest_10k,2020-01-31,1.342105397275138e-06,-5.872213377119613,11.25168017947819,3.1294682532425972e-06
BA,2026-03-10,4825674.56,225.0,785844140.0,176814931500.0,12927,RevenueFromContractWithCustomerExcludingAssessedTax,76559000000.0,latest_10k,2020-01-31,2.7292234423086603e-05,-4.5639609070603235,11.247518937115082,6.303210021029532e-05
BA,2026-03-12,1987052.17,214.10000610351562,785844140.0,168249235170.412,12927,RevenueFromContractWithCustomerExcludingAssessedTax,76559000000.0,latest_10k,2020-01-31,1.181017059594598e-05,-4.927743829029764,11.225953098678929,2.595452095769276e-05
BA,2026-03-13,16271118.2,204.75999450683594,785844140.0,160909441789.6292,12927,RevenueFromContractWithCustomerExcludingAssessedTax,76559000000.0,latest_10k,2020-01-31,0.00010111972311278436,-3.9951641282503223,11.206581528230966,0.00021253044318760695
BA,2026-03-17,2272250.28,213.47000122070312,785844140.0,167754149525.0824,12927,RevenueFromContractWithCustomerExcludingAssessedTax,76559000000.0,latest_10k,2020-01-31,1.354512115755596e-05,-4.868217105963211,11.224673271574606,2.967972779163782e-05
BA,2026-03-19,5774870.99,205.99000549316406,785844140.0,161876038715.3708,12927,RevenueFromContractWithCustomerExcludingAssessedTax,76559000000.0,latest_10k,2020-01-31,3.5674649786519964e-05,-4.447640281605843,11.20918256818614,7.543033464386943e-05
BA,2026-03-20,88858001.0,201.17999267578125,785844140.0,158096118329.5056,12927,RevenueFromContractWithCustomerExcludingAssessedTax,76559000000.0,latest_10k,2020-01-31,0.0005620504914282665,-3.250224668125423,11.19892120700513,0.001160647356940399
BA,2026-03-23,3386583.14,195.1199951171875,785844140.0,153333904759.6704,12927,RevenueFromContractWithCustomerExcludingAssessedTax,76559000000.0,latest_10k,2020-01-31,2.208632947362815e-05,-4.65587645351754,11.185638195441319,4.4234944813803736e-05
BA,2026-03-26,297430.04,199.61000061035156,785844140.0,156862349265.0412,12927,RevenueFromContractWithCustomerExcludingAssessedTax,76559000000.0,latest_10k,2020-01-31,1.8961212897395137e-06,-5.7221338854685255,11.19551871497857,3.884978121448817e-06
BA,2026-03-27,3000000.0,194.36000061035156,785844140.0,152736667530.0412,12927,RevenueFromContractWithCustomerExcludingAssessedTax,76559000000.0,latest_10k,2020-01-31,1.9641648914527622e-05,-4.706822056038847,11.18394331075851,3.9185464804921696e-05
BA,2026-03-30,2539466.0,190.52000427246094,785844140.0,149719028910.2884,12927,RevenueFromContractWithCustomerExcludingAssessedTax,76559000000.0,latest_10k,2020-01-31,1.6961544691300713e-05,-4.770534598992044,11.17527700158244,3.3170051855431755e-05
BA,2026-04-01,3044885.59,199.02999877929688,785844140.0,156406558224.9176,12927,RevenueFromContractWithCustomerExcludingAssessedTax,76559000000.0,latest_10k,2020-01-31,1.9467761611513485e-05,-4.710683980460076,11.194254959345175,3.977175237398607e-05
BAH,2025-08-12,50997.76,106.31477355957031,123249000.0,13103189526.443481,1443646,RevenueFromContractWithCustomerExcludingAssessedTax,11962000000.0,ttm_from_filed_statements,10K(2025-05-23)+YTD(2025-07-25)-PY_YTD(2025-07-25),3.892011170034721e-06,-5.4098259219809,10.117377022765034,4.263313827119211e-06
BAH,2025-08-13,15816104.34,106.16870880126953,123249000.0,13085187191.047668,1443646,RevenueFromContractWithCustomerExcludingAssessedTax,11962000000.0,ttm_from_filed_statements,10K(2025-05-23)+YTD(2025-07-25)-PY_YTD(2025-07-25),0.0012087029485386889,-2.9176804184623903,10.116779939849998,0.001322195647884969
BAH,2025-08-14,20000.0,108.70046997070312,123249000.0,13397224223.41919,1443646,RevenueFromContractWithCustomerExcludingAssessedTax,11962000000.0,ttm_from_filed_statements,10K(2025-05-23)+YTD(2025-07-25)-PY_YTD(2025-07-25),1.49284655287315e-06,-5.8259848303629225,10.127014826026905,1.6719612104999165e-06
BAH,2025-08-15,1398898.78,105.83324432373047,123249000.0,13043841529.655457,1443646,RevenueFromContractWithCustomerExcludingAssessedTax,11962000000.0,ttm_from_filed_statements,10K(2025-05-23)+YTD(2025-07-25)-PY_YTD(2025-07-25),0.00010724591960271622,-3.9696192224787663,10.115405513898544,0.00011694522487878282
BAH,2025-08-18,2400105.0,106.97817993164062,123249000.0,13184953698.394775,1443646,RevenueFromContractWithCustomerExcludingAssessedTax,11962000000.0,ttm_from_filed_statements,10K(2025-05-23)+YTD(2025-07-25)-PY_YTD(2025-07-25),0.000182033631281709,-3.7398483673405214,10.120078609020089,0.0002006441230563451
BAH,2025-08-19,867231.42,106.69438934326172,123249000.0,13149976792.167664,1443646,RevenueFromContractWithCustomerExcludingAssessedTax,11962000000.0,ttm_from_filed_statements,10K(2025-05-23)+YTD(2025-07-25)-PY_YTD(2025-07-25),6.594927380529956e-05,-4.180789982287253,10.118924986358673,7.249886473833807e-05
BAH,2025-08-20,5698557.08,107.29131317138672,123249000.0,13223547057.060242,1443646,RevenueFromContractWithCustomerExcludingAssessedTax,11962000000.0,ttm_from_filed_statements,10K(2025-05-23)+YTD(2025-07-25)-PY_YTD(2025-07-25),0.0004309401294078247,-3.3655830622613583,10.12134796503494,0.00047638831967898343
BAH,2025-08-21,96038.8,106.87052917480469,123249000.0,13171685850.265503,1443646,RevenueFromContractWithCustomerExcludingAssessedTax,11962000000.0,ttm_from_filed_statements,10K(2025-05-23)+YTD(2025-07-25)-PY_YTD(2025-07-25),7.291306602037137e-06,-5.137194639143176,10.11964136407425,8.028657415147968e-06
BAH,2025-08-25,447759.0,107.57511138916016,123249000.0,13258524903.6026,1443646,RevenueFromContractWithCustomerExcludingAssessedTax,11962000000.0,ttm_from_filed_statements,10K(2025-05-23)+YTD(2025-07-25)-PY_YTD(2025-07-25),3.377140392732039e-05,-4.471450884723942,10.122495208694604,3.7431783982611605e-05
BAH,2025-08-26,968055.53,107.0956039428711,123249000.0,13199426090.35492,1443646,RevenueFromContractWithCustomerExcludingAssessedTax,11962000000.0,ttm_from_filed_statements,10K(2025-05-23)+YTD(2025-07-25)-PY_YTD(2025-07-25),7.3340728859975e-05,-4.134654778336524,10.120555048538389,8.092756478849692e-05
BAH,2025-08-27,1000000.0,107.90782165527344,123249000.0,13299531111.190796,1443646,RevenueFromContractWithCustomerExcludingAssessedTax,11962000000.0,ttm_from_filed_statements,10K(2025-05-23)+YTD(2025-07-25)-PY_YTD(2025-07-25),7.519062075493452e-05,-4.123836329733092,10.123836329733091,8.359806052499582e-05
BAH,2025-08-28,263176.89,108.39710998535156,123249000.0,13359835408.584595,1443646,RevenueFromContractWithCustomerExcludingAssessedTax,11962000000.0,ttm_from_filed_statements,10K(2025-05-23)+YTD(2025-07-25)-PY_YTD(2025-07-25),1.9699111699451862e-05,-4.705553357225431,10.125801107721578,2.2001077579000168e-05
BAH,2025-08-29,91519.0,105.90174102783203,123249000.0,13052283679.93927,1443646,RevenueFromContractWithCustomerExcludingAssessedTax,11962000000.0,ttm_from_filed_statements,10K(2025-05-23)+YTD(2025-07-25)-PY_YTD(2025-07-25),7.011723177658197e-06,-5.154175238155634,10.115686504228112,7.650810901187093e-06
BAH,2025-09-04,51974.55,104.46322631835938,123249000.0,12874988180.511475,1443646,RevenueFromContractWithCustomerExcludingAssessedTax,11962000000.0,ttm_from_filed_statements,10K(2025-05-23)+YTD(2025-07-25)-PY_YTD(2025-07-25),4.036861958341251e-06,-5.39395610116082,10.109746839022666,4.344971576659422e-06
BAH,2025-09-06,737300.0,100.25534057617188,123249000.0,12356370470.672607,1443646,RevenueFromContractWithCustomerExcludingAssessedTax,11962000000.0,ttm_from_filed_statements,10K(2025-05-23)+YTD(2025-07-25)-PY_YTD(2025-07-25),5.966962561942882e-05,-4.224246687008026,10.091890920911124,6.163685002507942e-05
BAH,2025-09-08,24186.45,100.25534057617188,123249000.0,12356370470.672607,1443646,RevenueFromContractWithCustomerExcludingAssessedTax,11962000000.0,ttm_from_filed_statements,10K(2025-05-23)+YTD(2025-07-25)-PY_YTD(2025-07-25),1.9574073193585165e-06,-5.708318792051153,10.091890920911124,2.021940310984785e-06
BAH,2025-09-09,59312893.62,99.51162719726562,123249000.0,12264708540.435791,1443646,RevenueFromContractWithCustomerExcludingAssessedTax,11962000000.0,ttm_from_filed_statements,10K(2025-05-23)+YTD(2025-07-25)-PY_YTD(2025-07-25),0.004836062220675689,-2.315508120151572,10.088657232054477,0.004958442870757398
BAH,2025-09-10,41774.08,100.9109878540039,123249000.0,12437178342.018127,1443646,RevenueFromContractWithCustomerExcludingAssessedTax,11962000000.0,ttm_from_filed_statements,10K(2025-05-23)+YTD(2025-07-25)-PY_YTD(2025-07-25),3.3588068652894707e-06,-5.473814967801835,10.094721861907109,3.4922320682160176e-06
BAH,2025-09-11,497309.12,100.30427551269531,123249000.0,12362401652.664185,1443646,RevenueFromContractWithCustomerExcludingAssessedTax,11962000000.0,ttm_from_filed_statements,10K(2025-05-23)+YTD(2025-07-25)-PY_YTD(2025-07-25),4.02275491423486e-05,-4.3954764259516645,10.092102849650724,4.157407791339241e-05
BAH,2025-09-12,1825147.7,101.61556243896484,123249000.0,12524016455.039978,1443646,RevenueFromContractWithCustomerExcludingAssessedTax,11962000000.0,ttm_from_filed_statements,10K(2025-05-23)+YTD(2025-07-25)-PY_YTD(2025-07-25),0.0001457318190655614,-3.836445614078462,10.097743629555575,0.00015257880789165692
BAH,2025-09-15,292135.27,102.37886047363281,126887000.0,12990546468.917847,1443646,RevenueFromContractWithCustomerExcludingAssessedTax,11962000000.0,ttm_from_filed_statements,10K(2025-05-23)+YTD(2025-07-25)-PY_YTD(2025-07-25),2.248829721667096e-05,-4.648043427507911,10.11362742077616,2.4421941982945997e-05
BAH,2025-09-16,4884815.800000001,99.44313049316406,126887000.0,12618040498.886108,1443646,RevenueFromContractWithCustomerExcludingAssessedTax,11962000000.0,ttm_from_filed_statements,10K(2025-05-23)+YTD(2025-07-25)-PY_YTD(2025-07-25),0.00038712950718704865,-3.412143725296586,10.100991916984574,0.00040836112690185593
BAH,2025-09-17,10896850.34,99.64862823486328,123248686.0,12281562491.649399,1443646,RevenueFromContractWithCustomerExcludingAssessedTax,11962000000.0,ttm_from_filed_statements,10K(2025-05-23)+YTD(2025-07-25)-PY_YTD(2025-07-25),0.0008872527699475612,-3.0519526361380893,10.089253622369814,0.0009109555542551413
BAH,2025-09-18,13014626.92,99.40398406982422,123248686.0,12251410419.770767,1443646,RevenueFromContractWithCustomerExcludingAssessedTax,11962000000.0,ttm_from_filed_statements,10K(2025-05-23)+YTD(2025-07-25)-PY_YTD(2025-07-25),0.0010622962152176038,-2.9737543658375216,10.08818608888534,0.0010879975689684
BAH,2025-09-19,10058926.55,99.04190063476562,123248686.0,12206784112.17743,1443646,RevenueFromContractWithCustomerExcludingAssessedTax,11962000000.0,ttm_from_filed_statements,10K(2025-05-23)+YTD(2025-07-25)-PY_YTD(2025-07-25),0.000824043946182784,-3.084049626803177,10.086601263757093,0.0008409067505433874
BAH,2025-09-22,123235.16,99.95198059082031,123248686.0,12318950270.916107,1443646,RevenueFromContractWithCustomerExcludingAssessedTax,11962000000.0,ttm_from_filed_statements,10K(2025-05-23)+YTD(2025-07-25)-PY_YTD(2025-07-25),1.0003706264725066e-05,-4.999839068788985,10.090573702067699,1.0302220364487545e-05
BAH,2025-09-23,1791627.66,97.6523208618164,126151125.0,12318950135.57911,1443646,RevenueFromContractWithCustomerExcludingAssessedTax,11962000000.0,ttm_from_filed_statements,10K(2025-05-23)+YTD(2025-07-25)-PY_YTD(2025-07-25),0.00014543671662615884,-3.8373259386273144,10.090573697296504,0.00014977659755893662
BAH,2025-09-24,20088048.14,96.22360229492188,123248686.0,11859432545.035706,1443646,RevenueFromContractWithCustomerExcludingAssessedTax,11962000000.0,ttm_from_filed_statements,10K(2025-05-23)+YTD(2025-07-25)-PY_YTD(2025-07-25),0.0016938456425901042,-2.771126168754859,10.074063909225918,0.0016793218642367498
BAH,2025-09-25,9329181.0,97.15324401855469,123248686.0,11974009665.924225,1443646,RevenueFromContractWithCustomerExcludingAssessedTax,11962000000.0,ttm_from_filed_statements,10K(2025-05-23)+YTD(2025-07-25)-PY_YTD(2025-07-25),0.000779119214054845,-3.108396085273548,10.07823960439058,0.0007799014378866411
BAH,2025-09-26,16243276.96,95.44073486328125,125460161.0,11974009961.905579,1443646,RevenueFromContractWithCustomerExcludingAssessedTax,11962000000.0,ttm_from_filed_statements,10K(2025-05-23)+YTD(2025-07-25)-PY_YTD(2025-07-25),0.001356544466864215,-2.867565965708328,10.078239615125753,0.0013579064504263502
BAH,2025-09-29,654156.24,96.95753479003906,125460161.0,12164307924.921402,1443646,RevenueFromContractWithCustomerExcludingAssessedTax,11962000000.0,ttm_from_filed_statements,10K(2025-05-23)+YTD(2025-07-25)-PY_YTD(2025-07-25),5.377669194478458e-05,-4.269405916770826,10.085087405257164,5.468619294432369e-05
BAH,2025-09-30,11911506.99,96.77159881591797,123485487.0,11949888007.552254,1443646,RevenueFromContractWithCustomerExcludingAssessedTax,11962000000.0,ttm_from_filed_statements,10K(2025-05-23)+YTD(2025-07-25)-PY_YTD(2025-07-25),0.0009967881692675281,-3.001397125231776,10.077363835164492,0.0009957788822939307
BAH,2025-10-20,6803234.94,95.9398193359375,123248686.0,11824456668.23169,1443646,RevenueFromContractWithCustomerExcludingAssessedTax,11962000000.0,ttm_from_filed_statements,10K(2025-05-23)+YTD(2025-07-25)-PY_YTD(2025-07-25),0.0005753528581383354,-3.240065725151839,10.072781194110902,0.0005687372462798864
BAH,2025-10-23,155000.0,96.62481689453125,123248686.0,11908881717.241577,1443646,RevenueFromContractWithCustomerExcludingAssessedTax,11962000000.0,ttm_from_filed_statements,10K(2025-05-23)+YTD(2025-07-25)-PY_YTD(2025-07-25),1.3015495802229047e-05,-4.885539283561588,10.07587098173188,1.2957699381374352e-05
BAH,2025-10-27,325000.0,89.44205474853516,128128163.0,11460046169.875237,1443646,RevenueFromContractWithCustomerExcludingAssessedTax,11724000000.0,ttm_from_filed_statements,10K(2025-05-23)+YTD(2025-10-24)-PY_YTD(2025-10-24),2.835939708989307e-05,-4.5473030063280335,10.059186367306909,2.7720914363698396e-05
BAH,2025-10-28,517893.46,84.67637634277344,121301203.0,10271346316.059158,1443646,RevenueFromContractWithCustomerExcludingAssessedTax,11724000000.0,ttm_from_filed_statements,10K(2025-05-23)+YTD(2025-10-24)-PY_YTD(2025-10-24),5.0421185700873336e-05,-4.297386945702577,10.011627372449675,4.4173785397475265e-05
BAH,2025-11-03,198591.48,85.29287719726562,121301203.0,10346128611.359589,1443646,RevenueFromContractWithCustomerExcludingAssessedTax,11724000000.0,ttm_from_filed_statements,10K(2025-05-23)+YTD(2025-10-24)-PY_YTD(2025-10-24),1.9194762356032902e-05,-4.716817260368793,10.014777872764018,1.6938884339815762e-05
BAH,2025-11-12,2342499.8,85.20480346679688,121301203.0,10335445161.901031,1443646,RevenueFromContractWithCustomerExcludingAssessedTax,11724000000.0,ttm_from_filed_statements,10K(2025-05-23)+YTD(2025-10-24)-PY_YTD(2025-10-24),0.00022664720902734067,-3.6446496245492073,10.01432918702945,0.0001998038041624019
BAH,2025-11-13,198000.0,83.03236389160156,121301203.0,10071925627.985031,1443646,RevenueFromContractWithCustomerExcludingAssessedTax,11724000000.0,ttm_from_filed_statements,10K(2025-05-23)+YTD(2025-10-24)-PY_YTD(2025-10-24),1.9658604254369526e-05,-4.706447319980158,10.003112510241689,1.6888433981576253e-05
BAH,2025-11-16,100000.0,81.66732025146484,123203164.0,10061672250.381744,1443646,RevenueFromContractWithCustomerExcludingAssessedTax,11724000000.0,ttm_from_filed_statements,10K(2025-05-23)+YTD(2025-10-24)-PY_YTD(2025-10-24),9.938705764959294e-06,-5.00267016648119,10.00267016648119,8.5295121119072e-06
BAH,2025-11-17,150000.0,81.66732025146484,123248687.0,10065389991.801552,1443646,RevenueFromContractWithCustomerExcludingAssessedTax,11724000000.0,ttm_from_filed_statements,10K(2025-05-23)+YTD(2025-10-24)-PY_YTD(2025-10-24),1.4902552223230079e-05,-4.826739347591361,10.002830606647043,1.2794268167860798e-05
BAH,2025-11-18,3271468.8,80.43605041503906,123248687.0,9913637601.11937,1443646,RevenueFromContractWithCustomerExcludingAssessedTax,11724000000.0,ttm_from_filed_statements,10K(2025-05-23)+YTD(2025-10-24)-PY_YTD(2025-10-24),0.0003299968116275111,-3.481490256180499,9.996233038967883,0.0002790403275332651
BAH,2025-11-19,1480000.0,79.74654388427734,123248687.0,9828656826.525063,1443646,RevenueFromContractWithCustomerExcludingAssessedTax,11724000000.0,ttm_from_filed_statements,10K(2025-05-23)+YTD(2025-10-24)-PY_YTD(2025-10-24),0.00015058008699681666,-3.8222324562840346,9.992494171678992,0.00012623677925622655
BAH,2025-11-20,4336053.83,79.2244873046875,123248687.0,9764314038.550903,1443646,RevenueFromContractWithCustomerExcludingAssessedTax,11724000000.0,ttm_from_filed_statements,10K(2025-05-23)+YTD(2025-10-24)-PY_YTD(2025-10-24),0.0004440715254426109,-3.352547073571685,9.989641738690311,0.000369844236608666
BAH,2025-11-21,11054658.83,78.70243072509766,123248687.0,9699971250.576744,1443646,RevenueFromContractWithCustomerExcludingAssessedTax,11724000000.0,ttm_from_filed_statements,10K(2025-05-23)+YTD(2025-10-24)-PY_YTD(2025-10-24),0.001139658927271842,-2.943225103195848,9.986770447077133,0.0009429084638348686
BAH,2025-11-24,200000.0,79.5692367553711,123248687.0,9806803955.691628,1443646,RevenueFromContractWithCustomerExcludingAssessedTax,11724000000.0,ttm_from_filed_statements,10K(2025-05-23)+YTD(2025-10-24)-PY_YTD(2025-10-24),2.039400409181474e-05,-4.690497497897257,9.99152749356124,1.70590242238144e-05
BAH,2025-11-25,4054713.92,79.54954528808594,123248687.0,9804377008.203629,1443646,RevenueFromContractWithCustomerExcludingAssessedTax,11724000000.0,ttm_from_filed_statements,10K(2025-05-23)+YTD(2025-10-24)-PY_YTD(2025-10-24),0.0004135616079030105,-3.3834597848313535,9.991420002848749,0.00034584731490958716
BAH,2025-11-26,115659.2,82.39623260498047,123248687.0,10155227482.310432,1443646,RevenueFromContractWithCustomerExcludingAssessedTax,11724000000.0,ttm_from_filed_statements,10K(2025-05-23)+YTD(2025-10-24)-PY_YTD(2025-10-24),1.1389129411573377e-05,-4.9435094722510176,10.006689656269199,9.865165472534971e-06
BAH,2025-12-02,4998.35,81.20436096191406,123248687.0,10008330867.229965,1443646,RevenueFromContractWithCustomerExcludingAssessedTax,11724000000.0,ttm_from_filed_statements,10K(2025-05-23)+YTD(2025-10-24)-PY_YTD(2025-10-24),4.994189407112805e-07,-6.301534990838484,10.000361654342937,4.263348686455135e-07
BAH,2025-12-05,1474111.05,86.33627319335938,123248687.0,10640832311.55484,1443646,RevenueFromContractWithCustomerExcludingAssessedTax,11724000000.0,ttm_from_filed_statements,10K(2025-05-23)+YTD(2025-10-24)-PY_YTD(2025-10-24),0.00013853343487043476,-3.858445397521337,10.026975599216392,0.00012573448055271238
BAH,2025-12-09,719281.01,89.97095489501953,123248687.0,11088802058.94738,1443646,RevenueFromContractWithCustomerExcludingAssessedTax,11724000000.0,ttm_from_filed_statements,10K(2025-05-23)+YTD(2025-10-24)-PY_YTD(2025-10-24),6.4865528862031e-05,-4.187986036669271,10.04488463115457,6.135116086659843e-05
BAH,2025-12-11,3623660.18,91.62578582763672,123248687.0,11292757798.599434,1443646,RevenueFromContractWithCustomerExcludingAssessedTax,11724000000.0,ttm_from_filed_statements,10K(2025-05-23)+YTD(2025-10-24)-PY_YTD(2025-10-24),0.0003208835471924687,-3.493652550111424,10.052800013710405,0.00030908053394745823
BAH,2025-12-12,9058851.0,92.96539306640625,123248687.0,11457862631.873474,1443646,RevenueFromContractWithCustomerExcludingAssessedTax,11724000000.0,ttm_from_filed_statements,10K(2025-05-23)+YTD(2025-10-24)-PY_YTD(2025-10-24),0.0007906231110504061,-3.102030494755301,10.05910361119541,0.0007726757932446264
BAH,2025-12-15,9445.69,91.3893814086914,123248687.0,11263621264.363426,1443646,RevenueFromContractWithCustomerExcludingAssessedTax,11724000000.0,ttm_from_filed_statements,10K(2025-05-23)+YTD(2025-10-24)-PY_YTD(2025-10-24),8.386015277240265e-07,-6.076444350754881,10.051678039031492,8.056712726032072e-07
BAH,2025-12-16,862000.0,90.4930191040039,123248687.0,11153145787.234398,1443646,RevenueFromContractWithCustomerExcludingAssessedTax,11724000000.0,ttm_from_filed_statements,10K(2025-05-23)+YTD(2025-10-24)-PY_YTD(2025-10-24),7.728761162493033e-05,-4.111890113249901,10.047397379074614,7.352439440464006e-05
BAH,2025-12-17,3483655.98,84.1199951171875,123248687.0,10367678948.63977,1443646,RevenueFromContractWithCustomerExcludingAssessedTax,11724000000.0,ttm_from_filed_statements,10K(2025-05-23)+YTD(2025-10-24)-PY_YTD(2025-10-24),0.0003360111744641796,-3.4736462793737446,10.015681540128275,0.0002971388587512794
BAH,2025-12-18,412214.29,85.25276184082031,123248687.0,10507290960.004807,1443646,RevenueFromContractWithCustomerExcludingAssessedTax,11724000000.0,ttm_from_filed_statements,10K(2025-05-23)+YTD(2025-10-24)-PY_YTD(2025-10-24),3.923126251752825e-05,-4.406367715434748,10.021490758580452,3.515986779256226e-05
BAH,2025-12-19,88629.0,84.72085571289062,123248687.0,10441734228.130219,1443646,RevenueFromContractWithCustomerExcludingAssessedTax,11724000000.0,ttm_from_filed_statements,10K(2025-05-23)+YTD(2025-10-24)-PY_YTD(2025-10-24),8.487957849112066e-06,-5.071196785791859,10.01877263498412,7.559621289662232e-06
BAH,2025-12-22,57313508.4,83.98210144042969,123248687.0,10350683734.033768,1443646,RevenueFromContractWithCustomerExcludingAssessedTax,11724000000.0,ttm_from_filed_statements,10K(2025-05-23)+YTD(2025-10-24)-PY_YTD(2025-10-24),0.005537171250972455,-2.2567120446292526,10.01496903888571,0.0048885626407369496
BAH,2025-12-30,800026.0,83.84420013427734,123248687.0,10333687579.114906,1443646,RevenueFromContractWithCustomerExcludingAssessedTax,11724000000.0,ttm_from_filed_statements,10K(2025-05-23)+YTD(2025-10-24)-PY_YTD(2025-10-24),7.741921689377445e-05,-4.1111512259443765,10.014255327277626,6.823831456840669e-05
BAH,2026-01-06,94852.3,88.00093841552734,123248687.0,10846000114.481606,1443646,RevenueFromContractWithCustomerExcludingAssessedTax,11724000000.0,ttm_from_filed_statements,10K(2025-05-23)+YTD(2025-10-24)-PY_YTD(2025-10-24),8.745371473245053e-06,-5.058221738460421,10.035269604683497,8.090438416922553e-06
BAH,2026-01-12,649832.93,94.73841857910156,123248687.0,11676385698.330673,1443646,RevenueFromContractWithCustomerExcludingAssessedTax,11724000000.0,ttm_from_filed_statements,10K(2025-05-23)+YTD(2025-10-24)-PY_YTD(2025-10-24),5.56536026463141e-05,-4.254506717065623,10.067308432315471,5.542757847151143e-05
BAH,2026-01-13,2673000.0,95.31957244873047,123248687.0,11748012149.707405,1443646,RevenueFromContractWithCustomerExcludingAssessedTax,11724000000.0,ttm_from_filed_statements,10K(2025-05-23)+YTD(2025-10-24)-PY_YTD(2025-10-24),0.0002275278545797702,-3.6429654282386035,10.06996438699514,0.00022799385875127943
BAH,2026-01-14,4636.97,93.88145446777344,123248687.0,11570765996.80336,1443646,RevenueFromContractWithCustomerExcludingAssessedTax,11724000000.0,ttm_from_filed_statements,10K(2025-05-23)+YTD(2025-10-24)-PY_YTD(2025-10-24),4.007487491563696e-07,-6.397127824520503,10.063362110652106,3.9551091777550326e-07
BAH,2026-01-15,1904993.87,94.90586853027344,123248687.0,11697023684.95082,1443646,RevenueFromContractWithCustomerExcludingAssessedTax,11724000000.0,ttm_from_filed_statements,10K(2025-05-23)+YTD(2025-10-24)-PY_YTD(2025-10-24),0.00016286141853768586,-3.788181786782489,10.068075369298349,0.00016248668287273968
BAH,2026-01-16,7294841.0,95.65447998046875,123248687.0,11789289063.26056,1443646,RevenueFromContractWithCustomerExcludingAssessedTax,11724000000.0,ttm_from_filed_statements,10K(2025-05-23)+YTD(2025-10-24)-PY_YTD(2025-10-24),0.0006187685246206414,-3.2084717860056955,10.07148761635783,0.0006222143466393722
BAH,2026-01-20,15783525.03,95.94013977050781,123248687.0,11824496257.31157,1443646,RevenueFromContractWithCustomerExcludingAssessedTax,11724000000.0,ttm_from_filed_statements,10K(2025-05-23)+YTD(2025-10-24)-PY_YTD(2025-10-24),0.0013348158506321485,-2.874578644839237,10.072782648155739,0.0013462576791197544
BAH,2026-01-21,6226976.42,92.05918884277344,123248687.0,11346174151.156876,1443646,RevenueFromContractWithCustomerExcludingAssessedTax,11724000000.0,ttm_from_filed_statements,10K(2025-05-23)+YTD(2025-10-24)-PY_YTD(2025-10-24),0.0005488172785859352,-3.2605722240571353,10.054849445217226,0.0005311307079495053
BAH,2026-01-22,6513143.92,94.13755798339844,123248687.0,11602330418.840225,1443646,RevenueFromContractWithCustomerExcludingAssessedTax,11724000000.0,ttm_from_filed_statements,10K(2025-05-23)+YTD(2025-10-24)-PY_YTD(2025-10-24),0.0005613651469039146,-3.250754554610704,10.064545229433222,0.0005555393995223474
BAH,2026-01-23,907028.32,94.32471466064453,123248687.0,11625397233.57409,1443646,RevenueFromContractWithCustomerExcludingAssessedTax,11683000000.0,ttm_from_filed_statements,10K(2025-05-23)+YTD(2026-01-23)-PY_YTD(2026-01-23),7.802127546923788e-05,-4.107786954245657,10.065407801424515,7.763659334075152e-05
BAH,2026-01-27,744156.0,92.52214813232422,120594389.0,11157651922.98513,1443646,RevenueFromContractWithCustomerExcludingAssessedTax,11683000000.0,ttm_from_filed_statements,10K(2025-05-23)+YTD(2026-01-23)-PY_YTD(2026-01-23),6.669467779927909e-05,-4.1759088211753035,10.047572808921926,6.36956261234272e-05
BAH,2026-01-28,18763003.06,88.21764373779297,120594389.0,10638552845.57882,1443646,RevenueFromContractWithCustomerExcludingAssessedTax,11683000000.0,ttm_from_filed_statements,10K(2025-05-23)+YTD(2026-01-23)-PY_YTD(2026-01-23),0.0017636800166666979,-2.753580205826386,10.026882555221789,0.0016060089925532825
BAH,2026-01-29,5690346.07,89.73455810546875,120594389.0,10821484206.914001,1443646,RevenueFromContractWithCustomerExcludingAssessedTax,11683000000.0,ttm_from_filed_statements,10K(2025-05-23)+YTD(2026-01-23)-PY_YTD(2026-01-23),0.0005258378574691591,-3.279148150260659,10.034286829963458,0.00048706206197038436
BAH,2026-01-30,24324201.86,87.40008544921875,120594389.0,10539959903.296326,1443646,RevenueFromContractWithCustomerExcludingAssessedTax,11683000000.0,ttm_from_filed_statements,10K(2025-05-23)+YTD(2026-01-23)-PY_YTD(2026-01-23),0.002307807817408557,-2.6368003598638405,10.022838958712365,0.0020820167645296582
BAH,2026-02-02,37898.0,87.0947265625,120594389.0,10503135334.926758,1443646,RevenueFromContractWithCustomerExcludingAssessedTax,11683000000.0,ttm_from_filed_statements,10K(2025-05-23)+YTD(2026-01-23)-PY_YTD(2026-01-23),3.6082558961204014e-06,-5.442702670040258,10.021318961489001,3.243858597962852e-06
BAH,2026-02-04,3985819.83,81.75596618652344,120594389.0,9859310789.368454,1443646,RevenueFromContractWithCustomerExcludingAssessedTax,11683000000.0,ttm_from_filed_statements,10K(2025-05-23)+YTD(2026-01-23)-PY_YTD(2026-01-23),0.00040426962037732,-3.3933288933391257,9.993846556844272,0.00034116407001626294
BAH,2026-02-05,272017.28,83.76538848876953,120594389.0,10101635844.150795,1443646,RevenueFromContractWithCustomerExcludingAssessedTax,11683000000.0,ttm_from_filed_statements,10K(2025-05-23)+YTD(2026-01-23)-PY_YTD(2026-01-23),2.6928042566245115e-05,-4.5697952148608705,10.00439170849167,2.328317041855688e-05
BAH,2026-02-06,317195.56,83.25318145751953,120594389.0,10039866550.175697,1443646,RevenueFromContractWithCustomerExcludingAssessedTax,11683000000.0,ttm_from_filed_statements,10K(2025-05-23)+YTD(2026-01-23)-PY_YTD(2026-01-23),3.159360320326659e-05,-4.50040084063306,10.001727940208653,2.715018060429684e-05
BAH,2026-02-09,360000.0,87.67588806152344,120594389.0,10573220150.811813,1443646,RevenueFromContractWithCustomerExcludingAssessedTax,11683000000.0,ttm_from_filed_statements,10K(2025-05-23)+YTD(2026-01-23)-PY_YTD(2026-01-23),3.4048283764559576e-05,-4.467904774217163,10.02420727498445,3.081400325258923e-05
BAH,2026-02-10,679195.42,88.77909851074219,120594389.0,10706261140.873764,1443646,RevenueFromContractWithCustomerExcludingAssessedTax,11683000000.0,ttm_from_filed_statements,10K(2025-05-23)+YTD(2026-01-23)-PY_YTD(2026-01-23),6.34390858828397e-05,-4.197643083554556,10.02963783223416,5.813536078062142e-05
BAH,2026-02-11,254369.99,88.60179901123047,120594389.0,10684879816.060143,1443646,RevenueFromContractWithCustomerExcludingAssessedTax,11683000000.0,ttm_from_filed_statements,10K(2025-05-23)+YTD(2026-01-23)-PY_YTD(2026-01-23),2.380653731057074e-05,-4.623303768655308,10.028769641566495,2.177266027561414e-05
BAH,2026-02-12,573432.64,78.59407806396484,120594389.0,9478004823.142143,1443646,RevenueFromContractWithCustomerExcludingAssessedTax,11683000000.0,ttm_from_filed_statements,10K(2025-05-23)+YTD(2026-01-23)-PY_YTD(2026-01-23),6.050140833436461e-05,-4.218234515847953,9.976716925366071,4.9082653428057866e-05
BAH,2026-02-13,723568.14,76.76195526123047,120594389.0,9257061093.173424,1443646,RevenueFromContractWithCustomerExcludingAssessedTax,11683000000.0,ttm_from_filed_statements,10K(2025-05-23)+YTD(2026-01-23)-PY_YTD(2026-01-23),7.816391538493702e-05,-4.106993694075836,9.966473129921415,6.19334194984165e-05
BAH,2026-02-17,173578.86000000002,78.72716522216797,120594389.0,9494054387.669395,1443646,RevenueFromContractWithCustomerExcludingAssessedTax,11683000000.0,ttm_from_filed_statements,10K(2025-05-23)+YTD(2026-01-23)-PY_YTD(2026-01-23),1.828290137303608e-05,-4.737954883530334,9.977451715290183,1.485738765727981e-05
BAH,2026-02-18,5373290.44,75.84883117675781,120594389.0,9146943452.12526,1443646,RevenueFromContractWithCustomerExcludingAssessedTax,11683000000.0,ttm_from_filed_statements,10K(2025-05-23)+YTD(2026-01-23)-PY_YTD(2026-01-23),0.000587441090909066,-3.231035678291751,9.961275994215045,0.0004599238585979629
BAH,2026-02-19,91106.85,77.70486450195312,120594389.0,9370770656.940826,1443646,RevenueFromContractWithCustomerExcludingAssessedTax,11683000000.0,ttm_from_filed_statements,10K(2025-05-23)+YTD(2026-01-23)-PY_YTD(2026-01-23),9.722450088191858e-06,-5.012224277697448,9.971775308955424,7.798241033980998e-06
BAH,2026-02-20,15134860.64,79.342529296875,120594389.0,9568263842.27124,1443646,RevenueFromContractWithCustomerExcludingAssessedTax,11683000000.0,ttm_from_filed_statements,10K(2025-05-23)+YTD(2026-01-23)-PY_YTD(2026-01-23),0.0015817771007877437,-2.8008547159826143,9.980833142361586,0.0012954601249679021
BAH,2026-02-23,1697141.6,76.6329345703125,120594389.0,9241501921.783813,1443646,RevenueFromContractWithCustomerExcludingAssessedTax,11683000000.0,ttm_from_filed_statements,10K(2025-05-23)+YTD(2026-01-23)-PY_YTD(2026-01-23),0.00018364348288448057,-3.736024479230089,9.965742558161272,0.00014526590772917915
BAH,2026-02-24,4204758.62,73.7049789428711,120594389.0,8888406901.873405,1443646,RevenueFromContractWithCustomerExcludingAssessedTax,11683000000.0,ttm_from_filed_statements,10K(2025-05-23)+YTD(2026-01-23)-PY_YTD(2026-01-23),0.0004730609957914691,-3.325082858357788,9.94882392793026,0.00035990401609175724
BAH,2026-02-26,22020399.44,74.54862976074219,120594389.0,8990146456.78392,1443646,RevenueFromContractWithCustomerExcludingAssessedTax,11683000000.0,ttm_from_filed_statements,10K(2025-05-23)+YTD(2026-01-23)-PY_YTD(2026-01-23),0.0024493927374657524,-2.610941574189567,9.953766766800525,0.001884824055465206
BAH,2026-02-27,6798105.78,79.17379760742188,120594389.0,9547915747.276703,1443646,RevenueFromContractWithCustomerExcludingAssessedTax,11683000000.0,ttm_from_filed_statements,10K(2025-05-23)+YTD(2026-01-23)-PY_YTD(2026-01-23),0.0007119989283461142,-3.1475206600340977,9.979908578050024,0.0005818801489343491
BAH,2026-02-28,5996467.38,78.24082946777344,120594389.0,9435405024.519333,1443646,RevenueFromContractWithCustomerExcludingAssessedTax,11683000000.0,ttm_from_filed_statements,10K(2025-05-23)+YTD(2026-01-23)-PY_YTD(2026-01-23),0.0006355283492777754,-3.1968650719230367,9.974760547440896,0.0005132643481982368
BAH,2026-03-05,139120.0,77.76441192626953,120594389.0,9377951742.192787,1443646,RevenueFromContractWithCustomerExcludingAssessedTax,11683000000.0,ttm_from_filed_statements,10K(2025-05-23)+YTD(2026-01-23)-PY_YTD(2026-01-23),1.4834795894084059e-05,-4.828718424586965,9.97210799358162,1.190790036805615e-05
BAH,2026-03-09,230645.44,81.2779541015625,120594389.0,9801665214.047974,1443646,RevenueFromContractWithCustomerExcludingAssessedTax,11683000000.0,ttm_from_filed_statements,10K(2025-05-23)+YTD(2026-01-23)-PY_YTD(2026-01-23),2.3531250554184773e-05,-4.628354991891131,9.99129986465543,1.9741970384319095e-05
BAH,2026-03-10,222675.85,80.8213882446289,120594389.0,9746605933.492805,1443646,RevenueFromContractWithCustomerExcludingAssessedTax,11683000000.0,ttm_from_filed_statements,10K(2025-05-23)+YTD(2026-01-23)-PY_YTD(2026-01-23),2.2846501799647666e-05,-4.641180288610128,9.988853407393337,1.905981768381409e-05
BAH,2026-03-12,1920057.22,75.37242889404297,120594389.0,9089492009.923058,1443646,RevenueFromContractWithCustomerExcludingAssessedTax,11683000000.0,ttm_from_filed_statements,10K(2025-05-23)+YTD(2026-01-23)-PY_YTD(2026-01-23),0.0002112392219393406,-3.6752254408241094,9.95853961221514,0.000164346248395104
BAH,2026-03-13,14468891.0,76.53368377685547,120594389.0,9229532832.989098,1443646,RevenueFromContractWithCustomerExcludingAssessedTax,11683000000.0,ttm_from_filed_statements,10K(2025-05-23)+YTD(2026-01-23)-PY_YTD(2026-01-23),0.0015676731706597193,-2.804744474160421,9.965179719098542,0.0012384568175982196
BAH,2026-03-18,4225774.71,76.54360961914062,120594389.0,9230729833.874786,1443646,RevenueFromContractWithCustomerExcludingAssessedTax,11683000000.0,ttm_from_filed_statements,10K(2025-05-23)+YTD(2026-01-23)-PY_YTD(2026-01-23),0.00045779421411428585,-3.3393297005083906,9.96523604016933,0.0003617028768295814
BAH,2026-03-19,243288.55,78.07209777832031,120594389.0,9415056929.524796,1443646,RevenueFromContractWithCustomerExcludingAssessedTax,11683000000.0,ttm_from_filed_statements,10K(2025-05-23)+YTD(2026-01-23)-PY_YTD(2026-01-23),2.584036950823615e-05,-4.587701280373524,9.973822950386005,2.0824150475049216e-05
BAH,2026-03-20,6012089.22,80.22587585449219,120594389.0,9674790480.662338,1443646,RevenueFromContractWithCustomerExcludingAssessedTax,11683000000.0,ttm_from_filed_statements,10K(2025-05-23)+YTD(2026-01-23)-PY_YTD(2026-01-23),0.0006214180278132918,-3.206616151682486,9.985641568618341,0.0005146014910553796
BAH,2026-03-24,1118062.27,79.30282592773438,120594389.0,9563475838.728485,1443646,RevenueFromContractWithCustomerExcludingAssessedTax,11683000000.0,ttm_from_filed_statements,10K(2025-05-23)+YTD(2026-01-23)-PY_YTD(2026-01-23),0.00011690961412505146,-3.9321497729290757,9.98061576499852,9.569992895660361e-05
BAH,2026-03-26,10602612.46,79.52118682861328,120594389.0,9589808938.151466,1443646,RevenueFromContractWithCustomerExcludingAssessedTax,11683000000.0,ttm_from_filed_statements,10K(2025-05-23)+YTD(2026-01-23)-PY_YTD(2026-01-23),0.0011056124817898367,-2.9563970669833974,9.981809954622895,0.0009075248189677309
BAH,2026-03-27,137224.65,79.7296142578125,120594389.0,9614944116.626587,1443646,RevenueFromContractWithCustomerExcludingAssessedTax,11683000000.0,ttm_from_filed_statements,10K(2025-05-23)+YTD(2026-01-23)-PY_YTD(2026-01-23),1.4272017427818957e-05,-4.845514632642771,9.982946764402763,1.1745668920653942e-05
BAH,2026-03-31,23370777.39,78.35992431640625,120594389.0,9449767195.023254,1443646,RevenueFromContractWithCustomerExcludingAssessedTax,11683000000.0,ttm_from_filed_statements,10K(2025-05-23)+YTD(2026-01-23)-PY_YTD(2026-01-23),0.002473159063887657,-2.606747950623282,9.975421109338662,0.002000408918086108
BAH,2026-04-01,6569812.42,77.4468002319336,120594389.0,9339649553.97509,1443646,RevenueFromContractWithCustomerExcludingAssessedTax,11683000000.0,ttm_from_filed_statements,10K(2025-05-23)+YTD(2026-01-23)-PY_YTD(2026-01-23),0.0007034324341649192,-3.1527776109208343,9.970330580766477,0.0005623395035521698
BAH,2026-04-02,390371.92,79.76931762695312,120594389.0,9619732120.169342,1443646,RevenueFromContractWithCustomerExcludingAssessedTax,11683000000.0,ttm_from_filed_statements,10K(2025-05-23)+YTD(2026-01-23)-PY_YTD(2026-01-23),4.0580331668646094e-05,-4.3916844077394845,9.983162978446119,3.341367114610973e-05
BAH,2026-04-03,20235882.0,82.50868225097656,120594389.0,9950084123.251663,1443646,RevenueFromContractWithCustomerExcludingAssessedTax,11683000000.0,ttm_from_filed_statements,10K(2025-05-23)+YTD(2026-01-23)-PY_YTD(2026-01-23),0.0020337397904719385,-2.6917046142408645,9.99782675251553,0.001732079260463922
CACI,2025-08-14,547298.08,503.8999938964844,21993400.0,11082474125.76294,16058,RevenueFromContractWithCustomerExcludingAssessedTax,8627824000.0,latest_10k,2025-08-07,4.938410627350081e-05,-4.306412801447854,10.044636726025828,6.343408025013027e-05
CACI,2025-08-18,4589338.48,488.7099914550781,21993400.0,10748394326.068115,16058,RevenueFromContractWithCustomerExcludingAssessedTax,8627824000.0,latest_10k,2025-08-07,0.00042697898316490523,-3.369593501368753,10.031343591003969,0.0005319230526723772
CACI,2025-08-19,14537227.91,486.2200012207031,21993400.0,10693630974.847412,16058,RevenueFromContractWithCustomerExcludingAssessedTax,8627824000.0,latest_10k,2025-08-07,0.0013594286116842022,-2.866643593788626,10.029125193009813,0.001684924021398675
CACI,2025-08-20,2236008.0,486.8500061035156,21993400.0,10707486924.23706,16058,RevenueFromContractWithCustomerExcludingAssessedTax,8627824000.0,latest_10k,2025-08-07,0.0002088265916943272,-3.680214199679419,10.029687552717437,0.0002591624493035556
CACI,2025-08-22,6015150.0,486.0199890136719,21993400.0,10689232026.373291,16058,RevenueFromContractWithCustomerExcludingAssessedTax,8627824000.0,latest_10k,2025-08-07,0.0005627298560980772,-3.249700042381692,10.028946504208848,0.0006971804246354585
CACI,2025-08-25,123536.15,481.4200134277344,21993400.0,10588062923.321533,16058,RevenueFromContractWithCustomerExcludingAssessedTax,8627824000.0,latest_10k,2025-08-07,1.1667492996088658e-05,-4.933022451146553,10.024816513586066,1.4318343767791276e-05
CACI,2025-08-26,165855.26,484.80999755859375,21993400.0,10662620200.305176,16058,RevenueFromContractWithCustomerExcludingAssessedTax,8627824000.0,latest_10k,2025-08-07,1.555483144708212e-05,-4.808134690566127,10.027863940028805,1.922330126344719e-05
CACI,2025-08-29,1727302.19,479.7099914550781,21993400.0,10550453726.068115,16058,RevenueFromContractWithCustomerExcludingAssessedTax,8627824000.0,latest_10k,2025-08-07,0.0001637182849996463,-3.7859028133737698,10.023271137026176,0.00020020137058892254
CACI,2025-09-03,1294758.71,482.94000244140625,21993400.0,10621492649.694824,16058,RevenueFromContractWithCustomerExcludingAssessedTax,8627824000.0,latest_10k,2025-08-07,0.0001218998828791922,-3.9139967116494194,10.026185552901207,0.00015006781663603707
CACI,2025-09-05,26161.0,460.1000061035156,21993400.0,10119163474.23706,16058,RevenueFromContractWithCustomerExcludingAssessedTax,8627824000.0,latest_10k,2025-08-07,2.5852927533589848e-06,-5.587490271150507,10.00514461195646,3.0321666274138185e-06
CACI,2025-09-08,24689390.79,474.45001220703125,21993400.0,10434768898.474121,16058,RevenueFromContractWithCustomerExcludingAssessedTax,8627824000.0,latest_10k,2025-08-07,0.002366069726145093,-2.6259724612153303,10.018482835075757,0.002861601116341733
CACI,2025-09-10,11109655.83,479.6199951171875,22012500.0,10557635142.51709,16058,RevenueFromContractWithCustomerExcludingAssessedTax,8627824000.0,latest_10k,2025-08-07,0.0010522863955830263,-2.9778660443135854,10.023566649298822,0.0012876544340728322
CACI,2025-09-11,1558622.8,486.239990234375,21993800.0,10694265097.216797,16058,RevenueFromContractWithCustomerExcludingAssessedTax,8627824000.0,latest_10k,2025-08-07,0.00014574379686974794,-3.8364099205659894,10.029150945505059,0.00018065074113704683
CACI,2025-09-12,16648.92,493.1199951171875,21993800.0,10845582548.608398,16058,RevenueFromContractWithCustomerExcludingAssessedTax,8627824000.0,latest_10k,2025-08-07,1.5350876659120749e-06,-5.813866817753758,10.035252884229541,1.9296777495693e-06
CACI,2025-09-15,593380.38,495.9599914550781,21993800.0,10908044860.064697,16058,RevenueFromContractWithCustomerExcludingAssessedTax,8627824000.0,latest_10k,2025-08-07,5.439841764608223e-05,-4.264413732977732,10.037746915338394,6.87752068192397e-05
CACI,2025-09-16,1316894.8,495.05999755859375,21993800.0,10888250574.3042,16058,RevenueFromContractWithCustomerExcludingAssessedTax,8627824000.0,latest_10k,2025-08-07,0.00012094640833375151,-3.9174070240693037,10.036958106848605,0.00015263347977427448
CACI,2025-09-17,2000837.29,491.3699951171875,21993800.0,10807093398.608398,16058,RevenueFromContractWithCustomerExcludingAssessedTax,8627824000.0,latest_10k,2025-08-07,0.0001851411120641969,-3.732497131976002,10.033708904805962,0.0002319052046031537
CACI,2025-09-19,7063243.47,496.5,21993796.0,10919919714.0,16058,RevenueFromContractWithCustomerExcludingAssessedTax,8627824000.0,latest_10k,2025-08-07,0.0006468219231451393,-3.1892152686982187,10.038219445338045,0.0008186587336505705
CACI,2025-09-22,6559890.91,498.80999755859375,21993796.0,10970725329.064209,16058,RevenueFromContractWithCustomerExcludingAssessedTax,8627824000.0,latest_10k,2025-08-07,0.0005979450504171497,-3.223338724702416,10.040235341886161,0.0007603181184502605
CACI,2025-09-23,1400952.0,501.7699890136719,21993796.0,11035826777.28894,16058,RevenueFromContractWithCustomerExcludingAssessedTax,8627824000.0,latest_10k,2025-08-07,0.00012694581278523454,-3.8963816194397864,10.04280487500233,0.00016237605217723496
CACI,2025-09-24,10099999.26,492.95001220703125,21993796.0,10841842006.678955,16058,RevenueFromContractWithCustomerExcludingAssessedTax,8627824000.0,latest_10k,2025-08-07,0.000931575949343114,-3.0307817322481356,10.03510307421118,0.001170631118576364
CACI,2025-09-25,39901786.05,497.2300109863281,21993796.0,10935975426.71106,16058,RevenueFromContractWithCustomerExcludingAssessedTax,8627824000.0,latest_10k,2025-08-07,0.003648671882760463,-2.437865190050998,10.03885752569512,0.004624779788043891
CACI,2025-09-26,5654341.75,476.239990234375,22963160.0,10935975094.15039,16058,RevenueFromContractWithCustomerExcludingAssessedTax,8627824000.0,latest_10k,2025-08-07,0.0005170404743354331,-3.2864754586613416,10.038857512488317,0.0006553612764933545
CACI,2025-09-29,640045.45,485.5899963378906,21993796.0,10679967319.096313,16058,RevenueFromContractWithCustomerExcludingAssessedTax,8627824000.0,latest_10k,2025-08-07,5.9929532635888013e-05,-4.222359109162289,10.028569923745174,7.418387880883986e-05
CACI,2025-09-30,11260279.89,488.05999755859375,21993796.0,10734292022.064209,16058,RevenueFromContractWithCustomerExcludingAssessedTax,8627824000.0,latest_10k,2025-08-07,0.0010490007041782197,-2.9792242202710635,10.030773405917103,0.0013051123771184948
CACI,2025-10-27,13879.0,585.5499877929688,22079710.0,12928773920.97229,16058,RevenueFromContractWithCustomerExcludingAssessedTax,8858558000.0,ttm_from_filed_statements,10K(2025-08-07)+YTD(2025-10-23)-PY_YTD(2025-10-23),1.0734969986199782e-06,-5.969199165465835,10.11155734122968,1.5667335473787042e-06
CACI,2025-11-13,6212189.36,586.6500244140625,22079710.0,12953062410.55542,16058,RevenueFromContractWithCustomerExcludingAssessedTax,8858558000.0,ttm_from_filed_statements,10K(2025-08-07)+YTD(2025-10-23)-PY_YTD(2025-10-23),0.00047959232829278286,-3.3191277726264814,10.112372458052238,0.0007012641741466275
CACI,2025-11-14,1690000.0,587.2899780273438,22079710.0,12967192400.750122,16058,RevenueFromContractWithCustomerExcludingAssessedTax,8858558000.0,ttm_from_filed_statements,10K(2025-08-07)+YTD(2025-10-23)-PY_YTD(2025-10-23),0.0001303289060400027,-3.8849592501247234,10.112845954738397,0.00019077597053606242
CACI,2025-11-19,1600000.0,597.25,22079710.0,13187106797.5,16058,RevenueFromContractWithCustomerExcludingAssessedTax,8858558000.0,ttm_from_filed_statements,10K(2025-08-07)+YTD(2025-10-23)-PY_YTD(2025-10-23),0.0001213306318489304,-3.9160295407367913,10.120149523392715,0.0001806163034660946
CACI,2025-12-02,2422724.32,612.25,22079710.0,13518302447.5,16058,RevenueFromContractWithCustomerExcludingAssessedTax,8858558000.0,ttm_from_filed_statements,10K(2025-08-07)+YTD(2025-10-23)-PY_YTD(2025-10-23),0.00017921808817408468,-3.746618159865001,10.130922158767552,0.00027348969437237977
CACI,2025-12-05,6503271.600000001,605.5999755859375,22079710.0,13371471836.94458,16058,RevenueFromContractWithCustomerExcludingAssessedTax,8858558000.0,ttm_from_filed_statements,10K(2025-08-07)+YTD(2025-10-23)-PY_YTD(2025-10-23),0.00048635420837007997,-3.313047321869313,10.126179213954737,0.0007341230480175216
CACI,2025-12-09,127145.31,593.4299926757812,22079710.0,13102762143.583374,16058,RevenueFromContractWithCustomerExcludingAssessedTax,8858558000.0,ttm_from_filed_statements,10K(2025-08-07)+YTD(2025-10-23)-PY_YTD(2025-10-23),9.703702822863577e-06,-5.013062512261717,10.117362857279257,1.4352822434531669e-05
CACI,2025-12-15,3300000.0,572.4500122070312,22079710.0,12639530259.02771,16058,RevenueFromContractWithCustomerExcludingAssessedTax,8858558000.0,ttm_from_filed_statements,10K(2025-08-07)+YTD(2025-10-23)-PY_YTD(2025-10-23),0.0002610856521066512,-3.583216994060328,10.101730933938216,0.0003725211258988201
CACI,2025-12-18,1605927.18,560.75,22079710.0,12381197382.5,16058,RevenueFromContractWithCustomerExcludingAssessedTax,8858558000.0,ttm_from_filed_statements,10K(2025-08-07)+YTD(2025-10-23)-PY_YTD(2025-10-23),0.00012970693628306672,-3.887036798712271,10.092762647225806,0.00018128539430458095
CACI,2025-12-23,198172.26,550.0,22079710.0,12143840500.0,16058,RevenueFromContractWithCustomerExcludingAssessedTax,8858558000.0,ttm_from_filed_statements,10K(2025-08-07)+YTD(2025-10-23)-PY_YTD(2025-10-23),1.6318746940063978e-05,-4.787313192267738,10.084356054465044,2.2370713156701127e-05
CACI,2025-12-29,3460000.0,541.969970703125,22079710.0,11966539781.833496,16058,RevenueFromContractWithCustomerExcludingAssessedTax,8858558000.0,ttm_from_filed_statements,10K(2025-08-07)+YTD(2025-10-23)-PY_YTD(2025-10-23),0.0002891395560521727,-3.538892490134819,10.077968588927595,0.00039058275624542955
CACI,2026-01-02,632416.0,532.8099975585938,22079710.0,11764290231.194458,16058,RevenueFromContractWithCustomerExcludingAssessedTax,8858558000.0,ttm_from_filed_statements,10K(2025-08-07)+YTD(2025-10-23)-PY_YTD(2025-10-23),5.37572592627026e-05,-4.269562881275411,10.070565730239267,7.139040010800855e-05
CACI,2026-01-06,3237112.83,568.6300048828125,22079710.0,12555185605.111084,16058,RevenueFromContractWithCustomerExcludingAssessedTax,8858558000.0,ttm_from_filed_statements,10K(2025-08-07)+YTD(2025-10-23)-PY_YTD(2025-10-23),0.00025783074275558345,-3.5886653002755127,10.098823137334065,0.00036542209578579267
CACI,2026-01-08,973236.0,562.7899780273438,22079710.0,12426239505.750122,16058,RevenueFromContractWithCustomerExcludingAssessedTax,8858558000.0,ttm_from_filed_statements,10K(2025-08-07)+YTD(2025-10-23)-PY_YTD(2025-10-23),7.83210398889901e-05,-4.106121554924887,10.094339720033835,0.00010986393045008002
CACI,2026-01-09,3312407.67,584.0900268554688,22079710.0,12896538406.860962,16058,RevenueFromContractWithCustomerExcludingAssessedTax,8858558000.0,ttm_from_filed_statements,10K(2025-08-07)+YTD(2025-10-23)-PY_YTD(2025-10-23),0.0002568447102237759,-3.5903293742428612,10.110473155838786,0.00037392176808008704
CACI,2026-01-14,38327.05,604.5700073242188,22079710.0,13348730436.416626,16058,RevenueFromContractWithCustomerExcludingAssessedTax,8858558000.0,ttm_from_filed_statements,10K(2025-08-07)+YTD(2025-10-23)-PY_YTD(2025-10-23),2.8712131226682134e-06,-5.541934569759322,10.125439963028139,4.326556308600113e-06
CACI,2026-01-15,983000.0,611.3300170898438,22079710.0,13497989491.638794,16058,RevenueFromContractWithCustomerExcludingAssessedTax,8858558000.0,ttm_from_filed_statements,10K(2025-08-07)+YTD(2025-10-23)-PY_YTD(2025-10-23),7.282566048883875e-05,-4.137715567869437,10.130269085701572,0.00011096614144198187
CACI,2026-01-16,6164447.48,627.5,22079710.0,13855018025.0,16058,RevenueFromContractWithCustomerExcludingAssessedTax,8858558000.0,ttm_from_filed_statements,10K(2025-08-07)+YTD(2025-10-23)-PY_YTD(2025-10-23),0.0004449252587673916,-3.3517129383025033,10.141607095123875,0.0006958748229678014
CACI,2026-01-23,498007.97,655.4600219726562,22079710.0,14472367201.749878,16058,RevenueFromContractWithCustomerExcludingAssessedTax,8748112000.0,ttm_from_filed_statements,10K(2025-08-07)+YTD(2026-01-22)-PY_YTD(2026-01-22),3.441095454928652e-05,-4.463303280016734,10.160539573176699,5.69274798950905e-05
CACI,2026-01-27,20509303.51,642.780029296875,22085774.0,14196294458.76416,16058,RevenueFromContractWithCustomerExcludingAssessedTax,8748112000.0,ttm_from_filed_statements,10K(2025-08-07)+YTD(2026-01-22)-PY_YTD(2026-01-22),0.001444694146741826,-2.840224086777281,10.1521749988814,0.0023444262613464485
CACI,2026-01-28,61424.55,643.2100219726562,22085774.0,14205791179.82312,16058,RevenueFromContractWithCustomerExcludingAssessedTax,8748112000.0,ttm_from_filed_statements,10K(2025-08-07)+YTD(2026-01-22)-PY_YTD(2026-01-22),4.323909117236849e-06,-5.364123442909601,10.152465426405508,7.02146360266078e-06
CACI,2026-01-29,28348302.52,638.239990234375,22085774.0,14096024182.078613,16058,RevenueFromContractWithCustomerExcludingAssessedTax,8748112000.0,ttm_from_filed_statements,10K(2025-08-07)+YTD(2026-01-22)-PY_YTD(2026-01-22),0.002011084980688486,-2.696569577407087,10.149096636111553,0.0032405052107243254
CACI,2026-01-30,738795.0,623.1300048828125,22085774.0,13762308460.460693,16058,RevenueFromContractWithCustomerExcludingAssessedTax,8748112000.0,ttm_from_filed_statements,10K(2025-08-07)+YTD(2026-01-22)-PY_YTD(2026-01-22),5.368249099506587e-05,-4.270167340076182,10.138691287646013,8.445193660072025e-05
CACI,2026-02-04,1152003.0,618.8400268554688,22085774.0,13667560975.283813,16058,RevenueFromContractWithCustomerExcludingAssessedTax,8748112000.0,ttm_from_filed_statements,10K(2025-08-07)+YTD(2026-01-22)-PY_YTD(2026-01-22),8.428738690709065e-05,-4.07423741003112,10.135691020092054,0.00013168589976900158
CACI,2026-02-05,13209538.84,605.0800170898438,22085774.0,13363660509.362427,16058,RevenueFromContractWithCustomerExcludingAssessedTax,8748112000.0,ttm_from_filed_statements,10K(2025-08-07)+YTD(2026-01-22)-PY_YTD(2026-01-22),0.0009884671068039741,-3.005037778116834,10.125925434282518,0.0015099873938513818
CACI,2026-02-11,866127.11,625.7999877929688,22085774.0,13821277099.598267,16058,RevenueFromContractWithCustomerExcludingAssessedTax,8748112000.0,ttm_from_filed_statements,10K(2025-08-07)+YTD(2026-01-22)-PY_YTD(2026-01-22),6.266621411021237e-05,-4.202966541788118,10.140548174129574,9.900731837909712e-05
CACI,2026-02-12,3373249.0,572.8300170898438,22085774.0,12651394297.862427,16058,RevenueFromContractWithCustomerExcludingAssessedTax,8748112000.0,ttm_from_filed_statements,10K(2025-08-07)+YTD(2026-01-22)-PY_YTD(2026-01-22),0.0002666306116607197,-3.574089991035667,10.102138391322018,0.0003855973723244513
CACI,2026-02-17,491394.8,573.2999877929688,22085774.0,12661773964.598267,16058,RevenueFromContractWithCustomerExcludingAssessedTax,8748112000.0,ttm_from_filed_statements,10K(2025-08-07)+YTD(2026-01-22)-PY_YTD(2026-01-22),3.8809317033609753e-05,-4.4110639999073555,10.102494556318298,5.617152592467952e-05
CACI,2026-02-23,3868198.18,586.030029296875,22085774.0,12942926784.26416,16058,RevenueFromContractWithCustomerExcludingAssessedTax,8748112000.0,ttm_from_filed_statements,10K(2025-08-07)+YTD(2026-01-22)-PY_YTD(2026-01-22),0.0002988658009487394,-3.5245237781992467,10.112032494457058,0.00044217520077475007
CACI,2026-02-27,315000.0,597.1599731445312,22085774.0,13188740208.716187,16058,RevenueFromContractWithCustomerExcludingAssessedTax,8748112000.0,ttm_from_filed_statements,10K(2025-08-07)+YTD(2026-01-22)-PY_YTD(2026-01-22),2.3884009770078156e-05,-4.6218927598361725,10.120203313625774,3.600776944785343e-05
CACI,2026-03-02,663898.3999999999,610.1699829101562,22085774.0,13476076344.137573,16058,RevenueFromContractWithCustomerExcludingAssessedTax,8748112000.0,ttm_from_filed_statements,10K(2025-08-07)+YTD(2026-01-22)-PY_YTD(2026-01-22),4.9264962816036e-05,-4.307461840668762,10.129563462664066,7.589047785396436e-05
CACI,2026-03-05,2291000.99,624.5499877929688,22085774.0,13793669882.098267,16058,RevenueFromContractWithCustomerExcludingAssessedTax,8748112000.0,ttm_from_filed_statements,10K(2025-08-07)+YTD(2026-01-22)-PY_YTD(2026-01-22),0.00016609075101712507,-3.7796545511371886,10.139679827996357,0.00026188519191340943
CACI,2026-03-06,2173436.68,612.52001953125,22085774.0,13527978721.842773,16058,RevenueFromContractWithCustomerExcludingAssessedTax,8748112000.0,ttm_from_filed_statements,10K(2025-08-07)+YTD(2026-01-22)-PY_YTD(2026-01-22),0.00016066233727073277,-3.794085919332041,10.131232911488448,0.00024844637105697777
CACI,2026-03-12,59249157.3,604.3800048828125,22085774.0,13348200197.960693,16058,RevenueFromContractWithCustomerExcludingAssessedTax,8748112000.0,ttm_from_filed_statements,10K(2025-08-07)+YTD(2026-01-22)-PY_YTD(2026-01-22),0.004438737539241578,-2.352740533872805,10.125422711634059,0.0067727936382158795
CACI,2026-03-24,2117045.96,589.280029296875,22085774.0,13014705549.76416,16058,RevenueFromContractWithCustomerExcludingAssessedTax,8748112000.0,ttm_from_filed_statements,10K(2025-08-07)+YTD(2026-01-22)-PY_YTD(2026-01-22),0.00016266568243938204,-3.788704060457352,10.114434346893262,0.000242000326470443
CACI,2026-03-25,6811429.0,576.7100219726562,22085774.0,12737087208.82312,16058,RevenueFromContractWithCustomerExcludingAssessedTax,8748112000.0,ttm_from_filed_statements,10K(2025-08-07)+YTD(2026-01-22)-PY_YTD(2026-01-22),0.000534771324740687,-3.2718318883224855,10.105070122365984,0.0007786170318807075
CACI,2026-03-27,3896703.33,579.8400268554688,22085774.0,12806215789.283813,16058,RevenueFromContractWithCustomerExcludingAssessedTax,8748112000.0,ttm_from_filed_statements,10K(2025-08-07)+YTD(2026-01-22)-PY_YTD(2026-01-22),0.00030428218562900876,-3.5167234729112704,10.107420815566053,0.00044543363528038967
CACI,2026-03-30,85568.45,563.6699829101562,22085774.0,12449087853.137573,16058,RevenueFromContractWithCustomerExcludingAssessedTax,8748112000.0,ttm_from_filed_statements,10K(2025-08-07)+YTD(2026-01-22)-PY_YTD(2026-01-22),6.8734714550539524e-06,-5.162823866580352,10.095137531764179,9.781361967016426e-06
CACI,2026-03-31,600000.0,558.47998046875,22085774.0,12334462632.157227,16058,RevenueFromContractWithCustomerExcludingAssessedTax,8748112000.0,ttm_from_filed_statements,10K(2025-08-07)+YTD(2026-01-22)-PY_YTD(2026-01-22),4.864419455418655e-05,-4.312968983217347,10.091120233600991,6.858622751972082e-05
CACI,2026-04-01,46265.4,543.8699951171875,22085774.0,12011789797.539307,16058,RevenueFromContractWithCustomerExcludingAssessedTax,8748112000.0,ttm_from_filed_statements,10K(2025-08-07)+YTD(2026-01-22)-PY_YTD(2026-01-22),3.85166580333247e-06,-5.414351402249749,10.079607723579597,5.288615417818153e-06
CACI,2026-04-02,767500.0,561.1500244140625,22085774.0,12393432619.303467,16058,RevenueFromContractWithCustomerExcludingAssessedTax,8748112000.0,ttm_from_filed_statements,10K(2025-08-07)+YTD(2026-01-22)-PY_YTD(2026-01-22),6.192796003946281e-05,-4.208113225790466,10.09319160993969,8.773321603564289e-05
CAT,2025-12-17,379454.15,585.3529663085938,468478923.0,274225527231.1053,18230,Revenues,66341000000.0,ttm_from_filed_statements,10K(2025-02-14)+YTD(2025-11-03)-PY_YTD(2025-11-03),1.3837302231903912e-06,-5.858948573174223,11.438107880138345,5.7197532445998705e-06
EMR,2026-03-13,10974.46,131.64793395996094,562302094.0,74025908936.45975,32604,RevenueFromContractWithCustomerExcludingAssessedTax,18187000000.0,ttm_from_filed_statements,10K(2025-11-10)+YTD(2026-02-03)-PY_YTD(2026-02-03),1.482516075475675e-07,-6.829000588720848,10.869383748633648,6.034233243525595e-07
EMR,2026-03-25,3504868.0,129.62611389160156,562302094.0,72889035278.33005,32604,RevenueFromContractWithCustomerExcludingAssessedTax,18187000000.0,ttm_from_filed_statements,10K(2025-11-10)+YTD(2026-02-03)-PY_YTD(2026-02-03),4.8084982694811425e-05,-4.317990535915046,10.862662202168902,0.00019271281684719855
ETN,2025-08-28,34214.0,347.5253601074219,389300000.0,135291622689.81934,1551182,RevenueFromContractWithCustomerExcludingAssessedTax,25556000000.0,ttm_from_filed_statements,10K(2025-02-27)+YTD(2025-08-05)-PY_YTD(2025-08-05),2.52890750511891e-07,-6.597067054701093,11.131270905746018,1.33878541242761e-06
ETN,2025-09-05,1011360.0,344.3804016113281,389300000.0,134067290347.29004,1551182,RevenueFromContractWithCustomerExcludingAssessedTax,25556000000.0,ttm_from_filed_statements,10K(2025-02-27)+YTD(2025-08-05)-PY_YTD(2025-08-05),7.543674503901414e-06,-5.12241705889867,11.127322831882358,3.9574268273595244e-05
ETN,2025-12-15,3300656.4,329.2259826660156,389300000.0,128167675051.87988,1551182,RevenueFromContractWithCustomerExcludingAssessedTax,25521000000.0,ttm_from_filed_statements,10K(2025-02-27)+YTD(2025-11-04)-PY_YTD(2025-11-04),2.5752643157987815e-05,-4.589178189923051,11.107778506331266,0.0001293309980016457
ETN,2026-04-02,1184324.0,363.6578063964844,388400000.0,141244692004.39453,1551182,RevenueFromContractWithCustomerExcludingAssessedTax,27448000000.0,latest_10k,2026-02-26,8.384909784525937e-06,-5.076501605722576,11.149972135949767,4.314791605945788e-05
ETN,2026-04-06,148146.63,359.2210388183594,388400000.0,139521451477.05078,1551182,RevenueFromContractWithCustomerExcludingAssessedTax,27448000000.0,latest_10k,2026-02-26,1.0618197304546243e-06,-5.973949208974183,11.144640985687651,5.397356091518508e-06
GD,2025-08-14,2199163.79,311.9859924316406,268992992.0,83922045566.27637,40533,RevenueFromContractWithCustomerExcludingAssessedTax,48781000000.0,ttm_from_filed_statements,10K(2025-02-07)+YTD(2025-07-23)-PY_YTD(2025-07-23),2.6204840160422907e-05,-4.581618484984782,10.923876061068714,4.5082384329964534e-05
GD,2025-08-15,24365270.24,310.36456298828125,268992992.0,83485892408.99023,40533,RevenueFromContractWithCustomerExcludingAssessedTax,48781000000.0,ttm_from_filed_statements,10K(2025-02-07)+YTD(2025-07-23)-PY_YTD(2025-07-23),0.0002918489524030794,-3.534841861258664,10.921613093848128,0.0004994827953506488
GD,2025-08-18,2705402.5,308.2518310546875,268992992.0,82917582324.8789,40533,RevenueFromContractWithCustomerExcludingAssessedTax,48781000000.0,ttm_from_filed_statements,10K(2025-02-07)+YTD(2025-07-23)-PY_YTD(2025-07-23),3.2627609538830716e-05,-4.486414743623238,10.918646630635143,5.546016891822636e-05
GD,2025-08-19,3505933.58,308.1437683105469,268992992.0,82888514204.00879,40533,RevenueFromContractWithCustomerExcludingAssessedTax,48781000000.0,ttm_from_filed_statements,10K(2025-02-07)+YTD(2025-07-23)-PY_YTD(2025-07-23),4.229697701386039e-05,-4.373690670760036,10.918494354875847,7.187088374572067e-05
GD,2025-08-20,3081094.0,310.91485595703125,268992992.0,83633917361.13086,40533,RevenueFromContractWithCustomerExcludingAssessedTax,48781000000.0,ttm_from_filed_statements,10K(2025-02-07)+YTD(2025-07-23)-PY_YTD(2025-07-23),3.684024492952842e-05,-4.433677491092207,10.922382439347011,6.316176380148009e-05
GD,2025-08-21,4479629.69,311.9761962890625,268992992.0,83919410472.57422,40533,RevenueFromContractWithCustomerExcludingAssessedTax,48781000000.0,ttm_from_filed_statements,10K(2025-02-07)+YTD(2025-07-23)-PY_YTD(2025-07-23),5.3380137738979856e-05,-4.27262030991903,10.923862424310773,9.183144441483365e-05
GD,2025-08-22,18130644.55,311.0426330566406,268992992.0,83668288505.46387,40533,RevenueFromContractWithCustomerExcludingAssessedTax,48781000000.0,ttm_from_filed_statements,10K(2025-02-07)+YTD(2025-07-23)-PY_YTD(2025-07-23),0.00021669673031277553,-3.6641476416004966,10.922560885273091,0.00037167431069473774
GD,2025-08-25,320000.0,314.0692138671875,268992992.0,84482417533.22266,40533,RevenueFromContractWithCustomerExcludingAssessedTax,48781000000.0,ttm_from_filed_statements,10K(2025-02-07)+YTD(2025-07-23)-PY_YTD(2025-07-23),3.7877703946405203e-06,-5.421616354738156,10.926766333058062,6.559931120723232e-06
GD,2025-08-26,9656297.0,314.3443908691406,268992992.0,84556438218.30762,40533,RevenueFromContractWithCustomerExcludingAssessedTax,48781000000.0,ttm_from_filed_statements,10K(2025-02-07)+YTD(2025-07-23)-PY_YTD(2025-07-23),0.00011419942943988954,-3.942336065895132,10.927146680842492,0.00019795201000389495
GD,2025-08-27,206963.8,316.5946960449219,268992992.0,85161754540.4541,40533,RevenueFromContractWithCustomerExcludingAssessedTax,48781000000.0,ttm_from_filed_statements,10K(2025-02-07)+YTD(2025-07-23)-PY_YTD(2025-07-23),2.4302434950619375e-06,-5.614350210655217,10.930244600387093,4.242713351509809e-06
GD,2025-08-28,8658119.51,319.81781005859375,268992992.0,86028749622.54883,40533,RevenueFromContractWithCustomerExcludingAssessedTax,48781000000.0,ttm_from_filed_statements,10K(2025-02-07)+YTD(2025-07-23)-PY_YTD(2025-07-23),0.00010064216378812319,-3.997220034546462,10.934643610730845,0.0001774895863143437
GD,2025-08-29,37097656.2,319.2773742675781,268992992.0,85883376182.13965,40533,RevenueFromContractWithCustomerExcludingAssessedTax,48781000000.0,ttm_from_filed_statements,10K(2025-02-07)+YTD(2025-07-23)-PY_YTD(2025-07-23),0.00043195386405541484,-3.36456263664838,10.933909108755042,0.0007604939669133475
GD,2025-09-03,863961.86,318.7663879394531,268992992.0,85745924440.86621,40533,RevenueFromContractWithCustomerExcludingAssessedTax,48781000000.0,ttm_from_filed_statements,10K(2025-02-07)+YTD(2025-07-23)-PY_YTD(2025-07-23),1.0075835856149902e-05,-4.996718916139089,10.933213486908322,1.7711032164162278e-05
GD,2025-09-04,31828062.0,317.2137756347656,268992992.0,85328282611.6123,40533,RevenueFromContractWithCustomerExcludingAssessedTax,48781000000.0,ttm_from_filed_statements,10K(2025-02-07)+YTD(2025-07-23)-PY_YTD(2025-07-23),0.0003730071791655693,-3.4282828093656104,10.931093004746598,0.0006524684200815891
GD,2025-09-05,3429597.91,316.85015869140625,268992992.0,85230472202.07617,40533,RevenueFromContractWithCustomerExcludingAssessedTax,48781000000.0,ttm_from_filed_statements,10K(2025-02-07)+YTD(2025-07-23)-PY_YTD(2025-07-23),4.0239104881041086e-05,-4.395351688726192,10.930594894569408,7.030601894180112e-05
GD,2025-09-08,6643753.07,317.26287841796875,268992992.0,85341490916.18164,40533,RevenueFromContractWithCustomerExcludingAssessedTax,48781000000.0,ttm_from_filed_statements,10K(2025-02-07)+YTD(2025-07-23)-PY_YTD(2025-07-23),7.784903917984254e-05,-4.108746743166092,10.931160225715873,0.00013619550788216724
GD,2025-09-09,5073760.86,317.12530517578125,268992992.0,85304484678.14648,40533,RevenueFromContractWithCustomerExcludingAssessedTax,48781000000.0,ttm_from_filed_statements,10K(2025-02-07)+YTD(2025-07-23)-PY_YTD(2025-07-23),5.9478242898287023e-05,-4.225641869855021,10.930971863755731,0.00010401100551444211
GD,2025-09-10,913312.23,315.7593994140625,268992992.0,84937065600.51172,40533,RevenueFromContractWithCustomerExcludingAssessedTax,48781000000.0,ttm_from_filed_statements,10K(2025-02-07)+YTD(2025-07-23)-PY_YTD(2025-07-23),1.0752811196652614e-05,-4.968477979693815,10.92909725294005,1.872270412660667e-05
GD,2025-09-11,5777340.77,317.4495849609375,268992992.0,85391713667.80078,40533,RevenueFromContractWithCustomerExcludingAssessedTax,48781000000.0,ttm_from_filed_statements,10K(2025-02-07)+YTD(2025-07-23)-PY_YTD(2025-07-23),6.765692503227629e-05,-4.169687744530029,10.931415729202456,0.00011843424222545662
GD,2025-09-12,1431968.49,323.90570068359375,268992992.0,87128363552.73633,40533,RevenueFromContractWithCustomerExcludingAssessedTax,48781000000.0,ttm_from_filed_statements,10K(2025-02-07)+YTD(2025-07-23)-PY_YTD(2025-07-23),1.643515878882851e-05,-4.784226095611631,10.940159557180056,2.935504581701892e-05
GD,2025-09-15,5759013.449999999,320.495849609375,268992992.0,86211137510.00781,40533,RevenueFromContractWithCustomerExcludingAssessedTax,48781000000.0,ttm_from_filed_statements,10K(2025-02-07)+YTD(2025-07-23)-PY_YTD(2025-07-23),6.680126972378093e-05,-4.175215282602435,10.935563375415022,0.00011805853611037083
GD,2025-09-17,6452436.0,320.74151611328125,268992992.0,86277220077.92773,40533,RevenueFromContractWithCustomerExcludingAssessedTax,48781000000.0,ttm_from_filed_statements,10K(2025-02-07)+YTD(2025-07-23)-PY_YTD(2025-07-23),7.478724968389105e-05,-4.126172437749586,10.935896143335166,0.00013227354912773417
GD,2025-09-18,8416897.899999999,319.64093017578125,268992992.0,85981170173.64648,40533,RevenueFromContractWithCustomerExcludingAssessedTax,48781000000.0,ttm_from_filed_statements,10K(2025-02-07)+YTD(2025-07-23)-PY_YTD(2025-07-23),9.789233948550988e-05,-4.009251292357653,10.934403351417174,0.00017254459523175004
GD,2025-09-19,6487939.34,318.9432678222656,268992992.0,85793503889.76855,40533,RevenueFromContractWithCustomerExcludingAssessedTax,48781000000.0,ttm_from_filed_statements,10K(2025-02-07)+YTD(2025-07-23)-PY_YTD(2025-07-23),7.562273419134394e-05,-4.121347624477497,10.933454405195636,0.00013300135995572047
GD,2025-09-22,90919555.92,318.46173095703125,269400052.0,85793606879.83423,40533,RevenueFromContractWithCustomerExcludingAssessedTax,48781000000.0,ttm_from_filed_statements,10K(2025-02-07)+YTD(2025-07-23)-PY_YTD(2025-07-23),0.0010597474477013814,-2.974797620714486,10.933454926540357,0.0018638313261310757
GD,2025-09-23,2497813.11,317.06634521484375,270177159.0,85664084364.65973,40533,RevenueFromContractWithCustomerExcludingAssessedTax,48781000000.0,ttm_from_filed_statements,10K(2025-02-07)+YTD(2025-07-23)-PY_YTD(2025-07-23),2.9158230412726616e-05,-4.535238836503174,10.932798777213788,5.120463110637338e-05
GD,2025-09-24,16748392.9,317.5970458984375,268993342.0,85431490785.5481,40533,RevenueFromContractWithCustomerExcludingAssessedTax,48781000000.0,ttm_from_filed_statements,10K(2025-02-07)+YTD(2025-07-23)-PY_YTD(2025-07-23),0.00019604472245535507,-3.707644844459758,10.931617984898468,0.00034333844939628136
GD,2025-09-25,720692.0,318.0096740722656,268993342.0,85542485017.02948,40533,RevenueFromContractWithCustomerExcludingAssessedTax,48781000000.0,ttm_from_filed_statements,10K(2025-02-07)+YTD(2025-07-23)-PY_YTD(2025-07-23),8.424959829686118e-06,-5.074432161173211,10.932181862398549,1.4774030872675836e-05
GD,2025-09-26,34477271.04,318.8056335449219,268993342.0,85756592815.67584,40533,RevenueFromContractWithCustomerExcludingAssessedTax,48781000000.0,ttm_from_filed_statements,10K(2025-02-07)+YTD(2025-07-23)-PY_YTD(2025-07-23),0.0004020363905327374,-3.395734634745687,10.933267517792425,0.0007067766351653307
GD,2025-09-27,2868675.0,324.61322021484375,268993342.0,87318794962.97278,40533,RevenueFromContractWithCustomerExcludingAssessedTax,48781000000.0,ttm_from_filed_statements,10K(2025-02-07)+YTD(2025-07-23)-PY_YTD(2025-07-23),3.285289268154068e-05,-4.483426384998503,10.941107733627316,5.8807220024189746e-05
GD,2025-09-28,528000.0,324.61322021484375,268993342.0,87318794962.97278,40533,RevenueFromContractWithCustomerExcludingAssessedTax,48781000000.0,ttm_from_filed_statements,10K(2025-02-07)+YTD(2025-07-23)-PY_YTD(2025-07-23),6.046808138200905e-06,-5.218473811093503,10.941107733627316,1.0823886349193334e-05
GD,2025-09-30,424337.0,326.4115295410156,268993342.0,87802528198.56952,40533,RevenueFromContractWithCustomerExcludingAssessedTax,48781000000.0,ttm_from_filed_statements,10K(2025-02-07)+YTD(2025-07-23)-PY_YTD(2025-07-23),4.832856282228481e-06,-5.315796119564857,10.943507021223642,8.698817162419794e-06
GD,2025-10-02,11230.35,334.8427734375,268993342.0,90070476671.50195,40533,RevenueFromContractWithCustomerExcludingAssessedTax,48781000000.0,ttm_from_filed_statements,10K(2025-02-07)+YTD(2025-07-23)-PY_YTD(2025-07-23),1.2468402982875798e-07,-6.904189169628196,10.954582461125629,2.3021975769254425e-07
GD,2025-10-08,11366.77,337.47625732421875,268993342.0,90778866303.29358,40533,RevenueFromContractWithCustomerExcludingAssessedTax,48781000000.0,ttm_from_filed_statements,10K(2025-02-07)+YTD(2025-07-23)-PY_YTD(2025-07-23),1.252138351455442e-07,-6.902347682344388,10.957984754730932,2.3301633832844757e-07
GD,2025-10-10,450939.77,336.8277282714844,268993342.0,90604416306.01447,40533,RevenueFromContractWithCustomerExcludingAssessedTax,48781000000.0,ttm_from_filed_statements,10K(2025-02-07)+YTD(2025-07-23)-PY_YTD(2025-07-23),4.977017549309745e-06,-5.303030827900754,10.9571493668886,9.244168221233677e-06
GD,2025-10-14,2400000.0,330.0373229980469,268993342.0,88777842497.97809,40533,RevenueFromContractWithCustomerExcludingAssessedTax,48781000000.0,ttm_from_filed_statements,10K(2025-02-07)+YTD(2025-07-23)-PY_YTD(2025-07-23),2.7033772532314693e-05,-4.568093344769494,10.9483045864811,4.9199483405424245e-05
GD,2025-10-21,3341583.0,332.8008728027344,268993342.0,89521218995.72443,40533,RevenueFromContractWithCustomerExcludingAssessedTax,48781000000.0,ttm_from_filed_statements,10K(2025-02-07)+YTD(2025-07-23)-PY_YTD(2025-07-23),3.7327273215075364e-05,-4.4279737344481775,10.951925987277132,6.850173223181156e-05
GD,2025-10-24,94762.97,337.0547180175781,268993342.0,90665475036.41595,40533,RevenueFromContractWithCustomerExcludingAssessedTax,48952000000.0,ttm_from_filed_statements,10K(2025-02-07)+YTD(2025-10-24)-PY_YTD(2025-10-24),1.045193553135174e-06,-5.980803277710933,10.95744194135303,1.9358344909298907e-06
GD,2025-10-28,3602.24,349.1650085449219,270120442.0,94316606439.08807,40533,RevenueFromContractWithCustomerExcludingAssessedTax,48952000000.0,ttm_from_filed_statements,10K(2025-02-07)+YTD(2025-10-24)-PY_YTD(2025-10-24),3.819306202801532e-08,-7.418015521816219,10.97458816622516,7.358718744892957e-08
GD,2025-10-30,27204.97,339.0090026855469,270120442.0,91573261647.39911,40533,RevenueFromContractWithCustomerExcludingAssessedTax,48952000000.0,ttm_from_filed_statements,10K(2025-02-07)+YTD(2025-10-24)-PY_YTD(2025-10-24),2.9708420897742136e-07,-6.527120431791852,10.96176868312028,5.557478754698481e-07
GD,2025-11-04,6276139.0,337.419921875,270120442.0,91144018436.48047,40533,RevenueFromContractWithCustomerExcludingAssessedTax,48952000000.0,ttm_from_filed_statements,10K(2025-02-07)+YTD(2025-10-24)-PY_YTD(2025-10-24),6.88595818756217e-05,-4.162035618716177,10.959728172220066,0.00012821006291877758
GD,2025-11-05,7393639.05,338.99908447265625,270120442.0,91570582535.34924,40533,RevenueFromContractWithCustomerExcludingAssessedTax,48952000000.0,ttm_from_filed_statements,10K(2025-02-07)+YTD(2025-10-24)-PY_YTD(2025-10-24),8.07425140835575e-05,-4.092897732066931,10.96175597700302,0.00015103854898676253
GD,2025-11-06,60000.0,338.4464111328125,270120442.0,91421294168.50903,40533,RevenueFromContractWithCustomerExcludingAssessedTax,48952000000.0,ttm_from_filed_statements,10K(2025-02-07)+YTD(2025-10-24)-PY_YTD(2025-10-24),6.563022383976226e-07,-6.1828961145270505,10.961047364910694,1.2256904722993954e-06
GD,2025-11-17,116382.43,339.7689514160156,270120442.0,91778539334.37067,40533,RevenueFromContractWithCustomerExcludingAssessedTax,48952000000.0,ttm_from_filed_statements,10K(2025-02-07)+YTD(2025-10-24)-PY_YTD(2025-10-24),1.2680789086868293e-06,-5.89685372079104,10.96274114156881,2.3774805932341884e-06
GD,2025-11-24,735789.52,335.9098205566406,270120442.0,90736109200.90045,40533,RevenueFromContractWithCustomerExcludingAssessedTax,48952000000.0,ttm_from_filed_statements,10K(2025-02-07)+YTD(2025-10-24)-PY_YTD(2025-10-24),8.109114733704033e-06,-5.091026554821217,10.957780152615614,1.503083673802909e-05
GD,2025-12-08,11012184.02,332.9192810058594,270120442.0,89928303335.62494,40533,RevenueFromContractWithCustomerExcludingAssessedTax,48952000000.0,ttm_from_filed_statements,10K(2025-02-07)+YTD(2025-10-24)-PY_YTD(2025-10-24),0.00012245515162118646,-3.9120229396238564,10.953896399719179,0.00022495881720869423
GD,2025-12-09,7656279.26,331.6361999511719,270120442.0,89581716914.01093,40533,RevenueFromContractWithCustomerExcludingAssessedTax,48952000000.0,ttm_from_filed_statements,10K(2025-02-07)+YTD(2025-10-24)-PY_YTD(2025-10-24),8.546698504728624e-05,-4.068201616041112,10.952219381831993,0.0001564038090374244
GD,2025-12-10,2758560.0,329.9188232421875,270120442.0,89117818358.29956,40533,RevenueFromContractWithCustomerExcludingAssessedTax,48952000000.0,ttm_from_filed_statements,10K(2025-02-07)+YTD(2025-10-24)-PY_YTD(2025-10-24),3.095407911478675e-05,-4.509282111738803,10.949964546248088,5.6352345154437e-05
GD,2025-12-11,1287654.5,337.7752380371094,270120442.0,91239996595.2392,40533,RevenueFromContractWithCustomerExcludingAssessedTax,48952000000.0,ttm_from_filed_statements,10K(2025-02-07)+YTD(2025-10-24)-PY_YTD(2025-10-24),1.4112829329798423e-05,-4.850385910473858,10.960185260398244,2.6304430871057364e-05
GD,2025-12-12,43154461.62,337.0350036621094,270120442.0,91040044158.6806,40533,RevenueFromContractWithCustomerExcludingAssessedTax,48952000000.0,ttm_from_filed_statements,10K(2025-02-07)+YTD(2025-10-24)-PY_YTD(2025-10-24),0.0004740162641483654,-3.324206756830749,10.95923245970419,0.0008815668740807321
GD,2025-12-16,1166894.62,336.2552795410156,270120442.0,90829424734.4527,40533,RevenueFromContractWithCustomerExcludingAssessedTax,48952000000.0,ttm_from_filed_statements,10K(2025-02-07)+YTD(2025-10-24)-PY_YTD(2025-10-24),1.2847099091638118e-05,-4.8911949260853635,10.958226563605491,2.3837526965190392e-05
GD,2025-12-18,15446420.23,332.031005859375,270120442.0,89688362060.43896,40533,RevenueFromContractWithCustomerExcludingAssessedTax,48952000000.0,ttm_from_filed_statements,10K(2025-02-07)+YTD(2025-10-24)-PY_YTD(2025-10-24),0.00017222323917110902,-3.763908246826534,10.952736092756023,0.00031554216845072725
GD,2025-12-19,15334357.32,332.9488830566406,270120442.0,89936299454.66608,40533,RevenueFromContractWithCustomerExcludingAssessedTax,48952000000.0,ttm_from_filed_statements,10K(2025-02-07)+YTD(2025-10-24)-PY_YTD(2025-10-24),0.00017050242686190956,-3.7682694350572037,10.95393501399152,0.00031325292776597486
GD,2025-12-22,2496013.08,334.94256591796875,270120442.0,90474833950.37585,40533,RevenueFromContractWithCustomerExcludingAssessedTax,48952000000.0,ttm_from_filed_statements,10K(2025-02-07)+YTD(2025-10-24)-PY_YTD(2025-10-24),2.7587926620224885e-05,-4.559280937840186,10.95652779471473,5.0988990848177806e-05
GD,2025-12-23,13168780.75,340.69671630859375,270120442.0,92029147597.22595,40533,RevenueFromContractWithCustomerExcludingAssessedTax,48952000000.0,ttm_from_filed_statements,10K(2025-02-07)+YTD(2025-10-24)-PY_YTD(2025-10-24),0.00014309358604117886,-3.8443798324131886,10.963925399473744,0.0002690141516179114
GD,2025-12-31,1417167.93,335.0511779785156,270120442.0,90504172288.1773,40533,RevenueFromContractWithCustomerExcludingAssessedTax,48952000000.0,ttm_from_filed_statements,10K(2025-02-07)+YTD(2025-10-24)-PY_YTD(2025-10-24),1.56585922413339e-05,-4.805247285017687,10.95666860086227,2.8950153824154273e-05
GD,2026-01-05,6950000.0,338.92999267578125,270120442.0,91551919428.6388,40533,RevenueFromContractWithCustomerExcludingAssessedTax,48952000000.0,ttm_from_filed_statements,10K(2025-02-07)+YTD(2025-10-24)-PY_YTD(2025-10-24),7.591320906622016e-05,-4.119682649329172,10.961667453919286,0.00014197581304134662
GD,2026-01-06,1906524.59,350.9317321777344,270120442.0,94793834607.67523,40533,RevenueFromContractWithCustomerExcludingAssessedTax,48952000000.0,ttm_from_filed_statements,10K(2025-02-07)+YTD(2025-10-24)-PY_YTD(2025-10-24),2.011232690280506e-05,-4.69653768064208,10.976780091737444,3.894681708612518e-05
GD,2026-01-09,3745125.33,346.8653564453125,270120442.0,93695423397.49536,40533,RevenueFromContractWithCustomerExcludingAssessedTax,48952000000.0,ttm_from_filed_statements,10K(2025-02-07)+YTD(2025-10-24)-PY_YTD(2025-10-24),3.997127281352478e-05,-4.398252022190505,10.971718378062214,7.650607390913549e-05
GD,2026-01-12,639700.42,349.2834777832031,270120442.0,94348607402.09601,40533,RevenueFromContractWithCustomerExcludingAssessedTax,48952000000.0,ttm_from_filed_statements,10K(2025-02-07)+YTD(2025-10-24)-PY_YTD(2025-10-24),6.780178718205317e-06,-5.168758858447474,10.974735494304356,1.3067911831998694e-05
GD,2026-01-14,5713051.96,358.5709533691406,270120442.0,96857344412.43365,40533,RevenueFromContractWithCustomerExcludingAssessedTax,48952000000.0,ttm_from_filed_statements,10K(2025-02-07)+YTD(2025-10-24)-PY_YTD(2025-10-24),5.898418952798185e-05,-4.229264383627804,10.986132557598848,0.00011670722258538977
GD,2026-01-15,112819020.9,361.2358093261719,270120442.0,97577176481.41327,40533,RevenueFromContractWithCustomerExcludingAssessedTax,48952000000.0,ttm_from_filed_statements,10K(2025-02-07)+YTD(2025-10-24)-PY_YTD(2025-10-24),0.0011562029663923514,-2.93696592071927,10.98934824709985,0.0023046866501879393
GD,2026-01-21,880753.23,355.94287109375,270120442.0,96147445666.59277,40533,RevenueFromContractWithCustomerExcludingAssessedTax,48952000000.0,ttm_from_filed_statements,10K(2025-02-07)+YTD(2025-10-24)-PY_YTD(2025-10-24),9.16044335752983e-06,-5.038083506346443,10.982937750897543,1.7992180707631967e-05
GD,2026-01-22,7452164.65,361.50244140625,270120442.0,97649199256.73535,40533,RevenueFromContractWithCustomerExcludingAssessedTax,48952000000.0,ttm_from_filed_statements,10K(2025-02-07)+YTD(2025-10-24)-PY_YTD(2025-10-24),7.631567597812111e-05,-4.117386244593809,10.989668686335525,0.00015223412015852265
GD,2026-01-26,2325000.0,360.0060119628906,270120442.0,97244983074.0733,40533,RevenueFromContractWithCustomerExcludingAssessedTax,48952000000.0,ttm_from_filed_statements,10K(2025-02-07)+YTD(2025-10-24)-PY_YTD(2025-10-24),2.390868841253234e-05,-4.621444247841711,10.987867205067683,4.749550580160157e-05
GD,2026-01-28,356309.63,363.3258972167969,270120442.0,98141751946.24774,40533,RevenueFromContractWithCustomerExcludingAssessedTax,48952000000.0,ttm_from_filed_statements,10K(2025-02-07)+YTD(2025-10-24)-PY_YTD(2025-10-24),3.630561131567642e-06,-5.440026246173284,10.991853806383808,7.27875531132538e-06
GD,2026-01-29,28333312.790000003,353.4752197265625,270389759.0,95576079474.33728,40533,RevenueFromContractWithCustomerExcludingAssessedTax,48952000000.0,ttm_from_filed_statements,10K(2025-02-07)+YTD(2025-10-24)-PY_YTD(2025-10-24),0.0002964477403324297,-3.5280518557082803,10.980349211813751,0.0005787978589230267
GD,2026-01-30,139882743.76,346.80572509765625,270389759.0,93772716428.97552,40533,RevenueFromContractWithCustomerExcludingAssessedTax,52550000000.0,latest_10k,2026-01-30,0.0014917211432810384,-2.8263123546469453,10.972076496929715,0.0026618980734538535
GD,2026-02-02,52000.0,347.9354553222656,270389759.0,94078183912.14267,40533,RevenueFromContractWithCustomerExcludingAssessedTax,52550000000.0,latest_10k,2026-01-30,5.527317581785118e-07,-6.257485581545524,10.973488925180323,9.895337773549e-07
GD,2026-02-04,3602.24,352.1175231933594,270389759.0,95208972235.92935,40533,RevenueFromContractWithCustomerExcludingAssessedTax,52550000000.0,latest_10k,2026-01-30,3.783508964967704e-08,-7.422105232640939,10.97867787704988,6.85488106565176e-08
GD,2026-02-09,100000.0,356.83477783203125,270389759.0,96484469580.82147,40533,RevenueFromContractWithCustomerExcludingAssessedTax,52550000000.0,latest_10k,2026-01-30,1.036436230975325e-06,-5.984457413673834,10.984457413673834,1.9029495718363463e-06
GD,2026-02-10,801229.47,356.864501953125,270389759.0,96492506678.7605,40533,RevenueFromContractWithCustomerExcludingAssessedTax,52550000000.0,latest_10k,2026-01-30,8.303540840403548e-06,-5.0807366739455615,10.984493588634756,1.5246992768791626e-05
GD,2026-02-11,5278325.8,355.60589599609375,270389759.0,96152192517.36285,40533,RevenueFromContractWithCustomerExcludingAssessedTax,52550000000.0,latest_10k,2026-01-30,5.489553240345359e-05,-4.260462998564074,10.982959191718917,0.0001004438782112274
GD,2026-02-12,1379436.85,343.2281188964844,270389759.0,92805368350.44376,40533,RevenueFromContractWithCustomerExcludingAssessedTax,52550000000.0,latest_10k,2026-01-30,1.4863761380603413e-05,-4.8278712753579045,10.967573098821683,2.6249987630827786e-05
GD,2026-02-13,7226277.0,337.6883850097656,270389759.0,91307481039.88974,40533,RevenueFromContractWithCustomerExcludingAssessedTax,52550000000.0,latest_10k,2026-01-30,7.91422227149497e-05,-4.101591756707318,10.960506361775714,0.00013751240723120837
GD,2026-02-19,267960.0,346.3498229980469,270389759.0,93649445170.13455,40533,RevenueFromContractWithCustomerExcludingAssessedTax,52550000000.0,latest_10k,2026-01-30,2.8613089966864457e-06,-5.543435239604871,10.971505208723933,5.099143672692674e-06
GD,2026-02-23,3333903.0,348.26251220703125,270389759.0,94166616744.39374,40533,RevenueFromContractWithCustomerExcludingAssessedTax,52550000000.0,latest_10k,2026-01-30,3.54042984155368e-05,-4.4509440073295305,10.973896967195369,6.344249286393911e-05
GD,2026-02-24,770565.0,345.84442138671875,270389759.0,93512789750.24933,40533,RevenueFromContractWithCustomerExcludingAssessedTax,52550000000.0,latest_10k,2026-01-30,8.24020973021977e-06,-5.084061734477887,10.970871013418988,1.4663463368220741e-05
GD,2026-02-26,451351.76,340.0569152832031,270389759.0,91947907369.70871,40533,RevenueFromContractWithCustomerExcludingAssessedTax,52550000000.0,latest_10k,2026-01-30,4.90877685976237e-06,-5.309026709349808,10.96354184963576,8.588996384395814e-06
GD,2026-02-27,50508514.17,347.56878662109375,270389759.0,93979040450.39996,40533,RevenueFromContractWithCustomerExcludingAssessedTax,52550000000.0,latest_10k,2026-01-30,0.0005374444549330898,-3.2696664135752758,10.973031006453864,0.0009611515541389154
GD,2026-03-02,2138812.85,353.8418884277344,270389759.0,95675222936.07999,40533,RevenueFromContractWithCustomerExcludingAssessedTax,52550000000.0,latest_10k,2026-01-30,2.2354929357509074e-05,-4.650626698182103,10.98079948286201,4.070052997145576e-05
GD,2026-03-04,313000.0,361.4231872558594,270389759.0,97725128499.12369,40533,RevenueFromContractWithCustomerExcludingAssessedTax,52550000000.0,latest_10k,2026-01-30,3.2028609714522574e-06,-5.494461912613591,10.99000625016004,5.956232159847764e-06
GD,2026-03-05,32323167.0,362.8304138183594,270389759.0,98105628150.21646,40533,RevenueFromContractWithCustomerExcludingAssessedTax,52550000000.0,latest_10k,2026-01-30,0.000329473115961377,-3.482180016778497,10.991693922817962,0.0006150935680304472
GD,2026-03-06,1919450.14,357.4591064453125,270389759.0,96653281644.1034,40533,RevenueFromContractWithCustomerExcludingAssessedTax,52550000000.0,latest_10k,2026-01-30,1.985913056804214e-05,-4.702039768819842,10.985216604104155,3.652616822074215e-05
GD,2026-03-09,627204.9299999999,360.22406005859375,270389759.0,97400896785.24469,40533,RevenueFromContractWithCustomerExcludingAssessedTax,52550000000.0,latest_10k,2026-01-30,6.439416378094534e-06,-5.191153492152419,10.98856295551404,1.1935393529971454e-05
GD,2026-03-10,15617784.31,358.72760009765625,270389759.0,96996269337.05365,40533,RevenueFromContractWithCustomerExcludingAssessedTax,52550000000.0,latest_10k,2026-01-30,0.00016101427835053686,-3.7931356100930222,10.986755030786975,0.0002971985596574691
GD,2026-03-11,192761.1,352.39501953125,270389759.0,95284004403.85498,40533,RevenueFromContractWithCustomerExcludingAssessedTax,52550000000.0,latest_10k,2026-01-30,2.023016362568e-06,-5.694000604552846,10.979020000510337,3.6681465271170316e-06
GD,2026-03-13,2019903.11,352.03826904296875,270389759.0,95187542725.30548,40533,RevenueFromContractWithCustomerExcludingAssessedTax,52550000000.0,latest_10k,2026-01-30,2.1220246391159456e-05,-4.67324957775326,10.97858011561496,3.843773758325405e-05
GD,2026-03-16,11409455.23,348.361572265625,270389759.0,94193401569.76343,40533,RevenueFromContractWithCustomerExcludingAssessedTax,52550000000.0,latest_10k,2026-01-30,0.00012112796692610892,-3.916755572138441,10.974020480688724,0.00021711617944814463
GD,2026-03-17,2785198.17,351.17608642578125,270389759.0,94954417375.23016,40533,RevenueFromContractWithCustomerExcludingAssessedTax,52550000000.0,latest_10k,2026-01-30,2.933194944468742e-05,-4.5326590722074585,10.97751517336016,5.300091665080875e-05
GD,2026-03-18,235445.0,353.0887451171875,270389759.0,95471580697.84875,40533,RevenueFromContractWithCustomerExcludingAssessedTax,52550000000.0,latest_10k,2026-01-30,2.4661265507391484e-06,-5.607984641090852,10.979874113123929,4.480399619410086e-06
GD,2026-03-23,1451204.83,342.6731872558594,270389759.0,92655320517.87369,40533,RevenueFromContractWithCustomerExcludingAssessedTax,52550000000.0,latest_10k,2026-01-30,1.566240148853681e-05,-4.805141647561682,10.966870362728955,2.761569609895338e-05
GD,2026-03-24,2854453.67,344.2488708496094,270389759.0,93081369225.048,40533,RevenueFromContractWithCustomerExcludingAssessedTax,52550000000.0,latest_10k,2026-01-30,3.066621917753088e-05,-4.5133397646615085,10.968862763124674,5.431881389153187e-05
GD,2026-03-25,1071000.0,343.119140625,270389759.0,92775901741.88086,40533,RevenueFromContractWithCustomerExcludingAssessedTax,52550000000.0,latest_10k,2026-01-30,1.1543946002052488e-05,-4.937645713365141,10.967435184196997,2.0380589914367268e-05
GD,2026-03-26,2079470.22,349.3327941894531,270389759.0,94456010031.68283,40533,RevenueFromContractWithCustomerExcludingAssessedTax,52550000000.0,latest_10k,2026-01-30,2.2015224010653165e-05,-4.657276891122212,10.97522959635585,3.9571269647954326e-05
GD,2026-03-27,6400664.36,352.0877990722656,270389759.0,95200935137.99033,40533,RevenueFromContractWithCustomerExcludingAssessedTax,52550000000.0,latest_10k,2026-01-30,6.723320890411914e-05,-4.172416160259566,10.978641214385256,0.00012180141503330163
GD,2026-03-31,3836551.33,337.72802734375,270845862.0,91472238687.47754,40533,RevenueFromContractWithCustomerExcludingAssessedTax,52550000000.0,latest_10k,2026-01-30,4.194224810773348e-05,-4.377348295029069,10.961289308118833,7.300763710751665e-05
GD,2026-04-01,12285572.93,340.13616943359375,270845862.0,92124474007.61975,40533,RevenueFromContractWithCustomerExcludingAssessedTax,52550000000.0,latest_10k,2026-01-30,0.0001333584051615192,-3.874979606894008,10.964375021233563,0.00023378825746907706
GD,2026-04-02,4140989.48,347.3804931640625,270845862.0,94086569113.00562,40533,RevenueFromContractWithCustomerExcludingAssessedTax,52550000000.0,latest_10k,2026-01-30,4.4012546307500436e-05,-4.356423504981541,10.973527632179463,7.880094157944815e-05
GE,2025-08-19,31134.52,267.0935974121094,1060440000.0,283236734439.69727,40545,RevenueFromContractWithCustomerExcludingAssessedTax,113543000000.0,latest_10k,2019-02-26,1.0992401837138367e-07,-6.958907403968841,11.452149578572326,2.7420906616876424e-07
GE,2025-08-22,595410.0,267.352294921875,1060440000.0,283511067626.9531,40545,RevenueFromContractWithCustomerExcludingAssessedTax,113543000000.0,latest_10k,2019-02-26,2.10012965272822e-06,-5.677753893015458,11.452570017428194,5.243916401715649e-06
GE,2025-09-09,36874737.49,274.6551818847656,1060440000.0,291255341077.88086,40545,RevenueFromContractWithCustomerExcludingAssessedTax,113543000000.0,latest_10k,2019-02-26,0.0001266062189745039,-3.8975449609855284,11.464273898255131,0.00032476451643870605
GE,2025-09-17,3433451.61,291.4897155761719,1060440000.0,309107353985.5957,40545,RevenueFromContractWithCustomerExcludingAssessedTax,113543000000.0,latest_10k,2019-02-26,1.1107634825666417e-05,-4.954378406541958,11.49010933750385,3.0239218710092212e-05
GE,2025-09-23,14767.99,299.4990234375,1060439387.0,317600560821.16113,40545,RevenueFromContractWithCustomerExcludingAssessedTax,113543000000.0,latest_10k,2019-02-26,4.6498626960283494e-08,-7.332559871032116,11.501881260635791,1.3006517354658587e-07
GE,2025-10-01,58030.35,299.665771484375,1060439387.0,317777387017.7727,40545,RevenueFromContractWithCustomerExcludingAssessedTax,113543000000.0,latest_10k,2019-02-26,1.8261321406344897e-07,-6.738467799708609,11.502122989652948,5.110869890702201e-07
GE,2025-10-08,29126568.7,300.58221435546875,1060439387.0,318749219134.2159,40545,RevenueFromContractWithCustomerExcludingAssessedTax,113543000000.0,latest_10k,2019-02-26,9.137769428616438e-05,-4.039159804601928,11.50344912951694,0.00025652456514272125
GE,2025-10-27,27675383.24,302.70404052734375,1054813911.0,319296432864.14996,40545,RevenueFromContractWithCustomerExcludingAssessedTax,113543000000.0,latest_10k,2019-02-26,8.66761428925044e-05,-4.062100423122553,11.504194066688303,0.00024374363228028148
GE,2025-11-19,536886.84,294.8742370605469,1060439387.0,312696255190.579,40545,RevenueFromContractWithCustomerExcludingAssessedTax,113543000000.0,latest_10k,2019-02-26,1.7169596088471975e-06,-5.765239921415152,11.49512268022021,4.728489118659891e-06
GE,2025-11-25,350000.0,292.92169189453125,1060439387.0,310625699391.6396,40545,RevenueFromContractWithCustomerExcludingAssessedTax,113543000000.0,latest_10k,2019-02-26,1.126758026414025e-06,-5.9481693395672535,11.492237383917528,3.082532608791383e-06
GE,2025-12-16,1418122.6,299.82513427734375,1060439387.0,317946381600.2591,40545,RevenueFromContractWithCustomerExcludingAssessedTax,113543000000.0,latest_10k,2019-02-26,4.460257081280287e-06,-5.350640108605404,11.502353886844455,1.248974045075434e-05
GE,2025-12-18,851606.72,291.05889892578125,1060439387.0,308650320357.7504,40545,RevenueFromContractWithCustomerExcludingAssessedTax,113543000000.0,latest_10k,2019-02-26,2.7591311715242012e-06,-5.559227652288126,11.489466732071088,7.500301383616779e-06
GE,2026-01-13,4000000.0,323.2955017089844,1060439387.0,342835283652.1328,40545,RevenueFromContractWithCustomerExcludingAssessedTax,113543000000.0,latest_10k,2019-02-26,1.166741053426318e-05,-4.9330255206013485,11.53508551192931,3.5228944100472945e-05
GE,2026-01-27,19945247.78,294.2640075683594,1054813911.0,310393768689.7147,40545,RevenueFromContractWithCustomerExcludingAssessedTax,113543000000.0,latest_10k,2019-02-26,6.42578872127368e-05,-4.192073558070751,11.49191299399454,0.00017566250477792555
GE,2026-02-05,23688.37,307.5081787109375,1054813911.0,324363904650.5709,40545,RevenueFromContractWithCustomerExcludingAssessedTax,113543000000.0,latest_10k,2019-02-26,7.303022827252891e-08,-7.136497341870603,11.511032519758405,2.0862906564033007e-07
GE,2026-02-06,5326161.5,305.5434875488281,1054813911.0,322291521081.9592,40545,RevenueFromContractWithCustomerExcludingAssessedTax,113543000000.0,latest_10k,2019-02-26,1.6525912571697935e-05,-4.781834549154885,11.508248880145425,4.6908761438397786e-05
GE,2026-02-26,3231820.55,341.9649658203125,1054813911.0,360709403021.90515,40545,RevenueFromContractWithCustomerExcludingAssessedTax,113543000000.0,latest_10k,2019-02-26,8.959623793904086e-06,-5.047710225567968,11.557157463713704,2.8463406374677434e-05
GE,2026-03-03,388710.0,344.8072814941406,1054813911.0,363707517134.1124,40545,RevenueFromContractWithCustomerExcludingAssessedTax,113543000000.0,latest_10k,2019-02-26,1.0687433767190141e-06,-5.971126563691418,11.56075227717824,3.42346071532371e-06
GE,2026-03-10,109765.16,321.5292053222656,1054813911.0,339153478566.70105,40545,RevenueFromContractWithCustomerExcludingAssessedTax,113543000000.0,latest_10k,2019-02-26,3.236445059147833e-07,-6.489931761027157,11.53039627581524,9.667276714548674e-07
GE,2026-03-13,1169046.76,306.31817626953125,1054813911.0,323108673521.25165,40545,RevenueFromContractWithCustomerExcludingAssessedTax,113543000000.0,latest_10k,2019-02-26,3.618122495009745e-06,-5.441516733770778,11.509348616364468,1.0296070739719754e-05
GE,2026-03-18,2211982.62,301.7138977050781,1054813911.0,318252016441.3474,40545,RevenueFromContractWithCustomerExcludingAssessedTax,113543000000.0,latest_10k,2019-02-26,6.950411955701339e-06,-5.1579894537141,11.502771164019569,1.9481453017799426e-05
HII,2025-08-14,11174.0,264.9555969238281,39240600.0,10397016596.64917,1501585,Revenues,11640000000.0,ttm_from_filed_statements,10K(2025-02-06)+YTD(2025-07-31)-PY_YTD(2025-07-31),1.0747313805001757e-06,-5.968700070208235,10.01690873723238,9.599656357388316e-07
HII,2025-08-18,31362.0,261.82843017578125,39240600.0,10274304697.155762,1501585,Revenues,11640000000.0,ttm_from_filed_statements,10K(2025-02-06)+YTD(2025-07-31)-PY_YTD(2025-07-31),3.0524693324193462e-06,-5.515348690635482,10.011752441116876,2.6943298969072166e-06
HII,2025-08-20,38790.0,260.9925231933594,39240600.0,10241503205.621338,1501585,Revenues,11640000000.0,ttm_from_filed_statements,10K(2025-02-06)+YTD(2025-07-31)-PY_YTD(2025-07-31),3.787529937861955e-06,-5.421643925671986,10.010363705272042,3.3324742268041237e-06
HII,2025-08-22,223752.0,262.0546569824219,39240600.0,10283181972.784424,1501585,Revenues,11640000000.0,ttm_from_filed_statements,10K(2025-02-06)+YTD(2025-07-31)-PY_YTD(2025-07-31),2.1759023674985464e-05,-4.662360595282632,10.012127521215081,1.9222680412371133e-05
HII,2025-08-26,1657500.0,266.22418212890625,39240600.0,10446796641.247559,1501585,Revenues,11640000000.0,ttm_from_filed_statements,10K(2025-02-06)+YTD(2025-07-31)-PY_YTD(2025-07-31),0.00015866107639691366,-3.7995296036761226,10.018983140752933,0.00014239690721649484
HII,2025-08-27,19712433.0,267.2272644042969,39240600.0,10486158191.583252,1501585,Revenues,11640000000.0,ttm_from_filed_statements,10K(2025-02-06)+YTD(2025-07-31)-PY_YTD(2025-07-31),0.0018798527201146218,-2.7258761748571083,10.020616405086027,0.0016935079896907216
HII,2025-08-28,4976089.0,271.8000183105469,39240600.0,10665595798.516846,1501585,Revenues,11640000000.0,ttm_from_filed_statements,10K(2025-02-06)+YTD(2025-07-31)-PY_YTD(2025-07-31),0.00046655518303927976,-3.3310969815592912,10.027985120899455,0.00042749905498281785
HII,2025-09-03,1419877.0,266.53814697265625,39240600.0,10459116810.095215,1501585,Revenues,11640000000.0,ttm_from_filed_statements,10K(2025-02-06)+YTD(2025-07-31)-PY_YTD(2025-07-31),0.0001357549615116187,-3.8672442890485677,10.019495013336593,0.00012198256013745705
HII,2025-09-04,326754.0,266.16259765625,39240600.0,10444380029.589844,1501585,Revenues,11640000000.0,ttm_from_filed_statements,10K(2025-02-06)+YTD(2025-07-31)-PY_YTD(2025-07-31),3.128515039420983e-05,-4.504661752937748,10.018882665693145,2.807164948453608e-05
HII,2025-09-16,2812800.0,269.8092041015625,39240600.0,10587475054.467773,1501585,Revenues,11640000000.0,ttm_from_filed_statements,10K(2025-02-06)+YTD(2025-07-31)-PY_YTD(2025-07-31),0.0002656724087215711,-3.575653546689382,10.02479240008306,0.00024164948453608248
HII,2025-09-23,931807.0,272.9123229980469,39240631.0,10709251762.119171,1501585,Revenues,11640000000.0,ttm_from_filed_statements,10K(2025-02-06)+YTD(2025-07-31)-PY_YTD(2025-07-31),8.700953350410467e-05,-4.060433159779178,10.029759128447674,8.005214776632302e-05
HII,2025-09-24,248962.0,272.7640686035156,39240631.0,10703434166.129242,1501585,Revenues,11640000000.0,ttm_from_filed_statements,10K(2025-02-06)+YTD(2025-07-31)-PY_YTD(2025-07-31),2.3260011332422096e-05,-4.633390078016548,10.02952314218168,2.138848797250859e-05
HII,2025-09-26,62372.0,268.06005859375,40146240.0,10761603446.71875,1501585,Revenues,11640000000.0,ttm_from_filed_statements,10K(2025-02-06)+YTD(2025-07-31)-PY_YTD(2025-07-31),5.795790590947433e-06,-5.2368873145119315,10.031876984730093,5.3584192439862545e-06
HII,2025-10-02,12814.0,282.646484375,39240631.0,11091226396.80664,1501585,Revenues,11640000000.0,ttm_from_filed_statements,10K(2025-02-06)+YTD(2025-07-31)-PY_YTD(2025-07-31),1.1553276023370487e-06,-5.937294850651835,10.044979570307676,1.1008591065292097e-06
HII,2025-10-08,2085585.0,282.02386474609375,39240631.0,11066794409.695374,1501585,Revenues,11640000000.0,ttm_from_filed_statements,10K(2025-02-06)+YTD(2025-07-31)-PY_YTD(2025-07-31),0.0001884543005671873,-3.7247939474089238,10.044021842036086,0.00017917396907216496
HII,2025-10-14,1075999.0,284.51422119140625,39240631.0,11164517568.024353,1501585,Revenues,11640000000.0,ttm_from_filed_statements,10K(2025-02-06)+YTD(2025-07-31)-PY_YTD(2025-07-31),9.637666772827751e-05,-4.016028093725199,10.047839961435974,9.24397766323024e-05
HII,2025-10-16,389528.0,281.6087951660156,39240631.0,11050506817.464203,1501585,Revenues,11640000000.0,ttm_from_filed_statements,10K(2025-02-06)+YTD(2025-07-31)-PY_YTD(2025-07-31),3.5249785954105794e-05,-4.452843515813943,10.043382196842892,3.346460481099656e-05
HII,2025-10-22,1668.0,284.1485595703125,39240631.0,11150168775.280151,1501585,Revenues,11640000000.0,ttm_from_filed_statements,10K(2025-02-06)+YTD(2025-07-31)-PY_YTD(2025-07-31),1.4959414817988628e-07,-6.825085394859868,10.047281441161589,1.4329896907216494e-07
HII,2025-11-05,1890162.0,312.1849670410156,39241434.0,12250585779.93219,1501585,Revenues,11978000000.0,ttm_from_filed_statements,10K(2025-02-06)+YTD(2025-10-30)-PY_YTD(2025-10-30),0.000154291560742858,-3.8116578278126885,10.088156855631961,0.00015780280514276172
HII,2025-11-24,40000.0,301.8973693847656,39241434.0,11846885695.4859,1501585,Revenues,11978000000.0,ttm_from_filed_statements,10K(2025-02-06)+YTD(2025-10-30)-PY_YTD(2025-10-30),3.3764147834431684e-06,-5.471544206864109,10.07360419819207,3.3394556687259975e-06
HII,2025-11-25,18954.0,306.2752990722656,39241434.0,12018681934.374573,1501585,Revenues,11978000000.0,ttm_from_filed_statements,10K(2025-02-06)+YTD(2025-10-30)-PY_YTD(2025-10-30),1.5770448126919607e-06,-5.802155965752693,10.079856842041485,1.582401068625814e-06
HII,2025-12-01,1333333.0,311.2985534667969,39241434.0,12215801640.16278,1501585,Revenues,11978000000.0,ttm_from_filed_statements,10K(2025-02-06)+YTD(2025-10-30)-PY_YTD(2025-10-30),0.00010914821959913822,-3.9619833440095933,10.086921972044259,0.00011131516112873602
HII,2025-12-09,31898.0,313.54180908203125,39241434.0,12303830207.33313,1501585,Revenues,11978000000.0,ttm_from_filed_statements,10K(2025-02-06)+YTD(2025-10-30)-PY_YTD(2025-10-30),2.5925260233994995e-06,-5.586276875532141,10.090040329241566,2.663048923025547e-06
HII,2025-12-12,12050702.37,324.30157470703125,39241434.0,12726058839.962036,1501585,Revenues,11978000000.0,ttm_from_filed_statements,10K(2025-02-06)+YTD(2025-10-30)-PY_YTD(2025-10-30),0.0009469312158261205,-3.0236815665849948,10.1046939269005,0.0010060696585406578
HII,2025-12-18,638262.0,318.9117736816406,39241434.0,12514555318.751038,1501585,Revenues,11978000000.0,ttm_from_filed_statements,10K(2025-02-06)+YTD(2025-10-30)-PY_YTD(2025-10-30),5.100157246847338e-05,-4.292416433630434,10.097415422378624,5.3286191350809815e-05
HII,2026-01-20,7722.0,422.7474365234375,39241434.0,16589215629.003662,1501585,Revenues,11978000000.0,ttm_from_filed_statements,10K(2025-02-06)+YTD(2025-10-30)-PY_YTD(2025-10-30),4.654831290817201e-07,-6.332096054917849,10.21982585220588,6.446819168475539e-07
HII,2026-01-27,522119.0,410.498779296875,39241434.0,16108560754.858887,1501585,Revenues,11978000000.0,ttm_from_filed_statements,10K(2025-02-06)+YTD(2025-10-30)-PY_YTD(2025-10-30),3.24125170426856e-05,-4.489287241868026,10.207056739417022,4.358983135748873e-05
HII,2026-01-29,187193.0,422.2412414550781,39241434.0,16569351808.637512,1501585,Revenues,11978000000.0,ttm_from_filed_statements,10K(2025-02-06)+YTD(2025-10-30)-PY_YTD(2025-10-30),1.129754514008311e-05,-4.947015914741187,10.219305519195553,1.562806812489564e-05
HII,2026-01-30,1669734.0,424.66314697265625,39241434.0,16664390854.15979,1501585,Revenues,11978000000.0,ttm_from_filed_statements,10K(2025-02-06)+YTD(2025-10-30)-PY_YTD(2025-10-30),0.00010019772187371604,-3.999142152609706,10.221789443198341,0.00013940006678911338
HII,2026-02-02,60189.0,417.3973388671875,39241434.0,16379270124.932373,1501585,Revenues,11978000000.0,ttm_from_filed_statements,10K(2025-02-06)+YTD(2025-10-30)-PY_YTD(2025-10-30),3.6747058654573907e-06,-5.43477741742905,10.214294545301279,5.024962431123727e-06
HII,2026-02-04,2534171.0,426.45977783203125,39241434.0,16734893225.450317,1501585,Revenues,11978000000.0,ttm_from_filed_statements,10K(2025-02-06)+YTD(2025-10-30)-PY_YTD(2025-10-30),0.00015143036563544063,-3.8197870290261986,10.223622945749925,0.00021156879278677577
HII,2026-02-10,1157995.0,402.8160705566406,39242688.0,15807585378.240234,1501585,Revenues,12484000000.0,latest_10k,2026-02-05,7.325565368092371e-05,-4.135158851961212,10.198865536156518,9.275833066324896e-05
HII,2026-02-11,3213810.0,396.4137878417969,39242688.0,15556342595.173828,1501585,Revenues,12484000000.0,latest_10k,2026-02-05,0.00020659161884214653,-3.684887301230917,10.191907498987838,0.0002574343159243832
HII,2026-02-17,369462.5,415.68011474609375,39242688.0,16312405050.785156,1501585,Revenues,12484000000.0,latest_10k,2026-02-05,2.264917397831639e-05,-4.6449476322030545,10.212517996802505,2.9594881448253764e-05
HII,2026-02-18,257671.0,414.7371520996094,39242688.0,16275400661.853516,1501585,Revenues,12484000000.0,latest_10k,2026-02-05,1.5831929754204607e-05,-4.800466145748919,10.211531688674349,2.0640099327138737e-05
HII,2026-02-25,1741996.0,444.4158630371094,39242688.0,17440073055.416016,1501585,Revenues,12484000000.0,latest_10k,2026-02-05,9.988467333048373e-05,-4.000501146395172,10.241548299833797,0.00013953828900993272
HII,2026-02-26,1300980.0,432.35577392578125,39242688.0,16966802741.167969,1501585,Revenues,12484000000.0,latest_10k,2026-02-05,7.667797049607489e-05,-4.115329390499505,10.229600010691835,0.00010421179109259853
HII,2026-03-03,8812.0,451.7787780761719,39242688.0,17729013633.064453,1501585,Revenues,12484000000.0,latest_10k,2026-02-05,4.970383678630434e-07,-6.303610085495935,10.248684573974664,7.058635052867671e-07
HII,2026-03-04,95055.0,438.4363708496094,39242688.0,17205421709.103516,1501585,Revenues,12484000000.0,latest_10k,2026-02-05,5.5247120127085115e-06,-5.257690355570689,10.23566532175161,7.6141461070169815e-06
HII,2026-03-05,300000.0,435.15057373046875,39242688.0,17076478197.925781,1501585,Revenues,12484000000.0,latest_10k,2026-02-05,1.7568025240499525e-05,-4.755277053265875,10.232398307985537,2.4030759371996154e-05
HII,2026-03-09,380932.0,427.2646484375,39242688.0,16767013292.0625,1501585,Revenues,12484000000.0,latest_10k,2026-02-05,2.2719132702085537e-05,-4.643608251741293,10.224455708622983,3.0513617430310798e-05
HII,2026-03-11,500000.0,415.71453857421875,39242688.0,16313755934.332031,1501585,Revenues,12484000000.0,latest_10k,2026-02-05,3.0648981265421425e-05,-4.513583956322037,10.212553960658056,4.005126561999359e-05
HII,2026-03-16,451782.0,413.9222717285156,39242688.0,16243422565.69336,1501585,Revenues,12484000000.0,latest_10k,2026-02-05,2.7813227056850592e-05,-4.555748618770682,10.210677542441344,3.618888176866389e-05
HII,2026-03-24,2360.0,394.8645935058594,39242688.0,15495548045.197266,1501585,Revenues,12484000000.0,latest_10k,2026-02-05,1.5230180908196177e-07,-6.817294937966341,10.190206940936447,1.8904197372636976e-07
HII,2026-03-31,60032450.0,367.4927978515625,39377171.0,14470826742.26941,1501585,Revenues,12484000000.0,latest_10k,2026-02-05,0.004148515566470346,-2.3821072759668867,10.16049334379,0.004808751201537969
HII,2026-04-03,537448.0,394.91436767578125,39377171.0,15550610586.32611,1501585,Revenues,12484000000.0,latest_10k,2026-02-05,3.456121526653019e-05,-4.46141099494694,10.191747446035919,4.305094520986863e-05
HON,2025-08-13,1059319.33,209.92501831054688,634897024.0,133280769388.51172,773840,RevenueFromContractWithCustomerExcludingAssessedTax,39273000000.0,ttm_from_filed_statements,10K(2025-02-14)+YTD(2025-07-24)-PY_YTD(2025-07-24),7.948028322916548e-06,-5.099740593944651,11.124767491117188,2.697322155170219e-05
HON,2025-09-05,10164504.59,209.2189178466797,634897024.0,132832468305.35742,773840,RevenueFromContractWithCustomerExcludingAssessedTax,39273000000.0,ttm_from_filed_statements,10K(2025-02-14)+YTD(2025-07-24)-PY_YTD(2025-07-24),7.652123550571742e-05,-4.116218026504338,11.123304242821002,0.00025881660657449136
HON,2025-09-18,54850.0,205.83499145507812,634896562.0,130683928414.12848,773840,RevenueFromContractWithCustomerExcludingAssessedTax,39273000000.0,ttm_from_filed_statements,10K(2025-02-14)+YTD(2025-07-24)-PY_YTD(2025-07-24),4.19714961630049e-07,-6.377045549164597,11.116222181075328,1.3966338196725487e-06
HON,2025-09-19,1235061.84,204.39585876464844,634896562.0,129770228016.71286,773840,RevenueFromContractWithCustomerExcludingAssessedTax,39273000000.0,ttm_from_filed_statements,10K(2025-02-14)+YTD(2025-07-24)-PY_YTD(2025-07-24),9.517297294422098e-06,-5.021486364300979,11.113175067725317,3.144811549919792e-05
HON,2025-09-22,14100000.0,203.5887908935547,634896562.0,129257823400.05478,773840,RevenueFromContractWithCustomerExcludingAssessedTax,39273000000.0,ttm_from_filed_statements,10K(2025-02-14)+YTD(2025-07-24)-PY_YTD(2025-07-24),0.00010908430630431012,-3.9622377258158137,11.111456838471193,0.0003590252845466351
HON,2025-09-26,1635390.1,201.9648895263672,637647679.0,128782443045.97945,773840,RevenueFromContractWithCustomerExcludingAssessedTax,39273000000.0,ttm_from_filed_statements,10K(2025-02-14)+YTD(2025-07-24)-PY_YTD(2025-07-24),1.2698859109359446e-05,-4.8962352951673935,11.1098566595457,4.1641588368599294e-05
HON,2025-09-29,14327261.52,202.4413604736328,634896562.0,128529323771.31216,773840,RevenueFromContractWithCustomerExcludingAssessedTax,39273000000.0,ttm_from_filed_statements,10K(2025-02-14)+YTD(2025-07-24)-PY_YTD(2025-07-24),0.00011147076090972054,-3.9528390343272846,11.10900222260277,0.00036481199602780536
HON,2025-09-30,79412859.98,203.5012664794922,634896562.0,129202254450.47543,773840,RevenueFromContractWithCustomerExcludingAssessedTax,39273000000.0,ttm_from_filed_statements,10K(2025-02-14)+YTD(2025-07-24)-PY_YTD(2025-07-24),0.0006146398939999904,-3.2113792547178286,11.111270091730729,0.0020220726702823823
HON,2025-11-24,2061150.0,197.21844482421875,673869690.0,132899532275.9784,773840,RevenueFromContractWithCustomerExcludingAssessedTax,39178000000.0,ttm_from_filed_statements,10K(2025-02-14)+YTD(2025-10-23)-PY_YTD(2025-10-23),1.5509083927547827e-05,-4.809413853827949,11.123523452497894,5.260988309765685e-05
HON,2025-12-09,1629919.15,199.26307678222656,673869690.0,134277347779.68521,773840,RevenueFromContractWithCustomerExcludingAssessedTax,39178000000.0,ttm_from_filed_statements,10K(2025-02-14)+YTD(2025-10-23)-PY_YTD(2025-10-23),1.2138452069177599e-05,-4.915836692229201,11.128002754559718,4.160291872989943e-05
HON,2025-12-22,1161577.01,206.65280151367188,673869690.0,139257059293.6496,773840,RevenueFromContractWithCustomerExcludingAssessedTax,39178000000.0,ttm_from_filed_statements,10K(2025-02-14)+YTD(2025-10-23)-PY_YTD(2025-10-23),8.341243279815333e-06,-5.07876921203361,11.143817219892947,2.964870616162132e-05
HON,2025-12-29,1645568.73,204.84689331054688,673869690.0,138040112492.6413,773840,RevenueFromContractWithCustomerExcludingAssessedTax,39178000000.0,ttm_from_filed_statements,10K(2025-02-14)+YTD(2025-10-23)-PY_YTD(2025-10-23),1.1920946022756411e-05,-4.923689278474959,11.140005304537976,4.2002366889580886e-05
HON,2025-12-30,22052045.14,204.55628967285156,673869690.0,137844283509.39468,773840,RevenueFromContractWithCustomerExcludingAssessedTax,39178000000.0,ttm_from_filed_statements,10K(2025-02-14)+YTD(2025-10-23)-PY_YTD(2025-10-23),0.0001599779445224296,-3.7959398875469046,11.139388760345286,0.0005628680672826586
HON,2026-02-20,4459078.71,249.89097595214844,673869690.0,168393954498.67172,773840,RevenueFromContractWithCustomerExcludingAssessedTax,37442000000.0,latest_10k,2026-02-17,2.648004035106363e-05,-4.5770813574411395,11.226326495863178,0.0001190929627156669
HON,2026-02-26,30807000.0,251.3751678466797,673869690.0,169394106430.54,773840,RevenueFromContractWithCustomerExcludingAssessedTax,37442000000.0,latest_10k,2026-02-17,0.0001818658313985227,-3.7402488876818274,11.228898296259029,0.0008227925858661396
HON,2026-03-12,1019146.0,249.74440002441406,635675701.0,158756446556.3438,773840,RevenueFromContractWithCustomerExcludingAssessedTax,37442000000.0,latest_10k,2026-02-17,6.419556636009094e-06,-5.192494965261954,11.200731369535688,2.7219325890710967e-05
HON,2026-04-01,533238.0,235.75729370117188,635675701.0,149865182939.35532,773840,RevenueFromContractWithCustomerExcludingAssessedTax,37442000000.0,latest_10k,2026-02-17,3.5581179667046544e-06,-5.448779657308983,11.175700748167586,1.4241707173762086e-05
IBM,2025-08-19,213557.09,233.38278198242188,931518976.0,217400490088.29688,51143,Revenues,63960000000.0,ttm_from_filed_statements,10K(2025-02-25)+YTD(2025-07-24)-PY_YTD(2025-07-24),9.823211066049764e-07,-6.0077465244011625,11.337260518786168,3.338916353971232e-06
IBM,2025-08-27,4551091.58,236.48219299316406,931518976.0,220287650259.22656,51143,Revenues,63960000000.0,ttm_from_filed_statements,10K(2025-02-25)+YTD(2025-07-24)-PY_YTD(2025-07-24),2.0659767239082352e-05,-4.684874575718217,11.342990150466202,7.11552779862414e-05
IBM,2025-08-29,17072066.61,239.503662109375,931518976.0,223102206076.375,51143,Revenues,63960000000.0,ttm_from_filed_statements,10K(2025-02-25)+YTD(2025-07-24)-PY_YTD(2025-07-24),7.652128103186791e-05,-4.116217768121813,11.3485038646902,0.0002669178644465291
IBM,2025-09-02,2690000.0,237.32041931152344,931518976.0,221068473980.96094,51143,Revenues,63960000000.0,ttm_from_filed_statements,10K(2025-02-25)+YTD(2025-07-24)-PY_YTD(2025-07-24),1.2168175550131453e-05,-4.914774533348267,11.344526813350676,4.205753595997498e-05
IBM,2025-09-23,1022557.23,264.49395751953125,931519242.0,246381210822.17395,51143,Revenues,63960000000.0,ttm_from_filed_statements,10K(2025-02-25)+YTD(2025-07-24)-PY_YTD(2025-07-24),4.150305238730369e-06,-5.38191996145143,11.391607585199425,1.5987448874296434e-05
IBM,2025-09-26,3310050.47,274.308837890625,931519242.0,255523960745.77588,51143,Revenues,63960000000.0,ttm_from_filed_statements,10K(2025-02-25)+YTD(2025-07-24)-PY_YTD(2025-07-24),1.2953972928171744e-05,-4.887597014890425,11.407431630622456,5.1751883520950594e-05
IBM,2025-09-29,643169.0,277.1061096191406,931519242.0,258129673185.99078,51143,Revenues,63960000000.0,ttm_from_filed_statements,10K(2025-02-25)+YTD(2025-07-24)-PY_YTD(2025-07-24),2.4916507740533027e-06,-5.603512827795289,11.411837931549695,1.0055800500312695e-05
IBM,2025-10-07,14260.88,282.0866394042969,931519242.0,262769132516.21796,51143,Revenues,63960000000.0,ttm_from_filed_statements,10K(2025-02-25)+YTD(2025-07-24)-PY_YTD(2025-07-24),5.427151912190381e-08,-7.265428021851028,11.419574347321447,2.2296560350218884e-07
IBM,2025-10-22,1928.68,274.9033508300781,931519242.0,256077760988.49445,51143,Revenues,63960000000.0,ttm_from_filed_statements,10K(2025-02-25)+YTD(2025-07-24)-PY_YTD(2025-07-24),7.531618491801229e-09,-8.123111686942922,11.408371863906332,3.015447154471545e-08
IBM,2025-11-17,733137.0,299.5871276855469,934735206.0,280034635512.09796,51143,Revenues,64116000000.0,ttm_from_filed_statements,10K(2025-02-25)+YTD(2025-10-23)-PY_YTD(2025-10-23),2.6180225837397436e-06,-5.582026611432609,11.447211749490517,1.1434540520306944e-05
IBM,2025-12-01,2975995.56,302.41943359375,934735206.0,282682091558.6572,51143,Revenues,64116000000.0,ttm_from_filed_statements,10K(2025-02-25)+YTD(2025-10-23)-PY_YTD(2025-10-23),1.0527711690510375e-05,-4.977666017056004,11.451298295990014,4.6415801983904174e-05
IBM,2025-12-04,493419.28,296.57843017578125,934735206.0,277222300025.5155,51143,Revenues,64116000000.0,ttm_from_filed_statements,10K(2025-02-25)+YTD(2025-10-23)-PY_YTD(2025-10-23),1.7798686467668213e-06,-5.749612047179464,11.442828162406187,7.69572774346497e-06
IBM,2025-12-05,582056.56,301.8411865234375,934735206.0,282141583664.2698,51143,Revenues,64116000000.0,ttm_from_filed_statements,10K(2025-02-25)+YTD(2025-10-23)-PY_YTD(2025-10-23),2.0629945874714085e-06,-5.6855019114521435,11.4504670997144,9.078179549566411e-06
IBM,2025-12-08,2515149.42,301.7922058105469,934735206.0,282095799667.5159,51143,Revenues,64116000000.0,ttm_from_filed_statements,10K(2025-02-25)+YTD(2025-10-23)-PY_YTD(2025-10-23),8.915940694488922e-06,-5.049832828947056,11.450396619672556,3.9228108740408006e-05
IBM,2025-12-15,550100.0,303.0662536621094,934735206.0,283286697048.50006,51143,Revenues,64116000000.0,ttm_from_filed_statements,10K(2025-02-25)+YTD(2025-10-23)-PY_YTD(2025-10-23),1.9418490374993506e-06,-5.711784535874664,11.45222618082443,8.579761681951463e-06
IBM,2025-12-16,12398190.64,302.4978332519531,934735206.0,282755374479.31805,51143,Revenues,64116000000.0,ttm_from_filed_statements,10K(2025-02-25)+YTD(2025-10-23)-PY_YTD(2025-10-23),4.3847762974729446e-05,-4.358052558569621,11.451410868538352,0.00019337124337138935
IBM,2025-12-22,257467.27,294.9711608886719,934735206.0,275719928837.33185,51143,Revenues,64116000000.0,ttm_from_filed_statements,10K(2025-02-25)+YTD(2025-10-23)-PY_YTD(2025-10-23),9.338000016382549e-07,-6.029746129643288,11.440468157731775,4.015647732235324e-06
IBM,2025-12-31,1833912.21,296.019775390625,934735206.0,276700105729.8296,51143,Revenues,64116000000.0,ttm_from_filed_statements,10K(2025-02-25)+YTD(2025-10-23)-PY_YTD(2025-10-23),6.627797286751436e-06,-5.178630783081846,11.442009325089174,2.8603035279805353e-05
IBM,2026-01-12,0.03,298.146484375,934735206.0,278688015490.4414,51143,Revenues,64116000000.0,ttm_from_filed_statements,10K(2025-02-25)+YTD(2025-10-23)-PY_YTD(2025-10-23),1.0764725547026242e-13,-12.967997038291166,11.445118293010829,4.679019277559423e-13
IBM,2026-01-28,320000.0,287.9932861328125,934735206.0,269197463639.97144,51143,Revenues,64116000000.0,ttm_from_filed_statements,10K(2025-02-25)+YTD(2025-10-23)-PY_YTD(2025-10-23),1.1887184807505193e-06,-5.924920985358505,11.43007096367841,4.990953896063385e-06
IBM,2026-01-29,281981.08,288.2873229980469,934735206.0,269472310249.76788,51143,Revenues,64116000000.0,ttm_from_filed_statements,10K(2025-02-25)+YTD(2025-10-23)-PY_YTD(2025-10-23),1.0464194994232915e-06,-5.980294176117445,11.430514145687681,4.397983030756753e-06
IBM,2026-01-30,1607408.05,303.0662536621094,934735206.0,283286697048.50006,51143,Revenues,64116000000.0,ttm_from_filed_statements,10K(2025-02-25)+YTD(2025-10-23)-PY_YTD(2025-10-23),5.674138837958932e-06,-5.246100041853217,11.45222618082443,2.507031084284734e-05
IBM,2026-02-04,317276.36,288.434326171875,934735206.0,269609719291.73877,51143,Revenues,64116000000.0,ttm_from_filed_statements,10K(2025-02-25)+YTD(2025-10-23)-PY_YTD(2025-10-23),1.1767986734064367e-06,-5.929297829856146,11.430735544238232,4.948474015846279e-06
IBM,2026-02-17,349101.15,258.6078796386719,934735206.0,241729889647.27716,51143,Revenues,64116000000.0,ttm_from_filed_statements,10K(2025-02-25)+YTD(2025-10-23)-PY_YTD(2025-10-23),1.4441786678072572e-06,-5.840379074326798,11.38333035378501,5.4448367022272135e-06
IBM,2026-02-23,371.28,253.4629364013672,934735206.0,236920730070.49686,51143,Revenues,64116000000.0,ttm_from_filed_statements,10K(2025-02-25)+YTD(2025-10-23)-PY_YTD(2025-10-23),1.5671064321367062e-09,-8.804901506837098,11.37460306224807,5.790754257907542e-09
IBM,2026-03-16,2876278.99,242.7393341064453,938409072.0,227788793256.7273,51143,Revenues,67535000000.0,latest_10k,2026-02-24,1.2626955649913454e-05,-4.898701344916942,11.357532353867377,4.258945717035611e-05
IBM,2026-03-23,2898403.2,238.29417419433594,938409072.0,223617414868.71313,51143,Revenues,67535000000.0,latest_10k,2026-02-24,1.2961437738208657e-05,-4.8873468219886895,11.349505622500946,4.291705337972903e-05
KTOS,2025-08-14,153600.0,68.75,168794000.0,11604587500.0,1069258,RevenueFromContractWithCustomerExcludingAssessedTax,1187700000.0,ttm_from_filed_statements,10K(2025-02-26)+YTD(2025-08-07)-PY_YTD(2025-08-07),1.3236144757407362e-05,-4.8782384918144315,10.064629707509924,0.0001293255872695125
KTOS,2025-08-21,3377065.17,64.2699966430664,168794000.0,10848389813.369751,1069258,RevenueFromContractWithCustomerExcludingAssessedTax,1187700000.0,ttm_from_filed_statements,10K(2025-02-26)+YTD(2025-08-07)-PY_YTD(2025-08-07),0.0003112964438130757,-3.506825840580509,10.03536528223407,0.002843365471078555
KTOS,2025-09-04,2830956.25,64.5,168794000.0,10887213000.0,1069258,RevenueFromContractWithCustomerExcludingAssessedTax,1187700000.0,ttm_from_filed_statements,10K(2025-02-26)+YTD(2025-08-07)-PY_YTD(2025-08-07),0.00026002579815422,-3.5849835618745396,10.036916719642893,0.002383561715921529
KTOS,2026-01-15,158880.0,121.5,168840708.0,20514146022.0,1069258,RevenueFromContractWithCustomerExcludingAssessedTax,1208000000.0,ttm_from_filed_statements,10K(2025-02-26)+YTD(2025-11-04)-PY_YTD(2025-11-04),7.74489953564785e-06,-5.110984211396931,10.312053442548237,0.00013152317880794703
KTOS,2026-02-08,96000.0,94.41000366210938,168840708.0,15940251860.59314,1069258,RevenueFromContractWithCustomerExcludingAssessedTax,1208000000.0,ttm_from_filed_statements,10K(2025-02-26)+YTD(2025-11-04)-PY_YTD(2025-11-04),6.0224895340159216e-06,-5.2202239460532525,10.202495179092821,7.947019867549669e-05
LDOS,2025-08-12,1400825.0,175.29864501953125,128297000.0,22490290260.0708,1336920,RevenueFromContractWithCustomerExcludingAssessedTax,16702000000.0,ttm_from_filed_statements,10K(2025-02-11)+YTD(2025-08-05)-PY_YTD(2025-08-05),6.2285767938132e-05,-4.205611176648028,10.351995060483814,8.387169201293258e-05
LDOS,2025-08-13,1427856.83,176.1694793701172,128297000.0,22602015694.747925,1336920,RevenueFromContractWithCustomerExcludingAssessedTax,16702000000.0,ttm_from_filed_statements,10K(2025-02-11)+YTD(2025-08-05)-PY_YTD(2025-08-05),6.317387127254292e-05,-4.199462508877543,10.35414717215934,8.549017063824692e-05
LDOS,2025-08-14,6043238.54,180.05862426757812,128297000.0,23100981317.65747,1336920,RevenueFromContractWithCustomerExcludingAssessedTax,16702000000.0,ttm_from_filed_statements,10K(2025-02-11)+YTD(2025-08-05)-PY_YTD(2025-08-05),0.0002616009448646577,-3.58236069173628,10.363630428887449,0.0003618272386540534
LDOS,2025-08-15,576000.0,176.5851287841797,128297000.0,22655342267.6239,1336920,RevenueFromContractWithCustomerExcludingAssessedTax,16702000000.0,ttm_from_filed_statements,10K(2025-02-11)+YTD(2025-08-05)-PY_YTD(2025-08-05),2.5424466918036593e-05,-4.594748144284558,10.35517062770777,3.448688779786852e-05
LDOS,2025-08-18,2715004.37,175.78353881835938,128297000.0,22552500679.779053,1336920,RevenueFromContractWithCustomerExcludingAssessedTax,16702000000.0,ttm_from_filed_statements,10K(2025-02-11)+YTD(2025-08-05)-PY_YTD(2025-08-05),0.00012038595668613894,-3.9194241716282887,10.353194704582753,0.00016255564423422344
LDOS,2025-08-19,1019916.86,176.2684326171875,128297000.0,22614711099.487305,1336920,RevenueFromContractWithCustomerExcludingAssessedTax,16702000000.0,ttm_from_filed_statements,10K(2025-02-11)+YTD(2025-08-05)-PY_YTD(2025-08-05),4.509970768643259e-05,-4.3458262729907915,10.354391044051873,6.106555262842773e-05
LDOS,2025-08-21,1400773.22,178.28726196289062,128297000.0,22873720848.05298,1336920,RevenueFromContractWithCustomerExcludingAssessedTax,16702000000.0,ttm_from_filed_statements,10K(2025-02-11)+YTD(2025-08-05)-PY_YTD(2025-08-05),6.123941221916392e-05,-4.212968986347367,10.359336816654768,8.386859178541492e-05
LDOS,2025-08-22,2630943.81,178.56431579589844,128297000.0,22909266023.66638,1336920,RevenueFromContractWithCustomerExcludingAssessedTax,16702000000.0,ttm_from_filed_statements,10K(2025-02-11)+YTD(2025-08-05)-PY_YTD(2025-08-05),0.00011484190751821152,-3.939899602506485,10.360011175309966,0.00015752268051730332
LDOS,2025-08-26,2072543.0,179.72218322753906,128297000.0,23057816941.54358,1336920,RevenueFromContractWithCustomerExcludingAssessedTax,16702000000.0,ttm_from_filed_statements,10K(2025-02-11)+YTD(2025-08-05)-PY_YTD(2025-08-05),8.988461506370412e-05,-4.046314637129134,10.362818186951685,0.0001240895102382948
LDOS,2025-08-27,29226420.66,180.45448303222656,128297000.0,23151768809.58557,1336920,RevenueFromContractWithCustomerExcludingAssessedTax,16702000000.0,ttm_from_filed_statements,10K(2025-02-11)+YTD(2025-08-05)-PY_YTD(2025-08-05),0.001262383919793607,-2.898808546128779,10.364584176990988,0.0017498755035325112
LDOS,2025-08-28,222557.0,181.48367309570312,128297000.0,23283810807.159424,1336920,RevenueFromContractWithCustomerExcludingAssessedTax,16702000000.0,ttm_from_filed_statements,10K(2025-02-11)+YTD(2025-08-05)-PY_YTD(2025-08-05),9.55844392669464e-06,-5.01961280323176,10.367054061762968,1.3325170638246917e-05
LDOS,2025-08-29,2000000.0,179.4747772216797,128297000.0,23026075493.20984,1336920,RevenueFromContractWithCustomerExcludingAssessedTax,16702000000.0,ttm_from_filed_statements,10K(2025-02-11)+YTD(2025-08-05)-PY_YTD(2025-08-05),8.685804928372532e-05,-4.06118992854076,10.362219924204743,0.00011974613818704346
LDOS,2025-09-02,9749377.89,179.03933715820312,128297000.0,22970209839.385986,1336920,RevenueFromContractWithCustomerExcludingAssessedTax,16702000000.0,ttm_from_filed_statements,10K(2025-02-11)+YTD(2025-08-05)-PY_YTD(2025-08-05),0.0004244357347264273,-3.3721880584625787,10.361164962616495,0.0005837251760268232
LDOS,2025-09-03,749116.0,179.0096435546875,128297000.0,22966400239.135742,1336920,RevenueFromContractWithCustomerExcludingAssessedTax,16702000000.0,ttm_from_filed_statements,10K(2025-02-11)+YTD(2025-08-05)-PY_YTD(2025-08-05),3.261791104395515e-05,-4.486543856022086,10.361092929074278,4.485187402706263e-05
LDOS,2025-09-04,8684107.32,175.8627166748047,128297000.0,22562658961.227417,1336920,RevenueFromContractWithCustomerExcludingAssessedTax,16702000000.0,ttm_from_filed_statements,10K(2025-02-11)+YTD(2025-08-05)-PY_YTD(2025-08-05),0.0003848884714750651,-3.4146650970886947,10.353390279005554,0.0005199441575859179
LDOS,2025-09-08,1419195.3,177.13931274414062,128297000.0,22726442407.13501,1336920,RevenueFromContractWithCustomerExcludingAssessedTax,16702000000.0,ttm_from_filed_statements,10K(2025-02-11)+YTD(2025-08-05)-PY_YTD(2025-08-05),6.244687463949224e-05,-4.20448929245058,10.356531456671993,8.497157825410131e-05
LDOS,2025-09-09,3011965.06,176.55543518066406,128297000.0,22651532667.373657,1336920,RevenueFromContractWithCustomerExcludingAssessedTax,16702000000.0,ttm_from_filed_statements,10K(2025-02-11)+YTD(2025-08-05)-PY_YTD(2025-08-05),0.0001329695921344127,-3.8762476633795697,10.355097592947672,0.00018033559214465333
LDOS,2025-09-10,18542797.84,177.16900634765625,128297000.0,22730252007.385254,1336920,RevenueFromContractWithCustomerExcludingAssessedTax,16702000000.0,ttm_from_filed_statements,10K(2025-02-11)+YTD(2025-08-05)-PY_YTD(2025-08-05),0.000815776166228834,-3.088428987210276,10.356604250718817,0.0011102142162615256
LDOS,2025-09-15,2050023.0,181.9487762451172,128297000.0,23343482145.9198,1336920,RevenueFromContractWithCustomerExcludingAssessedTax,16702000000.0,ttm_from_filed_statements,10K(2025-02-11)+YTD(2025-08-05)-PY_YTD(2025-08-05),8.781993137036425e-05,-4.056406906624523,10.368165640225179,0.00012274116872230872
LDOS,2025-09-16,1975854.17,181.2247772216797,128297000.0,23250595243.20984,1336920,RevenueFromContractWithCustomerExcludingAssessedTax,16702000000.0,ttm_from_filed_statements,10K(2025-02-11)+YTD(2025-08-05)-PY_YTD(2025-08-05),8.498079938736335e-05,-4.070679187957166,10.366434075829513,0.00011830045323913304
LDOS,2025-09-17,64282.19,181.07601928710938,128297000.0,23231510046.47827,1336920,RevenueFromContractWithCustomerExcludingAssessedTax,16702000000.0,ttm_from_filed_statements,10K(2025-02-11)+YTD(2025-08-05)-PY_YTD(2025-08-05),2.767025900227468e-06,-5.5579867757079,10.366077439827736,3.848772003352892e-06
LDOS,2025-09-18,3240256.0,182.28598022460938,128297000.0,23386744404.87671,1336920,RevenueFromContractWithCustomerExcludingAssessedTax,16702000000.0,ttm_from_filed_statements,10K(2025-02-11)+YTD(2025-08-05)-PY_YTD(2025-08-05),0.0001385509647646522,-3.8583904457712768,10.368969769248052,0.00019400407136869837
LDOS,2025-09-22,16934200.17,185.90589904785156,128297332.0,23851230850.900696,1336920,RevenueFromContractWithCustomerExcludingAssessedTax,16702000000.0,ttm_from_filed_statements,10K(2025-02-11)+YTD(2025-08-05)-PY_YTD(2025-08-05),0.0007099927159256234,-3.14874610684365,10.377510795869261,0.0010139025368219375
LDOS,2025-09-23,5413759.87,186.32244873046875,128297332.0,23904673063.825928,1336920,RevenueFromContractWithCustomerExcludingAssessedTax,16702000000.0,ttm_from_filed_statements,10K(2025-02-11)+YTD(2025-08-05)-PY_YTD(2025-08-05),0.00022647286811014561,-3.6449838198579756,10.378482808372855,0.00032413841875224525
LDOS,2025-09-24,2343850.29,185.5687255859375,128297332.0,23807972395.315918,1336920,RevenueFromContractWithCustomerExcludingAssessedTax,16702000000.0,ttm_from_filed_statements,10K(2025-02-11)+YTD(2025-08-05)-PY_YTD(2025-08-05),9.84481270005647e-05,-4.00679254200486,10.376722410313663,0.00014033351035804096
LDOS,2025-09-26,976306.69,180.85784912109375,128297332.0,23203579513.494873,1336920,RevenueFromContractWithCustomerExcludingAssessedTax,16702000000.0,ttm_from_filed_statements,10K(2025-02-11)+YTD(2025-08-05)-PY_YTD(2025-08-05),4.207569308141417e-05,-4.375968721485125,10.365554986746279,5.84544779068375e-05
LDOS,2025-09-29,15597947.84,183.3769073486328,128297332.0,23526767963.240784,1336920,RevenueFromContractWithCustomerExcludingAssessedTax,16702000000.0,ttm_from_filed_statements,10K(2025-02-11)+YTD(2025-08-05)-PY_YTD(2025-08-05),0.0006629872774862613,-3.1784948054874245,10.371562269201503,0.0009338970087414681
LDOS,2025-09-30,30620840.82,184.08106994628906,128297332.0,23617110145.81427,1336920,RevenueFromContractWithCustomerExcludingAssessedTax,16702000000.0,ttm_from_filed_statements,10K(2025-02-11)+YTD(2025-08-05)-PY_YTD(2025-08-05),0.0012965532459705712,-2.887209643216753,10.37322675506798,0.0018333637181175907
LDOS,2025-10-09,1951220.0,196.5971221923828,128297332.0,25222886256.160706,1336920,RevenueFromContractWithCustomerExcludingAssessedTax,16702000000.0,ttm_from_filed_statements,10K(2025-02-11)+YTD(2025-08-05)-PY_YTD(2025-08-05),7.735910871514212e-05,-4.111488542574556,10.40179478142037,0.00011682552987666148
LDOS,2025-10-23,1894729.66,186.9175262451172,128297332.0,23981019921.288513,1336920,RevenueFromContractWithCustomerExcludingAssessedTax,16702000000.0,ttm_from_filed_statements,10K(2025-02-11)+YTD(2025-08-05)-PY_YTD(2025-08-05),7.900955281380689e-05,-4.1023203962601,10.379867649854077,0.00011344327984672494
LDOS,2025-10-30,1793.28,186.61007690429688,128297332.0,23941574991.13611,1336920,RevenueFromContractWithCustomerExcludingAssessedTax,16702000000.0,ttm_from_filed_statements,10K(2025-02-11)+YTD(2025-08-05)-PY_YTD(2025-08-05),7.490234041260553e-08,-7.125504612041521,10.379152716975163,1.0736917734403066e-07
LDOS,2025-10-31,365352.43000000005,189.3473358154297,128297332.0,24292758006.427673,1336920,RevenueFromContractWithCustomerExcludingAssessedTax,16702000000.0,ttm_from_filed_statements,10K(2025-02-11)+YTD(2025-08-05)-PY_YTD(2025-08-05),1.5039561580588365e-05,-4.82276482371156,10.385476823943723,2.1874771284876066e-05
LDOS,2025-11-04,76010.0,191.4597930908203,128297332.0,24563780638.82428,1336920,RevenueFromContractWithCustomerExcludingAssessedTax,16856000000.0,ttm_from_filed_statements,10K(2025-02-11)+YTD(2025-11-04)-PY_YTD(2025-11-04),3.0943933719983805e-06,-5.509424477828353,10.390295210360776,4.5093735168485996e-06
LDOS,2025-11-21,1796000.0,184.1306610107422,128297333.0,23623472731.205307,1336920,RevenueFromContractWithCustomerExcludingAssessedTax,16856000000.0,ttm_from_filed_statements,10K(2025-02-11)+YTD(2025-11-04)-PY_YTD(2025-11-04),7.602607882572586e-05,-4.1190374084119075,10.373343740743193,0.00010654959658281917
LDOS,2025-11-24,435000.0,184.95382690429688,128297333.0,23729082719.964935,1336920,RevenueFromContractWithCustomerExcludingAssessedTax,16856000000.0,ttm_from_filed_statements,10K(2025-02-11)+YTD(2025-11-04)-PY_YTD(2025-11-04),1.8331934914365825e-05,-4.736791693342042,10.375280950296679,2.5806834361651638e-05
LDOS,2025-11-25,133438.51,185.2711944580078,128297333.0,23769800130.686783,1336920,RevenueFromContractWithCustomerExcludingAssessedTax,16856000000.0,ttm_from_filed_statements,10K(2025-02-11)+YTD(2025-11-04)-PY_YTD(2025-11-04),5.613783425453841e-06,-5.250744346055804,10.376025529961046,7.916380517323209e-06
LDOS,2025-11-26,3241149.4,189.92254638671875,128297333.0,24366556177.984802,1336920,RevenueFromContractWithCustomerExcludingAssessedTax,16856000000.0,ttm_from_filed_statements,10K(2025-02-11)+YTD(2025-11-04)-PY_YTD(2025-11-04),0.00013301631040205756,-3.8760951027674664,10.386794152960483,0.0001922846108210726
LDOS,2025-12-03,7123087.51,185.52906799316406,128297333.0,23802884617.49861,1336920,RevenueFromContractWithCustomerExcludingAssessedTax,16856000000.0,ttm_from_filed_statements,10K(2025-02-11)+YTD(2025-11-04)-PY_YTD(2025-11-04),0.0002992531209752404,-3.523961311547259,10.376629591407294,0.000422584688538206
LDOS,2025-12-04,131283.56,186.88775634765625,128297333.0,23977200709.758118,1336920,RevenueFromContractWithCustomerExcludingAssessedTax,16856000000.0,ttm_from_filed_statements,10K(2025-02-11)+YTD(2025-11-04)-PY_YTD(2025-11-04),5.475349753675411e-06,-5.261588133795652,10.37979847870992,7.788535832937827e-06
LDOS,2025-12-05,490881.0,190.83497619628906,128297333.0,24483618489.10237,1336920,RevenueFromContractWithCustomerExcludingAssessedTax,16856000000.0,ttm_from_filed_statements,10K(2025-02-11)+YTD(2025-11-04)-PY_YTD(2025-11-04),2.004936485260504e-05,-4.697899380918013,10.388875603576352,2.912203369719981e-05
LDOS,2025-12-08,606.54,185.28109741210938,128297333.0,23771070653.286835,1336920,RevenueFromContractWithCustomerExcludingAssessedTax,16856000000.0,ttm_from_filed_statements,10K(2025-02-11)+YTD(2025-11-04)-PY_YTD(2025-11-04),2.5515888991568557e-08,-7.593189295942101,10.376048742870081,3.598362600854295e-08
LDOS,2025-12-09,1106459.5,184.0909881591797,128297333.0,23618382810.157333,1336920,RevenueFromContractWithCustomerExcludingAssessedTax,16856000000.0,ttm_from_filed_statements,10K(2025-02-11)+YTD(2025-11-04)-PY_YTD(2025-11-04),4.684738616075591e-05,-4.329314635461969,10.373250157432052,6.564187826293309e-05
LDOS,2025-12-11,43707.0,186.75881958007812,128297333.0,23960658466.352203,1336920,RevenueFromContractWithCustomerExcludingAssessedTax,16856000000.0,ttm_from_filed_statements,10K(2025-02-11)+YTD(2025-11-04)-PY_YTD(2025-11-04),1.8241151453069396e-06,-5.7389477507701745,10.379498748791308,2.5929639297579496e-06
LDOS,2025-12-12,45853.0,188.96055603027344,128297333.0,24243135380.88115,1336920,RevenueFromContractWithCustomerExcludingAssessedTax,16856000000.0,ttm_from_filed_statements,10K(2025-02-11)+YTD(2025-11-04)-PY_YTD(2025-11-04),1.8913807673639866e-06,-5.723221031430724,10.384588786721896,2.7202776459420977e-06
LDOS,2025-12-16,234191.2,184.83717346191406,128297333.0,23714116394.42195,1336920,RevenueFromContractWithCustomerExcludingAssessedTax,16856000000.0,ttm_from_filed_statements,10K(2025-02-11)+YTD(2025-11-04)-PY_YTD(2025-11-04),9.875603041869466e-06,-5.005436375219491,10.375006947154622,1.3893640246796393e-05
LDOS,2025-12-18,6526160.73,180.274658203125,128297333.0,23128757854.94751,1336920,RevenueFromContractWithCustomerExcludingAssessedTax,16856000000.0,ttm_from_filed_statements,10K(2025-02-11)+YTD(2025-11-04)-PY_YTD(2025-11-04),0.00028216650331716706,-3.549494543692807,10.364152309328004,0.0003871713769577599
LDOS,2025-12-19,7623370.78,180.10568237304688,128297333.0,23107078706.607025,1336920,RevenueFromContractWithCustomerExcludingAssessedTax,16856000000.0,ttm_from_filed_statements,10K(2025-02-11)+YTD(2025-11-04)-PY_YTD(2025-11-04),0.0003299149527638145,-3.4815980004423803,10.363745043627336,0.0004522645218319886
LDOS,2025-12-22,12508308.750000002,183.5747833251953,128297333.0,23552155106.67543,1336920,RevenueFromContractWithCustomerExcludingAssessedTax,16856000000.0,ttm_from_filed_statements,10K(2025-02-11)+YTD(2025-11-04)-PY_YTD(2025-11-04),0.0005310897747295639,-3.2748320601347625,10.372030652786117,0.0007420686254152825
LDOS,2025-12-23,993560.49,184.92665100097656,128297333.0,23725596124.047073,1336920,RevenueFromContractWithCustomerExcludingAssessedTax,16856000000.0,ttm_from_filed_statements,10K(2025-02-11)+YTD(2025-11-04)-PY_YTD(2025-11-04),4.187715599664014e-05,-4.378022820233539,10.3752171332229,5.894402527289986e-05
LDOS,2025-12-29,60000.0,184.7477264404297,128297333.0,23702640580.120712,1336920,RevenueFromContractWithCustomerExcludingAssessedTax,16856000000.0,ttm_from_filed_statements,10K(2025-02-11)+YTD(2025-11-04)-PY_YTD(2025-11-04),2.5313635329863503e-06,-5.596645480668416,10.37479673105206,3.559563360227812e-06
LDOS,2025-12-30,358031.01,184.37994384765625,128297333.0,23655455054.344055,1336920,RevenueFromContractWithCustomerExcludingAssessedTax,16856000000.0,ttm_from_filed_statements,10K(2025-02-11)+YTD(2025-11-04)-PY_YTD(2025-11-04),1.5135240864210375e-05,-4.820010663233005,10.373931306884256,2.124056775035596e-05
LDOS,2025-12-31,920460.0,182.2527618408203,128297333.0,23382543276.061417,1336920,RevenueFromContractWithCustomerExcludingAssessedTax,16856000000.0,ttm_from_filed_statements,10K(2025-02-11)+YTD(2025-11-04)-PY_YTD(2025-11-04),3.936526446814486e-05,-4.404886826486153,10.368891746803937,5.4607261509254864e-05
LDOS,2026-01-07,319168.6,196.3180694580078,128297333.0,25187084731.171158,1336920,RevenueFromContractWithCustomerExcludingAssessedTax,16856000000.0,ttm_from_filed_statements,10K(2025-02-11)+YTD(2025-11-04)-PY_YTD(2025-11-04),1.2671915126604616e-05,-4.897157744543306,10.401177903169646,1.893501423825344e-05
LDOS,2026-01-08,803037.0,195.43338012695312,128297333.0,25073581449.463287,1336920,RevenueFromContractWithCustomerExcludingAssessedTax,16856000000.0,ttm_from_filed_statements,10K(2025-02-11)+YTD(2025-11-04)-PY_YTD(2025-11-04),3.202721564203144e-05,-4.494480816061857,10.399216371957769,4.7641018035121024e-05
LDOS,2026-01-09,5056813.0,194.0517120361328,128297333.0,24896317118.31984,1336920,RevenueFromContractWithCustomerExcludingAssessedTax,16856000000.0,ttm_from_filed_statements,10K(2025-02-11)+YTD(2025-11-04)-PY_YTD(2025-11-04),0.0002031149015321213,-3.6922582133959327,10.396135107196617,0.0003000007712387281
LDOS,2026-01-13,633562.48,194.429443359375,128297333.0,24944779039.682373,1336920,RevenueFromContractWithCustomerExcludingAssessedTax,16856000000.0,ttm_from_filed_statements,10K(2025-02-11)+YTD(2025-11-04)-PY_YTD(2025-11-04),2.5398600604644492e-05,-4.595190211192002,10.396979661321033,3.7586763170384434e-05
LDOS,2026-01-15,330235.85,189.6780548095703,128297333.0,24335188560.695694,1336920,RevenueFromContractWithCustomerExcludingAssessedTax,16856000000.0,ttm_from_filed_statements,10K(2025-02-11)+YTD(2025-11-04)-PY_YTD(2025-11-04),1.3570301671439328e-05,-4.8674104977503445,10.386234715714203,1.9591590531561462e-05
LDOS,2026-01-16,0.06,192.2028350830078,128297333.0,24659111136.188736,1336920,RevenueFromContractWithCustomerExcludingAssessedTax,16856000000.0,ttm_from_filed_statements,10K(2025-02-11)+YTD(2025-11-04)-PY_YTD(2025-11-04),2.433177727641057e-12,-11.613826167553048,10.39197741793669,3.5595633602278118e-12
LDOS,2026-01-20,81669.32,193.53482055664062,128297333.0,24830001320.050568,1336920,RevenueFromContractWithCustomerExcludingAssessedTax,16856000000.0,ttm_from_filed_statements,10K(2025-02-11)+YTD(2025-11-04)-PY_YTD(2025-11-04),3.2891387699625656e-06,-5.4829178030884504,10.394976742643193,4.845118652112008e-06
LDOS,2026-01-21,5104924.11,189.77745056152344,128297333.0,24347940770.58281,1336920,RevenueFromContractWithCustomerExcludingAssessedTax,16856000000.0,ttm_from_filed_statements,10K(2025-02-11)+YTD(2025-11-04)-PY_YTD(2025-11-04),0.0002096655383755398,-3.678472946374213,10.386462236606503,0.0003028550136449929
LDOS,2026-01-22,237900.0,190.9702606201172,128297333.0,24500975119.87596,1336920,RevenueFromContractWithCustomerExcludingAssessedTax,16856000000.0,ttm_from_filed_statements,10K(2025-02-11)+YTD(2025-11-04)-PY_YTD(2025-11-04),9.709817623014033e-06,-5.012788927255999,10.389183369293265,1.4113668723303274e-05
LDOS,2026-01-26,1003973.87,190.0855712890625,128297333.0,24387471838.16809,1336920,RevenueFromContractWithCustomerExcludingAssessedTax,16856000000.0,ttm_from_filed_statements,10K(2025-02-11)+YTD(2025-11-04)-PY_YTD(2025-11-04),4.1167607559415444e-05,-4.3854443711354945,10.387166780894209,5.9561810037968676e-05
LDOS,2026-01-27,1657046.73,188.36595153808594,128297333.0,24166849210.343674,1336920,RevenueFromContractWithCustomerExcludingAssessedTax,16856000000.0,ttm_from_filed_statements,10K(2025-02-11)+YTD(2025-11-04)-PY_YTD(2025-11-04),6.856693297406623e-05,-4.163885276263497,10.383220032295975,9.830604710488846e-05
LDOS,2026-01-28,30609942.06,186.02999877929688,128297333.0,23867152701.377045,1336920,RevenueFromContractWithCustomerExcludingAssessedTax,16856000000.0,ttm_from_filed_statements,10K(2025-02-11)+YTD(2025-11-04)-PY_YTD(2025-11-04),0.0012825133539382735,-2.891938104179881,10.377800611724092,0.0018159671369245372
LDOS,2026-01-29,1244835.5,186.64630126953125,128297333.0,23946222667.195374,1336920,RevenueFromContractWithCustomerExcludingAssessedTax,16856000000.0,ttm_from_filed_statements,10K(2025-02-11)+YTD(2025-11-04)-PY_YTD(2025-11-04),5.198462894548025e-05,-4.284125051576595,10.379237016532514,7.385118058851447e-05
LDOS,2026-01-30,4812290.89,186.06976318359375,128297333.0,23872254368.396667,1336920,RevenueFromContractWithCustomerExcludingAssessedTax,16856000000.0,ttm_from_filed_statements,10K(2025-02-11)+YTD(2025-11-04)-PY_YTD(2025-11-04),0.00020158510443700535,-3.6955415620073357,10.377893433398242,0.00028549423884670144
LDOS,2026-02-06,14081361.45,184.96641540527344,128297333.0,23730697791.066696,1336920,RevenueFromContractWithCustomerExcludingAssessedTax,16856000000.0,ttm_from_filed_statements,10K(2025-02-11)+YTD(2025-11-04)-PY_YTD(2025-11-04),0.0005933816853586521,-3.2266658622497513,10.375310508649461,0.0008353916379924062
LDOS,2026-02-10,98931.6,193.41554260253906,128297333.0,24814698276.65364,1336920,RevenueFromContractWithCustomerExcludingAssessedTax,16856000000.0,ttm_from_filed_statements,10K(2025-02-11)+YTD(2025-11-04)-PY_YTD(2025-11-04),3.986814544228313e-06,-5.399373966066113,10.394708998953814,5.869221642145231e-06
LDOS,2026-02-18,52865.9,160.56332397460938,128297333.0,20599846243.557343,1336920,RevenueFromContractWithCustomerExcludingAssessedTax,17107000000.0,latest_10k,2026-02-17,2.566324980048526e-06,-5.590688348699532,10.313863978824308,3.0903080610276495e-06
LDOS,2026-02-19,249917.0,170.50347900390625,128297333.0,21875141623.42267,1336920,RevenueFromContractWithCustomerExcludingAssessedTax,17107000000.0,latest_10k,2026-02-17,1.1424703176888371e-05,-4.9421550744365845,10.339950873400493,1.4609048927339685e-05
LDOS,2026-02-20,387678.1,175.21511840820312,128297333.0,22479632393.051666,1336920,RevenueFromContractWithCustomerExcludingAssessedTax,17107000000.0,latest_10k,2026-02-17,1.724574909507102e-05,-4.7633179366523395,10.351789204985344,2.266195709358742e-05
LDOS,2026-02-23,4464283.19,172.46168518066406,128297333.0,22126374253.364822,1336920,RevenueFromContractWithCustomerExcludingAssessedTax,17107000000.0,latest_10k,2026-02-17,0.00020176297927895277,-3.695158517830588,10.344910253928884,0.0002609623656982522
LDOS,2026-02-26,1868344.72,168.873291015625,127855173.0,21591323837.88208,1336920,RevenueFromContractWithCustomerExcludingAssessedTax,17107000000.0,latest_10k,2026-02-17,8.653219848993142e-05,-4.062822262193708,10.334279271230068,0.00010921521716256503
LDOS,2026-02-27,685316.53,174.8075714111328,127855173.0,22350052284.48024,1336920,RevenueFromContractWithCustomerExcludingAssessedTax,17107000000.0,latest_10k,2026-02-17,3.0662860259878685e-05,-4.51338733620233,10.349278543433714,4.006059098614603e-05
LDOS,2026-03-03,428571.0,178.32638549804688,127855173.0,22799950868.317474,1336920,RevenueFromContractWithCustomerExcludingAssessedTax,17107000000.0,latest_10k,2026-02-17,1.879701418986551e-05,-4.7259111307282735,10.35793391113898,2.505237622026071e-05
LDOS,2026-03-04,65930731.0,179.5688934326172,127855173.0,22958811935.245834,1336920,RevenueFromContractWithCustomerExcludingAssessedTax,17107000000.0,latest_10k,2026-02-17,0.0028716961132812225,-2.5418615196204746,10.360949410584961,0.0038540206348278484
LDOS,2026-03-05,1099754.0,175.6425323486328,127855173.0,22456806359.592545,1336920,RevenueFromContractWithCustomerExcludingAssessedTax,17107000000.0,latest_10k,2026-02-17,4.8971967892052214e-05,-4.31005244391955,10.351347994177242,6.428678318816859e-05
LDOS,2026-03-06,2838993.31,174.6087646484375,127855173.0,22324633811.44226,1336920,RevenueFromContractWithCustomerExcludingAssessedTax,17107000000.0,latest_10k,2026-02-17,0.00012716863953866528,-3.8956199748079796,10.348784343933518,0.00016595506576255335
LDOS,2026-03-09,4220229.73,176.82542419433594,127855173.0,22608045201.165207,1336920,RevenueFromContractWithCustomerExcludingAssessedTax,17107000000.0,latest_10k,2026-02-17,0.00018666937775683906,-3.728926920197649,10.354263012807607,0.00024669607353714856
LDOS,2026-03-11,162761.16,171.4776153564453,127855173.0,21924300177.025772,1336920,RevenueFromContractWithCustomerExcludingAssessedTax,17107000000.0,latest_10k,2026-02-17,7.423779034486838e-06,-5.129374963180791,10.340925739593075,9.514301747822528e-06
LDOS,2026-03-18,1983444.52,168.38519287109375,127855173.0,21528917965.17206,1336920,RevenueFromContractWithCustomerExcludingAssessedTax,17107000000.0,latest_10k,2026-02-17,9.212931756294833e-05,-4.035602145810496,10.33302220290459,0.00011594344537323903
LDOS,2026-03-19,425750.51,166.16305541992188,127855173.0,21244806196.9227,1336920,RevenueFromContractWithCustomerExcludingAssessedTax,17107000000.0,latest_10k,2026-02-17,2.0040216232317043e-05,-4.698097596777074,10.327252773646716,2.4887502776641142e-05
LDOS,2026-03-23,1777421.03,165.28614807128906,127855173.0,21132689056.15828,1336920,RevenueFromContractWithCustomerExcludingAssessedTax,17107000000.0,latest_10k,2026-02-17,8.410766018828265e-05,-4.075164448601587,10.324954762927662,0.00010390021803939908
LDOS,2026-03-24,7144627.96,161.96786499023438,126392685.0,20471553339.83322,1336920,RevenueFromContractWithCustomerExcludingAssessedTax,17107000000.0,latest_10k,2026-02-17,0.00034900272790233737,-3.4571711784611576,10.311150797294824,0.0004176435353948676
LDOS,2026-03-26,5595649.140000001,158.3207550048828,126392685.0,20010585316.294327,1336920,RevenueFromContractWithCustomerExcludingAssessedTax,17107000000.0,latest_10k,2026-02-17,0.0002796344560418003,-3.553409316664333,10.301259792080442,0.0003270970444847139
LDOS,2026-03-30,549613.77,154.9825439453125,126392685.0,19588659857.37854,1336920,RevenueFromContractWithCustomerExcludingAssessedTax,17107000000.0,latest_10k,2026-02-17,2.8057752495660123e-05,-4.551947120115397,10.29200472509866,3.212800432571462e-05
LDOS,2026-03-31,164365.71000000002,153.6472625732422,126392685.0,19419890059.53209,1336920,RevenueFromContractWithCustomerExcludingAssessedTax,17107000000.0,latest_10k,2026-02-17,8.463781694753853e-06,-5.072435546866836,10.288246766937913,9.608096685567313e-06
LDOS,2026-04-02,31284244.340000004,155.46084594726562,126392685.0,19649113731.64627,1336920,RevenueFromContractWithCustomerExcludingAssessedTax,17107000000.0,latest_10k,2026-02-17,0.0015921453133845187,-2.7980172972007247,10.293342966409368,0.001828739366341264
LDOS,2026-04-06,149989.48,158.26097106933594,126392685.0,20003029064.16069,1336920,RevenueFromContractWithCustomerExcludingAssessedTax,17107000000.0,latest_10k,2026-02-17,7.4983383526015705e-06,-5.1250349665081725,10.30109576597606,8.767725492488456e-06
MRCY,2025-09-25,687173.48,74.2699966430664,60020680.0,4457735702.114563,1049521,Revenues,912020000.0,latest_10k,2025-08-11,0.00015415303327068802,-3.812047925236784,9.649114315710866,0.0007534631696673318
NOC,2025-08-13,89304.63,571.83447265625,143183008.0,81876979873.01562,1133421,Revenues,41166000000.0,ttm_from_filed_statements,10K(2025-01-30)+YTD(2025-07-22)-PY_YTD(2025-07-22),1.090717197171953e-06,-5.962287839355519,10.91316181483226,2.1693783704999273e-06
NOC,2025-08-14,1738476.97,573.104736328125,143183008.0,82058860046.50781,1133421,Revenues,41166000000.0,ttm_from_filed_statements,10K(2025-01-30)+YTD(2025-07-22)-PY_YTD(2025-07-22),2.1185731425158695e-05,-4.6739565376376495,10.91412547949721,4.223089369868338e-05
NOC,2025-08-18,1375060.97,574.94580078125,143183008.0,82322469192.82812,1133421,Revenues,41166000000.0,ttm_from_filed_statements,10K(2025-01-30)+YTD(2025-07-22)-PY_YTD(2025-07-22),1.670334944374815e-05,-4.777196433099065,10.915518388245358,3.340283170577661e-05
NOC,2025-08-19,1764197.0,575.7925415039062,143183008.0,82443708076.49414,1133421,Revenues,41166000000.0,ttm_from_filed_statements,10K(2025-01-30)+YTD(2025-07-22)-PY_YTD(2025-07-22),2.1398807030405723e-05,-4.669610437611252,10.91615751684012,4.285568187339066e-05
NOC,2025-08-21,2686935.02,583.3932495117188,143183008.0,83532000311.98242,1133421,Revenues,41166000000.0,ttm_from_filed_statements,10K(2025-01-30)+YTD(2025-07-22)-PY_YTD(2025-07-22),3.216653509989712e-05,-4.492595717712829,10.921852881430453,6.527073361511927e-05
NOC,2025-08-22,280000.0,587.9912719726562,143183008.0,84190358998.79102,1133421,Revenues,41166000000.0,ttm_from_filed_statements,10K(2025-01-30)+YTD(2025-07-22)-PY_YTD(2025-07-22),3.3257964846547433e-06,-5.478104330070096,10.925262361412315,6.801729582665307e-06
NOC,2025-08-25,1968617.0,583.2948608398438,143183008.0,83517912725.99023,1133421,Revenues,41166000000.0,ttm_from_filed_statements,10K(2025-01-30)+YTD(2025-07-22)-PY_YTD(2025-07-22),2.3571194917894293e-05,-4.627618400797956,10.92177963193558,4.782143030656367e-05
NOC,2025-08-26,214227.0,577.682861328125,143183008.0,82714369755.00781,1133421,Revenues,41166000000.0,ttm_from_filed_statements,10K(2025-01-30)+YTD(2025-07-22)-PY_YTD(2025-07-22),2.5899610990752904e-06,-5.586706758924083,10.917580964971942,5.203979011805859e-06
NOC,2025-08-27,5328858.19,583.865966796875,143183008.0,83599685394.80469,1133421,Revenues,41166000000.0,ttm_from_filed_statements,10K(2025-01-30)+YTD(2025-07-22)-PY_YTD(2025-07-22),6.374256272417937e-05,-4.195570480012016,10.922204643090243,0.00012944804425982608
NOC,2025-09-02,12462945.35,580.931884765625,143183008.0,83179574703.85156,1133421,Revenues,41166000000.0,ttm_from_filed_statements,10K(2025-01-30)+YTD(2025-07-22)-PY_YTD(2025-07-22),0.00014983179938551564,-3.824396004847186,10.920016695492215,0.00030274851455084294
NOC,2025-09-03,7325540.53,582.5036010742188,143183008.0,83404617772.63867,1133421,Revenues,41166000000.0,ttm_from_filed_statements,10K(2025-01-30)+YTD(2025-07-22)-PY_YTD(2025-07-22),8.783135425390299e-05,-4.056350420897388,10.921190096413005,0.0001779512347568382
NOC,2025-09-05,79355.99,573.0540771484375,143492000.0,82228675638.1836,1133421,Revenues,41166000000.0,ttm_from_filed_statements,10K(2025-01-30)+YTD(2025-07-22)-PY_YTD(2025-07-22),9.650646734136428e-07,-6.0154435816142175,10.915023295638456,1.9277070883739007e-06
NOC,2025-09-09,1861468.0,575.1693725585938,143183008.0,82354480872.41211,1133421,Revenues,41166000000.0,ttm_from_filed_statements,10K(2025-01-30)+YTD(2025-07-22)-PY_YTD(2025-07-22),2.2603117405158366e-05,-4.645831659149442,10.915687233927397,4.5218578438517225e-05
NOC,2025-09-10,5663321.959999999,565.0181274414062,143183008.0,80900995061.58789,1133421,Revenues,41166000000.0,ttm_from_filed_statements,10K(2025-01-30)+YTD(2025-07-22)-PY_YTD(2025-07-22),7.000311869697838e-05,-4.154882611375494,10.90795386335639,0.0001375728018267502
NOC,2025-09-11,22643.74,573.162841796875,143183008.0,82067179762.30469,1133421,Revenues,41166000000.0,ttm_from_filed_statements,10K(2025-01-30)+YTD(2025-07-22)-PY_YTD(2025-07-22),2.7591712138255765e-07,-6.559221349570617,10.91416950915477,5.500592722149347e-07
NOC,2025-09-12,670324.2,576.2072143554688,143183008.0,82503082182.7168,1133421,Revenues,41166000000.0,ttm_from_filed_statements,10K(2025-01-30)+YTD(2025-07-22)-PY_YTD(2025-07-22),8.124838275925929e-06,-5.0901852748502545,10.91647017339771,1.628344264684448e-05
NOC,2025-09-14,1040917.89,569.298095703125,143183008.0,81513813791.44531,1133421,Revenues,41166000000.0,ttm_from_filed_statements,10K(2025-01-30)+YTD(2025-07-22)-PY_YTD(2025-07-22),1.2769834235252553e-05,-4.8938147402606536,10.911231212973552,2.5285864305494826e-05
NOC,2025-09-15,1251.0,569.298095703125,143183008.0,81513813791.44531,1133421,Revenues,41166000000.0,ttm_from_filed_statements,10K(2025-01-30)+YTD(2025-07-22)-PY_YTD(2025-07-22),1.534709200578822e-08,-7.813973903280133,10.911231212973552,3.0389156099693923e-08
NOC,2025-09-17,18241691.6,572.65869140625,143183008.0,81994993992.89062,1133421,Revenues,41166000000.0,ttm_from_filed_statements,10K(2025-01-30)+YTD(2025-07-22)-PY_YTD(2025-07-22),0.00022247323539753715,-3.6527222292597985,10.913787338388238,0.00044312519069134726
NOC,2025-09-18,10380139.2,570.4050903320312,143183008.0,81672316612.25195,1133421,Revenues,41166000000.0,ttm_from_filed_statements,10K(2025-01-30)+YTD(2025-07-22)-PY_YTD(2025-07-22),0.0001270949524951131,-3.8958716968657265,10.912074874403842,0.0002521532138172278
NOC,2025-09-19,2965103.0,567.1136474609375,143183008.0,81201037921.3086,1133421,Revenues,41166000000.0,ttm_from_filed_statements,10K(2025-01-30)+YTD(2025-07-22)-PY_YTD(2025-07-22),3.6515580045583436e-05,-4.43752179625229,10.90956158048029,7.202795996696302e-05
NOC,2025-09-23,7141948.05,569.4859008789062,143362888.0,81643143425.28174,1133421,Revenues,41166000000.0,ttm_from_filed_statements,10K(2025-01-30)+YTD(2025-07-22)-PY_YTD(2025-07-22),8.747762212923827e-05,-4.058103030734836,10.911919717577263,0.00017349142617694214
NOC,2025-09-24,1608239.72,570.4050903320312,143182982.0,81672301781.7196,1133421,Revenues,41166000000.0,ttm_from_filed_statements,10K(2025-01-30)+YTD(2025-07-22)-PY_YTD(2025-07-22),1.9691372532859922e-05,-4.705724011506746,10.912074795542127,3.90671845697906e-05
NOC,2025-09-25,113483759.18,579.4888305664062,143182982.0,82972938796.1908,1133421,Revenues,41166000000.0,ttm_from_filed_statements,10K(2025-01-30)+YTD(2025-07-22)-PY_YTD(2025-07-22),0.001367720136546615,-2.8640027590396953,10.918936472523134,0.00275673514988097
NOC,2025-09-26,20000000.0,578.99462890625,143305200.0,82972941094.33594,1133421,Revenues,41166000000.0,ttm_from_filed_statements,10K(2025-01-30)+YTD(2025-07-22)-PY_YTD(2025-07-22),0.00024104243788660012,-3.6179064888880355,10.918936484552017,0.0004858378273332362
NOC,2025-09-28,390560.0,587.6434326171875,143182982.0,84140539034.84497,1133421,Revenues,41166000000.0,ttm_from_filed_statements,10K(2025-01-30)+YTD(2025-07-22)-PY_YTD(2025-07-22),4.641757760052596e-06,-5.3333175278649225,10.925005289938035,9.487441092163436e-06
NOC,2025-09-29,1395996.9,587.6434326171875,143182982.0,84140539034.84497,1133421,Revenues,41166000000.0,ttm_from_filed_statements,10K(2025-01-30)+YTD(2025-07-22)-PY_YTD(2025-07-22),1.6591252159935393e-05,-4.780120836059481,10.925005289938035,3.391140504299665e-05
NOC,2025-09-30,5604485.5,587.1195068359375,143310740.0,84140530993.09326,1133421,Revenues,41166000000.0,ttm_from_filed_statements,10K(2025-01-30)+YTD(2025-07-22)-PY_YTD(2025-07-22),6.660863003657593e-05,-4.176469498540618,10.925005248430237,0.0001361435529320313
NOC,2025-10-02,100000.0,598.4172973632812,143182982.0,85683173116.85535,1133421,Revenues,41166000000.0,ttm_from_filed_statements,10K(2025-01-30)+YTD(2025-07-22)-PY_YTD(2025-07-22),1.1670902974568795e-06,-5.932895541409506,10.932895541409506,2.4291891366661808e-06
NOC,2025-10-06,391084.11,602.4896240234375,143182982.0,86266260991.73462,1133421,Revenues,41166000000.0,ttm_from_filed_statements,10K(2025-01-30)+YTD(2025-07-22)-PY_YTD(2025-07-22),4.533453815014316e-06,-5.343570804327256,10.935840974972534,9.500172715347616e-06
NOC,2025-10-07,2327300.0,611.3658447265625,143182982.0,87537184740.8982,1133421,Revenues,41166000000.0,ttm_from_filed_statements,10K(2025-01-30)+YTD(2025-07-22)-PY_YTD(2025-07-22),2.658641589729654e-05,-4.575340205765134,10.942192575277398,5.653451877763203e-05
NOC,2025-10-09,1500759.59,630.571044921875,143182982.0,90287042574.77002,1133421,Revenues,41166000000.0,ttm_from_filed_statements,10K(2025-01-30)+YTD(2025-07-22)-PY_YTD(2025-07-22),1.6622092685749075e-05,-4.7793143003677825,10.955625427588615,3.645628892775592e-05
NOC,2025-10-22,134172.0,592.41748046875,142790278.0,84591456728.19238,1133421,Revenues,41460000000.0,ttm_from_filed_statements,10K(2025-01-30)+YTD(2025-10-21)-PY_YTD(2025-10-21),1.5861176197865802e-06,-5.799664610378927,10.927326503900053,3.236179450072359e-06
NOC,2025-10-23,1106715.9,589.5806884765625,142720067.0,84144995361.28113,1133421,Revenues,41460000000.0,ttm_from_filed_statements,10K(2025-01-30)+YTD(2025-10-21)-PY_YTD(2025-10-21),1.3152486315416084e-05,-4.880992141394888,10.925028290821482,2.6693581765557163e-05
NOC,2025-11-06,129695.95,563.9012451171875,142720067.0,80480023484.50842,1133421,Revenues,41460000000.0,ttm_from_filed_statements,10K(2025-01-30)+YTD(2025-10-21)-PY_YTD(2025-10-21),1.6115297235837057e-06,-5.792761679807658,10.905688094441361,3.1282187650747707e-06
NOC,2025-11-07,224362.06,565.3443603515625,142720067.0,80685984987.44714,1133421,Revenues,41460000000.0,ttm_from_filed_statements,10K(2025-01-30)+YTD(2025-10-21)-PY_YTD(2025-10-21),2.780681924313194e-06,-5.555848686222491,10.906798105091285,5.411530631934395e-06
NOC,2025-11-18,210000.0,556.5176391601562,143182982.0,79683855110.55115,1133421,Revenues,41460000000.0,ttm_from_filed_statements,10K(2025-01-30)+YTD(2025-10-21)-PY_YTD(2025-10-21),2.6354146609580057e-06,-5.57915104238778,10.9013703371217,5.065123010130246e-06
NOC,2025-11-21,10000000.0,560.78759765625,143182982.0,80295240501.03809,1133421,Revenues,41460000000.0,ttm_from_filed_statements,10K(2025-01-30)+YTD(2025-10-21)-PY_YTD(2025-10-21),0.0001245403829367784,-3.9046898032438615,10.904689803243862,0.000241196333815726
NOC,2025-11-24,4600000.0,560.1452026367188,143182982.0,80203260466.51965,1133421,Revenues,41460000000.0,ttm_from_filed_statements,10K(2025-01-30)+YTD(2025-10-21)-PY_YTD(2025-10-21),5.735427678679274e-05,-4.241434192136698,10.904192023818272,0.00011095031355523396
NOC,2025-11-25,36187101.0,559.0183715820312,143182982.0,80041917435.89929,1133421,Revenues,41460000000.0,ttm_from_filed_statements,10K(2025-01-30)+YTD(2025-10-21)-PY_YTD(2025-10-21),0.0004521018756076159,-3.3447636912308063,10.903317483785465,0.0008728196092619392
NOC,2025-11-26,126828536.13,562.833740234375,143182982.0,80588213296.97119,1133421,Revenues,41460000000.0,ttm_from_filed_statements,10K(2025-01-30)+YTD(2025-10-21)-PY_YTD(2025-10-21),0.001573785184473952,-2.803054547430816,10.90627152723427,0.0030590577937771343
NOC,2025-12-09,3233820.34,549.3748168945312,143182982.0,78661124518.66296,1133421,Revenues,41460000000.0,ttm_from_filed_statements,10K(2025-01-30)+YTD(2025-10-21)-PY_YTD(2025-10-21),4.111078197506255e-05,-4.386044262353079,10.89576015067733,7.799856102267245e-05
NOC,2025-12-10,413473.34,546.467041015625,143182982.0,78244780497.3335,1133421,Revenues,41460000000.0,ttm_from_filed_statements,10K(2025-01-30)+YTD(2025-10-21)-PY_YTD(2025-10-21),5.284356827022996e-06,-5.277007864264391,10.893455376546783,9.972825373854318e-06
NOC,2025-12-12,4981.0,555.8058471679688,143182982.0,79581938610.54602,1133421,Revenues,41460000000.0,ttm_from_filed_statements,10K(2025-01-30)+YTD(2025-10-21)-PY_YTD(2025-10-21),6.258957857731715e-08,-7.203497972590527,10.90081451432291,1.2013989387361313e-07
NOC,2025-12-18,9346660.02,559.9244384765625,143182982.0,80171650795.74976,1133421,Revenues,41460000000.0,ttm_from_filed_statements,10K(2025-01-30)+YTD(2025-10-21)-PY_YTD(2025-10-21),0.00011658310546470007,-3.933364380409436,10.90402082614577,0.00022543801302460202
NOC,2025-12-19,775000.0,555.289794921875,143182982.0,79508048711.08252,1133421,Revenues,41460000000.0,ttm_from_filed_statements,10K(2025-01-30)+YTD(2025-10-21)-PY_YTD(2025-10-21),9.747440825974814e-06,-5.011109392614007,10.900411095120317,1.8692715870718766e-05
NOC,2025-12-22,2259072.98,564.1622314453125,143182982.0,80778430630.11401,1133421,Revenues,41460000000.0,ttm_from_filed_statements,10K(2025-01-30)+YTD(2025-10-21)-PY_YTD(2025-10-21),2.7966289545093274e-05,-4.553365150252915,10.907295411407597,5.448801205981669e-05
NOC,2026-01-05,1200000.0,581.2321166992188,143182982.0,83222547703.16614,1133421,Revenues,41460000000.0,ttm_from_filed_statements,10K(2025-01-30)+YTD(2025-10-21)-PY_YTD(2025-10-21),1.4419169241010233e-05,-4.8410597607288235,10.920241006776449,2.8943560057887122e-05
NOC,2026-01-06,163936.99,606.6981811523438,143182982.0,86868854751.36877,1133421,Revenues,41460000000.0,ttm_from_filed_statements,10K(2025-01-30)+YTD(2025-10-21)-PY_YTD(2025-10-21),1.8871779819040018e-06,-5.724187139096484,10.93886409596401,3.954100096478533e-06
NOC,2026-01-09,2579810.0,586.3233032226562,143182982.0,83951518971.51013,1133421,Revenues,41460000000.0,ttm_from_filed_statements,10K(2025-01-30)+YTD(2025-10-21)-PY_YTD(2025-10-21),3.072975964705876e-05,-4.512440836566411,10.924028558424956,6.222407139411481e-05
NOC,2026-01-13,373718.0,624.5620727539062,143182982.0,89426660021.00525,1133421,Revenues,41460000000.0,ttm_from_filed_statements,10K(2025-01-30)+YTD(2025-10-21)-PY_YTD(2025-10-21),4.179044592655234e-06,-5.378922994675762,10.951467010674751,9.013941148094548e-06
NOC,2026-01-14,1486558.7,620.7709350585938,143182982.0,88883833620.6178,1133421,Revenues,41460000000.0,ttm_from_filed_statements,10K(2025-01-30)+YTD(2025-10-21)-PY_YTD(2025-10-21),1.6724736540337216e-05,-4.776640714814486,10.948822777755211,3.5855250844187166e-05
NOC,2026-01-16,500000.0,649.660888671875,143182982.0,93020383328.80908,1133421,Revenues,41460000000.0,ttm_from_filed_statements,10K(2025-01-30)+YTD(2025-10-21)-PY_YTD(2025-10-21),5.375165980907611e-06,-5.269608120532486,10.968578124868504,1.20598166907863e-05
NOC,2026-01-20,2608259.92,661.8579711914062,143182982.0,94766797975.65564,1133421,Revenues,41460000000.0,ttm_from_filed_statements,10K(2025-01-30)+YTD(2025-10-21)-PY_YTD(2025-10-21),2.7522929715004488e-05,-4.560305338919862,10.976656206730151,6.291027303424988e-05
NOC,2026-01-23,822552.0,665.3711547851562,143182982.0,95269826078.92224,1133421,Revenues,41460000000.0,ttm_from_filed_statements,10K(2025-01-30)+YTD(2025-10-21)-PY_YTD(2025-10-21),8.63391940401562e-06,-5.063792009716658,10.97895537238634,1.9839652677279306e-05
NOC,2026-01-26,2741391.39,667.8621826171875,143182982.0,95626498872.15747,1133421,Revenues,41460000000.0,ttm_from_filed_statements,10K(2025-01-30)+YTD(2025-10-21)-PY_YTD(2025-10-21),2.8667695903673633e-05,-4.54260721101347,10.980578255448528,6.612135528219971e-05
NOC,2026-01-27,3669322.54,655.9727172851562,143182982.0,93924129771.53162,1133421,Revenues,41954000000.0,latest_10k,2026-01-27,3.906687822315252e-05,-4.40819129122277,10.97277717991671,8.746061257567812e-05
NOC,2026-01-28,69376.0,673.6083984375,142720067.0,96137435756.7627,1133421,Revenues,41954000000.0,latest_10k,2026-01-27,7.216335598499652e-07,-6.141683277962313,10.982892534148569,1.6536206321208943e-06
NOC,2026-01-29,2516697.23,683.9198608398438,141921621.0,97063015284.48505,1133421,Revenues,41954000000.0,latest_10k,2026-01-27,2.5928488030417486e-05,-4.586222807534215,10.987053778644965,5.9987062735376844e-05
NOC,2026-01-30,783548.72,690.0928344726562,141921621.0,97939093708.84406,1133421,Revenues,41954000000.0,latest_10k,2026-01-27,8.000367272433155e-06,-5.096890075416827,10.990956080904692,1.8676376984316155e-05
NOC,2026-02-02,200105.1,687.0262451171875,141921621.0,97503878376.57458,1133421,Revenues,41954000000.0,latest_10k,2026-01-27,2.0522783640171127e-06,-5.687763733346997,10.989021890816954,4.769631024455356e-06
NOC,2026-02-04,1000000.0,699.6499633789062,142720067.0,99854089649.98505,1133421,Revenues,41954000000.0,latest_10k,2026-01-27,1.0014612355941195e-05,-4.999365856648378,10.999365856648378,2.3835629498975066e-05
NOC,2026-02-09,13462428.0,703.748779296875,142720067.0,100439072932.41821,1133421,Revenues,41954000000.0,latest_10k,2026-01-27,0.00013403576523509308,-3.872779301846047,11.001902695456723,0.00032088544596462794
NOC,2026-02-10,97020008.0,692.74267578125,142720067.0,98868281101.25928,1133421,Revenues,41954000000.0,latest_10k,2026-01-27,0.0009813057020849154,-3.008195677587824,10.995056983688585,0.002312532964675597
NOC,2026-02-18,1856509.67,695.8192138671875,142720067.0,99307364823.01233,1133421,Revenues,41954000000.0,latest_10k,2026-01-27,1.8694581950781903e-05,-4.728284242117066,10.996981457794353,4.425107665538447e-05
NOC,2026-02-24,59622.48,722.21142578125,142720067.0,103074063075.66553,1133421,Revenues,41954000000.0,latest_10k,2026-01-27,5.784430944206769e-07,-6.237739359261385,11.013149395834127,1.4211393430900512e-06
NOC,2026-02-25,5111960.0,724.5411376953125,142720067.0,103406559716.13123,1133421,Revenues,41954000000.0,latest_10k,2026-01-27,4.943554851871302e-05,-4.305960642708837,11.014548089610503,0.0001218467845735806
NOC,2026-02-27,1452.0,707.784912109375,142720067.0,101015110077.83911,1133421,Revenues,41954000000.0,latest_10k,2026-01-27,1.4374087192313446e-08,-7.84241972506813,11.004386341432205,3.46093340325118e-08
NOC,2026-03-03,1200000.0,764.6546630859375,142720067.0,109131564747.48743,1133421,Revenues,41954000000.0,latest_10k,2026-01-27,1.0995902081827596e-05,-4.958769136190455,11.03795038223808,2.860275539877008e-05
NOC,2026-03-06,188747.72,736.767333984375,142720067.0,105151483269.66138,1133421,Revenues,41954000000.0,latest_10k,2026-01-27,1.7950076796915528e-06,-5.7459336890129435,11.021815403235234,4.498920722696286e-06
NOC,2026-03-10,8401443.24,744.0652465820312,142720067.0,106193041844.55902,1133421,Revenues,41954000000.0,latest_10k,2026-01-27,7.911481858008818e-05,-4.1017421634705595,11.026096061119153,0.00020025368832530868
NOC,2026-03-11,797841.0,731.7593994140625,142720067.0,104436750512.25476,1133421,Revenues,41954000000.0,latest_10k,2026-01-27,7.63946595510342e-06,-5.116937000175388,11.018853350545092,1.9017042475091767e-05
NOC,2026-03-13,1306550.2799999998,733.0736083984375,142720067.0,104624314506.55676,1133421,Revenues,41954000000.0,latest_10k,2026-01-27,1.2488017590959879e-05,-4.9035064981862355,11.01963262553422,3.114244839586213e-05
NOC,2026-03-16,40339.0,730.4949951171875,142720067.0,104256294646.28967,1133421,Revenues,41954000000.0,latest_10k,2026-01-27,3.8692148168950493e-07,-6.41237715779432,11.018102285685323,9.615054583591552e-07
NOC,2026-03-23,5007989.0,703.8522338867188,142720067.0,100453837978.41217,1133421,Revenues,41954000000.0,latest_10k,2026-01-27,4.98536352695278e-05,-4.302303167945436,11.001966534225176,0.00011936857033894265
NOC,2026-03-24,3616715.0,677.0203247070312,142720067.0,96624386102.54926,1133421,Revenues,41954000000.0,latest_10k,2026-01-27,3.743066472020338e-05,-4.426772460308688,10.985086747670264,8.620667874338561e-05
NOC,2026-03-25,1342622.0,679.1708374023438,142720067.0,96931307418.5086,1133421,Revenues,41954000000.0,latest_10k,2026-01-27,1.3851272986581343e-05,-4.858510311390692,10.986464070581262,3.20022405491729e-05
NOC,2026-03-26,1673404.3,688.1812133789062,142720067.0,98217268881.5788,1133421,Revenues,41954000000.0,latest_10k,2026-01-27,1.7037780820576822e-05,-4.768586972957896,10.992187853577395,3.988664489679173e-05
NOC,2026-03-27,96129279.29,688.957763671875,142720067.0,98328098191.42017,1133421,Revenues,41954000000.0,latest_10k,2026-01-27,0.0009776379392883242,-3.0098219530673007,10.992677639355769,0.002291301885159937
NOC,2026-03-30,10665926.0,676.0247192382812,142720067.0,96482293223.34369,1133421,Revenues,41954000000.0,latest_10k,2026-01-27,0.00011054801501566509,-3.956449051144814,10.984447617374931,0.00025422906039948513
NOC,2026-03-31,8761769.49,668.647216796875,142720067.0,95429375580.61353,1133421,Revenues,41954000000.0,latest_10k,2026-01-27,9.181417605104768e-05,-4.037090258826703,10.979682082133836,0.00020884229131906375
NOC,2026-04-02,544000.0,693.94580078125,142720067.0,99039991181.86865,1133421,Revenues,41954000000.0,latest_10k,2026-01-27,5.492730699067253e-06,-5.260211693309992,10.995810593008171,1.2966582447442437e-05
NOC,2026-04-03,5314.0,699.4216918945312,142720067.0,99821510728.44086,1133421,Revenues,41954000000.0,latest_10k,2026-01-27,5.323501879726561e-08,-7.273802588247476,10.999224138321736,1.266625351575535e-07
ONDS,2025-08-21,515.94,3.609999895095825,274499008.0,990941390.0839081,1646188,Revenues,12508231.0,ttm_from_filed_statements,10K(2025-03-12)+YTD(2025-08-12)-PY_YTD(2025-08-12),5.206564234402528e-07,-6.283448769263787,8.9960479685964,4.124803899128502e-05
PLTR,2025-08-26,1062644.54,157.1699981689453,2372339968.0,372860668426.6758,1321655,RevenueFromContractWithCustomerExcludingAssessedTax,3191070000.0,ttm_from_filed_statements,10K(2025-02-18)+YTD(2025-08-05)-PY_YTD(2025-08-05),2.8499775653032506e-06,-5.545158558694419,11.571546573798003,0.00033300571281733086
PLTR,2025-09-16,2000000.0,171.2100067138672,2372339968.0,406168341848.85547,1321655,RevenueFromContractWithCustomerExcludingAssessedTax,3191070000.0,ttm_from_filed_statements,10K(2025-02-18)+YTD(2025-08-05)-PY_YTD(2025-08-05),4.924066683523665e-06,-5.307676074325151,11.608706069989132,0.0006267490214880902
PLTR,2025-09-24,14244448.96,182.5500030517578,2372342421.0,433071116193.3645,1321655,RevenueFromContractWithCustomerExcludingAssessedTax,3191070000.0,ttm_from_filed_statements,10K(2025-02-18)+YTD(2025-08-05)-PY_YTD(2025-08-05),3.289170860713766e-05,-4.482913565879517,11.636559219296352,0.004463847223658522
PLTR,2025-09-26,5006058.0,179.1199951171875,2378169970.0,425977793414.24194,1321655,RevenueFromContractWithCustomerExcludingAssessedTax,3191070000.0,ttm_from_filed_statements,10K(2025-02-18)+YTD(2025-08-05)-PY_YTD(2025-08-05),1.1751922464962536e-05,-4.929891082530088,11.629386959550999,0.001568770976506313
PLTR,2025-09-30,13620731.13,178.86000061035156,2355232269.0,421256845070.8597,1321655,RevenueFromContractWithCustomerExcludingAssessedTax,3191070000.0,ttm_from_filed_statements,10K(2025-02-18)+YTD(2025-08-05)-PY_YTD(2025-08-05),3.233355443211577e-05,-4.4903465507115765,11.624546970858267,0.004268389953839935
PLTR,2025-11-06,3900000.0,187.89999389648438,2383436338.0,447847673362.8591,1321655,RevenueFromContractWithCustomerExcludingAssessedTax,3321083000.0,ttm_from_filed_statements,10K(2025-02-18)+YTD(2025-11-04)-PY_YTD(2025-11-04),8.70831810002529e-06,-5.060065715303604,11.651130322330102,0.0011743157277309842
PLTR,2026-01-27,2000000.0,167.47000122070312,2383436338.0,399154086434.3282,1321655,RevenueFromContractWithCustomerExcludingAssessedTax,3321083000.0,ttm_from_filed_statements,10K(2025-02-18)+YTD(2025-11-04)-PY_YTD(2025-11-04),5.010596328515992e-06,-5.300110584158284,11.601140579822264,0.000602213193708197
PLTR,2026-01-30,2000000.0,151.86000061035156,2383436338.0,361948643743.41406,1321655,RevenueFromContractWithCustomerExcludingAssessedTax,3321083000.0,ttm_from_filed_statements,10K(2025-02-18)+YTD(2025-11-04)-PY_YTD(2025-11-04),5.525645791389684e-06,-5.257616957960094,11.558646953624075,0.000602213193708197
PLTR,2026-02-12,11920528.04,135.67999267578125,2383436338.0,323384624883.0309,1321655,RevenueFromContractWithCustomerExcludingAssessedTax,3321083000.0,ttm_from_filed_statements,10K(2025-02-18)+YTD(2025-11-04)-PY_YTD(2025-11-04),3.686176497819489e-05,-4.433423874164705,11.509719367805415,0.0035893496308282567
PLTR,2026-03-10,16321745.74,156.42999267578125,2391675711.0,374129813954.5739,1321655,RevenueFromContractWithCustomerExcludingAssessedTax,4475446000.0,latest_10k,2026-02-17,4.3625889012902224e-05,-4.360255709844481,11.573022317981778,0.003646954010840484
PLTR,2026-03-18,600000.0,155.0800018310547,2391675711.0,370901073641.169,1321655,RevenueFromContractWithCustomerExcludingAssessedTax,4475446000.0,latest_10k,2026-02-17,1.617682025316741e-06,-5.7911068400918,11.569258090475444,0.00013406485074336726
PLTR,2026-03-26,4112500.0,154.9600067138672,2391675711.0,370614084233.95306,1321655,RevenueFromContractWithCustomerExcludingAssessedTax,4475446000.0,latest_10k,2026-02-17,1.1096448232668762e-05,-4.954816008581949,11.56892191953998,0.0009189028311368297
PLTR,2026-04-02,5694902.0,146.49000549316406,2391675711.0,350356588042.2571,1321655,RevenueFromContractWithCustomerExcludingAssessedTax,4475446000.0,latest_10k,2026-02-17,1.6254588023654143e-05,-4.78902403332387,11.544510288301689,0.0012724769777135061
PSN,2025-08-25,60.27,79.81999969482422,106794000.0,8524297047.409058,275880,RevenueFromContractWithCustomerExcludingAssessedTax,6664432000.0,ttm_from_filed_statements,10K(2025-02-19)+YTD(2025-08-06)-PY_YTD(2025-08-06),7.070377729072562e-09,-8.150557383760415,9.930658575228327,9.043531391722505e-09
PSN,2025-08-27,210369.39,79.91000366210938,106794000.0,8533908931.091309,275880,RevenueFromContractWithCustomerExcludingAssessedTax,6664432000.0,ttm_from_filed_statements,10K(2025-02-19)+YTD(2025-08-06)-PY_YTD(2025-08-06),2.4651000110109934e-05,-4.6081654563668275,9.931148004010105,3.156598941965347e-05
PSN,2025-08-28,1138232.72,80.33999633789062,106794000.0,8579829568.908691,275880,RevenueFromContractWithCustomerExcludingAssessedTax,6664432000.0,ttm_from_filed_statements,10K(2025-02-19)+YTD(2025-08-06)-PY_YTD(2025-08-06),0.00013266379137934054,-3.877247595220987,9.933478661040123,0.00017079215753120446
PSN,2025-09-02,10000.0,80.0999984741211,106794000.0,8554199237.045288,275880,RevenueFromContractWithCustomerExcludingAssessedTax,6664432000.0,ttm_from_filed_statements,10K(2025-02-19)+YTD(2025-08-06)-PY_YTD(2025-08-06),1.1690164938751307e-06,-5.932179361251829,9.93217936125183,1.500502968595073e-06
PSN,2025-09-04,620055.0,78.68000030517578,106794000.0,8402551952.590942,275880,RevenueFromContractWithCustomerExcludingAssessedTax,6664432000.0,ttm_from_filed_statements,10K(2025-02-19)+YTD(2025-08-06)-PY_YTD(2025-08-06),7.379365263059218e-05,-4.131980992459625,9.924411206372556,9.30394368192218e-05
PSN,2025-09-05,200000.0,73.9000015258789,106794000.0,7892076762.954712,275880,RevenueFromContractWithCustomerExcludingAssessedTax,6664432000.0,ttm_from_filed_statements,10K(2025-02-19)+YTD(2025-08-06)-PY_YTD(2025-08-06),2.5341872108846806e-05,-4.596161305138868,9.897191300802849,3.001005937190146e-05
PSN,2025-09-11,3130824.16,74.76000213623047,106794000.0,7983919668.136597,275880,RevenueFromContractWithCustomerExcludingAssessedTax,6664432000.0,ttm_from_filed_statements,10K(2025-02-19)+YTD(2025-08-06)-PY_YTD(2025-08-06),0.0003921412401598872,-3.4065574820250872,9.902216158557307,0.00046978109462291764
PSN,2025-09-12,1094959.89,76.0999984741211,106794000.0,8127023237.045288,275880,RevenueFromContractWithCustomerExcludingAssessedTax,6664432000.0,ttm_from_filed_statements,10K(2025-02-19)+YTD(2025-08-06)-PY_YTD(2025-08-06),0.00013473074434054288,-3.870533290884902,9.909931501503307,0.00016429905654375345
PSN,2025-09-18,7151422.630000001,82.87999725341797,106794000.0,8851086426.681519,275880,RevenueFromContractWithCustomerExcludingAssessedTax,6664432000.0,ttm_from_filed_statements,10K(2025-02-19)+YTD(2025-08-06)-PY_YTD(2025-08-06),0.000807971167069627,-3.0926041370050954,9.946996581449719,0.0010730730885992986
PSN,2025-09-24,2996703.0,80.12999725341797,106793835.0,8557389705.231972,275880,RevenueFromContractWithCustomerExcludingAssessedTax,6664432000.0,ttm_from_filed_statements,10K(2025-02-19)+YTD(2025-08-06)-PY_YTD(2025-08-06),0.0003501889131177258,-3.4556976076757957,9.932341310296875,0.0004496561747497761
PSN,2025-09-26,356285.89,79.69999694824219,106793835.0,8511468323.59108,275880,RevenueFromContractWithCustomerExcludingAssessedTax,6664432000.0,ttm_from_filed_statements,10K(2025-02-19)+YTD(2025-08-06)-PY_YTD(2025-08-06),4.1859509599828854e-05,-4.3782058638935535,9.9300044872087,5.346080356135377e-05
PSN,2025-09-27,630000.0,81.45999908447266,106793835.0,8699425701.327324,275880,RevenueFromContractWithCustomerExcludingAssessedTax,6664432000.0,ttm_from_filed_statements,10K(2025-02-19)+YTD(2025-08-06)-PY_YTD(2025-08-06),7.24185735506514e-05,-4.140150033857339,9.93949058331092,9.45316870214896e-05
PSN,2025-09-30,212285.19,81.87000274658203,106793835.0,8743211564.768028,275880,RevenueFromContractWithCustomerExcludingAssessedTax,6664432000.0,ttm_from_filed_statements,10K(2025-02-19)+YTD(2025-08-06)-PY_YTD(2025-08-06),2.4280001510592783e-05,-4.614751290576924,9.941670987401277,3.1853455778376915e-05
PSN,2025-10-15,500000.0,86.01000213623047,107228411.0,9222715859.174599,275880,RevenueFromContractWithCustomerExcludingAssessedTax,6664432000.0,ttm_from_filed_statements,10K(2025-02-19)+YTD(2025-08-06)-PY_YTD(2025-08-06),5.4213965564450156e-05,-4.265888824415228,9.964858828751247,7.502514842975366e-05
PSN,2025-12-05,285379.77,84.45999908447266,106793835.0,9019807206.327324,275880,RevenueFromContractWithCustomerExcludingAssessedTax,6562208000.0,ttm_from_filed_statements,10K(2025-02-19)+YTD(2025-11-05)-PY_YTD(2025-11-05),3.163923168998649e-05,-4.499774071218943,9.955197254823204,4.348837616850914e-05
PSN,2026-01-08,4783889.82,65.75,106793835.0,7021694651.25,275880,RevenueFromContractWithCustomerExcludingAssessedTax,6562208000.0,ttm_from_filed_statements,10K(2025-02-19)+YTD(2025-11-05)-PY_YTD(2025-11-05),0.0006813013179301913,-3.166660770947207,9.846441939603764,0.0007290061241582102
PSN,2026-01-16,3387765.33,72.22000122070312,106793835.0,7712650894.063568,275880,RevenueFromContractWithCustomerExcludingAssessedTax,6562208000.0,ttm_from_filed_statements,10K(2025-02-19)+YTD(2025-11-05)-PY_YTD(2025-11-05),0.00043924785090526593,-3.357290354687004,9.887203673873467,0.0005162538782678026
PSN,2026-01-29,784920.32,71.70999908447266,106793835.0,7658185810.077324,275880,RevenueFromContractWithCustomerExcludingAssessedTax,6562208000.0,ttm_from_filed_statements,10K(2025-02-19)+YTD(2025-11-05)-PY_YTD(2025-11-05),0.00010249429035361505,-3.9893003271641754,9.884125899399015,0.00011961222807932938
PSN,2026-02-11,246499.78,70.20999908447266,106793835.0,7497995057.577324,275880,RevenueFromContractWithCustomerExcludingAssessedTax,6364245000.0,latest_10k,2026-02-11,3.287542577810747e-05,-4.483128613806059,9.874945149813513,3.873197527750739e-05
PSN,2026-02-24,5068251.31,64.29000091552734,106793835.0,6865775749.922676,275880,RevenueFromContractWithCustomerExcludingAssessedTax,6364245000.0,latest_10k,2026-02-11,0.0007381906276296717,-3.1318314730858443,9.836689614388069,0.0007963633251076914
PSN,2026-02-27,4558647.09,66.30999755859375,106488583.0,7061257678.748108,275880,RevenueFromContractWithCustomerExcludingAssessedTax,6364245000.0,latest_10k,2026-02-11,0.0006455857153775761,-3.1900460876436814,9.848882060017157,0.0007162903203757868
PSN,2026-03-03,85000.0,67.86000061035156,106488583.0,7226315307.375473,275880,RevenueFromContractWithCustomerExcludingAssessedTax,6364245000.0,latest_10k,2026-02-11,1.1762564513791078e-05,-4.929497981596003,9.858916907310297,1.3355865464010264e-05
PSN,2026-03-05,2370000.0,66.02999877929688,107011496.0,7065968950.250732,275880,RevenueFromContractWithCustomerExcludingAssessedTax,6364245000.0,latest_10k,2026-02-11,0.0003354104747256074,-3.4744233786873076,9.849171724697412,0.0003723929547024038
PSN,2026-03-09,100000.0,65.19000244140625,107011496.0,6976079685.498535,275880,RevenueFromContractWithCustomerExcludingAssessedTax,6364245000.0,latest_10k,2026-02-11,1.4334698642831464e-05,-4.843611432758033,9.843611432758033,1.5712782898835606e-05
PSN,2026-03-10,25000.0,62.54999923706055,107011496.0,6693568993.156708,275880,RevenueFromContractWithCustomerExcludingAssessedTax,6364245000.0,latest_10k,2026-02-11,3.7349282610755498e-06,-5.427717735513439,9.825657744185476,3.9281957247089014e-06
PSN,2026-03-16,140000.0,54.95000076293945,107011496.0,5880281786.843292,275880,RevenueFromContractWithCustomerExcludingAssessedTax,6364245000.0,latest_10k,2026-02-11,2.380838284199916e-05,-4.62327010256437,9.769398138242607,2.1997896058369847e-05
PSN,2026-03-17,117000.0,52.599998474121094,107011496.0,5628804526.313416,275880,RevenueFromContractWithCustomerExcludingAssessedTax,6364245000.0,latest_10k,2026-02-11,2.0785941215945747e-05,-4.68223030526233,9.75041616700849,1.8383955991637656e-05
PSN,2026-03-18,825621.53,54.18000030517578,107011496.0,5797882885.937317,275880,RevenueFromContractWithCustomerExcludingAssessedTax,6364245000.0,latest_10k,2026-02-11,0.00014240051864492355,-3.8464884289279673,9.763269438596614,0.00012972811857494488
RDW,2026-01-30,732500.0,12.8100004196167,165150783.0,2115581599.5300264,1819810,RevenueFromContractWithCustomerExcludingAssessedTax,338895000.0,ttm_from_filed_statements,10K(2025-03-11)+YTD(2025-11-06)-PY_YTD(2025-11-06),0.0003462404854356475,-3.4606221520201164,9.325429781046264,0.0021614364331135013
SATL,2025-09-05,4327484.69,3.4600000381469727,109230000.0,377935804.1667938,1874315,RevenueFromContractWithCustomerExcludingAssessedTax,13809000.0,ttm_from_filed_statements,10K(2025-03-26)+YTD(2025-08-12)-PY_YTD(2025-08-12),0.011450316805893729,-1.9411824971539542,8.577418037234539,0.31338146788326454
SATL,2025-11-24,5903610.47,1.3600000143051147,135467155.0,184235332.7378732,1874315,RevenueFromContractWithCustomerExcludingAssessedTax,13686000.0,ttm_from_filed_statements,10K(2025-03-26)+YTD(2025-11-10)-PY_YTD(2025-11-10),0.0320438559871659,-1.4942552287555237,8.265372923046373,0.43136127940961566
SATL,2026-02-11,573179.0,3.319999933242798,142866734.0,474317547.34261656,1874315,RevenueFromContractWithCustomerExcludingAssessedTax,13686000.0,ttm_from_filed_statements,10K(2025-03-26)+YTD(2025-11-10)-PY_YTD(2025-11-10),0.0012084288325642995,-2.917778921205617,8.67606919164134,0.041880680987870816
SATL,2026-03-03,231640.92,3.1700000762939453,142866734.0,452887557.6798668,1874315,RevenueFromContractWithCustomerExcludingAssessedTax,13686000.0,ttm_from_filed_statements,10K(2025-03-26)+YTD(2025-11-10)-PY_YTD(2025-11-10),0.0005114755662237476,-3.2911751082033462,8.65599038934005,0.01692539237176677
SPIR,2025-09-03,235470.0,9.149999618530273,31076700.0,284351793.14517975,1816017,RevenueFromContractWithCustomerExcludingAssessedTax,99502000.0,ttm_from_filed_statements,10K(2025-04-04)+YTD(2025-05-14)-PY_YTD(2025-05-14),0.0008280939514940126,-3.0819203874896415,8.453855971292604,0.0023664850957769695
TXT,2025-08-20,9319535.0,79.6078872680664,178204992.0,14186522913.742676,217346,RevenueFromContractWithCustomerExcludingAssessedTax,12875000000.0,ttm_from_filed_statements,10K(2020-02-25)+YTD(2020-07-31)-PY_YTD(2020-07-31),0.0006569287665952339,-3.1824817201690294,10.151875963856478,0.0007238473786407767
TXT,2025-08-21,177396.36,79.21825408935547,178204992.0,14117088336.247559,217346,RevenueFromContractWithCustomerExcludingAssessedTax,12875000000.0,ttm_from_filed_statements,10K(2020-02-25)+YTD(2020-07-31)-PY_YTD(2020-07-31),1.2566072817190675e-05,-4.900800427986905,10.149745132275552,1.3778358058252426e-05
TXT,2025-08-28,2818728.37,81.8158950805664,178204992.0,14580000928.305176,217346,RevenueFromContractWithCustomerExcludingAssessedTax,12875000000.0,ttm_from_filed_statements,10K(2020-02-25)+YTD(2020-07-31)-PY_YTD(2020-07-31),0.00019332840812978313,-3.713704325032433,10.163757551633383,0.00021893035883495146
TXT,2025-09-11,5798325.62,80.94667053222656,178204992.0,14425100774.62207,217346,RevenueFromContractWithCustomerExcludingAssessedTax,12875000000.0,ttm_from_filed_statements,10K(2020-02-25)+YTD(2020-07-31)-PY_YTD(2020-07-31),0.0004019608396913895,-3.395816255209947,10.159118855845753,0.00045035538796116503
TXT,2025-09-22,355930.8,83.56465148925781,178844635.0,14945089594.49852,217346,RevenueFromContractWithCustomerExcludingAssessedTax,12875000000.0,ttm_from_filed_statements,10K(2020-02-25)+YTD(2020-07-31)-PY_YTD(2020-07-31),2.3815902725067818e-05,-4.623132952213051,10.17449852294035,2.764511067961165e-05
TXT,2025-09-26,6695674.0,82.29547882080078,178205295.0,14665490080.427055,217346,RevenueFromContractWithCustomerExcludingAssessedTax,12875000000.0,ttm_from_filed_statements,10K(2020-02-25)+YTD(2020-07-31)-PY_YTD(2020-07-31),0.00045655985332097567,-3.3405022799849022,10.166296580488673,0.0005200523495145631
TXT,2025-09-30,5451568.01,83.97437286376953,178205295.0,14964677888.628044,217346,RevenueFromContractWithCustomerExcludingAssessedTax,12875000000.0,ttm_from_filed_statements,10K(2020-02-25)+YTD(2020-07-31)-PY_YTD(2020-07-31),0.00036429571358450387,-3.438545938770571,10.175067373184433,0.0004234227580582524
TXT,2025-10-23,896223.59,82.52533721923828,178205295.0,14706452064.128838,217346,RevenueFromContractWithCustomerExcludingAssessedTax,12875000000.0,ttm_from_filed_statements,10K(2020-02-25)+YTD(2020-07-31)-PY_YTD(2020-07-31),6.094084324974742e-05,-4.215091540658497,10.16750791169278,6.960959922330097e-05
TXT,2025-12-17,510822.59,86.292724609375,178205295.0,15377820445.367432,217346,RevenueFromContractWithCustomerExcludingAssessedTax,12875000000.0,ttm_from_filed_statements,10K(2020-02-25)+YTD(2020-07-31)-PY_YTD(2020-07-31),3.3218139840739614e-05,-4.4786246909550975,10.186894785684718,3.967554097087379e-05
TXT,2025-12-23,1034186.0,90.84075164794922,178205295.0,16188302945.444527,217346,RevenueFromContractWithCustomerExcludingAssessedTax,12875000000.0,ttm_from_filed_statements,10K(2020-02-25)+YTD(2020-07-31)-PY_YTD(2020-07-31),6.388476936002889e-05,-4.194602668779274,10.2092013231166,8.032512621359223e-05
TXT,2026-01-21,1057512.62,93.11978149414062,178205295.0,16594438131.49887,217346,RevenueFromContractWithCustomerExcludingAssessedTax,12875000000.0,ttm_from_filed_statements,10K(2020-02-25)+YTD(2020-07-31)-PY_YTD(2020-07-31),6.372693137423398e-05,-4.195676993481894,10.219962552284207,8.213690252427186e-05
TXT,2026-02-05,2608166.88,90.69082641601562,178205295.0,16161585475.259857,217346,RevenueFromContractWithCustomerExcludingAssessedTax,12875000000.0,ttm_from_filed_statements,10K(2020-02-25)+YTD(2020-07-31)-PY_YTD(2020-07-31),0.00016138063211635888,-3.7921485877658117,10.208483963454713,0.00020257606834951454
TXT,2026-03-26,366958.14,90.6906509399414,174162437.0,15794904780.816536,217346,RevenueFromContractWithCustomerExcludingAssessedTax,12875000000.0,ttm_from_filed_statements,10K(2020-02-25)+YTD(2020-07-31)-PY_YTD(2020-07-31),2.323269086406165e-05,-4.633900486293852,10.198517012115774,2.8501603106796116e-05
VSEC,2025-08-20,196384.75,160.83233642578125,20676300.0,3325417637.640381,102752,RevenueFromContractWithCustomerExcludingAssessedTax,1159443000.0,ttm_from_filed_statements,10K(2025-03-03)+YTD(2025-07-31)-PY_YTD(2025-07-31),5.9055665001930065e-05,-4.228738435712254,9.521846195904569,0.0001693785291730598
VSEC,2025-12-08,35225.35,169.17156982421875,23392243.0,3957302470.0195923,102752,RevenueFromContractWithCustomerExcludingAssessedTax,1159399000.0,ttm_from_filed_statements,10K(2025-03-03)+YTD(2025-10-27)-PY_YTD(2025-10-27),8.90135395685981e-06,-5.050543929167441,9.597399246131618,3.0382422272228972e-05
VSEC,2026-03-20,1507074.15,182.68014526367188,27991027.0,5113404878.439362,102752,RevenueFromContractWithCustomerExcludingAssessedTax,1112275000.0,latest_10k,2026-02-27,0.00029473006457098055,-3.5305755607523563,9.708710181443635,0.0013549474275696208
WWD,2025-09-17,72000.0,239.7691192626953,59966221.0,14378047994.682144,108312,RevenueFromContractWithCustomerExcludingAssessedTax,3392007000.0,ttm_from_filed_statements,10K(2024-11-26)+YTD(2025-08-01)-PY_YTD(2025-08-01),5.007633861469226e-06,-5.300367432544542,10.157699928975811,2.122637128991774e-05
WWD,2026-02-11,7507277.9,390.8594055175781,59996789.0,23450309281.50357,108312,RevenueFromContractWithCustomerExcludingAssessedTax,3790793000.0,ttm_from_filed_statements,10K(2025-11-25)+YTD(2026-02-04)-PY_YTD(2026-02-04),0.000320135560255547,-3.4946660822913618,10.370148574913133,0.0019803977426359077
WWD,2026-02-25,28634.15,394.4055480957031,59996789.0,23663066449.527252,108312,RevenueFromContractWithCustomerExcludingAssessedTax,3790793000.0,ttm_from_filed_statements,10K(2025-11-25)+YTD(2026-02-04)-PY_YTD(2026-02-04),1.210077741237635e-06,-5.917186727612507,10.374071023293437,7.55360421948653e-06
WWD,2026-03-17,2560400.0,367.2599182128906,59996789.0,22034415821.176056,108312,RevenueFromContractWithCustomerExcludingAssessedTax,3790793000.0,ttm_from_filed_statements,10K(2025-11-25)+YTD(2026-02-04)-PY_YTD(2026-02-04),0.00011620004000919968,-3.934793722412369,10.343101540936122,0.0006754259596870628
