ticker,award_date,company,peak_pct,prior_response_count_60d,pre_volatility_market_20d,relative_strength_spy_120d,prior_abs_award_max,prior_signed_award_mean,prior_abs_award_median,prior_response_mean_20d,transaction_amount_abs_sum,prior_transactions_30d,relative_strength_spy_60d,prior_award_days_30d,log_market_cap_preaward,award_to_market_cap,award_to_adv60,stage2_v2_oof_pred_peak
ACN,2025-08-19,ACCENTURE FEDERAL SERVICES LLC,7.339369528064132,0,2.0322580652593905,-36.13908675886539,25607054.43,8867141.426666668,7641789.204999999,,1069277.58,23,-28.78791905881173,6,25.747398833371093,7.032945050010628e-06,0.0009823914635304306,12.474787712097168
ACN,2025-08-25,ACCENTURE FEDERAL SERVICES LLC,7.268111068414762,0,2.058109112062746,-37.24956631330242,25607054.43,7761660.723,4860974.325,,446163.18,42,-28.215545447940805,10,25.78710109975944,2.8203175831031583e-06,0.0004099751862720996,14.842055320739746
ACN,2025-08-27,ACCENTURE FEDERAL SERVICES LLC,7.315646131764031,0,2.0320543381334844,-37.61398469340037,25607054.43,8270161.792499999,5275616.140000001,,1704503.97,51,-27.24782732104152,12,25.772333264945686,1.0934927157571333e-05,0.001571490890816459,14.489445686340332
ACN,2025-09-02,ACCENTURE FEDERAL SERVICES LLC,10.01287403127884,0,1.7360484041662745,-36.93005122582306,26540331.520000003,8586747.517333332,6063204.65,,35164804.77,76,-26.64933138155078,15,25.789990181740784,0.00022164492225928964,0.03268827947880886,14.0785493850708
ACN,2025-09-03,ACCENTURE FEDERAL SERVICES LLC,10.887276425651148,0,1.3951413814475238,-36.73007813088457,36320758.46,10320123.20125,9485794.185,,78000.0,81,-27.352034520694435,16,25.775265387641838,4.989293761513623e-07,7.281874787839495e-05,13.831433296203613
ACN,2025-09-05,ACCENTURE FEDERAL SERVICES LLC,13.175139070162434,0,1.2819016141175692,-34.92326676735609,36320758.46,10473543.066666666,13141988.28,,70000.0,94,-27.798883696418077,18,25.767347809341693,4.513163562221985e-07,6.500562151952267e-05,15.574355125427246
ACN,2025-09-08,ACCENTURE FEDERAL SERVICES LLC,12.90058141359398,0,1.2440570742934236,-35.83623640134678,43706678.09,12222655.43631579,13375592.84,,2369986.14,103,-27.751569912235777,19,25.775262905743666,1.5159726167382976e-05,0.0021900120931736427,15.574355125427246
ACN,2025-09-11,ACCENTURE FEDERAL SERVICES LLC,18.18144590667652,0,1.3633932032540883,-35.04113557788543,45158749.55,13988039.111363636,13457504.295,,5452824.529999999,123,-31.37857178714316,22,25.722938002854846,3.675288955381626e-05,0.004958617575248803,23.038053512573242
ACN,2025-09-15,ACCENTURE FEDERAL SERVICES LLC,21.30156161677609,0,1.4490131883930413,-37.25551810375738,45158749.55,13354777.726,13375592.84,,960454.73,120,-32.92350086054798,21,25.703960964298535,6.597638104591777e-06,0.0008634601067589294,22.809402465820312
ACN,2025-09-16,ACCENTURE FEDERAL SERVICES LLC,21.84451743206337,0,1.4291153766129625,-37.60208428159601,45158749.55,13272359.425384616,13141988.28,2.2028835629630983,360000.0,125,-27.66022740029037,21,25.701148296569574,2.4799082705887204e-06,0.00032421106095802745,14.971981048583984
ACN,2025-09-18,ACCENTURE FEDERAL SERVICES LLC,20.450838684981896,0,1.351092841135355,-38.71185038615727,45158749.55,14621518.98535714,13457504.295,-0.5051457535977096,892830.53,140,-29.08613148732302,22,25.715215862021367,6.064467633784137e-06,0.0008300205871273359,17.708051681518555
ACN,2025-09-19,ACCENTURE FEDERAL SERVICES LLC,20.375469884725028,0,1.3532487535544169,-40.57915666773424,45158749.55,14353322.47413793,13375592.84,-1.3039231328670935,2803724.35,142,-27.851007048031303,22,25.708185712902214,1.9178388792696004e-05,0.0026109758770199486,19.90845489501953
ACN,2025-09-22,ACCENTURE FEDERAL SERVICES LLC,20.230007873239607,0,1.2416964009325844,-42.214374768026346,45158749.55,14489383.538333332,13457504.295,-2.5176859205332285,188377.58,135,-27.824903310860616,20,25.708811631251127,1.2877577898416266e-06,0.0001706662574758493,21.083450317382812
ACN,2025-09-23,ACCENTURE FEDERAL SERVICES LLC,22.522295660665947,0,1.2729839078560323,-43.05350484063749,45158749.55,14537583.948387096,13539415.75,-2.975363592939075,3351969.8,147,-28.048989669876743,21,25.710020764397747,2.288652992386672e-05,0.003019561906984371,21.083450317382812
ACN,2025-09-25,ACCENTURE FEDERAL SERVICES LLC,24.071218418292297,0,1.4247621188669428,-45.39895680199318,101210178.16,17961345.226969697,14447915.92,-3.614555654381295,1500147.81,169,-29.603097151269708,22,25.706221774540673,1.0281672945145724e-05,0.0013302580507384566,19.90845489501953
ACN,2025-09-30,ACCENTURE FEDERAL SERVICES LLC,17.00729453138756,0,1.7352845313184522,-46.43897111498059,101210178.16,19784949.042894736,15655307.075,-4.531040986910165,8421236.97,188,-25.165536686465373,23,25.766461832435436,5.434301081883202e-05,0.007066900448810555,18.512155532836914
ACN,2025-10-22,ACCENTURE FEDERAL SERVICES LLC,15.814405783931296,0,2.029157677126188,-36.94788028599941,101210178.16,17280731.926382978,12908383.72,-2.7956262333309163,1124050.59,114,-16.084216143205754,17,25.74855579512682,7.38465412552332e-06,0.00091714659664365,16.311752319335938
ACN,2025-10-28,ACCENTURE FEDERAL SERVICES LLC,13.88987376194899,0,1.7155883377984258,-39.95654137152491,101210178.16,16359105.3612,10410195.385,-2.307697666874093,1407.1,46,-11.255087857160472,14,25.74959311928289,9.2346142787888e-09,1.176681801618364e-06,17.961204528808594
ACN,2025-10-31,ACCENTURE FEDERAL SERVICES LLC,15.369858354689692,0,1.7753452314743208,-39.627152531602185,101210178.16,15576645.385849057,8825035.73,-1.673966770743328,780339.0,28,-4.710474178759494,14,25.743513371912506,5.1524941874771425e-06,0.0006719741208701255,17.961204528808594
ACN,2025-11-07,ACCENTURE FEDERAL SERVICES LLC,17.407236338374577,0,1.7274264059971622,-36.11210028743916,101210178.16,14770113.798571426,8153143.284999999,-1.1611090514435551,289485.6,31,-4.4853516370185975,14,25.711263641371733,1.974090429840029e-06,0.00025493658165683005,15.760798454284668
ACN,2025-11-12,ACCENTURE FEDERAL SERVICES LLC,17.04051848151982,0,1.708002917816582,-39.5775868114347,101210178.16,14378337.546724137,8041172.779999999,-1.212408581278294,155000.0,33,-10.760013598736885,15,25.716306041208348,1.0516758218142586e-06,0.00013768828742759172,17.961204528808594
ACN,2025-11-18,ACCENTURE FEDERAL SERVICES LLC,20.22499928784962,0,1.3664436048095,-36.59663671762779,101210178.16,13484680.395,6637189.875,-1.2690477178951636,15.82,35,-9.294121888917903,16,25.71558885509434,1.0741579337513677e-10,1.4209951056328393e-08,17.184432983398438
ACN,2025-11-20,ACCENTURE FEDERAL SERVICES LLC,19.830570815207203,2,1.3679156750735846,-33.771163949693474,101210178.16,13270260.787142858,6063204.65,-1.1121776061136546,153657.52,38,-7.543319419199923,17,25.714552405159598,1.0443969751341351e-06,0.00013888628353858666,17.184432983398438
ACN,2025-11-21,ACCENTURE FEDERAL SERVICES LLC,14.568204426009835,3,1.7217077641358487,-30.301534243499685,101210178.16,13162694.163125,6637189.875,-1.0258071596821796,100000.0,42,-3.5259223849747223,17,25.713348677589515,6.805100729958801e-07,9.022187982149954e-05,16.647462844848633
ACN,2025-11-24,ACCENTURE FEDERAL SERVICES LLC,18.43854600006316,5,1.8535318668158252,-35.47742680044402,101210178.16,13222344.18753846,7211175.1,-1.0258071596821796,7932695.37,40,-10.247628710000134,15,25.758257195319214,5.1612133688121696e-05,0.007080226270822995,16.282407760620117
ACN,2025-11-25,ACCENTURE FEDERAL SERVICES LLC,15.772592119786877,6,1.9162185740161397,-35.05422675935283,101210178.16,13351159.613787878,7532877.645,-1.0932462492995023,888176.26,46,-8.428839323163483,16,25.72503317796883,5.973917281403028e-06,0.0007854710281741292,15.591909408569336
ACN,2025-12-10,ACCENTURE FEDERAL SERVICES LLC,5.995157439287224,16,1.974980049987324,-20.149699700463287,101210178.16,12292016.0868,7211175.1,-0.7737534325361118,2025961.79,60,10.486827369401276,18,25.8261031519496,1.2316779377974271e-05,0.0018066006279364676,13.239460945129395
ACN,2025-12-12,ACCENTURE FEDERAL SERVICES LLC,6.252777757706229,18,1.978676693910348,-21.913634776651904,101210178.16,12383652.64974026,7854580.189999999,-0.4149979440385791,317433.59,78,10.13268121956188,19,25.82921491405041,1.923833007419784e-06,0.000286077931327463,12.717854499816895
ACN,2025-12-16,ACCENTURE FEDERAL SERVICES LLC,6.065289135555818,20,1.9220767814973316,-18.91753815690952,101210178.16,12260006.27898734,7854580.189999999,-0.2317278230264949,9289800.31,81,11.550697804903898,18,25.90342181533839,5.227490134222279e-05,0.008653175577629332,12.476615905761719
ACN,2025-12-23,ACCENTURE FEDERAL SERVICES LLC,6.562780778952049,26,1.5052997993178556,-21.3592777342566,101210178.16,13226626.37654762,8339735.875,0.709745071238196,120000.0,96,5.658801225094456,19,25.825957436682355,7.296430354615913e-07,0.00011349516313284501,11.53803825378418
ACN,2025-12-29,ACCENTURE FEDERAL SERVICES LLC,6.33892157144087,30,1.4375251973789265,-19.16023540966737,138676687.43,14701527.485882357,8451706.379999999,1.1575211051089602,951038.99,92,7.962610800701818,17,25.82750785988676,5.773699508490673e-06,0.0009645705071758501,10.34436321258545
ACN,2026-01-08,ACCENTURE FEDERAL SERVICES LLC,2.384489512087784,40,1.5941682042791598,-10.717705998593551,186403763.58,16005276.558021978,8227765.37,1.3085004776811076,332000.0,93,11.409166673358053,17,25.838112159109723,1.994291095821648e-06,0.00034586693974520224,9.349052429199219
ACN,2026-01-13,ACCENTURE FEDERAL SERVICES LLC,4.241328197621463,41,1.6202131230002308,-13.248956631946008,186403763.58,15739346.034301076,7854580.189999999,1.4010948967786805,1641138.0,71,12.955346819505298,15,25.8632691716888,9.613245123014759e-06,0.0016886928441877797,9.561563491821289
ACN,2026-01-15,ACCENTURE FEDERAL SERVICES LLC,0.0,42,1.8380360036438583,-7.646398374268615,186403763.58,17148156.80094737,7854580.189999999,1.4558840168370044,30000.0,77,15.400810826328136,16,25.889890641768417,1.7111363292261367e-07,3.0523251946327834e-05,7.509172439575195
ACN,2026-01-20,ACCENTURE FEDERAL SERVICES LLC,4.539618371316823,43,2.128722482064596,-9.493025450067416,186403763.58,17285727.046804123,8227765.37,1.5608551059445577,697618.19,59,7.696191018760468,14,25.881782714210754,4.011459218871401e-06,0.0006945836281206319,7.3980817794799805
ACN,2026-01-23,ACCENTURE FEDERAL SERVICES LLC,0.0,45,2.262877557635325,-1.430581416705378,186403763.58,16879025.9966,8339735.875,1.6090796579104196,2742000.0,64,11.203309752258429,15,25.8778618450253,1.5829049882635807e-05,0.002661079455871099,7.0124382972717285
ACN,2026-01-29,ACCENTURE FEDERAL SERVICES LLC,2.1323064221850485,48,2.4684369389745062,-2.335436192448981,186403763.58,16591552.312761905,7854580.189999999,1.6786480505955366,3926899.51,76,2.389111481490458,19,25.82507018621226,2.3898151562759332e-05,0.0038489689354477743,6.192327976226807
ACN,2026-01-30,ACCENTURE FEDERAL SERVICES LLC,1.194809116440232,49,2.4765782444638718,0.9957005957085272,186403763.58,16613240.610471696,8041172.779999999,1.6786480505955366,418000.0,80,4.556052470759409,19,25.790419975105088,2.6335356431488437e-06,0.000402066650996345,6.665403842926025
ACN,2026-02-03,ACCENTURE FEDERAL SERVICES LLC,0.1824031217456223,50,3.2009234938852584,-6.4993401665703,186403763.58,16856407.76293578,8227765.37,1.5988261055921786,400000.0,88,-4.731591562865656,20,25.811518766906556,2.4675151130453986e-06,0.00038226169086026505,6.51315975189209
ACN,2026-02-05,ACCENTURE FEDERAL SERVICES LLC,3.116703934027898,52,3.050879323885601,-10.778617410813972,186403763.58,16517603.237207206,7856130.23,1.560920800150168,1391772.0,96,-6.245575545556692,22,25.712547314174984,9.478741527079775e-06,0.0012840315047745509,6.614473342895508
ACN,2026-02-12,ACCENTURE FEDERAL SERVICES LLC,0.981754541096036,55,3.031410572374453,-20.38387666704561,186403763.58,16115720.927739132,7854580.189999999,1.06743450217849,488677.23,102,-11.134605529931465,22,25.665004015096105,3.490217419200465e-06,0.00043624839173192427,7.940977096557617
ACN,2026-02-17,ACCENTURE FEDERAL SERVICES LLC,1.6917577589181445,58,3.065767801556265,-21.0169423464976,186403763.58,15809701.935677968,7757269.529999999,0.7146736117239887,1676127.3,88,-12.134424733463325,21,25.63772921939505,1.2302196828367661e-05,0.0014456066407738406,7.940977096557617
ACN,2026-02-20,ACCENTURE FEDERAL SERVICES LLC,0.0,60,2.888651624670852,-22.78678026838512,186403763.58,15600202.57305785,7854580.189999999,-0.011507243051613,204000.0,103,-19.414721099566957,23,25.595462404922824,1.5619318583777517e-06,0.00017031140451614639,7.940977096557617
ACN,2026-02-25,ACCENTURE FEDERAL SERVICES LLC,12.271551426189852,63,3.106281269021978,-32.94383810958506,186403763.58,15277100.287177416,7543519.720000001,-0.4297950478189181,203277.0,98,-25.018692765660575,22,25.506889127791396,1.7005407523307474e-06,0.00016586212716273693,8.182215690612793
ACN,2026-02-26,ACCENTURE FEDERAL SERVICES LLC,3.67441773145245,63,3.832727198419773,-24.81114484060828,186403763.58,15249635.330479998,7659958.87,-0.6701215805686402,9750.0,102,-18.21084276624666,22,25.47994469909663,8.379251652099803e-08,7.736996059268935e-06,8.182215690612793
ACN,2026-02-27,ACCENTURE FEDERAL SERVICES LLC,3.008812686830864,64,3.819743020923706,-24.727819712973663,186403763.58,15167186.737460312,7543519.720000001,-0.9449078194885268,2563000.0,103,-20.06046511246332,22,25.559609812348697,2.034000732934478e-05,0.001985635279016102,8.182215690612793
ACN,2026-03-02,ACCENTURE FEDERAL SERVICES LLC,4.404416402783529,65,3.791670303956364,-25.817330705967944,186403763.58,15206075.0919685,7659958.87,-1.507472683279124,124000.0,87,-22.1148926503558,20,25.56605058292957,9.77748127579638e-07,9.562939950288722e-05,8.182215690612793
ACN,2026-03-06,ACCENTURE FEDERAL SERVICES LLC,0.0,67,3.24738444605898,-12.7320861834902,186403763.58,14858413.917251907,7427080.57,-2.347081736104782,308952.0,95,-17.969563215822117,21,25.591032988530127,2.376000883732758e-06,0.00023778702710813902,8.182215690612793
ACN,2026-03-09,ACCENTURE FEDERAL SERVICES LLC,0.0,68,3.182782476961305,-15.200838373703572,186403763.58,14856113.444015147,7445193.96,-2.6953487727970926,9290770.7,89,-21.91910622664074,19,25.59569501619035,7.111850778218147e-05,0.007102617473109293,8.182215690612793
ACN,2026-03-11,ACCENTURE FEDERAL SERVICES LLC,1.0274089602750005,70,3.2015709189921284,-19.67171928570641,186403763.58,14789815.308656711,7445193.96,-2.866433478833766,2032218.65,96,-23.90678138498431,21,25.531491333216852,1.6587641165653748e-05,0.001538948407064859,8.182215690612793
ACN,2026-03-12,ACCENTURE FEDERAL SERVICES LLC,3.825562782634484,71,3.1277812941452794,-19.30968411031624,186403763.58,14727586.586740738,7427080.57,-2.9118621361481325,1494362.08,105,-25.791826827856365,22,25.530747035974485,1.2206559771083916e-05,0.0011325462068862713,9.061859130859375
ACN,2026-03-13,ACCENTURE FEDERAL SERVICES LLC,3.508777626132797,72,3.060357542505061,-18.042363995147007,186403763.58,14632970.935955882,7319127.835,-3.0010618718423885,3040506.74,101,-25.981012112773737,22,25.503426681849657,2.55239857164936e-05,0.002288144893301128,9.583465576171875
ACN,2026-03-17,ACCENTURE FEDERAL SERVICES LLC,2.461503197503645,74,3.053932151191822,-17.085089791013875,186403763.58,14494001.510652171,6996993.98,-3.118155651924226,2500000.0,98,-27.63184000038545,21,25.519918376510542,2.0643354905840595e-05,0.0018863817668894087,11.17623519897461
ACN,2026-03-18,ACCENTURE FEDERAL SERVICES LLC,4.304385391673082,75,3.023299542727788,-18.72016137872136,186403763.58,14585001.893741008,7211175.1,-3.220779747352355,4322.5,103,-25.77713363977224,22,25.51665174237406,3.580914515816115e-08,3.2773483389970033e-06,9.583465576171875
ACN,2026-03-20,ACCENTURE FEDERAL SERVICES LLC,0.6700245243740133,77,3.130524389515572,-14.867625385657655,186403763.58,14444275.532340426,7211175.1,-3.358479703082596,1848363.0,101,-21.07688601389833,22,25.540968705856198,1.4944641277046255e-05,0.0014086614738712537,9.583465576171875
ACN,2026-03-24,ACCENTURE FEDERAL SERVICES LLC,4.025010168779608,79,2.8149939226094176,-20.12349971522367,186403763.58,14408457.313916083,7211175.1,-3.464300710284041,23810.46,92,-23.18325977942061,21,25.515860450576618,1.9741056479083996e-07,1.6458745980433513e-05,9.583465576171875
ACN,2026-03-25,ACCENTURE FEDERAL SERVICES LLC,4.701243444207792,80,2.751912684289154,-19.918502225629556,186403763.58,14332503.997847222,6996993.98,-3.541494219377773,4266418.9,98,-24.47625005616537,22,25.482927293307654,3.6556851818452614e-05,0.0029259081617901018,9.583465576171875
ACN,2026-03-30,ACCENTURE FEDERAL SERVICES LLC,1.9134367049321368,83,2.143433830753102,-15.030866115327491,186403763.58,14282869.061768703,7211175.1,-3.5609107402491613,274811.85,92,-19.297917771758765,20,25.478058585683808,2.3662204443269606e-06,0.00018609781952774244,9.583465576171875
ACN,2026-03-31,ACCENTURE FEDERAL SERVICES LLC,1.5331009248900962,84,2.090572645145295,-18.81906806398293,186403763.58,14222838.01824324,6996993.98,-3.5452703736122,64650881.99,96,-19.174396184235675,21,25.503434775365033,0.0005427170449310643,0.04359408943418443,9.583465576171875
ACN,2026-04-01,ACCENTURE FEDERAL SERVICES LLC,2.1668556880228618,85,2.0906407365264585,-20.00395766425599,186403763.58,14943947.813288586,7211175.1,-3.513607956491113,6683064.84,107,-20.887750548690484,22,25.507173627236885,5.5892163326995245e-05,0.004501635920207581,8.703822135925293
ACN,2026-04-02,ACCENTURE FEDERAL SERVICES LLC,0.0,85,2.1059318196000403,-18.39210563093777,186403763.58,14946957.136866665,7319127.835,-3.5276665411070875,268121.5,111,-22.09389240300705,22,25.50095133077207,2.2563641670159253e-06,0.00018057599319923503,8.703822135925293
AVAV,2025-09-11,"AEROVIRONMENT, INC",69.48430201814067,0,2.860381658361355,76.30486318948249,26236824.99,6509528.114999999,757345.905,,4493037.69,4,20.09856566971946,4,23.23576740083702,0.000364228979255914,0.01167121594786328,22.320987701416016
AVAV,2026-02-04,"AEROVIRONMENT, INC",9.471444535929962,11,5.588234177138488,-6.037281941970285,254534516.07,14730176.752173908,3073485.37,22.94313420447881,2812074.0,8,-24.28138995084528,6,23.380103539184898,0.0001973225828902718,0.007289980870259063,96.08293151855469
AVAV,2026-03-23,"AEROVIRONMENT, INC",3.936585518494408,15,5.513215331924276,-32.49058802702293,254534516.07,16274950.5696875,3461848.65,9.83821301559354,1200000.0,7,-16.539167262858314,6,23.02641424124023,0.00011993242167963024,0.0024695630518207874,92.28199005126953
AVAV,2026-04-02,"AEROVIRONMENT, INC",16.288782100172504,16,3.662984338197691,-51.98440887056561,254534516.07,15056810.40657143,3315887.03,8.499613036718161,998884.77,10,-36.90582369053645,9,22.951777014122197,0.00010756854254724842,0.002066975822409834,28.051132202148438
BA,2025-08-13,THE BOEING COMPANY,1.718305630340944,0,1.558067971411616,22.73425342361848,43300806.45,32573027.37,43300806.45,,1789755.42,12,4.533828349944313,1,25.893124162221792,1.0175429353598425e-05,0.0010612004024904802,11.57624626159668
BA,2025-08-18,BELL BOEING JOINT PROJECT OFFICE,2.138462691962606,0,1.5838852096274243,21.467068072725183,43300806.45,11629673.81,19013245.08,,1167358.0,45,3.673523782050904,4,25.90445219035901,6.562108712145879e-06,0.0006912720243343979,13.576849937438965
BA,2025-08-19,THE BOEING COMPANY,5.502224392361121,0,1.7433164655478672,21.770637963967523,43300806.45,15117124.018,23228286.11,,5999366.89,55,0.5621680241921769,5,25.892263997245077,3.413799763316477e-05,0.0035310000095562584,12.72752571105957
BA,2025-08-20,THE BOEING COMPANY,5.212308314924319,0,1.650461964093634,20.072648437392004,276219627.93,58424882.49333334,26217998.32,,12417000.0,72,0.9805807398051378,6,25.85986133038047,7.298298172992808e-05,0.007216192153091033,12.03350830078125
BA,2025-08-21,THE BOEING COMPANY,5.756035722397179,0,1.637677836438835,20.933146133708583,276219627.93,52316760.29000001,26629486.89,,5843497.449999999,86,3.8263551634371,7,25.862613074711067,3.425174585323362e-05,0.0033937292504728246,12.03350830078125
BA,2025-08-22,THE BOEING COMPANY,3.1548800276689937,0,1.7326799331241995,24.114832180521084,276219627.93,46573833.48500001,24928886.5,,1192089.0,95,4.081868943176191,8,25.857458475675354,7.023557601714205e-06,0.0006910465699317076,12.530014991760254
BA,2025-08-25,THE BOEING COMPANY,4.6326133873261455,0,1.721141267964648,30.736410675896835,276219627.93,44781162.105,24928886.5,,16540818.14,107,-0.2280716491437129,10,25.882361818952592,9.505830590247091e-05,0.009506629436442256,12.530014991760254
BA,2025-08-26,THE BOEING COMPANY,1.085893212909128,0,1.6127245560007588,32.61454898662548,276219627.93,54042235.41454546,26629486.89,,134521.47999999998,120,3.483418346833368,11,25.868138072862305,7.841551780566065e-07,7.907259120431661e-05,12.03350830078125
BA,2025-08-27,THE BOEING COMPANY,0.7469696129777326,0,1.6113042171515706,35.140350125158655,276219627.93,50845183.715833336,26002811.41,,5002481.0,137,2.000337179582546,12,25.902622784079135,2.8172105485570373e-05,0.0029352775353379914,12.03350830078125
BA,2025-08-29,THE BOEING COMPANY,1.1505080498112277,0,1.5549917714501582,42.65135634815904,276219627.93,57900481.79428572,27918598.71,,443758.1,181,2.145964406594624,14,25.908270485095056,2.4850056818270973e-06,0.0002636148831810133,12.03350830078125
BA,2025-09-02,THE BOEING COMPANY,0.0,0,1.5665123590430077,38.22180221468665,276219627.93,54080490.148,26629486.89,,18916071.0,183,5.286688062444721,15,25.908269544500023,0.00010592840587470377,0.011240891376166533,12.03350830078125
BA,2025-09-03,THE BOEING COMPANY,3.1973459504522017,0,1.6455967046348892,30.460956521460652,276219627.93,51632979.060625,26283211.07,,995151.23,194,2.475550647313017,16,25.91342318137401,5.5441170308830455e-06,0.0005883665705920885,12.03350830078125
BA,2025-09-04,BELL BOEING JOINT PROJECT OFFICE,5.980499697403174,0,1.6572677132753764,26.41320713647766,276219627.93,49338063.93235295,25936935.25,,38113391.97,205,-2.4773301679858584,17,25.892134911942954,0.0002169033623667024,0.02250896664962877,12.03350830078125
BA,2025-09-05,THE BOEING COMPANY,6.506686294888109,0,1.6495106133977846,26.212521468513515,276219627.93,51033365.78833333,26283211.07,,1278960.0,214,-1.2057068631174284,18,25.88509580155901,7.3299783482783265e-06,0.0007636268960293311,12.03350830078125
BA,2025-09-08,"BOEING AEROSPACE OPERATIONS, INC.",7.26997565134615,0,1.645423039296645,27.60863396941622,535721958.3,74621449.02263159,26629486.89,,1813000.0,225,-0.2921960719779912,19,25.880143148338192,1.0442258592802666e-05,0.0010812289549207296,10.538093566894531
BA,2025-09-09,THE BOEING COMPANY,7.938306414056329,0,1.6191831969699797,25.444413103933652,535721958.3,70392414.7315,27918598.71,,1500000.0,237,4.614301457202584,20,25.88596215183873,8.589358661916288e-06,0.000892611828923535,10.538093566894531
BA,2025-09-10,THE BOEING COMPANY,9.440926214917011,0,1.4845707935310613,16.115145584846815,535721958.3,70050500.18380953,29207710.530000005,,3384511.93,250,4.007383974370281,21,25.879751118463922,1.950127225559019e-05,0.0021183998038373634,10.538093566894531
BA,2025-09-11,THE BOEING COMPANY,13.673349279492331,0,1.6436870384672124,10.298428657999214,535721958.3,71887704.9568182,36254258.49,,19585294.0,277,-0.3722654984569473,22,25.87099909356932,0.00011384080224140493,0.012532891697353518,10.538093566894531
BA,2025-09-12,THE BOEING COMPANY,16.42585941450456,0,1.679059419573941,4.328884780728835,535721958.3,71892652.8747826,43300806.45,,41801542.43,285,-2.516663431815448,22,25.870998563840445,0.0002429743278805005,0.026397453172024476,10.538093566894531
BA,2025-09-15,THE BOEING COMPANY,16.871376081800406,0,1.6545864489010946,3.799397399300109,535721958.3,72407388.67208333,47330432.005,,44614746.82,266,-1.8096407410320268,20,25.852417050721506,0.0002641899932662348,0.028107683189919398,10.322648048400879
BA,2025-09-16,THE BOEING COMPANY,17.268155932586836,0,1.6440608681825075,2.7311981730020687,535721958.3,72606682.9536,51360057.56000001,-2.1882104486199427,32291257.08,278,-2.872589272905522,21,25.8515367780601,0.0001913838032307339,0.020360753562095945,13.521782875061035
BA,2025-09-17,THE BOEING COMPANY,17.481241280387483,0,1.5048682494645984,3.932115823980897,535721958.3,72014182.55923077,56051682.795,-3.9607954381278674,8489293.23,299,-3.2192024104342734,22,25.814491570588658,5.22131978260193e-05,0.005376214981802445,13.521782875061035
BA,2025-09-18,THE BOEING COMPANY,16.920147275684272,0,1.5091325886063085,3.276985712862324,535721958.3,87088540.23851852,60743308.03,-5.106330686527457,210237401.91,311,-1.817777825393918,22,25.812676141804996,0.001295409773649301,0.1329886764548851,13.1475248336792
BA,2025-09-19,THE BOEING COMPANY,16.925574325553015,0,1.5081118771099984,4.301420903202736,535721958.3,93536728.82392858,64168406.650000006,-5.902985599098315,2863364.03,314,-1.2011725725070033,22,25.81746361409638,1.7558789832861983e-05,0.0018074980150702934,13.1475248336792
BA,2025-09-22,THE BOEING COMPANY,18.88820701131621,0,1.3979467855337078,4.464164922986534,535721958.3,95729924.99379312,67593505.27000001,-6.218881669385132,8555030.67,299,-4.591646996169652,20,25.81741719845249,5.246380009939796e-05,0.005325603287689026,14.026978492736816
BA,2025-09-23,THE BOEING COMPANY,16.552647760363225,0,1.4740997861660885,9.739800913530615,535721958.3,94413311.63033336,71901589.07499999,-5.950549177612611,3817114.32,320,-7.319535920208019,21,25.800771199282,2.3801405657760693e-05,0.002371777260381721,13.876570701599121
BA,2025-09-24,THE BOEING COMPANY,17.224540558654677,0,1.1836172541492422,9.830168413884843,535721958.3,93103334.0916129,67593505.27000001,-5.731113376334878,660820.84,337,-4.638398963550339,21,25.820611730936093,4.039564403523959e-06,0.00041237904706098357,16.090198516845703
BA,2025-09-25,THE BOEING COMPANY,18.086449369160928,0,1.171174487399834,18.181113911094247,535721958.3,94884621.2471875,71901589.07499999,-5.505346840501296,83296.0,347,-5.0535589864944885,21,25.814863568310447,5.121195410650351e-07,5.2154756116329354e-05,17.64099884033203
BA,2025-09-26,THE BOEING COMPANY,13.960950988224871,0,1.4836729002078095,30.256184626144396,785332108.7299999,115594988.87575756,76209672.87999998,-5.764201882919055,8913664.290000001,362,-2.610295571746213,21,25.80753783596456,5.520583712974106e-05,0.0055715569237040794,19.721359252929688
BA,2025-09-27,THE BOEING COMPANY,16.155330647510937,0,1.4836729002078095,30.256184626144396,785332108.7299999,121863166.16470589,76252297.51499999,-5.764201882919055,2767724.91,368,-2.610295571746213,21,25.84309895944154,1.6542747811387482e-05,0.0016847258814891364,19.721359252929688
BA,2025-09-29,THE BOEING COMPANY,16.155330647510937,0,1.5239468194823322,23.991911037652585,785332108.7299999,118460439.27171429,76209672.87999998,-5.560060479884916,14794121.68,341,-5.888068733882923,20,25.84309895944154,8.842476474413062e-05,0.009005244559581444,20.076147079467773
BA,2025-09-30,THE BOEING COMPANY,16.828055301533063,0,1.4811016162210149,19.88855835914991,785332108.7299999,118994037.73694442,76252297.51499999,-5.796873832408847,1240692.87,375,-8.908918860999348,21,25.843098992134795,7.415646155666848e-06,0.0007440100711382802,20.076147079467773
BA,2025-10-03,THE BOEING COMPANY,16.574198030014877,0,1.4615979045638114,11.857897717749054,785332108.7299999,130236380.65789472,76252297.51499999,-6.183107048600218,155927.3,413,-11.559900757702035,22,25.82563742962307,9.48397349319634e-07,9.457268190809458e-05,20.076147079467773
BA,2025-10-22,THE BOEING COMPANY,16.418116330321396,0,1.749873332956957,-1.8363352770565984,785332108.7299999,100071148.0028,47330432.005,-4.996668976469658,1420662.34,246,-9.611366102878517,21,25.824855271383292,8.647662420610278e-06,0.0008658083934143612,18.947805404663086
BA,2025-10-23,THE BOEING COMPANY,15.787293451585382,0,1.7432078999261345,-1.7848015561408277,785332108.7299999,98115830.26392154,43300806.45,-4.880649512859415,1269109.0,231,-9.745887432653833,21,25.821766652202893,7.74904448242856e-06,0.0007993614868518914,19.163251876831055
BA,2025-11-05,THE BOEING COMPANY,27.593361059927624,0,2.3113799594267666,-19.592536075480883,877228171.45,105591360.54774196,34465006.14,-3.2727361110739737,8205314.01,87,-20.76338630661838,23,25.737474138622076,5.450699116411856e-05,0.004830329319604853,17.881452560424805
BA,2025-11-06,THE BOEING COMPANY,28.320607580908085,0,2.1589928310769024,-17.984234324891812,877228171.45,104116662.98365082,32603065.17,-3.2727361110739737,788192.0,88,-20.02887978954526,23,25.73530056920385,5.247264969901781e-06,0.00046293636284568406,17.881452560424805
BA,2025-11-13,THE BOEING COMPANY,29.58679798729531,0,2.026140649541163,-20.557422399596213,877228171.45,101418326.51954544,30905387.85,-3.962186430806468,7320359.0,93,-19.36690407681645,22,25.724514978570543,4.92626165218792e-05,0.004343281269849015,17.881452560424805
BA,2025-11-19,THE BOEING COMPANY,35.78352075404878,1,1.9726613914926605,-23.499720665572788,877228171.45,96428234.23171428,26283211.07,-4.251664003220342,903610.2,94,-23.914136542182984,22,25.694029430046594,6.269110506635101e-06,0.000538151332754523,17.881452560424805
BA,2025-11-25,THE BOEING COMPANY,38.20981721235543,5,2.0161578143469367,-27.191242817409144,877228171.45,98003217.87797296,26283211.07,-4.732971880241158,239993335.95,95,-28.86402003488108,20,25.637010544175613,0.0017627347685577762,0.1383856329452851,19.408985137939453
BA,2025-11-26,THE BOEING COMPANY,34.89728031592519,6,1.9911908811489496,-25.42168976389589,5313517703.570001,167533271.92720002,26629486.89,-4.919814972380757,800608.0,123,-25.43850785706383,21,25.655375964370588,5.7734008651231016e-06,0.0004604957627420606,18.60222625732422
BA,2025-12-01,THE BOEING COMPANY,35.23006801314879,10,1.5196187536206307,-27.01429161629397,5313517703.570001,165468483.1644156,29207710.530000005,-5.9401795647677575,3012.12,104,-24.187335556042967,18,25.690701614204766,2.096729098921934e-08,1.735839844425085e-06,20.50993537902832
BA,2025-12-03,THE BOEING COMPANY,24.493928238788087,12,2.693057418803122,-14.517412089792147,5313517703.570001,161677526.18278486,26629486.89,-6.271956981028324,12825464.16,116,-17.20697241063278,19,25.773816544689797,8.215741921691303e-05,0.007207754886300586,21.01654624938965
BA,2025-12-10,THE BOEING COMPANY,26.88707344382544,16,2.8119647460635404,-16.03383768764789,5313517703.570001,154243507.49583334,27918598.71,-5.794494634822715,6477965.56,141,-12.046786001202726,20,25.749120232181795,4.2534154480583825e-05,0.0036102462535924705,21.01654624938965
BA,2025-12-11,BELL BOEING JOINT PROJECT OFFICE,25.62900974636017,17,2.818795822616152,-15.44936146557474,5313517703.570001,158107637.98764706,29207710.530000005,-5.661096246248644,4198725.0,148,-11.325028248995997,20,25.770631059810864,2.698202662786566e-05,0.0023046494623553777,21.01654624938965
BA,2025-12-15,THE BOEING COMPANY,22.700726956926708,19,2.837787087766797,-9.11706135137955,5313517703.570001,156533004.945977,32603065.17,-5.5300938160654685,1131081.0,158,-7.272617451502916,19,25.798715284997837,7.067307999494714e-06,0.0006188104792836625,21.77903938293457
BA,2025-12-16,THE BOEING COMPANY,21.982480628292112,20,2.809581915943944,-9.218937656806611,5313517703.570001,156444597.40102273,32762021.515,-5.5300938160654685,150277584.84,171,-4.34068511304373,20,25.80418028885921,0.0009338585455314306,0.08288595498272466,21.77903938293457
BA,2025-12-17,THE BOEING COMPANY,22.20713985305327,21,2.789973831798056,-13.320703410776147,5313517703.570001,161566564.34235957,32920977.86,-5.405926257170055,185175820.88,196,-5.861872914291267,21,25.810051132213708,0.0011439880666097824,0.10243427372246897,21.01654624938965
BA,2025-12-18,THE BOEING COMPANY,21.06879950250502,22,2.7267459545492287,-10.392623024807836,5313517703.570001,167268634.76333335,34623962.485,-5.250069292603906,632972.0,218,-5.500172742066766,21,25.80821109259446,3.917606700294828e-06,0.0003542393652701432,21.01654624938965
BA,2025-12-19,THE BOEING COMPANY,17.78306789042039,23,2.5955935873576594,-8.777331196749461,5313517703.570001,167840868.76329672,36326947.11,-5.0898526637804204,16669480.0,233,-3.4733096736589086,21,25.817569590287892,0.00010221015411384531,0.009364346628457356,20.8935604095459
BA,2025-12-22,BELL BOEING JOINT PROJECT OFFICE,16.28389510926389,24,2.59079750943638,-8.740846268820079,5313517703.570001,167264158.71945652,39175501.555,-4.903505397280119,7468959.16,238,-5.780194239211167,19,25.845084040415916,4.4553589761835835e-05,0.004128273817577704,20.8935604095459
BA,2025-12-23,THE BOEING COMPANY,16.278527461105053,25,2.5831942428278185,-10.214016501170908,5313517703.570001,167076293.593871,42024056.0,-4.707646440340714,1487938.43,256,-4.070635365039099,20,25.857893992426526,8.762827977820175e-06,0.0008429194491597651,18.66184425354004
BA,2026-01-08,THE BOEING COMPANY,10.893653127696012,38,1.356027456980094,-11.352823615860832,5313517703.570001,163917236.43019804,32920977.86,-1.9459413625309208,328624.88,210,1.1838911746030023,18,25.908606039806678,1.8396525366875696e-06,0.00019543962038640414,18.295923233032227
BA,2026-01-12,THE BOEING COMPANY,5.145738903097885,39,1.4535424893544728,-6.218050436808765,5313517703.570001,163633254.97240385,32762021.515,-1.6046285749514688,49432.0,179,7.243312770667209,17,25.936317761191514,2.691587468412202e-07,2.9069001835967107e-05,18.193395614624023
BA,2026-01-13,THE BOEING COMPANY,3.107745144095575,40,1.4588675539942522,-5.456462151530529,5313517703.570001,162066383.74047622,32603065.17,-1.425048864680579,89142305.0,188,10.088521106806317,18,25.958581187884118,0.0004746956934802946,0.052007588982925554,18.193395614624023
BA,2026-01-14,THE BOEING COMPANY,3.932234146215064,41,1.506492495604813,-4.538263407009401,5313517703.570001,161422075.83405662,32762021.515,-1.1962797159965763,712999.72,193,9.71762284421518,19,25.97815405438736,3.7232346136362194e-06,0.00040950686993137874,18.193395614624023
BA,2026-01-16,THE BOEING COMPANY,1.804748608239204,43,1.5256583424252046,-4.446765222059734,5313517703.570001,159549104.11185187,32762021.515,-0.7189468322415312,89677820.08999999,177,10.66274411502308,19,25.991114086222076,0.00046226138547710645,0.05109389603107171,13.6253023147583
BA,2026-01-21,"BOEING SIKORSKY AIRCRAFT SUPPORT, LLC",0.8317617112590714,45,1.4650763205488426,2.08035684124639,5313517703.570001,158762287.66027278,34623962.485,-0.051113449001522,33426254.3,128,12.50018804378239,18,25.996187151387627,0.00017143010159107686,0.01868912958224683,14.231805801391602
BA,2026-01-23,THE BOEING COMPANY,0.0,47,1.454864255042743,2.137849997106157,5313517703.570001,157716930.68758926,39175501.555,0.3453000764688359,250000.0,126,12.192263025952998,18,26.00581934210167,1.2698609581521667e-06,0.00013701551212980386,14.231805801391602
BA,2026-01-26,THE BOEING COMPANY,0.0,48,1.5389737643475825,1.3514605358535547,5313517703.570001,156723024.4353982,42024056.0,0.5130133461619669,17167653.619999997,135,10.11578181963668,18,26.00875837923976,8.694621824978274e-05,0.009372290200380736,14.231805801391602
BA,2026-01-27,THE BOEING COMPANY,0.0613383859874749,49,1.5860538966700766,-2.626322326493092,5313517703.570001,155737951.0164912,42662431.225,0.6807315814273189,169310309.10999998,144,13.027759787057324,19,25.993895341154616,0.0008703182545783913,0.09198367039569884,13.437491416931152
BA,2026-01-28,THE BOEING COMPANY,1.291448496738612,50,1.6381657125287925,-3.1752361338606363,5313517703.570001,156266341.2183478,43300806.45,0.819620009464238,1625641.19,163,18.15122606060926,20,25.978194922522647,8.488637544990797e-06,0.0008788618433360499,13.437491416931152
BA,2026-01-29,THE BOEING COMPANY,4.55905560324017,51,1.832051681421688,-7.450978513122042,5313517703.570001,155524951.16482756,44658725.315,0.819620009464238,564313749.56,172,14.369106189713966,20,25.96597631424012,0.0029829117270097003,0.3091749922031118,13.73149585723877
BA,2026-01-30,THE BOEING COMPANY,4.702210095740211,52,1.8212663433052043,-7.214021058128605,5313517703.570001,161113533.70239314,46016644.18,0.819620009464238,793378.3,201,12.698436884210086,20,25.93422626715612,4.3290136727085244e-06,0.00043471614002035965,13.168618202209473
BA,2026-02-02,THE BOEING COMPANY,5.016737716534236,54,1.4815017066315177,-6.857714993188036,5313517703.570001,160314475.589322,47526497.29000001,0.9277873084061712,7668637.43,213,14.365756829343468,20,25.932858077832087,4.190067717161439e-05,0.004203462438691011,13.168618202209473
BA,2026-02-04,BELL BOEING JOINT PROJECT OFFICE,3.712655172251012,56,1.4950388987488394,-5.9089354502309455,5313517703.570001,158222171.69558334,47526497.29000001,1.0594413397935232,727768.6,223,17.404797470639053,22,25.93331833560792,3.97462594529169e-06,0.0004005754518479376,13.168618202209473
BA,2026-02-10,THE BOEING COMPANY,0.597715062505122,61,1.3601930927136907,-0.9785328725293584,5313517703.570001,154678262.3281301,43300806.45,1.0868411750055789,88389.61,212,22.508747331106218,20,25.981710201948697,4.5992587848854e-07,4.840217958434821e-05,13.57973861694336
BA,2026-02-11,THE BOEING COMPANY,3.292981867512812,62,1.4069778816155656,-4.345053724239634,5313517703.570001,153451650.17629033,42662431.225,1.1144048332314669,5317197.0,221,18.152135690226046,20,25.973009098981166,2.7909253534804208e-05,0.002921368715939213,13.526310920715332
BA,2026-02-12,THE BOEING COMPANY,1.959468169216949,63,1.435581543843975,-1.1748791571550177,5313517703.570001,152374776.97439998,42024056.0,1.1709572222123854,15397912.66,222,21.35683713386576,20,25.946569208801954,8.29869914338987e-05,0.008455503171473701,11.753270149230957
BA,2026-02-13,THE BOEING COMPANY,0.4445120770586452,64,1.3930699027857676,-0.6731393179695733,5313517703.570001,151800444.37611112,42662431.225,1.2017304481283837,16400000.0,237,23.94878363586652,20,25.95956327987098,8.724665051979631e-05,0.008967469957034702,11.817400932312012
BA,2026-02-17,THE BOEING COMPANY,0.0,65,1.398134887011586,0.6735057078502971,5313517703.570001,150515802.58188975,42024056.0,1.157611641910145,619422.7,215,24.937450372265424,18,25.97453318690321,3.246315189527072e-06,0.0003370602664326569,11.792828559875488
BA,2026-02-19,THE BOEING COMPANY,2.9480977244093376,66,1.517932871057358,-7.2711649612683615,5313517703.570001,149258297.7075969,42024056.0,1.105867354761157,184591.0,231,25.081383279047365,20,25.957806929880277,9.837351977569881e-07,0.00010185088753289395,12.663487434387207
BA,2026-02-23,THE BOEING COMPANY,4.408958320807499,68,1.498792654171304,-8.202161546892995,5313517703.570001,147594837.7427481,42024056.0,1.0822388649016446,3382775.84,189,26.306981105968184,18,25.928503006922387,1.8563823912293867e-05,0.0018952680057856552,12.663487434387207
BA,2026-02-24,THE BOEING COMPANY,3.089252638383177,69,1.524882702122856,-9.649721231879171,5313517703.570001,146774136.95560604,42662431.225,1.035635060236351,1347395.81,200,25.79949780362492,19,25.921626873990807,7.445188179582097e-06,0.0007580302887335674,12.552396774291992
BA,2026-03-04,THE BOEING COMPANY,5.846644972795834,75,1.511721696782376,-5.742256802598655,5313517703.570001,154708960.50094202,44658725.315,0.639286666787295,1377469.0,168,12.198238492030413,20,25.89381793944257,7.825995382287711e-06,0.0008184033285711575,12.89351749420166
BA,2026-03-05,THE BOEING COMPANY,8.34909877904948,76,1.5539947131395366,-3.2540559038562344,5313517703.570001,153679720.3707194,43300806.45,0.6100485454327158,239588.96,166,10.335758427964812,20,25.90795105240305,1.342105397275138e-06,0.00014343957471728015,12.946945190429688
BA,2026-03-10,THE BOEING COMPANY,10.488616905233572,78,1.890613681027044,-1.9172146529569776,5313517703.570001,151163433.64894366,43611307.935,0.5279045590549456,4825674.56,172,10.801410880754991,20,25.89836943776942,2.7292234423086603e-05,0.0028625270277432406,12.946945190429688
BA,2026-03-12,THE BOEING COMPANY,17.50342476957001,80,2.0388469370604905,-6.204890534222107,5313517703.570001,149951566.4525,43611307.935,0.4507955193451591,1987052.17,182,2.20010864127812,21,25.848712259668417,1.181017059594598e-05,0.0011890420270021164,12.61108684539795
BA,2026-03-13,THE BOEING COMPANY,14.63147687034667,81,2.1167962898718127,-2.753405159678945,5313517703.570001,149888612.64758623,43921809.42,0.4507955193451591,16271118.2,187,4.557628699271,21,25.80410757032705,0.00010111972311278436,0.009663499470938574,12.664514541625977
BA,2026-03-17,THE BOEING COMPANY,14.125793446870729,83,2.116571522289173,-3.993314099838885,5313517703.570001,149210001.25789115,43921809.42,0.2599993686191728,2272250.28,164,1.9717712975922288,20,25.845765348856393,1.354512115755596e-05,0.0013389564973185402,12.61108684539795
BA,2026-03-19,THE BOEING COMPANY,19.594400468670404,85,2.129538082724814,-6.345938237131377,5313517703.570001,147452658.02798656,43300806.45,0.0523715464295778,5774870.99,184,-2.9710754330657285,22,25.810096686154118,3.5674649786519964e-05,0.0034006319682398276,12.985344886779785
BA,2026-03-20,THE BOEING COMPANY,23.30873930117372,86,2.1900716443931927,-10.370109605142774,5313517703.570001,150944378.1075333,43611307.935,-0.0436140750895777,88858001.0,192,-4.980504627568783,22,25.786469028864897,0.0005620504914282665,0.05292905590200305,12.455078125
BA,2026-03-23,THE BOEING COMPANY,21.26405002907792,87,2.2618906318273417,-7.912186544929834,5313517703.570001,150756907.78986752,43921809.42,-0.0436140750895777,3386583.14,183,-4.028003045248141,20,25.755883764448,2.208632947362815e-05,0.001990798255386831,12.985344886779785
BA,2026-03-26,THE BOEING COMPANY,23.790906229654183,90,2.315534702667087,-7.5534974294705,5313517703.570001,147948205.9972078,44969226.8,-0.360437918536351,297430.04,201,-4.575905163305682,22,25.778634501445513,1.8961212897395137e-06,0.00017290702391422393,12.985344886779785
BA,2026-03-27,THE BOEING COMPANY,26.285954602140222,91,2.3304304498813457,-7.21015721716155,5313517703.570001,149510421.74225807,46016644.18,-0.4791172277527888,3000000.0,205,-5.354614893589583,22,25.75198114824302,1.9641648914527622e-05,0.0017444789654004309,13.011137962341309
BA,2026-03-30,THE BOEING COMPANY,27.16029679517053,92,2.291088838025261,-8.523325763183909,5313517703.570001,149062981.30602562,46022264.85,-0.5807867634378822,2539466.0,177,-5.782825801303048,20,25.732026233922923,1.6961544691300713e-05,0.0014780016513489312,13.011137962341309
BA,2026-04-01,THE BOEING COMPANY,16.052478103211598,94,2.811166932874925,-5.888080019833308,5313517703.570001,153625331.78911394,46022264.85,-0.7899474902825444,3044885.59,207,-4.659337782561034,22,25.775724596562867,1.9467761611513485e-05,0.0017825114150845738,13.011137962341309
BAH,2025-08-12,BOOZ ALLEN HAMILTON INC,2.3846511714140206,0,1.9731721389288104,-12.417992300912474,,,,,50997.76,0,-23.29833828952665,0,23.296121441056926,3.892011449334483e-06,0.00022467614575757207,20.747976303100586
BAH,2025-08-13,BOOZ ALLEN HAMILTON INC,0.0,0,2.031780458400878,-7.496607496200303,31197399.06,29206071.72,31197399.06,,15816104.34,17,-21.712957587020743,1,23.29474660673875,0.0012087030353973539,0.06953053841751089,21.92115020751953
BAH,2025-08-14,BOOZ ALLEN HAMILTON INC,2.4225522689057533,0,1.9745086438467816,-10.83141313321827,80260383.27,47839588.425,55728891.165,,20000.0,36,-24.22413443804877,2,23.318313445126556,1.4928464480942604e-06,8.792750179373102e-05,20.64638900756836
BAH,2025-08-15,BOOZ ALLEN HAMILTON INC,1.3263733357752328,0,1.987011947919352,-10.13240229326694,103231867.96,65374826.59,80260383.27,,1398898.78,60,-23.6780918309114,3,23.29158194589256,0.00010724591960271622,0.0061635136548893925,21.022029876708984
BAH,2025-08-18,BOOZ ALLEN HAMILTON INC,1.595885831083188,0,1.9881917282518935,-12.808497629464432,103231867.96,61565716.63999999,66486387.03,,2400105.0,70,-24.90555498153153,4,23.302342073740277,0.0001820336442638563,0.010512411835817968,21.022029876708984
BAH,2025-08-19,BOOZ ALLEN HAMILTON INC,1.030648969873682,0,1.9172312555234747,-10.63769097173588,103231867.96,51734259.32599999,52712390.79000001,,867231.42,87,-24.25594708872142,5,23.299685830714456,6.594927380529956e-05,0.0038126920357776,21.411922454833984
BAH,2025-08-20,BOOZ ALLEN HAMILTON INC,1.4284394606579376,0,1.7097633220139594,-10.338830033439072,103231867.96,45046073.53166666,41954894.925,,5698557.08,99,-8.135294337504462,6,23.30526501640422,0.00043094009876403877,0.02523976260326864,21.387468338012695
BAH,2025-08-21,BOOZ ALLEN HAMILTON INC,1.651826639443743,0,1.7064017026311689,-3.781688030873398,103231867.96,42009705.27285714,33025846.72,,96038.8,114,-7.554281847573785,7,23.301335351363296,7.291306602037137e-06,0.00045267963377217303,21.581579208374023
BAH,2025-08-25,BOOZ ALLEN HAMILTON INC,1.2152749455287992,0,1.1759960017468762,-7.505251265979628,109367172.68,46473458.03,33025846.72,,447759.0,145,-4.602991049624872,9,23.307906500522282,3.3771406322441146e-05,0.0021926948720372877,21.083858489990234
BAH,2025-08-26,BOOZ ALLEN HAMILTON INC,0.4534317555229927,0,1.167195044298963,-9.961057170914712,109367172.68,42714821.417,32111622.89,,968055.53,159,-4.915470759301254,10,23.303439187590126,7.3340728859975e-05,0.004806643643304141,21.121644973754883
BAH,2025-08-27,BOOZ ALLEN HAMILTON INC,0.0,0,1.1536720541726777,-10.258215246003498,109367172.68,42950150.17545455,33025846.72,,1000000.0,176,-1.0757845553380996,11,23.31099454605208,7.519062607112886e-05,0.00495567140849088,15.499862670898438
BAH,2025-08-28,BOOZ ALLEN HAMILTON INC,1.7187179975034494,0,1.279827984637778,-19.458680840417166,109367172.68,43788256.195,40011362.3,,263176.89,191,-4.959071044046004,12,23.3155186852623,1.9699111699451862e-05,0.001319839181188308,21.60470199584961
BAH,2025-08-29,BOOZ ALLEN HAMILTON INC,1.250917451094069,0,1.1824163250583064,-18.224909658327945,109367172.68,41526009.56000001,33025846.72,,91519.0,208,-1.3938960263825129,13,23.2922289500367,7.011723177658197e-06,0.00046309655820620107,15.389824867248535
BAH,2025-09-04,BOOZ ALLEN HAMILTON INC,1.3759752497305655,0,1.504700443964446,-24.744449582414266,109367172.68,40802492.095,32111622.89,,51974.55,253,-6.227980900279828,16,23.278552365477264,4.036861958341251e-06,0.00026896055142411075,25.01031494140625
BAH,2025-09-06,BOOZ ALLEN HAMILTON INC,2.8813047853024853,0,1.5006466818480952,-23.463113982943128,109367172.68,39747709.821666665,32111622.89,,737300.0,283,-4.785268482661076,18,23.237437594611908,5.966962561942882e-05,0.0037893316407756326,27.640283584594727
BAH,2025-09-08,BOOZ ALLEN HAMILTON INC,2.881312673045322,0,1.5031414353225394,-25.99641927196612,109367172.68,37694530.35736842,31197399.06,,24186.45,284,-6.679226536621275,19,23.237437594611908,1.9574073193585165e-06,0.00012430554762381366,28.578275680541992
BAH,2025-09-09,BOOZ ALLEN HAMILTON INC,1.454621197200634,0,1.543709024073886,-27.18495847754081,109367172.68,39904525.9695,32111622.89,,59312893.62,304,-6.534449668825749,20,23.229991750855206,0.004836062220675689,0.3041833497269389,28.27248191833496
BAH,2025-09-10,BOOZ ALLEN HAMILTON INC,2.0682916558974807,0,1.5454263608985952,-23.79503925330694,150967068.51999998,41640387.44142857,33025846.72,,41774.08,328,-9.854033740649903,21,23.243956077148404,3.3588068652894707e-06,0.00021491253672928807,28.864049911499023
BAH,2025-09-11,BOOZ ALLEN HAMILTON INC,0.7511625348985751,0,1.4646048844705906,-15.687550213090583,150967068.51999998,42980317.86272728,40011362.3,,497309.12,351,-7.30243960755237,22,23.237925502505977,4.022755220215702e-05,0.0025696111615455056,28.665653228759766
BAH,2025-09-12,BOOZ ALLEN HAMILTON INC,0.0,0,1.376477239775583,-15.397749202013625,150967068.51999998,42039275.26652174,33025846.72,,1825147.7,352,-7.491845601201065,22,23.250913954290255,0.0001457318190655614,0.009433694176866231,29.014856338500977
BAH,2025-09-15,BOOZ ALLEN HAMILTON INC,2.381418005496161,0,1.4695862086520963,-17.828924039524406,150967068.51999998,43376052.71583333,40011362.3,,292135.27,324,-10.829937152617395,20,23.287487735175002,2.248829721667096e-05,0.001512558836601727,23.420061111450195
BAH,2025-09-16,BOOZ ALLEN HAMILTON INC,2.170284624379004,0,1.4748676699899868,-18.249926722496635,150967068.51999998,44974026.8844,46996877.88,-5.523693163656929,4884815.800000001,345,-8.693846947756233,21,23.25839333578084,0.0003871295368880844,0.025206846350724742,29.784120559692383
BAH,2025-09-17,BOOZ ALLEN HAMILTON INC,2.4217291183820544,0,1.4602114438210678,-19.73273466155268,150967068.51999998,44876139.766538456,45698080.01,-6.020759599245867,10896850.34,375,-8.45245745668055,22,23.23136499030491,0.0008872527699475612,0.056972785480841406,28.97947883605957
BAH,2025-09-18,BOOZ ALLEN HAMILTON INC,2.796168737029747,0,1.460203268319009,-20.520756918227967,150967068.51999998,44981852.174814805,46996877.88,-5.101835561290406,13014626.92,383,-7.594705591346007,22,23.22890682686589,0.0010622962967503273,0.06807953660251928,28.97947883605957
BAH,2025-09-19,BOOZ ALLEN HAMILTON INC,1.8601919592431184,0,1.4882725846187397,-22.095243429866173,150967068.51999998,45932672.21178571,49854634.33500001,-5.587261456227488,10058926.55,395,-8.33401974134642,22,23.22525770890198,0.000824043946182784,0.05270134188664944,28.97947883605957
BAH,2025-09-22,BOOZ ALLEN HAMILTON INC,4.25893664792476,0,1.5236198597935031,-23.47320317952064,150967068.51999998,44561533.25466666,49360059.165,-5.790546113150936,123235.16,374,-12.177437563451488,21,23.234404586138826,1.0003706264725066e-05,0.0006343364535290415,29.08881187438965
BAH,2025-09-23,BOOZ ALLEN HAMILTON INC,5.806971334150535,0,1.53961058974105,-26.35556291733627,150967068.51999998,44798427.574193545,51723240.45,-6.050677585338857,1791627.66,403,-12.084550238702173,22,23.234404653280883,0.00014543670526345908,0.009187762819996868,28.97947883605957
BAH,2025-09-24,BOOZ ALLEN HAMILTON INC,4.794523667609796,0,1.5493757372837402,-28.86787930848158,150967068.51999998,46864126.72125,52217815.620000005,-6.232772071395233,20088048.14,431,-11.482290283709062,23,23.19638938325292,0.0016938456425901042,0.10475790120547483,30.12187957763672
BAH,2025-09-25,BOOZ ALLEN HAMILTON INC,6.674869428362573,0,1.5559251837595762,-35.116723491296085,150967068.51999998,47243904.85515152,52712390.79000001,-6.237148474409921,9329181.0,452,-15.500075980706916,23,23.206004276691957,0.000779119214054845,0.049034216987517414,30.479251861572266
BAH,2025-09-26,BOOZ ALLEN HAMILTON INC,5.006043631391122,0,1.5780361567563448,-40.04938055892927,150967068.51999998,48122178.355,52888464.66,-6.569025792700667,16243276.96,466,-14.998364314882938,23,23.206004221472046,0.0013565445753044294,0.08538543036463567,30.479251861572266
BAH,2025-09-29,BOOZ ALLEN HAMILTON INC,5.207801168838211,0,1.5653431850530874,-39.27154416991544,150967068.51999998,48752061.990277775,52888464.66,-6.927291086590804,654156.24,455,-15.192742095804531,22,23.221771999575143,5.377668771320456e-05,0.0034593115425134943,29.56273078918457
BAH,2025-09-30,BOOZ ALLEN HAMILTON INC,4.092049247711027,0,1.5555200186605056,-40.28661262000883,150967068.51999998,50222816.34891892,53064538.53,-7.20357755929392,11911506.99,487,-16.670241399995835,23,23.203987743527065,0.0009967881692675281,0.06275489471861229,30.479251861572266
BAH,2025-10-20,BOOZ ALLEN HAMILTON INC,1.9337174875535543,0,1.6456283329437489,-36.29326404496891,150967068.51999998,40652017.16895833,38712564.42999999,-5.261199649592267,6803234.94,234,-15.921285847364754,19,23.193435743027816,0.000575352903891958,0.037689931678866195,30.163776397705078
BAH,2025-10-23,BOOZ ALLEN HAMILTON INC,2.604523859461616,0,1.63934631691457,-34.62212657525341,150967068.51999998,38445496.15137255,32703898.95,-5.161400982104071,155000.0,211,-12.400165553968602,20,23.200550321467105,1.3015495802229047e-05,0.0009188081980979156,30.163776397705078
BAH,2025-10-27,BOOZ ALLEN HAMILTON INC,18.92070802513664,0,2.791573630805784,-52.44588066108578,150967068.51999998,37001157.63,31197399.06,-4.716401590978542,325000.0,89,-31.25307145049721,18,23.162132491709954,2.835939950894581e-05,0.001829478117673675,29.541397094726562
BAH,2025-10-28,BOOZ ALLEN HAMILTON INC,20.26891956970318,0,2.7642620337663204,-52.95918945500412,150967068.51999998,36321969.52574074,29391614.105,-4.495282721556238,517893.46,88,-31.99296553668738,18,23.052623944413767,5.0421185700873336e-05,0.0028671009648172613,30.11603546142578
BAH,2025-11-03,BOOZ ALLEN HAMILTON INC,20.353329553975264,0,3.012537793549069,-47.28059461550451,150967068.51999998,34184025.46758621,18641080.375,-4.711130660734558,198591.48,53,-29.69854745956785,18,23.05987832892242,1.9194760639073567e-05,0.0010401879769000421,28.585445404052734
BAH,2025-11-12,BOOZ ALLEN HAMILTON INC,21.27529938987709,0,3.023935489987496,-51.47495626274835,150967068.51999998,31470525.830153845,13584645.55,-6.214628033934195,2342499.8,70,-29.716324935982904,21,23.058845102389192,0.00022664720902734067,0.012255276685640838,28.203893661499023
BAH,2025-11-13,BOOZ ALLEN HAMILTON INC,22.196994406788395,0,3.00178280196864,-37.77045235292576,150967068.51999998,31028519.578939397,13542509.53,-6.400295783838901,198000.0,73,-28.500936569049053,22,23.033017657740167,1.9658606060692443e-05,0.001030678553562966,12.922686576843262
BAH,2025-11-16,BOOZ ALLEN HAMILTON INC,25.18979807766637,0,2.9823245815098534,-37.52149328537783,150967068.51999998,30312514.07632353,13107137.845,-6.481545700444028,100000.0,76,-29.431905223236807,21,23.031999215475857,9.938705764959294e-06,0.0005170713449200555,13.218751907348633
BAH,2025-11-17,BOOZ ALLEN HAMILTON INC,25.18979807766637,0,2.853058598586721,-34.55141866960837,150967068.51999998,29874651.553478263,12713902.18,-6.481545700444028,150000.0,75,-28.669075657791364,21,23.032368642610066,1.4902552223230079e-05,0.0007756070173800834,12.922686576843262
BAH,2025-11-18,BOOZ ALLEN HAMILTON INC,26.272241248967475,0,2.8487214688611404,-34.6198555452189,150967068.51999998,29634070.38128572,12873935.84,-6.581319753737123,3271468.8,79,-28.56286903540733,22,23.017177181622017,0.0003299968116275111,0.016777905244464725,13.150044441223145
BAH,2025-11-19,BOOZ ALLEN HAMILTON INC,27.10432052350744,1,2.841902910382855,-36.07689788927829,150967068.51999998,29273417.835633807,12713902.18,-6.697718536109631,1480000.0,82,-29.57394190880823,23,23.00856812153793,0.00015058008699681666,0.007579249538625469,13.446109771728516
BAH,2025-11-20,BOOZ ALLEN HAMILTON INC,27.94744120240198,2,2.7810014399561798,-32.06039767938423,150967068.51999998,28897563.976805557,12511340.82,-6.84107436839856,4336053.83,79,-28.586544932864317,23,23.002000151859427,0.0004440715254426109,0.02247370436137664,13.4039888381958
BAH,2025-11-21,BOOZ ALLEN HAMILTON INC,26.55360633538266,3,2.124338187567229,-32.883264349482666,150967068.51999998,28551141.366712328,12308779.46,-7.008479185591668,11054658.83,83,-26.704566331996148,23,22.99538875859329,0.001139658927271842,0.05696307609899552,13.717236518859863
BAH,2025-11-24,BOOZ ALLEN HAMILTON INC,26.58494264446396,4,1.8050444814028688,-32.7289725640889,150967068.51999998,28322514.138783783,12254683.57,-7.244564750221009,200000.0,85,-29.18753434520659,21,23.00634226291427,2.039400409181474e-05,0.0010297886717743592,14.467360496520996
BAH,2025-11-25,BOOZ ALLEN HAMILTON INC,22.211592433145768,5,1.9886157811147291,-31.17557943528304,150967068.51999998,28006012.905066665,12200587.68,-7.480354074960065,4054713.92,95,-29.22992005547962,22,23.006094756402053,0.0004135616079030105,0.020700771604645212,14.467360496520996
BAH,2025-11-26,BOOZ ALLEN HAMILTON INC,22.79880482257719,6,1.85175658380252,-32.0838048888844,150967068.51999998,27825890.9225,12254683.57,-7.686781194941754,115659.2,104,-27.37707244187063,23,23.041254432743166,1.1389129411573377e-05,0.0005884595356598662,28.37150764465332
BAH,2025-12-02,BOOZ ALLEN HAMILTON INC,25.22048641352095,10,1.3756630526058866,-31.93136020485204,150967068.51999998,27030179.50126582,12163422.8,-7.827555606194976,4998.35,94,-24.520038938955658,21,23.02668366983932,4.994189407112805e-07,2.6125668467076602e-05,14.025508880615234
BAH,2025-12-05,BOOZ ALLEN HAMILTON INC,16.157246130711165,13,1.9610170413565573,-27.289804287533315,150967068.51999998,26805401.17939025,12182005.24,-7.460448102567674,1474111.05,110,-19.243298645870887,22,23.087964542570703,0.00013853343487043476,0.007653010928755976,26.707435607910156
BAH,2025-12-09,BOOZ ALLEN HAMILTON INC,12.92389171650441,14,2.089330384914565,-25.202944244195063,150967068.51999998,26583364.737142865,12182005.24,-7.323893240001417,719281.01,120,-13.962485058168372,21,23.129201612541507,6.4865528862031e-05,0.00363821618951567,25.827035903930664
BAH,2025-12-11,BOOZ ALLEN HAMILTON INC,8.317445154597891,16,2.0558548989239585,-20.334703675419963,150967068.51999998,26134261.87848838,11906938.11,-7.000642650261937,3623660.18,124,-11.31663836073914,22,23.147427454419915,0.0003208835471924687,0.01794587103398281,24.601131439208984
BAH,2025-12-12,BOOZ ALLEN HAMILTON INC,10.185381600453947,17,2.098473441587297,-18.966103731279198,150967068.51999998,26071279.90954024,12163422.8,-6.808014788913149,9058851.0,137,-10.956422773440169,22,23.161942024021123,0.0007906231110504061,0.04460362701885719,24.43788719177246
BAH,2025-12-15,BOOZ ALLEN HAMILTON INC,11.276811486555928,19,2.101592545805948,-20.73228483579156,150967068.51999998,25975019.42386364,12182005.24,-6.633176662972488,9445.69,136,-12.029425282584128,20,23.144844012249532,8.386015277240265e-07,4.647100591798056e-05,23.96767234802246
BAH,2025-12-16,BOOZ ALLEN HAMILTON INC,19.70724602901001,20,2.671797600206109,-27.605984429194905,150967068.51999998,25716540.77247191,12163422.8,-6.415190261900889,862000.0,142,-15.661696842856232,21,23.13498742844465,7.728761162493033e-05,0.004284704444796517,24.6347713470459
BAH,2025-12-17,BOOZ ALLEN HAMILTON INC,18.11668792088954,21,2.6688184907541275,-24.373387571069884,150967068.51999998,25645720.427444443,12182005.24,-6.136735095960031,3483655.98,152,-12.63630208541804,21,23.06195901047501,0.0003360111744641796,0.017098514190719925,23.043365478515625
BAH,2025-12-18,BOOZ ALLEN HAMILTON INC,18.858264355490164,22,2.6682073256491754,-26.23790324353268,150967068.51999998,25663193.93373626,12200587.68,-5.882436544958098,412214.29,167,-15.12158318014808,21,23.07533523028494,3.923126251752825e-05,0.0020130078740753015,23.04681968688965
BAH,2025-12-19,BOOZ ALLEN HAMILTON INC,19.903820061972976,23,2.672951702341248,-30.451854813955247,150967068.51999998,26486134.16260869,12244705.8,-5.637005247262057,88629.0,179,-15.73689881123884,21,23.06907651941111,8.487957849112066e-06,0.0004323339307682047,22.029129028320312
BAH,2025-12-22,BOOZ ALLEN HAMILTON INC,18.198642851750456,24,2.679020762033596,-30.20245467381057,150967068.51999998,26314985.97752688,12200587.68,-5.34509174961552,57313508.4,170,-15.91557291309298,19,23.060318415735143,0.005537171250972455,0.25036606461537236,21.595457077026367
BAH,2025-12-30,BOOZ ALLEN HAMILTON INC,20.05870741801974,31,2.60472027042148,-30.4163087267456,150967068.51999998,26389060.05453609,12288823.92,-4.472725821919542,800026.0,179,-20.56576631148599,19,23.05867503402567,7.741921689377445e-05,0.0035237148634823154,21.11492919921875
BAH,2026-01-06,BOOZ ALLEN HAMILTON INC,13.538420115210249,37,2.4844131175035136,-24.720044807795404,150967068.51999998,26011483.658217825,12288823.92,-4.109358419192444,94852.3,170,-12.504030887160688,18,23.10706219592047,8.745371473245053e-06,0.0004201344573204393,20.329620361328125
BAH,2026-01-12,BOOZ ALLEN HAMILTON INC,5.642255509504901,40,2.4753144792662574,-23.690560220879643,150967068.51999998,25571306.13971429,12288823.92,-3.842701696375915,649832.93,168,-3.721243569233623,17,23.180834322822857,5.56536026463141e-05,0.002833456028963489,18.951568603515625
BAH,2026-01-13,BOOZ ALLEN HAMILTON INC,7.260522558294324,41,2.468319429221306,-26.86933541933003,150967068.51999998,25912442.455943394,12298801.69,-3.749540483210976,2673000.0,175,-6.706115814740321,18,23.186949884475933,0.0002275278545797702,0.011633889351465755,19.60357666015625
BAH,2026-01-14,BOOZ ALLEN HAMILTON INC,6.102752344908979,41,2.461219997434849,-24.77898730134833,150967068.51999998,25729586.344392523,12288823.92,-3.666439845199069,4636.97,184,-5.293578349306138,19,23.171747581388633,4.007487491563696e-07,2.020088258752686e-05,19.381786346435547
BAH,2026-01-15,BOOZ ALLEN HAMILTON INC,5.272378562317703,42,1.760139033545148,-22.38514549787446,150967068.51999998,25825438.753240734,12298801.69,-3.595189755025197,1904993.87,195,-6.595477959305651,19,23.1826002604869,0.00016286141853768586,0.00829268899209953,19.020109176635742
BAH,2026-01-16,BOOZ ALLEN HAMILTON INC,4.958932223496881,43,1.7541808563843275,-17.236902384768662,179531780.78999996,27232340.32770642,12308779.46,-3.5233481241972324,7294841.0,196,-5.931727014580945,19,23.190457249699673,0.0006187685246206414,0.03163639248550406,18.771085739135742
BAH,2026-01-20,BOOZ ALLEN HAMILTON INC,9.38369098541716,44,2.026216994103332,-19.906228153346195,179531780.78999996,27187429.023636363,12511340.82,-3.238513779474157,15783525.03,164,-6.489445533741678,17,23.193439170612493,0.0013348158506321485,0.0680669503730571,18.19325828552246
BAH,2026-01-21,BOOZ ALLEN HAMILTON INC,6.968725802950981,45,2.0407199974880528,-18.7018837429055,179531780.78999996,27359927.104954954,12713902.18,-3.065166292131137,6226976.42,183,-6.411854055535094,18,23.152146444856633,0.0005488172785859352,0.026882079120462445,18.687206268310547
BAH,2026-01-22,BOOZ ALLEN HAMILTON INC,6.756481203404041,46,2.0323690324474755,-19.37583533913053,179531780.78999996,27989329.55348214,12873935.84,-2.937699497515902,6513143.92,186,3.4264146884736446,18,23.174471813057277,0.0005613651469039146,0.02824929934699118,18.6325740814209
BAH,2026-01-23,BOOZ ALLEN HAMILTON INC,0.0,47,2.3646958662294786,-17.226780642324513,179531780.78999996,28267388.24654867,13033969.5,-2.776085461579578,907028.32,189,18.041224909168395,18,23.176457958466056,7.802127546923788e-05,0.004104233821283757,20.62173843383789
BAH,2026-01-27,BOOZ ALLEN HAMILTON INC,1.719522381223615,49,3.329684254674956,-30.099617632119543,179531780.78999996,27851320.37217391,12713902.18,-2.386211355616533,744156.0,209,7.358567277258365,19,23.13539137059594,6.669467779927909e-05,0.003217349657489265,19.04732322692871
BAH,2026-01-28,BOOZ ALLEN HAMILTON INC,0.0,50,3.3412140108733155,-28.154455902322063,179531780.78999996,27852358.01689655,12873935.84,-2.386211355616533,18763003.06,226,8.125255707648172,20,23.08775030085574,0.0017636800166666979,0.08057945002792052,19.778268814086914
BAH,2026-01-29,BOOZ ALLEN HAMILTON INC,1.5778166055966605,51,3.4074638332839897,-29.388502436549143,179531780.78999996,28079263.30128205,13033969.5,-2.386211355616533,5690346.07,243,0.4134325413870154,20,23.104799273500337,0.0005258378574691591,0.024357349881177364,19.778268814086914
BAH,2026-01-30,BOOZ ALLEN HAMILTON INC,1.933945070819698,52,3.399281107070652,-28.190749159683868,179531780.78999996,28116918.698983047,13202149.8,-2.3104854531359567,24324201.86,260,2.532949717744981,20,23.078439575811057,0.002307807817408557,0.10523223315347141,20.348079681396484
BAH,2026-02-02,BOOZ ALLEN HAMILTON INC,3.005708998803392,53,3.4110193144675693,-28.912968039034293,179531780.78999996,28629386.88218487,13370330.1,-2.2142396105332893,37898.0,301,-0.2311968602721315,19,23.074939652863147,3.6082558961204014e-06,0.00016414717391289506,20.231155395507812
BAH,2026-02-04,BOOZ ALLEN HAMILTON INC,5.98540999615822,55,3.44337463919918,-29.95373502576987,179531780.78999996,28202876.224049583,13033969.5,-2.0784261457172604,3985819.83,310,-2.637561391575028,21,23.01168210345949,0.00040426962037732,0.01717720557597082,6.906920909881592
BAH,2026-02-05,BOOZ ALLEN HAMILTON INC,6.637484545911665,56,3.4425100553466805,-27.003624463696173,179531780.78999996,28094086.308688525,13202149.8,-2.0784261457172604,272017.28,319,-4.00461929088446,21,23.035963212446152,2.6928042566245115e-05,0.0011639643442045862,6.604613780975342
BAH,2026-02-06,BOOZ ALLEN HAMILTON INC,1.2582826060964614,57,3.5138657398658157,-25.99126077571808,179531780.78999996,27927012.31934959,13033969.5,-2.026896161499607,317195.56,314,0.9824373445865398,21,23.029829659306486,3.159360320326659e-05,0.00136199096941561,6.549982070922852
BAH,2026-02-09,BOOZ ALLEN HAMILTON INC,0.0,58,3.49021464332024,-25.28338890429416,179531780.78999996,27805743.668387093,13202149.8,-2.077090097282455,360000.0,296,2.2915049152838263,19,23.08159024046166,3.4048283764559576e-05,0.0015463801949870358,20.045772552490234
BAH,2026-02-10,BOOZ ALLEN HAMILTON INC,0.0,59,3.484163148978033,-26.215725290542117,179531780.78999996,27644484.178799994,13033969.5,-2.1111685656607646,679195.42,307,5.129349832260854,20,23.094094560631493,6.34390858828397e-05,0.0029185259382960792,19.475963592529297
BAH,2026-02-11,BOOZ ALLEN HAMILTON INC,6.180488170442233,60,4.2622210106100304,-35.51955247605082,179531780.78999996,27678549.32809523,13202149.8,-2.152413612909024,254369.99,317,-7.894224047418186,21,23.09209547774225,2.380653731057074e-05,0.0010980245715951026,20.417762756347656
BAH,2026-02-12,BOOZ ALLEN HAMILTON INC,8.714770980375075,61,4.251157091721225,-35.82332819796859,179531780.78999996,27485314.8931496,13033969.5,-2.184886684367995,573432.64,322,-7.696157976737417,21,22.972239669369305,6.050140833436461e-05,0.0024461452579619,6.2673468589782715
BAH,2026-02-13,BOOZ ALLEN HAMILTON INC,6.001001848351084,62,4.307737039852583,-33.06939857872045,179531780.78999996,27340654.55828125,12873935.84,-2.22398575148431,723568.14,324,-4.8427621923935575,21,22.94865245868276,7.816391538493702e-05,0.003065226128584479,6.33162784576416
BAH,2026-02-17,BOOZ ALLEN HAMILTON INC,10.023559450546385,64,4.341496736288712,-36.07122681704487,179531780.78999996,27303885.294341087,13033969.5,-2.4004657833929617,173578.86000000002,299,-8.64288603827692,19,22.973931585695045,1.828290137303608e-05,0.000737766007530533,6.401615142822266
BAH,2026-02-18,BOOZ ALLEN HAMILTON INC,7.395572204114864,65,4.3505208909695146,-34.97487050719964,179531780.78999996,27239570.84946154,13202149.8,-2.555255906590635,5373290.44,316,-5.794777569726839,20,22.936685611479003,0.000587441090909066,0.022747618365656187,6.408056259155273
BAH,2026-02-19,BOOZ ALLEN HAMILTON INC,5.178880232132355,66,4.345182766667375,-33.26437590899862,179531780.78999996,27188233.75152672,13370330.1,-2.694164673668112,91106.85,325,-4.392959534634588,21,22.960861177086855,9.722450088191858e-06,0.0003860649093133272,6.203616619110107
BAH,2026-02-20,BOOZ ALLEN HAMILTON INC,8.897805271617143,67,4.378268499436845,-34.48974219735036,179531780.78999996,27011537.03166667,13202149.8,-2.8600495802933303,15134860.64,319,-8.612216125156547,21,22.981717609262706,0.0015817771007877437,0.06438289679418331,6.542324542999268
BAH,2026-02-23,BOOZ ALLEN HAMILTON INC,13.22380802386256,69,4.024201175422702,-37.1180125548286,179531780.78999996,27005413.84142857,13370330.1,-2.8600495802933303,1697141.6,283,-9.691284327840457,19,22.94697025503849,0.00018364348288448057,0.007209428687726943,6.542324542999268
BAH,2026-02-24,BOOZ ALLEN HAMILTON INC,11.070013054437911,70,3.7698057224319577,-38.22054461970772,179531780.78999996,26822502.033059705,13202149.8,-2.974756295037256,4204758.62,291,-10.941019380176918,20,22.90801366927468,0.0004730609957914691,0.017891777547441853,6.702850341796875
BAH,2026-02-26,BOOZ ALLEN HAMILTON INC,5.403032801450225,72,3.954779287663663,-28.40073824701433,179531780.78999996,27024801.03360294,13435351.805,-3.2271733868510952,22020399.44,317,-4.85499008441288,21,22.91939497637443,0.0024493927374657524,0.09396876595843096,5.665637016296387
BAH,2026-02-27,BOOZ ALLEN HAMILTON INC,6.659891555313213,73,3.9285990888119584,-28.553292797336503,179531780.78999996,27417218.636204377,13500373.51,-3.434002842594197,6798105.78,319,-4.788286620156745,21,22.979588721261386,0.0007119989283461142,0.028588389769839948,5.665637016296387
BAH,2026-02-28,BOOZ ALLEN HAMILTON INC,8.058088886654048,74,3.9285990888119584,-28.553292797336503,179531780.78999996,27509804.14065217,13542509.53,-3.434002842594197,5996467.38,307,-4.788286620156745,21,22.967734942722533,0.0006355283492777754,0.024156598837347526,5.665637016296387
BAH,2026-03-05,BOOZ ALLEN HAMILTON INC,5.363405276624822,77,3.7881992868607455,-26.25066841198681,179531780.78999996,27735639.62461539,13500373.51,-3.7967187598293233,139120.0,257,-8.291614379171975,23,22.961627211747803,1.4834795894084059e-05,0.0005645157761664956,5.557732105255127
BAH,2026-03-09,BOOZ ALLEN HAMILTON INC,3.25433115515752,78,3.625798206335789,-21.94132107057761,179531780.78999996,27635324.21365517,13584645.55,-3.9011353936558586,230645.44,239,-8.960804040548487,21,23.005818127989016,2.3531250554184773e-05,0.0009565853443749894,6.522980213165283
BAH,2026-03-10,BOOZ ALLEN HAMILTON INC,8.462333263260602,79,3.736577519653676,-25.979596494137425,179531780.78999996,27529168.057739723,13542509.53,-3.909244017408748,222675.85,253,-14.807242653785492,22,23.000184951966677,2.2846501799647666e-05,0.0009297898895160057,5.695827960968018
BAH,2026-03-12,BOOZ ALLEN HAMILTON INC,9.039026666505844,81,2.831367379788733,-23.87658839107125,179531780.78999996,27590440.55797297,13542509.53,-3.909244077843332,1920057.22,266,-14.241201458086506,23,22.93038485907729,0.0002112392219393406,0.008138536878047858,6.5994086265563965
BAH,2026-03-13,BOOZ ALLEN HAMILTON INC,7.423026696544577,82,2.8016558113777266,-22.36008597384656,179531780.78999996,27446147.058791943,13500373.51,-3.940766292795977,14468891.0,272,-11.732217375078724,23,22.945674270202897,0.0015676731706597193,0.06132592643604075,6.5994086265563965
BAH,2026-03-18,BOOZ ALLEN HAMILTON INC,6.89040801652212,85,2.72261782853589,-19.98581034802456,179531780.78999996,27522761.986842107,13592109.575,-4.0908867493171455,4225774.71,266,-5.913462584506624,23,22.945803954260914,0.00045779421411428585,0.01856806035815537,6.604331970214844
BAH,2026-03-19,BOOZ ALLEN HAMILTON INC,4.020782538620149,86,2.752140844191697,-16.50388058794432,179531780.78999996,27437584.99300654,13599573.6,-4.049532293425425,243288.55,277,-1.417936604543224,24,22.96557604572071,2.584036950823615e-05,0.0010738949137751215,6.5279035568237305
BAH,2026-03-20,BOOZ ALLEN HAMILTON INC,5.165733989533972,87,2.643149644466813,-16.713484354676243,179531780.78999996,27398826.10681818,13739272.7,-4.05293243653402,6012089.22,275,-1.8202918369222827,24,22.99278941988227,0.0006214180278132918,0.02977836301818125,6.917579650878906
BAH,2026-03-24,BOOZ ALLEN HAMILTON INC,6.59228902540967,89,2.4684726464269726,-18.56256514061463,179531780.78999996,27523235.98583333,14097857.015,-4.01470984739591,1118062.27,267,-1.5268281466193088,23,22.981217079386955,0.00011690961412505146,0.0053556784394692475,6.841151237487793
BAH,2026-03-26,BOOZ ALLEN HAMILTON INC,4.668239824235054,91,2.055223852434062,-17.9256863437637,179531780.78999996,27667030.37734177,14403712.08,-3.941866265568138,10602612.46,285,1.052924512479736,24,22.983966802614248,0.0011056124817898367,0.05067963783804348,6.3611159324646
BAH,2026-03-27,BOOZ ALLEN HAMILTON INC,7.121923033606081,92,2.1048060852603583,-18.75939412151525,179531780.78999996,28248771.795031447,14490681.930000002,-3.885545826095485,137224.65,282,0.3325864150780395,24,22.986584403866946,1.4272017427818957e-05,0.0006580331505145107,6.284687519073486
BAH,2026-03-31,BOOZ ALLEN HAMILTON INC,7.753430241647541,94,2.0641243559604843,-21.677762074166395,179531780.78999996,28049411.95753087,14494217.4,-3.740606385594048,23370777.39,256,-2.8342725065468315,23,22.96925594270133,0.002473159063887657,0.11179072691816333,6.664769172668457
BAH,2026-04-01,BOOZ ALLEN HAMILTON INC,4.616143581134713,95,2.157038118573348,-18.704335918379822,179531780.78999996,28204964.278220862,14497752.87,-3.6640561969494896,6569812.42,272,-4.891361984240849,23,22.957534567495554,0.0007034324341649192,0.03133659098573674,6.41574764251709
BAH,2026-04-02,BOOZ ALLEN HAMILTON INC,1.1427907774117507,95,2.2498231536720463,-13.72917161198901,179531780.78999996,28125715.144207325,14501578.295,-3.6321870206549622,390371.92,278,-2.028101066356758,23,22.987082255100074,4.0580331668646094e-05,0.0018687838090967075,6.339319229125977
BAH,2026-04-03,BOOZ ALLEN HAMILTON INC,0.442000537739462,95,2.2498231536720463,-13.72917161198901,179531780.78999996,28181048.16406061,14505403.72,-3.608992286099248,20235882.0,276,-2.028101066356758,23,23.02084684267933,0.0020337397904719385,0.09722709597936094,6.41574764251709
CACI,2025-08-14,"CACI, INC. - FEDERAL",25.941546410564808,0,2.273240461394456,41.910483610247255,20351984.5,11533531.27,15236919.58,,547298.08,17,-6.072928847593139,2,23.128630789887588,4.938410627350081e-05,0.00432441449880192,13.038091659545898
CACI,2025-08-18,"CACI, INC. - FEDERAL",27.09678111794056,0,2.265574497075267,37.43460701913306,54118664.04,20329335.9725,19268849.025,,4589338.48,30,-7.820447270987473,4,23.098022215347097,0.00042697898316490523,0.03611104185272332,12.983824729919434
CACI,2025-08-19,"CACI, INC. - FEDERAL",26.93231240747489,0,2.264032755673042,38.8008317135248,54118664.04,18490916.762,18185713.55,,14537227.91,34,-7.503149626724781,5,23.092914165195428,0.0013594286116842022,0.1142944101645189,13.253371238708496
CACI,2025-08-20,"CACI, INC. - FEDERAL",26.9896974092136,0,2.2605266680945144,35.26919434471471,54118664.04,21773667.291666664,19268849.025,,2236008.0,44,-5.09590463853502,6,23.0942090462751,0.0002088265916943272,0.017524491416093364,12.983824729919434
CACI,2025-08-22,"CACI, INC. - FEDERAL",28.363996814994906,0,2.267117465864694,34.88637341771559,54118664.04,22641419.442500003,19268849.025,,6015150.0,63,-2.35387064127508,8,23.09250271902604,0.0005627298560980772,0.04803768881908258,12.983824729919434
CACI,2025-08-25,"CACI NSS, LLC",27.4664247468283,0,2.1169864743002718,25.29324393420085,68488973.27,24672004.209,19268849.025,,123536.15,72,3.756047951158093,10,23.082993064183817,1.1667492996088658e-05,0.0009860628776363594,12.738873481750488
CACI,2025-08-26,"CACI, INC. - FEDERAL",27.90966498820937,0,2.110200237979424,21.829692213585457,68488973.27,22914174.00454545,18185713.55,,165855.26,78,3.094921647682991,11,23.090010022882865,1.555483144708212e-05,0.0013621450760410107,12.738873481750488
CACI,2025-08-29,"CACI TECHNOLOGIES, LLC",28.81888792016776,0,2.104066040309068,10.896396826602484,75574748.46,27103168.36214286,21265670.78,,1727302.19,110,4.256958761662167,14,23.07943470315395,0.0001637182849996463,0.014723047782901094,12.542032241821289
CACI,2025-09-03,"CACI, INC. - FEDERAL",31.63701238346017,0,2.18494014513461,10.9974711887312,75574748.46,23277084.92529412,18185713.55,,1294758.71,123,-2.373831791910374,17,23.086145393702584,0.0001218998828791922,0.011113725042464074,12.738873481750488
CACI,2025-09-05,"CACI, INC. - FEDERAL",30.249753357255127,0,1.9958994623058384,11.397487921502991,75574748.46,21372668.641578943,18185713.55,,26161.0,139,1.0271023521059697,19,23.03769683674064,2.5852927533589848e-06,0.00022442274623196581,11.894920349121094
CACI,2025-09-08,"CACI, LLC - COMMERCIAL",32.37279315856221,0,1.987875969273716,7.143606931544298,75574748.46,20009108.33619048,14550580.95,,24689390.79,145,-0.774287682826059,21,23.06840923046216,0.002366069726145093,0.21191226571996147,12.8597412109375
CACI,2025-09-10,"CACI, INC. - FEDERAL",30.67621692485436,0,1.892252905525842,9.990303241878507,77818546.57000001,23195779.17565217,18185713.55,,11109655.83,170,-1.6805900760250791,23,23.08011514530774,0.0010522863955830263,0.09594943222434904,12.8597412109375
CACI,2025-09-11,"CACI, INC. - FEDERAL",28.853023747914097,0,1.4299915724429773,16.409752691784284,77818546.57000001,24070268.390833333,19268849.025,,1558622.8,184,1.0653663421070316,24,23.09297346250709,0.00014574379686974794,0.013579287653621768,12.746490478515625
CACI,2025-09-12,"CACI NSS, LLC",32.15985830825328,0,1.3062365172428845,18.55298232286801,92808563.38,26794001.0688,20351984.5,,16648.92,186,-2.230608131964786,24,23.10702369565244,1.5350876659120749e-06,0.00014543396685168158,14.4170560836792
CACI,2025-09-15,"CACI, INC. - FEDERAL",33.75954545045452,0,1.3030535296585737,17.8015338725098,92808563.38,25289144.31777778,18185713.55,,593380.38,173,-2.036176413132342,23,23.112766414505153,5.439841764608223e-05,0.005192929636174044,14.613897323608398
CACI,2025-09-16,"CACI, LLC - COMMERCIAL",34.764028943908066,0,1.309649996839369,16.810706214451976,92808563.38,25012576.057857145,17904575.865,1.887974150960292,1316894.8,185,-2.7248732543097223,24,23.110950115835337,0.00012094640833375151,0.011562011775151381,14.782456398010254
CACI,2025-09-17,"CACI, LLC - COMMERCIAL",33.605713116173305,0,1.3220081194130004,16.612254746029965,92808563.38,26251976.671034485,18185713.55,-0.1256694942628755,2000837.29,201,-1.5274775969811962,25,23.103468551647822,0.0001851411120641969,0.017753967838853645,14.782456398010254
CACI,2025-09-19,"CACI NSS, LLC",32.7539555507046,0,1.3227653880603625,13.467912330146614,92808563.38,26731581.601612907,20351984.5,0.5310147106367485,7063243.47,220,-1.3996279995860397,25,23.11385445503834,0.0006468219231451393,0.06269257365846247,14.585615158081055
CACI,2025-09-22,"CACI, INC. - FEDERAL",31.97082666164864,0,1.3009387394997085,16.859548118713082,92808563.38,25683773.08757576,18185713.55,0.6366497794326365,6559890.91,209,-1.4643539291365748,24,23.11849622837905,0.0005979450504171497,0.057980424792931654,14.782456398010254
CACI,2025-09-23,"CACI NSS, LLC",34.33207953006337,0,1.3670410349341775,14.361920271271725,92808563.38,25959198.40176471,19268849.025,0.8311131397440423,1400952.0,231,-1.7701659020366236,24,23.124412797028295,0.00012694581278523454,0.012285982079560888,12.91504955291748
CACI,2025-09-24,"CACI, INC. - FEDERAL",33.17579144666991,0,1.3734946153150425,9.304107891721603,157788888.38000005,29724184.89257143,20351984.5,1.0021304026752864,10099999.26,246,-2.990041550533995,25,23.106678745337387,0.000931575949343114,0.08876561606210275,12.451144218444824
CACI,2025-09-25,"CACI, INC. - FEDERAL",39.04544263817882,0,1.6744241738802683,-1.8426109470016208,157788888.38000005,29770179.890833337,21015224.975,1.205811697965438,39901786.05,259,-8.319512552093379,25,23.11532368935667,0.003648671882760463,0.35329377431214054,10.638195991516113
CACI,2025-09-26,"CACI ENTERPRISE SOLUTIONS, LLC",36.3681310231587,0,1.7002367484286849,-5.967565948233624,157788888.38000005,32689986.135945957,21678465.45,1.5415074023859752,5654341.75,263,-7.418546627842715,25,23.115323658946885,0.0005170404743354331,0.049761396176370515,11.714387893676758
CACI,2025-09-29,"CACI ENTERPRISE SOLUTIONS, LLC",35.67799158993918,0,1.7028679353277274,-6.296164003059282,231289594.02,38263587.4525,21928911.255,1.5665081112643016,640045.45,275,-6.62161569420584,25,23.09163561046407,5.9929532635888013e-05,0.005693213115521479,12.188462257385254
CACI,2025-09-30,"CACI-ISS, LLC",32.76193994587502,0,1.762885917232811,-5.9666808192937,231289594.02,39423406.51487805,22179357.06,1.6791716339024625,11260279.89,291,-8.859898346956207,26,23.096709315665834,0.0010490007041782197,0.09935552512005208,12.188462257385254
CACI,2025-10-27,"CACI, INC. - FEDERAL",14.421236982583263,0,3.1060695952842967,-0.5934419404685087,231289594.02,33921068.81632653,18185713.55,4.163285704991061,13879.0,55,15.034632377348052,11,23.28272120086997,1.0734969986199782e-06,0.00010986208748934258,9.286789894104004
CACI,2025-11-13,"CACI-ISS, LLC",12.753499500475929,0,3.0684497227588188,10.510897379481744,231289594.02,30916796.076666668,14550580.95,6.615436516223126,6212189.36,21,15.07585322954976,13,23.284598076714637,0.00047959232829278286,0.05103873056640914,8.398812294006348
CACI,2025-11-14,"CACI, INC. - FEDERAL",12.07792144736466,0,3.0569380395010395,12.12599654292179,231289594.02,30490199.40913793,13786523.91,6.615436516223126,1690000.0,24,15.547691780777177,14,23.28568834312577,0.0001303289060400027,0.013820728681520516,8.398812294006348
CACI,2025-11-19,"CACI, INC. - FEDERAL",9.843249441586766,1,2.9745233522911656,27.781405369770653,231289594.02,29097185.11081967,12968050.27,6.767316143574086,1600000.0,29,21.78745664889572,16,23.302505431434863,0.0001213306318489304,0.01300963663247222,11.362991333007812
CACI,2025-12-02,"CACI, INC. - FEDERAL",9.207404584501733,11,1.1919245008192485,23.4464060511659,231289594.02,26289783.216811597,11137239.920000002,7.048403130413856,2422724.32,43,22.58220161613096,16,23.32731034106122,0.00017921808817408468,0.01898883190742305,8.640729904174805
CACI,2025-12-05,"CACI TECHNOLOGIES, LLC",11.170985528423127,14,1.202512911643826,19.055812786720548,231289594.02,25918183.476944443,11011681.695,7.130603442733542,6503271.600000001,51,16.236205310695272,19,23.316389307038342,0.00048635420837007997,0.048651502664597904,9.136123657226562
CACI,2025-12-09,"CACI, INC. - FEDERAL",12.389891155232169,16,1.201859793724109,14.63966671570216,231289594.02,25442526.26067568,11011681.695,7.130603442733542,127145.31,53,15.37890411933076,18,23.296088895582862,9.703702822863577e-06,0.0009398876827797973,8.67495059967041
CACI,2025-12-15,"CACI, INC. - FEDERAL",16.70397662762486,21,1.3889200774196448,10.67114159719993,231289594.02,25089870.43589744,11011681.695,6.847318874972588,3300000.0,63,11.186807197631389,19,23.260095061922954,0.0002610856521066512,0.023908674830102207,9.038485527038574
CACI,2025-12-18,"CACI, INC. - FEDERAL",20.626270754993147,24,1.3434158257138498,5.367102419615087,231289594.02,24625570.16851852,11137239.920000002,6.567226469800676,1605927.18,73,8.078733460494703,21,23.239444818629263,0.00012970693628306672,0.011485998603284723,8.825699806213379
CACI,2025-12-23,"CACI, INC. - FEDERAL",21.60316174557748,28,1.282109368578602,0.7106285350336297,231289594.02,25170053.811529413,11137239.920000002,6.006075344352579,198172.26,81,7.609709036358625,21,23.220087923455463,1.6318746940063978e-05,0.0013702663825197509,8.842476844787598
CACI,2025-12-29,"CACI, INC. - FEDERAL",22.745982504491536,33,1.197662509167453,0.2873851971182848,231289594.02,25448022.86151163,11351167.12,5.106030376180354,3460000.0,78,0.8444653110674105,18,23.205380240526917,0.0002891395560521727,0.02443934097022425,7.976377487182617
CACI,2026-01-02,"CACI TECHNOLOGIES, LLC",23.21877812701414,37,1.1913574677942815,0.3314777758706366,231289594.02,24770658.604044948,10886123.47,4.345373143703838,632416.0,81,-0.2244928245841659,19,23.188334528465628,5.37572592627026e-05,0.004522562477446075,7.7441229820251465
CACI,2026-01-06,"CACI NSS, LLC",18.366580786428788,41,1.7608481283232515,6.6489661808818425,231289594.02,24259718.601538464,10121854.66,3.8770455077293,3237112.83,77,6.033875604488227,18,23.25339961280878,0.00025783074275558345,0.02280349009539733,6.449038505554199
CACI,2026-01-08,"CACI, INC. - FEDERAL",13.371222242297096,42,1.9830312030904496,10.45144088080627,231289594.02,23987011.31365592,10121854.66,3.5546176453388463,973236.0,87,10.665269398852685,19,23.243076162967597,7.83210398889901e-05,0.006723684921037352,6.099192142486572
CACI,2026-01-09,"CACI, INC. - FEDERAL",10.56032319467386,43,2.047352573232492,14.10738378373755,231289594.02,24436416.03978724,10503989.065,3.4226492293619004,3312407.67,89,11.337363727246744,19,23.280224771750856,0.0002568447102237759,0.02213592997939441,5.841282367706299
CACI,2026-01-14,"CACI, INC. - FEDERAL",8.319562908701062,43,1.9131196978877223,18.451687572233837,231289594.02,23771061.91010204,10503989.065,3.213711379696029,38327.05,86,14.300272143367025,20,23.314687118874772,2.8712131226682134e-06,0.0002483769686571041,4.846096038818359
CACI,2026-01-15,"CACI, INC. - FEDERAL",5.5282872416583695,43,1.9344141527468832,21.49199447847205,231289594.02,23449156.93232323,10886123.47,3.212518451863552,983000.0,92,15.682336238305862,20,23.32580658475486,7.282566048883875e-05,0.006359078110738419,5.109830379486084
CACI,2026-01-16,"CACI NSS, LLC",4.216238117404592,44,1.93641068830773,27.914905615647815,231289594.02,23617031.6494,11011681.695,3.2432678232218426,6164447.48,98,15.71897167563272,20,23.351913316234885,0.0004449252587673916,0.039559817607261356,5.109830379486084
CACI,2026-01-23,"CACI, INC. - FEDERAL",0.0,45,1.8674462263373095,32.169482551887164,231289594.02,23336835.06173077,11011681.695,3.786654597332545,498007.97,86,13.541753866615023,18,23.395506957972753,3.441095454928652e-05,0.0031691888754699603,6.182142734527588
CACI,2026-01-27,"CACI, INC. - FEDERAL",0.0,46,2.040958333901037,25.02181343491201,231289594.02,23128272.68028302,11011681.695,4.351681304922401,20509303.51,99,12.936196868912898,20,23.37624681389115,0.001444694146741826,0.12725401721546722,5.717586517333984
CACI,2026-01-28,"CACI TECHNOLOGIES, LLC",0.0,47,2.0529410893854507,23.754841359286296,231289594.02,23167916.693551403,11137239.920000002,4.351681304922401,61424.55,110,10.718329759819966,21,23.37691554797876,4.323909117236849e-06,0.0003793921741944062,5.5747199058532715
CACI,2026-01-29,"CACI TECHNOLOGIES, LLC",2.2691917477311474,48,2.1685976625414365,14.23832636966682,231289594.02,23275031.55787037,11351167.12,4.351681304922401,28348302.52,120,8.77081014798844,21,23.369158621666475,0.002011084980688486,0.1748455133893796,5.8384552001953125
CACI,2026-01-30,"CACI, INC. - FEDERAL",2.689419894580647,48,2.140575088135107,16.175857507344805,231289594.02,23425021.471559636,11565094.32,4.351681304922401,738795.0,138,8.442474962882194,21,23.345199421402317,5.368249099506587e-05,0.0045404596915378055,5.8384552001953125
CACI,2026-02-04,"CACI NSS, LLC",5.3199579447732015,51,1.8749321250718252,13.064908859623568,231289594.02,24027696.621964283,11572690.355,4.771129699971694,1152003.0,164,0.8671338870809508,22,23.338291050057578,8.428738690709065e-05,0.007110636867078697,5.292941570281982
CACI,2026-02-05,"CACI, INC. - FEDERAL",6.5098963314333735,51,1.9048395406763583,16.26879315349874,231289594.02,23829022.648230087,11565094.32,4.771129699971694,13209538.84,160,0.2497200018849454,22,23.315804957748185,0.0009884671068039741,0.080567845298181,5.292941570281982
CACI,2026-02-11,"CACI, INC. - FEDERAL",10.540649596116117,53,2.7498462542901394,8.65271815213562,231289594.02,23215878.08769231,11137239.920000002,4.966454673803096,866127.11,157,-5.730505896728166,21,23.349475060538744,6.266621411021237e-05,0.005211651455873164,5.292941570281982
CACI,2026-02-12,"CACI, INC. - FEDERAL",12.793246308307603,54,2.757532994283894,7.699020563761615,231289594.02,23193792.16432204,11351167.12,4.9762925020199695,3373249.0,163,-6.672457718243474,21,23.261033267220927,0.0002666306116607197,0.019696696274745795,6.024393558502197
CACI,2026-02-17,"CACI, INC. - FEDERAL",12.16587056694265,56,2.710747007321753,9.5488573189378,231289594.02,23290032.723416667,11572690.355,4.855701238578155,491394.8,148,-9.233698128360746,19,23.26185336743201,3.8809317033609753e-05,0.0028406577943572426,5.6397905349731445
CACI,2026-02-23,"CACI, INC. - FEDERAL",10.896869087449623,59,2.774623053023423,12.630229184829169,231289594.02,22744498.141935483,11572690.355,4.434639527197573,3868198.18,148,-8.77456825605245,19,23.283815281608216,0.0002988658009487394,0.022546643152046277,5.903524875640869
CACI,2026-02-27,"CACI, INC. - FEDERAL",3.776003360999902,63,2.854518995303941,22.01089661806519,231289594.02,22585769.02078125,12039420.515,3.877299741226425,315000.0,162,-1.4785465861357872,21,23.302629288023653,2.3884009770078156e-05,0.0018267066740645364,5.5747199058532715
CACI,2026-03-02,"CACI, INC. - FEDERAL",1.320084438994873,64,2.906390714649038,25.44290138081209,231289594.02,22515244.53906977,12219600.0,3.757415837089426,663898.3999999999,113,2.0582656571042746,19,23.324181827667427,4.9264962816036e-05,0.0038211831058489725,6.200925350189209
CACI,2026-03-05,"CACI, INC. - FEDERAL",3.377849177442393,67,2.87982414018365,20.018174319785345,231289594.02,22385264.148181822,12394464.715,3.5000173808806423,2291000.99,132,3.1773695518390044,21,23.34747561967684,0.00016609075101712507,0.013387514913285709,5.230699062347412
CACI,2026-03-06,"CACI TECHNOLOGIES, LLC",2.793834735820821,67,2.866918763945372,21.339838932350364,231289594.02,22832452.74601504,12569329.43,3.4746153330894622,2173436.68,138,5.158323212668725,21,23.328025875643963,0.00016066233727073277,0.012740644064931339,5.230699062347412
CACI,2026-03-12,"CACI, INC. - FEDERAL",0.0489672054221568,71,2.469983879712979,22.23909476874324,231289594.02,22479002.829781026,12569329.43,3.4223952427073776,59249157.3,153,9.03313774079396,21,23.314647396071933,0.004438737539241578,0.3402760356891924,3.304499626159668
CACI,2026-03-24,"CACI, INC. - FEDERAL",0.5427346089992069,79,2.2021026646044404,17.017253539257215,231289594.02,21927987.35193103,12924276.8,3.3978993442543777,2117045.96,158,11.062989142432166,21,23.28934575122339,0.00016266568243938204,0.012237365633009097,5.962151050567627
CACI,2026-03-25,"CACI, INC. - FEDERAL",0.1554607403646546,80,2.19783447321601,13.560981675501417,231289594.02,21931343.42917808,12946163.535,3.4303893518286013,6811429.0,166,11.413011930081773,22,23.267783827419432,0.000534771324740687,0.03918021300860456,5.962151050567627
CACI,2026-03-27,"CACI, INC. - FEDERAL",18.43277583767012,82,2.1848879427069647,11.015171367071874,231289594.02,22138855.27675676,12995258.57,3.432706344977148,3896703.33,172,12.025924342793337,22,23.273196498540113,0.00030428218562900876,0.022335428461037192,5.962151050567627
CACI,2026-03-30,"CACI, LLC - COMMERCIAL",15.38998983184512,84,2.0853187446409347,10.93921845615483,231289594.02,22046187.370604027,12968050.27,3.4308704170850715,85568.45,152,11.889661072969847,20,23.244913192364905,6.8734714550539524e-06,0.000491443914020488,5.84929084777832
CACI,2026-03-31,"CACI, INC. - FEDERAL",19.190246943977662,85,2.1108199943752006,5.658456022362213,231289594.02,22312858.47926667,12995258.57,3.391032695437202,600000.0,163,5.74762086520455,21,23.235663021500233,4.864419455418655e-05,0.003430508167307343,6.24550724029541
CACI,2026-04-01,"CACI, INC. - FEDERAL",18.9646223434236,86,2.2819910659032003,8.641285538064247,231289594.02,22363082.938476823,13022466.87,3.3495318875672946,46265.4,171,3.147213865802057,22,23.209154487542026,3.85166580333247e-06,0.00026221905159446926,6.627243995666504
CACI,2026-04-02,"CACI, LLC - COMMERCIAL",18.14533838073562,86,2.3559527781887803,14.30936952802011,231289594.02,22363105.30539474,13111233.435,3.300704401414385,767500.0,169,7.835916369318075,22,23.240432541779704,6.192796003946281e-05,0.0043813533891796826,6.8353495597839355
CAT,2025-12-17,CATERPILLAR INC,49.27975033253769,5,2.0648299718450702,37.52227934302586,23126792.92,3148600.036842106,1152606.0,10.6798005255215,379454.15,3,18.33909739827626,2,26.337216696864278,1.3837302231903912e-06,0.0002483048315376596,8.951910018920898
EMR,2026-03-13,"EMERSON CONSTRUCTION COMPANY, INC.",14.389667913095106,1,2.2772900925118376,0.6612717616132802,4505872.0,4505872.0,4505872.0,0.9399292796868464,10974.46,0,-0.8656845545644609,0,25.027680989635577,1.482516075475675e-07,2.277232954791323e-05,8.797388076782227
EMR,2026-03-25,"K. W. EMERSON, INC.",21.87218178120736,1,1.9189609102803344,1.7466172125286894,4505872.0,2258423.23,2258423.23,0.9399292796868464,3504868.0,1,1.388351474902827,1,25.012204056943986,4.8084982694811425e-05,0.007198719621146591,16.004472732543945
ETN,2025-08-28,EATON AEROSPACE LLC,9.120843726306171,0,1.8968188603946647,12.599172396888104,3507829.0,3507829.0,3507829.0,,34214.0,1,0.1865203007118676,1,25.630698453649106,2.52890750511891e-07,4.276603555664775e-05,10.922122955322266
ETN,2025-09-05,"EATON AEROSPACE, LLC",11.093601954290676,0,1.0685723673152825,3.948236175625498,3507829.0,1821833.25,1889440.25,,1011360.0,4,0.3193886334804885,2,25.621607766240498,7.543673835411992e-06,0.0012508884234596845,42.42165756225586
ETN,2025-12-15,EATON CORPORATION,27.79438434280901,3,2.2781477219511683,-14.552142315484604,9299303.0,2907836.9657142856,2522052.0,-0.8967815347032091,3300656.4,2,-13.34561813898074,2,25.576605204958042,2.5752643157987815e-05,0.003643937063915994,21.916200637817383
ETN,2026-04-02,EATON CORPORATION,28.043722875501608,16,2.349046098239666,-1.9743771359509776,9299303.0,2340726.2755555552,1391000.0,1.2763600663653114,1184324.0,4,13.728330381911224,4,25.673759627536914,8.384909784525937e-06,0.001143142818122963,37.250762939453125
ETN,2026-04-06,EATON CORPORATION,27.061992250483936,16,2.298797019830167,-2.305272935004854,9299303.0,2299426.194285714,1370836.0,1.0190923010530442,148146.63,5,17.310088077254726,5,25.661484200414854,1.0618197304546243e-06,0.00014429593515899905,31.238969802856445
GD,2025-08-14,"GENERAL DYNAMICS GLOBAL FORCE, LLC",12.501570792444385,0,1.5605100782711152,23.18997546518149,18526345.33,15824614.470000004,16132814.259999998,,2199163.79,17,4.08374480839735,2,25.153154175931334,2.6204840160422907e-05,0.0065256876556957005,11.81399917602539
GD,2025-08-15,GENERAL DYNAMICS INFORMATION TECHNOLOGY INC.,13.27263581279774,0,1.5687156521332937,20.355716250757077,54930473.99,26049495.67,18526345.33,,24365270.24,36,3.1247137176516606,3,25.147943501343278,0.0002918489524030794,0.07215387579574283,11.81399917602539
GD,2025-08-18,"GENERAL DYNAMICS INFORMATION TECHNOLOGY, INC.",13.312370540310203,0,1.5562283058099122,17.91804631363687,54930473.99,16210021.212,18526345.33,,2705402.5,46,2.8037718220942818,5,25.141113066372238,3.262760630862922e-05,0.007981941015568653,11.81399917602539
GD,2025-08-19,"GENERAL DYNAMICS INFORMATION TECHNOLOGY, INC.",12.30245253805975,0,1.5620655927414009,20.048028916460872,54930473.99,19820480.86166667,26272821.375,,3505933.58,66,4.745446770064122,6,25.140762339476765,4.229697701386039e-05,0.010353249372407194,10.5840425491333
GD,2025-08-20,GENERAL DYNAMICS LAND SYSTEMS INC.,11.92041151011436,0,0.5742025134212091,17.804525778162027,54930473.99,18511703.26857143,32602817.41,,3081094.0,84,5.631277184206283,7,25.149714984820367,3.684024492952842e-05,0.00912002519289244,11.274547576904297
GD,2025-08-21,GENERAL DYNAMICS LAND SYSTEMS INC.,12.25631840678869,0,0.5429869120025368,19.04900356019765,54930473.99,21806454.38375,33311057.415,,4479629.69,94,6.111015442414969,8,25.153122580495335,5.338014818229484e-05,0.013243542395067403,11.274547576904297
GD,2025-08-22,"GENERAL DYNAMICS INFORMATION TECHNOLOGY, INC.",11.174530708635857,0,0.5808672171698,15.955856815249447,54930473.99,21032464.263333336,32602817.41,,18130644.55,118,7.276973751991035,9,25.150125871749665,0.00021669673031277553,0.05377183556473512,11.274547576904297
GD,2025-08-25,"GENERAL DYNAMICS INFORMATION TECHNOLOGY, INC.",11.077208561422337,0,0.573856976288637,16.874608914312983,54930473.99,16020262.55909091,25614415.5,,320000.0,131,7.629481011039262,11,25.159809273128705,3.7877703946405203e-06,0.0009481692683775408,13.235014915466309
GD,2025-08-26,"GENERAL DYNAMICS INFORMATION TECHNOLOGY, INC.",10.84575022551193,0,0.5831643749328904,12.52074257740068,54930473.99,16397339.403333334,25684510.585,,9656297.0,150,6.495684156507899,12,25.160685153350542,0.00011419941835303775,0.0286319462107072,12.70370101928711
GD,2025-08-27,"GENERAL DYNAMICS INFORMATION TECHNOLOGY, INC.",11.317955798732603,0,0.5739041568493813,10.759731944780128,75720524.67,19370478.81307692,25754605.67,,206963.8,164,9.230122451527858,13,25.16781818323677,2.4302437293209244e-06,0.000618248002261492,12.70370101928711
GD,2025-08-28,"GENERAL DYNAMICS INFORMATION TECHNOLOGY, INC.",11.506381952118328,0,0.5734224299798543,7.578353494714985,90888248.45000002,24449115.41285714,29178711.54,,8658119.51,176,9.123148320718144,14,25.177947279849665,0.00010064217339157644,0.02586264823376148,11.351302146911621
GD,2025-08-29,"GENERAL DYNAMICS ORDNANCE & TACTICAL SYSTEMS, INC.",11.62318956231827,0,0.5668633690394635,4.875805034836045,106884803.57,25989607.594,32602817.41,,37097656.2,201,10.055353656905618,15,25.17625602638789,0.0004319539053429852,0.11096823769943122,11.351302146911621
GD,2025-09-03,"GENERAL DYNAMICS INFORMATION TECHNOLOGY, INC.",12.303350794235502,0,0.5788387285513061,9.608168416242588,118522919.76,30097630.58235294,32602817.41,,863961.86,221,9.594354592712095,17,25.17465439347655,1.0075835856149902e-05,0.0025777647599186946,11.454519271850586
GD,2025-09-04,GENERAL DYNAMICS LAND SYSTEMS INC.,13.167357987144968,0,0.578493118869802,6.36537729163684,118522919.76,30498410.218888886,33311057.415,,31828062.0,237,8.306233675291619,18,25.169771802861007,0.0003730071791655693,0.09480443377323679,11.53127384185791
GD,2025-09-05,"GENERAL DYNAMICS INFORMATION TECHNOLOGY, INC.",13.860091952046115,0,0.5440455387501424,8.845679940987973,233422890.47,40803645.43631579,34019297.42,,3429597.91,257,9.357874047960111,19,25.16862486179234,4.0239104881041086e-05,0.010172635356223722,11.896360397338867
GD,2025-09-08,"GENERAL DYNAMICS INFORMATION TECHNOLOGY, INC.",14.74669544386109,0,0.5414978314284974,7.916308732470046,233422890.47,39022611.381,33311057.415,,6643753.07,265,9.387008310554812,20,25.16992668105299,7.7849031691529e-05,0.019706521484010236,11.896360397338867
GD,2025-09-09,"GENERAL DYNAMICS INFORMATION TECHNOLOGY, INC.",15.302696368849734,0,0.5551331373023095,4.788780858209972,233422890.47,37456738.61095239,32602817.41,,5073760.86,289,7.344681840014221,21,25.169492865421287,5.9478242898287023e-05,0.015053082232889512,13.531736373901367
GD,2025-09-10,"GENERAL DYNAMICS MISSION SYSTEMS, INC.",14.68878329359331,0,0.555038412992553,6.156492157162717,233422890.47,37350965.46136364,33311057.415,,913312.23,309,5.166600749746287,22,25.165176414501936,1.0752811196652614e-05,0.002703898600488905,13.531736373901367
GD,2025-09-11,"GENERAL DYNAMICS MISSION SYSTEMS, INC.",12.402818195770935,0,0.6669964615235037,8.396980971053033,233422890.47,42869385.49043479,34019297.42,,5777340.77,327,9.18589752925185,23,25.170514999515827,6.765691852817171e-05,0.0173013960570594,11.896360397338867
GD,2025-09-12,GENERAL DYNAMICS LAND SYSTEMS INC.,13.598705466488449,0,0.7063256899421764,8.233318089063378,233422890.47,42391140.3975,38152803.97,,1431968.49,341,6.192089427036173,23,25.19064840555661,1.6435157240349448e-05,0.00428469642520965,11.896360397338867
GD,2025-09-15,"GENERAL DYNAMICS INFORMATION TECHNOLOGY, INC.",13.310326454222654,0,0.6779081809491472,8.831647362597206,233422890.47,42303274.3988,40299454.99,,5759013.449999999,331,7.046406908001135,21,25.18006511650239,6.680127608459079e-05,0.017305458666916053,11.896360397338867
GD,2025-09-17,"GENERAL DYNAMICS MISSION SYSTEMS, INC.",13.90252849104172,0,0.6710627390223419,5.678610012989129,233422890.47,40227470.302962966,40299454.99,3.349738068718944,6452436.0,362,5.9719154110209125,22,25.18083143817463,7.478724968389105e-05,0.01934723799470736,12.664645195007324
GD,2025-09-18,GENERAL DYNAMICS LAND SYSTEMS INC.,14.151680970857416,0,0.6739134516184279,4.598689067727982,233422890.47,39540091.90214286,39413797.54000001,3.321261362878684,8416897.899999999,364,6.933843572787634,22,25.177394253231878,9.789233013928244e-05,0.025116089340699765,12.664645195007324
GD,2025-09-19,"GENERAL DYNAMICS INFORMATION TECHNOLOGY, INC.",14.324286459280632,0,0.6699483712730302,1.6007830563467245,233422890.47,43048113.28586207,40299454.99,3.550112337533301,6487939.34,373,4.3092826653999605,22,25.17520903265014,7.56227414271854e-05,0.019321709756673106,12.664645195007324
GD,2025-09-22,"GENERAL DYNAMICS OTS (WILKES BARRE), LLC",14.827419263246131,0,0.649379779384334,-0.2523096940754143,233422890.47,42105841.23258065,40299454.99,3.7295015060931433,90919555.92,342,2.013243290179334,21,25.175210328774135,0.0010597474477013814,0.26772725368439204,12.331110954284668
GD,2025-09-23,"GENERAL DYNAMICS INFORMATION TECHNOLOGY, INC.",14.635555099880191,0,0.6498708158884017,0.2544535447062799,498096728.9800001,55419923.6578125,41292882.755,3.597654137596556,2497813.11,372,3.581017513988982,22,25.169308325457806,2.9286550505523935e-05,0.00739135067572952,14.553378105163574
GD,2025-09-24,"GENERAL DYNAMICS INFORMATION TECHNOLOGY, INC.",14.486789650672671,0,0.6313826891975808,0.711720562041652,498096728.9800001,58945100.14030302,42286310.52,3.42709938644733,16748392.9,399,4.230397319575775,22,25.17098042215483,0.00019604476013083952,0.05017323136807848,14.88691234588623
GD,2025-09-25,GENERAL DYNAMICS LAND SYSTEMS INC.,14.200951426987318,0,0.5897413834635848,-1.6968177871357746,498096728.9800001,60349875.481470585,44097019.845,3.3113366822647663,720692.0,417,3.9369146321830417,22,25.17227918218738,8.424958212695558e-06,0.0021456700655171717,14.553378105163574
GD,2025-09-26,"GENERAL DYNAMICS INFORMATION TECHNOLOGY, INC.",12.157817023452068,0,0.7165849039440153,1.8132041805212644,498096728.9800001,66763866.5162857,45907729.17,3.075632012618759,34477271.04,434,6.004192423719123,22,25.17477889990956,0.0004020363520479226,0.10315588207401134,14.88691234588623
GD,2025-09-27,"GENERAL DYNAMICS INFORMATION TECHNOLOGY, INC.",11.53990242760441,0,0.7165849039440153,1.8132041805212644,498096728.9800001,69679099.77722222,46046689.760000005,3.075632012618759,2868675.0,447,6.004192423719123,22,25.192831568292124,3.285289268154068e-05,0.008571725644422016,14.88691234588623
GD,2025-09-28,"GENERAL DYNAMICS INFORMATION TECHNOLOGY, INC.",11.53991285593705,0,0.7165849039440153,1.8132041805212644,498096728.9800001,67901579.13135134,45907729.17,2.890094828694288,528000.0,425,6.004192423719123,22,25.192831568292124,6.046808138200905e-06,0.001577686960096499,15.292402267456055
GD,2025-09-30,"GENERAL DYNAMICS MISSION SYSTEMS, INC.",8.651654704655499,0,0.9168453122412934,0.5256856803768741,498096728.9800001,75545950.55666666,45907729.17,2.559440163699677,424337.0,435,8.102314347811301,23,25.19835603865105,4.832856734072455e-06,0.0012452793365271147,15.292402267456055
GD,2025-10-02,"GENERAL DYNAMICS INFORMATION TECHNOLOGY, INC.",8.635725679254215,0,0.9003557754431188,-1.4919191668038252,498096728.9800001,77076463.56414634,46185650.35,2.3084994273889623,11230.35,482,6.164734761667011,25,25.223858092681837,1.2468405255617285e-07,3.258477883292665e-05,15.6614990234375
GD,2025-10-08,"GENERAL DYNAMICS INFORMATION TECHNOLOGY, INC.",6.9455404561669765,0,0.9416138375924176,-2.9067893025722675,498096728.9800001,73529789.22651163,45907729.17,2.647049281722839,11366.77,437,6.6611139971304745,23,25.231692435928267,1.2521382382260647e-07,3.3400147275217594e-05,14.958868026733398
GD,2025-10-10,"GENERAL DYNAMICS MISSION SYSTEMS, INC.",10.794967981755187,0,1.047633549773293,-4.766089917441118,498096728.9800001,71979818.75340909,44097019.845,2.9924271146598125,450939.77,398,7.168639004260236,22,25.22976879390684,4.977017549309745e-06,0.0013344295586144473,14.285334587097168
GD,2025-10-14,"GENERAL DYNAMICS MISSION SYSTEMS, INC.",9.949559290068043,0,1.0476329949770105,3.067627867561697,498096728.9800001,67430932.35148935,40299454.99,3.3679465921732583,2400000.0,335,7.826872839538357,22,25.209402841922664,2.703377503204816e-05,0.007194730621156569,14.618868827819824
GD,2025-10-21,"GENERAL DYNAMICS MISSION SYSTEMS, INC.",8.274612686963167,0,1.1463631935819056,4.645826884955032,498096728.9800001,63124446.97627451,34019297.42,3.4744690993168867,3341583.0,252,3.604969499866505,21,25.21774151787842,3.7327273215075364e-05,0.010523837050073395,14.618868827819824
GD,2025-10-24,"GENERAL DYNAMICS INFORMATION TECHNOLOGY, INC.",5.163157832568532,0,1.2547661035844986,9.250131672220997,498096728.9800001,59915620.03814815,30254787.955,3.3756894638283663,94762.97,207,5.618440153924632,21,25.230442471507224,1.045193553135174e-06,0.0002993822157702322,14.102604866027832
GD,2025-10-28,"GENERAL DYNAMICS INFORMATION TECHNOLOGY, INC.",6.4038277088633855,0,1.2400317691027265,6.750214860537909,498096728.9800001,57901229.71196429,27551055.36,3.5475920453521685,3602.24,119,2.1686963432115736,19,25.269923113298912,3.819306202801532e-08,1.106896831652835e-05,15.042635917663574
GD,2025-10-30,"GENERAL DYNAMICS INFORMATION TECHNOLOGY, INC.",7.027437179555163,0,1.262581418985177,6.97458528213393,498096728.9800001,56079870.61827586,26474978.945,3.650621857802792,27204.97,103,2.1669875846810798,19,25.240405072581762,2.970842357209335e-07,8.224026339472178e-05,15.042635917663574
GD,2025-11-04,"GENERAL DYNAMICS MISSION SYSTEMS, INC.",7.39825510999772,0,1.2427830449861268,12.522166650061564,498096728.9800001,53480145.95426229,25614415.5,3.9361986949042103,6276139.0,70,3.0641478576468373,19,25.235706712620804,6.88595818756217e-05,0.018515302470955352,15.279839515686035
GD,2025-11-05,"GENERAL DYNAMICS INFORMATION TECHNOLOGY, INC.",7.573633398531965,0,1.2271509577082724,8.88561298106869,498096728.9800001,52922094.59790322,23846791.015,3.870540808885395,7393639.05,74,3.962476750406996,20,25.24037590568554,8.07425140835575e-05,0.021690067792163925,15.573949813842773
GD,2025-11-06,"GENERAL DYNAMICS MISSION SYSTEMS, INC.",8.398708717104508,0,1.2156422536655682,8.929731227858852,498096728.9800001,52166889.99968253,22079166.53,3.81416336204462,60000.0,77,3.425644693888219,21,25.238744175875425,6.563022975761395e-07,0.00017559358069623357,16.081466674804688
GD,2025-11-17,"GENERAL DYNAMICS INFORMATION TECHNOLOGY, INC.",7.929306705061179,0,1.1559833989902293,12.182862344215351,498096728.9800001,48125518.94188406,19156453.12,3.6833685687536937,116382.43,81,3.965536024855254,19,25.242644241110245,1.2680790225839364e-06,0.00033185489217548467,15.799439430236816
GD,2025-11-24,"GENERAL DYNAMICS MISSION SYSTEMS, INC.",9.094373998799156,5,0.9115057747184228,11.256752149895188,498096728.9800001,44687805.83533333,18526345.33,3.6775141494383576,735789.52,80,0.6772689313554014,20,25.23122123171873,8.109114733704033e-06,0.0020470127040738252,16.983463287353516
GD,2025-12-08,"GENERAL DYNAMICS MISSION SYSTEMS, INC.",9.782678011660018,16,1.0121870818677323,5.523777079164539,498096728.9800001,42713226.85607142,18577781.155,2.823808296453921,11012184.02,105,-0.8007036068556239,19,25.222278560194525,0.00012245515162118646,0.02923074896608188,14.919290542602539
GD,2025-12-09,"GENERAL DYNAMICS INFORMATION TECHNOLOGY, INC.",10.35414650931754,16,0.98373955938867,6.174320804616395,498096728.9800001,42425548.4817647,18629216.98,2.75295213168629,7656279.26,111,-0.956142024909168,20,25.218417175828055,8.546697718250803e-05,0.020064881285238027,15.370332717895508
GD,2025-12-10,GENERAL DYNAMICS INFORMATION TECHNOLOGY INC.,7.787386570504262,17,1.1217437634725005,7.91319559360679,498096728.9800001,42034802.26127906,18577781.155,2.703653514761582,2758560.0,123,0.844637308084506,21,25.213225133004155,3.095407911478675e-05,0.00719236923360178,15.093160629272461
GD,2025-12-11,"GENERAL DYNAMICS INFORMATION TECHNOLOGY, INC.",8.024121413662822,18,1.1098032879874604,6.958438958843338,498096728.9800001,43715632.506091945,18629216.98,2.64768037058506,1287654.5,136,0.6023047051763042,21,25.236759197046062,1.4112829329798423e-05,0.003339062469071474,15.093160629272461
GD,2025-12-12,"GENERAL DYNAMICS MISSION SYSTEMS, INC.",9.30125003206619,19,1.087310028819673,8.559774263530294,498096728.9800001,43648027.21045455,18773244.79,2.5610605711155245,43154461.62,148,1.207796425542207,22,25.234565292371332,0.0004740162641483654,0.11182123002604472,15.093160629272461
GD,2025-12-16,"GENERAL DYNAMICS INFORMATION TECHNOLOGY, INC.",9.30125003206619,21,1.1198054686188132,5.668867422896762,498096728.9800001,43777801.13455556,18773244.79,2.4562729051342997,1166894.62,156,3.25186559940307,21,25.23224913100937,1.2847099091638118e-05,0.0030662087150529482,14.642118453979492
GD,2025-12-18,"GENERAL DYNAMICS INFORMATION TECHNOLOGY, INC.",9.34984920810309,23,1.1158659792663852,6.975062193322135,498096728.9800001,43221125.17489131,18773244.79,2.322407840723778,15446420.23,171,2.3727967903717677,22,25.219606854677867,0.00017222323917110902,0.040895447256896464,15.795793533325195
GD,2025-12-19,"GENERAL DYNAMICS INFORMATION TECHNOLOGY, INC.",8.698964720914915,24,1.1008292237331092,5.557941190909997,498096728.9800001,46013665.19784947,18917272.6,2.273762411624352,15334357.32,190,1.3307773035728498,22,25.2223674728424,0.00017050242686190956,0.040835450216962985,15.344749450683594
GD,2025-12-22,"GENERAL DYNAMICS INFORMATION TECHNOLOGY, INC.",6.863108487587288,25,1.1649906718796663,7.555419314280874,498096728.9800001,47481603.77308512,19036862.86,2.223348613211293,2496013.08,195,1.1721193402823848,20,25.228337571085063,2.7587926620224885e-05,0.006483216555269224,14.098365783691406
GD,2025-12-23,"GENERAL DYNAMICS MISSION SYSTEMS, INC.",7.282679433960748,26,1.1579229394720585,6.518827566807572,498096728.9800001,47026584.52273685,18917272.6,2.1718947613449133,13168780.75,202,0.0035439446688378,21,25.245371095952994,0.00014309359885864928,0.0341025831357229,12.977325439453125
GD,2025-12-31,"GENERAL DYNAMICS INFORMATION TECHNOLOGY, INC.",9.570716665578315,33,0.980274688047028,1.9168701902639853,498096728.9800001,45327887.29839999,18773244.79,2.0412553574456616,1417167.93,211,-4.247921616340511,21,25.22866178922139,1.56585922413339e-05,0.0038130361969127592,14.191316604614258
GD,2026-01-05,"GENERAL DYNAMICS INFORMATION TECHNOLOGY, INC.",3.746417943791691,38,1.3047795768297008,7.529576851619057,498096728.9800001,44928266.60480391,18773244.79,2.012679929160418,6950000.0,181,0.6111581063668936,18,25.24017216379349,7.59132022309234e-05,0.01874029914833252,12.438793182373047
GD,2026-01-06,"GENERAL DYNAMICS MISSION SYSTEMS, INC.",2.265193848492819,39,1.2832694548875372,9.30158030569952,498096728.9800001,44377559.96475727,18917272.6,1.9909938556921687,1906524.59,185,2.315025513856983,19,25.274970208308453,2.011232690280506e-05,0.00504836752663861,12.966690063476562
GD,2026-01-09,"GENERAL DYNAMICS MISSION SYSTEMS, INC.",4.235993031562857,42,1.5840414644956755,8.639990431356239,498096728.9800001,43566749.88669811,18773244.79,2.069494371357948,3745125.33,186,0.3636819820081349,20,25.26331509387381,3.997127633023963e-05,0.009396460774365938,7.824559211730957
GD,2026-01-12,"GENERAL DYNAMICS INFORMATION TECHNOLOGY, INC.",2.2000238492399182,42,1.631213473983079,10.63979333211531,498096728.9800001,43307015.88373831,18629216.98,2.078864828241869,639700.42,152,3.886343879785193,18,25.27026234873785,6.780178718205317e-06,0.0015773085903130013,6.976401329040527
GD,2026-01-14,"GENERAL DYNAMICS INFORMATION TECHNOLOGY, INC.",0.7871014342769156,43,1.5927865099037992,7.541803088533694,498096728.9800001,42572751.144495405,18526345.33,2.129277670334838,5713051.96,163,6.30805283833098,20,25.29650505678366,5.898418952798185e-05,0.013854364245154549,5.9499735832214355
GD,2026-01-15,"GENERAL DYNAMICS INFORMATION TECHNOLOGY, INC.",0.0517444939078126,44,1.5640322808597635,8.647717917821751,498096728.9800001,42236503.82399999,17471838.044999998,2.1698395635282,112819020.9,163,5.917876285912315,20,25.303909539973397,0.0011562028687151266,0.27224768007547456,7.774604797363281
GD,2026-01-21,"GENERAL DYNAMICS MISSION SYSTEMS, INC.",0.5044103722933624,48,1.691735625621985,9.193795144451178,498096728.9800001,42541823.88482455,18577781.155,2.444776226457098,880753.23,127,4.921354465076644,20,25.289148742498234,9.16044335752983e-06,0.0020540561093457164,6.150692939758301
GD,2026-01-22,"GENERAL DYNAMICS INFORMATION TECHNOLOGY, INC.",0.2159377969849663,48,1.6628945151215375,8.770445088772828,498096728.9800001,42215913.21226086,18526345.33,2.492748112606926,7452164.65,130,2.686853508976683,20,25.304647378518368,7.631566953564897e-05,0.017389798937071925,6.150692939758301
GD,2026-01-26,"GENERAL DYNAMICS MISSION SYSTEMS, INC.",0.8472191563114073,50,1.671735890365242,6.833604064573118,498096728.9800001,41591516.7936752,18526345.33,2.5912368587310164,2325000.0,123,4.168452008188517,20,25.300499230186997,2.390868841253234e-05,0.005548552661764182,6.150692939758301
GD,2026-01-28,"GENERAL DYNAMICS INFORMATION TECHNOLOGY, INC.",2.646633644936625,52,1.7815841198898783,3.668164733146508,498096728.9800001,41206124.16873948,18629216.98,2.659122258840846,356309.63,144,1.3147678178580424,21,25.309678802944266,3.630560826618491e-06,0.0008455269322737979,6.150692939758301
GD,2026-01-29,"GENERAL DYNAMICS INFORMATION TECHNOLOGY, INC.",4.620652878838949,53,1.8425639432291103,2.4499872793287025,498096728.9800001,41356579.02983333,18773244.79,2.659122258840846,28333312.790000003,162,-0.1784223695390441,21,25.28318841099126,0.0002964477403324297,0.0662422947775659,6.394199371337891
GD,2026-01-30,"GENERAL DYNAMICS MISSION SYSTEMS, INC.",4.280954489762401,54,1.827057703809288,3.493949149235089,498096728.9800001,43023583.629090905,18917272.6,2.659122258840846,139882743.76,182,1.5543190550449948,21,25.26413978102069,0.0014917211432810384,0.3258316972869721,9.155198097229004
GD,2026-02-02,"GENERAL DYNAMICS INFORMATION TECHNOLOGY, INC.",5.701993105541536,55,1.810982502056265,0.9356988891410668,498096728.9800001,44760127.72139344,19036862.86,2.710168887776888,52000.0,201,-2.03511744620517,20,25.267392017255464,5.527317581785118e-07,0.00011991505682662298,7.047776699066162
GD,2026-02-04,"GENERAL DYNAMICS INFORMATION TECHNOLOGY, INC.",3.608123893046456,57,1.696243526557855,5.232542377888415,498096728.9800001,44477910.31419355,19036862.86,2.7378934755353552,3602.24,218,1.593396568659422,22,25.27934010714729,3.78350863705582e-08,8.176745908155804e-06,6.921131134033203
GD,2026-02-09,"GENERAL DYNAMICS INFORMATION TECHNOLOGY, INC.",1.6717582815278131,60,1.4338011591847242,7.318883413895971,498096728.9800001,43605036.03653544,18917272.6,2.7004082965780487,100000.0,208,0.6931793648959239,20,25.292647895353298,1.036436230975325e-06,0.000223956905994177,5.911916732788086
GD,2026-02-10,"GENERAL DYNAMICS INFORMATION TECHNOLOGY, INC.",2.031607997395235,61,1.3667167736332813,5.5777243432208135,498096728.9800001,43340718.6128125,18773244.79,2.6587247514984926,801229.47,220,1.5254693336995029,21,25.292731191279056,8.303540840403548e-06,0.0017907407490226057,6.097557544708252
GD,2026-02-11,"GENERAL DYNAMICS INFORMATION TECHNOLOGY, INC.",5.711156470774736,62,1.5614334087233332,0.9564693539077638,498096728.9800001,42962142.344806194,18629216.98,2.655028315766617,5278325.8,228,-2.1944663819229997,22,25.28919811181391,5.489553240345359e-05,0.011831311414704278,5.79505729675293
GD,2026-02-12,"GENERAL DYNAMICS INFORMATION TECHNOLOGY, INC.",7.445343907100455,63,1.5748591684219322,0.7580142191824235,498096728.9800001,42673621.60838462,18577781.155,2.657095476293893,1379436.85,226,-2.301975164240766,22,25.25377032366932,1.4863761380603413e-05,0.0030533367820315418,6.3219895362854
GD,2026-02-13,GENERAL DYNAMICS LAND SYSTEMS INC.,5.3158462820159125,64,1.6451617878654727,3.441582097898798,498096728.9800001,42506420.54946565,18629216.98,2.6525473902091083,7226277.0,232,-0.5881822050665342,22,25.23749846991915,7.914222986719209e-05,0.01580310478207795,6.836906909942627
GD,2026-02-19,"GENERAL DYNAMICS MISSION SYSTEMS, INC.",3.324492677649737,67,1.6738207242442351,3.3382988039709627,498096728.9800001,42094383.45492537,18773244.79,2.41011184008267,267960.0,238,-0.3902544165384158,21,25.262824341314257,2.8613089966864457e-06,0.0005777068760879369,7.198301792144775
GD,2026-02-23,"GENERAL DYNAMICS INFORMATION TECHNOLOGY, INC.",8.008096266436283,69,1.677525054211245,2.0390133927864493,498096728.9800001,42105418.85139707,18773244.79,2.283720988147275,3333903.0,231,1.2862413579634469,19,25.268331568716626,3.54042984155368e-05,0.007219135723345145,6.770604610443115
GD,2026-02-24,"GENERAL DYNAMICS INFORMATION TECHNOLOGY, INC.",8.291188295828732,70,1.6866687149346402,1.209714025614983,498096728.9800001,42283107.76642336,18917272.6,2.240047041518653,770565.0,237,1.2573170887293372,20,25.261364140899808,8.24020900309738e-06,0.0016804274954380037,6.770604610443115
GD,2026-02-26,"GENERAL DYNAMICS GLOBAL FORCE, LLC",8.43321362273901,72,1.7246457648375926,2.896038266727574,498096728.9800001,42229660.47517986,18917272.6,2.1427963751644263,451351.76,245,1.9173045547808296,21,25.244487939645108,4.908777300288612e-06,0.0009865877643333847,6.921131134033203
GD,2026-02-27,GENERAL DYNAMICS LAND SYSTEMS INC.,6.510850526331402,73,1.7175099915061738,4.934718991994468,498096728.9800001,42184544.15278572,19036862.86,2.090860427791182,50508514.17,249,6.722228958454379,21,25.266337620422117,0.0005374444549330898,0.10949568712982963,6.921131134033203
GD,2026-03-02,"GENERAL DYNAMICS INFORMATION TECHNOLOGY, INC.",4.253783626194552,75,1.7776031185005,7.599488503182217,498096728.9800001,43786690.4896454,19156453.12,2.0443285112720195,2138812.85,188,8.064671157655434,19,25.28422519839479,2.2354929357509074e-05,0.004631029518822289,6.394199371337891
GD,2026-03-04,"GENERAL DYNAMICS INFORMATION TECHNOLOGY, INC.",3.872219783506536,77,1.6550028399620962,8.645490106127074,498096728.9800001,44311515.34636364,19156453.12,1.9429613774098355,313000.0,205,7.180386188090315,21,25.305424563529897,3.2028609714522574e-06,0.0006642844018833124,6.394199371337891
GD,2026-03-05,"GENERAL DYNAMICS INFORMATION TECHNOLOGY, INC.",5.433031614446615,78,1.6889122997796318,6.1640002575851,498096728.9800001,44128044.88736112,19128461.795,1.94367118971896,32323167.0,203,7.716274069914397,21,25.309310573433883,0.000329473115961377,0.0686440676775926,6.394199371337891
GD,2026-03-06,"GENERAL DYNAMICS MISSION SYSTEMS, INC.",4.623782417574773,78,1.6908775357181172,9.532129999980832,498096728.9800001,44140412.05868965,19156453.12,1.9597007900653,1919450.14,208,9.975246152621809,21,25.294396081294515,1.9859128872596406e-05,0.004065420999251894,6.1000895500183105
GD,2026-03-09,"GENERAL DYNAMICS INFORMATION TECHNOLOGY, INC.",5.060210789017283,79,1.6202305351095876,8.429502679458302,498096728.9800001,43968324.01041096,19128461.795,1.9867929071168409,627204.9299999999,197,9.137009706923047,19,25.302101170074895,6.439416923631135e-06,0.0013311344626688812,5.911916732788086
GD,2026-03-10,"GENERAL DYNAMICS INFORMATION TECHNOLOGY, INC.",6.948164416208846,80,1.6697762234764446,6.677341191191343,498096728.9800001,43998175.62748299,19156453.12,1.995306021220394,15617784.31,208,5.548351195764645,20,25.297938439339156,0.00016101426465277456,0.03293965482876283,6.394199371337891
GD,2026-03-11,"GENERAL DYNAMICS INFORMATION TECHNOLOGY, INC.",8.874230176079468,81,1.6713597849947075,6.517490944364047,498096728.9800001,43970017.08560811,19388599.54,1.995938053542412,192761.1,214,5.618894770162852,21,25.280127788858582,2.023016362568e-06,0.0004096637626035572,6.921131134033203
GD,2026-03-13,"GENERAL DYNAMICS INFORMATION TECHNOLOGY, INC.",11.705780898163765,83,1.4347923489108527,9.306420419075744,498096728.9800001,43736824.54073334,19807184.91,1.9942697169126569,2019903.11,216,6.021703878729145,21,25.279114916455853,2.1220246391159456e-05,0.004304321438341622,6.438848972320557
GD,2026-03-16,"GENERAL DYNAMICS INFORMATION TECHNOLOGY, INC.",11.963784496795382,84,1.3766147909005484,10.133031622107236,498096728.9800001,43764630.0307947,19993623.86,1.9689048658729824,11409455.23,211,6.585856924135857,19,25.268616056648376,0.00012112795631491594,0.024418483616210795,6.144739151000977
GD,2026-03-17,"GENERAL DYNAMICS MISSION SYSTEMS, INC.",10.21025734459049,85,1.3279908443217074,9.733303002439886,498096728.9800001,43607798.28638158,20147903.77,1.942883652554768,2785198.17,221,6.137743282128372,20,25.276662709393975,2.9331951993665473e-05,0.005940851363816713,7.834853172302246
GD,2026-03-18,"GENERAL DYNAMICS INFORMATION TECHNOLOGY, INC.",12.280633565678857,86,1.273412044107949,9.772162580849296,498096728.9800001,43468998.00398693,20302183.68,1.947683391843564,235445.0,235,7.11120163367156,21,25.28209445583038,2.4661265507391484e-06,0.0005017422758123773,7.939127445220947
GD,2026-03-23,"GENERAL DYNAMICS GLOBAL FORCE, LLC",14.216787834629564,89,1.2635625541678912,6.15300717155236,498096728.9800001,44821508.35083333,20594263.555,1.956761678940264,1451204.83,220,5.914904836735812,20,25.252152124960503,1.566240288338946e-05,0.003070578811838971,8.760171890258789
GD,2026-03-24,"GENERAL DYNAMICS MISSION SYSTEMS, INC.",14.59285008851472,90,1.2559285212336446,3.789726701758289,498096728.9800001,44564117.50764331,20302183.68,1.9722762625235188,2854453.67,226,5.782648556880387,21,25.256739885468356,3.066621917753088e-05,0.006048507730990286,8.760171890258789
GD,2026-03-25,"GENERAL DYNAMICS INFORMATION TECHNOLOGY, INC.",12.554563723029144,91,1.2071648426793853,5.507766055332719,498096728.9800001,44919831.76797468,20594263.555,1.9658214398858385,1071000.0,244,8.022330061765825,22,25.25345276351041,1.1543946002052488e-05,0.002246739528349932,8.760171890258789
GD,2026-03-26,"GENERAL DYNAMICS INFORMATION TECHNOLOGY, INC.",11.673850521785468,92,1.1175910629342245,8.114512090216708,498096728.9800001,44880237.94742138,20886343.43,1.9414136739027616,2079470.22,261,10.73340968035782,22,25.271400060756037,2.2015224010653165e-05,0.004296524097481719,9.276435852050781
GD,2026-03-27,"GENERAL DYNAMICS INFORMATION TECHNOLOGY, INC.",15.226677870393246,93,1.168314491449412,6.479889292419527,498096728.9800001,45088654.151375,20982996.555,1.9153377116123689,6400664.36,264,10.015617858350334,22,25.279255601573535,6.723320890411914e-05,0.013113663462484767,8.760171890258789
GD,2026-03-31,GENERAL DYNAMICS INFORMATION TECHNOLOGY INC.,16.415140994880307,95,1.1084003472124415,3.0414369078371584,498096728.9800001,45363002.83179013,21117753.700000003,1.8740221492212892,3836551.33,240,4.901423785932924,21,25.239301270508033,4.194225189769418e-05,0.007689890032499483,9.276435852050781
GD,2026-04-01,"GENERAL DYNAMICS MISSION SYSTEMS, INC.",13.987402578098296,96,1.227108868006288,4.140996829221844,498096728.9800001,45871986.59484663,21155857.720000003,1.8801640262763253,12285572.93,259,3.450706973396989,22,25.246406477888673,0.0001333584051615192,0.024392680150361043,8.760171890258789
GD,2026-04-02,"GENERAL DYNAMICS MISSION SYSTEMS, INC.",14.457602290432025,97,1.1916316543950574,4.437019670012887,498096728.9800001,46190513.00463415,21617512.125,1.8760212680264503,4140989.48,268,2.115873601936658,22,25.26748114341468,4.4012546307500436e-05,0.008299460214901903,8.760171890258789
GE,2025-08-19,GENERAL ELECTRIC COMPANY,19.255833212706165,0,1.4322005439071472,24.08447523252044,114425061.12,26298903.192,888063.95,,31134.52,8,5.602955575901602,5,26.36954890235868,1.0992401837138367e-07,1.888286152943037e-05,21.14072608947754
GE,2025-08-22,GENERAL ELECTRIC COMPANY,18.9873878045822,0,1.3157428275292518,21.20817747385016,114425061.12,16544601.816250002,517382.7849999999,,595410.0,15,-0.5803269649252254,8,26.370516998600717,2.10012965272822e-06,0.0003666126994649827,23.26934814453125
GE,2025-09-09,GENERAL ELECTRIC COMPANY,18.851453504381908,0,1.3906535555504629,21.16582652424954,114425061.12,7197350.651666667,517382.7849999999,,36874737.49,34,7.239340683758954,18,26.397466180123,0.0001266062189745039,0.02404216227305854,21.213905334472656
GE,2025-09-17,GENERAL ELECTRIC COMPANY,13.407690537510364,0,1.2685601383143044,23.534315898529368,114425061.12,7277019.262608697,530315.01,3.037711631121476,3433451.61,36,7.158119000863561,19,26.456953899345947,1.1107641246571027e-05,0.0023352585074434464,21.686914443969727
GE,2025-09-23,GENERAL ELECTRIC COMPANY,7.422451512311667,0,1.3447201372242812,31.288205360681044,114425061.12,7244741.607037038,530315.01,5.930936128976183,14767.99,33,12.107195782358597,18,26.484060332127534,4.6498626960283494e-08,1.0015609233685849e-05,20.56389808654785
GE,2025-10-01,GENERAL ELECTRIC COMPANY,8.985169740462817,0,1.4873873448701018,38.55658904837915,114425061.12,9889404.055151517,867310.93,8.75618639619284,58030.35,47,13.883755331424275,20,26.484616933758982,1.8261321406344897e-07,4.256310297660661e-05,20.472824096679688
GE,2025-10-08,GENERAL ELECTRIC COMPANY,9.05503053032808,0,1.293929895975544,37.49175623063187,114425061.12,9194160.313055556,766128.9099999999,8.699606791456384,29126568.7,43,5.962979340648111,19,26.487670483641036,9.137769428616438e-05,0.02244141636243047,21.56479263305664
GE,2025-10-27,GENERAL ELECTRIC COMPANY,10.642954767946543,0,1.5811798803012849,27.043208532460877,114425061.12,8489928.503023256,1003452.56,6.871591547720143,27675383.24,18,5.75285044169922,12,26.489385865683584,8.667613415411527e-05,0.02409658044079227,19.065898895263672
GE,2025-11-19,GENERAL ELECTRIC COMPANY,15.06395267839904,1,1.3928440003933769,9.586253286959431,114425061.12,8166385.089791667,1291826.97,5.571808507753015,536886.84,9,6.9539406623764455,8,26.468498125612815,1.7169596088471975e-06,0.00046442081369249706,22.95736312866211
GE,2025-11-25,GENERAL ELECTRIC COMPANY,17.95780529575046,5,1.3591492153050797,2.3193024174246624,114425061.12,7876798.338400001,1291826.97,5.105684064941417,350000.0,11,0.964838610979557,7,26.46185458954079,1.1267579090245538e-06,0.00029127703011328393,21.859296798706055
GE,2025-12-16,GENERAL ELECTRIC COMPANY,15.868980563980427,18,1.8570746347884757,8.077750750144853,208399999.92,10149959.615737705,1622560.01,4.402690099601907,1418122.6,25,-2.4435062590152823,14,26.485148695974747,4.460256627294899e-06,0.001154543528729913,17.99589729309082
GE,2025-12-18,GENERAL ELECTRIC COMPANY,14.732133835954198,20,2.005009957273836,7.734555307652943,208399999.92,10166660.252063492,1622560.01,4.043008528173281,851606.72,30,-1.7392661215692051,16,26.455474823717903,2.7591311715242012e-06,0.0006903854234345882,17.99589729309082
GE,2026-01-13,GENERAL ELECTRIC COMPANY,5.656567866863482,35,1.7723420418674862,14.612630416188033,497571308.76,20123451.378,2390319.45,4.501943209173649,4000000.0,43,3.934548548625205,15,26.560515946180022,1.166741053426318e-05,0.003044981317741358,14.801334381103516
GE,2026-01-27,GENERAL ELECTRIC COMPANY,16.226854709295147,41,2.5205385107558453,-1.8128503560156373,497571308.76,22113228.88439024,2435595.875,4.643951041838284,19945247.78,32,-6.717831396788587,14,26.4611075499564,6.42578872127368e-05,0.013717601854999859,15.019970893859863
GE,2026-02-05,GENERAL ELECTRIC COMPANY,14.972869189913071,44,2.443272137756489,8.197336361700458,497571308.76,21525385.07597701,2935659.15,4.201807125184696,23688.37,37,-1.468389649735602,17,26.50513188496539,7.303022827252891e-08,1.5275744141115496e-05,7.198808193206787
GE,2026-02-06,GENERAL ELECTRIC COMPANY,11.38631737652609,44,2.605375777217385,12.178791919752332,497571308.76,21281047.61340909,2708265.725,4.201807125184696,5326161.5,35,1.3754662819935426,17,26.498722317888273,1.6525912571697935e-05,0.003438177964479559,8.132661819458008
GE,2026-02-26,GENERAL ELECTRIC COMPANY,11.402526405227851,49,1.7209143213307212,14.236475338266596,497571308.76,20270983.18202021,3066067.0,3.694169398493482,3231820.55,27,13.171138458919952,17,26.611338582573868,8.959622994330965e-06,0.0019862171125162114,5.649458408355713
GE,2026-03-03,GENERAL ELECTRIC COMPANY,13.636297866159827,50,1.854752120226353,16.033301421678267,497571308.76,19584594.763235297,3106124.22,4.13612435497282,388710.0,27,16.182845305025474,16,26.619615857227586,1.0687433767190141e-06,0.00023253203023229936,5.649458408355713
GE,2026-03-10,GENERAL ELECTRIC COMPANY,16.119080819761255,53,1.8261869421547965,8.686706282256672,497571308.76,18723942.08682243,3000000.0,4.5005884819364335,109765.16,33,16.65366080243456,18,26.549718581006232,3.236445059147833e-07,6.431295687716271e-05,5.726212978363037
GE,2026-03-13,GENERAL ELECTRIC COMPANY,26.51474059585548,56,2.2958266651578003,-0.183055698442236,497571308.76,18335160.93918182,3033033.5,4.483133787388855,1169046.76,37,2.251863900058704,20,26.50125455411247,3.618122495009745e-06,0.0006940524130534436,6.654931545257568
GE,2026-03-18,GENERAL ELECTRIC COMPANY,25.980876949156915,57,2.1137611154939617,0.2577752086603047,497571308.76,18201189.20783784,3066067.0,4.397125460939809,2211982.62,32,1.951965879645212,18,26.486109410393226,6.950411955701339e-06,0.0013083681099485883,6.5200276374816895
HII,2025-08-14,HUNTINGTON INGALLS INCORPORATED,33.41396916245174,0,2.358223236072833,51.104150374013216,5911543.0,3014403.0,3409242.0,,11174.0,7,8.581778436969191,2,23.064784851413055,1.07473125671266e-06,9.343030390042702e-05,17.221580505371094
HII,2025-08-18,HUNTINGTON INGALLS INC,34.07213208896989,0,2.351570970235054,45.717080486491945,16320418.0,5592614.21,3409242.0,,31362.0,14,9.82741750307774,4,23.052911925662464,3.0524693324193462e-06,0.0002643245560349643,16.017616271972656
HII,2025-08-20,HUNTINGTON INGALLS INCORPORATED,34.32816745076865,0,2.1394152143383987,45.66675821896731,16320418.0,3677368.806666666,1492050.0,,38790.0,20,9.05182127279014,6,23.049714243208044,3.787529937861955e-06,0.00032552895429090227,22.810672760009766
HII,2025-08-22,HUNTINGTON INGALLS INC,32.89021918919881,0,2.1458542857877814,46.09425430537855,21416392.0,5455125.88625,1492050.0,,223752.0,29,10.277042806668122,8,23.053775463050254,2.1759026208933115e-05,0.00186745818873815,20.211658477783203
HII,2025-08-26,HUNTINGTON INGALLS INC,35.01221891889947,0,2.124982398308586,29.90946868276882,21416392.0,4443159.009000001,2569153.5,,1657500.0,36,12.037790991892836,10,23.06956134148749,0.0001586610582094177,0.014057398502786644,17.00244903564453
HII,2025-08-27,HUNTINGTON INGALLS INCORPORATED,34.24536487699106,0,2.13270909018415,29.80440552855601,21416392.0,4747212.462727273,3061148.0,,19712433.0,39,14.633229311462491,11,23.073321842761825,0.0018798529347954064,0.1675140350608388,15.381387710571289
HII,2025-08-28,HUNTINGTON INGALLS INCORPORATED,34.79157809816697,0,1.1952729026434168,27.9698440803267,264032285.0,26316528.67416667,3293042.5,,4976089.0,46,11.569058514454266,12,23.0902891644287,0.0004665551306546893,0.042231888449967614,17.402673721313477
HII,2025-09-03,HUNTINGTON INGALLS INC,48.51902445601824,0,0.7923559358449614,26.14899989673165,264032285.0,22829486.206000004,3547772.0,,1419877.0,53,11.73915944759003,15,23.07073985703702,0.0001357549615116187,0.012016563872488886,17.18465232849121
HII,2025-09-04,HUNTINGTON INGALLS INCORPORATED,53.15036626127545,0,0.7354224669635715,21.19223203243741,264032285.0,21666689.8575,4299430.5,,326754.0,66,10.394934926996816,16,23.069329874481483,3.128515039420983e-05,0.0027453084083273504,17.46331787109375
HII,2025-09-16,HUNTINGTON INGALLS INC,56.58632783119055,0,0.8921386339407964,18.886897763553613,264032285.0,17056278.977826085,5741363.0,1.9664807237992357,2812800.0,87,5.994383438982819,19,23.082937540791256,0.0002656724087215711,0.02386486687088751,20.743791580200195
HII,2025-09-23,HUNTINGTON INGALLS INC,55.688815299913294,0,0.831458777993701,19.105320136952944,264032285.0,14307465.759285714,5826453.0,2.8265178190959754,931807.0,95,8.070895692330083,19,23.094373855484566,8.700953350410467e-05,0.007781788050028439,17.481365203857422
HII,2025-09-24,HUNTINGTON INGALLS INCORPORATED,55.50240549552852,0,0.8349466715855914,19.13049270279661,264032285.0,13617716.022413792,5911543.0,2.901639357776996,248962.0,101,8.1996846809804,20,23.09383047702634,2.3260011332422096e-05,0.0020804697119931777,17.481365203857422
HII,2025-09-26,HUNTINGTON INGALLS INCORPORATED,54.79955322233903,0,1.1027821242846487,20.65754978341861,264032285.0,13289317.85451613,6947720.0,2.984389527904898,62372.0,103,5.026919020214815,20,23.099250399789568,5.795790590947433e-06,0.0005104807513932937,17.481365203857422
HII,2025-10-02,HUNTINGTON INGALLS INCORPORATED,52.907207100447984,0,1.296450071106096,13.730074707285825,264032285.0,13339294.958285714,7292442.0,2.487481973785623,12814.0,119,6.402811133671138,21,23.12942021802019,1.1553276023370487e-06,0.00010461813562768124,15.133041381835938
HII,2025-10-08,HUNTINGTON INGALLS INCORPORATED,48.380409399477145,0,1.3249603046927672,7.59615304572749,264032285.0,12076300.577948716,5911543.0,3.031624761260717,2085585.0,116,6.716813379018948,21,23.127214967178887,0.0001884543005671873,0.01700713525586727,16.877750396728516
HII,2025-10-14,HUNTINGTON INGALLS INCORPORATED,54.040041938744544,0,1.437097353675625,11.04431677239048,264032285.0,11541591.842439024,5741363.0,3.4077300503043126,1075999.0,97,10.378590164218116,19,23.136006511992342,9.637666772827751e-05,0.008800765090071896,13.987550735473633
HII,2025-10-16,HUNTINGTON INGALLS INC,59.097315638978266,0,1.5682651297098555,5.757349400337851,264032285.0,11105696.593953488,5451305.37,3.587848274607374,389528.0,100,2.5075896435540423,20,23.12574212969223,3.5249785954105794e-05,0.003114023293415189,15.60219669342041
HII,2025-10-22,HUNTINGTON INGALLS INCORPORATED,61.17438932034058,0,1.681822743499754,5.800541372974791,264032285.0,10377060.96826087,4299430.5,3.810408764313172,1668.0,87,3.8631662119252175,19,23.134720471534404,1.4959414817988628e-07,1.3421221295855292e-05,13.545829772949219
HII,2025-11-05,HUNTINGTON INGALLS INCORPORATED,49.0658142072365,0,2.271026550764839,20.484160807578373,264032285.0,9318225.12576923,3293042.5,4.0142185513237365,1890162.0,40,9.275778380565502,15,23.22883959156384,0.000154291560742858,0.015205431227711673,12.816637992858887
HII,2025-11-24,HUNTINGTON INGALLS INC,47.50741553257767,4,2.200604199888057,25.690407504317747,264032285.0,10813826.910491802,2717168.0,5.511603984905827,40000.0,33,10.491853968860877,12,23.1953308594793,3.3764147834431684e-06,0.00029686408455126376,14.855289459228516
HII,2025-11-25,HUNTINGTON INGALLS INCORPORATED,45.25307578483031,5,2.2084016107015865,26.23220652718608,730377721.0,22419696.17,2889158.0,5.511603984905827,18954.0,38,10.972303091847111,13,23.20972810399876,1.5770448126919607e-06,0.00014085770850640593,15.632719993591309
HII,2025-12-01,HUNTINGTON INGALLS INC,48.42584586534011,9,1.614535963892204,25.1654497758816,730377721.0,21905819.1959375,3293042.5,5.482513329726169,1333333.0,39,8.204895188281357,13,23.22599616702321,0.00010914821959913822,0.01002254112359348,12.941134452819824
HII,2025-12-09,HUNTINGTON INGALLS INCORPORATED,44.51432458903059,14,1.7886267013402384,20.7483245730876,730377721.0,21831488.473857146,3293042.5,5.189684587115421,31898.0,46,12.23162077502431,16,23.23317644982036,2.5925260233994995e-06,0.00023409372038029946,13.11796760559082
HII,2025-12-12,HUNTINGTON INGALLS INCORPORATED,39.22299171840704,17,1.7464882424056436,29.79143711562144,730377721.0,21608588.27630137,3524937.0,5.107579481891161,12050702.37,66,16.309138130518022,18,23.266917605348556,0.0009469312158261205,0.08826661325090444,11.9102144241333
HII,2025-12-18,HUNTINGTON INGALLS INCORPORATED,41.07424608228663,20,1.77824958988902,25.07571147118308,730377721.0,21186265.57844156,3547772.0,4.969854177304829,638262.0,76,14.44667485818103,19,23.250158229337195,5.100157246847338e-05,0.004811402704088064,13.231096267700195
HII,2026-01-20,HUNTINGTON INGALLS INCORPORATED,9.521115194469164,41,2.5413618794464723,53.54140897671294,730377721.0,19120220.632307693,3061148.0,7.750512787598081,7722.0,21,45.39850889955363,12,23.53201866028443,4.654831290817201e-07,4.449896237419268e-05,17.171079635620117
HII,2026-01-27,HUNTINGTON INGALLS INCORPORATED,7.653405455751017,46,2.338466692921624,46.130518548522616,730377721.0,18239685.578541663,2998548.0,8.814970922250568,522119.0,34,40.82360379694463,15,23.502616691526043,3.24125170426856e-05,0.0028553320238194034,13.811944007873535
HII,2026-01-29,HUNTINGTON INGALLS INC,6.385209382264012,47,2.212797576928991,51.66698441589786,730377721.0,17995791.101428572,2998548.0,8.814970922250568,187193.0,43,31.38700567638879,17,23.530820549251455,1.129754514008311e-05,0.0010351456345435858,7.71498966217041
HII,2026-01-30,HUNTINGTON INGALLS INC,8.237100720933022,48,2.273770877265291,51.13419622235709,1115311364.0,29079786.78727273,3061148.0,8.814970922250568,1669734.0,50,31.44927614435296,17,23.536539995632406,0.00010019772187371604,0.00928593954720805,8.031845092773438
HII,2026-02-02,HUNTINGTON INGALLS INCORPORATED,8.291185839232007,49,2.2482067812168607,49.11554616189853,1115311364.0,29380559.5294,3222136.5,8.814970922250568,60189.0,62,30.34377005153361,18,23.51928235546112,3.6747058654573907e-06,0.000334897064765042,7.102716445922852
HII,2026-02-04,HUNTINGTON INGALLS INC,10.167944887030478,49,2.3999915020330005,47.75932932656603,1115311364.0,29102329.949900992,3061148.0,9.013615181597162,2534171.0,66,33.19003474052214,19,23.540761791275653,0.00015143036563544063,0.013930453072524458,8.031845092773438
HII,2026-02-10,HUNTINGTON INGALLS INC,13.966455545352584,52,3.508112982377718,43.09070162390931,1115311364.0,29630535.008952383,3061148.0,9.163175596353431,1157995.0,65,24.607319213350756,18,23.48375574900472,7.325565368092371e-05,0.0059493514197108055,6.1715803146362305
HII,2026-02-11,HUNTINGTON INGALLS INCORPORATED,15.902175437179,52,3.4393836751897764,39.34437480596815,1115311364.0,29367353.03716981,2998548.0,9.09804926174244,3213810.0,68,22.88118318170677,19,23.467734276343624,0.00020659161884214653,0.016482188702786022,6.312568664550781
HII,2026-02-17,HUNTINGTON INGALLS INCORPORATED,8.931349841469238,55,3.57349236929059,48.89020624493996,1115311364.0,28717946.3480734,3383125.0,8.752527095994346,369462.5,72,31.990814960881742,18,23.51519170137086,2.264917397831639e-05,0.0018345213118034927,5.559307098388672
HII,2026-02-18,HUNTINGTON INGALLS INCORPORATED,7.12132892823294,55,3.546986225330317,50.837290401140045,1115311364.0,28472639.58127273,3222136.5,8.63219270073092,257671.0,79,33.90464307531051,19,23.512920642977868,1.5831929754204607e-05,0.0012667326758851638,5.559307098388672
HII,2026-02-25,HUNTINGTON INGALLS INC,4.492366084077037,58,3.6981934277420048,54.147435210817065,1115311364.0,27620764.71877193,2998548.0,8.429666921583292,1741996.0,87,36.91090669164978,19,23.582036444375813,9.988467333048373e-05,0.008256772882027497,7.101792335510254
HII,2026-02-26,HUNTINGTON INGALLS INCORPORATED,2.742176589221024,59,3.712364200305441,58.01086699412545,1115311364.0,27447326.251652174,3061148.0,8.373674737840025,1300980.0,89,40.0908970047424,19,23.55452449191075,7.667797049607489e-05,0.00609380498841805,12.424121856689453
HII,2026-03-03,HUNTINGTON INGALLS INC,0.0,62,3.7799502979598794,60.90588130750933,1115311364.0,26986809.5079661,3222136.5,8.27891609454347,8812.0,74,43.067163573273625,18,23.598468322832094,4.970383678630434e-07,4.0008361778665355e-05,11.811850547790527
HII,2026-03-04,HUNTINGTON INGALLS INCORPORATED,0.0,63,3.759511292047976,56.27736848909717,1115311364.0,26735769.621344537,3061148.0,8.236679421782213,95055.0,76,38.38156926976497,19,23.568490386741356,5.5247120127085115e-06,0.0004290735471791043,7.101792335510254
HII,2026-03-05,HUNTINGTON INGALLS INCORPORATED,1.996812731956199,64,3.7479239445302377,49.51572966039068,1115311364.0,26516120.83283333,2998548.0,8.1961650260265,300000.0,75,39.0562215885293,19,23.560967809544994,1.7568025240499525e-05,0.0013469863607258638,12.424121856689453
HII,2026-03-09,HUNTINGTON INGALLS INC,0.0,64,2.2504727072536594,55.31620429899036,1115311364.0,26048284.220819674,2998548.0,8.165846085694133,380932.0,75,37.22739977092542,18,23.542679298653155,2.2719132702085537e-05,0.0017049984466833289,8.962057113647461
HII,2026-03-11,HUNTINGTON INGALLS INC,3.454186137396209,66,2.305637966375747,49.79476224057032,1115311364.0,25642206.797903225,2911442.5,8.107967233668584,500000.0,80,28.590981529363468,20,23.515274511208542,3.0648981265421425e-05,0.00222055938599502,8.591347694396973
HII,2026-03-16,HUNTINGTON INGALLS INC,2.736497927438375,69,2.023159047695428,51.36479297860108,1115311364.0,27864699.69637795,2935948.0,8.143644228542065,451782.0,79,29.032121928630485,18,23.510953898594515,2.7813227056850592e-05,0.001997966346149215,7.71498966217041
HII,2026-03-24,HUNTINGTON INGALLS INC,2.3055186044772524,75,1.9134424871496287,42.102067023387264,1115311364.0,26773043.6762406,2935948.0,7.897616808739374,2360.0,73,18.602004898714675,20,23.463818596724717,1.5230180908196177e-07,1.0091704065426524e-05,7.809360980987549
HII,2026-03-31,HUNTINGTON INGALLS INCORPORATED,8.278496161646732,80,2.0580382913236823,36.3788824497671,1115311364.0,33396490.81847826,3222136.5,7.446051380836884,60032450.0,81,13.50541924892732,21,23.395400510876076,0.004148515566470346,0.253046353238986,6.648528099060059
HII,2026-04-03,HUNTINGTON INGALLS INCORPORATED,0.9051665254842244,81,2.1595719070231154,41.384491913902565,1115311364.0,35335946.042127654,3383125.0,6.962201586114272,537448.0,93,13.173556942625488,22,23.467365740802443,3.456121526653019e-05,0.0022727711482563922,8.706252098083496
HON,2025-08-13,HONEYWELL INTERNATIONAL INC.,1.934099879130424,0,1.640434589328604,-1.2247620748074397,10953639.5,10953639.5,10953639.5,,1059319.33,2,-10.26047340199976,1,25.615723788071207,7.948028322916548e-06,0.0013936142040882398,17.453311920166016
HON,2025-09-05,HONEYWELL INTERNATIONAL INC.,6.132679234006533,0,0.8957423208915904,-12.348749595488083,169820296.57,22745539.37857143,9908062.23,,10164504.59,28,-12.454792075846076,14,25.61235446142489,7.652124108657736e-05,0.013747982464302137,18.056621551513672
HON,2025-09-18,HONEYWELL INTERNATIONAL INC.,13.001498213513464,0,1.0485130074782048,-17.968129757780847,169820296.57,18394718.36428571,9104071.46,-1.7225097900058497,54850.0,40,-15.067545692442197,19,25.596047558684976,4.1971493051608943e-07,7.111330167818911e-05,21.937074661254883
HON,2025-09-19,"HONEYWELL INTERNATIONAL, INC",15.845508373198117,0,1.0465050914712308,-19.560544784867016,169820296.57,17617346.45590909,9081084.46,-1.7225097900058497,1235061.84,43,-14.730962781218436,19,25.589031172124283,9.517298004918111e-06,0.0015966686282055133,22.000804901123047
HON,2025-09-22,HONEYWELL INTERNATIONAL INC.,16.19357034487372,0,0.8371651587359671,-20.17028312244165,169820296.57,17155002.591739126,9058097.46,-1.7225097900058497,14100000.0,41,-16.48284372938784,17,25.58507472781238,0.0001090843226558456,0.0176153384420426,22.673114776611328
HON,2025-09-26,HONEYWELL INTERNATIONAL INC.,20.659972159904783,0,0.7860434114973577,-21.599240545894062,169820296.57,15848589.89111111,9058097.46,-3.1370503094634574,1635390.1,49,-19.49635631108807,19,25.581390405122242,1.269885814993923e-05,0.002008610814987824,23.359512329101562
HON,2025-09-29,HONEYWELL INTERNATIONAL INC.,21.57686569027519,0,0.7962594651967284,-19.54385151590765,169820296.57,15359982.898571428,8499158.73,-3.420637427372846,14327261.52,42,-18.91721123353981,17,25.57942291580286,0.00011147076090972054,0.017681437720805333,22.673114776611328
HON,2025-09-30,"HONEYWELL FEDERAL MANUFACTURING & TECHNOLOGIES, LLC",21.61253518139641,0,0.8017508513704724,-18.64450482197921,169820296.57,15496244.564827586,9058097.46,-3.777116525178603,79412859.98,45,-19.22386721398085,17,25.58464487744976,0.0006146398939999904,0.09658788817986047,22.92738914489746
HON,2025-11-24,HONEYWELL INTERNATIONAL INC.,32.127349803462366,2,1.0767777099684028,-23.86661298387025,311524826.12,17835928.442291666,3129430.265,-1.7727258940729835,2061150.0,21,-12.219420164590034,14,25.61285928329131,1.5509083927547827e-05,0.002248288879824496,21.878787994384766
HON,2025-12-09,HONEYWELL INTERNATIONAL INC.,31.07822576860764,12,1.1508650368967293,-23.021941769419957,511494518.81,26271429.834716983,3343284.23,-2.1296646854126995,1629919.15,15,-7.772635431318597,10,25.623173257445885,1.2138452069177599e-05,0.001810849603385743,20.834745407104492
HON,2025-12-22,HONEYWELL INTERNATIONAL INC.,27.20527867972087,18,0.9850764192274322,-23.135248636288573,511494518.81,24618190.577377047,2436000.0,-2.0685022654299368,1161577.01,24,-3.317171836879673,13,25.65958740957585,8.341243279815333e-06,0.0013405402736794535,16.79441261291504
HON,2025-12-29,HONEYWELL INTERNATIONAL INC.,26.475948732940324,23,0.9048025832212642,-22.273141835737675,511494518.81,24239858.10048387,2361147.05,-1.5362653019194898,1645568.73,19,-3.393245449714988,11,25.650810150103737,1.1920946022756411e-05,0.001961984250208793,15.87851619720459
HON,2025-12-30,"HONEYWELL FEDERAL MANUFACTURING & TECHNOLOGIES, LLC",26.94615647358152,24,0.8720753429597611,-21.42764989974483,511494518.81,23881218.586666662,2286294.1,-1.4436615600213432,22052045.14,20,-2.7068944687409724,12,25.64939050463648,0.0001599779445224296,0.026551251179677323,14.564958572387695
HON,2026-02-20,HONEYWELL BUILDING SOLUTIONS SES CORP,2.17299498219774,44,1.4581005527766655,10.790869078496822,511494518.81,21409924.015058823,2167594.1,1.6214468016800718,4459078.71,24,23.469785245731067,16,25.849572038458636,2.648004035106363e-05,0.004937502973375753,7.7242608070373535
HON,2026-02-26,HONEYWELL INTERNATIONAL INC.,3.48366836670484,47,1.3727194479423566,12.695572960940906,511494518.81,20609036.25011236,2167594.1,1.998100122382433,30807000.0,27,24.171457652656912,16,25.85549382771228,0.0001818658313985227,0.034416932232439065,7.2608113288879395
HON,2026-03-12,HONEYWELL INTERNATIONAL INC.,2.470964705858747,52,1.348221646548406,17.953764123681417,1028199720.31,31163040.690520834,2342489.55,2.6309965165978846,1019146.0,34,23.133038043378107,16,25.79063708212366,6.419556636009094e-06,0.0010796357450030924,7.629895210266113
HON,2026-04-01,HONEYWELL INTERNATIONAL INC.,4.805966103815873,62,1.4274971831757048,18.74561777139152,1028199720.31,28851041.2164486,2398685.0,1.8181140624698409,533238.0,29,18.50759033475139,16,25.733001946493086,3.5581179667046544e-06,0.0005358269840738354,7.568674087524414
IBM,2025-08-19,INTERNATIONAL BUSINESS MACHINES CORPORATION,31.26521676643288,0,2.083647659502085,-12.67871837506782,4646218.03,1577966.9966666668,473013.18,,213557.09,6,-16.03501883571611,3,26.105007000566015,9.823211708300722e-07,0.00017679497914323072,22.68084716796875
IBM,2025-08-27,INTERNATIONAL BUSINESS MACHINES CORPORATION,29.35661090380166,0,1.4102696207955587,-13.804375251344414,59350855.22,7970341.331111112,1389811.44,,4551091.58,18,-16.01487269342455,9,26.118200030441763,2.0659767239082352e-05,0.003809470997177193,18.903867721557617
IBM,2025-08-29,INTERNATIONAL BUSINESS MACHINES CORPORATION,30.07380555428749,0,1.2771814031423256,-19.699790911470828,59350855.22,6186100.277272728,1389811.44,,17072066.61,22,-16.239514225634224,11,26.13089582662097,7.652128103186791e-05,0.01425149614424335,18.903867721557617
IBM,2025-09-02,INTERNATIONAL BUSINESS MACHINES CORPORATION,31.1456342500978,0,1.2700616121304047,-17.547816875963463,59350855.22,7328421.353333334,1806431.935,,2690000.0,26,-17.17263952330149,12,26.12173826319636,1.2168176332498332e-05,0.002244356748533088,17.64152717590332
IBM,2025-09-23,INTERNATIONAL BUSINESS MACHINES CORPORATION,16.33730796546182,0,1.1022916473876403,-8.691927586117298,59350855.22,7219199.776956522,4325500.81,7.807152536028151,1022557.23,47,-13.5454158596653,16,26.23014592629909,4.150304759864043e-06,0.0008395262560010877,15.375177383422852
IBM,2025-09-26,INTERNATIONAL BUSINESS MACHINES CORPORATION,11.398379244889869,0,1.6024157504724703,-5.067494975216057,59350855.22,7667055.314999999,4283073.38,9.122470123542266,3310050.47,53,-7.456328616416186,17,26.266582133272646,1.2953971487008419e-05,0.002627956659319258,17.660545349121094
IBM,2025-09-29,INTERNATIONAL BUSINESS MACHINES CORPORATION,13.193970170452165,0,1.645622652830377,-6.744147742752652,85590308.83,10141572.185714286,4283073.38,9.695082107467115,643169.0,55,-9.945613432147129,16,26.276727904850333,2.4916507740533027e-06,0.0005000167613989214,19.51991844177246
IBM,2025-10-07,INTERNATIONAL BUSINESS MACHINES CORPORATION,7.774418472334776,0,1.5359344728628412,-1.4428713041642285,85590308.83,9867191.008709677,4240645.95,11.55543340444057,14260.88,58,-3.1366209378544063,16,26.294541552294444,5.427152499327549e-08,1.0787506012716491e-05,21.57099151611328
IBM,2025-10-22,INTERNATIONAL BUSINESS MACHINES CORPORATION,10.158506266272283,0,1.8278425430854,1.3178935164886347,85590308.83,9318182.656764705,3913916.96,11.613279745595502,1928.68,36,4.892237201043015,11,26.268746878151383,7.531619327901555e-09,1.5454040782607142e-06,21.07473373413086
IBM,2025-11-17,INTERNATIONAL BUSINESS MACHINES CORPORATION,5.909069666116262,0,2.381193779168731,1.6857168466561705,85590308.83,8350631.015609756,3587187.97,9.836157772023013,733137.0,12,19.987621084975824,7,26.358179130723155,2.6180225837397436e-06,0.0004955493622669167,20.4969539642334
IBM,2025-12-01,INTERNATIONAL BUSINESS MACHINES CORPORATION,2.963968855660481,7,1.742981656461182,-1.4302650047630865,85590308.83,7378055.361632653,3365963.06,9.372309925717865,2975995.56,17,18.274699654170146,12,26.367588751774722,1.0527711690510375e-05,0.0019502341182405648,19.882169723510742
IBM,2025-12-04,INTERNATIONAL BUSINESS MACHINES CORPORATION,2.188392123050153,10,1.720500643865365,-2.828537819673315,85590308.83,7041703.979807691,2928177.295,9.063568217395977,493419.28,22,15.332583603270455,14,26.348085548448932,1.7798686467668213e-06,0.00032462011496925663,19.496341705322266
IBM,2025-12-05,INTERNATIONAL BUSINESS MACHINES CORPORATION,2.204977244199613,11,1.6686940012515374,-3.81646148582322,85590308.83,7011004.575849055,2975995.56,9.063568217395977,582056.56,24,15.921072429606207,14,26.36567485162114,2.0629945874714085e-06,0.00038463869285553274,18.841419219970703
IBM,2025-12-08,INTERNATIONAL BUSINESS MACHINES CORPORATION,1.795074362359439,12,1.609262720343691,-4.489212773900464,85590308.83,7188246.437777776,3170979.31,8.81394682548586,2515149.42,26,18.38930711450224,15,26.36551256532744,8.915940694488922e-06,0.0016655303741409438,14.761876106262207
IBM,2025-12-15,INTERNATIONAL BUSINESS MACHINES CORPORATION,1.966566820506621,15,1.3713562241043633,-5.082794988783611,85590308.83,6900146.246206897,3170979.31,8.41274108270125,550100.0,29,13.936300086637356,17,26.3697251848664,1.9418492330359205e-06,0.0003645018819020172,15.152082443237305
IBM,2025-12-16,INTERNATIONAL BUSINESS MACHINES CORPORATION,3.8096124325280414,16,1.276273776208288,-6.125323575786323,85590308.83,6792518.343728814,2975995.56,8.41274108270125,12398190.64,30,10.533958229530338,18,26.367847959646408,4.3847762974729446e-05,0.00835173973160217,15.299376487731934
IBM,2025-12-22,INTERNATIONAL BUSINESS MACHINES CORPORATION,3.943327984568912,18,1.0222429472145658,-4.450053920741626,85590308.83,6878521.406031746,3587187.97,8.094494627079305,257467.27,34,3.3046013305485067,17,26.342651436866237,9.338000016382549e-07,0.00017336566953916557,12.793930053710938
IBM,2025-12-31,INTERNATIONAL BUSINESS MACHINES CORPORATION,6.252323275477822,24,0.8717132656039869,-4.239738638444002,85590308.83,7658578.704545454,3476575.515,7.391655149621653,1833912.21,33,1.0752172283138517,17,26.346200208942225,6.627796603471745e-06,0.0013005343258589758,11.023946762084961
IBM,2026-01-12,INTERNATIONAL BUSINESS MACHINES CORPORATION,0.8168442824940003,31,1.363277255115848,0.9040884125539606,85590308.83,7934746.71463768,3587187.97,6.129891041943627,0.03,24,6.99066560428725,11,26.35335866668252,1.0764726648878532e-13,2.1676167020183873e-11,9.356860160827637
IBM,2026-01-28,INTERNATIONAL BUSINESS MACHINES CORPORATION,13.388649184748914,34,2.199306785356726,7.506716711044525,85590308.83,7140168.223544305,2975995.56,5.085282629293742,320000.0,26,-7.200420373062721,15,26.318711012829997,1.1887184807505193e-06,0.00026109215419510307,10.903929710388184
IBM,2026-01-29,INTERNATIONAL BUSINESS MACHINES CORPORATION,7.859287323624553,35,2.4801359393780102,14.736232003675864,85590308.83,7128900.986500001,3170979.31,5.085282629293742,281981.08,29,-0.9071723089880468,15,26.319731477118022,1.0464194994232915e-06,0.00022929053755104393,9.603053092956543
IBM,2026-01-30,INTERNATIONAL BUSINESS MACHINES CORPORATION,8.752545610827811,35,2.443231184225082,18.07057828288583,85590308.83,7118330.326296297,3365963.06,5.085282629293742,1607408.05,31,-0.3607425988892299,15,26.3697251848664,5.674139409322423e-06,0.0012936872964411752,10.309592247009277
IBM,2026-02-04,INTERNATIONAL BUSINESS MACHINES CORPORATION,15.393219668502956,37,2.858689745549998,14.051730548930564,85590308.83,7105514.20097561,3476575.515,4.889438526983833,317276.36,30,-9.64174385594263,15,26.32024126612013,1.1767986734064367e-06,0.00024875206381938335,8.823805809020996
IBM,2026-02-17,INTERNATIONAL BUSINESS MACHINES CORPORATION,28.39345507334661,40,3.0686275271632493,2.2040384611208275,85590308.83,6479595.304606741,2975995.56,4.315453492800474,349101.15,30,-14.159554906018734,16,26.211086781251996,1.4441786678072572e-06,0.0002630083008687418,11.171008110046387
IBM,2026-02-23,INTERNATIONAL BUSINESS MACHINES CORPORATION,48.49032326752791,41,4.03477560333574,-13.635203407032126,85590308.83,6231563.523548386,2839139.64,3.778669676021525,371.28,33,-28.48407367880168,16,26.19099144985683,1.5671064321367062e-09,2.830670375804203e-07,10.45333194732666
IBM,2026-03-16,INTERNATIONAL BUSINESS MACHINES CORPORATION,33.0604349351606,54,3.468139542901853,-7.743128234532837,85590308.83,5815917.226346154,2193920.145,0.9355043408468864,2876278.99,38,-16.16111886783904,15,26.151684691212598,1.2626955649913454e-05,0.001884308595629973,7.9244842529296875
IBM,2026-03-23,INTERNATIONAL BUSINESS MACHINES CORPORATION,33.49425786443505,58,1.9765423882822195,-9.521064290165947,85590308.83,5889888.527614679,2223052.43,0.5112355089372029,2898403.2,43,-13.275276137460825,16,26.133202459222787,1.2961437738208657e-05,0.0018917151021002841,7.4098124504089355
KTOS,2025-08-14,"KRATOS SRE, INC.",52.87904220196327,0,3.3968886032378998,165.16504948565824,,,,,153600.0,0,88.01208482606181,0,23.174666331017377,1.3236144757407362e-05,0.0007122871434724011,28.450916290283203
KTOS,2025-08-21,"KRATOS S2, INC",63.12133399223916,0,3.299197874564188,137.87030049905334,3814057.43,1322019.1433333333,160000.0,,3377065.17,4,62.10841675932244,3,23.107282501622155,0.0003112964438130757,0.014559733280406585,21.024417877197266
KTOS,2025-09-04,"KRATOS TECHNOLOGY & TRAINING SOLUTIONS, INC.",88.26859715903137,0,3.128434087230512,96.99219434709184,3814057.43,1720001.6066666665,1560944.06,,2830956.25,9,48.09979348920655,6,23.15061222745952,0.0002498906545982886,0.011628198155060752,20.184558868408203
KTOS,2026-01-15,"KRATOS DEFENSE & ROCKET SUPPORT SERVICES, INC.",4.945410872548939,14,5.088719048269539,99.12082046481854,25373493.68,2808234.007419356,599217.66,14.013108263702296,158880.0,10,40.32668819788559,6,23.7443805349695,7.74489953564785e-06,0.0006337743207363325,116.63558197021484
KTOS,2026-02-08,"KRATOS SRE, INC.",6.942617933254813,16,6.106174432478847,29.87676083223548,61068139.3,4259966.376666667,666795.68,18.933876056498068,96000.0,16,17.588037615701026,10,23.492113310722747,6.0224895340159216e-06,0.0003329874424365831,103.25340270996094
LDOS,2025-08-12,LEIDOS BIOMEDICAL RESEARCH INC,12.338546702924557,0,1.8177310822353436,30.66863555939223,,,,,1400825.0,0,4.700068635524458,0,23.836349509018024,6.2285767938132e-05,0.008206185733982659,18.5674991607666
LDOS,2025-08-13,"LEIDOS, INC.",9.912119347251714,0,1.85535425062876,34.42257160138824,13672902.97,13069358.83,13672902.97,,1427856.83,17,5.890017514646884,1,23.841305102509054,6.317386032902861e-05,0.008394041611918875,10.85959243774414
LDOS,2025-08-14,"LEIDOS, INC.",12.074131815413946,0,1.9376637294743388,33.36317509269095,49160789.67999999,27940919.585,31416846.325,,6043238.54,27,3.411505820933037,2,23.863141019599176,0.0002616009226956929,0.03551122348471309,11.102689743041992
LDOS,2025-08-15,"LEIDOS, INC.",12.58519094063959,0,1.9447717541586345,30.85584106552581,49160789.67999999,21052164.696666665,22312040.72,,576000.0,42,2.254701479742671,3,23.843661436359316,2.542446911497477e-05,0.003381148114044079,11.429627418518066
LDOS,2025-08-18,LEIDOS BIOMEDICAL RESEARCH INC,12.2754823025661,0,1.91030186903037,28.11609612479438,49160789.67999999,16632659.419999998,17992471.845,,2715004.37,46,1.6729174460054406,4,23.839111791637137,0.00012038595668613894,0.01590843624740247,11.224935531616211
LDOS,2025-08-19,"LEIDOS, INC.",11.886019319987518,0,1.9102382719757889,30.458707324998763,49160789.67999999,20294632.422,22312040.72,,1019916.86,67,3.1639419519002843,5,23.841866638196155,4.509969987826414e-05,0.0060363932370112545,11.614177703857422
LDOS,2025-08-21,"LEIDOS, INC.",10.831905135291995,0,1.8842460664004728,32.02423996376855,52103294.05,25642921.128571425,29199491.220000003,,1400773.22,94,10.771936429734442,7,23.85325444174824,6.12394174603648e-05,0.008403895263346907,11.010405540466309
LDOS,2025-08-22,"LEIDOS, INC.",10.039117809280508,0,1.8807026754436853,30.26766298093886,88683076.25,32235244.231250003,34980563.105,,2630943.81,113,11.884749115575843,8,23.854807295520448,0.00011484190751821152,0.01601553225096025,11.010405540466309
LDOS,2025-08-26,LEIDOS BIOMEDICAL RESEARCH INC,9.671007710380252,0,1.8072982484628768,25.84521709003105,88683076.25,28537861.25363636,29199491.220000003,,2072543.0,144,13.32229330694046,11,23.86127059378044,8.988462269509649e-05,0.013133742414204322,10.808711051940918
LDOS,2025-08-27,LEIDOS BIOMEDICAL RESEARCH INC,9.049065750193751,0,1.794747817780707,25.031487850613,88683076.25,29992792.594166663,34411042.685,,29226420.66,167,20.39539488851514,12,23.86533702102141,0.001262383919793607,0.1894444245109907,10.808711051940918
LDOS,2025-08-28,"LEIDOS, INC.",10.26968239741719,0,1.8061992405829668,17.646097510286875,88683076.25,29963293.49153846,30513340.720000003,,222557.0,174,16.67028016365868,13,23.87102414087878,9.55844392669464e-06,0.0014772975480485096,11.087374687194824
LDOS,2025-08-29,"LEIDOS, INC.",10.53784954442072,0,1.8051495765003325,16.690302000838052,129047192.24,37013509.47928571,35067967.435,,2000000.0,196,17.047749580998882,14,23.859893042780598,8.685805666832157e-05,0.013514801378160178,11.004362106323242
LDOS,2025-09-02,"LEIDOS, INC.",10.556194666428452,0,1.8079847982321973,19.79186999331021,129460512.85999998,42835112.862,39622594.15,,9749377.89,212,16.487394439311664,15,23.857463988972953,0.0004244357347264273,0.06612806249562873,9.142748832702637
LDOS,2025-09-03,"LEIDOS, INC.",12.53451200003748,0,0.9325768000838291,17.902815049114817,129460512.85999998,42640061.969375,40192114.56999999,,749116.0,225,12.521772103833497,16,23.85729821085248,3.261790826360337e-05,0.005101394946652381,9.66943645477295
LDOS,2025-09-04,"LEIDOS, INC.",11.986276354150592,0,0.9195677814955484,16.759476848499986,129460512.85999998,41902720.82235295,39622594.15,,8684107.32,242,13.794609492710563,17,23.839562031622304,0.0003848885048700485,0.05931491285534462,9.817453384399414
LDOS,2025-09-08,"LEIDOS, INC.",12.092980766912254,0,0.9107281695062124,14.357420048564771,129460512.85999998,42323484.09105263,39622594.15,,1419195.3,272,14.381623551274789,19,23.846794861116788,6.244688001866953e-05,0.009592841004760636,10.06122875213623
LDOS,2025-09-09,"LEIDOS, INC.",11.704799936198128,0,0.9104685236894302,12.849905167186911,129460512.85999998,41177510.675,35662964.68,,3011965.06,290,13.24154227998446,20,23.843493440444746,0.00013296958064252753,0.020413233719317032,10.06122875213623
LDOS,2025-09-10,"LEIDOS, INC.",10.874929078853878,0,0.91857052591237,14.79817797418148,129460512.85999998,42332692.477142856,39622594.15,,18542797.84,308,11.678103490560645,21,23.846962475618298,0.0008157762364880614,0.12536790907943474,10.06122875213623
LDOS,2025-09-15,"LEIDOS, INC.",9.204842941855794,0,0.8715785554987445,19.7587304153932,129460512.85999998,39214089.61576922,35662964.68,,2050023.0,321,12.492778041001904,22,23.873583728738662,8.781992400551287e-05,0.014098570539499457,11.922842025756836
LDOS,2025-09-16,LEIDOS BIOMEDICAL RESEARCH INC,9.294566325872822,0,0.8726651579836715,19.627025592931503,129460512.85999998,38279084.9411111,31703335.21,1.3200879342611715,1975854.17,334,12.200307875067008,23,23.86959657051054,8.498079938736335e-05,0.01355170585122074,15.724088668823242
LDOS,2025-09-17,"LEIDOS, INC.",8.569101011577306,0,0.8796245454856303,19.192133604448937,129460512.85999998,37229794.77,31124995.84,1.533914188638097,64282.19,349,12.418544657453667,24,23.868778057778805,2.7670185067176325e-06,0.0004553519579406892,17.303010940551758
LDOS,2025-09-18,"LEIDOS, INC.",6.625706560596556,0,0.94651288987497,21.477812892883264,129460512.85999998,37212337.91482758,31703335.21,2.0350857073973736,3240256.0,347,14.063674657196046,24,23.875437808118747,0.00013855060623092758,0.023082126218456105,16.34110450744629
LDOS,2025-09-22,"LEIDOS, INC.",6.217080956105603,0,0.9387730464269904,20.01124148831452,155520686.60000002,39564628.8860606,31703335.21,2.3856200791128,16934200.17,328,11.654069377613972,24,23.895101743031358,0.0007099926576508281,0.11537977258244286,16.339969635009766
LDOS,2025-09-23,"LEIDOS, INC.",6.64849336821518,0,0.9464109927435987,20.41313172125687,155520686.60000002,40231749.61235294,35662964.68,2.4972037046860094,5413759.87,356,12.297083555288314,25,23.897339802454315,0.00022647286811014561,0.037108424432783206,13.675132751464844
LDOS,2025-09-24,"LEIDOS, INC.",6.4834634343381214,0,0.9446808602291414,13.96290951002399,232025408.9100001,45544450.02142857,39622594.15,2.7270835284453665,2343850.29,398,11.75030657982419,25,23.89328625389832,9.844813509567513e-05,0.016123458757748614,13.702019691467285
LDOS,2025-09-26,"LEIDOS, INC.",7.923212830579729,0,1.1420279976967411,7.821135940320143,232025408.9100001,47684595.11162162,40761634.99,2.977707731300925,976306.69,413,6.985099480120227,25,23.867572393092072,4.207569308141417e-05,0.006726277773774835,13.978854179382324
LDOS,2025-09-29,LEIDOS BIOMEDICAL RESEARCH INC,7.510375758759347,0,1.1403293258521054,8.004051954151123,232025408.9100001,47313388.16875,40192114.56999999,3.0277790544833647,15597947.84,406,6.612296085563506,25,23.881404672122876,0.0006629872774862613,0.10818713054972016,13.978854179382324
LDOS,2025-09-30,"LEIDOS, INC.",5.6043577117941945,0,1.1980098267835508,7.43205128625992,692696416.59,63051081.17463414,40761634.99,3.024919476954239,30620840.82,440,7.519524415385637,26,23.885237292466527,0.0012965532459705712,0.21236004187550953,14.82170295715332
LDOS,2025-10-09,"LEIDOS, INC.",2.834321968554221,0,1.1927564895927518,11.633273586758364,692696416.59,60409128.10666667,39622594.15,3.4416785279546604,1951220.0,389,12.942863847271704,25,23.951017526467293,7.73591147193318e-05,0.013267601747370543,14.544868469238281
LDOS,2025-10-23,"LEIDOS, INC.",4.2635567309403655,0,1.60163849243817,10.051716738989214,692696416.59,53335746.95254901,30513340.720000003,3.951140716138862,1894729.66,206,12.925416395863444,17,23.900528436171328,7.900955926365792e-05,0.012556783972846626,10.88281536102295
LDOS,2025-10-30,"LEIDOS, INC.",4.52021896569661,0,1.5499295792618235,2.062514220415949,692696416.59,48728649.48928572,25640402.565,3.510964491182341,1793.28,57,1.92127129334947,15,23.89888232401566,7.490234041260553e-08,1.2316221576424206e-05,12.103134155273438
LDOS,2025-10-31,"LEIDOS, INC.",4.7671621666812936,0,1.512945851394178,4.956027986139986,692696416.59,47950297.470175445,22312040.72,3.490587175955981,365352.43000000005,39,0.731969679798139,15,23.913444037861726,1.503956279257012e-05,0.002551258116671137,11.404280662536621
LDOS,2025-11-04,"LEIDOS, INC.",0.0,0,1.7010485080026911,15.43318628599928,692696416.59,47459708.79965518,21939123.545,3.2783505679252185,76010.0,59,6.419065327889339,14,23.924538863184154,3.0943933719983805e-06,0.0005238204924329561,11.813063621520996
LDOS,2025-11-21,"LEIDOS, INC.",6.595810259997115,3,1.3786000198043562,18.50392266143306,692696416.59,40409421.47956521,14900933.59,3.0260697938053043,1796000.0,80,1.2132923469633017,19,23.88550666193837,7.602607882572586e-05,0.011959906725809296,12.393980979919434
LDOS,2025-11-24,"LEIDOS, INC.",6.4132127891003865,4,1.3769377068696191,17.122499006562506,692696416.59,39972347.488,14286918.28,2.947699607363499,435000.0,80,-0.4777289551760155,17,23.88996725177823,1.8331934914365825e-05,0.002870184980081133,15.079607009887695
LDOS,2025-11-25,"LEIDOS, INC.",3.807069853658352,5,1.4810361095159608,17.900266500368158,692696416.59,39454333.01732394,13672902.97,2.947699607363499,133438.51,86,0.3765713985050878,18,23.89168170981395,5.613783425453841e-06,0.0008694792182206405,12.536857604980469
LDOS,2025-11-26,"LEIDOS, INC.",4.428720720749846,6,1.4891431493405405,15.033101172692431,692696416.59,39756150.33236112,14286918.28,2.897287994686701,3241149.4,111,1.476167585153565,19,23.916477380604526,0.00013301631040205756,0.020984595948231436,11.679022789001465
LDOS,2025-12-03,"LEIDOS, INC.",5.492739680517689,12,1.2239065398830384,14.004195967711318,692696416.59,39463364.38907895,14286918.28,2.5867651830368934,7123087.51,109,0.0335804114495852,18,23.893072530450592,0.0002992531455872361,0.04627747017285665,14.080854415893555
LDOS,2025-12-04,"LEIDOS, INC.",3.310742257603838,13,1.2431415700592676,14.335426149351772,692696416.59,39131869.595584415,14900933.59,2.5430373348665363,131283.56,113,1.6883864163325324,19,23.900369245359737,5.475349753675411e-06,0.0008551198040376536,13.558019638061523
LDOS,2025-12-05,LEIDOS BIOMEDICAL RESEARCH INC,6.407516423811965,14,1.397232885113543,11.865429949600138,692696416.59,39006313.36820513,14926107.69,2.4806352429366507,490881.0,123,-3.423011196175363,19,23.921270097764427,2.004936485260504e-05,0.0031782090584253123,20.376956939697266
LDOS,2025-12-08,"LEIDOS, INC.",7.095427303064739,15,1.3638098873993825,9.45720226436686,692696416.59,38622073.66265823,14900933.59,2.4806352429366507,606.54,134,-3.0993156022409485,17,23.89173524186706,2.551588689021261e-08,3.92112930772784e-06,20.727367401123047
LDOS,2025-12-09,"LEIDOS, INC.",7.483396401924991,15,1.362785796498477,9.959511512367891,692696416.59,38248991.936625,14286918.28,2.344225629903446,1106459.5,142,-2.420033653555498,18,23.88529117840118,4.684738616075591e-05,0.00710331841794632,22.949338912963867
LDOS,2025-12-11,"LEIDOS, INC.",4.335547342442125,17,1.3435651962091462,11.57955584401682,692696416.59,38714044.00219512,14926107.69,2.1782625454113105,43707.0,164,-1.1778536092385885,19,23.89967917342039,1.8241149962709474e-06,0.00028044469166297405,19.699186325073242
LDOS,2025-12-12,LEIDOS BIOMEDICAL RESEARCH INC,4.7754976596938725,18,1.33258924156978,12.236978617035833,692696416.59,38367410.59072289,14900933.59,2.050111973520234,45853.0,170,-1.8513029344623624,20,23.91139925642777,1.8913809200952396e-06,0.00029436731289647747,24.689979553222656
LDOS,2025-12-16,"LEIDOS, INC.",8.882295216108748,20,1.4267318037805825,6.273114881130672,692696416.59,38176045.95917647,14900933.59,1.921463288548328,234191.2,181,-4.62311091421167,20,23.889336336227895,9.875603041869466e-06,0.0015608511350551073,24.721769332885742
LDOS,2025-12-18,"LEIDOS, INC.",9.465191657391102,22,1.425092668666531,5.572286707669647,692696416.59,38119732.36114942,14951281.79,1.87845484320504,6526160.73,200,-5.419037146378747,21,23.864342608978475,0.00028216650331716706,0.043358627146462846,25.78549575805664
LDOS,2025-12-19,"LEIDOS, INC.",7.3965752944723295,23,1.4435222327876207,4.440026691951402,692696416.59,38923280.25795455,15151211.78,1.8090655653070076,7623370.78,221,-2.228637719481452,21,23.863404760325917,0.00032991498071464334,0.05051101224236559,22.994300842285156
LDOS,2025-12-22,"LEIDOS, INC.",6.611475051514715,26,1.4497304332384804,3.902153589659262,692696416.59,39361343.7864045,15351141.77,1.731766688305181,12508308.750000002,214,-2.937431337635621,19,23.882483082062322,0.0005310898188739031,0.08059883938818711,20.627216339111328
LDOS,2025-12-23,"LEIDOS, INC.",6.451262618543896,27,1.4496138035308617,3.0830149143445507,692696416.59,39774301.759444445,16398849.29,1.648004630880808,993560.49,232,-3.354138656270922,20,23.88982030753547,4.187715599664014e-05,0.006418801196879895,20.08135414123535
LDOS,2025-12-29,"LEIDOS, INC.",6.927589997752315,33,1.3183422009607342,4.007473865106537,692696416.59,39996529.93648352,17446556.810000002,1.4937754743670166,60000.0,187,-6.705493411547225,17,23.888852295763826,2.5313635329863503e-06,0.0004001772964280494,20.266054153442383
LDOS,2025-12-30,"LEIDOS, INC.",8.175606451276396,34,1.3068234595993216,2.578811668445269,692696416.59,39942474.90206522,17447772.78,1.4407828174464952,358031.01,197,-9.003415570596886,18,23.886859582975923,1.5135240864210375e-05,0.0024105523138935824,20.003984451293945
LDOS,2025-12-31,"LEIDOS, INC.",9.944560652188382,35,1.3431110256705323,1.843991900460896,692696416.59,39591406.0772043,17446556.810000002,1.391701449538417,920460.0,202,-10.53551172051128,19,23.87525548333651,3.9365267763932046e-05,0.006231136049499816,19.59552001953125
LDOS,2026-01-07,"LEIDOS, INC.",0.8799163517704045,42,1.863840336948437,10.944645558660438,692696416.59,38119295.14051546,14951281.79,1.17722820066694,319168.6,172,-1.110026975365952,18,23.949597189417496,1.2671915126604616e-05,0.002153961937032372,10.082127571105957
LDOS,2026-01-08,"LEIDOS, INC.",1.5981917020126746,43,1.8720380418789608,10.142920820832613,692696416.59,37790838.64520408,14926107.69,1.1855489857634522,803037.0,170,0.92984452095366,18,23.945080596889582,3.202721564203144e-05,0.005369877485257544,8.235895156860352
LDOS,2026-01-09,"LEIDOS, INC.",0.0,43,1.8633268995380503,12.923252406585362,692696416.59,37733149.13727273,14951281.79,1.2459455768521157,5056813.0,169,1.034133526968373,18,23.937985722582983,0.0002031149015321213,0.03308263036079953,8.118844985961914
LDOS,2026-01-13,"LEIDOS, INC.",0.0,44,1.8817205558191563,10.067617545354413,692696416.59,37272282.20633663,14951281.79,1.362760689805237,633562.48,154,1.1794647802960911,17,23.939930380320096,2.5398600604644492e-05,0.00405779804289897,8.162952423095703
LDOS,2026-01-15,"LEIDOS, INC.",0.7033547008801433,45,1.8830642491603475,9.693957140105482,692696416.59,37117381.66893204,14951281.79,1.431848080660172,330235.85,163,-1.686818047627825,18,23.915189228740772,1.3570301671439328e-05,0.0020744701950471747,13.035937309265137
LDOS,2026-01-16,"LEIDOS, INC.",0.01027319119693,46,1.876196451921428,12.74913017622963,692696416.59,36877173.68759616,14926107.69,1.4566860274816769,0.06,165,-2.31267169606606,18,23.92841228927178,2.433177727641057e-12,3.7264359003213647e-10,13.513073921203613
LDOS,2026-01-20,"LEIDOS, INC.",1.990358805057868,46,1.9445745550239664,11.462659772614693,692696416.59,36169203.572735846,14286918.28,1.5247565119919746,81669.32,131,-0.2342902988807349,17,23.93531848963002,3.2891387699625656e-06,0.0005067974620690845,8.547951698303223
LDOS,2026-01-21,"LEIDOS, INC.",1.3533217843865852,47,1.908045889392063,11.17532909938983,692696416.59,35860616.19700935,13672902.97,1.5917769338092478,5104924.11,141,-1.7225353565829549,18,23.91571303455213,0.00020966555523340395,0.031711663237932924,13.035937309265137
LDOS,2026-01-22,"LEIDOS, INC.",0.6565033611943605,47,1.9074359853133784,12.084133412609209,692696416.59,35856890.168148145,14286918.28,1.6347118738950457,237900.0,140,0.0359348977395646,18,23.921978754516324,9.709817623014033e-06,0.001474559904810929,8.547951698303223
LDOS,2026-01-26,"LEIDOS, INC.",2.7546203851839923,49,1.9458274661083743,7.880364344534874,692696416.59,35486187.49063636,14926107.69,1.6874027289879052,1003973.87,154,0.0058678610182605,19,23.917335388129956,4.1167607559415444e-05,0.006200680551697675,8.547951698303223
LDOS,2026-01-27,"LEIDOS, INC.",4.044887399273378,50,1.965860173632057,-2.6883124070868902,692696416.59,35244307.26225225,14900933.59,1.6978185498132592,1657046.73,167,-1.7881919379121758,20,23.908247582635774,6.856693852840576e-05,0.010180871504284235,12.292158126831055
LDOS,2026-01-28,"LEIDOS, INC.",3.701333185960953,50,1.965864437387568,-2.439136055766866,692696416.59,35064282.540714286,14926107.69,1.6978185498132592,30609942.06,179,-4.021969577497075,21,23.895768986620382,0.0012825133539382735,0.18709887908599043,12.292158126831055
LDOS,2026-01-29,"LEIDOS, INC.",4.022652282203398,51,1.9469674293147063,-3.1257044377741794,692696416.59,35438816.70681416,14951281.79,1.6978185498132592,1244835.5,193,-3.555924644562103,21,23.899076430919763,5.198462894548025e-05,0.007645014398190683,12.292158126831055
LDOS,2026-01-30,"LEIDOS, INC.",3.4204453973062376,52,1.9056921680061365,-2.072061548889769,692696416.59,36227237.968771935,15130223.6,1.6978185498132592,4812290.89,203,-3.811464918132335,21,23.895982716423585,0.00020158510443700535,0.0296529642550364,11.644299507141113
LDOS,2026-02-06,"LEIDOS, INC.",0.8964212985227205,57,1.4361984536942414,1.1833468470668906,692696416.59,35739013.17092437,15309165.41,1.7335151665855209,14081361.45,253,-3.394789952891697,22,23.8900352299058,0.000593381734309629,0.08892310306457563,11.915508270263672
LDOS,2026-02-10,"LEIDOS, INC.",0.0,58,1.3660094666494755,0.6295692016801127,692696416.59,35432625.29760331,15309165.41,1.6204210843504605,98931.6,241,-0.4683165584781656,21,23.934701987002107,3.986814544228313e-06,0.0006220574364067664,10.58308219909668
LDOS,2026-02-18,"LEIDOS, INC.",5.31685012040326,63,3.698917667236014,-12.499697526318387,692696416.59,34717402.20214286,14926107.69,1.227808511659128,52865.9,230,-13.000430688103648,21,23.748549448809108,2.566324980048526e-06,0.0003131527032428574,10.934776306152344
LDOS,2026-02-19,"LEIDOS, INC.",2.4848169860953284,63,3.7624332244232894,-9.91460243546497,692696416.59,34438965.536535434,14951281.79,1.131166898239113,249917.0,239,-10.048239644293178,21,23.80861674338274,1.1424703176888371e-05,0.0014468476638197997,11.039692878723145
LDOS,2026-02-20,"LEIDOS, INC.",4.121036069262507,64,3.763174725124717,-10.759605417671668,692696416.59,34303815.400625,15130223.6,0.9581418098308506,387678.1,240,-11.676162884478526,21,23.83587550921594,1.724574909507102e-05,0.0022249964278760045,11.126718521118164
LDOS,2026-02-23,"LEIDOS, INC.",5.029071196966495,65,3.761034973547886,-10.90209356854408,692696416.59,34116506.052480616,14951281.79,0.8532905520307611,4464283.19,206,-10.062904178154696,19,23.820036139057894,0.00020176297927895277,0.025691147295720446,11.9606294631958
LDOS,2026-02-26,"LEIDOS, INC.",2.723750454885132,68,3.900358670613397,-7.883193859546978,692696416.59,33682458.02780303,15130223.6,0.5663294768050928,1868344.72,233,-8.928686537975928,21,23.795557396771727,8.653219848993142e-05,0.010591167498078091,11.787616729736328
LDOS,2026-02-27,"LEIDOS, INC.",3.1696076334218226,69,3.900550576271732,-8.337653199437266,692696416.59,33610812.09729323,15309165.41,0.4697633539025772,685316.53,245,-7.997024110028327,21,23.8300944973536,3.0662860259878685e-05,0.0038239804698837207,11.787616729736328
LDOS,2026-03-03,"LEIDOS, INC.",0.0,71,3.948762573840333,-3.858477149550432,692696416.59,33298295.01829629,15309165.41,0.3066124657327038,428571.0,192,-3.6895862155653103,20,23.850024132439486,1.8797015798262932e-05,0.0023337253249010198,12.84908390045166
LDOS,2026-03-04,"LEIDOS, INC.",1.6072492624170651,72,3.966450150687418,-7.248059500332138,692696416.59,33309247.26544117,15330153.59,0.2477674994961177,65930731.0,200,-8.36497014605062,21,23.856967662078375,0.0028716961132812225,0.3521251582288058,11.923718452453613
LDOS,2026-03-05,"LEIDOS, INC.",2.208812950268979,73,3.96584127604417,-8.88744687528723,692696416.59,33700553.509124085,15351141.77,0.1889390664989717,1099754.0,204,-5.414906028757927,21,23.834859583786333,4.8971967892052214e-05,0.00583344929796288,13.437491416931152
LDOS,2026-03-06,"LEIDOS, INC.",0.927537127329825,73,3.973150175897421,-5.679549121109417,692696416.59,33558640.828985505,15330153.59,0.146284184019972,2838993.31,201,-2.591715421102303,21,23.828956560951482,0.00012716863953866528,0.015042044905367452,13.097062110900879
LDOS,2026-03-09,"LEIDOS, INC.",0.0,74,3.878389057102015,-4.737852088169969,692696416.59,33424925.285683453,15351141.77,0.1111436519576516,4220229.73,192,-2.299678600284949,19,23.84157166223041,0.00018666937775683906,0.022341397199241116,12.84908390045166
LDOS,2026-03-11,"LEIDOS, INC.",0.2826461530833324,76,3.955628635784953,-8.65058828092028,692696416.59,33424641.2506383,15351141.77,-0.0066647431563735,162761.16,213,-7.226652889310936,21,23.810861455745442,7.423779034486838e-06,0.0008550982880370832,12.683453559875488
LDOS,2026-03-18,"LEIDOS, INC.",0.0,81,1.9846152280315064,-10.941517244727883,692696416.59,33794541.4430822,16344423.345,-0.2763876669436829,1983444.52,233,-5.806980444041388,21,23.792662889984605,9.212931756294833e-05,0.010359139393761539,12.801109313964844
LDOS,2026-03-19,"LEIDOS, INC.",0.0,82,1.866454088205019,-9.12804204211438,692696416.59,33906262.333265305,16707273.36,-0.2627750118820637,425750.51,253,-6.864363034810827,22,23.779378288180343,2.0040216232317043e-05,0.0022240358790585855,13.040546417236328
LDOS,2026-03-23,"LEIDOS, INC.",0.0,84,1.8807193073648731,-11.324424904393137,692696416.59,33897408.873557046,16707273.36,-0.298947715111839,1777421.03,235,-8.071125121293765,20,23.774086922955107,8.410766018828265e-05,0.009027418462901903,12.69476318359375
LDOS,2026-03-24,"LEIDOS, INC.",1.0377936091607642,85,1.8935164612301123,-14.067152469188535,692696416.59,33909563.038,16823340.985,-0.2579122844569544,7144627.96,253,-9.468880164893037,21,23.742302117464728,0.00034900272790233737,0.03596317375428074,12.69476318359375
LDOS,2026-03-26,"LEIDOS, INC.",1.941868144127024,87,1.60028172315493,-14.860367704403563,692696416.59,33682889.67085526,16823340.985,-0.3176862238652091,5595649.140000001,256,-8.875660022166487,22,23.719527236303367,0.0002796344560418003,0.027713754411991167,11.809087753295898
LDOS,2026-03-30,"LEIDOS, INC.",4.18314766073582,89,1.4440885029486965,-16.40520873347332,692696416.59,34048393.41516129,16939408.61,-0.3853091948280142,549613.77,233,-7.2450986049373824,21,23.698216657036458,2.8057752495660123e-05,0.002717021783120214,13.604050636291504
LDOS,2026-03-31,"LEIDOS, INC.",3.292178841412752,90,1.4531699857330918,-18.427072938861222,692696416.59,33875640.65891026,16823340.985,-0.4470111614391088,164365.71000000002,242,-10.478374626071297,22,23.689563638595423,8.463781694753853e-06,0.000809824859936499,13.604050636291504
LDOS,2026-04-02,"LEIDOS, INC.",1.1459448035541886,91,1.5256015144121666,-16.038101301147933,692696416.59,33735863.01575949,16969670.845,-0.563757278009319,31284244.340000004,265,-14.443477643460334,23,23.701298071529322,0.0015921453133845187,0.15496167102475059,11.809087753295898
LDOS,2026-04-06,"LEIDOS, INC.",0.7336781881038146,91,1.485301761228067,-16.26524098356301,692696416.59,33706477.9195625,17069840.61,-0.7390760323039861,149989.48,253,-14.505310980556986,21,23.71914955224056,7.4983383526015705e-06,0.0007452681771934811,11.809087753295898
MRCY,2025-09-25,MERCURY SYSTEMS INC,40.872419680354135,0,1.8512988563698336,41.50475628428394,1074598.0,1074598.0,1074598.0,,687173.48,1,37.6037500531643,1,22.217906783951282,0.00015415303327068802,0.01599239707982961,62.26929473876953
NOC,2025-08-13,NORTHROP GRUMMAN SYSTEMS CORP,10.027191358064137,0,2.177280886873476,27.813344042788323,6361323.73,6205474.7700000005,6361323.73,,89304.63,6,14.756588407790485,1,25.12848381900031,1.090717080753495e-06,0.0002101361410036167,20.53314971923828
NOC,2025-08-14,NORTHROP GRUMMAN SYSTEMS CORPORATION,9.719978857351808,0,2.1777734733458285,23.372363947837883,49274315.44,26655281.505,27817819.585,,1738476.97,23,15.750885228246435,2,25.13070263215677,2.1185731425158695e-05,0.004107612061025191,8.874646186828613
NOC,2025-08-18,NORTHROP GRUMMAN SYSTEMS CORP,9.513594968890526,0,2.134313818641181,19.13225791990734,61646283.12,31138589.545,40590298.405,,1375060.97,50,13.30080195405392,4,25.133909923076153,1.670334944374815e-05,0.0032766189134499643,8.822861671447754
NOC,2025-08-19,NORTHROP GRUMMAN SYSTEMS CORPORATION,9.250191058474,0,0.5541639845558779,21.8188654228151,61646283.12,27293994.894,31906281.37,,1764197.0,58,14.511844887603752,5,25.135381465048958,2.139880929872213e-05,0.004185307045034417,10.81001091003418
NOC,2025-08-21,NORTHROP GRUMMAN SYSTEMS CORPORATION,7.241554343369327,0,0.5829552786943915,22.939219561815055,61646283.12,18913541.584285717,31906281.37,,2686935.02,75,18.37691759263973,7,25.14849573727677,3.2166531734604003e-05,0.006403068375227054,10.750555038452148
NOC,2025-08-22,NORTHROP GRUMMAN SYSTEMS CORPORATION,8.10501193716997,0,0.6283078204877318,14.540172895809269,61646283.12,21215105.77125,33830773.099999994,,280000.0,85,15.115401106281244,8,25.156346250436922,3.3257964846547433e-06,0.0006684702153789029,10.940653800964355
NOC,2025-08-25,NORTHROP GRUMMAN SYSTEMS CORPORATION,9.155228090401902,0,0.6751459289667323,15.065681879432317,61646283.12,22798466.241111115,35662536.0,,1968617.0,90,13.77317622552798,9,25.14832686482226,2.357119738435133e-05,0.004713147901314314,11.204388618469238
NOC,2025-08-26,NORTHROP GRUMMAN SYSTEMS CORP,7.999280790628527,0,0.690734430756652,14.344042107638533,61646283.12,22609071.096,33784408.685,,214227.0,99,13.129963859001936,10,25.13865918149994,2.5899610990752904e-06,0.0005155572585694826,10.743117332458496
NOC,2025-08-27,NORTHROP GRUMMAN SYSTEMS CORPORATION,9.179417751395258,0,0.7442797095596984,10.454436166834236,61646283.12,23624096.181818184,35662536.0,,5328858.19,108,11.936150063279438,11,25.149305593809945,6.374256272417937e-05,0.012842197069579757,11.204388618469238
NOC,2025-09-02,NORTHROP GRUMMAN SYSTEMS CORPORATION,8.251882019393243,0,0.6242536872066644,4.45003934109862,154826277.51000002,35118228.13357143,35708900.415,,12462945.35,142,12.925739636552525,14,25.14426776335069,0.00014983178364355593,0.030078883445759808,10.790234565734863
NOC,2025-09-03,NORTHROP GRUMMAN SYSTEMS CORPORATION,9.800171364888822,0,0.7010740174911348,7.486584168977117,154826277.51000002,38242069.00333333,35755264.83,,7325540.53,162,11.4213689410843,15,25.146969408974048,8.783136345693792e-05,0.017633545253699107,10.291850090026855
NOC,2025-09-05,NORTHROP GRUMMAN SYSTEMS CORPORATION,12.911023361108164,0,0.7009394428129223,5.127839634124266,154826277.51000002,36655776.16588236,35755264.83,,79355.99,191,11.64895040602232,17,25.130614340479777,9.671472006529484e-07,0.00019042890186929759,9.862743377685547
NOC,2025-09-09,NORTHROP GRUMMAN SYSTEMS CORPORATION,17.13923280522158,0,0.7709468566774087,1.112455217599905,154826277.51000002,35056035.79105264,35755264.83,,1861468.0,223,7.40441342163327,19,25.134298704626634,2.2603117405158366e-05,0.004441416147219971,10.12647819519043
NOC,2025-09-10,NORTHROP GRUMMAN SYSTEMS CORPORATION,15.474682398543235,0,0.8401625268683587,3.3168025270411405,154826277.51000002,34866744.51450001,35708900.415,,5663321.959999999,238,3.091504247082,20,25.116491960831233,7.000311869697838e-05,0.01353311988970174,10.12647819519043
NOC,2025-09-11,NORTHROP GRUMMAN SYSTEMS CORP,14.864575573171932,0,0.8469869956956104,3.2092335424387386,154826277.51000002,34409920.59142858,35755264.83,,22643.74,259,8.191505773647688,21,25.130804014189913,2.7591712138255765e-07,5.548964141302905e-05,9.983611106872559
NOC,2025-09-12,NORTHROP GRUMMAN SYSTEMS CORPORATION,16.875703573779568,0,0.8876440523753791,1.4850582821899645,154826277.51000002,33022245.898181822,35805902.895,,670324.2,269,4.38726972504444,21,25.136101489379694,8.124838275925929e-06,0.0016462444365060397,9.83201789855957
NOC,2025-09-14,NORTHROP GRUMMAN SYSTEMS CORPORATION,17.603219901846256,0,0.8876440523753791,1.4850582821899645,154826277.51000002,32514976.408260874,35755264.83,,1040917.89,247,4.38726972504444,20,25.12403833720424,1.2769834235252553e-05,0.002553303888189697,10.017019271850586
NOC,2025-09-15,NORTHROP GRUMMAN SYSTEMS CORPORATION,17.603207262297005,0,0.8885301541757796,1.598487119433159,154826277.51000002,31116814.14583333,35708900.415,,1251.0,240,5.656644402634424,20,25.12403833720424,1.534709200578822e-08,3.0686216413528165e-06,10.350747108459473
NOC,2025-09-17,NORTHROP GRUMMAN SYSTEMS CORP,18.09297248156816,0,0.9114915076124748,-1.4898356425796957,154826277.51000002,33815264.09153846,35805902.895,0.3868226658212292,18241691.6,282,6.110301476633474,22,25.129924140061995,0.0002224732116858788,0.044284626413815587,9.674894332885742
NOC,2025-09-18,NORTHROP GRUMMAN SYSTEMS CORP,20.59662776732807,0,0.8778303378782796,-4.490224068907244,154826277.51000002,34566851.51111111,35856540.96,-0.055979851155626,10380139.2,292,9.865977161750152,22,25.12598104644033,0.000127094938895551,0.02523088534963833,10.339359283447266
NOC,2025-09-19,NORTHROP GRUMMAN SYSTEMS CORP,21.83798564881572,0,0.8504578237897665,-7.272877560557589,154826277.51000002,35909046.428571425,36636954.765,-0.3485933789768219,2965103.0,303,8.524683454578842,22,25.120193866314477,3.6515580045583436e-05,0.007204437242564569,10.936883926391602
NOC,2025-09-23,NORTHROP GRUMMAN SYSTEMS CORPORATION,20.98293759457075,0,0.8304039338055508,-5.451850210470166,154826277.51000002,35057526.921,35805902.895,-0.5187564540205155,7141948.05,304,9.123126395002348,21,25.1256236776412,8.747762212923827e-05,0.0170855810785546,10.936883926391602
NOC,2025-09-24,NORTHROP GRUMMAN SYSTEMS CORP,20.735698909645794,0,0.8748370836175576,-2.3144362481283918,154826277.51000002,37503991.87612904,35856540.96,-0.8432930278783319,1608239.72,337,10.422839020162389,22,25.125980864854522,1.969137042582075e-05,0.0038551974783685946,10.477499961853027
NOC,2025-09-25,NORTHROP GRUMMAN SYSTEMS CORPORATION,20.838765758601284,0,0.8397515729858196,-8.616135729269624,224209966.4,43294292.84875,36636954.765,-1.1968443011974153,113483759.18,351,9.953632613066633,22,25.14178035298076,0.001367720136546615,0.2705531283203605,11.895378112792969
NOC,2025-09-26,NORTHROP GRUMMAN SYSTEMS CORPORATION,19.0602984020482,0,0.9020455308531794,-8.212214320147936,309678442.89000005,50847278.86272727,37417368.57,-1.326906758420881,20000000.0,373,12.671099926313389,22,25.141780275262523,0.00024104246329627348,0.04712174333872599,11.62167739868164
NOC,2025-09-28,NORTHROP GRUMMAN SYSTEMS CORPORATION,19.86465636092857,0,0.9020455308531794,-8.212214320147936,309678442.89000005,56410015.17852941,38884576.91500001,-1.326906758420881,390560.0,367,12.671099926313389,21,25.155754321492413,4.641757760052596e-06,0.000923867652817682,11.357942581176758
NOC,2025-09-29,NORTHROP GRUMMAN SYSTEMS CORPORATION,19.86466882169457,0,0.9002126287165947,-7.916031370585543,309678442.89000005,54787141.60199999,37417368.57,-1.3201971432632942,1395996.9,361,11.84614217521658,21,25.155754321492413,1.6591252159935393e-05,0.0033022234210972968,11.62167739868164
NOC,2025-09-30,NORTHROP GRUMMAN SYSTEMS CORPORATION,16.848952960123743,0,1.062651531619207,-10.0151716792626,309678442.89000005,54301726.65666666,38884576.91500001,-1.2683302082619887,5604485.5,390,12.807057573416849,22,25.155754121960214,6.660863696100702e-05,0.013119425947995898,10.827057838439941
NOC,2025-10-02,NORTHROP GRUMMAN SYSTEMS CORPORATION,17.681364138794,0,1.012464224976991,-10.050556675626709,309678442.89000005,58041631.9468421,38884576.91500001,-0.9368341147252814,100000.0,439,12.044927015853023,24,25.173922398904892,1.167090178420328e-06,0.00023265363744448355,10.563323020935059
NOC,2025-10-06,NORTHROP GRUMMAN SYSTEMS CORPORATION,15.110908691935744,0,1.0552889357420128,-8.847036182138137,309678442.89000005,56763894.65871794,37417368.57,-0.7938366371225278,391084.11,380,12.672787547705532,21,25.180704408325226,4.533453815014316e-06,0.0009129211317565416,10.563323020935059
NOC,2025-10-07,NORTHROP GRUMMAN SYSTEMS CORPORATION,14.535010141568726,0,0.9355509264225504,-6.7195193120816334,309678442.89000005,55354574.395,36636954.765,-0.5146646196209407,2327300.0,381,12.36979437600303,22,25.195329408669764,2.6586418551527597e-05,0.0054431103878742615,10.372729301452637
NOC,2025-10-09,NORTHROP GRUMMAN SYSTEMS CORPORATION,16.51102175255823,0,1.0565604520064693,-9.69273829280444,309678442.89000005,52776918.21547619,35805902.895,0.0492112452473648,1500759.59,368,14.850172152449016,23,25.22625979399206,1.6622092685749075e-05,0.0034525167922457756,10.190532684326172
NOC,2025-10-22,NORTHROP GRUMMAN SYSTEMS CORPORATION,29.69465893833032,0,1.4187387598490344,3.371684271292932,309678442.89000005,45239700.42625,35039467.22,2.858841655970415,134172.0,226,-0.9469663757557978,19,25.161099114159004,1.5861176197865802e-06,0.0003102189915105747,8.405445098876953
NOC,2025-10-23,NORTHROP GRUMMAN SYSTEMS CORPORATION,27.711992229693784,0,1.4545413798207585,5.133827539979286,309678442.89000005,44529535.61408164,34416398.44,2.9137892539664905,1106715.9,218,-0.0080741875066348,19,25.155807282983762,1.3152486315416084e-05,0.0025318479285844422,8.669179916381836
NOC,2025-11-06,NORTHROP GRUMMAN SYSTEMS CORPORATION,35.25467249915304,0,1.1879325383949877,8.478475197991386,309678442.89000005,37869889.24779662,27648398.290000003,2.340200168067698,129695.95,57,-5.584019013536756,19,25.11127483510332,1.6115297235837057e-06,0.0003054341487763221,8.373340606689453
NOC,2025-11-07,NORTHROP GRUMMAN SYSTEMS CORPORATION,36.051540178207816,0,1.1483096813665503,8.304152398072873,309678442.89000005,37280482.181,26524337.770000003,2.340200168067698,224362.06,64,-6.528537730121553,19,25.113830837039917,2.7806816241079575e-06,0.0005300801000138589,8.643200874328613
NOC,2025-11-18,NORTHROP GRUMMAN SYSTEMS CORPORATION,36.49563812389756,0,0.9437352588558908,6.747960264396081,309678442.89000005,33688417.785820894,18300000.0,1.0690521530605006,210000.0,70,-6.051410097550347,20,25.1013328314639,2.6354146609580057e-06,0.0004856510764898935,9.412034034729004
NOC,2025-11-21,NORTHROP GRUMMAN SYSTEMS CORPORATION,36.51007979476584,3,0.8561821949041503,5.337881310879823,309678442.89000005,33145249.31114285,18658075.69,0.5486562582925713,10000000.0,86,-5.066726598407767,22,25.10897629351176,0.00012454036938201908,0.023045942118450034,10.767720222473145
NOC,2025-11-24,NORTHROP GRUMMAN SYSTEMS CORPORATION,36.78524749051666,4,0.8030726527531852,2.7098148470847896,309678442.89000005,32882381.9156338,18300000.0,0.4023630357078906,4600000.0,77,-7.730579807918481,20,25.107830005188525,5.735427678679274e-05,0.01049974280675486,10.646852493286133
NOC,2025-11-25,NORTHROP GRUMMAN SYSTEMS CORPORATION,35.858000049449835,5,0.8301059015891091,2.639490450649795,309678442.89000005,32777069.116944447,18658075.69,0.4023630357078906,36187101.0,87,-9.096463072839567,21,25.10581630234576,0.0004521018756076159,0.08227984115182364,10.767720222473145
NOC,2025-11-26,NORTHROP GRUMMAN SYSTEMS CORPORATION,36.41141382288895,6,0.7564795498836895,2.2382593124780072,309678442.89000005,34089952.374657534,19016151.38,0.2864449578188462,126828536.13,99,-8.268122499490527,22,25.112618238755037,0.001573785184473952,0.286773724426027,11.106514930725098
NOC,2025-12-09,NORTHROP GRUMMAN SYSTEMS CORPORATION,39.926949970268,14,1.186036727488932,-2.776114317909917,309678442.89000005,36323561.57839507,22398359.49,-0.4603872978033907,3233820.34,123,-7.408089603113965,20,25.088414899788177,4.111078197506255e-05,0.007268851049063591,9.188623428344727
NOC,2025-12-10,NORTHROP GRUMMAN SYSTEMS CORP,38.735214238847874,15,1.1931601861528534,-3.540839621230841,917068772.34,47064356.83158537,22891168.115,-0.4979166622507613,413473.34,128,-8.220075404989636,20,25.083107849541992,5.2843574172353165e-06,0.0009375507929577573,12.658893585205078
NOC,2025-12-12,NORTHROP GRUMMAN SYSTEMS CORP,35.228846081401535,17,1.223575963107188,5.992154160232175,917068772.34,46828830.24392858,23742274.83,-0.578029724607729,4981.0,141,-3.5228178748556105,21,25.100052892359248,6.258958545051783e-08,1.145232409284903e-05,12.77976131439209
NOC,2025-12-18,NORTHROP GRUMMAN SYSTEMS CORP,37.70371256210796,21,1.2852225595558675,3.012395958576917,917068772.34,51739629.53113637,24750425.085,-0.5486676456678693,9346660.02,179,-6.500842637413773,21,25.10743580797987,0.00011658310546470007,0.02198291004358905,12.463959693908691
NOC,2025-12-19,NORTHROP GRUMMAN SYSTEMS CORPORATION,35.53808115211623,22,1.332643396906485,2.975825479379578,917068772.34,52106131.1994382,25400277.25,-0.4857122948806258,775000.0,199,-6.292636593598322,21,25.099124095130943,9.747440825974814e-06,0.0018175486562088097,12.22420883178711
NOC,2025-12-22,NORTHROP GRUMMAN SYSTEMS CORP,31.78255172407265,24,1.4722531790242588,7.117877646526582,917068772.34,55756909.93888889,25452094.83,-0.4572687274499206,2259072.98,199,-5.042449949901462,19,25.114975819189493,2.7966289545093274e-05,0.005271567121371572,10.455069541931152
NOC,2026-01-05,NORTHROP GRUMMAN SYSTEMS CORPORATION,26.03543027499704,35,1.526137019026749,8.056081546941884,917068772.34,53999034.55659793,24100572.92,-0.1641721172604381,1200000.0,159,-6.258342522261118,17,25.14478415410574,1.4419169241010233e-05,0.0029269430366312345,6.21863317489624
NOC,2026-01-06,NORTHROP GRUMMAN SYSTEMS CORPORATION,26.18199731543138,36,1.5059065818896944,6.969084790883475,917068772.34,53635769.42469388,23742274.83,-0.1068597483655881,163936.99,166,-6.834072122681656,18,25.18766540165452,1.8871779819040018e-06,0.0004001978503036124,5.954897880554199
NOC,2026-01-09,NORTHROP GRUMMAN SYSTEMS CORPORATION,24.507900641755075,39,2.286659663117758,10.033774236464255,917068772.34,52375425.999405935,22398359.49,0.2423865399426926,2579810.0,172,-6.011239052969652,19,25.153505418168656,3.0729756448148745e-05,0.005745310003563283,6.331883430480957
NOC,2026-01-13,NORTHROP GRUMMAN SYSTEMS CORPORATION,23.178232082299854,40,2.299321303732007,0.8878994357814456,917068772.34,51582437.15873787,21964605.15,0.3770804089196274,373718.0,153,-0.4743504216526473,18,25.216684587471015,4.179045001051254e-06,0.0008023057240750755,6.068148136138916
NOC,2026-01-14,NORTHROP GRUMMAN SYSTEMS CORPORATION,17.96549593833077,41,2.4599913633784687,6.369809517532433,917068772.34,51252480.23461538,21744830.59,0.5102098607760236,1486558.7,159,6.093164457093382,19,25.21059611389281,1.6724736540337216e-05,0.0031627092864212757,6.331883430480957
NOC,2026-01-16,NORTHROP GRUMMAN SYSTEMS CORPORATION,15.53153340579816,43,2.407294733297319,9.00826489574049,917068772.34,50529185.39094339,20270603.705,0.7588357281147066,500000.0,155,8.382634149458013,19,25.2560844816628,5.375165980907611e-06,0.0010467964329376812,6.068148136138916
NOC,2026-01-20,NORTHROP GRUMMAN SYSTEMS CORPORATION,17.21890311582861,43,2.4337079748146007,8.311710742239708,917068772.34,50092917.99457944,19016151.38,1.0693920219776527,2608259.92,100,8.87878983201389,17,25.274684952537417,2.7522929715004488e-05,0.005537119786941368,6.10740852355957
NOC,2026-01-23,NORTHROP GRUMMAN SYSTEMS CORPORATION,14.492882362262849,46,2.3558714289735905,4.175244630430065,917068772.34,49027041.04099999,18349525.815,1.6172511965535898,822552.0,89,12.4987438584089,18,25.279979068834667,8.633918612017698e-06,0.0017262294082677086,6.10740852355957
NOC,2026-01-26,NORTHROP GRUMMAN SYSTEMS CORPORATION,16.568058844059586,47,2.42342397930059,2.5900265719238416,917068772.34,49476417.60819819,18399051.63,1.7607075185135426,2741391.39,96,10.405077857951706,18,25.283715803450345,2.8667695903673633e-05,0.005732328767896757,6.10740852355957
NOC,2026-01-27,NORTHROP GRUMMAN SYSTEMS CORPORATION,13.516200935087518,48,2.4360901324274047,4.5834170291429785,917068772.34,49194930.68910714,18489161.17,1.9156330411905824,3669322.54,105,15.018830543479368,19,25.265753163221458,3.906687822315252e-05,0.007605929142492435,6.10740852355957
NOC,2026-01-28,NORTHROP GRUMMAN SYSTEMS CORPORATION,11.804716732009002,48,2.4336971213640117,7.348408809654817,917068772.34,49161730.03699116,18579270.71,2.040201167507302,69376.0,117,16.99026888208106,20,25.289044627086092,7.216335598499652e-07,0.00014136258929417552,5.843673229217529
NOC,2026-01-29,NORTHROP GRUMMAN SYSTEMS CORP,10.804608436524155,49,2.409096387672792,8.9259763386937,917068772.34,49901852.94605263,18797711.045,2.040201167507302,2516697.23,128,17.60495269730746,20,25.298626246631798,2.5928488030417486e-05,0.005092586571297542,4.988753795623779
NOC,2026-01-30,NORTHROP GRUMMAN SYSTEMS CORPORATION,11.299202388862284,50,2.398109776956001,10.858448826023892,917068772.34,51347902.54947826,19016151.38,2.040201167507302,783548.72,146,19.23275598251226,20,25.3076116296434,8.000367272433155e-06,0.0015722777569288123,4.988753795623779
NOC,2026-02-02,NORTHROP GRUMMAN SYSTEMS CORPORATION,12.47552411389885,51,2.4043775870827115,9.020265147846573,917068772.34,51203098.642500006,20270603.705,2.223518559537088,200105.1,157,15.881841688646391,20,25.303157903540725,2.052278546340776e-06,0.00039779908050213047,6.068148136138916
NOC,2026-02-04,NORTHROP GRUMMAN SYSTEMS CORPORATION,11.704220901501362,53,2.3939377509213102,12.42883725849446,917068772.34,50436505.20533899,18797711.045,2.619125750733654,1000000.0,167,18.411340289858845,21,25.326975941142937,1.0014611482299504e-05,0.0019317777794599037,5.109622478485107
NOC,2026-02-09,NORTHROP GRUMMAN SYSTEMS CORP,10.38076472242564,56,1.7409143169811765,11.81900321114928,917068772.34,49392331.72115702,18399051.63,2.8783461735670266,13462428.0,156,21.75981010498596,19,25.33281714112966,0.00013403576523509308,0.025266322750369937,4.988753795623779
NOC,2026-02-10,NORTHROP GRUMMAN SYSTEMS CORPORATION,12.47880602492919,57,1.8057688081122327,8.986748587547044,917068772.34,49102545.62508197,18349525.815,2.9801893856809087,97020008.0,158,21.553419683865997,20,25.31705430726141,0.0009813057020849154,0.1817218754123101,4.988753795623779
NOC,2026-02-18,NORTHROP GRUMMAN SYSTEMS CORPORATION,6.298003619600823,63,1.6918807817036867,16.219369798941166,917068772.34,49029448.4943307,18300000.0,3.546333924542284,1856509.67,147,24.931806956905447,20,25.32148557264921,1.8694581950781903e-05,0.0034330160563945515,4.988753795623779
NOC,2026-02-24,NORTHROP GRUMMAN SYSTEMS CORPORATION,5.536404118918892,67,1.7072421752992493,16.415119066223482,917068772.34,48939009.90742424,17240391.57,3.65830188572943,59622.48,146,26.60344540290049,21,25.35871362576404,5.784430944206769e-07,0.0001074525203203851,5.936982154846191
NOC,2026-02-25,NORTHROP GRUMMAN SYSTEMS CORPORATION,9.148015544404831,68,1.8273376272638384,13.695352951714,917068772.34,48923113.12616541,17266917.05,3.725176849557168,5111960.0,158,22.695210811145277,22,25.36193423720319,4.943554851871302e-05,0.009208697987360981,6.200717449188232
NOC,2026-02-27,NORTHROP GRUMMAN SYSTEMS CORPORATION,6.0244644720650165,70,1.8456460523014084,19.03280471907938,917068772.34,48423073.95377778,17266917.05,3.8027497672371977,1452.0,156,32.07599025504646,22,25.338535947329078,1.4374087192313446e-08,2.533999191061544e-06,6.423845291137695
NOC,2026-03-03,NORTHROP GRUMMAN SYSTEMS CORPORATION,0.0,72,2.248282748702924,28.54965597741181,917068772.34,49761454.71613138,18041186.52,3.863364928841718,1200000.0,123,37.85782665936748,21,25.415820007349332,1.0995902081827596e-05,0.002039598654365156,5.717378616333008
NOC,2026-03-06,NORTHROP GRUMMAN SYSTEMS CORPORATION,0.0,74,2.207787304915496,29.37223023604752,917068772.34,49126818.39114286,18170593.26,3.929805259478965,188747.72,134,38.38653796886456,22,25.378667845221603,1.7950076796915528e-06,0.0003099418151342969,5.453643321990967
NOC,2026-03-10,NORTHROP GRUMMAN SYSTEMS CORPORATION,0.1795957777142698,76,2.215564422283871,24.59130540655532,917068772.34,48593066.25704225,17654051.785,4.019502127298889,8401443.24,126,33.98695183593734,21,25.38852442425333,7.911481858008818e-05,0.01355599081984135,5.717378616333008
NOC,2026-03-11,NORTHROP GRUMMAN SYSTEMS CORPORATION,0.4255428024452667,77,2.161280878126317,24.783273172928013,917068772.34,48421019.48307692,18041186.52,4.049844998500969,797841.0,134,32.90806047729161,22,25.37184746685262,7.63946595510342e-06,0.0012840608868951522,5.717378616333008
NOC,2026-03-13,NORTHROP GRUMMAN SYSTEMS CORPORATION,0.3066567628335459,79,2.0963664997965417,28.888710740540667,917068772.34,49260418.2897931,18300000.0,4.103879727260612,1306550.2799999998,151,30.256180186600663,22,25.37364181382593,1.2488017590959879e-05,0.0020904961361200873,5.717378616333008
NOC,2026-03-16,NORTHROP GRUMMAN SYSTEMS CORP,0.0,80,2.0884766041621523,28.04118949836023,917068772.34,49751739.29924657,18349525.815,4.116407026202947,40339.0,150,30.9791036158278,20,25.370118076102646,3.8692148168950493e-07,6.437882058329582e-05,5.332775592803955
NOC,2026-03-23,NORTHROP GRUMMAN SYSTEMS CORPORATION,3.308817530285202,85,2.115533618729821,16.000500266291517,917068772.34,49506670.17470199,18399051.63,4.201414876895928,5007989.0,163,22.08028156869818,21,25.332964135326254,4.98536352695278e-05,0.007802871885125214,6.208840370178223
NOC,2026-03-24,NORTHROP GRUMMAN SYSTEMS CORPORATION,2.9817025963072785,86,2.1154572521802573,14.161209668475816,917068772.34,49363410.25486842,18489161.17,4.1966665578554,3616715.0,167,22.644302902608224,22,25.294096990431996,3.743066472020338e-05,0.0055622245026483875,6.590577125549316
NOC,2026-03-25,NORTHROP GRUMMAN SYSTEMS CORP,1.633360268647155,87,2.0204585665582133,16.180576547494297,917068772.34,50525057.64379085,18579270.71,4.166393115471642,1342622.0,178,24.692017684154745,22,25.297268393635093,1.3851272986581343e-05,0.0020449757481740896,6.590577125549316
NOC,2026-03-26,NORTHROP GRUMMAN SYSTEMS CORPORATION,1.5188054731958722,88,2.0045128451703147,18.26479902355179,917068772.34,50947070.43655844,18797711.045,4.112600070654009,1673404.3,191,26.110962961658323,22,25.310447891037526,1.7037780820576822e-05,0.0025316520505318987,6.590577125549316
NOC,2026-03-27,NORTHROP GRUMMAN SYSTEMS CORPORATION,3.4609640728245683,89,1.9826232098625616,16.913678829414955,917068772.34,53441013.390387096,19016151.38,4.065713421901621,96129279.29,196,26.00469478684998,22,25.31157566446957,0.0009776379392883242,0.14459009431601944,6.590577125549316
NOC,2026-03-30,NORTHROP GRUMMAN SYSTEMS CORPORATION,4.60249804748758,90,1.3122046194952215,14.735853234889184,917068772.34,54998532.40775641,20270603.705,3.909303780361959,10665926.0,179,25.228449651991912,20,25.29262533854148,0.00011054801501566509,0.016005427752525853,7.021656513214111
NOC,2026-03-31,NORTHROP GRUMMAN SYSTEMS CORPORATION,2.9696266636954016,91,1.398007382672228,12.80118722365806,1712567795.2,65549480.91980892,21525056.03,3.832828295411846,8761769.49,188,21.409449582916157,21,25.281652288135195,9.181417605104768e-05,0.013023410581629627,6.865908145904541
NOC,2026-04-02,NORTHROP GRUMMAN SYSTEMS CORPORATION,0.0,93,1.501252528886653,13.160027621027105,1712567795.2,64912949.21635221,21525056.03,3.743246132285548,544000.0,201,20.35931516009436,22,25.318789556846635,5.492730699067253e-06,0.0008104401513911278,6.92140531539917
NOC,2026-04-03,NORTHROP GRUMMAN SYSTEMS CORPORATION,0.0,93,1.501252528886653,13.160027621027105,1712567795.2,64798727.80137501,21744830.59,3.669658529500685,5314.0,213,20.35931516009436,22,25.326649535399905,5.323501879726561e-08,7.951432335058604e-06,6.92140531539917
ONDS,2025-08-21,CONDOR SECURITY OF AMERICA INC,196.31579921516368,0,10.730466380875022,278.5773761134845,,,,,515.94,0,295.5684088631598,0,20.71416594834944,5.206564234402528e-07,7.51181908947407e-06,49.688419342041016
PLTR,2025-08-26,PALANTIR USG INC,28.787218850139663,0,3.4838639417790405,67.17497413533805,7888965.54,2842931.115,1741879.46,,1062644.54,5,12.288746715254684,4,26.644470643713603,2.8499775653032506e-06,9.22106894166552e-05,21.663558959960938
PLTR,2025-09-16,PALANTIR USG INC,21.684482180259312,0,2.906875024448349,61.40531682639396,23968566.46,7121922.859166667,5839606.37,,2000000.0,15,12.947064955254795,11,26.74440912880225,4.853786721779139e-06,0.00018288396883642,16.07646942138672
PLTR,2025-09-24,PALANTIR TECHNOLOGIES INC.,15.38204248870887,0,2.3145679749110744,87.54858014509009,24234917.6,8740189.993529413,8065829.05,-0.2524144441515424,14244448.96,24,24.4227416761875,14,26.79416779209421,3.289170860713766e-05,0.0013143555873529826,21.70735740661621
PLTR,2025-09-26,PALANTIR USG INC,16.675105102349107,0,2.22973657219692,108.19479162728804,54650960.86000001,12628026.257894738,8250000.0,-0.2524144441515424,5006058.0,30,27.43710431601154,14,26.77765305372148,1.1751922464962536e-05,0.00046485908467966484,21.70735740661621
PLTR,2025-09-30,PALANTIR USG INC,13.5730702529143,0,2.2178552974221075,100.97822221081736,54650960.86000001,14190106.32142857,8250000.0,5.401791682150236,13620731.13,36,23.495997664791,14,26.766508567907334,3.233355443211577e-05,0.0012624221317034034,18.980627059936523
PLTR,2025-11-06,PALANTIR USG INC,10.922590564899458,0,3.4547143042166057,21.69686766297414,54650960.86000001,13134515.65962963,8065829.05,6.160357445476455,3900000.0,5,-9.284983842021832,5,26.827718996728205,8.70831810002529e-06,0.0003632633351557222,12.717325210571289
PLTR,2026-01-27,PALANTIR USG INC,0.0,24,2.234634039047832,-15.756235936188334,226999481.7,16563947.863333331,6945365.199999999,2.977296076967737,2000000.0,9,-18.13143392029606,6,26.712613360827046,5.010596328515992e-06,0.00024489615307631685,10.826687812805176
PLTR,2026-01-30,PALANTIR USG INC,9.720990760620316,24,2.545241371218616,-30.81456418991355,226999481.7,16059186.31490196,7404730.399999999,2.977296076967737,2000000.0,14,-30.807234139894717,8,26.614768170595834,5.525645791389684e-06,0.0002507951882275231,10.015332221984863
PLTR,2026-02-12,PALANTIR USG INC,24.556640793017426,27,4.2444988630044165,-25.128329589732544,226999481.7,17029373.814545453,7888965.54,2.0793404647799947,11920528.04,17,-27.481252694132703,10,26.5021082408536,3.686176497819489e-05,0.0016069466621981576,8.928688049316406
PLTR,2026-03-10,PALANTIR USG INC,6.417888704124564,32,2.7958420632955634,-14.421391352746904,226999481.7,15871574.068412695,7404730.399999999,-0.670055401005984,16321745.74,12,-18.3477862646235,10,26.64786867027224,4.3625889012902224e-05,0.002128210105662863,10.058308601379395
PLTR,2026-03-18,PALANTIR USG INC,5.282445401413405,34,2.391389596364246,-15.265354362580483,226999481.7,16143331.863235291,7057729.845,-0.0153357898916305,600000.0,16,-15.794092686627646,12,26.639201216129514,1.617682025316741e-06,8.012189187284694e-05,11.052790641784668
PLTR,2026-03-26,PALANTIR TECHNOLOGIES INC.,10.2331298138709,39,3.045515296627481,-18.055194087488367,226999481.7,17456945.85561644,6710729.29,0.7841985877562175,4112500.0,21,-13.922378444983574,15,26.638427153944818,1.1096448232668762e-05,0.0005490037148668937,11.569220542907715
PLTR,2026-04-02,PALANTIR TECHNOLOGIES INC.,18.03178485992307,42,3.1888331423089027,-18.22699528415645,226999481.7,17809779.944675326,6770222.550000001,0.9157864935409618,5694902.0,24,-12.447175725486836,17,26.58221729575986,1.6254588023654143e-05,0.0007632097003452839,7.749489784240723
PSN,2025-08-25,PARSONS GOVERNMENT SERVICES INC.,12.032627772260753,0,1.4362180699528693,26.545670590009276,22866272.63,4344992.95875,1757875.135,,60.27,21,11.661565355017569,8,22.866186398934232,7.070377729072562e-09,7.00395007367932e-07,36.05625915527344
PSN,2025-08-27,PARSONS GOVERNMENT SERVICES INC.,11.14016054966589,0,1.421960080152777,26.3349168632246,22866272.63,4225781.117000001,2196450.855,,210369.39,26,17.479655995338963,10,22.86731335035124,2.4651000110109934e-05,0.0024954120143406283,32.60781478881836
PSN,2025-08-28,PARSONS GOVERNMENT SERVICES INTERNATIONAL INC.,11.752189249467172,0,1.3963513581633276,19.441987804035037,22866272.63,5726773.112727273,2583178.19,,1138232.72,29,8.766417171197773,11,22.87267988648544,0.00013266379137934054,0.013593982224336259,33.76069641113281
PSN,2025-09-02,AMENTUM PARSONS LOGISTICS SERVICES LLC,10.6992274505338,0,1.3657482482539087,24.22233591399912,22866272.63,4795769.956153846,2583178.19,,10000.0,34,10.196871500313144,13,22.869688138161585,1.1690164938751307e-06,0.00012905943844878902,33.41997146606445
PSN,2025-09-04,PARSONS GOVERNMENT SERVICES INC.,20.82543852757437,0,1.9054562354058744,12.029049609495534,22866272.63,4464330.102142857,2196450.855,,620055.0,36,-2.2640567512138388,14,22.8518013005365,7.379365263059218e-05,0.008008029750892076,29.622657775878906
PSN,2025-09-05,PARSONS GOVERNMENT SERVICES INC.,18.03040200201762,0,1.963156000324907,14.249689431464828,22866272.63,4238775.095333334,1809723.52,,200000.0,39,0.8191059093075834,15,22.78912515173899,2.5341872108846806e-05,0.0025530815410725514,30.09848403930664
PSN,2025-09-11,PARSONS GOVERNMENT SERVICES INC.,17.332460848723528,0,1.836277539321216,11.950836485948166,22866272.63,4029777.379473685,1809723.52,,3130824.16,49,0.5150155051447438,19,22.800695314298817,0.0003921412401598872,0.03961751239158458,29.668060302734375
PSN,2025-09-12,PARSONS GOVERNMENT SERVICES INC.,16.53614945806108,0,1.76247145192038,12.843652196717102,22866272.63,3983110.2585,2196450.855,,1094959.89,49,2.016027661821472,19,22.818460547953613,0.00013473074434054288,0.013970234415707961,31.423805236816406
PSN,2025-09-18,PARSONS GOVERNMENT SERVICES INC.,9.65246295087141,0,2.890478193989789,17.35442974803405,22866272.63,3744180.9929166655,2208821.31,-5.792928554846941,7151422.630000001,49,10.272984712614488,19,22.90380450347704,0.0008079724154117486,0.08870477735693204,34.3062858581543
PSN,2025-09-24,PARSONS GOVERNMENT SERVICES INC.,10.685512510523877,0,2.903627456321736,10.165889668545994,38125571.36,6408885.819285714,2993852.785,-2.3976597171035925,2996703.0,60,5.103994218898889,20,22.870061039618534,0.0003501889131177258,0.03675627151586857,35.008995056152344
PSN,2025-09-26,PARSONS GOVERNMENT SERVICES INC.,9.612081904070614,0,2.953107421183652,6.616932487373784,38125571.36,6809259.076,3124913.955,-1.578111799285609,356285.89,69,3.2516686517163764,20,22.864680305610737,4.1859509599828854e-05,0.004363117160149067,34.68576431274414
PSN,2025-09-27,PARSONS GOVERNMENT SERVICES INC.,9.063146353998498,0,2.953107421183652,6.616932487373784,101483072.7,9863253.063870968,3165213.3600000003,-1.578111799285609,630000.0,75,3.2516686517163764,20,22.88652284908642,7.24185735506514e-05,0.0077916346182809355,32.041072845458984
PSN,2025-09-30,PARSONS GOVERNMENT SERVICES INTERNATIONAL INC.,7.68210671399614,0,2.9627376191176387,4.739637700218232,108790458.0,12581251.605454544,3165213.3600000003,-1.1134307742751308,212285.19,78,3.913353873575743,20,22.89154341504158,2.4280001510592783e-05,0.002621588717379481,31.59004020690918
PSN,2025-10-15,PARSONS GOVERNMENT SERVICES INC.,2.9722981593847786,0,1.5603758446554794,2.551760310179961,108790458.0,12678643.738857144,3165213.3600000003,4.419649744374503,500000.0,67,6.0794743669974505,14,22.944935392872726,5.4213965564450156e-05,0.006165625615823543,37.24122619628906
PSN,2025-12-05,PARSONS GOVERNMENT SERVICES INC.,9.122283108566688,12,5.046037468908775,-18.12506236042998,108790458.0,10652563.166875,3124913.955,4.715746174652795,285379.77,16,-16.973767583360512,11,22.922688796771155,3.163923168998649e-05,0.003516833400681239,58.08917236328125
PSN,2026-01-08,PARSONS GOVERNMENT SERVICES INC.,6.689167244345895,35,2.3761366216549904,-21.047998951763223,108790458.0,10818176.846875,3166608.4800000004,-1.511455884124963,4783889.82,31,-25.362499184404463,15,22.672270429163007,0.0006813013179301913,0.04812769695628403,14.344271659851074
PSN,2026-01-16,PARSONS GOVERNMENT SERVICES INC.,0.3587720875547484,35,1.9085418259788505,-12.908252868207482,108790458.0,10600649.526417913,3168003.600000001,-0.9542297930635382,3387765.33,31,-17.949494610514684,12,22.766127790857006,0.00043924785090526593,0.03347563263469256,21.588111877441406
PSN,2026-01-29,PARSONS GOVERNMENT SERVICES INC.,0.0,36,2.2051473560457566,-18.168991011250647,108790458.0,9774694.236216215,3124913.955,1.1584382210903452,784920.32,34,-16.779267181188807,14,22.759040953232535,0.00010249429035361505,0.007595469171752636,15.929499626159668
PSN,2026-02-11,PARSONS GOVERNMENT SERVICES INC.,12.630706407222505,37,3.569445357479269,-31.747974658507538,108790458.0,10593990.928607594,3084614.55,1.7080202873135164,246499.78,33,-32.59386896661069,13,22.737901496094448,3.287542577810747e-05,0.0025179041342756497,25.023168563842773
PSN,2026-02-24,PARSONS GOVERNMENT SERVICES INC.,4.900290693011766,40,3.825934197991474,-27.76802725075873,108790458.0,9875818.19116279,2918040.555,1.2504017747312994,5068251.31,35,-25.307630986688668,15,22.649814870499313,0.0007381906276296717,0.04907215330353059,14.686772346496582
PSN,2026-02-27,PARSONS GOVERNMENT SERVICES INC.,2.818182742956909,42,3.837556790958031,-19.350965943171328,108790458.0,10069243.94764045,2993286.86,0.9187920539031468,4558647.09,44,-21.322634732452563,16,22.677889014051992,0.0006455857153775761,0.043642671519190185,8.954544067382812
PSN,2026-03-03,PARSONS GOVERNMENT SERVICES INC.,0.0,44,3.872978829569751,-15.736537176576858,108790458.0,10211353.125604397,3084614.55,0.6608604498573529,85000.0,39,-19.363269529466265,16,22.70099510383965,1.1762564513791078e-05,0.0008117405440054461,8.900525093078613
PSN,2026-03-05,PARSONS GOVERNMENT SERVICES INC.,0.0,44,3.881047452023386,-18.18975017894039,108790458.0,10003009.21172043,2993286.86,0.4506844754691007,2370000.0,45,-1.4552865693311046,18,22.678555991626716,0.0003354104747256074,0.022840207599239378,6.294642925262451
PSN,2026-03-09,PARSONS GOVERNMENT SERVICES INC.,0.0,44,3.9006690773613135,-21.107142010239432,108790458.0,9849055.056842104,2993286.86,0.4506844754691007,100000.0,46,-3.600602107317419,18,22.665752946294408,1.4334698642831464e-05,0.0011596513258453668,6.6101508140563965
PSN,2026-03-10,PARSONS GOVERNMENT SERVICES INC.,2.545083895046907,45,4.03673261697225,-24.52536950997505,108790458.0,9776548.034479167,2963138.475,0.4506844754691007,25000.0,49,-10.254085776394897,19,22.62441305062298,3.7349282610755498e-06,0.0002954713387885026,7.5133209228515625
PSN,2026-03-16,PARSONS GOVERNMENT SERVICES INC.,15.665402884984548,49,2.5581186932015467,-35.950098490779524,108790458.0,9494281.72141414,2903091.02,0.144557488338848,140000.0,41,-13.57670698625232,17,22.49487052064121,2.380838284199916e-05,0.001736457718048648,8.477262496948242
PSN,2026-03-17,PARSONS GOVERNMENT SERVICES INC.,14.488738335003635,49,2.643653237657938,-33.82665177147766,108790458.0,9514559.5063,2918040.555,-0.0644266230910576,117000.0,44,-10.204357603086578,18,22.45116291664189,2.0785941215945747e-05,0.0014600794785189447,6.681355953216553
PSN,2026-03-18,PARSONS GOVERNMENT SERVICES INC.,21.36567802492577,50,2.6671374433147506,-36.98866565976892,108790458.0,9421549.016138615,2903091.02,-0.1349905564167135,825621.53,46,-13.656040788942205,19,22.48075866819691,0.00014240051864492355,0.010336668014364597,8.477262496948242
RDW,2026-01-30,"REDWIRE SPACE TECHNOLOGIES, INC.",120.42552866834276,2,10.944325079345338,21.47907664147144,2499551.03,923782.825,900894.11,32.75249227933782,732500.0,0,57.8679905971528,0,21.472595599599853,0.0003462404854356475,0.004137667409063688,152.87942504882812
SATL,2025-09-05,IRIDIUM SATELLITE LLC,18.28571047101701,0,3.3644026903934865,-17.786379447565448,8305503.36,3579922.7533333334,1489025.16,,4327484.69,3,-10.417452842607954,3,19.704644782574753,0.011984420619648646,0.8387181209019088,28.670509338378906
SATL,2025-11-24,IRIDIUM SATELLITE LLC,382.8767127761655,0,5.007278167365479,-71.7332239358885,8753782.24,1959913.653529412,945239.74,-13.177144161969888,5903610.47,4,-64.81635657960122,4,19.031724480643202,0.0320438559871659,0.5414030669398916,28.675617218017578
SATL,2026-02-11,IRIDIUM SATELLITE LLC,233.54036259911496,14,11.66994925953777,-13.227610359921036,8753782.24,2041209.1465,1108956.85,3.694891377689373,573179.0,1,109.976680583967,1,19.97738758645825,0.0012084288325642995,0.020634915771303327,58.21583557128906
SATL,2026-03-03,SATELLITE SERVICES INC,244.23077452112253,18,7.666393132589608,-21.342088138752324,8753782.24,1916714.4728571428,945239.74,3.694891377689373,231640.92,2,94.01540588889274,2,19.931154435594124,0.0005114755662237476,0.0075544596048460425,57.10983657836914
SPIR,2025-09-03,"CORESPHERE, LLC",59.29705982846838,0,4.662084097093655,-29.741244890620155,1405055.04,947423.8,947423.8,,235470.0,2,-30.66373946574267,2,19.46572273781705,0.0008280939514940126,0.03588332965938002,25.726173400878906
TXT,2025-08-20,BELL TEXTRON INC,14.671498787234682,0,1.9953431809099669,-1.417162798290807,5966119.33,2560941.796666667,2637584.52,,9319535.0,6,-1.7502209220691114,3,23.375558260300483,0.0006569287665952339,0.07444655151350879,15.544896125793457
TXT,2025-08-21,BELL TEXTRON INC,14.397364149107394,0,1.210901751274735,-1.1883367462519834,10897811.0,113891.59750000016,4301851.925,,177396.36,9,-1.4165585045989415,4,23.370651839266564,1.2566072817190675e-05,0.0014067807987361125,19.223512649536133
TXT,2025-08-28,TEXTRON AVIATION DEFENSE LLC,13.004011764806368,0,1.337491157638495,-6.608794689715447,10897811.0,642400.055,1997490.44,,2818728.37,15,-1.1423084836073016,8,23.402916627196685,0.00019332840812978313,0.02268713421566051,21.603343963623047
TXT,2025-09-11,BELL TEXTRON INC,17.17609724998297,0,1.347530528145526,-5.053335826338847,103000000.0,11624291.281875,2325921.21,,5798325.62,30,-2.966851727950571,16,23.392235635425155,0.0004019608396913895,0.04558553535882164,15.669063568115234
TXT,2025-09-22,BELL TEXTRON INC,15.39367653021344,0,1.256920627272727,-4.277421649551739,103000000.0,9064930.916666666,2014257.9,2.858093818707852,355930.8,30,-5.236360712269206,16,23.424067387961625,2.3901346085481125e-05,0.0028455045425203017,16.634990692138672
TXT,2025-09-26,BELL TEXTRON INC,15.393677937833882,0,1.1977381639718825,5.836554524257085,182085388.54,15203131.5276,2210009.99,3.9347540777636025,6695674.0,42,-5.047040459640884,18,23.40876295718956,0.00045655985332097567,0.0544605711729191,19.263832092285156
TXT,2025-09-30,BELL TEXTRON INC,14.027922076396536,0,1.1705364828114715,3.786324845515402,182085388.54,15311122.115555556,2637584.52,3.4578997809071206,5451568.01,45,-3.768629102998533,17,23.428958453704556,0.00036429571358450387,0.04383446641677225,19.015281677246094
TXT,2025-10-23,BELL TEXTRON INC,26.83176556720817,0,1.737522316579547,-7.252294810439963,182085388.54,12948937.207027026,2210009.99,3.658283080046619,896223.59,41,-4.328453272428123,15,23.411552150362812,6.094084324974742e-05,0.008277300851553128,14.566614151000977
TXT,2025-12-17,TEXTRON AVIATION DEFENSE LLC,15.244736223949973,16,1.0800774356803888,-0.6004222293564787,587993428.5,27326736.874,2112133.945,1.1321122227531977,510822.59,27,4.126072291278415,13,23.456192077416407,3.3218139840739614e-05,0.004517523146589868,18.656225204467773
TXT,2025-12-23,TEXTRON AVIATION DEFENSE LLC,11.348064678658677,19,1.0490309827981186,-0.5354579984224959,587993428.5,27313741.59983871,2227469.21,1.5587181339299374,1034186.0,28,3.759753591163517,13,23.507554861969844,6.388476399457275e-05,0.00873213623980131,18.659696578979492
TXT,2026-01-21,TEXTRON AVIATION DEFENSE LLC,4.620020455801277,34,1.569383494899354,14.818023936506174,587993428.5,23244754.9756,1879773.0,3.032355802474658,1057512.62,17,18.898898932717387,14,23.532333341916015,6.372693659544406e-05,0.008352151623501546,10.983630180358887
TXT,2026-02-05,BELL TEXTRON INC,8.529887100301025,40,2.3991601872662014,9.98671853396804,587993428.5,22067768.453580245,1879773.0,3.016081020975712,2608166.88,23,11.926836338498047,15,23.505902996319595,0.00016138063211635888,0.018400548544985962,12.930977821350098
TXT,2026-03-26,BELL TEXTRON INC,8.167966618892297,61,1.418830813937071,6.044545572746108,587993428.5,19705907.88989796,1947015.45,3.058762003441742,366958.14,22,6.151280806379778,12,23.482953242743957,2.323269086406165e-05,0.0021580345737787976,9.019209861755371
VSEC,2025-08-20,VSE CORPORATION,14.619573014739816,0,3.77171097420786,26.09419745110757,19293.0,19293.0,19293.0,,196384.75,1,15.682065775874944,1,21.92486110847192,5.9055665001930065e-05,0.006101258194460965,77.44205474853516
VSEC,2025-12-08,VSE CORPORATION,36.17516376439986,4,2.5274849412901377,9.58187493368925,7889242.2,1539658.2028571428,196384.75,0.7865613941847555,35225.35,1,-2.4865411931510373,1,22.098828435654955,8.90135395685981e-06,0.0007869246142334856,63.12042999267578
VSEC,2026-03-20,VSE CORPORATION,34.27907853641592,9,2.660699277737506,9.375846232808504,7889242.2,1663178.771333333,946923.2,4.800087339904353,1507074.15,6,4.167212384839525,5,22.35513133599163,0.00029473006457098055,0.013613689689883088,74.3811264038086
WWD,2025-09-17,COUNTY OF WOODWARD,41.63251607512719,0,0.9428761167896896,10.235897448694931,5812499.8,1640667.2514285713,1175188.56,,72000.0,9,-11.453622349490066,7,23.388968435566376,5.007633861469226e-06,0.0005285127010923473,20.7061710357666
WWD,2026-02-11,WOODWARD HRT INC,11.797958928428788,14,3.298147815353577,49.507569576599366,7843071.0,1315152.214347826,655114.55,5.267549822801556,7507277.9,9,44.8690292101368,6,23.87814959880657,0.00032013553525995765,0.03669663341436146,33.20085525512695
WWD,2026-02-25,WOODWARD HRT INC,10.98945088212504,15,3.2573199137873674,52.96604612372408,7843071.0,1703320.775,1096094.28,7.10500254278503,28634.15,9,29.831953589944103,6,23.887181291896955,1.210077741237635e-06,0.0001360885328893788,23.36522102355957
WWD,2026-03-17,WOODWARD HRT INC,18.946836468899164,15,2.3851325384805016,52.45937193781489,7843071.0,1582976.4503448275,1017000.0,8.11966754342368,2560400.0,5,27.483583087384567,4,23.81587142348326,0.00011620004000919968,0.01141458825864394,21.138370513916016
