ticker,award_date,company,transaction_amount_abs_sum,peak_pct,prior_response_count_60d,pre_volatility_market_20d,relative_strength_spy_120d,prior_abs_award_max,prior_signed_award_mean,prior_abs_award_median,prior_response_mean_20d,transaction_amount_abs_sum,prior_transactions_30d,relative_strength_spy_60d,prior_award_days_30d,award_to_market_cap,log10_award_to_market_cap,log10_market_cap_before,award_to_ltm_revenue,market_cap_before,ltm_revenue_before
ACN,2025-08-19,ACCENTURE FEDERAL SERVICES LLC,1069277.58,7.339369528064132,0,2.0322580652593905,-36.13908675886539,25607054.43,8867141.426666668,7641789.204999999,,1069277.58,23,-28.78791905881173,6,7.032945050010628e-06,-5.152862775814291,11.18195323669529,1.6162603890137517e-05,152038381132.86328,66157507000.0
ACN,2025-08-25,ACCENTURE FEDERAL SERVICES LLC,446163.18,7.268111068414762,0,2.058109112062746,-37.24956631330242,25607054.43,7761660.723,4860974.325,,446163.18,42,-28.215545447940805,10,2.8203175831031583e-06,-5.549701985005665,11.199195711906802,6.743953940102368e-06,158196077871.87305,66157507000.0
ACN,2025-08-27,ACCENTURE FEDERAL SERVICES LLC,1704503.97,7.315646131764031,0,2.0320543381334844,-37.61398469340037,25607054.43,8270161.792499999,5275616.140000001,,1704503.97,51,-27.24782732104152,12,1.0934927157571333e-05,-4.961184105646023,11.19278212273753,2.576433192985945e-05,155877030129.07617,66157507000.0
ACN,2025-09-02,ACCENTURE FEDERAL SERVICES LLC,35164804.77,10.01287403127884,0,1.7360484041662745,-36.93005122582306,26540331.520000003,8586747.517333332,6063204.65,,35164804.77,76,-26.64933138155078,15,0.00022164492225928964,-3.6543422136542074,11.200450424269064,0.0005315315882443999,158653780161.32812,66157507000.0
ACN,2025-09-03,ACCENTURE FEDERAL SERVICES LLC,78000.0,10.887276425651148,0,1.3951413814475238,-36.73007813088457,36320758.46,10320123.20125,9485794.185,,78000.0,81,-27.352034520694435,16,4.989293761513623e-07,-6.30196092475425,11.19405552744473,1.1790045232508535e-06,156334751426.4961,66157507000.0
ACN,2025-09-05,ACCENTURE FEDERAL SERVICES LLC,70000.0,13.175139070162434,0,1.2819016141175692,-34.92326676735609,36320758.46,10473543.066666666,13141988.28,,70000.0,94,-27.798883696418077,18,4.513163562221985e-07,-6.345518926864685,11.190616966878942,1.058080982404612e-06,155101846044.18945,66157507000.0
ACN,2025-09-08,ACCENTURE FEDERAL SERVICES LLC,2369986.14,12.90058141359398,0,1.2440570742934236,-35.83623640134678,43706678.09,12222655.43631579,13375592.84,,2369986.14,103,-27.751569912235777,19,1.5159726167382976e-05,-4.819308643365483,11.19405444957005,3.5823389475664494e-05,156334363420.04395,66157507000.0
ACN,2025-09-11,ACCENTURE FEDERAL SERVICES LLC,5452824.529999999,18.18144590667652,0,1.3633932032540883,-35.04113557788543,45158749.55,13988039.111363636,13457504.295,,5452824.529999999,123,-31.37857178714316,22,3.675288955381626e-05,-4.434708510513262,11.171330032979313,8.242185622260523e-05,148364512183.88086,66157507000.0
ACN,2025-09-15,ACCENTURE FEDERAL SERVICES LLC,960454.73,21.30156161677609,0,1.4490131883930413,-37.25551810375738,45158749.55,13354777.726,13375592.84,,960454.73,120,-32.92350086054798,21,6.597638104591777e-06,-5.180611510174319,11.16308840985144,1.4517698346765091e-05,145575540030.23438,66157507000.0
ACN,2025-09-16,ACCENTURE FEDERAL SERVICES LLC,360000.0,21.84451743206337,0,1.4291153766129625,-37.60208428159601,45158749.55,13272359.425384616,13141988.28,2.2028835629630983,360000.0,125,-27.66022740029037,21,2.4799082705887204e-06,-5.60556438301004,11.161866883777327,5.441559338080862e-06,145166659698.48047,66157507000.0
ACN,2025-09-18,ACCENTURE FEDERAL SERVICES LLC,892830.53,20.450838684981896,0,1.351092841135355,-38.71185038615727,45158749.55,14621518.98535714,13457504.295,-0.5051457535977096,892830.53,140,-29.08613148732302,22,6.064467633784137e-06,-5.217207317445002,11.167976349826853,1.3495528632903292e-05,147223232757.67688,66157507000.0
ACN,2025-09-19,ACCENTURE FEDERAL SERVICES LLC,2803724.35,20.375469884725028,0,1.3532487535544169,-40.57915666773424,45158749.55,14353322.47413793,13375592.84,-1.3039231328670935,2803724.35,142,-27.851007048031303,22,1.9178388792696004e-05,-4.71718788141111,11.164923194857447,4.237953449485332e-05,146191861073.74072,66157507000.0
ACN,2025-09-22,ACCENTURE FEDERAL SERVICES LLC,188377.58,20.230007873239607,0,1.2416964009325844,-42.214374768026346,45158749.55,14489383.538333332,13457504.295,-2.5176859205332285,188377.58,135,-27.824903310860616,20,1.2877577898416266e-06,-5.890165814326435,11.165195027742502,2.847410498705763e-06,146283393885.09338,66157507000.0
ACN,2025-09-23,ACCENTURE FEDERAL SERVICES LLC,3351969.8,22.522295660665947,0,1.2729839078560323,-43.05350484063749,45158749.55,14537583.948387096,13539415.75,-2.975363592939075,3351969.8,147,-28.048989669876743,21,2.288652992386672e-05,-4.6404200504516995,11.165720147595966,5.066650712820844e-05,146460376961.9295,66157507000.0
ACN,2025-09-25,ACCENTURE FEDERAL SERVICES LLC,1500147.81,24.071218418292297,0,1.4247621188669428,-45.39895680199318,101210178.16,17961345.226969697,14447915.92,-3.614555654381295,1500147.81,169,-29.603097151269708,22,1.0281672945145724e-05,-4.987936214938694,11.164070267264233,2.267539812224182e-05,145905031020.09906,66157507000.0
ACN,2025-09-30,ACCENTURE FEDERAL SERVICES LLC,8421236.97,17.00729453138756,0,1.7352845313184522,-46.43897111498059,101210178.16,19784949.042894736,15655307.075,-4.531040986910165,8421236.97,188,-25.165536686465373,23,5.434301081883202e-05,-4.2648563036107765,11.19023219199746,0.00012729072408970913,154964490246.49377,66157507000.0
ACN,2025-10-22,ACCENTURE FEDERAL SERVICES LLC,1124050.59,15.814405783931296,0,2.029157677126188,-36.94788028599941,101210178.16,17280731.926382978,12908383.72,-2.7956262333309163,1124050.59,114,-16.084216143205754,17,7.38465412552332e-06,-5.131669840892901,11.182455698801574,1.6133236132568298e-05,152214385520.7766,69672977000.0
ACN,2025-10-28,ACCENTURE FEDERAL SERVICES LLC,1407.1,13.88987376194899,0,1.7155883377984258,-39.95654137152491,101210178.16,16359105.3612,10410195.385,-2.307697666874093,1407.1,46,-11.255087857160472,14,9.2346142787888e-09,-8.034581239919683,11.1829062029585,2.0195778343158782e-08,152372363102.59332,69672977000.0
ACN,2025-10-31,ACCENTURE FEDERAL SERVICES LLC,780339.0,15.369858354689692,0,1.7753452314743208,-39.627152531602185,101210178.16,15576645.385849057,8825035.73,-1.673966770743328,780339.0,28,-4.710474178759494,14,5.1524941874771425e-06,-5.287982489475587,11.180265802224177,1.1200023791146458e-05,151448788025.1416,69672977000.0
ACN,2025-11-07,ACCENTURE FEDERAL SERVICES LLC,289485.6,17.407236338374577,0,1.7274264059971622,-36.11210028743916,101210178.16,14770113.798571426,8153143.284999999,-1.1611090514435551,289485.6,31,-4.4853516370185975,14,1.974090429840029e-06,-5.704632956893844,11.166259922207452,4.154919345559182e-06,146642522360.77075,69672977000.0
ACN,2025-11-12,ACCENTURE FEDERAL SERVICES LLC,155000.0,17.04051848151982,0,1.708002917816582,-39.5775868114347,101210178.16,14378337.546724137,8041172.779999999,-1.212408581278294,155000.0,33,-10.760013598736885,15,1.0516758218142586e-06,-5.978118110461753,11.168449808632044,2.2246788737045065e-06,147383819980.38867,69672977000.0
ACN,2025-11-18,ACCENTURE FEDERAL SERVICES LLC,15.82,20.22499928784962,0,1.3664436048095,-36.59663671762779,101210178.16,13484680.395,6637189.875,-1.2690477178951636,15.82,35,-9.294121888917903,16,1.0741579337513677e-10,-9.968931859498575,11.168138338660233,2.2706077278713095e-10,147278156246.07965,69672977000.0
ACN,2025-11-20,ACCENTURE FEDERAL SERVICES LLC,153657.52,19.830570815207203,2,1.3679156750735846,-33.771163949693474,101210178.16,13270260.787142858,6063204.65,-1.1121776061136546,153657.52,38,-7.543319419199923,17,1.0443969751341351e-06,-5.981134394685608,11.167688214172806,2.2054105711601786e-06,147125588888.52133,69672977000.0
ACN,2025-11-21,ACCENTURE FEDERAL SERVICES LLC,100000.0,14.568204426009835,3,1.7217077641358487,-30.301534243499685,101210178.16,13162694.163125,6637189.875,-1.0258071596821796,100000.0,42,-3.5259223849747223,17,6.805100729958801e-07,-6.167165441931403,11.167165441931404,1.4352766927125849e-06,146948596307.70728,69672977000.0
ACN,2025-11-24,ACCENTURE FEDERAL SERVICES LLC,7932695.37,18.43854600006316,5,1.8535318668158252,-35.47742680044402,101210178.16,13222344.18753846,7211175.1,-1.0258071596821796,7932695.37,40,-10.247628710000134,15,5.1612133688121696e-05,-4.287248186467291,11.186668963371867,0.00011385612774950035,153698264403.0017,69672977000.0
ACN,2025-11-25,ACCENTURE FEDERAL SERVICES LLC,888176.26,15.772592119786877,6,1.9162185740161397,-35.05422675935283,101210178.16,13351159.613787878,7532877.645,-1.0932462492995023,888176.26,46,-8.428839323163483,16,5.973917281403028e-06,-5.2237407952034225,11.172239955969937,1.274778684998633e-05,148675687687.36014,69672977000.0
ACN,2025-12-10,ACCENTURE FEDERAL SERVICES LLC,2025961.79,5.995157439287224,16,1.974980049987324,-20.149699700463287,101210178.16,12292016.0868,7211175.1,-0.7737534325361118,2025961.79,60,10.486827369401276,18,1.2316779377974271e-05,-4.909502837725627,11.216134087955892,2.9078157375132686e-05,164487949960.60147,69672977000.0
ACN,2025-12-12,ACCENTURE FEDERAL SERVICES LLC,317433.59,6.252777757706229,18,1.978676693910348,-21.913634776651904,101210178.16,12383652.64974026,7854580.189999999,-0.4149979440385791,317433.59,78,10.13268121956188,19,1.923833007419784e-06,-5.7158326282980125,11.217485509065268,4.556050332110828e-06,165000594529.63498,69672977000.0
ACN,2025-12-16,ACCENTURE FEDERAL SERVICES LLC,9289800.31,6.065289135555818,20,1.9220767814973316,-18.91753815690952,101210178.16,12260006.27898734,7854580.189999999,-0.2317278230264949,9289800.31,81,11.550697804903898,18,5.227490134222279e-05,-4.281706778148142,11.249713156813778,0.00013333433864897148,177710527834.0634,69672977000.0
ACN,2025-12-23,ACCENTURE FEDERAL SERVICES LLC,120000.0,6.562780778952049,26,1.5052997993178556,-21.3592777342566,101210178.16,13226626.37654762,8339735.875,0.709745071238196,120000.0,96,5.658801225094456,19,7.296430354615913e-07,-6.136889558571773,11.216070804619397,1.696699256818861e-06,164463983301.21094,70725557000.0
ACN,2025-12-29,ACCENTURE FEDERAL SERVICES LLC,951038.99,6.33892157144087,30,1.4375251973789265,-19.16023540966737,138676687.43,14701527.485882357,8451706.379999999,1.1575211051089602,951038.99,92,7.962610800701818,17,5.773699508490673e-06,-5.23854582267218,11.216744144861686,1.3446892896156335e-05,164719169849.66455,70725557000.0
ACN,2026-01-08,ACCENTURE FEDERAL SERVICES LLC,332000.0,2.384489512087784,40,1.5941682042791598,-10.717705998593551,186403763.58,16005276.558021978,8227765.37,1.3085004776811076,332000.0,93,11.409166673358053,17,1.994291095821648e-06,-5.700211449794633,11.22134953349867,4.694201277198849e-06,166475195469.5039,70725557000.0
ACN,2026-01-13,ACCENTURE FEDERAL SERVICES LLC,1641138.0,4.241328197621463,41,1.6202131230002308,-13.248956631946008,186403763.58,15739346.034301076,7854580.189999999,1.4010948967786805,1641138.0,71,12.955346819505298,15,9.613245123014759e-06,-5.017129983703168,11.23227508524293,2.3204313541143268e-05,170716337615.38074,70725557000.0
ACN,2026-01-15,ACCENTURE FEDERAL SERVICES LLC,30000.0,0.0,42,1.8380360036438583,-7.646398374268615,186403763.58,17148156.80094737,7854580.189999999,1.4558840168370044,30000.0,77,15.400810826328136,16,1.7111363292261367e-07,-6.7667153880790005,11.243836642798664,4.241748142047153e-07,175322091452.33643,70725557000.0
ACN,2026-01-20,ACCENTURE FEDERAL SERVICES LLC,697618.19,4.539618371316823,43,2.128722482064596,-9.493025450067416,186403763.58,17285727.046804123,8227765.37,1.5608551059445577,697618.19,59,7.696191018760468,14,4.011459218871401e-06,-5.396697618545406,11.240315414600698,9.863735537635992e-06,173906339797.28467,70725557000.0
ACN,2026-01-23,ACCENTURE FEDERAL SERVICES LLC,2742000.0,0.0,45,2.262877557635325,-1.430581416705378,186403763.58,16879025.9966,8339735.875,1.6090796579104196,2742000.0,64,11.203309752258429,15,1.5829049882635807e-05,-4.8005451522956974,11.23861260274919,3.876957801831098e-05,173225810792.84656,70725557000.0
ACN,2026-01-29,ACCENTURE FEDERAL SERVICES LLC,3926899.51,2.1323064221850485,48,2.4684369389745062,-2.335436192448981,186403763.58,16591552.312761905,7854580.189999999,1.6786480505955366,3926899.51,76,2.389111481490458,19,2.3898151562759332e-05,-4.6216356888902945,11.215685476636168,5.552306233516125e-05,164318127269.69714,70725557000.0
ACN,2026-01-30,ACCENTURE FEDERAL SERVICES LLC,418000.0,1.194809116440232,49,2.4765782444638718,0.9957005957085272,186403763.58,16613240.610471696,8041172.779999999,1.6786480505955366,418000.0,80,4.556052470759409,19,2.6335356431488437e-06,-5.579460799380506,11.200637081155541,5.910169077919033e-06,158721983158.81128,70725557000.0
ACN,2026-02-03,ACCENTURE FEDERAL SERVICES LLC,400000.0,0.1824031217456223,50,3.2009234938852584,-6.4993401665703,186403763.58,16856407.76293578,8227765.37,1.5988261055921786,400000.0,88,-4.731591562865656,20,2.4675151130453986e-06,-5.607740178681782,11.209800170009744,5.655664189396203e-06,162106403273.989,70725557000.0
ACN,2026-02-05,ACCENTURE FEDERAL SERVICES LLC,1391772.0,3.116703934027898,52,3.050879323885601,-10.778617410813972,186403763.58,16517603.237207206,7856130.23,1.560920800150168,1391772.0,96,-6.245575545556692,22,9.478741527079775e-06,-5.023249319215234,11.166817414222475,1.9678487650510833e-05,146830884250.17737,70725557000.0
ACN,2026-02-12,ACCENTURE FEDERAL SERVICES LLC,488677.23,0.981754541096036,55,3.031410572374453,-20.38387666704561,186403763.58,16115720.927739132,7854580.189999999,1.06743450217849,488677.23,102,-11.134605529931465,22,3.490217419200465e-06,-5.4571475183078855,11.146169621781041,6.90948577471083e-06,140013406417.51355,70725557000.0
ACN,2026-02-17,ACCENTURE FEDERAL SERVICES LLC,1676127.3,1.6917577589181445,58,3.065767801556265,-21.0169423464976,186403763.58,15809701.935677968,7757269.529999999,0.7146736117239887,1676127.3,88,-12.134424733463325,21,1.2302196828367661e-05,-4.910017328784379,11.134324328513035,2.369903286869837e-05,136246178091.94977,70725557000.0
ACN,2026-02-20,ACCENTURE FEDERAL SERVICES LLC,204000.0,0.0,60,2.888651624670852,-22.78678026838512,186403763.58,15600202.57305785,7854580.189999999,-0.011507243051613,204000.0,103,-19.414721099566957,23,1.5619318583777517e-06,-5.806337916794219,11.115968084220118,2.884388736592064e-06,130607490272.89691,70725557000.0
ACN,2026-02-25,ACCENTURE FEDERAL SERVICES LLC,203277.0,12.271551426189852,63,3.106281269021978,-32.94383810958506,186403763.58,15277100.287177416,7543519.720000001,-0.4297950478189181,203277.0,98,-25.018692765660575,22,1.7005407523307474e-06,-5.769412956027466,11.077501198717853,2.8741661235697304e-06,119536682506.07355,70725557000.0
ACN,2026-02-26,ACCENTURE FEDERAL SERVICES LLC,9750.0,3.67441773145245,63,3.832727198419773,-24.81114484060828,186403763.58,15249635.330479998,7659958.87,-0.6701215805686402,9750.0,102,-18.21084276624666,22,8.379251652099803e-08,-7.076794766319143,11.06579938201768,1.3785681461653247e-07,116358839724.7467,70725557000.0
ACN,2026-02-27,ACCENTURE FEDERAL SERVICES LLC,2563000.0,3.008812686830864,64,3.819743020923706,-24.727819712973663,186403763.58,15167186.737460312,7543519.720000001,-0.9449078194885268,2563000.0,103,-20.06046511246332,22,2.034000732934478e-05,-4.691648894919005,11.10039750110325,3.6238668293556176e-05,126007820867.51404,70725557000.0
ACN,2026-03-02,ACCENTURE FEDERAL SERVICES LLC,124000.0,4.404416402783529,65,3.791670303956364,-25.817330705967944,186403763.58,15206075.0919685,7659958.87,-1.507472683279124,124000.0,87,-22.1148926503558,20,9.77748127579638e-07,-6.009773007063492,11.103194692225728,1.7532558987128232e-06,126822027577.75177,70725557000.0
ACN,2026-03-06,ACCENTURE FEDERAL SERVICES LLC,308952.0,0.0,67,3.24738444605898,-12.7320861834902,186403763.58,14858413.917251907,7427080.57,-2.347081736104782,308952.0,95,-17.969563215822117,21,2.376000883732758e-06,-5.624153402158778,11.114044413122718,4.36832190660584e-06,130030254666.66852,70725557000.0
ACN,2026-03-09,ACCENTURE FEDERAL SERVICES LLC,9290770.7,0.0,68,3.182782476961305,-15.200838373703572,186403763.58,14856113.444015147,7445193.96,-2.6953487727970926,9290770.7,89,-21.91910622664074,19,7.111850778218147e-05,-4.148017364365784,11.116069106010032,0.00013136369784970373,130637874580.48682,70725557000.0
ACN,2026-03-11,ACCENTURE FEDERAL SERVICES LLC,2032218.65,1.0274089602750005,70,3.2015709189921284,-19.67171928570641,186403763.58,14789815.308656711,7445193.96,-2.866433478833766,2032218.65,96,-23.90678138498431,21,1.6587641165653748e-05,-4.780215368139349,11.088185800776778,2.8733865609570242e-05,122514022922.55377,70725557000.0
ACN,2026-03-12,ACCENTURE FEDERAL SERVICES LLC,1494362.08,3.825562782634484,71,3.1277812941452794,-19.30968411031624,186403763.58,14727586.586740738,7427080.57,-2.9118621361481325,1494362.08,105,-25.791826827856365,22,1.2206559771083916e-05,-4.913406717951554,11.087862556591523,2.112902525461906e-05,122422869999.78406,70725557000.0
ACN,2026-03-13,ACCENTURE FEDERAL SERVICES LLC,3040506.74,3.508777626132797,72,3.060357542505061,-18.042363995147007,186403763.58,14632970.935955882,7319127.835,-3.0010618718423885,3040506.74,101,-25.981012112773737,22,2.55239857164936e-05,-4.593051507085603,11.075997477551464,4.299021271758949e-05,119123508913.23468,70725557000.0
ACN,2026-03-17,ACCENTURE FEDERAL SERVICES LLC,2500000.0,2.461503197503645,74,3.053932151191822,-17.085089791013875,186403763.58,14494001.510652171,6996993.98,-3.118155651924226,2500000.0,98,-27.63184000038545,21,2.0643354905840595e-05,-4.685219720867884,11.083159729539922,3.5347901183726275e-05,121104346236.50629,70725557000.0
ACN,2026-03-18,ACCENTURE FEDERAL SERVICES LLC,4322.5,4.304385391673082,75,3.023299542727788,-18.72016137872136,186403763.58,14585001.893741008,7211175.1,-3.220779747352355,4322.5,103,-25.77713363977224,22,3.580914515816115e-08,-7.446006046414089,11.08174104836005,6.111652114666272e-08,120709388088.1117,70725557000.0
ACN,2026-03-20,ACCENTURE FEDERAL SERVICES LLC,1848363.0,0.6700245243740133,77,3.130524389515572,-14.867625385657655,186403763.58,14444275.532340426,7211175.1,-3.358479703082596,1848363.0,101,-21.07688601389833,22,1.4944641277046255e-05,-4.82551450506559,11.092301771416986,2.6012126870003836e-05,123680653535.58765,71057742000.0
ACN,2026-03-24,ACCENTURE FEDERAL SERVICES LLC,23810.46,4.025010168779608,79,2.8149939226094176,-20.12349971522367,186403763.58,14408457.313916083,7211175.1,-3.464300710284041,23810.46,92,-23.18325977942061,21,1.9741056479083996e-07,-6.704629608973432,11.081397394698847,3.350860768978558e-07,120613909520.12933,71057742000.0
ACN,2026-03-25,ACCENTURE FEDERAL SERVICES LLC,4266418.9,4.701243444207792,80,2.751912684289154,-19.918502225629556,186403763.58,14332503.997847222,6996993.98,-3.541494219377773,4266418.9,98,-24.47625005616537,22,3.6556851818452614e-05,-4.4370312116456425,11.067094706225284,6.004157717254793e-05,116706408997.90123,71057742000.0
ACN,2026-03-30,ACCENTURE FEDERAL SERVICES LLC,274811.85,1.9134367049321368,83,2.143433830753102,-15.030866115327491,186403763.58,14282869.061768703,7211175.1,-3.5609107402491613,274811.85,92,-19.297917771758765,20,2.3662204443269606e-06,-5.6259447976222825,11.064980253370246,3.8674441695600176e-06,116139580595.23338,71057742000.0
ACN,2026-03-31,ACCENTURE FEDERAL SERVICES LLC,64650881.99,1.5331009248900962,84,2.090572645145295,-18.81906806398293,186403763.58,14222838.01824324,6996993.98,-3.5452703736122,64650881.99,96,-19.174396184235675,21,0.0005427170449310643,-3.2654265384661105,11.076000992520532,0.0009098358626425253,119124473045.08731,71057742000.0
ACN,2026-04-01,ACCENTURE FEDERAL SERVICES LLC,6683064.84,2.1668556880228618,85,2.0906407365264585,-20.00395766425599,186403763.58,14943947.813288586,7211175.1,-3.513607956491113,6683064.84,107,-20.887750548690484,22,5.5892163326995245e-05,-4.252649080529128,11.077624755257132,9.405118502076803e-05,119570695464.06624,71057742000.0
ACN,2026-04-02,ACCENTURE FEDERAL SERVICES LLC,268121.5,0.0,85,2.1059318196000403,-18.39210563093777,186403763.58,14946957.136866665,7319127.835,-3.5276665411070875,268121.5,111,-22.09389240300705,22,2.2563641670159253e-06,-5.646590805858017,11.074922446237697,3.7732904600317867e-06,118829001062.62308,71057742000.0
AVAV,2025-09-11,"AEROVIRONMENT, INC",4493037.69,69.48430201814067,0,2.860381658361355,76.30486318948249,26236824.99,6509528.114999999,757345.905,,4493037.69,4,20.09856566971946,4,0.000364228979255914,-3.4386255032685926,10.091165564970982,,12335750162.380981,
AVAV,2026-02-04,"AEROVIRONMENT, INC",2812074.0,9.471444535929962,11,5.588234177138488,-6.037281941970285,254534516.07,14730176.752173908,3073485.37,22.94313420447881,2812074.0,8,-24.28138995084528,6,0.0001973225828902718,-3.7048232083951245,10.15384995339469,,14251151382.727203,
AVAV,2026-03-23,"AEROVIRONMENT, INC",1200000.0,3.936585518494408,15,5.513215331924276,-32.49058802702293,254534516.07,16274950.5696875,3461848.65,9.83821301559354,1200000.0,7,-16.539167262858314,6,0.00011993242167963024,-3.9210633969414594,10.000244642989085,,10005634699.893768,
AVAV,2026-04-02,"AEROVIRONMENT, INC",998884.77,16.288782100172504,16,3.662984338197691,-51.98440887056561,254534516.07,15056810.40657143,3315887.03,8.499613036718161,998884.77,10,-36.90582369053645,9,0.00010756854254724842,-3.968314715617446,9.967830107107163,,9286030528.5,
BA,2025-08-13,THE BOEING COMPANY,1789755.42,1.718305630340944,0,1.558067971411616,22.73425342361848,43300806.45,32573027.37,43300806.45,,1789755.42,12,4.533828349944313,1,1.0175429353598425e-05,-4.992447256602541,11.245240942888685,2.337746600660928e-05,175889916563.28223,76559000000.0
BA,2025-08-18,BELL BOEING JOINT PROJECT OFFICE,1167358.0,2.138462691962606,0,1.5838852096274243,21.467068072725183,43300806.45,11629673.81,19013245.08,,1167358.0,45,3.673523782050904,4,6.562108712145879e-06,-5.182956579086516,11.250160642999523,1.5247821941247926e-05,177893730690.45996,76559000000.0
BA,2025-08-19,THE BOEING COMPANY,5999366.89,5.502224392361121,0,1.7433164655478672,21.770637963967523,43300806.45,15117124.018,23228286.11,,5999366.89,55,0.5621680241921769,5,3.413799763316477e-05,-4.466761956049947,11.244867377985772,7.836266003996917e-05,175738687267.69336,76559000000.0
BA,2025-08-20,THE BOEING COMPANY,12417000.0,5.212308314924319,0,1.650461964093634,20.072648437392004,276219627.93,58424882.49333334,26217998.32,,12417000.0,72,0.9805807398051378,6,7.298298172992808e-05,-4.1367783974471,11.230795078567523,0.0001621886388275709,170135553600.0,76559000000.0
BA,2025-08-21,THE BOEING COMPANY,5843497.449999999,5.756035722397179,0,1.637677836438835,20.933146133708583,276219627.93,52316760.29000001,26629486.89,,5843497.449999999,86,3.8263551634371,7,3.425174585323362e-05,-4.465317287088294,11.231990145945911,7.632672122154154e-05,170604367877.7422,76559000000.0
BA,2025-08-22,THE BOEING COMPANY,1192089.0,3.1548800276689937,0,1.7326799331241995,24.114832180521084,276219627.93,46573833.48500001,24928886.5,,1192089.0,95,4.081868943176191,8,7.023557601714205e-06,-5.153442851484806,11.229751532028276,1.55708538512781e-05,169727233348.1045,76559000000.0
BA,2025-08-25,THE BOEING COMPANY,16540818.14,4.6326133873261455,0,1.721141267964648,30.736410675896835,276219627.93,44781162.105,24928886.5,,16540818.14,107,-0.2280716491437129,10,9.505830590247091e-05,-4.022009929824184,11.240566916594522,0.0002160532156898601,174007078949.7422,76559000000.0
BA,2025-08-26,THE BOEING COMPANY,134521.47999999998,1.085893212909128,0,1.6127245560007588,32.61454898662548,276219627.93,54042235.41454546,26629486.89,,134521.47999999998,120,3.483418346833368,11,7.841551780566065e-07,-6.105597985395931,11.234389622155518,1.7570955733486589e-06,171549565397.7422,76559000000.0
BA,2025-08-27,THE BOEING COMPANY,5002481.0,0.7469696129777326,0,1.6113042171515706,35.140350125158655,276219627.93,50845183.715833336,26002811.41,,5002481.0,137,2.000337179582546,12,2.8172105485570373e-05,-4.550180694136182,11.249366141947014,6.534151438759649e-05,177568588281.84668,76559000000.0
BA,2025-08-29,THE BOEING COMPANY,443758.1,1.1505080498112277,0,1.5549917714501582,42.65135634815904,276219627.93,57900481.79428572,27918598.71,,443758.1,181,2.145964406594624,14,2.4850056818270973e-06,-5.604672613939368,11.251818907333668,5.796289136482973e-06,178574279827.69336,76559000000.0
BA,2025-09-02,THE BOEING COMPANY,18916071.0,0.0,0,1.5665123590430077,38.22180221468665,276219627.93,54080490.148,26629486.89,,18916071.0,183,5.286688062444721,15,0.00010592840587470377,-3.974987563401456,11.251818498838436,0.0002470783448059666,178574111861.6914,76559000000.0
BA,2025-09-03,THE BOEING COMPANY,995151.23,3.1973459504522017,0,1.6455967046348892,30.460956521460652,276219627.93,51632979.060625,26283211.07,,995151.23,194,2.475550647313017,16,5.5441170308830455e-06,-5.256167610768134,11.254056694894542,1.2998487832913178e-05,179496793530.2578,76559000000.0
BA,2025-09-04,BELL BOEING JOINT PROJECT OFFICE,38113391.97,5.980499697403174,0,1.6572677132753764,26.41320713647766,276219627.93,49338063.93235295,25936935.25,,38113391.97,205,-2.4773301679858584,17,0.0002169033623667024,-3.6637337156391645,11.244811316951363,0.0004978303265455401,175716003450.2578,76559000000.0
BA,2025-09-05,THE BOEING COMPANY,1278960.0,6.506686294888109,0,1.6495106133977846,26.212521468513515,276219627.93,51033365.78833333,26283211.07,,1278960.0,214,-1.2057068631174284,18,7.3299783482783265e-06,-5.134897308201592,11.241754270154109,1.6705547355634216e-05,174483462192.0,76559000000.0
BA,2025-09-08,"BOEING AEROSPACE OPERATIONS, INC.",1813000.0,7.26997565134615,0,1.645423039296645,27.60863396941622,535721958.3,74621449.02263159,26629486.89,,1813000.0,225,-0.2921960719779912,19,1.0442258592802666e-05,-4.981205556094018,11.239603360189527,2.3681082563774345e-05,173621442515.28223,76559000000.0
BA,2025-09-09,THE BOEING COMPANY,1500000.0,7.938306414056329,0,1.6191831969699797,25.444413103933652,535721958.3,70392414.7315,27918598.71,,1500000.0,237,4.614301457202584,20,8.589358661916288e-06,-5.066039262244306,11.242130521299988,1.9592732402460848e-05,174634691487.58887,76559000000.0
BA,2025-09-10,THE BOEING COMPANY,3384511.93,9.440926214917011,0,1.4845707935310613,16.115145584846815,535721958.3,70050500.18380953,29207710.530000005,,3384511.93,250,4.007383974370281,21,1.950127225559019e-05,-4.709937054506279,11.239433103778392,4.42078910382842e-05,173553391062.9756,76559000000.0
BA,2025-09-11,THE BOEING COMPANY,19585294.0,13.673349279492331,0,1.6436870384672124,10.298428657999214,535721958.3,71887704.9568182,36254258.49,,19585294.0,277,-0.3722654984569473,22,0.00011384080224140493,-3.9437020524196638,11.235632147661187,0.00025581961624368137,172041075030.9756,76559000000.0
BA,2025-09-12,THE BOEING COMPANY,41801542.43,16.42585941450456,0,1.679059419573941,4.328884780728835,535721958.3,71892652.8747826,43300806.45,,41801542.43,285,-2.516663431815448,22,0.00025129091982761787,-3.5998232039661437,11.221015511015793,0.0005460042898940686,166347206093.54004,76559000000.0
BA,2025-09-15,THE BOEING COMPANY,44614746.82,16.871376081800406,0,1.6545864489010946,3.799397399300109,535721958.3,72407388.67208333,47330432.005,,44614746.82,266,-1.8096407410320268,20,0.0002732327608280307,-3.5634672296104277,11.212945662402825,0.0005827498637652007,163284763821.1289,76559000000.0
BA,2025-09-16,THE BOEING COMPANY,32291257.08,17.268155932586836,0,1.6440608681825075,2.7311981730020687,535721958.3,72606682.9536,51360057.56000001,-2.1882104486199427,32291257.08,278,-2.872589272905522,21,0.0001979345405478888,-3.7034784126636393,11.212563364843406,0.0004217826392716728,163141091952.0,76559000000.0
BA,2025-09-17,THE BOEING COMPANY,8489293.23,17.481241280387483,0,1.5048682494645984,3.932115823980897,535721958.3,72014182.55923077,56051682.795,-3.9607954381278674,8489293.23,299,-3.2192024104342734,22,5.22131978260193e-05,-4.282219707370312,11.211091242244663,0.00011088563369427501,162589030809.5542,76559000000.0
BA,2025-09-18,THE BOEING COMPANY,210237401.91,16.920147275684272,0,1.5091325886063085,3.276985712862324,535721958.3,87088540.23851852,60743308.03,-5.106330686527457,210237401.91,311,-1.817777825393918,22,0.001295409773649301,-2.887592830590797,11.210302811541629,0.0027460834377408274,162294129770.02625,76559000000.0
BA,2025-09-19,THE BOEING COMPANY,2863364.03,16.925574325553015,0,1.5081118771099984,4.301420903202736,535721958.3,93536728.82392858,64168406.650000006,-5.902985599098315,2863364.03,314,-1.2011725725070033,22,1.7558789832861983e-05,-4.755505419353671,11.212381984340043,3.740075014041458e-05,163072971272.83218,76559000000.0
BA,2025-09-22,THE BOEING COMPANY,8555030.67,18.88820701131621,0,1.3979467855337078,4.464164922986534,535721958.3,95729924.99379312,67593505.27000001,-6.218881669385132,8555030.67,299,-4.591646996169652,20,5.246380009939796e-05,-4.280140255445482,11.212361826282027,0.00011174428440810355,163065402311.5297,76559000000.0
BA,2025-09-23,THE BOEING COMPANY,3817114.32,16.552647760363225,0,1.4740997861660885,9.739800913530615,535721958.3,94413311.63033336,71901589.07499999,-5.950549177612611,3817114.32,320,-7.319535920208019,21,2.3801405657760693e-05,-4.623397393725754,11.205132560696518,4.985846628090753e-05,160373482763.41782,76559000000.0
BA,2025-09-24,THE BOEING COMPANY,660820.84,17.224540558654677,0,1.1836172541492422,9.830168413884843,535721958.3,93103334.0916129,67593505.27000001,-5.731113376334878,660820.84,337,-4.638398963550339,21,4.039564403523959e-06,-5.393665463440197,11.213749194111918,8.631523922726263e-06,163587152967.16782,76559000000.0
BA,2025-09-25,THE BOEING COMPANY,83296.0,18.086449369160928,0,1.171174487399834,18.181113911094247,535721958.3,94884621.2471875,71901589.07499999,-5.505346840501296,83296.0,347,-5.0535589864944885,21,5.121195410650351e-07,-6.290628652373374,11.211252798802516,1.0879974921302525e-06,162649524809.7203,76559000000.0
BA,2025-09-26,THE BOEING COMPANY,8913664.290000001,13.960950988224871,0,1.4836729002078095,30.256184626144396,785332108.7299999,115594988.87575756,76209672.87999998,-5.764201882919055,8913664.290000001,362,-2.610295571746213,21,5.520583712974106e-05,-4.258015000183619,11.208071273668798,0.00011642869277289412,161462351690.30594,76559000000.0
BA,2025-09-27,THE BOEING COMPANY,2767724.91,16.155330647510937,0,1.4836729002078095,30.256184626144396,785332108.7299999,121863166.16470589,76252297.51499999,-5.764201882919055,2767724.91,368,-2.610295571746213,21,1.6542747811387482e-05,-4.781392350877383,11.22351527336513,3.615152901683669e-05,167307447442.0017,76559000000.0
BA,2025-09-29,THE BOEING COMPANY,14794121.68,16.155330647510937,0,1.5239468194823322,23.991911037652585,785332108.7299999,118460439.27171429,76209672.87999998,-5.560060479884916,14794121.68,341,-5.888068733882923,20,8.842476474413062e-05,-4.053426086960899,11.22351527336513,0.000193238178137123,167307447442.0017,76559000000.0
BA,2025-09-30,THE BOEING COMPANY,1240692.87,16.828055301533063,0,1.4811016162210149,19.88855835914991,785332108.7299999,118994037.73694442,76252297.51499999,-5.796873832408847,1240692.87,375,-8.908918860999348,21,7.415646155666848e-06,-5.129851001127259,11.22351528756363,1.620570893036743e-05,167307452911.82672,76559000000.0
BA,2025-10-03,THE BOEING COMPANY,155927.3,16.574198030014877,0,1.4615979045638114,11.857897717749054,785332108.7299999,130236380.65789472,76252297.51499999,-6.183107048600218,155927.3,413,-11.559900757702035,22,9.48397349319634e-07,-6.023009668503914,11.21593182731938,2.0366945754254886e-06,164411362085.58563,76559000000.0
BA,2025-10-22,THE BOEING COMPANY,1420662.34,16.418116330321396,0,1.749873332956957,-1.8363352770565984,785332108.7299999,100071148.0028,47330432.005,-4.996668976469658,1420662.34,246,-9.611366102878517,21,8.647662420610278e-06,-5.063101272307257,11.21559214031187,1.8556438041249235e-05,164282816662.0017,76559000000.0
BA,2025-10-23,THE BOEING COMPANY,1269109.0,15.787293451585382,0,1.7432078999261345,-1.7848015561408277,785332108.7299999,98115830.26392154,43300806.45,-4.880649512859415,1269109.0,231,-9.745887432653833,21,7.74904448242856e-06,-5.110751846086267,11.21425077004512,1.6576875351036456e-05,163776192390.91782,76559000000.0
BA,2025-11-05,THE BOEING COMPANY,8205314.01,27.593361059927624,0,2.3113799594267666,-19.592536075480883,877228171.45,105591360.54774196,34465006.14,-3.2727361110739737,8205314.01,87,-20.76338630661838,23,5.450699116411856e-05,-4.263547790764189,11.177642996531217,0.00010717634778406196,150536909757.02728,76559000000.0
BA,2025-11-06,THE BOEING COMPANY,788192.0,28.320607580908085,0,2.1589928310769024,-17.984234324891812,877228171.45,104116662.98365082,32603065.17,-3.2727361110739737,788192.0,88,-20.02887978954526,23,5.247264969901781e-06,-5.280067004781896,11.176699027326848,1.029522329184028e-05,150210062674.75635,76559000000.0
BA,2025-11-13,THE BOEING COMPANY,7320359.0,29.58679798729531,0,2.026140649541163,-20.557422399596213,877228171.45,101418326.51954544,30905387.85,-3.962186430806468,7320359.0,93,-19.36690407681645,22,4.92626165218792e-05,-4.307482524879463,11.172014904830736,9.561722331796392e-05,148598663994.0,76559000000.0
BA,2025-11-19,THE BOEING COMPANY,903610.2,35.78352075404878,1,1.9726613914926605,-23.499720665572788,877228171.45,96428234.23171428,26283211.07,-4.251664003220342,903610.2,94,-23.914136542182984,22,6.269110506635101e-06,-5.202794074713784,11.158775199328991,1.180279522982275e-05,144136907308.24365,76559000000.0
BA,2025-11-25,THE BOEING COMPANY,239993335.95,38.20981721235543,5,2.0161578143469367,-27.191242817409144,877228171.45,98003217.87797296,26283211.07,-4.732971880241158,239993335.95,95,-28.86402003488108,20,0.0017627347685577762,-2.753813029287362,11.134012211830953,0.003134750139761491,136148296516.75635,76559000000.0
BA,2025-11-26,THE BOEING COMPANY,800608.0,34.89728031592519,6,1.9911908811489496,-25.42168976389589,5313517703.570001,167533271.92720002,26629486.89,-4.919814972380757,800608.0,123,-25.43850785706383,21,5.7734008651231016e-06,-5.238568287042009,11.141988212479465,1.045739886884625e-05,138671819037.62183,76559000000.0
BA,2025-12-01,THE BOEING COMPANY,3012.12,35.23006801314879,10,1.5196187536206307,-27.01429161629397,5313517703.570001,165468483.1644156,29207710.530000005,-5.9401795647677575,3012.12,104,-24.187335556042967,18,2.096729098921934e-08,-7.678457677519094,11.157329947272094,3.934377408273358e-08,143658043452.0,76559000000.0
BA,2025-12-03,THE BOEING COMPANY,12825464.16,24.493928238788087,12,2.693057418803122,-14.517412089792147,5313517703.570001,161677526.18278486,26629486.89,-6.271956981028324,12825464.16,116,-17.20697241063278,19,8.215741921691303e-05,-4.0853532115414675,11.193426302945516,0.00016752392481615485,156108410929.24365,76559000000.0
BA,2025-12-10,THE BOEING COMPANY,6477965.56,26.88707344382544,16,2.8119647460635404,-16.03383768764789,5313517703.570001,154243507.49583334,27918598.71,-5.794494634822715,6477965.56,141,-12.046786001202726,20,4.2534154480583825e-05,-4.371262195939284,11.182700830699932,8.461403048629162e-05,152300325211.75635,76559000000.0
BA,2025-12-11,BELL BOEING JOINT PROJECT OFFICE,4198725.0,25.62900974636017,17,2.818795822616152,-15.44936146557474,5313517703.570001,158107637.98764706,29207710.530000005,-5.661096246248644,4198725.0,148,-11.325028248995997,20,2.698202662786566e-05,-4.568925433454188,11.192042864440408,5.484299690434828e-05,155611921146.93753,76559000000.0
BA,2025-12-15,THE BOEING COMPANY,1131081.0,22.700726956926708,19,2.837787087766797,-9.11706135137955,5313517703.570001,156533004.945977,32603065.17,-5.5300938160654685,1131081.0,158,-7.272617451502916,19,7.067307999494714e-06,-5.150745981337577,11.20423968846764,1.4773978239005213e-05,160044107329.25012,76559000000.0
BA,2025-12-16,THE BOEING COMPANY,150277584.84,21.982480628292112,20,2.809581915943944,-9.218937656806611,5313517703.570001,156444597.40102273,32762021.515,-5.5300938160654685,150277584.84,171,-4.34068511304373,20,0.0009338585455314306,-3.029718902728816,11.206613109488213,0.0019628990039054846,160921143313.5,76559000000.0
BA,2025-12-17,THE BOEING COMPANY,185175820.88,22.20713985305327,21,2.789973831798056,-13.320703410776147,5313517703.570001,161566564.34235957,32920977.86,-5.405926257170055,185175820.88,196,-5.861872914291267,21,0.0011439880666097824,-2.941578505816205,11.20916278436119,0.0024187335372719077,161868664791.90643,76559000000.0
BA,2025-12-18,THE BOEING COMPANY,632972.0,21.06879950250502,22,2.7267459545492287,-10.392623024807836,5313517703.570001,167268634.76333335,34623962.485,-5.250069292603906,632972.0,218,-5.500172742066766,21,3.917606700294828e-06,-5.40697916621401,11.208363665308067,8.267767342833631e-06,161571093890.6563,76559000000.0
BA,2025-12-19,THE BOEING COMPANY,16669480.0,17.78306789042039,23,2.5955935873576594,-8.777331196749461,5313517703.570001,167840868.76329672,36326947.11,-5.0898526637804204,16669480.0,233,-3.4733096736589086,21,0.00010221015411384531,-3.9905059568769046,11.21242800921523,0.00021773377395211535,163090254041.03137,76559000000.0
BA,2025-12-22,BELL BOEING JOINT PROJECT OFFICE,7468959.16,16.28389510926389,24,2.59079750943638,-8.740846268820079,5313517703.570001,167264158.71945652,39175501.555,-4.903505397280119,7468959.16,238,-5.780194239211167,19,4.4553589761835835e-05,-4.351117298339818,11.224377383078433,9.755821209785916e-05,167639896132.4063,76559000000.0
BA,2025-12-23,THE BOEING COMPANY,1487938.43,16.278527461105053,25,2.5831942428278185,-10.214016501170908,5313517703.570001,167076293.593871,42024056.0,-4.707646440340714,1487938.43,256,-4.070635365039099,20,8.762827977820175e-06,-5.0573557138136636,11.229940674550086,1.9435186326885147e-05,169801168500.1874,76559000000.0
BA,2026-01-08,THE BOEING COMPANY,328624.88,10.893653127696012,38,1.356027456980094,-11.352823615860832,5313517703.570001,163917236.43019804,32920977.86,-1.9459413625309208,328624.88,210,1.1838911746030023,18,1.8396525366875696e-06,-5.735264196364954,11.251964636893304,4.292439556420539e-06,178634211323.24988,76559000000.0
BA,2026-01-12,THE BOEING COMPANY,49432.0,5.145738903097885,39,1.4535424893544728,-6.218050436808765,5313517703.570001,163633254.97240385,32762021.515,-1.6046285749514688,49432.0,179,7.243312770667209,17,2.691587468412202e-07,-6.569991502368255,11.263999684574777,6.456719654122964e-07,183653700948.31247,76559000000.0
BA,2026-01-13,THE BOEING COMPANY,89142305.0,3.107745144095575,40,1.4588675539942522,-5.456462151530529,5313517703.570001,162066383.74047622,32603065.17,-1.425048864680579,89142305.0,188,10.088521106806317,18,0.0004746956934802946,-3.3235847082568415,11.273668567935632,0.0011643608850690317,187788316229.37494,76559000000.0
BA,2026-01-14,THE BOEING COMPANY,712999.72,3.932234146215064,41,1.506492495604813,-4.538263407009401,5313517703.570001,161422075.83405662,32762021.515,-1.1962797159965763,712999.72,193,9.71762284421518,19,3.7232346136362194e-06,-5.429079596551616,11.28216895585302,9.313075144659674e-06,191500078289.0938,76559000000.0
BA,2026-01-16,THE BOEING COMPANY,89677820.08999999,1.804748608239204,43,1.5256583424252046,-4.446765222059734,5313517703.570001,159549104.11185187,32762021.515,-0.7189468322415312,89677820.08999999,177,10.66274411502308,19,0.00046226138547710645,-3.3351123833835272,11.287797426164127,0.001171355687639598,193998077510.71887,76559000000.0
BA,2026-01-21,"BOEING SIKORSKY AIRCRAFT SUPPORT, LLC",33426254.3,0.8317617112590714,45,1.4650763205488426,2.08035684124639,5313517703.570001,158762287.66027278,34623962.485,-0.051113449001522,33426254.3,128,12.50018804378239,18,0.00017143010159107686,-3.765912917493993,11.290000630371862,0.0004366077704776708,194984742993.0,76559000000.0
BA,2026-01-23,THE BOEING COMPANY,250000.0,0.0,47,1.454864255042743,2.137849997106157,5313517703.570001,157716930.68758926,39175501.555,0.3453000764688359,250000.0,126,12.192263025952998,18,1.2698609581521667e-06,-5.896243828975573,11.29418383764761,3.2654554004101413e-06,196871947590.0626,76559000000.0
BA,2026-01-26,THE BOEING COMPANY,17167653.619999997,0.0,48,1.5389737643475825,1.3514605358535547,5313517703.570001,156723024.4353982,42024056.0,0.5130133461619669,17167653.619999997,135,10.11578181963668,18,8.694621824978274e-05,-4.060749303011113,11.295460245258793,0.0002242408289031988,197451412673.06235,76559000000.0
BA,2026-01-27,THE BOEING COMPANY,169310309.10999998,0.0613383859874749,49,1.5860538966700766,-2.626322326493092,5313517703.570001,155737951.0164912,42662431.225,0.6807315814273189,169310309.10999998,144,13.027759787057324,19,0.0008703182545783913,-3.060321907228538,11.289005309834096,0.002211501052913439,194538386641.12482,76559000000.0
BA,2026-01-28,THE BOEING COMPANY,1625641.19,1.291448496738612,50,1.6381657125287925,-3.1752361338606363,5313517703.570001,156266341.2183478,43300806.45,0.819620009464238,1625641.19,163,18.15122606060926,20,8.488637544990797e-06,-5.071162009894476,11.28218670465866,2.123383521205867e-05,191507904700.12494,76559000000.0
BA,2026-01-29,THE BOEING COMPANY,564313749.56,4.55905560324017,51,1.832051681421688,-7.450978513122042,5313517703.570001,155524951.16482756,44658725.315,0.819620009464238,564313749.56,172,14.369106189713966,20,0.0029829117270097003,-2.525359598478308,11.276880230505022,0.007370965524105591,189182182110.9374,76559000000.0
BA,2026-01-30,THE BOEING COMPANY,793378.3,4.702210095740211,52,1.8212663433052043,-7.214021058128605,5313517703.570001,161113533.70239314,46016644.18,0.819620009464238,793378.3,201,12.698436884210086,20,4.3290136727085244e-06,-5.363611042513827,11.263091360256272,1.036296581721287e-05,183269991730.84357,76559000000.0
BA,2026-02-02,THE BOEING COMPANY,7668637.43,5.016737716534236,54,1.4815017066315177,-6.857714993188036,5313517703.570001,160314475.589322,47526497.29000001,0.9277873084061712,7668637.43,213,14.365756829343468,20,4.190067717161439e-05,-4.3777789581907705,11.262497163182646,0.00010016637403832337,183019415141.93753,76559000000.0
BA,2026-02-04,BELL BOEING JOINT PROJECT OFFICE,727768.6,3.712655172251012,56,1.4950388987488394,-5.9089354502309455,5313517703.570001,158222171.69558334,47526497.29000001,1.0594413397935232,727768.6,223,17.404797470639053,22,3.97462594529169e-06,-5.400703736828805,11.262697050594943,9.505983620475712e-06,183103670639.02173,76559000000.0
BA,2026-02-10,THE BOEING COMPANY,88389.61,0.597715062505122,61,1.3601930927136907,-0.9785328725293584,5313517703.570001,154678262.3281301,43300806.45,1.0868411750055789,88389.61,212,22.508747331106218,20,4.5992587848854e-07,-6.337312153442749,11.283713371115741,1.1545293172585848e-06,192182293134.8761,76559000000.0
BA,2026-02-11,THE BOEING COMPANY,5317197.0,3.292981867512812,62,1.4069778816155656,-4.345053724239634,5313517703.570001,153451650.17629033,42662431.225,1.1144048332314669,5317197.0,221,18.152135690226046,20,2.7909253534804208e-05,-4.554251779063171,11.27993453011047,6.94522786347784e-05,190517349142.61304,76559000000.0
BA,2026-02-12,THE BOEING COMPANY,15397912.66,1.959468169216949,63,1.435581543843975,-1.1748791571550177,5313517703.570001,152374776.97439998,42024056.0,1.1709572222123854,15397912.66,222,21.35683713386576,20,8.29869914338987e-05,-4.080989979807632,11.26845183170351,0.00020112478820256274,185546100586.91956,76559000000.0
BA,2026-02-13,THE BOEING COMPANY,16400000.0,0.4445120770586452,64,1.3930699027857676,-0.6731393179695733,5313517703.570001,151800444.37611112,42662431.225,1.2017304481283837,16400000.0,237,23.94878363586652,20,8.724665051979631e-05,-4.05925123701855,11.274095085066248,0.00021421387426690525,187972832220.97827,76559000000.0
BA,2026-02-17,THE BOEING COMPANY,619422.7,0.0,65,1.398134887011586,0.6735057078502971,5313517703.570001,150515802.58188975,42024056.0,1.157611641910145,619422.7,215,24.937450372265424,18,3.246315189527072e-06,-5.488609316171229,11.28059643308495,8.090788803406523e-06,190807935716.8761,76559000000.0
BA,2026-02-19,THE BOEING COMPANY,184591.0,2.9480977244093376,66,1.517932871057358,-7.2711649612683615,5313517703.570001,149258297.7075969,42024056.0,1.105867354761157,184591.0,231,25.081383279047365,20,9.837351977569881e-07,-6.00712178940373,11.273332311956995,2.4110947112684337e-06,187642975895.22607,76559000000.0
BA,2026-02-23,THE BOEING COMPANY,3382775.84,4.408958320807499,68,1.498792654171304,-8.202161546892995,5313517703.570001,147594837.7427481,42024056.0,1.0822388649016446,3382775.84,189,26.306981105968184,18,1.8563823912293867e-05,-4.731332559746749,11.260605779918265,4.4185214540419804e-05,182224085726.20435,76559000000.0
BA,2026-02-24,THE BOEING COMPANY,1347395.81,3.089252638383177,69,1.524882702122856,-9.649721231879171,5313517703.570001,146774136.95560604,42662431.225,1.035635060236351,1347395.81,200,25.79949780362492,19,7.445188179582097e-06,-5.1281243208370855,11.257619513329248,1.759944369701799e-05,180975386719.5913,76559000000.0
BA,2026-03-04,THE BOEING COMPANY,1377469.0,5.846644972795834,75,1.511721696782376,-5.742256802598655,5313517703.570001,154708960.50094202,44658725.315,0.639286666787295,1377469.0,168,12.198238492030413,20,7.825995382287711e-06,-5.1064604126898185,11.245542246507338,1.7992254339790226e-05,176011987320.81738,76559000000.0
BA,2026-03-05,THE BOEING COMPANY,239588.96,8.34909877904948,76,1.5539947131395366,-3.2540559038562344,5313517703.570001,153679720.3707194,43300806.45,0.6100485454327158,239588.96,166,10.335758427964812,20,1.342105397275138e-06,-5.872213377119613,11.25168017947819,3.1294682532425972e-06,178517246474.4087,76559000000.0
BA,2026-03-10,THE BOEING COMPANY,4825674.56,10.488616905233572,78,1.890613681027044,-1.9172146529569776,5313517703.570001,151163433.64894366,43611307.935,0.5279045590549456,4825674.56,172,10.801410880754991,20,2.7292234423086603e-05,-4.5639609070603235,11.247518937115082,6.303210021029532e-05,176814931500.0,76559000000.0
BA,2026-03-12,THE BOEING COMPANY,1987052.17,17.50342476957001,80,2.0388469370604905,-6.204890534222107,5313517703.570001,149951566.4525,43611307.935,0.4507955193451591,1987052.17,182,2.20010864127812,21,1.181017059594598e-05,-4.927743829029764,11.225953098678929,2.595452095769276e-05,168249235170.412,76559000000.0
BA,2026-03-13,THE BOEING COMPANY,16271118.2,14.63147687034667,81,2.1167962898718127,-2.753405159678945,5313517703.570001,149888612.64758623,43921809.42,0.4507955193451591,16271118.2,187,4.557628699271,21,0.00010111972311278436,-3.9951641282503223,11.206581528230966,0.00021253044318760695,160909441789.6292,76559000000.0
BA,2026-03-17,THE BOEING COMPANY,2272250.28,14.125793446870729,83,2.116571522289173,-3.993314099838885,5313517703.570001,149210001.25789115,43921809.42,0.2599993686191728,2272250.28,164,1.9717712975922288,20,1.354512115755596e-05,-4.868217105963211,11.224673271574606,2.967972779163782e-05,167754149525.0824,76559000000.0
BA,2026-03-19,THE BOEING COMPANY,5774870.99,19.594400468670404,85,2.129538082724814,-6.345938237131377,5313517703.570001,147452658.02798656,43300806.45,0.0523715464295778,5774870.99,184,-2.9710754330657285,22,3.5674649786519964e-05,-4.447640281605843,11.20918256818614,7.543033464386943e-05,161876038715.3708,76559000000.0
BA,2026-03-20,THE BOEING COMPANY,88858001.0,23.30873930117372,86,2.1900716443931927,-10.370109605142774,5313517703.570001,150944378.1075333,43611307.935,-0.0436140750895777,88858001.0,192,-4.980504627568783,22,0.0005620504914282665,-3.250224668125423,11.19892120700513,0.001160647356940399,158096118329.5056,76559000000.0
BA,2026-03-23,THE BOEING COMPANY,3386583.14,21.26405002907792,87,2.2618906318273417,-7.912186544929834,5313517703.570001,150756907.78986752,43921809.42,-0.0436140750895777,3386583.14,183,-4.028003045248141,20,2.208632947362815e-05,-4.65587645351754,11.185638195441319,4.4234944813803736e-05,153333904759.6704,76559000000.0
BA,2026-03-26,THE BOEING COMPANY,297430.04,23.790906229654183,90,2.315534702667087,-7.5534974294705,5313517703.570001,147948205.9972078,44969226.8,-0.360437918536351,297430.04,201,-4.575905163305682,22,1.8961212897395137e-06,-5.7221338854685255,11.19551871497857,3.884978121448817e-06,156862349265.0412,76559000000.0
BA,2026-03-27,THE BOEING COMPANY,3000000.0,26.285954602140222,91,2.3304304498813457,-7.21015721716155,5313517703.570001,149510421.74225807,46016644.18,-0.4791172277527888,3000000.0,205,-5.354614893589583,22,1.9641648914527622e-05,-4.706822056038847,11.18394331075851,3.9185464804921696e-05,152736667530.0412,76559000000.0
BA,2026-03-30,THE BOEING COMPANY,2539466.0,27.16029679517053,92,2.291088838025261,-8.523325763183909,5313517703.570001,149062981.30602562,46022264.85,-0.5807867634378822,2539466.0,177,-5.782825801303048,20,1.6961544691300713e-05,-4.770534598992044,11.17527700158244,3.3170051855431755e-05,149719028910.2884,76559000000.0
BA,2026-04-01,THE BOEING COMPANY,3044885.59,16.052478103211598,94,2.811166932874925,-5.888080019833308,5313517703.570001,153625331.78911394,46022264.85,-0.7899474902825444,3044885.59,207,-4.659337782561034,22,1.9467761611513485e-05,-4.710683980460076,11.194254959345175,3.977175237398607e-05,156406558224.9176,76559000000.0
BAH,2025-08-12,BOOZ ALLEN HAMILTON INC,50997.76,2.3846511714140206,0,1.9731721389288104,-12.417992300912474,,,,,50997.76,0,-23.29833828952665,0,3.892011170034721e-06,-5.4098259219809,10.117377022765034,4.263313827119211e-06,13103189526.443481,11962000000.0
BAH,2025-08-13,BOOZ ALLEN HAMILTON INC,15816104.34,0.0,0,2.031780458400878,-7.496607496200303,31197399.06,29206071.72,31197399.06,,15816104.34,17,-21.712957587020743,1,0.0012087029485386889,-2.9176804184623903,10.116779939849998,0.001322195647884969,13085187191.047668,11962000000.0
BAH,2025-08-14,BOOZ ALLEN HAMILTON INC,20000.0,2.4225522689057533,0,1.9745086438467816,-10.83141313321827,80260383.27,47839588.425,55728891.165,,20000.0,36,-24.22413443804877,2,1.49284655287315e-06,-5.8259848303629225,10.127014826026905,1.6719612104999165e-06,13397224223.41919,11962000000.0
BAH,2025-08-15,BOOZ ALLEN HAMILTON INC,1398898.78,1.3263733357752328,0,1.987011947919352,-10.13240229326694,103231867.96,65374826.59,80260383.27,,1398898.78,60,-23.6780918309114,3,0.00010724591960271622,-3.9696192224787663,10.115405513898544,0.00011694522487878282,13043841529.655457,11962000000.0
BAH,2025-08-18,BOOZ ALLEN HAMILTON INC,2400105.0,1.595885831083188,0,1.9881917282518935,-12.808497629464432,103231867.96,61565716.63999999,66486387.03,,2400105.0,70,-24.90555498153153,4,0.000182033631281709,-3.7398483673405214,10.120078609020089,0.0002006441230563451,13184953698.394775,11962000000.0
BAH,2025-08-19,BOOZ ALLEN HAMILTON INC,867231.42,1.030648969873682,0,1.9172312555234747,-10.63769097173588,103231867.96,51734259.32599999,52712390.79000001,,867231.42,87,-24.25594708872142,5,6.594927380529956e-05,-4.180789982287253,10.118924986358673,7.249886473833807e-05,13149976792.167664,11962000000.0
BAH,2025-08-20,BOOZ ALLEN HAMILTON INC,5698557.08,1.4284394606579376,0,1.7097633220139594,-10.338830033439072,103231867.96,45046073.53166666,41954894.925,,5698557.08,99,-8.135294337504462,6,0.0004309401294078247,-3.3655830622613583,10.12134796503494,0.00047638831967898343,13223547057.060242,11962000000.0
BAH,2025-08-21,BOOZ ALLEN HAMILTON INC,96038.8,1.651826639443743,0,1.7064017026311689,-3.781688030873398,103231867.96,42009705.27285714,33025846.72,,96038.8,114,-7.554281847573785,7,7.291306602037137e-06,-5.137194639143176,10.11964136407425,8.028657415147968e-06,13171685850.265503,11962000000.0
BAH,2025-08-25,BOOZ ALLEN HAMILTON INC,447759.0,1.2152749455287992,0,1.1759960017468762,-7.505251265979628,109367172.68,46473458.03,33025846.72,,447759.0,145,-4.602991049624872,9,3.377140392732039e-05,-4.471450884723942,10.122495208694604,3.7431783982611605e-05,13258524903.6026,11962000000.0
BAH,2025-08-26,BOOZ ALLEN HAMILTON INC,968055.53,0.4534317555229927,0,1.167195044298963,-9.961057170914712,109367172.68,42714821.417,32111622.89,,968055.53,159,-4.915470759301254,10,7.3340728859975e-05,-4.134654778336524,10.120555048538389,8.092756478849692e-05,13199426090.35492,11962000000.0
BAH,2025-08-27,BOOZ ALLEN HAMILTON INC,1000000.0,0.0,0,1.1536720541726777,-10.258215246003498,109367172.68,42950150.17545455,33025846.72,,1000000.0,176,-1.0757845553380996,11,7.519062075493452e-05,-4.123836329733092,10.123836329733091,8.359806052499582e-05,13299531111.190796,11962000000.0
BAH,2025-08-28,BOOZ ALLEN HAMILTON INC,263176.89,1.7187179975034494,0,1.279827984637778,-19.458680840417166,109367172.68,43788256.195,40011362.3,,263176.89,191,-4.959071044046004,12,1.9699111699451862e-05,-4.705553357225431,10.125801107721578,2.2001077579000168e-05,13359835408.584595,11962000000.0
BAH,2025-08-29,BOOZ ALLEN HAMILTON INC,91519.0,1.250917451094069,0,1.1824163250583064,-18.224909658327945,109367172.68,41526009.56000001,33025846.72,,91519.0,208,-1.3938960263825129,13,7.011723177658197e-06,-5.154175238155634,10.115686504228112,7.650810901187093e-06,13052283679.93927,11962000000.0
BAH,2025-09-04,BOOZ ALLEN HAMILTON INC,51974.55,1.3759752497305655,0,1.504700443964446,-24.744449582414266,109367172.68,40802492.095,32111622.89,,51974.55,253,-6.227980900279828,16,4.036861958341251e-06,-5.39395610116082,10.109746839022666,4.344971576659422e-06,12874988180.511475,11962000000.0
BAH,2025-09-06,BOOZ ALLEN HAMILTON INC,737300.0,2.8813047853024853,0,1.5006466818480952,-23.463113982943128,109367172.68,39747709.821666665,32111622.89,,737300.0,283,-4.785268482661076,18,5.966962561942882e-05,-4.224246687008026,10.091890920911124,6.163685002507942e-05,12356370470.672607,11962000000.0
BAH,2025-09-08,BOOZ ALLEN HAMILTON INC,24186.45,2.881312673045322,0,1.5031414353225394,-25.99641927196612,109367172.68,37694530.35736842,31197399.06,,24186.45,284,-6.679226536621275,19,1.9574073193585165e-06,-5.708318792051153,10.091890920911124,2.021940310984785e-06,12356370470.672607,11962000000.0
BAH,2025-09-09,BOOZ ALLEN HAMILTON INC,59312893.62,1.454621197200634,0,1.543709024073886,-27.18495847754081,109367172.68,39904525.9695,32111622.89,,59312893.62,304,-6.534449668825749,20,0.004836062220675689,-2.315508120151572,10.088657232054477,0.004958442870757398,12264708540.435791,11962000000.0
BAH,2025-09-10,BOOZ ALLEN HAMILTON INC,41774.08,2.0682916558974807,0,1.5454263608985952,-23.79503925330694,150967068.51999998,41640387.44142857,33025846.72,,41774.08,328,-9.854033740649903,21,3.3588068652894707e-06,-5.473814967801835,10.094721861907109,3.4922320682160176e-06,12437178342.018127,11962000000.0
BAH,2025-09-11,BOOZ ALLEN HAMILTON INC,497309.12,0.7511625348985751,0,1.4646048844705906,-15.687550213090583,150967068.51999998,42980317.86272728,40011362.3,,497309.12,351,-7.30243960755237,22,4.02275491423486e-05,-4.3954764259516645,10.092102849650724,4.157407791339241e-05,12362401652.664185,11962000000.0
BAH,2025-09-12,BOOZ ALLEN HAMILTON INC,1825147.7,0.0,0,1.376477239775583,-15.397749202013625,150967068.51999998,42039275.26652174,33025846.72,,1825147.7,352,-7.491845601201065,22,0.0001457318190655614,-3.836445614078462,10.097743629555575,0.00015257880789165692,12524016455.039978,11962000000.0
BAH,2025-09-15,BOOZ ALLEN HAMILTON INC,292135.27,2.381418005496161,0,1.4695862086520963,-17.828924039524406,150967068.51999998,43376052.71583333,40011362.3,,292135.27,324,-10.829937152617395,20,2.248829721667096e-05,-4.648043427507911,10.11362742077616,2.4421941982945997e-05,12990546468.917847,11962000000.0
BAH,2025-09-16,BOOZ ALLEN HAMILTON INC,4884815.800000001,2.170284624379004,0,1.4748676699899868,-18.249926722496635,150967068.51999998,44974026.8844,46996877.88,-5.523693163656929,4884815.800000001,345,-8.693846947756233,21,0.00038712950718704865,-3.412143725296586,10.100991916984574,0.00040836112690185593,12618040498.886108,11962000000.0
BAH,2025-09-17,BOOZ ALLEN HAMILTON INC,10896850.34,2.4217291183820544,0,1.4602114438210678,-19.73273466155268,150967068.51999998,44876139.766538456,45698080.01,-6.020759599245867,10896850.34,375,-8.45245745668055,22,0.0008872527699475612,-3.0519526361380893,10.089253622369814,0.0009109555542551413,12281562491.649399,11962000000.0
BAH,2025-09-18,BOOZ ALLEN HAMILTON INC,13014626.92,2.796168737029747,0,1.460203268319009,-20.520756918227967,150967068.51999998,44981852.174814805,46996877.88,-5.101835561290406,13014626.92,383,-7.594705591346007,22,0.0010622962152176038,-2.9737543658375216,10.08818608888534,0.0010879975689684,12251410419.770767,11962000000.0
BAH,2025-09-19,BOOZ ALLEN HAMILTON INC,10058926.55,1.8601919592431184,0,1.4882725846187397,-22.095243429866173,150967068.51999998,45932672.21178571,49854634.33500001,-5.587261456227488,10058926.55,395,-8.33401974134642,22,0.000824043946182784,-3.084049626803177,10.086601263757093,0.0008409067505433874,12206784112.17743,11962000000.0
BAH,2025-09-22,BOOZ ALLEN HAMILTON INC,123235.16,4.25893664792476,0,1.5236198597935031,-23.47320317952064,150967068.51999998,44561533.25466666,49360059.165,-5.790546113150936,123235.16,374,-12.177437563451488,21,1.0003706264725066e-05,-4.999839068788985,10.090573702067699,1.0302220364487545e-05,12318950270.916107,11962000000.0
BAH,2025-09-23,BOOZ ALLEN HAMILTON INC,1791627.66,5.806971334150535,0,1.53961058974105,-26.35556291733627,150967068.51999998,44798427.574193545,51723240.45,-6.050677585338857,1791627.66,403,-12.084550238702173,22,0.00014543671662615884,-3.8373259386273144,10.090573697296504,0.00014977659755893662,12318950135.57911,11962000000.0
BAH,2025-09-24,BOOZ ALLEN HAMILTON INC,20088048.14,4.794523667609796,0,1.5493757372837402,-28.86787930848158,150967068.51999998,46864126.72125,52217815.620000005,-6.232772071395233,20088048.14,431,-11.482290283709062,23,0.0016938456425901042,-2.771126168754859,10.074063909225918,0.0016793218642367498,11859432545.035706,11962000000.0
BAH,2025-09-25,BOOZ ALLEN HAMILTON INC,9329181.0,6.674869428362573,0,1.5559251837595762,-35.116723491296085,150967068.51999998,47243904.85515152,52712390.79000001,-6.237148474409921,9329181.0,452,-15.500075980706916,23,0.000779119214054845,-3.108396085273548,10.07823960439058,0.0007799014378866411,11974009665.924225,11962000000.0
BAH,2025-09-26,BOOZ ALLEN HAMILTON INC,16243276.96,5.006043631391122,0,1.5780361567563448,-40.04938055892927,150967068.51999998,48122178.355,52888464.66,-6.569025792700667,16243276.96,466,-14.998364314882938,23,0.001356544466864215,-2.867565965708328,10.078239615125753,0.0013579064504263502,11974009961.905579,11962000000.0
BAH,2025-09-29,BOOZ ALLEN HAMILTON INC,654156.24,5.207801168838211,0,1.5653431850530874,-39.27154416991544,150967068.51999998,48752061.990277775,52888464.66,-6.927291086590804,654156.24,455,-15.192742095804531,22,5.377669194478458e-05,-4.269405916770826,10.085087405257164,5.468619294432369e-05,12164307924.921402,11962000000.0
BAH,2025-09-30,BOOZ ALLEN HAMILTON INC,11911506.99,4.092049247711027,0,1.5555200186605056,-40.28661262000883,150967068.51999998,50222816.34891892,53064538.53,-7.20357755929392,11911506.99,487,-16.670241399995835,23,0.0009967881692675281,-3.001397125231776,10.077363835164492,0.0009957788822939307,11949888007.552254,11962000000.0
BAH,2025-10-20,BOOZ ALLEN HAMILTON INC,6803234.94,1.9337174875535543,0,1.6456283329437489,-36.29326404496891,150967068.51999998,40652017.16895833,38712564.42999999,-5.261199649592267,6803234.94,234,-15.921285847364754,19,0.0005753528581383354,-3.240065725151839,10.072781194110902,0.0005687372462798864,11824456668.23169,11962000000.0
BAH,2025-10-23,BOOZ ALLEN HAMILTON INC,155000.0,2.604523859461616,0,1.63934631691457,-34.62212657525341,150967068.51999998,38445496.15137255,32703898.95,-5.161400982104071,155000.0,211,-12.400165553968602,20,1.3015495802229047e-05,-4.885539283561588,10.07587098173188,1.2957699381374352e-05,11908881717.241577,11962000000.0
BAH,2025-10-27,BOOZ ALLEN HAMILTON INC,325000.0,18.92070802513664,0,2.791573630805784,-52.44588066108578,150967068.51999998,37001157.63,31197399.06,-4.716401590978542,325000.0,89,-31.25307145049721,18,2.835939708989307e-05,-4.5473030063280335,10.059186367306909,2.7720914363698396e-05,11460046169.875237,11724000000.0
BAH,2025-10-28,BOOZ ALLEN HAMILTON INC,517893.46,20.26891956970318,0,2.7642620337663204,-52.95918945500412,150967068.51999998,36321969.52574074,29391614.105,-4.495282721556238,517893.46,88,-31.99296553668738,18,5.0421185700873336e-05,-4.297386945702577,10.011627372449675,4.4173785397475265e-05,10271346316.059158,11724000000.0
BAH,2025-11-03,BOOZ ALLEN HAMILTON INC,198591.48,20.353329553975264,0,3.012537793549069,-47.28059461550451,150967068.51999998,34184025.46758621,18641080.375,-4.711130660734558,198591.48,53,-29.69854745956785,18,1.9194762356032902e-05,-4.716817260368793,10.014777872764018,1.6938884339815762e-05,10346128611.359589,11724000000.0
BAH,2025-11-12,BOOZ ALLEN HAMILTON INC,2342499.8,21.27529938987709,0,3.023935489987496,-51.47495626274835,150967068.51999998,31470525.830153845,13584645.55,-6.214628033934195,2342499.8,70,-29.716324935982904,21,0.00022664720902734067,-3.6446496245492073,10.01432918702945,0.0001998038041624019,10335445161.901031,11724000000.0
BAH,2025-11-13,BOOZ ALLEN HAMILTON INC,198000.0,22.196994406788395,0,3.00178280196864,-37.77045235292576,150967068.51999998,31028519.578939397,13542509.53,-6.400295783838901,198000.0,73,-28.500936569049053,22,1.9658604254369526e-05,-4.706447319980158,10.003112510241689,1.6888433981576253e-05,10071925627.985031,11724000000.0
BAH,2025-11-16,BOOZ ALLEN HAMILTON INC,100000.0,25.18979807766637,0,2.9823245815098534,-37.52149328537783,150967068.51999998,30312514.07632353,13107137.845,-6.481545700444028,100000.0,76,-29.431905223236807,21,9.938705764959294e-06,-5.00267016648119,10.00267016648119,8.5295121119072e-06,10061672250.381744,11724000000.0
BAH,2025-11-17,BOOZ ALLEN HAMILTON INC,150000.0,25.18979807766637,0,2.853058598586721,-34.55141866960837,150967068.51999998,29874651.553478263,12713902.18,-6.481545700444028,150000.0,75,-28.669075657791364,21,1.4902552223230079e-05,-4.826739347591361,10.002830606647043,1.2794268167860798e-05,10065389991.801552,11724000000.0
BAH,2025-11-18,BOOZ ALLEN HAMILTON INC,3271468.8,26.272241248967475,0,2.8487214688611404,-34.6198555452189,150967068.51999998,29634070.38128572,12873935.84,-6.581319753737123,3271468.8,79,-28.56286903540733,22,0.0003299968116275111,-3.481490256180499,9.996233038967883,0.0002790403275332651,9913637601.11937,11724000000.0
BAH,2025-11-19,BOOZ ALLEN HAMILTON INC,1480000.0,27.10432052350744,1,2.841902910382855,-36.07689788927829,150967068.51999998,29273417.835633807,12713902.18,-6.697718536109631,1480000.0,82,-29.57394190880823,23,0.00015058008699681666,-3.8222324562840346,9.992494171678992,0.00012623677925622655,9828656826.525063,11724000000.0
BAH,2025-11-20,BOOZ ALLEN HAMILTON INC,4336053.83,27.94744120240198,2,2.7810014399561798,-32.06039767938423,150967068.51999998,28897563.976805557,12511340.82,-6.84107436839856,4336053.83,79,-28.586544932864317,23,0.0004440715254426109,-3.352547073571685,9.989641738690311,0.000369844236608666,9764314038.550903,11724000000.0
BAH,2025-11-21,BOOZ ALLEN HAMILTON INC,11054658.83,26.55360633538266,3,2.124338187567229,-32.883264349482666,150967068.51999998,28551141.366712328,12308779.46,-7.008479185591668,11054658.83,83,-26.704566331996148,23,0.001139658927271842,-2.943225103195848,9.986770447077133,0.0009429084638348686,9699971250.576744,11724000000.0
BAH,2025-11-24,BOOZ ALLEN HAMILTON INC,200000.0,26.58494264446396,4,1.8050444814028688,-32.7289725640889,150967068.51999998,28322514.138783783,12254683.57,-7.244564750221009,200000.0,85,-29.18753434520659,21,2.039400409181474e-05,-4.690497497897257,9.99152749356124,1.70590242238144e-05,9806803955.691628,11724000000.0
BAH,2025-11-25,BOOZ ALLEN HAMILTON INC,4054713.92,22.211592433145768,5,1.9886157811147291,-31.17557943528304,150967068.51999998,28006012.905066665,12200587.68,-7.480354074960065,4054713.92,95,-29.22992005547962,22,0.0004135616079030105,-3.3834597848313535,9.991420002848749,0.00034584731490958716,9804377008.203629,11724000000.0
BAH,2025-11-26,BOOZ ALLEN HAMILTON INC,115659.2,22.79880482257719,6,1.85175658380252,-32.0838048888844,150967068.51999998,27825890.9225,12254683.57,-7.686781194941754,115659.2,104,-27.37707244187063,23,1.1389129411573377e-05,-4.9435094722510176,10.006689656269199,9.865165472534971e-06,10155227482.310432,11724000000.0
BAH,2025-12-02,BOOZ ALLEN HAMILTON INC,4998.35,25.22048641352095,10,1.3756630526058866,-31.93136020485204,150967068.51999998,27030179.50126582,12163422.8,-7.827555606194976,4998.35,94,-24.520038938955658,21,4.994189407112805e-07,-6.301534990838484,10.000361654342937,4.263348686455135e-07,10008330867.229965,11724000000.0
BAH,2025-12-05,BOOZ ALLEN HAMILTON INC,1474111.05,16.157246130711165,13,1.9610170413565573,-27.289804287533315,150967068.51999998,26805401.17939025,12182005.24,-7.460448102567674,1474111.05,110,-19.243298645870887,22,0.00013853343487043476,-3.858445397521337,10.026975599216392,0.00012573448055271238,10640832311.55484,11724000000.0
BAH,2025-12-09,BOOZ ALLEN HAMILTON INC,719281.01,12.92389171650441,14,2.089330384914565,-25.202944244195063,150967068.51999998,26583364.737142865,12182005.24,-7.323893240001417,719281.01,120,-13.962485058168372,21,6.4865528862031e-05,-4.187986036669271,10.04488463115457,6.135116086659843e-05,11088802058.94738,11724000000.0
BAH,2025-12-11,BOOZ ALLEN HAMILTON INC,3623660.18,8.317445154597891,16,2.0558548989239585,-20.334703675419963,150967068.51999998,26134261.87848838,11906938.11,-7.000642650261937,3623660.18,124,-11.31663836073914,22,0.0003208835471924687,-3.493652550111424,10.052800013710405,0.00030908053394745823,11292757798.599434,11724000000.0
BAH,2025-12-12,BOOZ ALLEN HAMILTON INC,9058851.0,10.185381600453947,17,2.098473441587297,-18.966103731279198,150967068.51999998,26071279.90954024,12163422.8,-6.808014788913149,9058851.0,137,-10.956422773440169,22,0.0007906231110504061,-3.102030494755301,10.05910361119541,0.0007726757932446264,11457862631.873474,11724000000.0
BAH,2025-12-15,BOOZ ALLEN HAMILTON INC,9445.69,11.276811486555928,19,2.101592545805948,-20.73228483579156,150967068.51999998,25975019.42386364,12182005.24,-6.633176662972488,9445.69,136,-12.029425282584128,20,8.386015277240265e-07,-6.076444350754881,10.051678039031492,8.056712726032072e-07,11263621264.363426,11724000000.0
BAH,2025-12-16,BOOZ ALLEN HAMILTON INC,862000.0,19.70724602901001,20,2.671797600206109,-27.605984429194905,150967068.51999998,25716540.77247191,12163422.8,-6.415190261900889,862000.0,142,-15.661696842856232,21,7.728761162493033e-05,-4.111890113249901,10.047397379074614,7.352439440464006e-05,11153145787.234398,11724000000.0
BAH,2025-12-17,BOOZ ALLEN HAMILTON INC,3483655.98,18.11668792088954,21,2.6688184907541275,-24.373387571069884,150967068.51999998,25645720.427444443,12182005.24,-6.136735095960031,3483655.98,152,-12.63630208541804,21,0.0003360111744641796,-3.4736462793737446,10.015681540128275,0.0002971388587512794,10367678948.63977,11724000000.0
BAH,2025-12-18,BOOZ ALLEN HAMILTON INC,412214.29,18.858264355490164,22,2.6682073256491754,-26.23790324353268,150967068.51999998,25663193.93373626,12200587.68,-5.882436544958098,412214.29,167,-15.12158318014808,21,3.923126251752825e-05,-4.406367715434748,10.021490758580452,3.515986779256226e-05,10507290960.004807,11724000000.0
BAH,2025-12-19,BOOZ ALLEN HAMILTON INC,88629.0,19.903820061972976,23,2.672951702341248,-30.451854813955247,150967068.51999998,26486134.16260869,12244705.8,-5.637005247262057,88629.0,179,-15.73689881123884,21,8.487957849112066e-06,-5.071196785791859,10.01877263498412,7.559621289662232e-06,10441734228.130219,11724000000.0
BAH,2025-12-22,BOOZ ALLEN HAMILTON INC,57313508.4,18.198642851750456,24,2.679020762033596,-30.20245467381057,150967068.51999998,26314985.97752688,12200587.68,-5.34509174961552,57313508.4,170,-15.91557291309298,19,0.005537171250972455,-2.2567120446292526,10.01496903888571,0.0048885626407369496,10350683734.033768,11724000000.0
BAH,2025-12-30,BOOZ ALLEN HAMILTON INC,800026.0,20.05870741801974,31,2.60472027042148,-30.4163087267456,150967068.51999998,26389060.05453609,12288823.92,-4.472725821919542,800026.0,179,-20.56576631148599,19,7.741921689377445e-05,-4.1111512259443765,10.014255327277626,6.823831456840669e-05,10333687579.114906,11724000000.0
BAH,2026-01-06,BOOZ ALLEN HAMILTON INC,94852.3,13.538420115210249,37,2.4844131175035136,-24.720044807795404,150967068.51999998,26011483.658217825,12288823.92,-4.109358419192444,94852.3,170,-12.504030887160688,18,8.745371473245053e-06,-5.058221738460421,10.035269604683497,8.090438416922553e-06,10846000114.481606,11724000000.0
BAH,2026-01-12,BOOZ ALLEN HAMILTON INC,649832.93,5.642255509504901,40,2.4753144792662574,-23.690560220879643,150967068.51999998,25571306.13971429,12288823.92,-3.842701696375915,649832.93,168,-3.721243569233623,17,5.56536026463141e-05,-4.254506717065623,10.067308432315471,5.542757847151143e-05,11676385698.330673,11724000000.0
BAH,2026-01-13,BOOZ ALLEN HAMILTON INC,2673000.0,7.260522558294324,41,2.468319429221306,-26.86933541933003,150967068.51999998,25912442.455943394,12298801.69,-3.749540483210976,2673000.0,175,-6.706115814740321,18,0.0002275278545797702,-3.6429654282386035,10.06996438699514,0.00022799385875127943,11748012149.707405,11724000000.0
BAH,2026-01-14,BOOZ ALLEN HAMILTON INC,4636.97,6.102752344908979,41,2.461219997434849,-24.77898730134833,150967068.51999998,25729586.344392523,12288823.92,-3.666439845199069,4636.97,184,-5.293578349306138,19,4.007487491563696e-07,-6.397127824520503,10.063362110652106,3.9551091777550326e-07,11570765996.80336,11724000000.0
BAH,2026-01-15,BOOZ ALLEN HAMILTON INC,1904993.87,5.272378562317703,42,1.760139033545148,-22.38514549787446,150967068.51999998,25825438.753240734,12298801.69,-3.595189755025197,1904993.87,195,-6.595477959305651,19,0.00016286141853768586,-3.788181786782489,10.068075369298349,0.00016248668287273968,11697023684.95082,11724000000.0
BAH,2026-01-16,BOOZ ALLEN HAMILTON INC,7294841.0,4.958932223496881,43,1.7541808563843275,-17.236902384768662,179531780.78999996,27232340.32770642,12308779.46,-3.5233481241972324,7294841.0,196,-5.931727014580945,19,0.0006187685246206414,-3.2084717860056955,10.07148761635783,0.0006222143466393722,11789289063.26056,11724000000.0
BAH,2026-01-20,BOOZ ALLEN HAMILTON INC,15783525.03,9.38369098541716,44,2.026216994103332,-19.906228153346195,179531780.78999996,27187429.023636363,12511340.82,-3.238513779474157,15783525.03,164,-6.489445533741678,17,0.0013348158506321485,-2.874578644839237,10.072782648155739,0.0013462576791197544,11824496257.31157,11724000000.0
BAH,2026-01-21,BOOZ ALLEN HAMILTON INC,6226976.42,6.968725802950981,45,2.0407199974880528,-18.7018837429055,179531780.78999996,27359927.104954954,12713902.18,-3.065166292131137,6226976.42,183,-6.411854055535094,18,0.0005488172785859352,-3.2605722240571353,10.054849445217226,0.0005311307079495053,11346174151.156876,11724000000.0
BAH,2026-01-22,BOOZ ALLEN HAMILTON INC,6513143.92,6.756481203404041,46,2.0323690324474755,-19.37583533913053,179531780.78999996,27989329.55348214,12873935.84,-2.937699497515902,6513143.92,186,3.4264146884736446,18,0.0005613651469039146,-3.250754554610704,10.064545229433222,0.0005555393995223474,11602330418.840225,11724000000.0
BAH,2026-01-23,BOOZ ALLEN HAMILTON INC,907028.32,0.0,47,2.3646958662294786,-17.226780642324513,179531780.78999996,28267388.24654867,13033969.5,-2.776085461579578,907028.32,189,18.041224909168395,18,7.802127546923788e-05,-4.107786954245657,10.065407801424515,7.763659334075152e-05,11625397233.57409,11683000000.0
BAH,2026-01-27,BOOZ ALLEN HAMILTON INC,744156.0,1.719522381223615,49,3.329684254674956,-30.099617632119543,179531780.78999996,27851320.37217391,12713902.18,-2.386211355616533,744156.0,209,7.358567277258365,19,6.669467779927909e-05,-4.1759088211753035,10.047572808921926,6.36956261234272e-05,11157651922.98513,11683000000.0
BAH,2026-01-28,BOOZ ALLEN HAMILTON INC,18763003.06,0.0,50,3.3412140108733155,-28.154455902322063,179531780.78999996,27852358.01689655,12873935.84,-2.386211355616533,18763003.06,226,8.125255707648172,20,0.0017636800166666979,-2.753580205826386,10.026882555221789,0.0016060089925532825,10638552845.57882,11683000000.0
BAH,2026-01-29,BOOZ ALLEN HAMILTON INC,5690346.07,1.5778166055966605,51,3.4074638332839897,-29.388502436549143,179531780.78999996,28079263.30128205,13033969.5,-2.386211355616533,5690346.07,243,0.4134325413870154,20,0.0005258378574691591,-3.279148150260659,10.034286829963458,0.00048706206197038436,10821484206.914001,11683000000.0
BAH,2026-01-30,BOOZ ALLEN HAMILTON INC,24324201.86,1.933945070819698,52,3.399281107070652,-28.190749159683868,179531780.78999996,28116918.698983047,13202149.8,-2.3104854531359567,24324201.86,260,2.532949717744981,20,0.002307807817408557,-2.6368003598638405,10.022838958712365,0.0020820167645296582,10539959903.296326,11683000000.0
BAH,2026-02-02,BOOZ ALLEN HAMILTON INC,37898.0,3.005708998803392,53,3.4110193144675693,-28.912968039034293,179531780.78999996,28629386.88218487,13370330.1,-2.2142396105332893,37898.0,301,-0.2311968602721315,19,3.6082558961204014e-06,-5.442702670040258,10.021318961489001,3.243858597962852e-06,10503135334.926758,11683000000.0
BAH,2026-02-04,BOOZ ALLEN HAMILTON INC,3985819.83,5.98540999615822,55,3.44337463919918,-29.95373502576987,179531780.78999996,28202876.224049583,13033969.5,-2.0784261457172604,3985819.83,310,-2.637561391575028,21,0.00040426962037732,-3.3933288933391257,9.993846556844272,0.00034116407001626294,9859310789.368454,11683000000.0
BAH,2026-02-05,BOOZ ALLEN HAMILTON INC,272017.28,6.637484545911665,56,3.4425100553466805,-27.003624463696173,179531780.78999996,28094086.308688525,13202149.8,-2.0784261457172604,272017.28,319,-4.00461929088446,21,2.6928042566245115e-05,-4.5697952148608705,10.00439170849167,2.328317041855688e-05,10101635844.150795,11683000000.0
BAH,2026-02-06,BOOZ ALLEN HAMILTON INC,317195.56,1.2582826060964614,57,3.5138657398658157,-25.99126077571808,179531780.78999996,27927012.31934959,13033969.5,-2.026896161499607,317195.56,314,0.9824373445865398,21,3.159360320326659e-05,-4.50040084063306,10.001727940208653,2.715018060429684e-05,10039866550.175697,11683000000.0
BAH,2026-02-09,BOOZ ALLEN HAMILTON INC,360000.0,0.0,58,3.49021464332024,-25.28338890429416,179531780.78999996,27805743.668387093,13202149.8,-2.077090097282455,360000.0,296,2.2915049152838263,19,3.4048283764559576e-05,-4.467904774217163,10.02420727498445,3.081400325258923e-05,10573220150.811813,11683000000.0
BAH,2026-02-10,BOOZ ALLEN HAMILTON INC,679195.42,0.0,59,3.484163148978033,-26.215725290542117,179531780.78999996,27644484.178799994,13033969.5,-2.1111685656607646,679195.42,307,5.129349832260854,20,6.34390858828397e-05,-4.197643083554556,10.02963783223416,5.813536078062142e-05,10706261140.873764,11683000000.0
BAH,2026-02-11,BOOZ ALLEN HAMILTON INC,254369.99,6.180488170442233,60,4.2622210106100304,-35.51955247605082,179531780.78999996,27678549.32809523,13202149.8,-2.152413612909024,254369.99,317,-7.894224047418186,21,2.380653731057074e-05,-4.623303768655308,10.028769641566495,2.177266027561414e-05,10684879816.060143,11683000000.0
BAH,2026-02-12,BOOZ ALLEN HAMILTON INC,573432.64,8.714770980375075,61,4.251157091721225,-35.82332819796859,179531780.78999996,27485314.8931496,13033969.5,-2.184886684367995,573432.64,322,-7.696157976737417,21,6.050140833436461e-05,-4.218234515847953,9.976716925366071,4.9082653428057866e-05,9478004823.142143,11683000000.0
BAH,2026-02-13,BOOZ ALLEN HAMILTON INC,723568.14,6.001001848351084,62,4.307737039852583,-33.06939857872045,179531780.78999996,27340654.55828125,12873935.84,-2.22398575148431,723568.14,324,-4.8427621923935575,21,7.816391538493702e-05,-4.106993694075836,9.966473129921415,6.19334194984165e-05,9257061093.173424,11683000000.0
BAH,2026-02-17,BOOZ ALLEN HAMILTON INC,173578.86000000002,10.023559450546385,64,4.341496736288712,-36.07122681704487,179531780.78999996,27303885.294341087,13033969.5,-2.4004657833929617,173578.86000000002,299,-8.64288603827692,19,1.828290137303608e-05,-4.737954883530334,9.977451715290183,1.485738765727981e-05,9494054387.669395,11683000000.0
BAH,2026-02-18,BOOZ ALLEN HAMILTON INC,5373290.44,7.395572204114864,65,4.3505208909695146,-34.97487050719964,179531780.78999996,27239570.84946154,13202149.8,-2.555255906590635,5373290.44,316,-5.794777569726839,20,0.000587441090909066,-3.231035678291751,9.961275994215045,0.0004599238585979629,9146943452.12526,11683000000.0
BAH,2026-02-19,BOOZ ALLEN HAMILTON INC,91106.85,5.178880232132355,66,4.345182766667375,-33.26437590899862,179531780.78999996,27188233.75152672,13370330.1,-2.694164673668112,91106.85,325,-4.392959534634588,21,9.722450088191858e-06,-5.012224277697448,9.971775308955424,7.798241033980998e-06,9370770656.940826,11683000000.0
BAH,2026-02-20,BOOZ ALLEN HAMILTON INC,15134860.64,8.897805271617143,67,4.378268499436845,-34.48974219735036,179531780.78999996,27011537.03166667,13202149.8,-2.8600495802933303,15134860.64,319,-8.612216125156547,21,0.0015817771007877437,-2.8008547159826143,9.980833142361586,0.0012954601249679021,9568263842.27124,11683000000.0
BAH,2026-02-23,BOOZ ALLEN HAMILTON INC,1697141.6,13.22380802386256,69,4.024201175422702,-37.1180125548286,179531780.78999996,27005413.84142857,13370330.1,-2.8600495802933303,1697141.6,283,-9.691284327840457,19,0.00018364348288448057,-3.736024479230089,9.965742558161272,0.00014526590772917915,9241501921.783813,11683000000.0
BAH,2026-02-24,BOOZ ALLEN HAMILTON INC,4204758.62,11.070013054437911,70,3.7698057224319577,-38.22054461970772,179531780.78999996,26822502.033059705,13202149.8,-2.974756295037256,4204758.62,291,-10.941019380176918,20,0.0004730609957914691,-3.325082858357788,9.94882392793026,0.00035990401609175724,8888406901.873405,11683000000.0
BAH,2026-02-26,BOOZ ALLEN HAMILTON INC,22020399.44,5.403032801450225,72,3.954779287663663,-28.40073824701433,179531780.78999996,27024801.03360294,13435351.805,-3.2271733868510952,22020399.44,317,-4.85499008441288,21,0.0024493927374657524,-2.610941574189567,9.953766766800525,0.001884824055465206,8990146456.78392,11683000000.0
BAH,2026-02-27,BOOZ ALLEN HAMILTON INC,6798105.78,6.659891555313213,73,3.9285990888119584,-28.553292797336503,179531780.78999996,27417218.636204377,13500373.51,-3.434002842594197,6798105.78,319,-4.788286620156745,21,0.0007119989283461142,-3.1475206600340977,9.979908578050024,0.0005818801489343491,9547915747.276703,11683000000.0
BAH,2026-02-28,BOOZ ALLEN HAMILTON INC,5996467.38,8.058088886654048,74,3.9285990888119584,-28.553292797336503,179531780.78999996,27509804.14065217,13542509.53,-3.434002842594197,5996467.38,307,-4.788286620156745,21,0.0006355283492777754,-3.1968650719230367,9.974760547440896,0.0005132643481982368,9435405024.519333,11683000000.0
BAH,2026-03-05,BOOZ ALLEN HAMILTON INC,139120.0,5.363405276624822,77,3.7881992868607455,-26.25066841198681,179531780.78999996,27735639.62461539,13500373.51,-3.7967187598293233,139120.0,257,-8.291614379171975,23,1.4834795894084059e-05,-4.828718424586965,9.97210799358162,1.190790036805615e-05,9377951742.192787,11683000000.0
BAH,2026-03-09,BOOZ ALLEN HAMILTON INC,230645.44,3.25433115515752,78,3.625798206335789,-21.94132107057761,179531780.78999996,27635324.21365517,13584645.55,-3.9011353936558586,230645.44,239,-8.960804040548487,21,2.3531250554184773e-05,-4.628354991891131,9.99129986465543,1.9741970384319095e-05,9801665214.047974,11683000000.0
BAH,2026-03-10,BOOZ ALLEN HAMILTON INC,222675.85,8.462333263260602,79,3.736577519653676,-25.979596494137425,179531780.78999996,27529168.057739723,13542509.53,-3.909244017408748,222675.85,253,-14.807242653785492,22,2.2846501799647666e-05,-4.641180288610128,9.988853407393337,1.905981768381409e-05,9746605933.492805,11683000000.0
BAH,2026-03-12,BOOZ ALLEN HAMILTON INC,1920057.22,9.039026666505844,81,2.831367379788733,-23.87658839107125,179531780.78999996,27590440.55797297,13542509.53,-3.909244077843332,1920057.22,266,-14.241201458086506,23,0.0002112392219393406,-3.6752254408241094,9.95853961221514,0.000164346248395104,9089492009.923058,11683000000.0
BAH,2026-03-13,BOOZ ALLEN HAMILTON INC,14468891.0,7.423026696544577,82,2.8016558113777266,-22.36008597384656,179531780.78999996,27446147.058791943,13500373.51,-3.940766292795977,14468891.0,272,-11.732217375078724,23,0.0015676731706597193,-2.804744474160421,9.965179719098542,0.0012384568175982196,9229532832.989098,11683000000.0
BAH,2026-03-18,BOOZ ALLEN HAMILTON INC,4225774.71,6.89040801652212,85,2.72261782853589,-19.98581034802456,179531780.78999996,27522761.986842107,13592109.575,-4.0908867493171455,4225774.71,266,-5.913462584506624,23,0.00045779421411428585,-3.3393297005083906,9.96523604016933,0.0003617028768295814,9230729833.874786,11683000000.0
BAH,2026-03-19,BOOZ ALLEN HAMILTON INC,243288.55,4.020782538620149,86,2.752140844191697,-16.50388058794432,179531780.78999996,27437584.99300654,13599573.6,-4.049532293425425,243288.55,277,-1.417936604543224,24,2.584036950823615e-05,-4.587701280373524,9.973822950386005,2.0824150475049216e-05,9415056929.524796,11683000000.0
BAH,2026-03-20,BOOZ ALLEN HAMILTON INC,6012089.22,5.165733989533972,87,2.643149644466813,-16.713484354676243,179531780.78999996,27398826.10681818,13739272.7,-4.05293243653402,6012089.22,275,-1.8202918369222827,24,0.0006214180278132918,-3.206616151682486,9.985641568618341,0.0005146014910553796,9674790480.662338,11683000000.0
BAH,2026-03-24,BOOZ ALLEN HAMILTON INC,1118062.27,6.59228902540967,89,2.4684726464269726,-18.56256514061463,179531780.78999996,27523235.98583333,14097857.015,-4.01470984739591,1118062.27,267,-1.5268281466193088,23,0.00011690961412505146,-3.9321497729290757,9.98061576499852,9.569992895660361e-05,9563475838.728485,11683000000.0
BAH,2026-03-26,BOOZ ALLEN HAMILTON INC,10602612.46,4.668239824235054,91,2.055223852434062,-17.9256863437637,179531780.78999996,27667030.37734177,14403712.08,-3.941866265568138,10602612.46,285,1.052924512479736,24,0.0011056124817898367,-2.9563970669833974,9.981809954622895,0.0009075248189677309,9589808938.151466,11683000000.0
BAH,2026-03-27,BOOZ ALLEN HAMILTON INC,137224.65,7.121923033606081,92,2.1048060852603583,-18.75939412151525,179531780.78999996,28248771.795031447,14490681.930000002,-3.885545826095485,137224.65,282,0.3325864150780395,24,1.4272017427818957e-05,-4.845514632642771,9.982946764402763,1.1745668920653942e-05,9614944116.626587,11683000000.0
BAH,2026-03-31,BOOZ ALLEN HAMILTON INC,23370777.39,7.753430241647541,94,2.0641243559604843,-21.677762074166395,179531780.78999996,28049411.95753087,14494217.4,-3.740606385594048,23370777.39,256,-2.8342725065468315,23,0.002473159063887657,-2.606747950623282,9.975421109338662,0.002000408918086108,9449767195.023254,11683000000.0
BAH,2026-04-01,BOOZ ALLEN HAMILTON INC,6569812.42,4.616143581134713,95,2.157038118573348,-18.704335918379822,179531780.78999996,28204964.278220862,14497752.87,-3.6640561969494896,6569812.42,272,-4.891361984240849,23,0.0007034324341649192,-3.1527776109208343,9.970330580766477,0.0005623395035521698,9339649553.97509,11683000000.0
BAH,2026-04-02,BOOZ ALLEN HAMILTON INC,390371.92,1.1427907774117507,95,2.2498231536720463,-13.72917161198901,179531780.78999996,28125715.144207325,14501578.295,-3.6321870206549622,390371.92,278,-2.028101066356758,23,4.0580331668646094e-05,-4.3916844077394845,9.983162978446119,3.341367114610973e-05,9619732120.169342,11683000000.0
BAH,2026-04-03,BOOZ ALLEN HAMILTON INC,20235882.0,0.442000537739462,95,2.2498231536720463,-13.72917161198901,179531780.78999996,28181048.16406061,14505403.72,-3.608992286099248,20235882.0,276,-2.028101066356758,23,0.0020337397904719385,-2.6917046142408645,9.99782675251553,0.001732079260463922,9950084123.251663,11683000000.0
CACI,2025-08-14,"CACI, INC. - FEDERAL",547298.08,25.941546410564808,0,2.273240461394456,41.910483610247255,20351984.5,11533531.27,15236919.58,,547298.08,17,-6.072928847593139,2,4.938410627350081e-05,-4.306412801447854,10.044636726025828,6.343408025013027e-05,11082474125.76294,8627824000.0
CACI,2025-08-18,"CACI, INC. - FEDERAL",4589338.48,27.09678111794056,0,2.265574497075267,37.43460701913306,54118664.04,20329335.9725,19268849.025,,4589338.48,30,-7.820447270987473,4,0.00042697898316490523,-3.369593501368753,10.031343591003969,0.0005319230526723772,10748394326.068115,8627824000.0
CACI,2025-08-19,"CACI, INC. - FEDERAL",14537227.91,26.93231240747489,0,2.264032755673042,38.8008317135248,54118664.04,18490916.762,18185713.55,,14537227.91,34,-7.503149626724781,5,0.0013594286116842022,-2.866643593788626,10.029125193009813,0.001684924021398675,10693630974.847412,8627824000.0
CACI,2025-08-20,"CACI, INC. - FEDERAL",2236008.0,26.9896974092136,0,2.2605266680945144,35.26919434471471,54118664.04,21773667.291666664,19268849.025,,2236008.0,44,-5.09590463853502,6,0.0002088265916943272,-3.680214199679419,10.029687552717437,0.0002591624493035556,10707486924.23706,8627824000.0
CACI,2025-08-22,"CACI, INC. - FEDERAL",6015150.0,28.363996814994906,0,2.267117465864694,34.88637341771559,54118664.04,22641419.442500003,19268849.025,,6015150.0,63,-2.35387064127508,8,0.0005627298560980772,-3.249700042381692,10.028946504208848,0.0006971804246354585,10689232026.373291,8627824000.0
CACI,2025-08-25,"CACI NSS, LLC",123536.15,27.4664247468283,0,2.1169864743002718,25.29324393420085,68488973.27,24672004.209,19268849.025,,123536.15,72,3.756047951158093,10,1.1667492996088658e-05,-4.933022451146553,10.024816513586066,1.4318343767791276e-05,10588062923.321533,8627824000.0
CACI,2025-08-26,"CACI, INC. - FEDERAL",165855.26,27.90966498820937,0,2.110200237979424,21.829692213585457,68488973.27,22914174.00454545,18185713.55,,165855.26,78,3.094921647682991,11,1.555483144708212e-05,-4.808134690566127,10.027863940028805,1.922330126344719e-05,10662620200.305176,8627824000.0
CACI,2025-08-29,"CACI TECHNOLOGIES, LLC",1727302.19,28.81888792016776,0,2.104066040309068,10.896396826602484,75574748.46,27103168.36214286,21265670.78,,1727302.19,110,4.256958761662167,14,0.0001637182849996463,-3.7859028133737698,10.023271137026176,0.00020020137058892254,10550453726.068115,8627824000.0
CACI,2025-09-03,"CACI, INC. - FEDERAL",1294758.71,31.63701238346017,0,2.18494014513461,10.9974711887312,75574748.46,23277084.92529412,18185713.55,,1294758.71,123,-2.373831791910374,17,0.0001218998828791922,-3.9139967116494194,10.026185552901207,0.00015006781663603707,10621492649.694824,8627824000.0
CACI,2025-09-05,"CACI, INC. - FEDERAL",26161.0,30.249753357255127,0,1.9958994623058384,11.397487921502991,75574748.46,21372668.641578943,18185713.55,,26161.0,139,1.0271023521059697,19,2.5852927533589848e-06,-5.587490271150507,10.00514461195646,3.0321666274138185e-06,10119163474.23706,8627824000.0
CACI,2025-09-08,"CACI, LLC - COMMERCIAL",24689390.79,32.37279315856221,0,1.987875969273716,7.143606931544298,75574748.46,20009108.33619048,14550580.95,,24689390.79,145,-0.774287682826059,21,0.002366069726145093,-2.6259724612153303,10.018482835075757,0.002861601116341733,10434768898.474121,8627824000.0
CACI,2025-09-10,"CACI, INC. - FEDERAL",11109655.83,30.67621692485436,0,1.892252905525842,9.990303241878507,77818546.57000001,23195779.17565217,18185713.55,,11109655.83,170,-1.6805900760250791,23,0.0010522863955830263,-2.9778660443135854,10.023566649298822,0.0012876544340728322,10557635142.51709,8627824000.0
CACI,2025-09-11,"CACI, INC. - FEDERAL",1558622.8,28.853023747914097,0,1.4299915724429773,16.409752691784284,77818546.57000001,24070268.390833333,19268849.025,,1558622.8,184,1.0653663421070316,24,0.00014574379686974794,-3.8364099205659894,10.029150945505059,0.00018065074113704683,10694265097.216797,8627824000.0
CACI,2025-09-12,"CACI NSS, LLC",16648.92,32.15985830825328,0,1.3062365172428845,18.55298232286801,92808563.38,26794001.0688,20351984.5,,16648.92,186,-2.230608131964786,24,1.5350876659120749e-06,-5.813866817753758,10.035252884229541,1.9296777495693e-06,10845582548.608398,8627824000.0
CACI,2025-09-15,"CACI, INC. - FEDERAL",593380.38,33.75954545045452,0,1.3030535296585737,17.8015338725098,92808563.38,25289144.31777778,18185713.55,,593380.38,173,-2.036176413132342,23,5.439841764608223e-05,-4.264413732977732,10.037746915338394,6.87752068192397e-05,10908044860.064697,8627824000.0
CACI,2025-09-16,"CACI, LLC - COMMERCIAL",1316894.8,34.764028943908066,0,1.309649996839369,16.810706214451976,92808563.38,25012576.057857145,17904575.865,1.887974150960292,1316894.8,185,-2.7248732543097223,24,0.00012094640833375151,-3.9174070240693037,10.036958106848605,0.00015263347977427448,10888250574.3042,8627824000.0
CACI,2025-09-17,"CACI, LLC - COMMERCIAL",2000837.29,33.605713116173305,0,1.3220081194130004,16.612254746029965,92808563.38,26251976.671034485,18185713.55,-0.1256694942628755,2000837.29,201,-1.5274775969811962,25,0.0001851411120641969,-3.732497131976002,10.033708904805962,0.0002319052046031537,10807093398.608398,8627824000.0
CACI,2025-09-19,"CACI NSS, LLC",7063243.47,32.7539555507046,0,1.3227653880603625,13.467912330146614,92808563.38,26731581.601612907,20351984.5,0.5310147106367485,7063243.47,220,-1.3996279995860397,25,0.0006468219231451393,-3.1892152686982187,10.038219445338045,0.0008186587336505705,10919919714.0,8627824000.0
CACI,2025-09-22,"CACI, INC. - FEDERAL",6559890.91,31.97082666164864,0,1.3009387394997085,16.859548118713082,92808563.38,25683773.08757576,18185713.55,0.6366497794326365,6559890.91,209,-1.4643539291365748,24,0.0005979450504171497,-3.223338724702416,10.040235341886161,0.0007603181184502605,10970725329.064209,8627824000.0
CACI,2025-09-23,"CACI NSS, LLC",1400952.0,34.33207953006337,0,1.3670410349341775,14.361920271271725,92808563.38,25959198.40176471,19268849.025,0.8311131397440423,1400952.0,231,-1.7701659020366236,24,0.00012694581278523454,-3.8963816194397864,10.04280487500233,0.00016237605217723496,11035826777.28894,8627824000.0
CACI,2025-09-24,"CACI, INC. - FEDERAL",10099999.26,33.17579144666991,0,1.3734946153150425,9.304107891721603,157788888.38000005,29724184.89257143,20351984.5,1.0021304026752864,10099999.26,246,-2.990041550533995,25,0.000931575949343114,-3.0307817322481356,10.03510307421118,0.001170631118576364,10841842006.678955,8627824000.0
CACI,2025-09-25,"CACI, INC. - FEDERAL",39901786.05,39.04544263817882,0,1.6744241738802683,-1.8426109470016208,157788888.38000005,29770179.890833337,21015224.975,1.205811697965438,39901786.05,259,-8.319512552093379,25,0.003648671882760463,-2.437865190050998,10.03885752569512,0.004624779788043891,10935975426.71106,8627824000.0
CACI,2025-09-26,"CACI ENTERPRISE SOLUTIONS, LLC",5654341.75,36.3681310231587,0,1.7002367484286849,-5.967565948233624,157788888.38000005,32689986.135945957,21678465.45,1.5415074023859752,5654341.75,263,-7.418546627842715,25,0.0005170404743354331,-3.2864754586613416,10.038857512488317,0.0006553612764933545,10935975094.15039,8627824000.0
CACI,2025-09-29,"CACI ENTERPRISE SOLUTIONS, LLC",640045.45,35.67799158993918,0,1.7028679353277274,-6.296164003059282,231289594.02,38263587.4525,21928911.255,1.5665081112643016,640045.45,275,-6.62161569420584,25,5.9929532635888013e-05,-4.222359109162289,10.028569923745174,7.418387880883986e-05,10679967319.096313,8627824000.0
CACI,2025-09-30,"CACI-ISS, LLC",11260279.89,32.76193994587502,0,1.762885917232811,-5.9666808192937,231289594.02,39423406.51487805,22179357.06,1.6791716339024625,11260279.89,291,-8.859898346956207,26,0.0010490007041782197,-2.9792242202710635,10.030773405917103,0.0013051123771184948,10734292022.064209,8627824000.0
CACI,2025-10-27,"CACI, INC. - FEDERAL",13879.0,14.421236982583263,0,3.1060695952842967,-0.5934419404685087,231289594.02,33921068.81632653,18185713.55,4.163285704991061,13879.0,55,15.034632377348052,11,1.0734969986199782e-06,-5.969199165465835,10.11155734122968,1.5667335473787042e-06,12928773920.97229,8858558000.0
CACI,2025-11-13,"CACI-ISS, LLC",6212189.36,12.753499500475929,0,3.0684497227588188,10.510897379481744,231289594.02,30916796.076666668,14550580.95,6.615436516223126,6212189.36,21,15.07585322954976,13,0.00047959232829278286,-3.3191277726264814,10.112372458052238,0.0007012641741466275,12953062410.55542,8858558000.0
CACI,2025-11-14,"CACI, INC. - FEDERAL",1690000.0,12.07792144736466,0,3.0569380395010395,12.12599654292179,231289594.02,30490199.40913793,13786523.91,6.615436516223126,1690000.0,24,15.547691780777177,14,0.0001303289060400027,-3.8849592501247234,10.112845954738397,0.00019077597053606242,12967192400.750122,8858558000.0
CACI,2025-11-19,"CACI, INC. - FEDERAL",1600000.0,9.843249441586766,1,2.9745233522911656,27.781405369770653,231289594.02,29097185.11081967,12968050.27,6.767316143574086,1600000.0,29,21.78745664889572,16,0.0001213306318489304,-3.9160295407367913,10.120149523392715,0.0001806163034660946,13187106797.5,8858558000.0
CACI,2025-12-02,"CACI, INC. - FEDERAL",2422724.32,9.207404584501733,11,1.1919245008192485,23.4464060511659,231289594.02,26289783.216811597,11137239.920000002,7.048403130413856,2422724.32,43,22.58220161613096,16,0.00017921808817408468,-3.746618159865001,10.130922158767552,0.00027348969437237977,13518302447.5,8858558000.0
CACI,2025-12-05,"CACI TECHNOLOGIES, LLC",6503271.600000001,11.170985528423127,14,1.202512911643826,19.055812786720548,231289594.02,25918183.476944443,11011681.695,7.130603442733542,6503271.600000001,51,16.236205310695272,19,0.00048635420837007997,-3.313047321869313,10.126179213954737,0.0007341230480175216,13371471836.94458,8858558000.0
CACI,2025-12-09,"CACI, INC. - FEDERAL",127145.31,12.389891155232169,16,1.201859793724109,14.63966671570216,231289594.02,25442526.26067568,11011681.695,7.130603442733542,127145.31,53,15.37890411933076,18,9.703702822863577e-06,-5.013062512261717,10.117362857279257,1.4352822434531669e-05,13102762143.583374,8858558000.0
CACI,2025-12-15,"CACI, INC. - FEDERAL",3300000.0,16.70397662762486,21,1.3889200774196448,10.67114159719993,231289594.02,25089870.43589744,11011681.695,6.847318874972588,3300000.0,63,11.186807197631389,19,0.0002610856521066512,-3.583216994060328,10.101730933938216,0.0003725211258988201,12639530259.02771,8858558000.0
CACI,2025-12-18,"CACI, INC. - FEDERAL",1605927.18,20.626270754993147,24,1.3434158257138498,5.367102419615087,231289594.02,24625570.16851852,11137239.920000002,6.567226469800676,1605927.18,73,8.078733460494703,21,0.00012970693628306672,-3.887036798712271,10.092762647225806,0.00018128539430458095,12381197382.5,8858558000.0
CACI,2025-12-23,"CACI, INC. - FEDERAL",198172.26,21.60316174557748,28,1.282109368578602,0.7106285350336297,231289594.02,25170053.811529413,11137239.920000002,6.006075344352579,198172.26,81,7.609709036358625,21,1.6318746940063978e-05,-4.787313192267738,10.084356054465044,2.2370713156701127e-05,12143840500.0,8858558000.0
CACI,2025-12-29,"CACI, INC. - FEDERAL",3460000.0,22.745982504491536,33,1.197662509167453,0.2873851971182848,231289594.02,25448022.86151163,11351167.12,5.106030376180354,3460000.0,78,0.8444653110674105,18,0.0002891395560521727,-3.538892490134819,10.077968588927595,0.00039058275624542955,11966539781.833496,8858558000.0
CACI,2026-01-02,"CACI TECHNOLOGIES, LLC",632416.0,23.21877812701414,37,1.1913574677942815,0.3314777758706366,231289594.02,24770658.604044948,10886123.47,4.345373143703838,632416.0,81,-0.2244928245841659,19,5.37572592627026e-05,-4.269562881275411,10.070565730239267,7.139040010800855e-05,11764290231.194458,8858558000.0
CACI,2026-01-06,"CACI NSS, LLC",3237112.83,18.366580786428788,41,1.7608481283232515,6.6489661808818425,231289594.02,24259718.601538464,10121854.66,3.8770455077293,3237112.83,77,6.033875604488227,18,0.00025783074275558345,-3.5886653002755127,10.098823137334065,0.00036542209578579267,12555185605.111084,8858558000.0
CACI,2026-01-08,"CACI, INC. - FEDERAL",973236.0,13.371222242297096,42,1.9830312030904496,10.45144088080627,231289594.02,23987011.31365592,10121854.66,3.5546176453388463,973236.0,87,10.665269398852685,19,7.83210398889901e-05,-4.106121554924887,10.094339720033835,0.00010986393045008002,12426239505.750122,8858558000.0
CACI,2026-01-09,"CACI, INC. - FEDERAL",3312407.67,10.56032319467386,43,2.047352573232492,14.10738378373755,231289594.02,24436416.03978724,10503989.065,3.4226492293619004,3312407.67,89,11.337363727246744,19,0.0002568447102237759,-3.5903293742428612,10.110473155838786,0.00037392176808008704,12896538406.860962,8858558000.0
CACI,2026-01-14,"CACI, INC. - FEDERAL",38327.05,8.319562908701062,43,1.9131196978877223,18.451687572233837,231289594.02,23771061.91010204,10503989.065,3.213711379696029,38327.05,86,14.300272143367025,20,2.8712131226682134e-06,-5.541934569759322,10.125439963028139,4.326556308600113e-06,13348730436.416626,8858558000.0
CACI,2026-01-15,"CACI, INC. - FEDERAL",983000.0,5.5282872416583695,43,1.9344141527468832,21.49199447847205,231289594.02,23449156.93232323,10886123.47,3.212518451863552,983000.0,92,15.682336238305862,20,7.282566048883875e-05,-4.137715567869437,10.130269085701572,0.00011096614144198187,13497989491.638794,8858558000.0
CACI,2026-01-16,"CACI NSS, LLC",6164447.48,4.216238117404592,44,1.93641068830773,27.914905615647815,231289594.02,23617031.6494,11011681.695,3.2432678232218426,6164447.48,98,15.71897167563272,20,0.0004449252587673916,-3.3517129383025033,10.141607095123875,0.0006958748229678014,13855018025.0,8858558000.0
CACI,2026-01-23,"CACI, INC. - FEDERAL",498007.97,0.0,45,1.8674462263373095,32.169482551887164,231289594.02,23336835.06173077,11011681.695,3.786654597332545,498007.97,86,13.541753866615023,18,3.441095454928652e-05,-4.463303280016734,10.160539573176699,5.69274798950905e-05,14472367201.749878,8748112000.0
CACI,2026-01-27,"CACI, INC. - FEDERAL",20509303.51,0.0,46,2.040958333901037,25.02181343491201,231289594.02,23128272.68028302,11011681.695,4.351681304922401,20509303.51,99,12.936196868912898,20,0.001444694146741826,-2.840224086777281,10.1521749988814,0.0023444262613464485,14196294458.76416,8748112000.0
CACI,2026-01-28,"CACI TECHNOLOGIES, LLC",61424.55,0.0,47,2.0529410893854507,23.754841359286296,231289594.02,23167916.693551403,11137239.920000002,4.351681304922401,61424.55,110,10.718329759819966,21,4.323909117236849e-06,-5.364123442909601,10.152465426405508,7.02146360266078e-06,14205791179.82312,8748112000.0
CACI,2026-01-29,"CACI TECHNOLOGIES, LLC",28348302.52,2.2691917477311474,48,2.1685976625414365,14.23832636966682,231289594.02,23275031.55787037,11351167.12,4.351681304922401,28348302.52,120,8.77081014798844,21,0.002011084980688486,-2.696569577407087,10.149096636111553,0.0032405052107243254,14096024182.078613,8748112000.0
CACI,2026-01-30,"CACI, INC. - FEDERAL",738795.0,2.689419894580647,48,2.140575088135107,16.175857507344805,231289594.02,23425021.471559636,11565094.32,4.351681304922401,738795.0,138,8.442474962882194,21,5.368249099506587e-05,-4.270167340076182,10.138691287646013,8.445193660072025e-05,13762308460.460693,8748112000.0
CACI,2026-02-04,"CACI NSS, LLC",1152003.0,5.3199579447732015,51,1.8749321250718252,13.064908859623568,231289594.02,24027696.621964283,11572690.355,4.771129699971694,1152003.0,164,0.8671338870809508,22,8.428738690709065e-05,-4.07423741003112,10.135691020092054,0.00013168589976900158,13667560975.283813,8748112000.0
CACI,2026-02-05,"CACI, INC. - FEDERAL",13209538.84,6.5098963314333735,51,1.9048395406763583,16.26879315349874,231289594.02,23829022.648230087,11565094.32,4.771129699971694,13209538.84,160,0.2497200018849454,22,0.0009884671068039741,-3.005037778116834,10.125925434282518,0.0015099873938513818,13363660509.362427,8748112000.0
CACI,2026-02-11,"CACI, INC. - FEDERAL",866127.11,10.540649596116117,53,2.7498462542901394,8.65271815213562,231289594.02,23215878.08769231,11137239.920000002,4.966454673803096,866127.11,157,-5.730505896728166,21,6.266621411021237e-05,-4.202966541788118,10.140548174129574,9.900731837909712e-05,13821277099.598267,8748112000.0
CACI,2026-02-12,"CACI, INC. - FEDERAL",3373249.0,12.793246308307603,54,2.757532994283894,7.699020563761615,231289594.02,23193792.16432204,11351167.12,4.9762925020199695,3373249.0,163,-6.672457718243474,21,0.0002666306116607197,-3.574089991035667,10.102138391322018,0.0003855973723244513,12651394297.862427,8748112000.0
CACI,2026-02-17,"CACI, INC. - FEDERAL",491394.8,12.16587056694265,56,2.710747007321753,9.5488573189378,231289594.02,23290032.723416667,11572690.355,4.855701238578155,491394.8,148,-9.233698128360746,19,3.8809317033609753e-05,-4.4110639999073555,10.102494556318298,5.617152592467952e-05,12661773964.598267,8748112000.0
CACI,2026-02-23,"CACI, INC. - FEDERAL",3868198.18,10.896869087449623,59,2.774623053023423,12.630229184829169,231289594.02,22744498.141935483,11572690.355,4.434639527197573,3868198.18,148,-8.77456825605245,19,0.0002988658009487394,-3.5245237781992467,10.112032494457058,0.00044217520077475007,12942926784.26416,8748112000.0
CACI,2026-02-27,"CACI, INC. - FEDERAL",315000.0,3.776003360999902,63,2.854518995303941,22.01089661806519,231289594.02,22585769.02078125,12039420.515,3.877299741226425,315000.0,162,-1.4785465861357872,21,2.3884009770078156e-05,-4.6218927598361725,10.120203313625774,3.600776944785343e-05,13188740208.716187,8748112000.0
CACI,2026-03-02,"CACI, INC. - FEDERAL",663898.3999999999,1.320084438994873,64,2.906390714649038,25.44290138081209,231289594.02,22515244.53906977,12219600.0,3.757415837089426,663898.3999999999,113,2.0582656571042746,19,4.9264962816036e-05,-4.307461840668762,10.129563462664066,7.589047785396436e-05,13476076344.137573,8748112000.0
CACI,2026-03-05,"CACI, INC. - FEDERAL",2291000.99,3.377849177442393,67,2.87982414018365,20.018174319785345,231289594.02,22385264.148181822,12394464.715,3.5000173808806423,2291000.99,132,3.1773695518390044,21,0.00016609075101712507,-3.7796545511371886,10.139679827996357,0.00026188519191340943,13793669882.098267,8748112000.0
CACI,2026-03-06,"CACI TECHNOLOGIES, LLC",2173436.68,2.793834735820821,67,2.866918763945372,21.339838932350364,231289594.02,22832452.74601504,12569329.43,3.4746153330894622,2173436.68,138,5.158323212668725,21,0.00016066233727073277,-3.794085919332041,10.131232911488448,0.00024844637105697777,13527978721.842773,8748112000.0
CACI,2026-03-12,"CACI, INC. - FEDERAL",59249157.3,0.0489672054221568,71,2.469983879712979,22.23909476874324,231289594.02,22479002.829781026,12569329.43,3.4223952427073776,59249157.3,153,9.03313774079396,21,0.004438737539241578,-2.352740533872805,10.125422711634059,0.0067727936382158795,13348200197.960693,8748112000.0
CACI,2026-03-24,"CACI, INC. - FEDERAL",2117045.96,0.5427346089992069,79,2.2021026646044404,17.017253539257215,231289594.02,21927987.35193103,12924276.8,3.3978993442543777,2117045.96,158,11.062989142432166,21,0.00016266568243938204,-3.788704060457352,10.114434346893262,0.000242000326470443,13014705549.76416,8748112000.0
CACI,2026-03-25,"CACI, INC. - FEDERAL",6811429.0,0.1554607403646546,80,2.19783447321601,13.560981675501417,231289594.02,21931343.42917808,12946163.535,3.4303893518286013,6811429.0,166,11.413011930081773,22,0.000534771324740687,-3.2718318883224855,10.105070122365984,0.0007786170318807075,12737087208.82312,8748112000.0
CACI,2026-03-27,"CACI, INC. - FEDERAL",3896703.33,18.43277583767012,82,2.1848879427069647,11.015171367071874,231289594.02,22138855.27675676,12995258.57,3.432706344977148,3896703.33,172,12.025924342793337,22,0.00030428218562900876,-3.5167234729112704,10.107420815566053,0.00044543363528038967,12806215789.283813,8748112000.0
CACI,2026-03-30,"CACI, LLC - COMMERCIAL",85568.45,15.38998983184512,84,2.0853187446409347,10.93921845615483,231289594.02,22046187.370604027,12968050.27,3.4308704170850715,85568.45,152,11.889661072969847,20,6.8734714550539524e-06,-5.162823866580352,10.095137531764179,9.781361967016426e-06,12449087853.137573,8748112000.0
CACI,2026-03-31,"CACI, INC. - FEDERAL",600000.0,19.190246943977662,85,2.1108199943752006,5.658456022362213,231289594.02,22312858.47926667,12995258.57,3.391032695437202,600000.0,163,5.74762086520455,21,4.864419455418655e-05,-4.312968983217347,10.091120233600991,6.858622751972082e-05,12334462632.157227,8748112000.0
CACI,2026-04-01,"CACI, INC. - FEDERAL",46265.4,18.9646223434236,86,2.2819910659032003,8.641285538064247,231289594.02,22363082.938476823,13022466.87,3.3495318875672946,46265.4,171,3.147213865802057,22,3.85166580333247e-06,-5.414351402249749,10.079607723579597,5.288615417818153e-06,12011789797.539307,8748112000.0
CACI,2026-04-02,"CACI, LLC - COMMERCIAL",767500.0,18.14533838073562,86,2.3559527781887803,14.30936952802011,231289594.02,22363105.30539474,13111233.435,3.300704401414385,767500.0,169,7.835916369318075,22,6.192796003946281e-05,-4.208113225790466,10.09319160993969,8.773321603564289e-05,12393432619.303467,8748112000.0
CAT,2025-12-17,CATERPILLAR INC,379454.15,49.27975033253769,5,2.0648299718450702,37.52227934302586,23126792.92,3148600.036842106,1152606.0,10.6798005255215,379454.15,3,18.33909739827626,2,1.3837302231903912e-06,-5.858948573174223,11.438107880138345,5.7197532445998705e-06,274225527231.1053,66341000000.0
EMR,2026-03-13,"EMERSON CONSTRUCTION COMPANY, INC.",10974.46,14.389667913095106,1,2.2772900925118376,0.6612717616132802,4505872.0,4505872.0,4505872.0,0.9399292796868464,10974.46,0,-0.8656845545644609,0,1.482516075475675e-07,-6.829000588720848,10.869383748633648,6.034233243525595e-07,74025908936.45975,18187000000.0
EMR,2026-03-25,"K. W. EMERSON, INC.",3504868.0,21.87218178120736,1,1.9189609102803344,1.7466172125286894,4505872.0,2258423.23,2258423.23,0.9399292796868464,3504868.0,1,1.388351474902827,1,4.8084982694811425e-05,-4.317990535915046,10.862662202168902,0.00019271281684719855,72889035278.33005,18187000000.0
ETN,2025-08-28,EATON AEROSPACE LLC,34214.0,9.120843726306171,0,1.8968188603946647,12.599172396888104,3507829.0,3507829.0,3507829.0,,34214.0,1,0.1865203007118676,1,2.52890750511891e-07,-6.597067054701093,11.131270905746018,1.33878541242761e-06,135291622689.81934,25556000000.0
ETN,2025-09-05,"EATON AEROSPACE, LLC",1011360.0,11.093601954290676,0,1.0685723673152825,3.948236175625498,3507829.0,1821833.25,1889440.25,,1011360.0,4,0.3193886334804885,2,7.543674503901414e-06,-5.12241705889867,11.127322831882358,3.9574268273595244e-05,134067290347.29004,25556000000.0
ETN,2025-12-15,EATON CORPORATION,3300656.4,27.79438434280901,3,2.2781477219511683,-14.552142315484604,9299303.0,2907836.9657142856,2522052.0,-0.8967815347032091,3300656.4,2,-13.34561813898074,2,2.5752643157987815e-05,-4.589178189923051,11.107778506331266,0.0001293309980016457,128167675051.87988,25521000000.0
ETN,2026-04-02,EATON CORPORATION,1184324.0,28.043722875501608,16,2.349046098239666,-1.9743771359509776,9299303.0,2340726.2755555552,1391000.0,1.2763600663653114,1184324.0,4,13.728330381911224,4,8.384909784525937e-06,-5.076501605722576,11.149972135949767,4.314791605945788e-05,141244692004.39453,27448000000.0
ETN,2026-04-06,EATON CORPORATION,148146.63,27.061992250483936,16,2.298797019830167,-2.305272935004854,9299303.0,2299426.194285714,1370836.0,1.0190923010530442,148146.63,5,17.310088077254726,5,1.0618197304546243e-06,-5.973949208974183,11.144640985687651,5.397356091518508e-06,139521451477.05078,27448000000.0
GD,2025-08-14,"GENERAL DYNAMICS GLOBAL FORCE, LLC",2199163.79,12.501570792444385,0,1.5605100782711152,23.18997546518149,18526345.33,15824614.470000004,16132814.259999998,,2199163.79,17,4.08374480839735,2,2.6204840160422907e-05,-4.581618484984782,10.923876061068714,4.5082384329964534e-05,83922045566.27637,48781000000.0
GD,2025-08-15,GENERAL DYNAMICS INFORMATION TECHNOLOGY INC.,24365270.24,13.27263581279774,0,1.5687156521332937,20.355716250757077,54930473.99,26049495.67,18526345.33,,24365270.24,36,3.1247137176516606,3,0.0002918489524030794,-3.534841861258664,10.921613093848128,0.0004994827953506488,83485892408.99023,48781000000.0
GD,2025-08-18,"GENERAL DYNAMICS INFORMATION TECHNOLOGY, INC.",2705402.5,13.312370540310203,0,1.5562283058099122,17.91804631363687,54930473.99,16210021.212,18526345.33,,2705402.5,46,2.8037718220942818,5,3.2627609538830716e-05,-4.486414743623238,10.918646630635143,5.546016891822636e-05,82917582324.8789,48781000000.0
GD,2025-08-19,"GENERAL DYNAMICS INFORMATION TECHNOLOGY, INC.",3505933.58,12.30245253805975,0,1.5620655927414009,20.048028916460872,54930473.99,19820480.86166667,26272821.375,,3505933.58,66,4.745446770064122,6,4.229697701386039e-05,-4.373690670760036,10.918494354875847,7.187088374572067e-05,82888514204.00879,48781000000.0
GD,2025-08-20,GENERAL DYNAMICS LAND SYSTEMS INC.,3081094.0,11.92041151011436,0,0.5742025134212091,17.804525778162027,54930473.99,18511703.26857143,32602817.41,,3081094.0,84,5.631277184206283,7,3.684024492952842e-05,-4.433677491092207,10.922382439347011,6.316176380148009e-05,83633917361.13086,48781000000.0
GD,2025-08-21,GENERAL DYNAMICS LAND SYSTEMS INC.,4479629.69,12.25631840678869,0,0.5429869120025368,19.04900356019765,54930473.99,21806454.38375,33311057.415,,4479629.69,94,6.111015442414969,8,5.3380137738979856e-05,-4.27262030991903,10.923862424310773,9.183144441483365e-05,83919410472.57422,48781000000.0
GD,2025-08-22,"GENERAL DYNAMICS INFORMATION TECHNOLOGY, INC.",18130644.55,11.174530708635857,0,0.5808672171698,15.955856815249447,54930473.99,21032464.263333336,32602817.41,,18130644.55,118,7.276973751991035,9,0.00021669673031277553,-3.6641476416004966,10.922560885273091,0.00037167431069473774,83668288505.46387,48781000000.0
GD,2025-08-25,"GENERAL DYNAMICS INFORMATION TECHNOLOGY, INC.",320000.0,11.077208561422337,0,0.573856976288637,16.874608914312983,54930473.99,16020262.55909091,25614415.5,,320000.0,131,7.629481011039262,11,3.7877703946405203e-06,-5.421616354738156,10.926766333058062,6.559931120723232e-06,84482417533.22266,48781000000.0
GD,2025-08-26,"GENERAL DYNAMICS INFORMATION TECHNOLOGY, INC.",9656297.0,10.84575022551193,0,0.5831643749328904,12.52074257740068,54930473.99,16397339.403333334,25684510.585,,9656297.0,150,6.495684156507899,12,0.00011419942943988954,-3.942336065895132,10.927146680842492,0.00019795201000389495,84556438218.30762,48781000000.0
GD,2025-08-27,"GENERAL DYNAMICS INFORMATION TECHNOLOGY, INC.",206963.8,11.317955798732603,0,0.5739041568493813,10.759731944780128,75720524.67,19370478.81307692,25754605.67,,206963.8,164,9.230122451527858,13,2.4302434950619375e-06,-5.614350210655217,10.930244600387093,4.242713351509809e-06,85161754540.4541,48781000000.0
GD,2025-08-28,"GENERAL DYNAMICS INFORMATION TECHNOLOGY, INC.",8658119.51,11.506381952118328,0,0.5734224299798543,7.578353494714985,90888248.45000002,24449115.41285714,29178711.54,,8658119.51,176,9.123148320718144,14,0.00010064216378812319,-3.997220034546462,10.934643610730845,0.0001774895863143437,86028749622.54883,48781000000.0
GD,2025-08-29,"GENERAL DYNAMICS ORDNANCE & TACTICAL SYSTEMS, INC.",37097656.2,11.62318956231827,0,0.5668633690394635,4.875805034836045,106884803.57,25989607.594,32602817.41,,37097656.2,201,10.055353656905618,15,0.00043195386405541484,-3.36456263664838,10.933909108755042,0.0007604939669133475,85883376182.13965,48781000000.0
GD,2025-09-03,"GENERAL DYNAMICS INFORMATION TECHNOLOGY, INC.",863961.86,12.303350794235502,0,0.5788387285513061,9.608168416242588,118522919.76,30097630.58235294,32602817.41,,863961.86,221,9.594354592712095,17,1.0075835856149902e-05,-4.996718916139089,10.933213486908322,1.7711032164162278e-05,85745924440.86621,48781000000.0
GD,2025-09-04,GENERAL DYNAMICS LAND SYSTEMS INC.,31828062.0,13.167357987144968,0,0.578493118869802,6.36537729163684,118522919.76,30498410.218888886,33311057.415,,31828062.0,237,8.306233675291619,18,0.0003730071791655693,-3.4282828093656104,10.931093004746598,0.0006524684200815891,85328282611.6123,48781000000.0
GD,2025-09-05,"GENERAL DYNAMICS INFORMATION TECHNOLOGY, INC.",3429597.91,13.860091952046115,0,0.5440455387501424,8.845679940987973,233422890.47,40803645.43631579,34019297.42,,3429597.91,257,9.357874047960111,19,4.0239104881041086e-05,-4.395351688726192,10.930594894569408,7.030601894180112e-05,85230472202.07617,48781000000.0
GD,2025-09-08,"GENERAL DYNAMICS INFORMATION TECHNOLOGY, INC.",6643753.07,14.74669544386109,0,0.5414978314284974,7.916308732470046,233422890.47,39022611.381,33311057.415,,6643753.07,265,9.387008310554812,20,7.784903917984254e-05,-4.108746743166092,10.931160225715873,0.00013619550788216724,85341490916.18164,48781000000.0
GD,2025-09-09,"GENERAL DYNAMICS INFORMATION TECHNOLOGY, INC.",5073760.86,15.302696368849734,0,0.5551331373023095,4.788780858209972,233422890.47,37456738.61095239,32602817.41,,5073760.86,289,7.344681840014221,21,5.9478242898287023e-05,-4.225641869855021,10.930971863755731,0.00010401100551444211,85304484678.14648,48781000000.0
GD,2025-09-10,"GENERAL DYNAMICS MISSION SYSTEMS, INC.",913312.23,14.68878329359331,0,0.555038412992553,6.156492157162717,233422890.47,37350965.46136364,33311057.415,,913312.23,309,5.166600749746287,22,1.0752811196652614e-05,-4.968477979693815,10.92909725294005,1.872270412660667e-05,84937065600.51172,48781000000.0
GD,2025-09-11,"GENERAL DYNAMICS MISSION SYSTEMS, INC.",5777340.77,12.402818195770935,0,0.6669964615235037,8.396980971053033,233422890.47,42869385.49043479,34019297.42,,5777340.77,327,9.18589752925185,23,6.765692503227629e-05,-4.169687744530029,10.931415729202456,0.00011843424222545662,85391713667.80078,48781000000.0
GD,2025-09-12,GENERAL DYNAMICS LAND SYSTEMS INC.,1431968.49,13.598705466488449,0,0.7063256899421764,8.233318089063378,233422890.47,42391140.3975,38152803.97,,1431968.49,341,6.192089427036173,23,1.643515878882851e-05,-4.784226095611631,10.940159557180056,2.935504581701892e-05,87128363552.73633,48781000000.0
GD,2025-09-15,"GENERAL DYNAMICS INFORMATION TECHNOLOGY, INC.",5759013.449999999,13.310326454222654,0,0.6779081809491472,8.831647362597206,233422890.47,42303274.3988,40299454.99,,5759013.449999999,331,7.046406908001135,21,6.680126972378093e-05,-4.175215282602435,10.935563375415022,0.00011805853611037083,86211137510.00781,48781000000.0
GD,2025-09-17,"GENERAL DYNAMICS MISSION SYSTEMS, INC.",6452436.0,13.90252849104172,0,0.6710627390223419,5.678610012989129,233422890.47,40227470.302962966,40299454.99,3.349738068718944,6452436.0,362,5.9719154110209125,22,7.478724968389105e-05,-4.126172437749586,10.935896143335166,0.00013227354912773417,86277220077.92773,48781000000.0
GD,2025-09-18,GENERAL DYNAMICS LAND SYSTEMS INC.,8416897.899999999,14.151680970857416,0,0.6739134516184279,4.598689067727982,233422890.47,39540091.90214286,39413797.54000001,3.321261362878684,8416897.899999999,364,6.933843572787634,22,9.789233948550988e-05,-4.009251292357653,10.934403351417174,0.00017254459523175004,85981170173.64648,48781000000.0
GD,2025-09-19,"GENERAL DYNAMICS INFORMATION TECHNOLOGY, INC.",6487939.34,14.324286459280632,0,0.6699483712730302,1.6007830563467245,233422890.47,43048113.28586207,40299454.99,3.550112337533301,6487939.34,373,4.3092826653999605,22,7.562273419134394e-05,-4.121347624477497,10.933454405195636,0.00013300135995572047,85793503889.76855,48781000000.0
GD,2025-09-22,"GENERAL DYNAMICS OTS (WILKES BARRE), LLC",90919555.92,14.827419263246131,0,0.649379779384334,-0.2523096940754143,233422890.47,42105841.23258065,40299454.99,3.7295015060931433,90919555.92,342,2.013243290179334,21,0.0010597474477013814,-2.974797620714486,10.933454926540357,0.0018638313261310757,85793606879.83423,48781000000.0
GD,2025-09-23,"GENERAL DYNAMICS INFORMATION TECHNOLOGY, INC.",2497813.11,14.635555099880191,0,0.6498708158884017,0.2544535447062799,498096728.9800001,55419923.6578125,41292882.755,3.597654137596556,2497813.11,372,3.581017513988982,22,2.9158230412726616e-05,-4.535238836503174,10.932798777213788,5.120463110637338e-05,85664084364.65973,48781000000.0
GD,2025-09-24,"GENERAL DYNAMICS INFORMATION TECHNOLOGY, INC.",16748392.9,14.486789650672671,0,0.6313826891975808,0.711720562041652,498096728.9800001,58945100.14030302,42286310.52,3.42709938644733,16748392.9,399,4.230397319575775,22,0.00019604472245535507,-3.707644844459758,10.931617984898468,0.00034333844939628136,85431490785.5481,48781000000.0
GD,2025-09-25,GENERAL DYNAMICS LAND SYSTEMS INC.,720692.0,14.200951426987318,0,0.5897413834635848,-1.6968177871357746,498096728.9800001,60349875.481470585,44097019.845,3.3113366822647663,720692.0,417,3.9369146321830417,22,8.424959829686118e-06,-5.074432161173211,10.932181862398549,1.4774030872675836e-05,85542485017.02948,48781000000.0
GD,2025-09-26,"GENERAL DYNAMICS INFORMATION TECHNOLOGY, INC.",34477271.04,12.157817023452068,0,0.7165849039440153,1.8132041805212644,498096728.9800001,66763866.5162857,45907729.17,3.075632012618759,34477271.04,434,6.004192423719123,22,0.0004020363905327374,-3.395734634745687,10.933267517792425,0.0007067766351653307,85756592815.67584,48781000000.0
GD,2025-09-27,"GENERAL DYNAMICS INFORMATION TECHNOLOGY, INC.",2868675.0,11.53990242760441,0,0.7165849039440153,1.8132041805212644,498096728.9800001,69679099.77722222,46046689.760000005,3.075632012618759,2868675.0,447,6.004192423719123,22,3.285289268154068e-05,-4.483426384998503,10.941107733627316,5.8807220024189746e-05,87318794962.97278,48781000000.0
GD,2025-09-28,"GENERAL DYNAMICS INFORMATION TECHNOLOGY, INC.",528000.0,11.53991285593705,0,0.7165849039440153,1.8132041805212644,498096728.9800001,67901579.13135134,45907729.17,2.890094828694288,528000.0,425,6.004192423719123,22,6.046808138200905e-06,-5.218473811093503,10.941107733627316,1.0823886349193334e-05,87318794962.97278,48781000000.0
GD,2025-09-30,"GENERAL DYNAMICS MISSION SYSTEMS, INC.",424337.0,8.651654704655499,0,0.9168453122412934,0.5256856803768741,498096728.9800001,75545950.55666666,45907729.17,2.559440163699677,424337.0,435,8.102314347811301,23,4.832856282228481e-06,-5.315796119564857,10.943507021223642,8.698817162419794e-06,87802528198.56952,48781000000.0
GD,2025-10-02,"GENERAL DYNAMICS INFORMATION TECHNOLOGY, INC.",11230.35,8.635725679254215,0,0.9003557754431188,-1.4919191668038252,498096728.9800001,77076463.56414634,46185650.35,2.3084994273889623,11230.35,482,6.164734761667011,25,1.2468402982875798e-07,-6.904189169628196,10.954582461125629,2.3021975769254425e-07,90070476671.50195,48781000000.0
GD,2025-10-08,"GENERAL DYNAMICS INFORMATION TECHNOLOGY, INC.",11366.77,6.9455404561669765,0,0.9416138375924176,-2.9067893025722675,498096728.9800001,73529789.22651163,45907729.17,2.647049281722839,11366.77,437,6.6611139971304745,23,1.252138351455442e-07,-6.902347682344388,10.957984754730932,2.3301633832844757e-07,90778866303.29358,48781000000.0
GD,2025-10-10,"GENERAL DYNAMICS MISSION SYSTEMS, INC.",450939.77,10.794967981755187,0,1.047633549773293,-4.766089917441118,498096728.9800001,71979818.75340909,44097019.845,2.9924271146598125,450939.77,398,7.168639004260236,22,4.977017549309745e-06,-5.303030827900754,10.9571493668886,9.244168221233677e-06,90604416306.01447,48781000000.0
GD,2025-10-14,"GENERAL DYNAMICS MISSION SYSTEMS, INC.",2400000.0,9.949559290068043,0,1.0476329949770105,3.067627867561697,498096728.9800001,67430932.35148935,40299454.99,3.3679465921732583,2400000.0,335,7.826872839538357,22,2.7033772532314693e-05,-4.568093344769494,10.9483045864811,4.9199483405424245e-05,88777842497.97809,48781000000.0
GD,2025-10-21,"GENERAL DYNAMICS MISSION SYSTEMS, INC.",3341583.0,8.274612686963167,0,1.1463631935819056,4.645826884955032,498096728.9800001,63124446.97627451,34019297.42,3.4744690993168867,3341583.0,252,3.604969499866505,21,3.7327273215075364e-05,-4.4279737344481775,10.951925987277132,6.850173223181156e-05,89521218995.72443,48781000000.0
GD,2025-10-24,"GENERAL DYNAMICS INFORMATION TECHNOLOGY, INC.",94762.97,5.163157832568532,0,1.2547661035844986,9.250131672220997,498096728.9800001,59915620.03814815,30254787.955,3.3756894638283663,94762.97,207,5.618440153924632,21,1.045193553135174e-06,-5.980803277710933,10.95744194135303,1.9358344909298907e-06,90665475036.41595,48952000000.0
GD,2025-10-28,"GENERAL DYNAMICS INFORMATION TECHNOLOGY, INC.",3602.24,6.4038277088633855,0,1.2400317691027265,6.750214860537909,498096728.9800001,57901229.71196429,27551055.36,3.5475920453521685,3602.24,119,2.1686963432115736,19,3.819306202801532e-08,-7.418015521816219,10.97458816622516,7.358718744892957e-08,94316606439.08807,48952000000.0
GD,2025-10-30,"GENERAL DYNAMICS INFORMATION TECHNOLOGY, INC.",27204.97,7.027437179555163,0,1.262581418985177,6.97458528213393,498096728.9800001,56079870.61827586,26474978.945,3.650621857802792,27204.97,103,2.1669875846810798,19,2.9708420897742136e-07,-6.527120431791852,10.96176868312028,5.557478754698481e-07,91573261647.39911,48952000000.0
GD,2025-11-04,"GENERAL DYNAMICS MISSION SYSTEMS, INC.",6276139.0,7.39825510999772,0,1.2427830449861268,12.522166650061564,498096728.9800001,53480145.95426229,25614415.5,3.9361986949042103,6276139.0,70,3.0641478576468373,19,6.88595818756217e-05,-4.162035618716177,10.959728172220066,0.00012821006291877758,91144018436.48047,48952000000.0
GD,2025-11-05,"GENERAL DYNAMICS INFORMATION TECHNOLOGY, INC.",7393639.05,7.573633398531965,0,1.2271509577082724,8.88561298106869,498096728.9800001,52922094.59790322,23846791.015,3.870540808885395,7393639.05,74,3.962476750406996,20,8.07425140835575e-05,-4.092897732066931,10.96175597700302,0.00015103854898676253,91570582535.34924,48952000000.0
GD,2025-11-06,"GENERAL DYNAMICS MISSION SYSTEMS, INC.",60000.0,8.398708717104508,0,1.2156422536655682,8.929731227858852,498096728.9800001,52166889.99968253,22079166.53,3.81416336204462,60000.0,77,3.425644693888219,21,6.563022383976226e-07,-6.1828961145270505,10.961047364910694,1.2256904722993954e-06,91421294168.50903,48952000000.0
GD,2025-11-17,"GENERAL DYNAMICS INFORMATION TECHNOLOGY, INC.",116382.43,7.929306705061179,0,1.1559833989902293,12.182862344215351,498096728.9800001,48125518.94188406,19156453.12,3.6833685687536937,116382.43,81,3.965536024855254,19,1.2680789086868293e-06,-5.89685372079104,10.96274114156881,2.3774805932341884e-06,91778539334.37067,48952000000.0
GD,2025-11-24,"GENERAL DYNAMICS MISSION SYSTEMS, INC.",735789.52,9.094373998799156,5,0.9115057747184228,11.256752149895188,498096728.9800001,44687805.83533333,18526345.33,3.6775141494383576,735789.52,80,0.6772689313554014,20,8.109114733704033e-06,-5.091026554821217,10.957780152615614,1.503083673802909e-05,90736109200.90045,48952000000.0
GD,2025-12-08,"GENERAL DYNAMICS MISSION SYSTEMS, INC.",11012184.02,9.782678011660018,16,1.0121870818677323,5.523777079164539,498096728.9800001,42713226.85607142,18577781.155,2.823808296453921,11012184.02,105,-0.8007036068556239,19,0.00012245515162118646,-3.9120229396238564,10.953896399719179,0.00022495881720869423,89928303335.62494,48952000000.0
GD,2025-12-09,"GENERAL DYNAMICS INFORMATION TECHNOLOGY, INC.",7656279.26,10.35414650931754,16,0.98373955938867,6.174320804616395,498096728.9800001,42425548.4817647,18629216.98,2.75295213168629,7656279.26,111,-0.956142024909168,20,8.546698504728624e-05,-4.068201616041112,10.952219381831993,0.0001564038090374244,89581716914.01093,48952000000.0
GD,2025-12-10,GENERAL DYNAMICS INFORMATION TECHNOLOGY INC.,2758560.0,7.787386570504262,17,1.1217437634725005,7.91319559360679,498096728.9800001,42034802.26127906,18577781.155,2.703653514761582,2758560.0,123,0.844637308084506,21,3.095407911478675e-05,-4.509282111738803,10.949964546248088,5.6352345154437e-05,89117818358.29956,48952000000.0
GD,2025-12-11,"GENERAL DYNAMICS INFORMATION TECHNOLOGY, INC.",1287654.5,8.024121413662822,18,1.1098032879874604,6.958438958843338,498096728.9800001,43715632.506091945,18629216.98,2.64768037058506,1287654.5,136,0.6023047051763042,21,1.4112829329798423e-05,-4.850385910473858,10.960185260398244,2.6304430871057364e-05,91239996595.2392,48952000000.0
GD,2025-12-12,"GENERAL DYNAMICS MISSION SYSTEMS, INC.",43154461.62,9.30125003206619,19,1.087310028819673,8.559774263530294,498096728.9800001,43648027.21045455,18773244.79,2.5610605711155245,43154461.62,148,1.207796425542207,22,0.0004740162641483654,-3.324206756830749,10.95923245970419,0.0008815668740807321,91040044158.6806,48952000000.0
GD,2025-12-16,"GENERAL DYNAMICS INFORMATION TECHNOLOGY, INC.",1166894.62,9.30125003206619,21,1.1198054686188132,5.668867422896762,498096728.9800001,43777801.13455556,18773244.79,2.4562729051342997,1166894.62,156,3.25186559940307,21,1.2847099091638118e-05,-4.8911949260853635,10.958226563605491,2.3837526965190392e-05,90829424734.4527,48952000000.0
GD,2025-12-18,"GENERAL DYNAMICS INFORMATION TECHNOLOGY, INC.",15446420.23,9.34984920810309,23,1.1158659792663852,6.975062193322135,498096728.9800001,43221125.17489131,18773244.79,2.322407840723778,15446420.23,171,2.3727967903717677,22,0.00017222323917110902,-3.763908246826534,10.952736092756023,0.00031554216845072725,89688362060.43896,48952000000.0
GD,2025-12-19,"GENERAL DYNAMICS INFORMATION TECHNOLOGY, INC.",15334357.32,8.698964720914915,24,1.1008292237331092,5.557941190909997,498096728.9800001,46013665.19784947,18917272.6,2.273762411624352,15334357.32,190,1.3307773035728498,22,0.00017050242686190956,-3.7682694350572037,10.95393501399152,0.00031325292776597486,89936299454.66608,48952000000.0
GD,2025-12-22,"GENERAL DYNAMICS INFORMATION TECHNOLOGY, INC.",2496013.08,6.863108487587288,25,1.1649906718796663,7.555419314280874,498096728.9800001,47481603.77308512,19036862.86,2.223348613211293,2496013.08,195,1.1721193402823848,20,2.7587926620224885e-05,-4.559280937840186,10.95652779471473,5.0988990848177806e-05,90474833950.37585,48952000000.0
GD,2025-12-23,"GENERAL DYNAMICS MISSION SYSTEMS, INC.",13168780.75,7.282679433960748,26,1.1579229394720585,6.518827566807572,498096728.9800001,47026584.52273685,18917272.6,2.1718947613449133,13168780.75,202,0.0035439446688378,21,0.00014309358604117886,-3.8443798324131886,10.963925399473744,0.0002690141516179114,92029147597.22595,48952000000.0
GD,2025-12-31,"GENERAL DYNAMICS INFORMATION TECHNOLOGY, INC.",1417167.93,9.570716665578315,33,0.980274688047028,1.9168701902639853,498096728.9800001,45327887.29839999,18773244.79,2.0412553574456616,1417167.93,211,-4.247921616340511,21,1.56585922413339e-05,-4.805247285017687,10.95666860086227,2.8950153824154273e-05,90504172288.1773,48952000000.0
GD,2026-01-05,"GENERAL DYNAMICS INFORMATION TECHNOLOGY, INC.",6950000.0,3.746417943791691,38,1.3047795768297008,7.529576851619057,498096728.9800001,44928266.60480391,18773244.79,2.012679929160418,6950000.0,181,0.6111581063668936,18,7.591320906622016e-05,-4.119682649329172,10.961667453919286,0.00014197581304134662,91551919428.6388,48952000000.0
GD,2026-01-06,"GENERAL DYNAMICS MISSION SYSTEMS, INC.",1906524.59,2.265193848492819,39,1.2832694548875372,9.30158030569952,498096728.9800001,44377559.96475727,18917272.6,1.9909938556921687,1906524.59,185,2.315025513856983,19,2.011232690280506e-05,-4.69653768064208,10.976780091737444,3.894681708612518e-05,94793834607.67523,48952000000.0
GD,2026-01-09,"GENERAL DYNAMICS MISSION SYSTEMS, INC.",3745125.33,4.235993031562857,42,1.5840414644956755,8.639990431356239,498096728.9800001,43566749.88669811,18773244.79,2.069494371357948,3745125.33,186,0.3636819820081349,20,3.997127281352478e-05,-4.398252022190505,10.971718378062214,7.650607390913549e-05,93695423397.49536,48952000000.0
GD,2026-01-12,"GENERAL DYNAMICS INFORMATION TECHNOLOGY, INC.",639700.42,2.2000238492399182,42,1.631213473983079,10.63979333211531,498096728.9800001,43307015.88373831,18629216.98,2.078864828241869,639700.42,152,3.886343879785193,18,6.780178718205317e-06,-5.168758858447474,10.974735494304356,1.3067911831998694e-05,94348607402.09601,48952000000.0
GD,2026-01-14,"GENERAL DYNAMICS INFORMATION TECHNOLOGY, INC.",5713051.96,0.7871014342769156,43,1.5927865099037992,7.541803088533694,498096728.9800001,42572751.144495405,18526345.33,2.129277670334838,5713051.96,163,6.30805283833098,20,5.898418952798185e-05,-4.229264383627804,10.986132557598848,0.00011670722258538977,96857344412.43365,48952000000.0
GD,2026-01-15,"GENERAL DYNAMICS INFORMATION TECHNOLOGY, INC.",112819020.9,0.0517444939078126,44,1.5640322808597635,8.647717917821751,498096728.9800001,42236503.82399999,17471838.044999998,2.1698395635282,112819020.9,163,5.917876285912315,20,0.0011562029663923514,-2.93696592071927,10.98934824709985,0.0023046866501879393,97577176481.41327,48952000000.0
GD,2026-01-21,"GENERAL DYNAMICS MISSION SYSTEMS, INC.",880753.23,0.5044103722933624,48,1.691735625621985,9.193795144451178,498096728.9800001,42541823.88482455,18577781.155,2.444776226457098,880753.23,127,4.921354465076644,20,9.16044335752983e-06,-5.038083506346443,10.982937750897543,1.7992180707631967e-05,96147445666.59277,48952000000.0
GD,2026-01-22,"GENERAL DYNAMICS INFORMATION TECHNOLOGY, INC.",7452164.65,0.2159377969849663,48,1.6628945151215375,8.770445088772828,498096728.9800001,42215913.21226086,18526345.33,2.492748112606926,7452164.65,130,2.686853508976683,20,7.631567597812111e-05,-4.117386244593809,10.989668686335525,0.00015223412015852265,97649199256.73535,48952000000.0
GD,2026-01-26,"GENERAL DYNAMICS MISSION SYSTEMS, INC.",2325000.0,0.8472191563114073,50,1.671735890365242,6.833604064573118,498096728.9800001,41591516.7936752,18526345.33,2.5912368587310164,2325000.0,123,4.168452008188517,20,2.390868841253234e-05,-4.621444247841711,10.987867205067683,4.749550580160157e-05,97244983074.0733,48952000000.0
GD,2026-01-28,"GENERAL DYNAMICS INFORMATION TECHNOLOGY, INC.",356309.63,2.646633644936625,52,1.7815841198898783,3.668164733146508,498096728.9800001,41206124.16873948,18629216.98,2.659122258840846,356309.63,144,1.3147678178580424,21,3.630561131567642e-06,-5.440026246173284,10.991853806383808,7.27875531132538e-06,98141751946.24774,48952000000.0
GD,2026-01-29,"GENERAL DYNAMICS INFORMATION TECHNOLOGY, INC.",28333312.790000003,4.620652878838949,53,1.8425639432291103,2.4499872793287025,498096728.9800001,41356579.02983333,18773244.79,2.659122258840846,28333312.790000003,162,-0.1784223695390441,21,0.0002964477403324297,-3.5280518557082803,10.980349211813751,0.0005787978589230267,95576079474.33728,48952000000.0
GD,2026-01-30,"GENERAL DYNAMICS MISSION SYSTEMS, INC.",139882743.76,4.280954489762401,54,1.827057703809288,3.493949149235089,498096728.9800001,43023583.629090905,18917272.6,2.659122258840846,139882743.76,182,1.5543190550449948,21,0.0014917211432810384,-2.8263123546469453,10.972076496929715,0.0026618980734538535,93772716428.97552,52550000000.0
GD,2026-02-02,"GENERAL DYNAMICS INFORMATION TECHNOLOGY, INC.",52000.0,5.701993105541536,55,1.810982502056265,0.9356988891410668,498096728.9800001,44760127.72139344,19036862.86,2.710168887776888,52000.0,201,-2.03511744620517,20,5.527317581785118e-07,-6.257485581545524,10.973488925180323,9.895337773549e-07,94078183912.14267,52550000000.0
GD,2026-02-04,"GENERAL DYNAMICS INFORMATION TECHNOLOGY, INC.",3602.24,3.608123893046456,57,1.696243526557855,5.232542377888415,498096728.9800001,44477910.31419355,19036862.86,2.7378934755353552,3602.24,218,1.593396568659422,22,3.783508964967704e-08,-7.422105232640939,10.97867787704988,6.85488106565176e-08,95208972235.92935,52550000000.0
GD,2026-02-09,"GENERAL DYNAMICS INFORMATION TECHNOLOGY, INC.",100000.0,1.6717582815278131,60,1.4338011591847242,7.318883413895971,498096728.9800001,43605036.03653544,18917272.6,2.7004082965780487,100000.0,208,0.6931793648959239,20,1.036436230975325e-06,-5.984457413673834,10.984457413673834,1.9029495718363463e-06,96484469580.82147,52550000000.0
GD,2026-02-10,"GENERAL DYNAMICS INFORMATION TECHNOLOGY, INC.",801229.47,2.031607997395235,61,1.3667167736332813,5.5777243432208135,498096728.9800001,43340718.6128125,18773244.79,2.6587247514984926,801229.47,220,1.5254693336995029,21,8.303540840403548e-06,-5.0807366739455615,10.984493588634756,1.5246992768791626e-05,96492506678.7605,52550000000.0
GD,2026-02-11,"GENERAL DYNAMICS INFORMATION TECHNOLOGY, INC.",5278325.8,5.711156470774736,62,1.5614334087233332,0.9564693539077638,498096728.9800001,42962142.344806194,18629216.98,2.655028315766617,5278325.8,228,-2.1944663819229997,22,5.489553240345359e-05,-4.260462998564074,10.982959191718917,0.0001004438782112274,96152192517.36285,52550000000.0
GD,2026-02-12,"GENERAL DYNAMICS INFORMATION TECHNOLOGY, INC.",1379436.85,7.445343907100455,63,1.5748591684219322,0.7580142191824235,498096728.9800001,42673621.60838462,18577781.155,2.657095476293893,1379436.85,226,-2.301975164240766,22,1.4863761380603413e-05,-4.8278712753579045,10.967573098821683,2.6249987630827786e-05,92805368350.44376,52550000000.0
GD,2026-02-13,GENERAL DYNAMICS LAND SYSTEMS INC.,7226277.0,5.3158462820159125,64,1.6451617878654727,3.441582097898798,498096728.9800001,42506420.54946565,18629216.98,2.6525473902091083,7226277.0,232,-0.5881822050665342,22,7.91422227149497e-05,-4.101591756707318,10.960506361775714,0.00013751240723120837,91307481039.88974,52550000000.0
GD,2026-02-19,"GENERAL DYNAMICS MISSION SYSTEMS, INC.",267960.0,3.324492677649737,67,1.6738207242442351,3.3382988039709627,498096728.9800001,42094383.45492537,18773244.79,2.41011184008267,267960.0,238,-0.3902544165384158,21,2.8613089966864457e-06,-5.543435239604871,10.971505208723933,5.099143672692674e-06,93649445170.13455,52550000000.0
GD,2026-02-23,"GENERAL DYNAMICS INFORMATION TECHNOLOGY, INC.",3333903.0,8.008096266436283,69,1.677525054211245,2.0390133927864493,498096728.9800001,42105418.85139707,18773244.79,2.283720988147275,3333903.0,231,1.2862413579634469,19,3.54042984155368e-05,-4.4509440073295305,10.973896967195369,6.344249286393911e-05,94166616744.39374,52550000000.0
GD,2026-02-24,"GENERAL DYNAMICS INFORMATION TECHNOLOGY, INC.",770565.0,8.291188295828732,70,1.6866687149346402,1.209714025614983,498096728.9800001,42283107.76642336,18917272.6,2.240047041518653,770565.0,237,1.2573170887293372,20,8.24020973021977e-06,-5.084061734477887,10.970871013418988,1.4663463368220741e-05,93512789750.24933,52550000000.0
GD,2026-02-26,"GENERAL DYNAMICS GLOBAL FORCE, LLC",451351.76,8.43321362273901,72,1.7246457648375926,2.896038266727574,498096728.9800001,42229660.47517986,18917272.6,2.1427963751644263,451351.76,245,1.9173045547808296,21,4.90877685976237e-06,-5.309026709349808,10.96354184963576,8.588996384395814e-06,91947907369.70871,52550000000.0
GD,2026-02-27,GENERAL DYNAMICS LAND SYSTEMS INC.,50508514.17,6.510850526331402,73,1.7175099915061738,4.934718991994468,498096728.9800001,42184544.15278572,19036862.86,2.090860427791182,50508514.17,249,6.722228958454379,21,0.0005374444549330898,-3.2696664135752758,10.973031006453864,0.0009611515541389154,93979040450.39996,52550000000.0
GD,2026-03-02,"GENERAL DYNAMICS INFORMATION TECHNOLOGY, INC.",2138812.85,4.253783626194552,75,1.7776031185005,7.599488503182217,498096728.9800001,43786690.4896454,19156453.12,2.0443285112720195,2138812.85,188,8.064671157655434,19,2.2354929357509074e-05,-4.650626698182103,10.98079948286201,4.070052997145576e-05,95675222936.07999,52550000000.0
GD,2026-03-04,"GENERAL DYNAMICS INFORMATION TECHNOLOGY, INC.",313000.0,3.872219783506536,77,1.6550028399620962,8.645490106127074,498096728.9800001,44311515.34636364,19156453.12,1.9429613774098355,313000.0,205,7.180386188090315,21,3.2028609714522574e-06,-5.494461912613591,10.99000625016004,5.956232159847764e-06,97725128499.12369,52550000000.0
GD,2026-03-05,"GENERAL DYNAMICS INFORMATION TECHNOLOGY, INC.",32323167.0,5.433031614446615,78,1.6889122997796318,6.1640002575851,498096728.9800001,44128044.88736112,19128461.795,1.94367118971896,32323167.0,203,7.716274069914397,21,0.000329473115961377,-3.482180016778497,10.991693922817962,0.0006150935680304472,98105628150.21646,52550000000.0
GD,2026-03-06,"GENERAL DYNAMICS MISSION SYSTEMS, INC.",1919450.14,4.623782417574773,78,1.6908775357181172,9.532129999980832,498096728.9800001,44140412.05868965,19156453.12,1.9597007900653,1919450.14,208,9.975246152621809,21,1.985913056804214e-05,-4.702039768819842,10.985216604104155,3.652616822074215e-05,96653281644.1034,52550000000.0
GD,2026-03-09,"GENERAL DYNAMICS INFORMATION TECHNOLOGY, INC.",627204.9299999999,5.060210789017283,79,1.6202305351095876,8.429502679458302,498096728.9800001,43968324.01041096,19128461.795,1.9867929071168409,627204.9299999999,197,9.137009706923047,19,6.439416378094534e-06,-5.191153492152419,10.98856295551404,1.1935393529971454e-05,97400896785.24469,52550000000.0
GD,2026-03-10,"GENERAL DYNAMICS INFORMATION TECHNOLOGY, INC.",15617784.31,6.948164416208846,80,1.6697762234764446,6.677341191191343,498096728.9800001,43998175.62748299,19156453.12,1.995306021220394,15617784.31,208,5.548351195764645,20,0.00016101427835053686,-3.7931356100930222,10.986755030786975,0.0002971985596574691,96996269337.05365,52550000000.0
GD,2026-03-11,"GENERAL DYNAMICS INFORMATION TECHNOLOGY, INC.",192761.1,8.874230176079468,81,1.6713597849947075,6.517490944364047,498096728.9800001,43970017.08560811,19388599.54,1.995938053542412,192761.1,214,5.618894770162852,21,2.023016362568e-06,-5.694000604552846,10.979020000510337,3.6681465271170316e-06,95284004403.85498,52550000000.0
GD,2026-03-13,"GENERAL DYNAMICS INFORMATION TECHNOLOGY, INC.",2019903.11,11.705780898163765,83,1.4347923489108527,9.306420419075744,498096728.9800001,43736824.54073334,19807184.91,1.9942697169126569,2019903.11,216,6.021703878729145,21,2.1220246391159456e-05,-4.67324957775326,10.97858011561496,3.843773758325405e-05,95187542725.30548,52550000000.0
GD,2026-03-16,"GENERAL DYNAMICS INFORMATION TECHNOLOGY, INC.",11409455.23,11.963784496795382,84,1.3766147909005484,10.133031622107236,498096728.9800001,43764630.0307947,19993623.86,1.9689048658729824,11409455.23,211,6.585856924135857,19,0.00012112796692610892,-3.916755572138441,10.974020480688724,0.00021711617944814463,94193401569.76343,52550000000.0
GD,2026-03-17,"GENERAL DYNAMICS MISSION SYSTEMS, INC.",2785198.17,10.21025734459049,85,1.3279908443217074,9.733303002439886,498096728.9800001,43607798.28638158,20147903.77,1.942883652554768,2785198.17,221,6.137743282128372,20,2.933194944468742e-05,-4.5326590722074585,10.97751517336016,5.300091665080875e-05,94954417375.23016,52550000000.0
GD,2026-03-18,"GENERAL DYNAMICS INFORMATION TECHNOLOGY, INC.",235445.0,12.280633565678857,86,1.273412044107949,9.772162580849296,498096728.9800001,43468998.00398693,20302183.68,1.947683391843564,235445.0,235,7.11120163367156,21,2.4661265507391484e-06,-5.607984641090852,10.979874113123929,4.480399619410086e-06,95471580697.84875,52550000000.0
GD,2026-03-23,"GENERAL DYNAMICS GLOBAL FORCE, LLC",1451204.83,14.216787834629564,89,1.2635625541678912,6.15300717155236,498096728.9800001,44821508.35083333,20594263.555,1.956761678940264,1451204.83,220,5.914904836735812,20,1.566240148853681e-05,-4.805141647561682,10.966870362728955,2.761569609895338e-05,92655320517.87369,52550000000.0
GD,2026-03-24,"GENERAL DYNAMICS MISSION SYSTEMS, INC.",2854453.67,14.59285008851472,90,1.2559285212336446,3.789726701758289,498096728.9800001,44564117.50764331,20302183.68,1.9722762625235188,2854453.67,226,5.782648556880387,21,3.066621917753088e-05,-4.5133397646615085,10.968862763124674,5.431881389153187e-05,93081369225.048,52550000000.0
GD,2026-03-25,"GENERAL DYNAMICS INFORMATION TECHNOLOGY, INC.",1071000.0,12.554563723029144,91,1.2071648426793853,5.507766055332719,498096728.9800001,44919831.76797468,20594263.555,1.9658214398858385,1071000.0,244,8.022330061765825,22,1.1543946002052488e-05,-4.937645713365141,10.967435184196997,2.0380589914367268e-05,92775901741.88086,52550000000.0
GD,2026-03-26,"GENERAL DYNAMICS INFORMATION TECHNOLOGY, INC.",2079470.22,11.673850521785468,92,1.1175910629342245,8.114512090216708,498096728.9800001,44880237.94742138,20886343.43,1.9414136739027616,2079470.22,261,10.73340968035782,22,2.2015224010653165e-05,-4.657276891122212,10.97522959635585,3.9571269647954326e-05,94456010031.68283,52550000000.0
GD,2026-03-27,"GENERAL DYNAMICS INFORMATION TECHNOLOGY, INC.",6400664.36,15.226677870393246,93,1.168314491449412,6.479889292419527,498096728.9800001,45088654.151375,20982996.555,1.9153377116123689,6400664.36,264,10.015617858350334,22,6.723320890411914e-05,-4.172416160259566,10.978641214385256,0.00012180141503330163,95200935137.99033,52550000000.0
GD,2026-03-31,GENERAL DYNAMICS INFORMATION TECHNOLOGY INC.,3836551.33,16.415140994880307,95,1.1084003472124415,3.0414369078371584,498096728.9800001,45363002.83179013,21117753.700000003,1.8740221492212892,3836551.33,240,4.901423785932924,21,4.194224810773348e-05,-4.377348295029069,10.961289308118833,7.300763710751665e-05,91472238687.47754,52550000000.0
GD,2026-04-01,"GENERAL DYNAMICS MISSION SYSTEMS, INC.",12285572.93,13.987402578098296,96,1.227108868006288,4.140996829221844,498096728.9800001,45871986.59484663,21155857.720000003,1.8801640262763253,12285572.93,259,3.450706973396989,22,0.0001333584051615192,-3.874979606894008,10.964375021233563,0.00023378825746907706,92124474007.61975,52550000000.0
GD,2026-04-02,"GENERAL DYNAMICS MISSION SYSTEMS, INC.",4140989.48,14.457602290432025,97,1.1916316543950574,4.437019670012887,498096728.9800001,46190513.00463415,21617512.125,1.8760212680264503,4140989.48,268,2.115873601936658,22,4.4012546307500436e-05,-4.356423504981541,10.973527632179463,7.880094157944815e-05,94086569113.00562,52550000000.0
GE,2025-08-19,GENERAL ELECTRIC COMPANY,31134.52,19.255833212706165,0,1.4322005439071472,24.08447523252044,114425061.12,26298903.192,888063.95,,31134.52,8,5.602955575901602,5,1.0992401837138367e-07,-6.958907403968841,11.452149578572326,2.7420906616876424e-07,283236734439.69727,113543000000.0
GE,2025-08-22,GENERAL ELECTRIC COMPANY,595410.0,18.9873878045822,0,1.3157428275292518,21.20817747385016,114425061.12,16544601.816250002,517382.7849999999,,595410.0,15,-0.5803269649252254,8,2.10012965272822e-06,-5.677753893015458,11.452570017428194,5.243916401715649e-06,283511067626.9531,113543000000.0
GE,2025-09-09,GENERAL ELECTRIC COMPANY,36874737.49,18.851453504381908,0,1.3906535555504629,21.16582652424954,114425061.12,7197350.651666667,517382.7849999999,,36874737.49,34,7.239340683758954,18,0.0001266062189745039,-3.8975449609855284,11.464273898255131,0.00032476451643870605,291255341077.88086,113543000000.0
GE,2025-09-17,GENERAL ELECTRIC COMPANY,3433451.61,13.407690537510364,0,1.2685601383143044,23.534315898529368,114425061.12,7277019.262608697,530315.01,3.037711631121476,3433451.61,36,7.158119000863561,19,1.1107634825666417e-05,-4.954378406541958,11.49010933750385,3.0239218710092212e-05,309107353985.5957,113543000000.0
GE,2025-09-23,GENERAL ELECTRIC COMPANY,14767.99,7.422451512311667,0,1.3447201372242812,31.288205360681044,114425061.12,7244741.607037038,530315.01,5.930936128976183,14767.99,33,12.107195782358597,18,4.6498626960283494e-08,-7.332559871032116,11.501881260635791,1.3006517354658587e-07,317600560821.16113,113543000000.0
GE,2025-10-01,GENERAL ELECTRIC COMPANY,58030.35,8.985169740462817,0,1.4873873448701018,38.55658904837915,114425061.12,9889404.055151517,867310.93,8.75618639619284,58030.35,47,13.883755331424275,20,1.8261321406344897e-07,-6.738467799708609,11.502122989652948,5.110869890702201e-07,317777387017.7727,113543000000.0
GE,2025-10-08,GENERAL ELECTRIC COMPANY,29126568.7,9.05503053032808,0,1.293929895975544,37.49175623063187,114425061.12,9194160.313055556,766128.9099999999,8.699606791456384,29126568.7,43,5.962979340648111,19,9.137769428616438e-05,-4.039159804601928,11.50344912951694,0.00025652456514272125,318749219134.2159,113543000000.0
GE,2025-10-27,GENERAL ELECTRIC COMPANY,27675383.24,10.642954767946543,0,1.5811798803012849,27.043208532460877,114425061.12,8489928.503023256,1003452.56,6.871591547720143,27675383.24,18,5.75285044169922,12,8.66761428925044e-05,-4.062100423122553,11.504194066688303,0.00024374363228028148,319296432864.14996,113543000000.0
GE,2025-11-19,GENERAL ELECTRIC COMPANY,536886.84,15.06395267839904,1,1.3928440003933769,9.586253286959431,114425061.12,8166385.089791667,1291826.97,5.571808507753015,536886.84,9,6.9539406623764455,8,1.7169596088471975e-06,-5.765239921415152,11.49512268022021,4.728489118659891e-06,312696255190.579,113543000000.0
GE,2025-11-25,GENERAL ELECTRIC COMPANY,350000.0,17.95780529575046,5,1.3591492153050797,2.3193024174246624,114425061.12,7876798.338400001,1291826.97,5.105684064941417,350000.0,11,0.964838610979557,7,1.126758026414025e-06,-5.9481693395672535,11.492237383917528,3.082532608791383e-06,310625699391.6396,113543000000.0
GE,2025-12-16,GENERAL ELECTRIC COMPANY,1418122.6,15.868980563980427,18,1.8570746347884757,8.077750750144853,208399999.92,10149959.615737705,1622560.01,4.402690099601907,1418122.6,25,-2.4435062590152823,14,4.460257081280287e-06,-5.350640108605404,11.502353886844455,1.248974045075434e-05,317946381600.2591,113543000000.0
GE,2025-12-18,GENERAL ELECTRIC COMPANY,851606.72,14.732133835954198,20,2.005009957273836,7.734555307652943,208399999.92,10166660.252063492,1622560.01,4.043008528173281,851606.72,30,-1.7392661215692051,16,2.7591311715242012e-06,-5.559227652288126,11.489466732071088,7.500301383616779e-06,308650320357.7504,113543000000.0
GE,2026-01-13,GENERAL ELECTRIC COMPANY,4000000.0,5.656567866863482,35,1.7723420418674862,14.612630416188033,497571308.76,20123451.378,2390319.45,4.501943209173649,4000000.0,43,3.934548548625205,15,1.166741053426318e-05,-4.9330255206013485,11.53508551192931,3.5228944100472945e-05,342835283652.1328,113543000000.0
GE,2026-01-27,GENERAL ELECTRIC COMPANY,19945247.78,16.226854709295147,41,2.5205385107558453,-1.8128503560156373,497571308.76,22113228.88439024,2435595.875,4.643951041838284,19945247.78,32,-6.717831396788587,14,6.42578872127368e-05,-4.192073558070751,11.49191299399454,0.00017566250477792555,310393768689.7147,113543000000.0
GE,2026-02-05,GENERAL ELECTRIC COMPANY,23688.37,14.972869189913071,44,2.443272137756489,8.197336361700458,497571308.76,21525385.07597701,2935659.15,4.201807125184696,23688.37,37,-1.468389649735602,17,7.303022827252891e-08,-7.136497341870603,11.511032519758405,2.0862906564033007e-07,324363904650.5709,113543000000.0
GE,2026-02-06,GENERAL ELECTRIC COMPANY,5326161.5,11.38631737652609,44,2.605375777217385,12.178791919752332,497571308.76,21281047.61340909,2708265.725,4.201807125184696,5326161.5,35,1.3754662819935426,17,1.6525912571697935e-05,-4.781834549154885,11.508248880145425,4.6908761438397786e-05,322291521081.9592,113543000000.0
GE,2026-02-26,GENERAL ELECTRIC COMPANY,3231820.55,11.402526405227851,49,1.7209143213307212,14.236475338266596,497571308.76,20270983.18202021,3066067.0,3.694169398493482,3231820.55,27,13.171138458919952,17,8.959623793904086e-06,-5.047710225567968,11.557157463713704,2.8463406374677434e-05,360709403021.90515,113543000000.0
GE,2026-03-03,GENERAL ELECTRIC COMPANY,388710.0,13.636297866159827,50,1.854752120226353,16.033301421678267,497571308.76,19584594.763235297,3106124.22,4.13612435497282,388710.0,27,16.182845305025474,16,1.0687433767190141e-06,-5.971126563691418,11.56075227717824,3.42346071532371e-06,363707517134.1124,113543000000.0
GE,2026-03-10,GENERAL ELECTRIC COMPANY,109765.16,16.119080819761255,53,1.8261869421547965,8.686706282256672,497571308.76,18723942.08682243,3000000.0,4.5005884819364335,109765.16,33,16.65366080243456,18,3.236445059147833e-07,-6.489931761027157,11.53039627581524,9.667276714548674e-07,339153478566.70105,113543000000.0
GE,2026-03-13,GENERAL ELECTRIC COMPANY,1169046.76,26.51474059585548,56,2.2958266651578003,-0.183055698442236,497571308.76,18335160.93918182,3033033.5,4.483133787388855,1169046.76,37,2.251863900058704,20,3.618122495009745e-06,-5.441516733770778,11.509348616364468,1.0296070739719754e-05,323108673521.25165,113543000000.0
GE,2026-03-18,GENERAL ELECTRIC COMPANY,2211982.62,25.980876949156915,57,2.1137611154939617,0.2577752086603047,497571308.76,18201189.20783784,3066067.0,4.397125460939809,2211982.62,32,1.951965879645212,18,6.950411955701339e-06,-5.1579894537141,11.502771164019569,1.9481453017799426e-05,318252016441.3474,113543000000.0
HII,2025-08-14,HUNTINGTON INGALLS INCORPORATED,11174.0,33.41396916245174,0,2.358223236072833,51.104150374013216,5911543.0,3014403.0,3409242.0,,11174.0,7,8.581778436969191,2,1.0747313805001757e-06,-5.968700070208235,10.01690873723238,9.599656357388316e-07,10397016596.64917,11640000000.0
HII,2025-08-18,HUNTINGTON INGALLS INC,31362.0,34.07213208896989,0,2.351570970235054,45.717080486491945,16320418.0,5592614.21,3409242.0,,31362.0,14,9.82741750307774,4,3.0524693324193462e-06,-5.515348690635482,10.011752441116876,2.6943298969072166e-06,10274304697.155762,11640000000.0
HII,2025-08-20,HUNTINGTON INGALLS INCORPORATED,38790.0,34.32816745076865,0,2.1394152143383987,45.66675821896731,16320418.0,3677368.806666666,1492050.0,,38790.0,20,9.05182127279014,6,3.787529937861955e-06,-5.421643925671986,10.010363705272042,3.3324742268041237e-06,10241503205.621338,11640000000.0
HII,2025-08-22,HUNTINGTON INGALLS INC,223752.0,32.89021918919881,0,2.1458542857877814,46.09425430537855,21416392.0,5455125.88625,1492050.0,,223752.0,29,10.277042806668122,8,2.1759023674985464e-05,-4.662360595282632,10.012127521215081,1.9222680412371133e-05,10283181972.784424,11640000000.0
HII,2025-08-26,HUNTINGTON INGALLS INC,1657500.0,35.01221891889947,0,2.124982398308586,29.90946868276882,21416392.0,4443159.009000001,2569153.5,,1657500.0,36,12.037790991892836,10,0.00015866107639691366,-3.7995296036761226,10.018983140752933,0.00014239690721649484,10446796641.247559,11640000000.0
HII,2025-08-27,HUNTINGTON INGALLS INCORPORATED,19712433.0,34.24536487699106,0,2.13270909018415,29.80440552855601,21416392.0,4747212.462727273,3061148.0,,19712433.0,39,14.633229311462491,11,0.0018798527201146218,-2.7258761748571083,10.020616405086027,0.0016935079896907216,10486158191.583252,11640000000.0
HII,2025-08-28,HUNTINGTON INGALLS INCORPORATED,4976089.0,34.79157809816697,0,1.1952729026434168,27.9698440803267,264032285.0,26316528.67416667,3293042.5,,4976089.0,46,11.569058514454266,12,0.00046655518303927976,-3.3310969815592912,10.027985120899455,0.00042749905498281785,10665595798.516846,11640000000.0
HII,2025-09-03,HUNTINGTON INGALLS INC,1419877.0,48.51902445601824,0,0.7923559358449614,26.14899989673165,264032285.0,22829486.206000004,3547772.0,,1419877.0,53,11.73915944759003,15,0.0001357549615116187,-3.8672442890485677,10.019495013336593,0.00012198256013745705,10459116810.095215,11640000000.0
HII,2025-09-04,HUNTINGTON INGALLS INCORPORATED,326754.0,53.15036626127545,0,0.7354224669635715,21.19223203243741,264032285.0,21666689.8575,4299430.5,,326754.0,66,10.394934926996816,16,3.128515039420983e-05,-4.504661752937748,10.018882665693145,2.807164948453608e-05,10444380029.589844,11640000000.0
HII,2025-09-16,HUNTINGTON INGALLS INC,2812800.0,56.58632783119055,0,0.8921386339407964,18.886897763553613,264032285.0,17056278.977826085,5741363.0,1.9664807237992357,2812800.0,87,5.994383438982819,19,0.0002656724087215711,-3.575653546689382,10.02479240008306,0.00024164948453608248,10587475054.467773,11640000000.0
HII,2025-09-23,HUNTINGTON INGALLS INC,931807.0,55.688815299913294,0,0.831458777993701,19.105320136952944,264032285.0,14307465.759285714,5826453.0,2.8265178190959754,931807.0,95,8.070895692330083,19,8.700953350410467e-05,-4.060433159779178,10.029759128447674,8.005214776632302e-05,10709251762.119171,11640000000.0
HII,2025-09-24,HUNTINGTON INGALLS INCORPORATED,248962.0,55.50240549552852,0,0.8349466715855914,19.13049270279661,264032285.0,13617716.022413792,5911543.0,2.901639357776996,248962.0,101,8.1996846809804,20,2.3260011332422096e-05,-4.633390078016548,10.02952314218168,2.138848797250859e-05,10703434166.129242,11640000000.0
HII,2025-09-26,HUNTINGTON INGALLS INCORPORATED,62372.0,54.79955322233903,0,1.1027821242846487,20.65754978341861,264032285.0,13289317.85451613,6947720.0,2.984389527904898,62372.0,103,5.026919020214815,20,5.795790590947433e-06,-5.2368873145119315,10.031876984730093,5.3584192439862545e-06,10761603446.71875,11640000000.0
HII,2025-10-02,HUNTINGTON INGALLS INCORPORATED,12814.0,52.907207100447984,0,1.296450071106096,13.730074707285825,264032285.0,13339294.958285714,7292442.0,2.487481973785623,12814.0,119,6.402811133671138,21,1.1553276023370487e-06,-5.937294850651835,10.044979570307676,1.1008591065292097e-06,11091226396.80664,11640000000.0
HII,2025-10-08,HUNTINGTON INGALLS INCORPORATED,2085585.0,48.380409399477145,0,1.3249603046927672,7.59615304572749,264032285.0,12076300.577948716,5911543.0,3.031624761260717,2085585.0,116,6.716813379018948,21,0.0001884543005671873,-3.7247939474089238,10.044021842036086,0.00017917396907216496,11066794409.695374,11640000000.0
HII,2025-10-14,HUNTINGTON INGALLS INCORPORATED,1075999.0,54.040041938744544,0,1.437097353675625,11.04431677239048,264032285.0,11541591.842439024,5741363.0,3.4077300503043126,1075999.0,97,10.378590164218116,19,9.637666772827751e-05,-4.016028093725199,10.047839961435974,9.24397766323024e-05,11164517568.024353,11640000000.0
HII,2025-10-16,HUNTINGTON INGALLS INC,389528.0,59.097315638978266,0,1.5682651297098555,5.757349400337851,264032285.0,11105696.593953488,5451305.37,3.587848274607374,389528.0,100,2.5075896435540423,20,3.5249785954105794e-05,-4.452843515813943,10.043382196842892,3.346460481099656e-05,11050506817.464203,11640000000.0
HII,2025-10-22,HUNTINGTON INGALLS INCORPORATED,1668.0,61.17438932034058,0,1.681822743499754,5.800541372974791,264032285.0,10377060.96826087,4299430.5,3.810408764313172,1668.0,87,3.8631662119252175,19,1.4959414817988628e-07,-6.825085394859868,10.047281441161589,1.4329896907216494e-07,11150168775.280151,11640000000.0
HII,2025-11-05,HUNTINGTON INGALLS INCORPORATED,1890162.0,49.0658142072365,0,2.271026550764839,20.484160807578373,264032285.0,9318225.12576923,3293042.5,4.0142185513237365,1890162.0,40,9.275778380565502,15,0.000154291560742858,-3.8116578278126885,10.088156855631961,0.00015780280514276172,12250585779.93219,11978000000.0
HII,2025-11-24,HUNTINGTON INGALLS INC,40000.0,47.50741553257767,4,2.200604199888057,25.690407504317747,264032285.0,10813826.910491802,2717168.0,5.511603984905827,40000.0,33,10.491853968860877,12,3.3764147834431684e-06,-5.471544206864109,10.07360419819207,3.3394556687259975e-06,11846885695.4859,11978000000.0
HII,2025-11-25,HUNTINGTON INGALLS INCORPORATED,18954.0,45.25307578483031,5,2.2084016107015865,26.23220652718608,730377721.0,22419696.17,2889158.0,5.511603984905827,18954.0,38,10.972303091847111,13,1.5770448126919607e-06,-5.802155965752693,10.079856842041485,1.582401068625814e-06,12018681934.374573,11978000000.0
HII,2025-12-01,HUNTINGTON INGALLS INC,1333333.0,48.42584586534011,9,1.614535963892204,25.1654497758816,730377721.0,21905819.1959375,3293042.5,5.482513329726169,1333333.0,39,8.204895188281357,13,0.00010914821959913822,-3.9619833440095933,10.086921972044259,0.00011131516112873602,12215801640.16278,11978000000.0
HII,2025-12-09,HUNTINGTON INGALLS INCORPORATED,31898.0,44.51432458903059,14,1.7886267013402384,20.7483245730876,730377721.0,21831488.473857146,3293042.5,5.189684587115421,31898.0,46,12.23162077502431,16,2.5925260233994995e-06,-5.586276875532141,10.090040329241566,2.663048923025547e-06,12303830207.33313,11978000000.0
HII,2025-12-12,HUNTINGTON INGALLS INCORPORATED,12050702.37,39.22299171840704,17,1.7464882424056436,29.79143711562144,730377721.0,21608588.27630137,3524937.0,5.107579481891161,12050702.37,66,16.309138130518022,18,0.0009469312158261205,-3.0236815665849948,10.1046939269005,0.0010060696585406578,12726058839.962036,11978000000.0
HII,2025-12-18,HUNTINGTON INGALLS INCORPORATED,638262.0,41.07424608228663,20,1.77824958988902,25.07571147118308,730377721.0,21186265.57844156,3547772.0,4.969854177304829,638262.0,76,14.44667485818103,19,5.100157246847338e-05,-4.292416433630434,10.097415422378624,5.3286191350809815e-05,12514555318.751038,11978000000.0
HII,2026-01-20,HUNTINGTON INGALLS INCORPORATED,7722.0,9.521115194469164,41,2.5413618794464723,53.54140897671294,730377721.0,19120220.632307693,3061148.0,7.750512787598081,7722.0,21,45.39850889955363,12,4.654831290817201e-07,-6.332096054917849,10.21982585220588,6.446819168475539e-07,16589215629.003662,11978000000.0
HII,2026-01-27,HUNTINGTON INGALLS INCORPORATED,522119.0,7.653405455751017,46,2.338466692921624,46.130518548522616,730377721.0,18239685.578541663,2998548.0,8.814970922250568,522119.0,34,40.82360379694463,15,3.24125170426856e-05,-4.489287241868026,10.207056739417022,4.358983135748873e-05,16108560754.858887,11978000000.0
HII,2026-01-29,HUNTINGTON INGALLS INC,187193.0,6.385209382264012,47,2.212797576928991,51.66698441589786,730377721.0,17995791.101428572,2998548.0,8.814970922250568,187193.0,43,31.38700567638879,17,1.129754514008311e-05,-4.947015914741187,10.219305519195553,1.562806812489564e-05,16569351808.637512,11978000000.0
HII,2026-01-30,HUNTINGTON INGALLS INC,1669734.0,8.237100720933022,48,2.273770877265291,51.13419622235709,1115311364.0,29079786.78727273,3061148.0,8.814970922250568,1669734.0,50,31.44927614435296,17,0.00010019772187371604,-3.999142152609706,10.221789443198341,0.00013940006678911338,16664390854.15979,11978000000.0
HII,2026-02-02,HUNTINGTON INGALLS INCORPORATED,60189.0,8.291185839232007,49,2.2482067812168607,49.11554616189853,1115311364.0,29380559.5294,3222136.5,8.814970922250568,60189.0,62,30.34377005153361,18,3.6747058654573907e-06,-5.43477741742905,10.214294545301279,5.024962431123727e-06,16379270124.932373,11978000000.0
HII,2026-02-04,HUNTINGTON INGALLS INC,2534171.0,10.167944887030478,49,2.3999915020330005,47.75932932656603,1115311364.0,29102329.949900992,3061148.0,9.013615181597162,2534171.0,66,33.19003474052214,19,0.00015143036563544063,-3.8197870290261986,10.223622945749925,0.00021156879278677577,16734893225.450317,11978000000.0
HII,2026-02-10,HUNTINGTON INGALLS INC,1157995.0,13.966455545352584,52,3.508112982377718,43.09070162390931,1115311364.0,29630535.008952383,3061148.0,9.163175596353431,1157995.0,65,24.607319213350756,18,7.325565368092371e-05,-4.135158851961212,10.198865536156518,9.275833066324896e-05,15807585378.240234,12484000000.0
HII,2026-02-11,HUNTINGTON INGALLS INCORPORATED,3213810.0,15.902175437179,52,3.4393836751897764,39.34437480596815,1115311364.0,29367353.03716981,2998548.0,9.09804926174244,3213810.0,68,22.88118318170677,19,0.00020659161884214653,-3.684887301230917,10.191907498987838,0.0002574343159243832,15556342595.173828,12484000000.0
HII,2026-02-17,HUNTINGTON INGALLS INCORPORATED,369462.5,8.931349841469238,55,3.57349236929059,48.89020624493996,1115311364.0,28717946.3480734,3383125.0,8.752527095994346,369462.5,72,31.990814960881742,18,2.264917397831639e-05,-4.6449476322030545,10.212517996802505,2.9594881448253764e-05,16312405050.785156,12484000000.0
HII,2026-02-18,HUNTINGTON INGALLS INCORPORATED,257671.0,7.12132892823294,55,3.546986225330317,50.837290401140045,1115311364.0,28472639.58127273,3222136.5,8.63219270073092,257671.0,79,33.90464307531051,19,1.5831929754204607e-05,-4.800466145748919,10.211531688674349,2.0640099327138737e-05,16275400661.853516,12484000000.0
HII,2026-02-25,HUNTINGTON INGALLS INC,1741996.0,4.492366084077037,58,3.6981934277420048,54.147435210817065,1115311364.0,27620764.71877193,2998548.0,8.429666921583292,1741996.0,87,36.91090669164978,19,9.988467333048373e-05,-4.000501146395172,10.241548299833797,0.00013953828900993272,17440073055.416016,12484000000.0
HII,2026-02-26,HUNTINGTON INGALLS INCORPORATED,1300980.0,2.742176589221024,59,3.712364200305441,58.01086699412545,1115311364.0,27447326.251652174,3061148.0,8.373674737840025,1300980.0,89,40.0908970047424,19,7.667797049607489e-05,-4.115329390499505,10.229600010691835,0.00010421179109259853,16966802741.167969,12484000000.0
HII,2026-03-03,HUNTINGTON INGALLS INC,8812.0,0.0,62,3.7799502979598794,60.90588130750933,1115311364.0,26986809.5079661,3222136.5,8.27891609454347,8812.0,74,43.067163573273625,18,4.970383678630434e-07,-6.303610085495935,10.248684573974664,7.058635052867671e-07,17729013633.064453,12484000000.0
HII,2026-03-04,HUNTINGTON INGALLS INCORPORATED,95055.0,0.0,63,3.759511292047976,56.27736848909717,1115311364.0,26735769.621344537,3061148.0,8.236679421782213,95055.0,76,38.38156926976497,19,5.5247120127085115e-06,-5.257690355570689,10.23566532175161,7.6141461070169815e-06,17205421709.103516,12484000000.0
HII,2026-03-05,HUNTINGTON INGALLS INCORPORATED,300000.0,1.996812731956199,64,3.7479239445302377,49.51572966039068,1115311364.0,26516120.83283333,2998548.0,8.1961650260265,300000.0,75,39.0562215885293,19,1.7568025240499525e-05,-4.755277053265875,10.232398307985537,2.4030759371996154e-05,17076478197.925781,12484000000.0
HII,2026-03-09,HUNTINGTON INGALLS INC,380932.0,0.0,64,2.2504727072536594,55.31620429899036,1115311364.0,26048284.220819674,2998548.0,8.165846085694133,380932.0,75,37.22739977092542,18,2.2719132702085537e-05,-4.643608251741293,10.224455708622983,3.0513617430310798e-05,16767013292.0625,12484000000.0
HII,2026-03-11,HUNTINGTON INGALLS INC,500000.0,3.454186137396209,66,2.305637966375747,49.79476224057032,1115311364.0,25642206.797903225,2911442.5,8.107967233668584,500000.0,80,28.590981529363468,20,3.0648981265421425e-05,-4.513583956322037,10.212553960658056,4.005126561999359e-05,16313755934.332031,12484000000.0
HII,2026-03-16,HUNTINGTON INGALLS INC,451782.0,2.736497927438375,69,2.023159047695428,51.36479297860108,1115311364.0,27864699.69637795,2935948.0,8.143644228542065,451782.0,79,29.032121928630485,18,2.7813227056850592e-05,-4.555748618770682,10.210677542441344,3.618888176866389e-05,16243422565.69336,12484000000.0
HII,2026-03-24,HUNTINGTON INGALLS INC,2360.0,2.3055186044772524,75,1.9134424871496287,42.102067023387264,1115311364.0,26773043.6762406,2935948.0,7.897616808739374,2360.0,73,18.602004898714675,20,1.5230180908196177e-07,-6.817294937966341,10.190206940936447,1.8904197372636976e-07,15495548045.197266,12484000000.0
HII,2026-03-31,HUNTINGTON INGALLS INCORPORATED,60032450.0,8.278496161646732,80,2.0580382913236823,36.3788824497671,1115311364.0,33396490.81847826,3222136.5,7.446051380836884,60032450.0,81,13.50541924892732,21,0.004148515566470346,-2.3821072759668867,10.16049334379,0.004808751201537969,14470826742.26941,12484000000.0
HII,2026-04-03,HUNTINGTON INGALLS INCORPORATED,537448.0,0.9051665254842244,81,2.1595719070231154,41.384491913902565,1115311364.0,35335946.042127654,3383125.0,6.962201586114272,537448.0,93,13.173556942625488,22,3.456121526653019e-05,-4.46141099494694,10.191747446035919,4.305094520986863e-05,15550610586.32611,12484000000.0
HON,2025-08-13,HONEYWELL INTERNATIONAL INC.,1059319.33,1.934099879130424,0,1.640434589328604,-1.2247620748074397,10953639.5,10953639.5,10953639.5,,1059319.33,2,-10.26047340199976,1,7.948028322916548e-06,-5.099740593944651,11.124767491117188,2.697322155170219e-05,133280769388.51172,39273000000.0
HON,2025-09-05,HONEYWELL INTERNATIONAL INC.,10164504.59,6.132679234006533,0,0.8957423208915904,-12.348749595488083,169820296.57,22745539.37857143,9908062.23,,10164504.59,28,-12.454792075846076,14,7.652123550571742e-05,-4.116218026504338,11.123304242821002,0.00025881660657449136,132832468305.35742,39273000000.0
HON,2025-09-18,HONEYWELL INTERNATIONAL INC.,54850.0,13.001498213513464,0,1.0485130074782048,-17.968129757780847,169820296.57,18394718.36428571,9104071.46,-1.7225097900058497,54850.0,40,-15.067545692442197,19,4.19714961630049e-07,-6.377045549164597,11.116222181075328,1.3966338196725487e-06,130683928414.12848,39273000000.0
HON,2025-09-19,"HONEYWELL INTERNATIONAL, INC",1235061.84,15.845508373198117,0,1.0465050914712308,-19.560544784867016,169820296.57,17617346.45590909,9081084.46,-1.7225097900058497,1235061.84,43,-14.730962781218436,19,9.517297294422098e-06,-5.021486364300979,11.113175067725317,3.144811549919792e-05,129770228016.71286,39273000000.0
HON,2025-09-22,HONEYWELL INTERNATIONAL INC.,14100000.0,16.19357034487372,0,0.8371651587359671,-20.17028312244165,169820296.57,17155002.591739126,9058097.46,-1.7225097900058497,14100000.0,41,-16.48284372938784,17,0.00010908430630431012,-3.9622377258158137,11.111456838471193,0.0003590252845466351,129257823400.05478,39273000000.0
HON,2025-09-26,HONEYWELL INTERNATIONAL INC.,1635390.1,20.659972159904783,0,0.7860434114973577,-21.599240545894062,169820296.57,15848589.89111111,9058097.46,-3.1370503094634574,1635390.1,49,-19.49635631108807,19,1.2698859109359446e-05,-4.8962352951673935,11.1098566595457,4.1641588368599294e-05,128782443045.97945,39273000000.0
HON,2025-09-29,HONEYWELL INTERNATIONAL INC.,14327261.52,21.57686569027519,0,0.7962594651967284,-19.54385151590765,169820296.57,15359982.898571428,8499158.73,-3.420637427372846,14327261.52,42,-18.91721123353981,17,0.00011147076090972054,-3.9528390343272846,11.10900222260277,0.00036481199602780536,128529323771.31216,39273000000.0
HON,2025-09-30,"HONEYWELL FEDERAL MANUFACTURING & TECHNOLOGIES, LLC",79412859.98,21.61253518139641,0,0.8017508513704724,-18.64450482197921,169820296.57,15496244.564827586,9058097.46,-3.777116525178603,79412859.98,45,-19.22386721398085,17,0.0006146398939999904,-3.2113792547178286,11.111270091730729,0.0020220726702823823,129202254450.47543,39273000000.0
HON,2025-11-24,HONEYWELL INTERNATIONAL INC.,2061150.0,32.127349803462366,2,1.0767777099684028,-23.86661298387025,311524826.12,17835928.442291666,3129430.265,-1.7727258940729835,2061150.0,21,-12.219420164590034,14,1.5509083927547827e-05,-4.809413853827949,11.123523452497894,5.260988309765685e-05,132899532275.9784,39178000000.0
HON,2025-12-09,HONEYWELL INTERNATIONAL INC.,1629919.15,31.07822576860764,12,1.1508650368967293,-23.021941769419957,511494518.81,26271429.834716983,3343284.23,-2.1296646854126995,1629919.15,15,-7.772635431318597,10,1.2138452069177599e-05,-4.915836692229201,11.128002754559718,4.160291872989943e-05,134277347779.68521,39178000000.0
HON,2025-12-22,HONEYWELL INTERNATIONAL INC.,1161577.01,27.20527867972087,18,0.9850764192274322,-23.135248636288573,511494518.81,24618190.577377047,2436000.0,-2.0685022654299368,1161577.01,24,-3.317171836879673,13,8.341243279815333e-06,-5.07876921203361,11.143817219892947,2.964870616162132e-05,139257059293.6496,39178000000.0
HON,2025-12-29,HONEYWELL INTERNATIONAL INC.,1645568.73,26.475948732940324,23,0.9048025832212642,-22.273141835737675,511494518.81,24239858.10048387,2361147.05,-1.5362653019194898,1645568.73,19,-3.393245449714988,11,1.1920946022756411e-05,-4.923689278474959,11.140005304537976,4.2002366889580886e-05,138040112492.6413,39178000000.0
HON,2025-12-30,"HONEYWELL FEDERAL MANUFACTURING & TECHNOLOGIES, LLC",22052045.14,26.94615647358152,24,0.8720753429597611,-21.42764989974483,511494518.81,23881218.586666662,2286294.1,-1.4436615600213432,22052045.14,20,-2.7068944687409724,12,0.0001599779445224296,-3.7959398875469046,11.139388760345286,0.0005628680672826586,137844283509.39468,39178000000.0
HON,2026-02-20,HONEYWELL BUILDING SOLUTIONS SES CORP,4459078.71,2.17299498219774,44,1.4581005527766655,10.790869078496822,511494518.81,21409924.015058823,2167594.1,1.6214468016800718,4459078.71,24,23.469785245731067,16,2.648004035106363e-05,-4.5770813574411395,11.226326495863178,0.0001190929627156669,168393954498.67172,37442000000.0
HON,2026-02-26,HONEYWELL INTERNATIONAL INC.,30807000.0,3.48366836670484,47,1.3727194479423566,12.695572960940906,511494518.81,20609036.25011236,2167594.1,1.998100122382433,30807000.0,27,24.171457652656912,16,0.0001818658313985227,-3.7402488876818274,11.228898296259029,0.0008227925858661396,169394106430.54,37442000000.0
HON,2026-03-12,HONEYWELL INTERNATIONAL INC.,1019146.0,2.470964705858747,52,1.348221646548406,17.953764123681417,1028199720.31,31163040.690520834,2342489.55,2.6309965165978846,1019146.0,34,23.133038043378107,16,6.419556636009094e-06,-5.192494965261954,11.200731369535688,2.7219325890710967e-05,158756446556.3438,37442000000.0
HON,2026-04-01,HONEYWELL INTERNATIONAL INC.,533238.0,4.805966103815873,62,1.4274971831757048,18.74561777139152,1028199720.31,28851041.2164486,2398685.0,1.8181140624698409,533238.0,29,18.50759033475139,16,3.5581179667046544e-06,-5.448779657308983,11.175700748167586,1.4241707173762086e-05,149865182939.35532,37442000000.0
IBM,2025-08-19,INTERNATIONAL BUSINESS MACHINES CORPORATION,213557.09,31.26521676643288,0,2.083647659502085,-12.67871837506782,4646218.03,1577966.9966666668,473013.18,,213557.09,6,-16.03501883571611,3,9.823211066049764e-07,-6.0077465244011625,11.337260518786168,3.338916353971232e-06,217400490088.29688,63960000000.0
IBM,2025-08-27,INTERNATIONAL BUSINESS MACHINES CORPORATION,4551091.58,29.35661090380166,0,1.4102696207955587,-13.804375251344414,59350855.22,7970341.331111112,1389811.44,,4551091.58,18,-16.01487269342455,9,2.0659767239082352e-05,-4.684874575718217,11.342990150466202,7.11552779862414e-05,220287650259.22656,63960000000.0
IBM,2025-08-29,INTERNATIONAL BUSINESS MACHINES CORPORATION,17072066.61,30.07380555428749,0,1.2771814031423256,-19.699790911470828,59350855.22,6186100.277272728,1389811.44,,17072066.61,22,-16.239514225634224,11,7.652128103186791e-05,-4.116217768121813,11.3485038646902,0.0002669178644465291,223102206076.375,63960000000.0
IBM,2025-09-02,INTERNATIONAL BUSINESS MACHINES CORPORATION,2690000.0,31.1456342500978,0,1.2700616121304047,-17.547816875963463,59350855.22,7328421.353333334,1806431.935,,2690000.0,26,-17.17263952330149,12,1.2168175550131453e-05,-4.914774533348267,11.344526813350676,4.205753595997498e-05,221068473980.96094,63960000000.0
IBM,2025-09-23,INTERNATIONAL BUSINESS MACHINES CORPORATION,1022557.23,16.33730796546182,0,1.1022916473876403,-8.691927586117298,59350855.22,7219199.776956522,4325500.81,7.807152536028151,1022557.23,47,-13.5454158596653,16,4.150305238730369e-06,-5.38191996145143,11.391607585199425,1.5987448874296434e-05,246381210822.17395,63960000000.0
IBM,2025-09-26,INTERNATIONAL BUSINESS MACHINES CORPORATION,3310050.47,11.398379244889869,0,1.6024157504724703,-5.067494975216057,59350855.22,7667055.314999999,4283073.38,9.122470123542266,3310050.47,53,-7.456328616416186,17,1.2953972928171744e-05,-4.887597014890425,11.407431630622456,5.1751883520950594e-05,255523960745.77588,63960000000.0
IBM,2025-09-29,INTERNATIONAL BUSINESS MACHINES CORPORATION,643169.0,13.193970170452165,0,1.645622652830377,-6.744147742752652,85590308.83,10141572.185714286,4283073.38,9.695082107467115,643169.0,55,-9.945613432147129,16,2.4916507740533027e-06,-5.603512827795289,11.411837931549695,1.0055800500312695e-05,258129673185.99078,63960000000.0
IBM,2025-10-07,INTERNATIONAL BUSINESS MACHINES CORPORATION,14260.88,7.774418472334776,0,1.5359344728628412,-1.4428713041642285,85590308.83,9867191.008709677,4240645.95,11.55543340444057,14260.88,58,-3.1366209378544063,16,5.427151912190381e-08,-7.265428021851028,11.419574347321447,2.2296560350218884e-07,262769132516.21796,63960000000.0
IBM,2025-10-22,INTERNATIONAL BUSINESS MACHINES CORPORATION,1928.68,10.158506266272283,0,1.8278425430854,1.3178935164886347,85590308.83,9318182.656764705,3913916.96,11.613279745595502,1928.68,36,4.892237201043015,11,7.531618491801229e-09,-8.123111686942922,11.408371863906332,3.015447154471545e-08,256077760988.49445,63960000000.0
IBM,2025-11-17,INTERNATIONAL BUSINESS MACHINES CORPORATION,733137.0,5.909069666116262,0,2.381193779168731,1.6857168466561705,85590308.83,8350631.015609756,3587187.97,9.836157772023013,733137.0,12,19.987621084975824,7,2.6180225837397436e-06,-5.582026611432609,11.447211749490517,1.1434540520306944e-05,280034635512.09796,64116000000.0
IBM,2025-12-01,INTERNATIONAL BUSINESS MACHINES CORPORATION,2975995.56,2.963968855660481,7,1.742981656461182,-1.4302650047630865,85590308.83,7378055.361632653,3365963.06,9.372309925717865,2975995.56,17,18.274699654170146,12,1.0527711690510375e-05,-4.977666017056004,11.451298295990014,4.6415801983904174e-05,282682091558.6572,64116000000.0
IBM,2025-12-04,INTERNATIONAL BUSINESS MACHINES CORPORATION,493419.28,2.188392123050153,10,1.720500643865365,-2.828537819673315,85590308.83,7041703.979807691,2928177.295,9.063568217395977,493419.28,22,15.332583603270455,14,1.7798686467668213e-06,-5.749612047179464,11.442828162406187,7.69572774346497e-06,277222300025.5155,64116000000.0
IBM,2025-12-05,INTERNATIONAL BUSINESS MACHINES CORPORATION,582056.56,2.204977244199613,11,1.6686940012515374,-3.81646148582322,85590308.83,7011004.575849055,2975995.56,9.063568217395977,582056.56,24,15.921072429606207,14,2.0629945874714085e-06,-5.6855019114521435,11.4504670997144,9.078179549566411e-06,282141583664.2698,64116000000.0
IBM,2025-12-08,INTERNATIONAL BUSINESS MACHINES CORPORATION,2515149.42,1.795074362359439,12,1.609262720343691,-4.489212773900464,85590308.83,7188246.437777776,3170979.31,8.81394682548586,2515149.42,26,18.38930711450224,15,8.915940694488922e-06,-5.049832828947056,11.450396619672556,3.9228108740408006e-05,282095799667.5159,64116000000.0
IBM,2025-12-15,INTERNATIONAL BUSINESS MACHINES CORPORATION,550100.0,1.966566820506621,15,1.3713562241043633,-5.082794988783611,85590308.83,6900146.246206897,3170979.31,8.41274108270125,550100.0,29,13.936300086637356,17,1.9418490374993506e-06,-5.711784535874664,11.45222618082443,8.579761681951463e-06,283286697048.50006,64116000000.0
IBM,2025-12-16,INTERNATIONAL BUSINESS MACHINES CORPORATION,12398190.64,3.8096124325280414,16,1.276273776208288,-6.125323575786323,85590308.83,6792518.343728814,2975995.56,8.41274108270125,12398190.64,30,10.533958229530338,18,4.3847762974729446e-05,-4.358052558569621,11.451410868538352,0.00019337124337138935,282755374479.31805,64116000000.0
IBM,2025-12-22,INTERNATIONAL BUSINESS MACHINES CORPORATION,257467.27,3.943327984568912,18,1.0222429472145658,-4.450053920741626,85590308.83,6878521.406031746,3587187.97,8.094494627079305,257467.27,34,3.3046013305485067,17,9.338000016382549e-07,-6.029746129643288,11.440468157731775,4.015647732235324e-06,275719928837.33185,64116000000.0
IBM,2025-12-31,INTERNATIONAL BUSINESS MACHINES CORPORATION,1833912.21,6.252323275477822,24,0.8717132656039869,-4.239738638444002,85590308.83,7658578.704545454,3476575.515,7.391655149621653,1833912.21,33,1.0752172283138517,17,6.627797286751436e-06,-5.178630783081846,11.442009325089174,2.8603035279805353e-05,276700105729.8296,64116000000.0
IBM,2026-01-12,INTERNATIONAL BUSINESS MACHINES CORPORATION,0.03,0.8168442824940003,31,1.363277255115848,0.9040884125539606,85590308.83,7934746.71463768,3587187.97,6.129891041943627,0.03,24,6.99066560428725,11,1.0764725547026242e-13,-12.967997038291166,11.445118293010829,4.679019277559423e-13,278688015490.4414,64116000000.0
IBM,2026-01-28,INTERNATIONAL BUSINESS MACHINES CORPORATION,320000.0,13.388649184748914,34,2.199306785356726,7.506716711044525,85590308.83,7140168.223544305,2975995.56,5.085282629293742,320000.0,26,-7.200420373062721,15,1.1887184807505193e-06,-5.924920985358505,11.43007096367841,4.990953896063385e-06,269197463639.97144,64116000000.0
IBM,2026-01-29,INTERNATIONAL BUSINESS MACHINES CORPORATION,281981.08,7.859287323624553,35,2.4801359393780102,14.736232003675864,85590308.83,7128900.986500001,3170979.31,5.085282629293742,281981.08,29,-0.9071723089880468,15,1.0464194994232915e-06,-5.980294176117445,11.430514145687681,4.397983030756753e-06,269472310249.76788,64116000000.0
IBM,2026-01-30,INTERNATIONAL BUSINESS MACHINES CORPORATION,1607408.05,8.752545610827811,35,2.443231184225082,18.07057828288583,85590308.83,7118330.326296297,3365963.06,5.085282629293742,1607408.05,31,-0.3607425988892299,15,5.674138837958932e-06,-5.246100041853217,11.45222618082443,2.507031084284734e-05,283286697048.50006,64116000000.0
IBM,2026-02-04,INTERNATIONAL BUSINESS MACHINES CORPORATION,317276.36,15.393219668502956,37,2.858689745549998,14.051730548930564,85590308.83,7105514.20097561,3476575.515,4.889438526983833,317276.36,30,-9.64174385594263,15,1.1767986734064367e-06,-5.929297829856146,11.430735544238232,4.948474015846279e-06,269609719291.73877,64116000000.0
IBM,2026-02-17,INTERNATIONAL BUSINESS MACHINES CORPORATION,349101.15,28.39345507334661,40,3.0686275271632493,2.2040384611208275,85590308.83,6479595.304606741,2975995.56,4.315453492800474,349101.15,30,-14.159554906018734,16,1.4441786678072572e-06,-5.840379074326798,11.38333035378501,5.4448367022272135e-06,241729889647.27716,64116000000.0
IBM,2026-02-23,INTERNATIONAL BUSINESS MACHINES CORPORATION,371.28,48.49032326752791,41,4.03477560333574,-13.635203407032126,85590308.83,6231563.523548386,2839139.64,3.778669676021525,371.28,33,-28.48407367880168,16,1.5671064321367062e-09,-8.804901506837098,11.37460306224807,5.790754257907542e-09,236920730070.49686,64116000000.0
IBM,2026-03-16,INTERNATIONAL BUSINESS MACHINES CORPORATION,2876278.99,33.0604349351606,54,3.468139542901853,-7.743128234532837,85590308.83,5815917.226346154,2193920.145,0.9355043408468864,2876278.99,38,-16.16111886783904,15,1.2626955649913454e-05,-4.898701344916942,11.357532353867377,4.258945717035611e-05,227788793256.7273,67535000000.0
IBM,2026-03-23,INTERNATIONAL BUSINESS MACHINES CORPORATION,2898403.2,33.49425786443505,58,1.9765423882822195,-9.521064290165947,85590308.83,5889888.527614679,2223052.43,0.5112355089372029,2898403.2,43,-13.275276137460825,16,1.2961437738208657e-05,-4.8873468219886895,11.349505622500946,4.291705337972903e-05,223617414868.71313,67535000000.0
KTOS,2025-08-14,"KRATOS SRE, INC.",153600.0,52.87904220196327,0,3.3968886032378998,165.16504948565824,,,,,153600.0,0,88.01208482606181,0,1.3236144757407362e-05,-4.8782384918144315,10.064629707509924,0.0001293255872695125,11604587500.0,1187700000.0
KTOS,2025-08-21,"KRATOS S2, INC",3377065.17,63.12133399223916,0,3.299197874564188,137.87030049905334,3814057.43,1322019.1433333333,160000.0,,3377065.17,4,62.10841675932244,3,0.0003112964438130757,-3.506825840580509,10.03536528223407,0.002843365471078555,10848389813.369751,1187700000.0
KTOS,2025-09-04,"KRATOS TECHNOLOGY & TRAINING SOLUTIONS, INC.",2830956.25,88.26859715903137,0,3.128434087230512,96.99219434709184,3814057.43,1720001.6066666665,1560944.06,,2830956.25,9,48.09979348920655,6,0.00026002579815422,-3.5849835618745396,10.036916719642893,0.002383561715921529,10887213000.0,1187700000.0
KTOS,2026-01-15,"KRATOS DEFENSE & ROCKET SUPPORT SERVICES, INC.",158880.0,4.945410872548939,14,5.088719048269539,99.12082046481854,25373493.68,2808234.007419356,599217.66,14.013108263702296,158880.0,10,40.32668819788559,6,7.74489953564785e-06,-5.110984211396931,10.312053442548237,0.00013152317880794703,20514146022.0,1208000000.0
KTOS,2026-02-08,"KRATOS SRE, INC.",96000.0,6.942617933254813,16,6.106174432478847,29.87676083223548,61068139.3,4259966.376666667,666795.68,18.933876056498068,96000.0,16,17.588037615701026,10,6.0224895340159216e-06,-5.2202239460532525,10.202495179092821,7.947019867549669e-05,15940251860.59314,1208000000.0
LDOS,2025-08-12,LEIDOS BIOMEDICAL RESEARCH INC,1400825.0,12.338546702924557,0,1.8177310822353436,30.66863555939223,,,,,1400825.0,0,4.700068635524458,0,6.2285767938132e-05,-4.205611176648028,10.351995060483814,8.387169201293258e-05,22490290260.0708,16702000000.0
LDOS,2025-08-13,"LEIDOS, INC.",1427856.83,9.912119347251714,0,1.85535425062876,34.42257160138824,13672902.97,13069358.83,13672902.97,,1427856.83,17,5.890017514646884,1,6.317387127254292e-05,-4.199462508877543,10.35414717215934,8.549017063824692e-05,22602015694.747925,16702000000.0
LDOS,2025-08-14,"LEIDOS, INC.",6043238.54,12.074131815413946,0,1.9376637294743388,33.36317509269095,49160789.67999999,27940919.585,31416846.325,,6043238.54,27,3.411505820933037,2,0.0002616009448646577,-3.58236069173628,10.363630428887449,0.0003618272386540534,23100981317.65747,16702000000.0
LDOS,2025-08-15,"LEIDOS, INC.",576000.0,12.58519094063959,0,1.9447717541586345,30.85584106552581,49160789.67999999,21052164.696666665,22312040.72,,576000.0,42,2.254701479742671,3,2.5424466918036593e-05,-4.594748144284558,10.35517062770777,3.448688779786852e-05,22655342267.6239,16702000000.0
LDOS,2025-08-18,LEIDOS BIOMEDICAL RESEARCH INC,2715004.37,12.2754823025661,0,1.91030186903037,28.11609612479438,49160789.67999999,16632659.419999998,17992471.845,,2715004.37,46,1.6729174460054406,4,0.00012038595668613894,-3.9194241716282887,10.353194704582753,0.00016255564423422344,22552500679.779053,16702000000.0
LDOS,2025-08-19,"LEIDOS, INC.",1019916.86,11.886019319987518,0,1.9102382719757889,30.458707324998763,49160789.67999999,20294632.422,22312040.72,,1019916.86,67,3.1639419519002843,5,4.509970768643259e-05,-4.3458262729907915,10.354391044051873,6.106555262842773e-05,22614711099.487305,16702000000.0
LDOS,2025-08-21,"LEIDOS, INC.",1400773.22,10.831905135291995,0,1.8842460664004728,32.02423996376855,52103294.05,25642921.128571425,29199491.220000003,,1400773.22,94,10.771936429734442,7,6.123941221916392e-05,-4.212968986347367,10.359336816654768,8.386859178541492e-05,22873720848.05298,16702000000.0
LDOS,2025-08-22,"LEIDOS, INC.",2630943.81,10.039117809280508,0,1.8807026754436853,30.26766298093886,88683076.25,32235244.231250003,34980563.105,,2630943.81,113,11.884749115575843,8,0.00011484190751821152,-3.939899602506485,10.360011175309966,0.00015752268051730332,22909266023.66638,16702000000.0
LDOS,2025-08-26,LEIDOS BIOMEDICAL RESEARCH INC,2072543.0,9.671007710380252,0,1.8072982484628768,25.84521709003105,88683076.25,28537861.25363636,29199491.220000003,,2072543.0,144,13.32229330694046,11,8.988461506370412e-05,-4.046314637129134,10.362818186951685,0.0001240895102382948,23057816941.54358,16702000000.0
LDOS,2025-08-27,LEIDOS BIOMEDICAL RESEARCH INC,29226420.66,9.049065750193751,0,1.794747817780707,25.031487850613,88683076.25,29992792.594166663,34411042.685,,29226420.66,167,20.39539488851514,12,0.001262383919793607,-2.898808546128779,10.364584176990988,0.0017498755035325112,23151768809.58557,16702000000.0
LDOS,2025-08-28,"LEIDOS, INC.",222557.0,10.26968239741719,0,1.8061992405829668,17.646097510286875,88683076.25,29963293.49153846,30513340.720000003,,222557.0,174,16.67028016365868,13,9.55844392669464e-06,-5.01961280323176,10.367054061762968,1.3325170638246917e-05,23283810807.159424,16702000000.0
LDOS,2025-08-29,"LEIDOS, INC.",2000000.0,10.53784954442072,0,1.8051495765003325,16.690302000838052,129047192.24,37013509.47928571,35067967.435,,2000000.0,196,17.047749580998882,14,8.685804928372532e-05,-4.06118992854076,10.362219924204743,0.00011974613818704346,23026075493.20984,16702000000.0
LDOS,2025-09-02,"LEIDOS, INC.",9749377.89,10.556194666428452,0,1.8079847982321973,19.79186999331021,129460512.85999998,42835112.862,39622594.15,,9749377.89,212,16.487394439311664,15,0.0004244357347264273,-3.3721880584625787,10.361164962616495,0.0005837251760268232,22970209839.385986,16702000000.0
LDOS,2025-09-03,"LEIDOS, INC.",749116.0,12.53451200003748,0,0.9325768000838291,17.902815049114817,129460512.85999998,42640061.969375,40192114.56999999,,749116.0,225,12.521772103833497,16,3.261791104395515e-05,-4.486543856022086,10.361092929074278,4.485187402706263e-05,22966400239.135742,16702000000.0
LDOS,2025-09-04,"LEIDOS, INC.",8684107.32,11.986276354150592,0,0.9195677814955484,16.759476848499986,129460512.85999998,41902720.82235295,39622594.15,,8684107.32,242,13.794609492710563,17,0.0003848884714750651,-3.4146650970886947,10.353390279005554,0.0005199441575859179,22562658961.227417,16702000000.0
LDOS,2025-09-08,"LEIDOS, INC.",1419195.3,12.092980766912254,0,0.9107281695062124,14.357420048564771,129460512.85999998,42323484.09105263,39622594.15,,1419195.3,272,14.381623551274789,19,6.244687463949224e-05,-4.20448929245058,10.356531456671993,8.497157825410131e-05,22726442407.13501,16702000000.0
LDOS,2025-09-09,"LEIDOS, INC.",3011965.06,11.704799936198128,0,0.9104685236894302,12.849905167186911,129460512.85999998,41177510.675,35662964.68,,3011965.06,290,13.24154227998446,20,0.0001329695921344127,-3.8762476633795697,10.355097592947672,0.00018033559214465333,22651532667.373657,16702000000.0
LDOS,2025-09-10,"LEIDOS, INC.",18542797.84,10.874929078853878,0,0.91857052591237,14.79817797418148,129460512.85999998,42332692.477142856,39622594.15,,18542797.84,308,11.678103490560645,21,0.000815776166228834,-3.088428987210276,10.356604250718817,0.0011102142162615256,22730252007.385254,16702000000.0
LDOS,2025-09-15,"LEIDOS, INC.",2050023.0,9.204842941855794,0,0.8715785554987445,19.7587304153932,129460512.85999998,39214089.61576922,35662964.68,,2050023.0,321,12.492778041001904,22,8.781993137036425e-05,-4.056406906624523,10.368165640225179,0.00012274116872230872,23343482145.9198,16702000000.0
LDOS,2025-09-16,LEIDOS BIOMEDICAL RESEARCH INC,1975854.17,9.294566325872822,0,0.8726651579836715,19.627025592931503,129460512.85999998,38279084.9411111,31703335.21,1.3200879342611715,1975854.17,334,12.200307875067008,23,8.498079938736335e-05,-4.070679187957166,10.366434075829513,0.00011830045323913304,23250595243.20984,16702000000.0
LDOS,2025-09-17,"LEIDOS, INC.",64282.19,8.569101011577306,0,0.8796245454856303,19.192133604448937,129460512.85999998,37229794.77,31124995.84,1.533914188638097,64282.19,349,12.418544657453667,24,2.767025900227468e-06,-5.5579867757079,10.366077439827736,3.848772003352892e-06,23231510046.47827,16702000000.0
LDOS,2025-09-18,"LEIDOS, INC.",3240256.0,6.625706560596556,0,0.94651288987497,21.477812892883264,129460512.85999998,37212337.91482758,31703335.21,2.0350857073973736,3240256.0,347,14.063674657196046,24,0.0001385509647646522,-3.8583904457712768,10.368969769248052,0.00019400407136869837,23386744404.87671,16702000000.0
LDOS,2025-09-22,"LEIDOS, INC.",16934200.17,6.217080956105603,0,0.9387730464269904,20.01124148831452,155520686.60000002,39564628.8860606,31703335.21,2.3856200791128,16934200.17,328,11.654069377613972,24,0.0007099927159256234,-3.14874610684365,10.377510795869261,0.0010139025368219375,23851230850.900696,16702000000.0
LDOS,2025-09-23,"LEIDOS, INC.",5413759.87,6.64849336821518,0,0.9464109927435987,20.41313172125687,155520686.60000002,40231749.61235294,35662964.68,2.4972037046860094,5413759.87,356,12.297083555288314,25,0.00022647286811014561,-3.6449838198579756,10.378482808372855,0.00032413841875224525,23904673063.825928,16702000000.0
LDOS,2025-09-24,"LEIDOS, INC.",2343850.29,6.4834634343381214,0,0.9446808602291414,13.96290951002399,232025408.9100001,45544450.02142857,39622594.15,2.7270835284453665,2343850.29,398,11.75030657982419,25,9.84481270005647e-05,-4.00679254200486,10.376722410313663,0.00014033351035804096,23807972395.315918,16702000000.0
LDOS,2025-09-26,"LEIDOS, INC.",976306.69,7.923212830579729,0,1.1420279976967411,7.821135940320143,232025408.9100001,47684595.11162162,40761634.99,2.977707731300925,976306.69,413,6.985099480120227,25,4.207569308141417e-05,-4.375968721485125,10.365554986746279,5.84544779068375e-05,23203579513.494873,16702000000.0
LDOS,2025-09-29,LEIDOS BIOMEDICAL RESEARCH INC,15597947.84,7.510375758759347,0,1.1403293258521054,8.004051954151123,232025408.9100001,47313388.16875,40192114.56999999,3.0277790544833647,15597947.84,406,6.612296085563506,25,0.0006629872774862613,-3.1784948054874245,10.371562269201503,0.0009338970087414681,23526767963.240784,16702000000.0
LDOS,2025-09-30,"LEIDOS, INC.",30620840.82,5.6043577117941945,0,1.1980098267835508,7.43205128625992,692696416.59,63051081.17463414,40761634.99,3.024919476954239,30620840.82,440,7.519524415385637,26,0.0012965532459705712,-2.887209643216753,10.37322675506798,0.0018333637181175907,23617110145.81427,16702000000.0
LDOS,2025-10-09,"LEIDOS, INC.",1951220.0,2.834321968554221,0,1.1927564895927518,11.633273586758364,692696416.59,60409128.10666667,39622594.15,3.4416785279546604,1951220.0,389,12.942863847271704,25,7.735910871514212e-05,-4.111488542574556,10.40179478142037,0.00011682552987666148,25222886256.160706,16702000000.0
LDOS,2025-10-23,"LEIDOS, INC.",1894729.66,4.2635567309403655,0,1.60163849243817,10.051716738989214,692696416.59,53335746.95254901,30513340.720000003,3.951140716138862,1894729.66,206,12.925416395863444,17,7.900955281380689e-05,-4.1023203962601,10.379867649854077,0.00011344327984672494,23981019921.288513,16702000000.0
LDOS,2025-10-30,"LEIDOS, INC.",1793.28,4.52021896569661,0,1.5499295792618235,2.062514220415949,692696416.59,48728649.48928572,25640402.565,3.510964491182341,1793.28,57,1.92127129334947,15,7.490234041260553e-08,-7.125504612041521,10.379152716975163,1.0736917734403066e-07,23941574991.13611,16702000000.0
LDOS,2025-10-31,"LEIDOS, INC.",365352.43000000005,4.7671621666812936,0,1.512945851394178,4.956027986139986,692696416.59,47950297.470175445,22312040.72,3.490587175955981,365352.43000000005,39,0.731969679798139,15,1.5039561580588365e-05,-4.82276482371156,10.385476823943723,2.1874771284876066e-05,24292758006.427673,16702000000.0
LDOS,2025-11-04,"LEIDOS, INC.",76010.0,0.0,0,1.7010485080026911,15.43318628599928,692696416.59,47459708.79965518,21939123.545,3.2783505679252185,76010.0,59,6.419065327889339,14,3.0943933719983805e-06,-5.509424477828353,10.390295210360776,4.5093735168485996e-06,24563780638.82428,16856000000.0
LDOS,2025-11-21,"LEIDOS, INC.",1796000.0,6.595810259997115,3,1.3786000198043562,18.50392266143306,692696416.59,40409421.47956521,14900933.59,3.0260697938053043,1796000.0,80,1.2132923469633017,19,7.602607882572586e-05,-4.1190374084119075,10.373343740743193,0.00010654959658281917,23623472731.205307,16856000000.0
LDOS,2025-11-24,"LEIDOS, INC.",435000.0,6.4132127891003865,4,1.3769377068696191,17.122499006562506,692696416.59,39972347.488,14286918.28,2.947699607363499,435000.0,80,-0.4777289551760155,17,1.8331934914365825e-05,-4.736791693342042,10.375280950296679,2.5806834361651638e-05,23729082719.964935,16856000000.0
LDOS,2025-11-25,"LEIDOS, INC.",133438.51,3.807069853658352,5,1.4810361095159608,17.900266500368158,692696416.59,39454333.01732394,13672902.97,2.947699607363499,133438.51,86,0.3765713985050878,18,5.613783425453841e-06,-5.250744346055804,10.376025529961046,7.916380517323209e-06,23769800130.686783,16856000000.0
LDOS,2025-11-26,"LEIDOS, INC.",3241149.4,4.428720720749846,6,1.4891431493405405,15.033101172692431,692696416.59,39756150.33236112,14286918.28,2.897287994686701,3241149.4,111,1.476167585153565,19,0.00013301631040205756,-3.8760951027674664,10.386794152960483,0.0001922846108210726,24366556177.984802,16856000000.0
LDOS,2025-12-03,"LEIDOS, INC.",7123087.51,5.492739680517689,12,1.2239065398830384,14.004195967711318,692696416.59,39463364.38907895,14286918.28,2.5867651830368934,7123087.51,109,0.0335804114495852,18,0.0002992531209752404,-3.523961311547259,10.376629591407294,0.000422584688538206,23802884617.49861,16856000000.0
LDOS,2025-12-04,"LEIDOS, INC.",131283.56,3.310742257603838,13,1.2431415700592676,14.335426149351772,692696416.59,39131869.595584415,14900933.59,2.5430373348665363,131283.56,113,1.6883864163325324,19,5.475349753675411e-06,-5.261588133795652,10.37979847870992,7.788535832937827e-06,23977200709.758118,16856000000.0
LDOS,2025-12-05,LEIDOS BIOMEDICAL RESEARCH INC,490881.0,6.407516423811965,14,1.397232885113543,11.865429949600138,692696416.59,39006313.36820513,14926107.69,2.4806352429366507,490881.0,123,-3.423011196175363,19,2.004936485260504e-05,-4.697899380918013,10.388875603576352,2.912203369719981e-05,24483618489.10237,16856000000.0
LDOS,2025-12-08,"LEIDOS, INC.",606.54,7.095427303064739,15,1.3638098873993825,9.45720226436686,692696416.59,38622073.66265823,14900933.59,2.4806352429366507,606.54,134,-3.0993156022409485,17,2.5515888991568557e-08,-7.593189295942101,10.376048742870081,3.598362600854295e-08,23771070653.286835,16856000000.0
LDOS,2025-12-09,"LEIDOS, INC.",1106459.5,7.483396401924991,15,1.362785796498477,9.959511512367891,692696416.59,38248991.936625,14286918.28,2.344225629903446,1106459.5,142,-2.420033653555498,18,4.684738616075591e-05,-4.329314635461969,10.373250157432052,6.564187826293309e-05,23618382810.157333,16856000000.0
LDOS,2025-12-11,"LEIDOS, INC.",43707.0,4.335547342442125,17,1.3435651962091462,11.57955584401682,692696416.59,38714044.00219512,14926107.69,2.1782625454113105,43707.0,164,-1.1778536092385885,19,1.8241151453069396e-06,-5.7389477507701745,10.379498748791308,2.5929639297579496e-06,23960658466.352203,16856000000.0
LDOS,2025-12-12,LEIDOS BIOMEDICAL RESEARCH INC,45853.0,4.7754976596938725,18,1.33258924156978,12.236978617035833,692696416.59,38367410.59072289,14900933.59,2.050111973520234,45853.0,170,-1.8513029344623624,20,1.8913807673639866e-06,-5.723221031430724,10.384588786721896,2.7202776459420977e-06,24243135380.88115,16856000000.0
LDOS,2025-12-16,"LEIDOS, INC.",234191.2,8.882295216108748,20,1.4267318037805825,6.273114881130672,692696416.59,38176045.95917647,14900933.59,1.921463288548328,234191.2,181,-4.62311091421167,20,9.875603041869466e-06,-5.005436375219491,10.375006947154622,1.3893640246796393e-05,23714116394.42195,16856000000.0
LDOS,2025-12-18,"LEIDOS, INC.",6526160.73,9.465191657391102,22,1.425092668666531,5.572286707669647,692696416.59,38119732.36114942,14951281.79,1.87845484320504,6526160.73,200,-5.419037146378747,21,0.00028216650331716706,-3.549494543692807,10.364152309328004,0.0003871713769577599,23128757854.94751,16856000000.0
LDOS,2025-12-19,"LEIDOS, INC.",7623370.78,7.3965752944723295,23,1.4435222327876207,4.440026691951402,692696416.59,38923280.25795455,15151211.78,1.8090655653070076,7623370.78,221,-2.228637719481452,21,0.0003299149527638145,-3.4815980004423803,10.363745043627336,0.0004522645218319886,23107078706.607025,16856000000.0
LDOS,2025-12-22,"LEIDOS, INC.",12508308.750000002,6.611475051514715,26,1.4497304332384804,3.902153589659262,692696416.59,39361343.7864045,15351141.77,1.731766688305181,12508308.750000002,214,-2.937431337635621,19,0.0005310897747295639,-3.2748320601347625,10.372030652786117,0.0007420686254152825,23552155106.67543,16856000000.0
LDOS,2025-12-23,"LEIDOS, INC.",993560.49,6.451262618543896,27,1.4496138035308617,3.0830149143445507,692696416.59,39774301.759444445,16398849.29,1.648004630880808,993560.49,232,-3.354138656270922,20,4.187715599664014e-05,-4.378022820233539,10.3752171332229,5.894402527289986e-05,23725596124.047073,16856000000.0
LDOS,2025-12-29,"LEIDOS, INC.",60000.0,6.927589997752315,33,1.3183422009607342,4.007473865106537,692696416.59,39996529.93648352,17446556.810000002,1.4937754743670166,60000.0,187,-6.705493411547225,17,2.5313635329863503e-06,-5.596645480668416,10.37479673105206,3.559563360227812e-06,23702640580.120712,16856000000.0
LDOS,2025-12-30,"LEIDOS, INC.",358031.01,8.175606451276396,34,1.3068234595993216,2.578811668445269,692696416.59,39942474.90206522,17447772.78,1.4407828174464952,358031.01,197,-9.003415570596886,18,1.5135240864210375e-05,-4.820010663233005,10.373931306884256,2.124056775035596e-05,23655455054.344055,16856000000.0
LDOS,2025-12-31,"LEIDOS, INC.",920460.0,9.944560652188382,35,1.3431110256705323,1.843991900460896,692696416.59,39591406.0772043,17446556.810000002,1.391701449538417,920460.0,202,-10.53551172051128,19,3.936526446814486e-05,-4.404886826486153,10.368891746803937,5.4607261509254864e-05,23382543276.061417,16856000000.0
LDOS,2026-01-07,"LEIDOS, INC.",319168.6,0.8799163517704045,42,1.863840336948437,10.944645558660438,692696416.59,38119295.14051546,14951281.79,1.17722820066694,319168.6,172,-1.110026975365952,18,1.2671915126604616e-05,-4.897157744543306,10.401177903169646,1.893501423825344e-05,25187084731.171158,16856000000.0
LDOS,2026-01-08,"LEIDOS, INC.",803037.0,1.5981917020126746,43,1.8720380418789608,10.142920820832613,692696416.59,37790838.64520408,14926107.69,1.1855489857634522,803037.0,170,0.92984452095366,18,3.202721564203144e-05,-4.494480816061857,10.399216371957769,4.7641018035121024e-05,25073581449.463287,16856000000.0
LDOS,2026-01-09,"LEIDOS, INC.",5056813.0,0.0,43,1.8633268995380503,12.923252406585362,692696416.59,37733149.13727273,14951281.79,1.2459455768521157,5056813.0,169,1.034133526968373,18,0.0002031149015321213,-3.6922582133959327,10.396135107196617,0.0003000007712387281,24896317118.31984,16856000000.0
LDOS,2026-01-13,"LEIDOS, INC.",633562.48,0.0,44,1.8817205558191563,10.067617545354413,692696416.59,37272282.20633663,14951281.79,1.362760689805237,633562.48,154,1.1794647802960911,17,2.5398600604644492e-05,-4.595190211192002,10.396979661321033,3.7586763170384434e-05,24944779039.682373,16856000000.0
LDOS,2026-01-15,"LEIDOS, INC.",330235.85,0.7033547008801433,45,1.8830642491603475,9.693957140105482,692696416.59,37117381.66893204,14951281.79,1.431848080660172,330235.85,163,-1.686818047627825,18,1.3570301671439328e-05,-4.8674104977503445,10.386234715714203,1.9591590531561462e-05,24335188560.695694,16856000000.0
LDOS,2026-01-16,"LEIDOS, INC.",0.06,0.01027319119693,46,1.876196451921428,12.74913017622963,692696416.59,36877173.68759616,14926107.69,1.4566860274816769,0.06,165,-2.31267169606606,18,2.433177727641057e-12,-11.613826167553048,10.39197741793669,3.5595633602278118e-12,24659111136.188736,16856000000.0
LDOS,2026-01-20,"LEIDOS, INC.",81669.32,1.990358805057868,46,1.9445745550239664,11.462659772614693,692696416.59,36169203.572735846,14286918.28,1.5247565119919746,81669.32,131,-0.2342902988807349,17,3.2891387699625656e-06,-5.4829178030884504,10.394976742643193,4.845118652112008e-06,24830001320.050568,16856000000.0
LDOS,2026-01-21,"LEIDOS, INC.",5104924.11,1.3533217843865852,47,1.908045889392063,11.17532909938983,692696416.59,35860616.19700935,13672902.97,1.5917769338092478,5104924.11,141,-1.7225353565829549,18,0.0002096655383755398,-3.678472946374213,10.386462236606503,0.0003028550136449929,24347940770.58281,16856000000.0
LDOS,2026-01-22,"LEIDOS, INC.",237900.0,0.6565033611943605,47,1.9074359853133784,12.084133412609209,692696416.59,35856890.168148145,14286918.28,1.6347118738950457,237900.0,140,0.0359348977395646,18,9.709817623014033e-06,-5.012788927255999,10.389183369293265,1.4113668723303274e-05,24500975119.87596,16856000000.0
LDOS,2026-01-26,"LEIDOS, INC.",1003973.87,2.7546203851839923,49,1.9458274661083743,7.880364344534874,692696416.59,35486187.49063636,14926107.69,1.6874027289879052,1003973.87,154,0.0058678610182605,19,4.1167607559415444e-05,-4.3854443711354945,10.387166780894209,5.9561810037968676e-05,24387471838.16809,16856000000.0
LDOS,2026-01-27,"LEIDOS, INC.",1657046.73,4.044887399273378,50,1.965860173632057,-2.6883124070868902,692696416.59,35244307.26225225,14900933.59,1.6978185498132592,1657046.73,167,-1.7881919379121758,20,6.856693297406623e-05,-4.163885276263497,10.383220032295975,9.830604710488846e-05,24166849210.343674,16856000000.0
LDOS,2026-01-28,"LEIDOS, INC.",30609942.06,3.701333185960953,50,1.965864437387568,-2.439136055766866,692696416.59,35064282.540714286,14926107.69,1.6978185498132592,30609942.06,179,-4.021969577497075,21,0.0012825133539382735,-2.891938104179881,10.377800611724092,0.0018159671369245372,23867152701.377045,16856000000.0
LDOS,2026-01-29,"LEIDOS, INC.",1244835.5,4.022652282203398,51,1.9469674293147063,-3.1257044377741794,692696416.59,35438816.70681416,14951281.79,1.6978185498132592,1244835.5,193,-3.555924644562103,21,5.198462894548025e-05,-4.284125051576595,10.379237016532514,7.385118058851447e-05,23946222667.195374,16856000000.0
LDOS,2026-01-30,"LEIDOS, INC.",4812290.89,3.4204453973062376,52,1.9056921680061365,-2.072061548889769,692696416.59,36227237.968771935,15130223.6,1.6978185498132592,4812290.89,203,-3.811464918132335,21,0.00020158510443700535,-3.6955415620073357,10.377893433398242,0.00028549423884670144,23872254368.396667,16856000000.0
LDOS,2026-02-06,"LEIDOS, INC.",14081361.45,0.8964212985227205,57,1.4361984536942414,1.1833468470668906,692696416.59,35739013.17092437,15309165.41,1.7335151665855209,14081361.45,253,-3.394789952891697,22,0.0005933816853586521,-3.2266658622497513,10.375310508649461,0.0008353916379924062,23730697791.066696,16856000000.0
LDOS,2026-02-10,"LEIDOS, INC.",98931.6,0.0,58,1.3660094666494755,0.6295692016801127,692696416.59,35432625.29760331,15309165.41,1.6204210843504605,98931.6,241,-0.4683165584781656,21,3.986814544228313e-06,-5.399373966066113,10.394708998953814,5.869221642145231e-06,24814698276.65364,16856000000.0
LDOS,2026-02-18,"LEIDOS, INC.",52865.9,5.31685012040326,63,3.698917667236014,-12.499697526318387,692696416.59,34717402.20214286,14926107.69,1.227808511659128,52865.9,230,-13.000430688103648,21,2.566324980048526e-06,-5.590688348699532,10.313863978824308,3.0903080610276495e-06,20599846243.557343,17107000000.0
LDOS,2026-02-19,"LEIDOS, INC.",249917.0,2.4848169860953284,63,3.7624332244232894,-9.91460243546497,692696416.59,34438965.536535434,14951281.79,1.131166898239113,249917.0,239,-10.048239644293178,21,1.1424703176888371e-05,-4.9421550744365845,10.339950873400493,1.4609048927339685e-05,21875141623.42267,17107000000.0
LDOS,2026-02-20,"LEIDOS, INC.",387678.1,4.121036069262507,64,3.763174725124717,-10.759605417671668,692696416.59,34303815.400625,15130223.6,0.9581418098308506,387678.1,240,-11.676162884478526,21,1.724574909507102e-05,-4.7633179366523395,10.351789204985344,2.266195709358742e-05,22479632393.051666,17107000000.0
LDOS,2026-02-23,"LEIDOS, INC.",4464283.19,5.029071196966495,65,3.761034973547886,-10.90209356854408,692696416.59,34116506.052480616,14951281.79,0.8532905520307611,4464283.19,206,-10.062904178154696,19,0.00020176297927895277,-3.695158517830588,10.344910253928884,0.0002609623656982522,22126374253.364822,17107000000.0
LDOS,2026-02-26,"LEIDOS, INC.",1868344.72,2.723750454885132,68,3.900358670613397,-7.883193859546978,692696416.59,33682458.02780303,15130223.6,0.5663294768050928,1868344.72,233,-8.928686537975928,21,8.653219848993142e-05,-4.062822262193708,10.334279271230068,0.00010921521716256503,21591323837.88208,17107000000.0
LDOS,2026-02-27,"LEIDOS, INC.",685316.53,3.1696076334218226,69,3.900550576271732,-8.337653199437266,692696416.59,33610812.09729323,15309165.41,0.4697633539025772,685316.53,245,-7.997024110028327,21,3.0662860259878685e-05,-4.51338733620233,10.349278543433714,4.006059098614603e-05,22350052284.48024,17107000000.0
LDOS,2026-03-03,"LEIDOS, INC.",428571.0,0.0,71,3.948762573840333,-3.858477149550432,692696416.59,33298295.01829629,15309165.41,0.3066124657327038,428571.0,192,-3.6895862155653103,20,1.879701418986551e-05,-4.7259111307282735,10.35793391113898,2.505237622026071e-05,22799950868.317474,17107000000.0
LDOS,2026-03-04,"LEIDOS, INC.",65930731.0,1.6072492624170651,72,3.966450150687418,-7.248059500332138,692696416.59,33309247.26544117,15330153.59,0.2477674994961177,65930731.0,200,-8.36497014605062,21,0.0028716961132812225,-2.5418615196204746,10.360949410584961,0.0038540206348278484,22958811935.245834,17107000000.0
LDOS,2026-03-05,"LEIDOS, INC.",1099754.0,2.208812950268979,73,3.96584127604417,-8.88744687528723,692696416.59,33700553.509124085,15351141.77,0.1889390664989717,1099754.0,204,-5.414906028757927,21,4.8971967892052214e-05,-4.31005244391955,10.351347994177242,6.428678318816859e-05,22456806359.592545,17107000000.0
LDOS,2026-03-06,"LEIDOS, INC.",2838993.31,0.927537127329825,73,3.973150175897421,-5.679549121109417,692696416.59,33558640.828985505,15330153.59,0.146284184019972,2838993.31,201,-2.591715421102303,21,0.00012716863953866528,-3.8956199748079796,10.348784343933518,0.00016595506576255335,22324633811.44226,17107000000.0
LDOS,2026-03-09,"LEIDOS, INC.",4220229.73,0.0,74,3.878389057102015,-4.737852088169969,692696416.59,33424925.285683453,15351141.77,0.1111436519576516,4220229.73,192,-2.299678600284949,19,0.00018666937775683906,-3.728926920197649,10.354263012807607,0.00024669607353714856,22608045201.165207,17107000000.0
LDOS,2026-03-11,"LEIDOS, INC.",162761.16,0.2826461530833324,76,3.955628635784953,-8.65058828092028,692696416.59,33424641.2506383,15351141.77,-0.0066647431563735,162761.16,213,-7.226652889310936,21,7.423779034486838e-06,-5.129374963180791,10.340925739593075,9.514301747822528e-06,21924300177.025772,17107000000.0
LDOS,2026-03-18,"LEIDOS, INC.",1983444.52,0.0,81,1.9846152280315064,-10.941517244727883,692696416.59,33794541.4430822,16344423.345,-0.2763876669436829,1983444.52,233,-5.806980444041388,21,9.212931756294833e-05,-4.035602145810496,10.33302220290459,0.00011594344537323903,21528917965.17206,17107000000.0
LDOS,2026-03-19,"LEIDOS, INC.",425750.51,0.0,82,1.866454088205019,-9.12804204211438,692696416.59,33906262.333265305,16707273.36,-0.2627750118820637,425750.51,253,-6.864363034810827,22,2.0040216232317043e-05,-4.698097596777074,10.327252773646716,2.4887502776641142e-05,21244806196.9227,17107000000.0
LDOS,2026-03-23,"LEIDOS, INC.",1777421.03,0.0,84,1.8807193073648731,-11.324424904393137,692696416.59,33897408.873557046,16707273.36,-0.298947715111839,1777421.03,235,-8.071125121293765,20,8.410766018828265e-05,-4.075164448601587,10.324954762927662,0.00010390021803939908,21132689056.15828,17107000000.0
LDOS,2026-03-24,"LEIDOS, INC.",7144627.96,1.0377936091607642,85,1.8935164612301123,-14.067152469188535,692696416.59,33909563.038,16823340.985,-0.2579122844569544,7144627.96,253,-9.468880164893037,21,0.00034900272790233737,-3.4571711784611576,10.311150797294824,0.0004176435353948676,20471553339.83322,17107000000.0
LDOS,2026-03-26,"LEIDOS, INC.",5595649.140000001,1.941868144127024,87,1.60028172315493,-14.860367704403563,692696416.59,33682889.67085526,16823340.985,-0.3176862238652091,5595649.140000001,256,-8.875660022166487,22,0.0002796344560418003,-3.553409316664333,10.301259792080442,0.0003270970444847139,20010585316.294327,17107000000.0
LDOS,2026-03-30,"LEIDOS, INC.",549613.77,4.18314766073582,89,1.4440885029486965,-16.40520873347332,692696416.59,34048393.41516129,16939408.61,-0.3853091948280142,549613.77,233,-7.2450986049373824,21,2.8057752495660123e-05,-4.551947120115397,10.29200472509866,3.212800432571462e-05,19588659857.37854,17107000000.0
LDOS,2026-03-31,"LEIDOS, INC.",164365.71000000002,3.292178841412752,90,1.4531699857330918,-18.427072938861222,692696416.59,33875640.65891026,16823340.985,-0.4470111614391088,164365.71000000002,242,-10.478374626071297,22,8.463781694753853e-06,-5.072435546866836,10.288246766937913,9.608096685567313e-06,19419890059.53209,17107000000.0
LDOS,2026-04-02,"LEIDOS, INC.",31284244.340000004,1.1459448035541886,91,1.5256015144121666,-16.038101301147933,692696416.59,33735863.01575949,16969670.845,-0.563757278009319,31284244.340000004,265,-14.443477643460334,23,0.0015921453133845187,-2.7980172972007247,10.293342966409368,0.001828739366341264,19649113731.64627,17107000000.0
LDOS,2026-04-06,"LEIDOS, INC.",149989.48,0.7336781881038146,91,1.485301761228067,-16.26524098356301,692696416.59,33706477.9195625,17069840.61,-0.7390760323039861,149989.48,253,-14.505310980556986,21,7.4983383526015705e-06,-5.1250349665081725,10.30109576597606,8.767725492488456e-06,20003029064.16069,17107000000.0
MRCY,2025-09-25,MERCURY SYSTEMS INC,687173.48,40.872419680354135,0,1.8512988563698336,41.50475628428394,1074598.0,1074598.0,1074598.0,,687173.48,1,37.6037500531643,1,0.00015415303327068802,-3.812047925236784,9.649114315710866,0.0007534631696673318,4457735702.114563,912020000.0
NOC,2025-08-13,NORTHROP GRUMMAN SYSTEMS CORP,89304.63,10.027191358064137,0,2.177280886873476,27.813344042788323,6361323.73,6205474.7700000005,6361323.73,,89304.63,6,14.756588407790485,1,1.090717197171953e-06,-5.962287839355519,10.91316181483226,2.1693783704999273e-06,81876979873.01562,41166000000.0
NOC,2025-08-14,NORTHROP GRUMMAN SYSTEMS CORPORATION,1738476.97,9.719978857351808,0,2.1777734733458285,23.372363947837883,49274315.44,26655281.505,27817819.585,,1738476.97,23,15.750885228246435,2,2.1185731425158695e-05,-4.6739565376376495,10.91412547949721,4.223089369868338e-05,82058860046.50781,41166000000.0
NOC,2025-08-18,NORTHROP GRUMMAN SYSTEMS CORP,1375060.97,9.513594968890526,0,2.134313818641181,19.13225791990734,61646283.12,31138589.545,40590298.405,,1375060.97,50,13.30080195405392,4,1.670334944374815e-05,-4.777196433099065,10.915518388245358,3.340283170577661e-05,82322469192.82812,41166000000.0
NOC,2025-08-19,NORTHROP GRUMMAN SYSTEMS CORPORATION,1764197.0,9.250191058474,0,0.5541639845558779,21.8188654228151,61646283.12,27293994.894,31906281.37,,1764197.0,58,14.511844887603752,5,2.1398807030405723e-05,-4.669610437611252,10.91615751684012,4.285568187339066e-05,82443708076.49414,41166000000.0
NOC,2025-08-21,NORTHROP GRUMMAN SYSTEMS CORPORATION,2686935.02,7.241554343369327,0,0.5829552786943915,22.939219561815055,61646283.12,18913541.584285717,31906281.37,,2686935.02,75,18.37691759263973,7,3.216653509989712e-05,-4.492595717712829,10.921852881430453,6.527073361511927e-05,83532000311.98242,41166000000.0
NOC,2025-08-22,NORTHROP GRUMMAN SYSTEMS CORPORATION,280000.0,8.10501193716997,0,0.6283078204877318,14.540172895809269,61646283.12,21215105.77125,33830773.099999994,,280000.0,85,15.115401106281244,8,3.3257964846547433e-06,-5.478104330070096,10.925262361412315,6.801729582665307e-06,84190358998.79102,41166000000.0
NOC,2025-08-25,NORTHROP GRUMMAN SYSTEMS CORPORATION,1968617.0,9.155228090401902,0,0.6751459289667323,15.065681879432317,61646283.12,22798466.241111115,35662536.0,,1968617.0,90,13.77317622552798,9,2.3571194917894293e-05,-4.627618400797956,10.92177963193558,4.782143030656367e-05,83517912725.99023,41166000000.0
NOC,2025-08-26,NORTHROP GRUMMAN SYSTEMS CORP,214227.0,7.999280790628527,0,0.690734430756652,14.344042107638533,61646283.12,22609071.096,33784408.685,,214227.0,99,13.129963859001936,10,2.5899610990752904e-06,-5.586706758924083,10.917580964971942,5.203979011805859e-06,82714369755.00781,41166000000.0
NOC,2025-08-27,NORTHROP GRUMMAN SYSTEMS CORPORATION,5328858.19,9.179417751395258,0,0.7442797095596984,10.454436166834236,61646283.12,23624096.181818184,35662536.0,,5328858.19,108,11.936150063279438,11,6.374256272417937e-05,-4.195570480012016,10.922204643090243,0.00012944804425982608,83599685394.80469,41166000000.0
NOC,2025-09-02,NORTHROP GRUMMAN SYSTEMS CORPORATION,12462945.35,8.251882019393243,0,0.6242536872066644,4.45003934109862,154826277.51000002,35118228.13357143,35708900.415,,12462945.35,142,12.925739636552525,14,0.00014983179938551564,-3.824396004847186,10.920016695492215,0.00030274851455084294,83179574703.85156,41166000000.0
NOC,2025-09-03,NORTHROP GRUMMAN SYSTEMS CORPORATION,7325540.53,9.800171364888822,0,0.7010740174911348,7.486584168977117,154826277.51000002,38242069.00333333,35755264.83,,7325540.53,162,11.4213689410843,15,8.783135425390299e-05,-4.056350420897388,10.921190096413005,0.0001779512347568382,83404617772.63867,41166000000.0
NOC,2025-09-05,NORTHROP GRUMMAN SYSTEMS CORPORATION,79355.99,12.911023361108164,0,0.7009394428129223,5.127839634124266,154826277.51000002,36655776.16588236,35755264.83,,79355.99,191,11.64895040602232,17,9.650646734136428e-07,-6.0154435816142175,10.915023295638456,1.9277070883739007e-06,82228675638.1836,41166000000.0
NOC,2025-09-09,NORTHROP GRUMMAN SYSTEMS CORPORATION,1861468.0,17.13923280522158,0,0.7709468566774087,1.112455217599905,154826277.51000002,35056035.79105264,35755264.83,,1861468.0,223,7.40441342163327,19,2.2603117405158366e-05,-4.645831659149442,10.915687233927397,4.5218578438517225e-05,82354480872.41211,41166000000.0
NOC,2025-09-10,NORTHROP GRUMMAN SYSTEMS CORPORATION,5663321.959999999,15.474682398543235,0,0.8401625268683587,3.3168025270411405,154826277.51000002,34866744.51450001,35708900.415,,5663321.959999999,238,3.091504247082,20,7.000311869697838e-05,-4.154882611375494,10.90795386335639,0.0001375728018267502,80900995061.58789,41166000000.0
NOC,2025-09-11,NORTHROP GRUMMAN SYSTEMS CORP,22643.74,14.864575573171932,0,0.8469869956956104,3.2092335424387386,154826277.51000002,34409920.59142858,35755264.83,,22643.74,259,8.191505773647688,21,2.7591712138255765e-07,-6.559221349570617,10.91416950915477,5.500592722149347e-07,82067179762.30469,41166000000.0
NOC,2025-09-12,NORTHROP GRUMMAN SYSTEMS CORPORATION,670324.2,16.875703573779568,0,0.8876440523753791,1.4850582821899645,154826277.51000002,33022245.898181822,35805902.895,,670324.2,269,4.38726972504444,21,8.124838275925929e-06,-5.0901852748502545,10.91647017339771,1.628344264684448e-05,82503082182.7168,41166000000.0
NOC,2025-09-14,NORTHROP GRUMMAN SYSTEMS CORPORATION,1040917.89,17.603219901846256,0,0.8876440523753791,1.4850582821899645,154826277.51000002,32514976.408260874,35755264.83,,1040917.89,247,4.38726972504444,20,1.2769834235252553e-05,-4.8938147402606536,10.911231212973552,2.5285864305494826e-05,81513813791.44531,41166000000.0
NOC,2025-09-15,NORTHROP GRUMMAN SYSTEMS CORPORATION,1251.0,17.603207262297005,0,0.8885301541757796,1.598487119433159,154826277.51000002,31116814.14583333,35708900.415,,1251.0,240,5.656644402634424,20,1.534709200578822e-08,-7.813973903280133,10.911231212973552,3.0389156099693923e-08,81513813791.44531,41166000000.0
NOC,2025-09-17,NORTHROP GRUMMAN SYSTEMS CORP,18241691.6,18.09297248156816,0,0.9114915076124748,-1.4898356425796957,154826277.51000002,33815264.09153846,35805902.895,0.3868226658212292,18241691.6,282,6.110301476633474,22,0.00022247323539753715,-3.6527222292597985,10.913787338388238,0.00044312519069134726,81994993992.89062,41166000000.0
NOC,2025-09-18,NORTHROP GRUMMAN SYSTEMS CORP,10380139.2,20.59662776732807,0,0.8778303378782796,-4.490224068907244,154826277.51000002,34566851.51111111,35856540.96,-0.055979851155626,10380139.2,292,9.865977161750152,22,0.0001270949524951131,-3.8958716968657265,10.912074874403842,0.0002521532138172278,81672316612.25195,41166000000.0
NOC,2025-09-19,NORTHROP GRUMMAN SYSTEMS CORP,2965103.0,21.83798564881572,0,0.8504578237897665,-7.272877560557589,154826277.51000002,35909046.428571425,36636954.765,-0.3485933789768219,2965103.0,303,8.524683454578842,22,3.6515580045583436e-05,-4.43752179625229,10.90956158048029,7.202795996696302e-05,81201037921.3086,41166000000.0
NOC,2025-09-23,NORTHROP GRUMMAN SYSTEMS CORPORATION,7141948.05,20.98293759457075,0,0.8304039338055508,-5.451850210470166,154826277.51000002,35057526.921,35805902.895,-0.5187564540205155,7141948.05,304,9.123126395002348,21,8.747762212923827e-05,-4.058103030734836,10.911919717577263,0.00017349142617694214,81643143425.28174,41166000000.0
NOC,2025-09-24,NORTHROP GRUMMAN SYSTEMS CORP,1608239.72,20.735698909645794,0,0.8748370836175576,-2.3144362481283918,154826277.51000002,37503991.87612904,35856540.96,-0.8432930278783319,1608239.72,337,10.422839020162389,22,1.9691372532859922e-05,-4.705724011506746,10.912074795542127,3.90671845697906e-05,81672301781.7196,41166000000.0
NOC,2025-09-25,NORTHROP GRUMMAN SYSTEMS CORPORATION,113483759.18,20.838765758601284,0,0.8397515729858196,-8.616135729269624,224209966.4,43294292.84875,36636954.765,-1.1968443011974153,113483759.18,351,9.953632613066633,22,0.001367720136546615,-2.8640027590396953,10.918936472523134,0.00275673514988097,82972938796.1908,41166000000.0
NOC,2025-09-26,NORTHROP GRUMMAN SYSTEMS CORPORATION,20000000.0,19.0602984020482,0,0.9020455308531794,-8.212214320147936,309678442.89000005,50847278.86272727,37417368.57,-1.326906758420881,20000000.0,373,12.671099926313389,22,0.00024104243788660012,-3.6179064888880355,10.918936484552017,0.0004858378273332362,82972941094.33594,41166000000.0
NOC,2025-09-28,NORTHROP GRUMMAN SYSTEMS CORPORATION,390560.0,19.86465636092857,0,0.9020455308531794,-8.212214320147936,309678442.89000005,56410015.17852941,38884576.91500001,-1.326906758420881,390560.0,367,12.671099926313389,21,4.641757760052596e-06,-5.3333175278649225,10.925005289938035,9.487441092163436e-06,84140539034.84497,41166000000.0
NOC,2025-09-29,NORTHROP GRUMMAN SYSTEMS CORPORATION,1395996.9,19.86466882169457,0,0.9002126287165947,-7.916031370585543,309678442.89000005,54787141.60199999,37417368.57,-1.3201971432632942,1395996.9,361,11.84614217521658,21,1.6591252159935393e-05,-4.780120836059481,10.925005289938035,3.391140504299665e-05,84140539034.84497,41166000000.0
NOC,2025-09-30,NORTHROP GRUMMAN SYSTEMS CORPORATION,5604485.5,16.848952960123743,0,1.062651531619207,-10.0151716792626,309678442.89000005,54301726.65666666,38884576.91500001,-1.2683302082619887,5604485.5,390,12.807057573416849,22,6.660863003657593e-05,-4.176469498540618,10.925005248430237,0.0001361435529320313,84140530993.09326,41166000000.0
NOC,2025-10-02,NORTHROP GRUMMAN SYSTEMS CORPORATION,100000.0,17.681364138794,0,1.012464224976991,-10.050556675626709,309678442.89000005,58041631.9468421,38884576.91500001,-0.9368341147252814,100000.0,439,12.044927015853023,24,1.1670902974568795e-06,-5.932895541409506,10.932895541409506,2.4291891366661808e-06,85683173116.85535,41166000000.0
NOC,2025-10-06,NORTHROP GRUMMAN SYSTEMS CORPORATION,391084.11,15.110908691935744,0,1.0552889357420128,-8.847036182138137,309678442.89000005,56763894.65871794,37417368.57,-0.7938366371225278,391084.11,380,12.672787547705532,21,4.533453815014316e-06,-5.343570804327256,10.935840974972534,9.500172715347616e-06,86266260991.73462,41166000000.0
NOC,2025-10-07,NORTHROP GRUMMAN SYSTEMS CORPORATION,2327300.0,14.535010141568726,0,0.9355509264225504,-6.7195193120816334,309678442.89000005,55354574.395,36636954.765,-0.5146646196209407,2327300.0,381,12.36979437600303,22,2.658641589729654e-05,-4.575340205765134,10.942192575277398,5.653451877763203e-05,87537184740.8982,41166000000.0
NOC,2025-10-09,NORTHROP GRUMMAN SYSTEMS CORPORATION,1500759.59,16.51102175255823,0,1.0565604520064693,-9.69273829280444,309678442.89000005,52776918.21547619,35805902.895,0.0492112452473648,1500759.59,368,14.850172152449016,23,1.6622092685749075e-05,-4.7793143003677825,10.955625427588615,3.645628892775592e-05,90287042574.77002,41166000000.0
NOC,2025-10-22,NORTHROP GRUMMAN SYSTEMS CORPORATION,134172.0,29.69465893833032,0,1.4187387598490344,3.371684271292932,309678442.89000005,45239700.42625,35039467.22,2.858841655970415,134172.0,226,-0.9469663757557978,19,1.5861176197865802e-06,-5.799664610378927,10.927326503900053,3.236179450072359e-06,84591456728.19238,41460000000.0
NOC,2025-10-23,NORTHROP GRUMMAN SYSTEMS CORPORATION,1106715.9,27.711992229693784,0,1.4545413798207585,5.133827539979286,309678442.89000005,44529535.61408164,34416398.44,2.9137892539664905,1106715.9,218,-0.0080741875066348,19,1.3152486315416084e-05,-4.880992141394888,10.925028290821482,2.6693581765557163e-05,84144995361.28113,41460000000.0
NOC,2025-11-06,NORTHROP GRUMMAN SYSTEMS CORPORATION,129695.95,35.25467249915304,0,1.1879325383949877,8.478475197991386,309678442.89000005,37869889.24779662,27648398.290000003,2.340200168067698,129695.95,57,-5.584019013536756,19,1.6115297235837057e-06,-5.792761679807658,10.905688094441361,3.1282187650747707e-06,80480023484.50842,41460000000.0
NOC,2025-11-07,NORTHROP GRUMMAN SYSTEMS CORPORATION,224362.06,36.051540178207816,0,1.1483096813665503,8.304152398072873,309678442.89000005,37280482.181,26524337.770000003,2.340200168067698,224362.06,64,-6.528537730121553,19,2.780681924313194e-06,-5.555848686222491,10.906798105091285,5.411530631934395e-06,80685984987.44714,41460000000.0
NOC,2025-11-18,NORTHROP GRUMMAN SYSTEMS CORPORATION,210000.0,36.49563812389756,0,0.9437352588558908,6.747960264396081,309678442.89000005,33688417.785820894,18300000.0,1.0690521530605006,210000.0,70,-6.051410097550347,20,2.6354146609580057e-06,-5.57915104238778,10.9013703371217,5.065123010130246e-06,79683855110.55115,41460000000.0
NOC,2025-11-21,NORTHROP GRUMMAN SYSTEMS CORPORATION,10000000.0,36.51007979476584,3,0.8561821949041503,5.337881310879823,309678442.89000005,33145249.31114285,18658075.69,0.5486562582925713,10000000.0,86,-5.066726598407767,22,0.0001245403829367784,-3.9046898032438615,10.904689803243862,0.000241196333815726,80295240501.03809,41460000000.0
NOC,2025-11-24,NORTHROP GRUMMAN SYSTEMS CORPORATION,4600000.0,36.78524749051666,4,0.8030726527531852,2.7098148470847896,309678442.89000005,32882381.9156338,18300000.0,0.4023630357078906,4600000.0,77,-7.730579807918481,20,5.735427678679274e-05,-4.241434192136698,10.904192023818272,0.00011095031355523396,80203260466.51965,41460000000.0
NOC,2025-11-25,NORTHROP GRUMMAN SYSTEMS CORPORATION,36187101.0,35.858000049449835,5,0.8301059015891091,2.639490450649795,309678442.89000005,32777069.116944447,18658075.69,0.4023630357078906,36187101.0,87,-9.096463072839567,21,0.0004521018756076159,-3.3447636912308063,10.903317483785465,0.0008728196092619392,80041917435.89929,41460000000.0
NOC,2025-11-26,NORTHROP GRUMMAN SYSTEMS CORPORATION,126828536.13,36.41141382288895,6,0.7564795498836895,2.2382593124780072,309678442.89000005,34089952.374657534,19016151.38,0.2864449578188462,126828536.13,99,-8.268122499490527,22,0.001573785184473952,-2.803054547430816,10.90627152723427,0.0030590577937771343,80588213296.97119,41460000000.0
NOC,2025-12-09,NORTHROP GRUMMAN SYSTEMS CORPORATION,3233820.34,39.926949970268,14,1.186036727488932,-2.776114317909917,309678442.89000005,36323561.57839507,22398359.49,-0.4603872978033907,3233820.34,123,-7.408089603113965,20,4.111078197506255e-05,-4.386044262353079,10.89576015067733,7.799856102267245e-05,78661124518.66296,41460000000.0
NOC,2025-12-10,NORTHROP GRUMMAN SYSTEMS CORP,413473.34,38.735214238847874,15,1.1931601861528534,-3.540839621230841,917068772.34,47064356.83158537,22891168.115,-0.4979166622507613,413473.34,128,-8.220075404989636,20,5.284356827022996e-06,-5.277007864264391,10.893455376546783,9.972825373854318e-06,78244780497.3335,41460000000.0
NOC,2025-12-12,NORTHROP GRUMMAN SYSTEMS CORP,4981.0,35.228846081401535,17,1.223575963107188,5.992154160232175,917068772.34,46828830.24392858,23742274.83,-0.578029724607729,4981.0,141,-3.5228178748556105,21,6.258957857731715e-08,-7.203497972590527,10.90081451432291,1.2013989387361313e-07,79581938610.54602,41460000000.0
NOC,2025-12-18,NORTHROP GRUMMAN SYSTEMS CORP,9346660.02,37.70371256210796,21,1.2852225595558675,3.012395958576917,917068772.34,51739629.53113637,24750425.085,-0.5486676456678693,9346660.02,179,-6.500842637413773,21,0.00011658310546470007,-3.933364380409436,10.90402082614577,0.00022543801302460202,80171650795.74976,41460000000.0
NOC,2025-12-19,NORTHROP GRUMMAN SYSTEMS CORPORATION,775000.0,35.53808115211623,22,1.332643396906485,2.975825479379578,917068772.34,52106131.1994382,25400277.25,-0.4857122948806258,775000.0,199,-6.292636593598322,21,9.747440825974814e-06,-5.011109392614007,10.900411095120317,1.8692715870718766e-05,79508048711.08252,41460000000.0
NOC,2025-12-22,NORTHROP GRUMMAN SYSTEMS CORP,2259072.98,31.78255172407265,24,1.4722531790242588,7.117877646526582,917068772.34,55756909.93888889,25452094.83,-0.4572687274499206,2259072.98,199,-5.042449949901462,19,2.7966289545093274e-05,-4.553365150252915,10.907295411407597,5.448801205981669e-05,80778430630.11401,41460000000.0
NOC,2026-01-05,NORTHROP GRUMMAN SYSTEMS CORPORATION,1200000.0,26.03543027499704,35,1.526137019026749,8.056081546941884,917068772.34,53999034.55659793,24100572.92,-0.1641721172604381,1200000.0,159,-6.258342522261118,17,1.4419169241010233e-05,-4.8410597607288235,10.920241006776449,2.8943560057887122e-05,83222547703.16614,41460000000.0
NOC,2026-01-06,NORTHROP GRUMMAN SYSTEMS CORPORATION,163936.99,26.18199731543138,36,1.5059065818896944,6.969084790883475,917068772.34,53635769.42469388,23742274.83,-0.1068597483655881,163936.99,166,-6.834072122681656,18,1.8871779819040018e-06,-5.724187139096484,10.93886409596401,3.954100096478533e-06,86868854751.36877,41460000000.0
NOC,2026-01-09,NORTHROP GRUMMAN SYSTEMS CORPORATION,2579810.0,24.507900641755075,39,2.286659663117758,10.033774236464255,917068772.34,52375425.999405935,22398359.49,0.2423865399426926,2579810.0,172,-6.011239052969652,19,3.072975964705876e-05,-4.512440836566411,10.924028558424956,6.222407139411481e-05,83951518971.51013,41460000000.0
NOC,2026-01-13,NORTHROP GRUMMAN SYSTEMS CORPORATION,373718.0,23.178232082299854,40,2.299321303732007,0.8878994357814456,917068772.34,51582437.15873787,21964605.15,0.3770804089196274,373718.0,153,-0.4743504216526473,18,4.179044592655234e-06,-5.378922994675762,10.951467010674751,9.013941148094548e-06,89426660021.00525,41460000000.0
NOC,2026-01-14,NORTHROP GRUMMAN SYSTEMS CORPORATION,1486558.7,17.96549593833077,41,2.4599913633784687,6.369809517532433,917068772.34,51252480.23461538,21744830.59,0.5102098607760236,1486558.7,159,6.093164457093382,19,1.6724736540337216e-05,-4.776640714814486,10.948822777755211,3.5855250844187166e-05,88883833620.6178,41460000000.0
NOC,2026-01-16,NORTHROP GRUMMAN SYSTEMS CORPORATION,500000.0,15.53153340579816,43,2.407294733297319,9.00826489574049,917068772.34,50529185.39094339,20270603.705,0.7588357281147066,500000.0,155,8.382634149458013,19,5.375165980907611e-06,-5.269608120532486,10.968578124868504,1.20598166907863e-05,93020383328.80908,41460000000.0
NOC,2026-01-20,NORTHROP GRUMMAN SYSTEMS CORPORATION,2608259.92,17.21890311582861,43,2.4337079748146007,8.311710742239708,917068772.34,50092917.99457944,19016151.38,1.0693920219776527,2608259.92,100,8.87878983201389,17,2.7522929715004488e-05,-4.560305338919862,10.976656206730151,6.291027303424988e-05,94766797975.65564,41460000000.0
NOC,2026-01-23,NORTHROP GRUMMAN SYSTEMS CORPORATION,822552.0,14.492882362262849,46,2.3558714289735905,4.175244630430065,917068772.34,49027041.04099999,18349525.815,1.6172511965535898,822552.0,89,12.4987438584089,18,8.63391940401562e-06,-5.063792009716658,10.97895537238634,1.9839652677279306e-05,95269826078.92224,41460000000.0
NOC,2026-01-26,NORTHROP GRUMMAN SYSTEMS CORPORATION,2741391.39,16.568058844059586,47,2.42342397930059,2.5900265719238416,917068772.34,49476417.60819819,18399051.63,1.7607075185135426,2741391.39,96,10.405077857951706,18,2.8667695903673633e-05,-4.54260721101347,10.980578255448528,6.612135528219971e-05,95626498872.15747,41460000000.0
NOC,2026-01-27,NORTHROP GRUMMAN SYSTEMS CORPORATION,3669322.54,13.516200935087518,48,2.4360901324274047,4.5834170291429785,917068772.34,49194930.68910714,18489161.17,1.9156330411905824,3669322.54,105,15.018830543479368,19,3.906687822315252e-05,-4.40819129122277,10.97277717991671,8.746061257567812e-05,93924129771.53162,41954000000.0
NOC,2026-01-28,NORTHROP GRUMMAN SYSTEMS CORPORATION,69376.0,11.804716732009002,48,2.4336971213640117,7.348408809654817,917068772.34,49161730.03699116,18579270.71,2.040201167507302,69376.0,117,16.99026888208106,20,7.216335598499652e-07,-6.141683277962313,10.982892534148569,1.6536206321208943e-06,96137435756.7627,41954000000.0
NOC,2026-01-29,NORTHROP GRUMMAN SYSTEMS CORP,2516697.23,10.804608436524155,49,2.409096387672792,8.9259763386937,917068772.34,49901852.94605263,18797711.045,2.040201167507302,2516697.23,128,17.60495269730746,20,2.5928488030417486e-05,-4.586222807534215,10.987053778644965,5.9987062735376844e-05,97063015284.48505,41954000000.0
NOC,2026-01-30,NORTHROP GRUMMAN SYSTEMS CORPORATION,783548.72,11.299202388862284,50,2.398109776956001,10.858448826023892,917068772.34,51347902.54947826,19016151.38,2.040201167507302,783548.72,146,19.23275598251226,20,8.000367272433155e-06,-5.096890075416827,10.990956080904692,1.8676376984316155e-05,97939093708.84406,41954000000.0
NOC,2026-02-02,NORTHROP GRUMMAN SYSTEMS CORPORATION,200105.1,12.47552411389885,51,2.4043775870827115,9.020265147846573,917068772.34,51203098.642500006,20270603.705,2.223518559537088,200105.1,157,15.881841688646391,20,2.0522783640171127e-06,-5.687763733346997,10.989021890816954,4.769631024455356e-06,97503878376.57458,41954000000.0
NOC,2026-02-04,NORTHROP GRUMMAN SYSTEMS CORPORATION,1000000.0,11.704220901501362,53,2.3939377509213102,12.42883725849446,917068772.34,50436505.20533899,18797711.045,2.619125750733654,1000000.0,167,18.411340289858845,21,1.0014612355941195e-05,-4.999365856648378,10.999365856648378,2.3835629498975066e-05,99854089649.98505,41954000000.0
NOC,2026-02-09,NORTHROP GRUMMAN SYSTEMS CORP,13462428.0,10.38076472242564,56,1.7409143169811765,11.81900321114928,917068772.34,49392331.72115702,18399051.63,2.8783461735670266,13462428.0,156,21.75981010498596,19,0.00013403576523509308,-3.872779301846047,11.001902695456723,0.00032088544596462794,100439072932.41821,41954000000.0
NOC,2026-02-10,NORTHROP GRUMMAN SYSTEMS CORPORATION,97020008.0,12.47880602492919,57,1.8057688081122327,8.986748587547044,917068772.34,49102545.62508197,18349525.815,2.9801893856809087,97020008.0,158,21.553419683865997,20,0.0009813057020849154,-3.008195677587824,10.995056983688585,0.002312532964675597,98868281101.25928,41954000000.0
NOC,2026-02-18,NORTHROP GRUMMAN SYSTEMS CORPORATION,1856509.67,6.298003619600823,63,1.6918807817036867,16.219369798941166,917068772.34,49029448.4943307,18300000.0,3.546333924542284,1856509.67,147,24.931806956905447,20,1.8694581950781903e-05,-4.728284242117066,10.996981457794353,4.425107665538447e-05,99307364823.01233,41954000000.0
NOC,2026-02-24,NORTHROP GRUMMAN SYSTEMS CORPORATION,59622.48,5.536404118918892,67,1.7072421752992493,16.415119066223482,917068772.34,48939009.90742424,17240391.57,3.65830188572943,59622.48,146,26.60344540290049,21,5.784430944206769e-07,-6.237739359261385,11.013149395834127,1.4211393430900512e-06,103074063075.66553,41954000000.0
NOC,2026-02-25,NORTHROP GRUMMAN SYSTEMS CORPORATION,5111960.0,9.148015544404831,68,1.8273376272638384,13.695352951714,917068772.34,48923113.12616541,17266917.05,3.725176849557168,5111960.0,158,22.695210811145277,22,4.943554851871302e-05,-4.305960642708837,11.014548089610503,0.0001218467845735806,103406559716.13123,41954000000.0
NOC,2026-02-27,NORTHROP GRUMMAN SYSTEMS CORPORATION,1452.0,6.0244644720650165,70,1.8456460523014084,19.03280471907938,917068772.34,48423073.95377778,17266917.05,3.8027497672371977,1452.0,156,32.07599025504646,22,1.4374087192313446e-08,-7.84241972506813,11.004386341432205,3.46093340325118e-08,101015110077.83911,41954000000.0
NOC,2026-03-03,NORTHROP GRUMMAN SYSTEMS CORPORATION,1200000.0,0.0,72,2.248282748702924,28.54965597741181,917068772.34,49761454.71613138,18041186.52,3.863364928841718,1200000.0,123,37.85782665936748,21,1.0995902081827596e-05,-4.958769136190455,11.03795038223808,2.860275539877008e-05,109131564747.48743,41954000000.0
NOC,2026-03-06,NORTHROP GRUMMAN SYSTEMS CORPORATION,188747.72,0.0,74,2.207787304915496,29.37223023604752,917068772.34,49126818.39114286,18170593.26,3.929805259478965,188747.72,134,38.38653796886456,22,1.7950076796915528e-06,-5.7459336890129435,11.021815403235234,4.498920722696286e-06,105151483269.66138,41954000000.0
NOC,2026-03-10,NORTHROP GRUMMAN SYSTEMS CORPORATION,8401443.24,0.1795957777142698,76,2.215564422283871,24.59130540655532,917068772.34,48593066.25704225,17654051.785,4.019502127298889,8401443.24,126,33.98695183593734,21,7.911481858008818e-05,-4.1017421634705595,11.026096061119153,0.00020025368832530868,106193041844.55902,41954000000.0
NOC,2026-03-11,NORTHROP GRUMMAN SYSTEMS CORPORATION,797841.0,0.4255428024452667,77,2.161280878126317,24.783273172928013,917068772.34,48421019.48307692,18041186.52,4.049844998500969,797841.0,134,32.90806047729161,22,7.63946595510342e-06,-5.116937000175388,11.018853350545092,1.9017042475091767e-05,104436750512.25476,41954000000.0
NOC,2026-03-13,NORTHROP GRUMMAN SYSTEMS CORPORATION,1306550.2799999998,0.3066567628335459,79,2.0963664997965417,28.888710740540667,917068772.34,49260418.2897931,18300000.0,4.103879727260612,1306550.2799999998,151,30.256180186600663,22,1.2488017590959879e-05,-4.9035064981862355,11.01963262553422,3.114244839586213e-05,104624314506.55676,41954000000.0
NOC,2026-03-16,NORTHROP GRUMMAN SYSTEMS CORP,40339.0,0.0,80,2.0884766041621523,28.04118949836023,917068772.34,49751739.29924657,18349525.815,4.116407026202947,40339.0,150,30.9791036158278,20,3.8692148168950493e-07,-6.41237715779432,11.018102285685323,9.615054583591552e-07,104256294646.28967,41954000000.0
NOC,2026-03-23,NORTHROP GRUMMAN SYSTEMS CORPORATION,5007989.0,3.308817530285202,85,2.115533618729821,16.000500266291517,917068772.34,49506670.17470199,18399051.63,4.201414876895928,5007989.0,163,22.08028156869818,21,4.98536352695278e-05,-4.302303167945436,11.001966534225176,0.00011936857033894265,100453837978.41217,41954000000.0
NOC,2026-03-24,NORTHROP GRUMMAN SYSTEMS CORPORATION,3616715.0,2.9817025963072785,86,2.1154572521802573,14.161209668475816,917068772.34,49363410.25486842,18489161.17,4.1966665578554,3616715.0,167,22.644302902608224,22,3.743066472020338e-05,-4.426772460308688,10.985086747670264,8.620667874338561e-05,96624386102.54926,41954000000.0
NOC,2026-03-25,NORTHROP GRUMMAN SYSTEMS CORP,1342622.0,1.633360268647155,87,2.0204585665582133,16.180576547494297,917068772.34,50525057.64379085,18579270.71,4.166393115471642,1342622.0,178,24.692017684154745,22,1.3851272986581343e-05,-4.858510311390692,10.986464070581262,3.20022405491729e-05,96931307418.5086,41954000000.0
NOC,2026-03-26,NORTHROP GRUMMAN SYSTEMS CORPORATION,1673404.3,1.5188054731958722,88,2.0045128451703147,18.26479902355179,917068772.34,50947070.43655844,18797711.045,4.112600070654009,1673404.3,191,26.110962961658323,22,1.7037780820576822e-05,-4.768586972957896,10.992187853577395,3.988664489679173e-05,98217268881.5788,41954000000.0
NOC,2026-03-27,NORTHROP GRUMMAN SYSTEMS CORPORATION,96129279.29,3.4609640728245683,89,1.9826232098625616,16.913678829414955,917068772.34,53441013.390387096,19016151.38,4.065713421901621,96129279.29,196,26.00469478684998,22,0.0009776379392883242,-3.0098219530673007,10.992677639355769,0.002291301885159937,98328098191.42017,41954000000.0
NOC,2026-03-30,NORTHROP GRUMMAN SYSTEMS CORPORATION,10665926.0,4.60249804748758,90,1.3122046194952215,14.735853234889184,917068772.34,54998532.40775641,20270603.705,3.909303780361959,10665926.0,179,25.228449651991912,20,0.00011054801501566509,-3.956449051144814,10.984447617374931,0.00025422906039948513,96482293223.34369,41954000000.0
NOC,2026-03-31,NORTHROP GRUMMAN SYSTEMS CORPORATION,8761769.49,2.9696266636954016,91,1.398007382672228,12.80118722365806,1712567795.2,65549480.91980892,21525056.03,3.832828295411846,8761769.49,188,21.409449582916157,21,9.181417605104768e-05,-4.037090258826703,10.979682082133836,0.00020884229131906375,95429375580.61353,41954000000.0
NOC,2026-04-02,NORTHROP GRUMMAN SYSTEMS CORPORATION,544000.0,0.0,93,1.501252528886653,13.160027621027105,1712567795.2,64912949.21635221,21525056.03,3.743246132285548,544000.0,201,20.35931516009436,22,5.492730699067253e-06,-5.260211693309992,10.995810593008171,1.2966582447442437e-05,99039991181.86865,41954000000.0
NOC,2026-04-03,NORTHROP GRUMMAN SYSTEMS CORPORATION,5314.0,0.0,93,1.501252528886653,13.160027621027105,1712567795.2,64798727.80137501,21744830.59,3.669658529500685,5314.0,213,20.35931516009436,22,5.323501879726561e-08,-7.273802588247476,10.999224138321736,1.266625351575535e-07,99821510728.44086,41954000000.0
ONDS,2025-08-21,CONDOR SECURITY OF AMERICA INC,515.94,196.31579921516368,0,10.730466380875022,278.5773761134845,,,,,515.94,0,295.5684088631598,0,5.206564234402528e-07,-6.283448769263787,8.9960479685964,4.124803899128502e-05,990941390.0839081,12508231.0
PLTR,2025-08-26,PALANTIR USG INC,1062644.54,28.787218850139663,0,3.4838639417790405,67.17497413533805,7888965.54,2842931.115,1741879.46,,1062644.54,5,12.288746715254684,4,2.8499775653032506e-06,-5.545158558694419,11.571546573798003,0.00033300571281733086,372860668426.6758,3191070000.0
PLTR,2025-09-16,PALANTIR USG INC,2000000.0,21.684482180259312,0,2.906875024448349,61.40531682639396,23968566.46,7121922.859166667,5839606.37,,2000000.0,15,12.947064955254795,11,4.924066683523665e-06,-5.307676074325151,11.608706069989132,0.0006267490214880902,406168341848.85547,3191070000.0
PLTR,2025-09-24,PALANTIR TECHNOLOGIES INC.,14244448.96,15.38204248870887,0,2.3145679749110744,87.54858014509009,24234917.6,8740189.993529413,8065829.05,-0.2524144441515424,14244448.96,24,24.4227416761875,14,3.289170860713766e-05,-4.482913565879517,11.636559219296352,0.004463847223658522,433071116193.3645,3191070000.0
PLTR,2025-09-26,PALANTIR USG INC,5006058.0,16.675105102349107,0,2.22973657219692,108.19479162728804,54650960.86000001,12628026.257894738,8250000.0,-0.2524144441515424,5006058.0,30,27.43710431601154,14,1.1751922464962536e-05,-4.929891082530088,11.629386959550999,0.001568770976506313,425977793414.24194,3191070000.0
PLTR,2025-09-30,PALANTIR USG INC,13620731.13,13.5730702529143,0,2.2178552974221075,100.97822221081736,54650960.86000001,14190106.32142857,8250000.0,5.401791682150236,13620731.13,36,23.495997664791,14,3.233355443211577e-05,-4.4903465507115765,11.624546970858267,0.004268389953839935,421256845070.8597,3191070000.0
PLTR,2025-11-06,PALANTIR USG INC,3900000.0,10.922590564899458,0,3.4547143042166057,21.69686766297414,54650960.86000001,13134515.65962963,8065829.05,6.160357445476455,3900000.0,5,-9.284983842021832,5,8.70831810002529e-06,-5.060065715303604,11.651130322330102,0.0011743157277309842,447847673362.8591,3321083000.0
PLTR,2026-01-27,PALANTIR USG INC,2000000.0,0.0,24,2.234634039047832,-15.756235936188334,226999481.7,16563947.863333331,6945365.199999999,2.977296076967737,2000000.0,9,-18.13143392029606,6,5.010596328515992e-06,-5.300110584158284,11.601140579822264,0.000602213193708197,399154086434.3282,3321083000.0
PLTR,2026-01-30,PALANTIR USG INC,2000000.0,9.720990760620316,24,2.545241371218616,-30.81456418991355,226999481.7,16059186.31490196,7404730.399999999,2.977296076967737,2000000.0,14,-30.807234139894717,8,5.525645791389684e-06,-5.257616957960094,11.558646953624075,0.000602213193708197,361948643743.41406,3321083000.0
PLTR,2026-02-12,PALANTIR USG INC,11920528.04,24.556640793017426,27,4.2444988630044165,-25.128329589732544,226999481.7,17029373.814545453,7888965.54,2.0793404647799947,11920528.04,17,-27.481252694132703,10,3.686176497819489e-05,-4.433423874164705,11.509719367805415,0.0035893496308282567,323384624883.0309,3321083000.0
PLTR,2026-03-10,PALANTIR USG INC,16321745.74,6.417888704124564,32,2.7958420632955634,-14.421391352746904,226999481.7,15871574.068412695,7404730.399999999,-0.670055401005984,16321745.74,12,-18.3477862646235,10,4.3625889012902224e-05,-4.360255709844481,11.573022317981778,0.003646954010840484,374129813954.5739,4475446000.0
PLTR,2026-03-18,PALANTIR USG INC,600000.0,5.282445401413405,34,2.391389596364246,-15.265354362580483,226999481.7,16143331.863235291,7057729.845,-0.0153357898916305,600000.0,16,-15.794092686627646,12,1.617682025316741e-06,-5.7911068400918,11.569258090475444,0.00013406485074336726,370901073641.169,4475446000.0
PLTR,2026-03-26,PALANTIR TECHNOLOGIES INC.,4112500.0,10.2331298138709,39,3.045515296627481,-18.055194087488367,226999481.7,17456945.85561644,6710729.29,0.7841985877562175,4112500.0,21,-13.922378444983574,15,1.1096448232668762e-05,-4.954816008581949,11.56892191953998,0.0009189028311368297,370614084233.95306,4475446000.0
PLTR,2026-04-02,PALANTIR TECHNOLOGIES INC.,5694902.0,18.03178485992307,42,3.1888331423089027,-18.22699528415645,226999481.7,17809779.944675326,6770222.550000001,0.9157864935409618,5694902.0,24,-12.447175725486836,17,1.6254588023654143e-05,-4.78902403332387,11.544510288301689,0.0012724769777135061,350356588042.2571,4475446000.0
PSN,2025-08-25,PARSONS GOVERNMENT SERVICES INC.,60.27,12.032627772260753,0,1.4362180699528693,26.545670590009276,22866272.63,4344992.95875,1757875.135,,60.27,21,11.661565355017569,8,7.070377729072562e-09,-8.150557383760415,9.930658575228327,9.043531391722505e-09,8524297047.409058,6664432000.0
PSN,2025-08-27,PARSONS GOVERNMENT SERVICES INC.,210369.39,11.14016054966589,0,1.421960080152777,26.3349168632246,22866272.63,4225781.117000001,2196450.855,,210369.39,26,17.479655995338963,10,2.4651000110109934e-05,-4.6081654563668275,9.931148004010105,3.156598941965347e-05,8533908931.091309,6664432000.0
PSN,2025-08-28,PARSONS GOVERNMENT SERVICES INTERNATIONAL INC.,1138232.72,11.752189249467172,0,1.3963513581633276,19.441987804035037,22866272.63,5726773.112727273,2583178.19,,1138232.72,29,8.766417171197773,11,0.00013266379137934054,-3.877247595220987,9.933478661040123,0.00017079215753120446,8579829568.908691,6664432000.0
PSN,2025-09-02,AMENTUM PARSONS LOGISTICS SERVICES LLC,10000.0,10.6992274505338,0,1.3657482482539087,24.22233591399912,22866272.63,4795769.956153846,2583178.19,,10000.0,34,10.196871500313144,13,1.1690164938751307e-06,-5.932179361251829,9.93217936125183,1.500502968595073e-06,8554199237.045288,6664432000.0
PSN,2025-09-04,PARSONS GOVERNMENT SERVICES INC.,620055.0,20.82543852757437,0,1.9054562354058744,12.029049609495534,22866272.63,4464330.102142857,2196450.855,,620055.0,36,-2.2640567512138388,14,7.379365263059218e-05,-4.131980992459625,9.924411206372556,9.30394368192218e-05,8402551952.590942,6664432000.0
PSN,2025-09-05,PARSONS GOVERNMENT SERVICES INC.,200000.0,18.03040200201762,0,1.963156000324907,14.249689431464828,22866272.63,4238775.095333334,1809723.52,,200000.0,39,0.8191059093075834,15,2.5341872108846806e-05,-4.596161305138868,9.897191300802849,3.001005937190146e-05,7892076762.954712,6664432000.0
PSN,2025-09-11,PARSONS GOVERNMENT SERVICES INC.,3130824.16,17.332460848723528,0,1.836277539321216,11.950836485948166,22866272.63,4029777.379473685,1809723.52,,3130824.16,49,0.5150155051447438,19,0.0003921412401598872,-3.4065574820250872,9.902216158557307,0.00046978109462291764,7983919668.136597,6664432000.0
PSN,2025-09-12,PARSONS GOVERNMENT SERVICES INC.,1094959.89,16.53614945806108,0,1.76247145192038,12.843652196717102,22866272.63,3983110.2585,2196450.855,,1094959.89,49,2.016027661821472,19,0.00013473074434054288,-3.870533290884902,9.909931501503307,0.00016429905654375345,8127023237.045288,6664432000.0
PSN,2025-09-18,PARSONS GOVERNMENT SERVICES INC.,7151422.630000001,9.65246295087141,0,2.890478193989789,17.35442974803405,22866272.63,3744180.9929166655,2208821.31,-5.792928554846941,7151422.630000001,49,10.272984712614488,19,0.000807971167069627,-3.0926041370050954,9.946996581449719,0.0010730730885992986,8851086426.681519,6664432000.0
PSN,2025-09-24,PARSONS GOVERNMENT SERVICES INC.,2996703.0,10.685512510523877,0,2.903627456321736,10.165889668545994,38125571.36,6408885.819285714,2993852.785,-2.3976597171035925,2996703.0,60,5.103994218898889,20,0.0003501889131177258,-3.4556976076757957,9.932341310296875,0.0004496561747497761,8557389705.231972,6664432000.0
PSN,2025-09-26,PARSONS GOVERNMENT SERVICES INC.,356285.89,9.612081904070614,0,2.953107421183652,6.616932487373784,38125571.36,6809259.076,3124913.955,-1.578111799285609,356285.89,69,3.2516686517163764,20,4.1859509599828854e-05,-4.3782058638935535,9.9300044872087,5.346080356135377e-05,8511468323.59108,6664432000.0
PSN,2025-09-27,PARSONS GOVERNMENT SERVICES INC.,630000.0,9.063146353998498,0,2.953107421183652,6.616932487373784,101483072.7,9863253.063870968,3165213.3600000003,-1.578111799285609,630000.0,75,3.2516686517163764,20,7.24185735506514e-05,-4.140150033857339,9.93949058331092,9.45316870214896e-05,8699425701.327324,6664432000.0
PSN,2025-09-30,PARSONS GOVERNMENT SERVICES INTERNATIONAL INC.,212285.19,7.68210671399614,0,2.9627376191176387,4.739637700218232,108790458.0,12581251.605454544,3165213.3600000003,-1.1134307742751308,212285.19,78,3.913353873575743,20,2.4280001510592783e-05,-4.614751290576924,9.941670987401277,3.1853455778376915e-05,8743211564.768028,6664432000.0
PSN,2025-10-15,PARSONS GOVERNMENT SERVICES INC.,500000.0,2.9722981593847786,0,1.5603758446554794,2.551760310179961,108790458.0,12678643.738857144,3165213.3600000003,4.419649744374503,500000.0,67,6.0794743669974505,14,5.4213965564450156e-05,-4.265888824415228,9.964858828751247,7.502514842975366e-05,9222715859.174599,6664432000.0
PSN,2025-12-05,PARSONS GOVERNMENT SERVICES INC.,285379.77,9.122283108566688,12,5.046037468908775,-18.12506236042998,108790458.0,10652563.166875,3124913.955,4.715746174652795,285379.77,16,-16.973767583360512,11,3.163923168998649e-05,-4.499774071218943,9.955197254823204,4.348837616850914e-05,9019807206.327324,6562208000.0
PSN,2026-01-08,PARSONS GOVERNMENT SERVICES INC.,4783889.82,6.689167244345895,35,2.3761366216549904,-21.047998951763223,108790458.0,10818176.846875,3166608.4800000004,-1.511455884124963,4783889.82,31,-25.362499184404463,15,0.0006813013179301913,-3.166660770947207,9.846441939603764,0.0007290061241582102,7021694651.25,6562208000.0
PSN,2026-01-16,PARSONS GOVERNMENT SERVICES INC.,3387765.33,0.3587720875547484,35,1.9085418259788505,-12.908252868207482,108790458.0,10600649.526417913,3168003.600000001,-0.9542297930635382,3387765.33,31,-17.949494610514684,12,0.00043924785090526593,-3.357290354687004,9.887203673873467,0.0005162538782678026,7712650894.063568,6562208000.0
PSN,2026-01-29,PARSONS GOVERNMENT SERVICES INC.,784920.32,0.0,36,2.2051473560457566,-18.168991011250647,108790458.0,9774694.236216215,3124913.955,1.1584382210903452,784920.32,34,-16.779267181188807,14,0.00010249429035361505,-3.9893003271641754,9.884125899399015,0.00011961222807932938,7658185810.077324,6562208000.0
PSN,2026-02-11,PARSONS GOVERNMENT SERVICES INC.,246499.78,12.630706407222505,37,3.569445357479269,-31.747974658507538,108790458.0,10593990.928607594,3084614.55,1.7080202873135164,246499.78,33,-32.59386896661069,13,3.287542577810747e-05,-4.483128613806059,9.874945149813513,3.873197527750739e-05,7497995057.577324,6364245000.0
PSN,2026-02-24,PARSONS GOVERNMENT SERVICES INC.,5068251.31,4.900290693011766,40,3.825934197991474,-27.76802725075873,108790458.0,9875818.19116279,2918040.555,1.2504017747312994,5068251.31,35,-25.307630986688668,15,0.0007381906276296717,-3.1318314730858443,9.836689614388069,0.0007963633251076914,6865775749.922676,6364245000.0
PSN,2026-02-27,PARSONS GOVERNMENT SERVICES INC.,4558647.09,2.818182742956909,42,3.837556790958031,-19.350965943171328,108790458.0,10069243.94764045,2993286.86,0.9187920539031468,4558647.09,44,-21.322634732452563,16,0.0006455857153775761,-3.1900460876436814,9.848882060017157,0.0007162903203757868,7061257678.748108,6364245000.0
PSN,2026-03-03,PARSONS GOVERNMENT SERVICES INC.,85000.0,0.0,44,3.872978829569751,-15.736537176576858,108790458.0,10211353.125604397,3084614.55,0.6608604498573529,85000.0,39,-19.363269529466265,16,1.1762564513791078e-05,-4.929497981596003,9.858916907310297,1.3355865464010264e-05,7226315307.375473,6364245000.0
PSN,2026-03-05,PARSONS GOVERNMENT SERVICES INC.,2370000.0,0.0,44,3.881047452023386,-18.18975017894039,108790458.0,10003009.21172043,2993286.86,0.4506844754691007,2370000.0,45,-1.4552865693311046,18,0.0003354104747256074,-3.4744233786873076,9.849171724697412,0.0003723929547024038,7065968950.250732,6364245000.0
PSN,2026-03-09,PARSONS GOVERNMENT SERVICES INC.,100000.0,0.0,44,3.9006690773613135,-21.107142010239432,108790458.0,9849055.056842104,2993286.86,0.4506844754691007,100000.0,46,-3.600602107317419,18,1.4334698642831464e-05,-4.843611432758033,9.843611432758033,1.5712782898835606e-05,6976079685.498535,6364245000.0
PSN,2026-03-10,PARSONS GOVERNMENT SERVICES INC.,25000.0,2.545083895046907,45,4.03673261697225,-24.52536950997505,108790458.0,9776548.034479167,2963138.475,0.4506844754691007,25000.0,49,-10.254085776394897,19,3.7349282610755498e-06,-5.427717735513439,9.825657744185476,3.9281957247089014e-06,6693568993.156708,6364245000.0
PSN,2026-03-16,PARSONS GOVERNMENT SERVICES INC.,140000.0,15.665402884984548,49,2.5581186932015467,-35.950098490779524,108790458.0,9494281.72141414,2903091.02,0.144557488338848,140000.0,41,-13.57670698625232,17,2.380838284199916e-05,-4.62327010256437,9.769398138242607,2.1997896058369847e-05,5880281786.843292,6364245000.0
PSN,2026-03-17,PARSONS GOVERNMENT SERVICES INC.,117000.0,14.488738335003635,49,2.643653237657938,-33.82665177147766,108790458.0,9514559.5063,2918040.555,-0.0644266230910576,117000.0,44,-10.204357603086578,18,2.0785941215945747e-05,-4.68223030526233,9.75041616700849,1.8383955991637656e-05,5628804526.313416,6364245000.0
PSN,2026-03-18,PARSONS GOVERNMENT SERVICES INC.,825621.53,21.36567802492577,50,2.6671374433147506,-36.98866565976892,108790458.0,9421549.016138615,2903091.02,-0.1349905564167135,825621.53,46,-13.656040788942205,19,0.00014240051864492355,-3.8464884289279673,9.763269438596614,0.00012972811857494488,5797882885.937317,6364245000.0
RDW,2026-01-30,"REDWIRE SPACE TECHNOLOGIES, INC.",732500.0,120.42552866834276,2,10.944325079345338,21.47907664147144,2499551.03,923782.825,900894.11,32.75249227933782,732500.0,0,57.8679905971528,0,0.0003462404854356475,-3.4606221520201164,9.325429781046264,0.0021614364331135013,2115581599.5300264,338895000.0
SATL,2025-09-05,IRIDIUM SATELLITE LLC,4327484.69,18.28571047101701,0,3.3644026903934865,-17.786379447565448,8305503.36,3579922.7533333334,1489025.16,,4327484.69,3,-10.417452842607954,3,0.011450316805893729,-1.9411824971539542,8.577418037234539,0.31338146788326454,377935804.1667938,13809000.0
SATL,2025-11-24,IRIDIUM SATELLITE LLC,5903610.47,382.8767127761655,0,5.007278167365479,-71.7332239358885,8753782.24,1959913.653529412,945239.74,-13.177144161969888,5903610.47,4,-64.81635657960122,4,0.0320438559871659,-1.4942552287555237,8.265372923046373,0.43136127940961566,184235332.7378732,13686000.0
SATL,2026-02-11,IRIDIUM SATELLITE LLC,573179.0,233.54036259911496,14,11.66994925953777,-13.227610359921036,8753782.24,2041209.1465,1108956.85,3.694891377689373,573179.0,1,109.976680583967,1,0.0012084288325642995,-2.917778921205617,8.67606919164134,0.041880680987870816,474317547.34261656,13686000.0
SATL,2026-03-03,SATELLITE SERVICES INC,231640.92,244.23077452112253,18,7.666393132589608,-21.342088138752324,8753782.24,1916714.4728571428,945239.74,3.694891377689373,231640.92,2,94.01540588889274,2,0.0005114755662237476,-3.2911751082033462,8.65599038934005,0.01692539237176677,452887557.6798668,13686000.0
SPIR,2025-09-03,"CORESPHERE, LLC",235470.0,59.29705982846838,0,4.662084097093655,-29.741244890620155,1405055.04,947423.8,947423.8,,235470.0,2,-30.66373946574267,2,0.0008280939514940126,-3.0819203874896415,8.453855971292604,0.0023664850957769695,284351793.14517975,99502000.0
TXT,2025-08-20,BELL TEXTRON INC,9319535.0,14.671498787234682,0,1.9953431809099669,-1.417162798290807,5966119.33,2560941.796666667,2637584.52,,9319535.0,6,-1.7502209220691114,3,0.0006569287665952339,-3.1824817201690294,10.151875963856478,0.0007238473786407767,14186522913.742676,12875000000.0
TXT,2025-08-21,BELL TEXTRON INC,177396.36,14.397364149107394,0,1.210901751274735,-1.1883367462519834,10897811.0,113891.59750000016,4301851.925,,177396.36,9,-1.4165585045989415,4,1.2566072817190675e-05,-4.900800427986905,10.149745132275552,1.3778358058252426e-05,14117088336.247559,12875000000.0
TXT,2025-08-28,TEXTRON AVIATION DEFENSE LLC,2818728.37,13.004011764806368,0,1.337491157638495,-6.608794689715447,10897811.0,642400.055,1997490.44,,2818728.37,15,-1.1423084836073016,8,0.00019332840812978313,-3.713704325032433,10.163757551633383,0.00021893035883495146,14580000928.305176,12875000000.0
TXT,2025-09-11,BELL TEXTRON INC,5798325.62,17.17609724998297,0,1.347530528145526,-5.053335826338847,103000000.0,11624291.281875,2325921.21,,5798325.62,30,-2.966851727950571,16,0.0004019608396913895,-3.395816255209947,10.159118855845753,0.00045035538796116503,14425100774.62207,12875000000.0
TXT,2025-09-22,BELL TEXTRON INC,355930.8,15.39367653021344,0,1.256920627272727,-4.277421649551739,103000000.0,9064930.916666666,2014257.9,2.858093818707852,355930.8,30,-5.236360712269206,16,2.3815902725067818e-05,-4.623132952213051,10.17449852294035,2.764511067961165e-05,14945089594.49852,12875000000.0
TXT,2025-09-26,BELL TEXTRON INC,6695674.0,15.393677937833882,0,1.1977381639718825,5.836554524257085,182085388.54,15203131.5276,2210009.99,3.9347540777636025,6695674.0,42,-5.047040459640884,18,0.00045655985332097567,-3.3405022799849022,10.166296580488673,0.0005200523495145631,14665490080.427055,12875000000.0
TXT,2025-09-30,BELL TEXTRON INC,5451568.01,14.027922076396536,0,1.1705364828114715,3.786324845515402,182085388.54,15311122.115555556,2637584.52,3.4578997809071206,5451568.01,45,-3.768629102998533,17,0.00036429571358450387,-3.438545938770571,10.175067373184433,0.0004234227580582524,14964677888.628044,12875000000.0
TXT,2025-10-23,BELL TEXTRON INC,896223.59,26.83176556720817,0,1.737522316579547,-7.252294810439963,182085388.54,12948937.207027026,2210009.99,3.658283080046619,896223.59,41,-4.328453272428123,15,6.094084324974742e-05,-4.215091540658497,10.16750791169278,6.960959922330097e-05,14706452064.128838,12875000000.0
TXT,2025-12-17,TEXTRON AVIATION DEFENSE LLC,510822.59,15.244736223949973,16,1.0800774356803888,-0.6004222293564787,587993428.5,27326736.874,2112133.945,1.1321122227531977,510822.59,27,4.126072291278415,13,3.3218139840739614e-05,-4.4786246909550975,10.186894785684718,3.967554097087379e-05,15377820445.367432,12875000000.0
TXT,2025-12-23,TEXTRON AVIATION DEFENSE LLC,1034186.0,11.348064678658677,19,1.0490309827981186,-0.5354579984224959,587993428.5,27313741.59983871,2227469.21,1.5587181339299374,1034186.0,28,3.759753591163517,13,6.388476936002889e-05,-4.194602668779274,10.2092013231166,8.032512621359223e-05,16188302945.444527,12875000000.0
TXT,2026-01-21,TEXTRON AVIATION DEFENSE LLC,1057512.62,4.620020455801277,34,1.569383494899354,14.818023936506174,587993428.5,23244754.9756,1879773.0,3.032355802474658,1057512.62,17,18.898898932717387,14,6.372693137423398e-05,-4.195676993481894,10.219962552284207,8.213690252427186e-05,16594438131.49887,12875000000.0
TXT,2026-02-05,BELL TEXTRON INC,2608166.88,8.529887100301025,40,2.3991601872662014,9.98671853396804,587993428.5,22067768.453580245,1879773.0,3.016081020975712,2608166.88,23,11.926836338498047,15,0.00016138063211635888,-3.7921485877658117,10.208483963454713,0.00020257606834951454,16161585475.259857,12875000000.0
TXT,2026-03-26,BELL TEXTRON INC,366958.14,8.167966618892297,61,1.418830813937071,6.044545572746108,587993428.5,19705907.88989796,1947015.45,3.058762003441742,366958.14,22,6.151280806379778,12,2.323269086406165e-05,-4.633900486293852,10.198517012115774,2.8501603106796116e-05,15794904780.816536,12875000000.0
VSEC,2025-08-20,VSE CORPORATION,196384.75,14.619573014739816,0,3.77171097420786,26.09419745110757,19293.0,19293.0,19293.0,,196384.75,1,15.682065775874944,1,5.9055665001930065e-05,-4.228738435712254,9.521846195904569,0.0001693785291730598,3325417637.640381,1159443000.0
VSEC,2025-12-08,VSE CORPORATION,35225.35,36.17516376439986,4,2.5274849412901377,9.58187493368925,7889242.2,1539658.2028571428,196384.75,0.7865613941847555,35225.35,1,-2.4865411931510373,1,8.90135395685981e-06,-5.050543929167441,9.597399246131618,3.0382422272228972e-05,3957302470.0195923,1159399000.0
VSEC,2026-03-20,VSE CORPORATION,1507074.15,34.27907853641592,9,2.660699277737506,9.375846232808504,7889242.2,1663178.771333333,946923.2,4.800087339904353,1507074.15,6,4.167212384839525,5,0.00029473006457098055,-3.5305755607523563,9.708710181443635,0.0013549474275696208,5113404878.439362,1112275000.0
WWD,2025-09-17,COUNTY OF WOODWARD,72000.0,41.63251607512719,0,0.9428761167896896,10.235897448694931,5812499.8,1640667.2514285713,1175188.56,,72000.0,9,-11.453622349490066,7,5.007633861469226e-06,-5.300367432544542,10.157699928975811,2.122637128991774e-05,14378047994.682144,3392007000.0
WWD,2026-02-11,WOODWARD HRT INC,7507277.9,11.797958928428788,14,3.298147815353577,49.507569576599366,7843071.0,1315152.214347826,655114.55,5.267549822801556,7507277.9,9,44.8690292101368,6,0.000320135560255547,-3.4946660822913618,10.370148574913133,0.0019803977426359077,23450309281.50357,3790793000.0
WWD,2026-02-25,WOODWARD HRT INC,28634.15,10.98945088212504,15,3.2573199137873674,52.96604612372408,7843071.0,1703320.775,1096094.28,7.10500254278503,28634.15,9,29.831953589944103,6,1.210077741237635e-06,-5.917186727612507,10.374071023293437,7.55360421948653e-06,23663066449.527252,3790793000.0
WWD,2026-03-17,WOODWARD HRT INC,2560400.0,18.946836468899164,15,2.3851325384805016,52.45937193781489,7843071.0,1582976.4503448275,1017000.0,8.11966754342368,2560400.0,5,27.483583087384567,4,0.00011620004000919968,-3.934793722412369,10.343101540936122,0.0006754259596870628,22034415821.176056,3790793000.0
