ticker,award_date,company,sector_group,peak_pct,transaction_amount_abs_sum,log10_market_cap_before,prior_abs_award_max,prior_response_count_60d,prior_abs_award_median,pre_volatility_market_20d,prior_transactions_30d,prior_response_mean_20d,relative_strength_spy_60d,prior_abs_award_max_adj,prior_abs_award_median_adj,prior_response_count_60d_adj,log10_mcap_x_prior_abs_award_max_adj,relative_strength_spy_120d,prior_signed_award_mean
ACN,2025-08-19,ACCENTURE FEDERAL SERVICES LLC,TECH_SERVICES,7.339369528064132,13.882494754747606,11.18195323669529,17.05837847421271,0.0,15.849142453720232,2.0322580652593905,3.1780538303479458,,-28.78791905881173,-0.5968645647383601,0.01873572115851818,,-6.674111651544831,-36.13908675886539,8867141.426666668
ACN,2025-08-25,ACCENTURE FEDERAL SERVICES LLC,TECH_SERVICES,7.268111068414762,13.00844227985584,11.199195711906802,17.05837847421271,0.0,15.396749659898683,2.058109112062746,3.7612001156935624,,-28.215545447940805,-0.5968645647383601,-0.1777360053625454,,-6.684403074006962,-37.24956631330242,7761660.723
ACN,2025-08-27,ACCENTURE FEDERAL SERVICES LLC,TECH_SERVICES,7.315646131764031,14.348785286366931,11.19278212273753,17.05837847421271,0.0,15.478606223848143,2.0320543381334844,3.9512437185814275,,-27.24782732104152,-0.5968645647383601,-0.14218614430973453,,-6.6805750298990345,-37.61398469340037,8270161.792499999
ACN,2025-09-02,ACCENTURE FEDERAL SERVICES LLC,TECH_SERVICES,10.01287403127884,17.375556304319268,11.200450424269064,17.09417611580266,0.0,15.61774920333069,1.7360484041662745,4.343805421853684,,-26.64933138155078,-0.581317845934306,-0.08175710543167547,,-6.511021714130076,-36.93005122582306,8586747.517333332
ACN,2025-09-03,ACCENTURE FEDERAL SERVICES LLC,TECH_SERVICES,10.887276425651148,11.264476926102367,11.19405552744473,17.40790002172104,0.0,16.06530599389414,1.3951413814475238,4.406719247264253,,-27.352034520694435,-0.4450692803464493,0.11261436489256305,,-4.982130237758019,-36.73007813088457,10320123.20125
ACN,2025-09-05,ACCENTURE FEDERAL SERVICES LLC,TECH_SERVICES,13.175139070162434,11.156264806643742,11.190616966878942,17.40790002172104,0.0,16.391322950734246,1.2819016141175692,4.553876891600541,,-27.79888369641808,-0.4450692803464493,0.2542017429924526,,-4.9805998400815765,-34.92326676735609,10473543.066666666
ACN,2025-09-08,ACCENTURE FEDERAL SERVICES LLC,TECH_SERVICES,12.90058141359398,14.678395086936256,11.19405444957005,17.59301148797514,0.0,16.408942249013062,1.2440570742934236,4.6443908991413725,,-27.751569912235777,-0.36467638999464747,0.2618537075871039,,-4.082207366072726,-35.83623640134678,12222655.43631579
ACN,2025-09-11,ACCENTURE FEDERAL SERVICES LLC,TECH_SERVICES,18.18144590667652,15.511644478164358,11.171330032979313,17.625694629679643,0.0,16.415047522878066,1.3633932032540883,4.820281565605037,,-31.37857178714316,-0.35048228158161,0.2645051945348129,,-3.915353238259752,-35.04113557788543,13988039.111363636
ACN,2025-09-15,ACCENTURE FEDERAL SERVICES LLC,TECH_SERVICES,21.30156161677609,13.775163169550721,11.16308840985144,17.625694629679643,0.0,16.408942249013062,1.4490131883930413,4.795790545596741,,-32.92350086054798,-0.35048228158161,0.2618537075871039,,-3.9124646953819595,-37.25551810375738,13354777.726
ACN,2025-09-16,ACCENTURE FEDERAL SERVICES LLC,TECH_SERVICES,21.84451743206337,12.793862088206213,11.161866883777328,17.625694629679643,0.0,16.391322950734246,1.4291153766129625,4.836281906951478,2.2028835629630983,-27.66022740029037,-0.35048228158161,0.2542017429924526,,-3.9120365721364934,-37.60208428159601,13272359.425384616
ACN,2025-09-18,ACCENTURE FEDERAL SERVICES LLC,TECH_SERVICES,20.450838684981896,13.702153185845809,11.167976349826851,17.625694629679643,0.0,16.415047522878066,1.351092841135355,4.948759890378168,-0.5051457535977096,-29.08613148732302,-0.35048228158161,0.2645051945348129,,-3.9141778317367755,-38.71185038615727,14621518.98535714
ACN,2025-09-19,ACCENTURE FEDERAL SERVICES LLC,TECH_SERVICES,20.375469884725028,14.846459572981207,11.164923194857447,17.625694629679643,0.0,16.408942249013062,1.3532487535544169,4.962844630259907,-1.3039231328670935,-27.851007048031303,-0.35048228158161,0.2618537075871039,,-3.9131077550170765,-40.57915666773424,14353322.47413793
ACN,2025-09-22,ACCENTURE FEDERAL SERVICES LLC,TECH_SERVICES,20.230007873239607,12.146208940393201,11.165195027742502,17.625694629679643,0.0,16.415047522878066,1.2416964009325844,4.912654885736052,-2.5176859205332285,-27.824903310860616,-0.35048228158161,0.2645051945348129,,-3.9132030276268392,-42.214374768026346,14489383.538333332
ACN,2025-09-23,ACCENTURE FEDERAL SERVICES LLC,TECH_SERVICES,22.522295660665947,15.025059029328984,11.165720147595966,17.625694629679643,0.0,16.4211157484497,1.2729839078560323,4.997212273764115,-2.975363592939075,-28.048989669876743,-0.35048228158161,0.26714059161075543,,-3.9133870728311853,-43.05350484063749,14537583.948387096
ACN,2025-09-25,ACCENTURE FEDERAL SERVICES LLC,TECH_SERVICES,24.071218418292297,14.22107486781845,11.164070267264233,18.432709894344327,0.0,16.486060804345517,1.4247621188669428,5.135798437050262,-3.614555654381295,-29.603097151269708,0.0,0.29534587303019766,,0.0,-45.39895680199318,17961345.226969697
ACN,2025-09-30,ACCENTURE FEDERAL SERVICES LLC,TECH_SERVICES,17.00729453138756,15.946267402726967,11.19023219199746,18.432709894344327,0.0,16.5663205915653,1.7352845313184522,5.241747015059643,-4.531040986910165,-25.165536686465373,0.0,0.33020225805675807,,0.0,-46.43897111498059,19784949.042894736
ACN,2025-10-22,ACCENTURE FEDERAL SERVICES LLC,TECH_SERVICES,15.814405783931296,13.932450206958979,11.182455698801574,18.432709894344327,0.0,16.37338763648207,2.029157677126188,4.74493212836325,-2.7956262333309163,-16.084216143205754,0.0,0.24641253438348887,,0.0,-36.94788028599941,17280731.926382978
ACN,2025-10-28,ACCENTURE FEDERAL SERVICES LLC,TECH_SERVICES,13.88987376194899,7.249996556923266,11.1829062029585,18.432709894344327,0.0,16.158296305446832,1.7155883377984258,3.8501476017100584,-2.307697666874093,-11.255087857160472,0.0,0.1529995481358446,,0.0,-39.95654137152491,16359105.3612
ACN,2025-10-31,ACCENTURE FEDERAL SERVICES LLC,TECH_SERVICES,15.369858354689692,13.567485001125984,11.180265802224175,18.432709894344327,0.0,15.993103322814633,1.7753452314743208,3.367295829986474,-1.673966770743328,-4.710474178759494,0.0,0.08125713983609018,,0.0,-39.627152531602185,15576645.385849057
ACN,2025-11-07,ACCENTURE FEDERAL SERVICES LLC,TECH_SERVICES,17.407236338374577,12.575864288222716,11.166259922207452,18.432709894344327,0.0,15.913914212655142,1.7274264059971622,3.4657359027997265,-1.1611090514435551,-4.4853516370185975,0.0,0.046865742211512185,,0.0,-36.11210028743916,14770113.798571426
ACN,2025-11-12,ACCENTURE FEDERAL SERVICES LLC,TECH_SERVICES,17.04051848151982,11.951186847493476,11.168449808632044,18.432709894344327,0.0,15.900085623036588,1.708002917816582,3.5263605246161616,-1.212408581278294,-10.760013598736885,0.0,0.04086006130594466,,0.0,-39.5775868114347,14378337.546724137
ACN,2025-11-18,ACCENTURE FEDERAL SERVICES LLC,TECH_SERVICES,20.22499928784962,2.822568654544802,11.168138338660231,18.432709894344327,0.0,15.70819937094309,1.3664436048095,3.58351893845611,-1.2690477178951636,-9.294121888917903,0.0,-0.042475090555996076,,0.0,-36.59663671762779,13484680.395
ACN,2025-11-20,ACCENTURE FEDERAL SERVICES LLC,TECH_SERVICES,19.830570815207203,11.94248801672094,11.167688214172806,18.432709894344327,1.0986122886681096,15.61774920333069,1.3679156750735846,3.6635616461296463,-1.1121776061136546,-7.543319419199923,0.0,-0.08175710543167547,-1.3423104890134838,0.0,-33.771163949693474,13270260.787142858
ACN,2025-11-21,ACCENTURE FEDERAL SERVICES LLC,TECH_SERVICES,14.568204426009835,11.51293546492023,11.167165441931404,18.432709894344327,1.3862943611198906,15.70819937094309,1.7217077641358487,3.7612001156935624,-1.0258071596821796,-3.5259223849747223,0.0,-0.042475090555996076,-1.1662192299578027,0.0,-30.301534243499685,13162694.163125
ACN,2025-11-24,ACCENTURE FEDERAL SERVICES LLC,TECH_SERVICES,18.43854600006316,15.886503557254422,11.186668963371869,18.432709894344327,1.791759469228055,15.791142616624144,1.8535318668158247,3.713572066704308,-1.0258071596821796,-10.247628710000134,0.0,-0.0064532914372845696,-0.9443704803414462,0.0,-35.47742680044402,13222344.18753846
ACN,2025-11-25,ACCENTURE FEDERAL SERVICES LLC,TECH_SERVICES,15.772592119786877,13.69692661917058,11.172239955969935,18.432709894344327,1.9459101490553132,15.83478781689445,1.91621857401614,3.8501476017100584,-1.0932462492995023,-8.428839323163483,0.0,0.012501580773675691,-0.8651892342938214,0.0,-35.05422675935283,13351159.613787878
ACN,2025-12-10,ACCENTURE FEDERAL SERVICES LLC,TECH_SERVICES,5.995157439287224,14.52155559738321,11.216134087955892,18.432709894344327,2.833213344056216,15.791142616624144,1.974980049987324,4.110873864173311,-0.7737534325361118,10.486827369401276,0.0,-0.0064532914372845696,-0.4392205020215403,0.0,-20.149699700463287,12292016.0868
ACN,2025-12-12,ACCENTURE FEDERAL SERVICES LLC,TECH_SERVICES,6.252777757706229,12.668027060342693,11.217485509065268,18.432709894344327,2.9444389791664403,15.876607510618342,1.978676693910348,4.3694478524670215,-0.4149979440385791,10.13268121956188,0.0,0.0306636453541671,-0.38806797957415906,0.0,-21.913634776651904,12383652.64974026
ACN,2025-12-16,ACCENTURE FEDERAL SERVICES LLC,TECH_SERVICES,6.065289135555818,16.04442772304785,11.249713156813778,18.432709894344327,3.044522437723423,15.876607510618342,1.922076781497332,4.406719247264253,-0.2317278230264949,11.550697804903898,0.0,0.0306636453541671,-0.3423104890134838,0.0,-18.91753815690952,12260006.27898734
ACN,2025-12-23,ACCENTURE FEDERAL SERVICES LLC,TECH_SERVICES,6.562780778952049,11.695255355062795,11.216070804619395,18.432709894344327,3.295836866004329,15.936542224077034,1.5052997993178556,4.574710978503383,0.709745071238196,5.658801225094456,0.0,0.05669296390027778,-0.2283671367066471,0.0,-21.3592777342566,13226626.37654762
ACN,2025-12-29,ACCENTURE FEDERAL SERVICES LLC,TECH_SERVICES,6.33892157144087,13.765311391116617,11.216744144861686,18.747655799277638,3.4339872044851463,15.949879035727363,1.4375251973789265,4.532599493153256,1.1575211051089602,7.962610800701818,0.13677926976987465,0.062485068296107116,-0.1662192299578027,1.5342180733296984,-19.16023540966737,14701527.485882357
ACN,2026-01-08,ACCENTURE FEDERAL SERVICES LLC,TECH_SERVICES,2.384489512087784,12.712893259942282,11.22134953349867,19.04342565625646,3.713572066704308,15.92302513484529,1.5941682042791598,4.543294782270004,1.3085004776811076,11.409166673358053,0.26523048737093546,0.05082256592685219,-0.04128049334950257,2.9762440057294715,-10.717705998593551,16005276.558021978
ACN,2026-01-13,ACCENTURE FEDERAL SERVICES LLC,TECH_SERVICES,4.241328197621463,14.310901070933516,11.23227508524293,19.04342565625646,3.7376696182833684,15.876607510618342,1.6202131230002308,4.276666119016055,1.4010948967786805,12.955346819505298,0.26523048737093546,0.0306636453541671,-0.03055662795772962,2.979141795143398,-13.248956631946008,15739346.034301076
ACN,2026-01-15,ACCENTURE FEDERAL SERVICES LLC,TECH_SERVICES,0.0,10.308985993422082,11.243836642798664,19.04342565625646,3.7612001156935624,15.876607510618342,1.8380360036438583,4.356708826689592,1.4558840168370044,15.400810826328136,0.26523048737093546,0.0306636453541671,-0.020091194279564517,2.9822082726886725,-7.646398374268615,17148156.80094737
ACN,2026-01-20,ACCENTURE FEDERAL SERVICES LLC,TECH_SERVICES,4.539618371316823,13.45542865979947,11.240315414600698,19.04342565625646,3.784189633918261,15.92302513484529,2.128722482064596,4.0943445622221,1.5608551059445577,7.696191018760468,0.26523048737093546,0.05082256592685219,-0.009872029097878432,2.9812743356175817,-9.493025450067416,17285727.046804123
ACN,2026-01-23,ACCENTURE FEDERAL SERVICES LLC,TECH_SERVICES,0.0,14.824198503801632,11.23861260274919,19.04342565625646,3.828641396489095,15.936542224077034,2.262877557635325,4.174387269895637,1.6090796579104196,11.203309752258429,0.26523048737093546,0.05669296390027778,0.009872029097878654,2.9808226980003054,-1.430581416705378,16879025.9966
ACN,2026-01-29,ACCENTURE FEDERAL SERVICES LLC,TECH_SERVICES,2.1323064221850485,15.183360998377996,11.215685476636168,19.04342565625646,3.8918202981106265,15.876607510618342,2.4684369389745062,4.343805421853684,1.6786480505955366,2.389111481490458,0.26523048737093546,0.0306636453541671,0.0379007526981221,2.974741725167333,-2.335436192448981,16591552.312761905
ACN,2026-01-30,ACCENTURE FEDERAL SERVICES LLC,TECH_SERVICES,1.194809116440232,12.94323910384853,11.20063708115554,19.04342565625646,3.912023005428146,15.900085623036588,2.476578244463872,4.394449154672439,1.6786480505955366,4.556052470759409,0.26523048737093546,0.04086006130594466,0.04685559535104855,2.9707504318998557,0.9957005957085272,16613240.610471696
ACN,2026-02-03,ACCENTURE FEDERAL SERVICES LLC,TECH_SERVICES,0.1824031217456223,12.899222326086994,11.209800170009744,19.04342565625646,3.9318256327243257,15.92302513484529,3.2009234938852584,4.48863636973214,1.5988261055921786,-4.731591562865656,0.26523048737093546,0.05082256592685219,0.05562951965855367,2.97318076242248,-6.4993401665703,16856407.76293578
ACN,2026-02-05,ACCENTURE FEDERAL SERVICES LLC,TECH_SERVICES,3.116703934027898,14.146089031865731,11.166817414222477,19.04342565625646,3.970291913552122,15.876804833306657,3.050879323885601,4.574710978503383,1.560920800150168,-6.245575545556692,0.26523048737093546,0.030749341519765494,0.07266285895733415,2.9617804251564768,-10.778617410813972,16517603.237207206
ACN,2026-02-12,ACCENTURE FEDERAL SERVICES LLC,TECH_SERVICES,0.981754541096036,13.09945953550931,11.14616962178104,19.04342565625646,4.02535169073515,15.876607510618342,3.031410572374453,4.634728988229636,1.06743450217849,-11.134605529931465,0.26523048737093546,0.0306636453541671,0.09702220481677881,2.9563040011041006,-20.38387666704561,16115720.927739132
ACN,2026-02-17,ACCENTURE FEDERAL SERVICES LLC,TECH_SERVICES,1.6917577589181445,14.331997108406913,11.134324328513037,19.04342565625646,4.07753744390572,15.864141094461104,3.065767801556265,4.48863636973214,0.7146736117239887,-12.134424733463325,0.26523048737093546,0.025249548914363373,0.12008750888547226,2.9531622681975764,-21.0169423464976,15809701.935677968
ACN,2026-02-20,ACCENTURE FEDERAL SERVICES LLC,TECH_SERVICES,0.0,12.225880174775122,11.115968084220118,19.04342565625646,4.110873864173311,15.876607510618342,2.888651624670852,4.6443908991413725,-0.011507243051613,-19.41472109956696,0.26523048737093546,0.0306636453541671,0.13481076570617856,2.9482936325774656,-22.78678026838512,15600202.57305785
ACN,2026-02-25,ACCENTURE FEDERAL SERVICES LLC,TECH_SERVICES,12.271551426189852,12.222329779299443,11.077501198717853,19.04342565625646,4.1588830833596715,15.836199569994093,3.106281269021978,4.59511985013459,-0.4297950478189181,-25.01869276566057,0.26523048737093546,0.013114697435996803,0.1560000647761166,2.938091041788058,-32.94383810958506,15277100.287177416
ACN,2026-02-26,ACCENTURE FEDERAL SERVICES LLC,TECH_SERVICES,3.67441773145245,9.18512512283512,11.06579938201768,19.04342565625646,4.1588830833596715,15.851517302799657,3.832727198419773,4.634728988229636,-0.6701215805686402,-18.21084276624666,0.26523048737093546,0.019767105143871255,0.1560000647761166,2.9349873632415457,-24.81114484060828,15249635.330479998
ACN,2026-02-27,ACCENTURE FEDERAL SERVICES LLC,TECH_SERVICES,3.008812686830864,14.756689395513904,11.10039750110325,19.04342565625646,4.174387269895637,15.836199569994093,3.819743020923706,4.6443908991413725,-0.9449078194885268,-20.06046511246332,0.26523048737093546,0.013114697435996803,0.162839489306422,2.9441638392287293,-24.727819712973663,15167186.737460312
ACN,2026-03-02,ACCENTURE FEDERAL SERVICES LLC,TECH_SERVICES,4.404416402783529,11.728044909070785,11.103194692225728,19.04342565625646,4.189654742026425,15.851517302799657,3.791670303956364,4.477336814478207,-1.507472683279124,-22.1148926503558,0.26523048737093546,0.019767105143871255,0.1695728719653904,2.9449057395934135,-25.817330705967944,15206075.0919685
ACN,2026-03-06,ACCENTURE FEDERAL SERVICES LLC,TECH_SERVICES,0.0,12.640944440751092,11.114044413122718,19.04342565625646,4.219507705176107,15.82064354949135,3.24738444605898,4.564348191467836,-2.347081736104782,-17.969563215822117,0.26523048737093546,0.0063588026686902666,0.18273431802336138,2.9477834163547607,-12.7320861834902,14858413.917251907
ACN,2026-03-09,ACCENTURE FEDERAL SERVICES LLC,TECH_SERVICES,0.0,16.044532175154934,11.116069106010032,19.04342565625646,4.23410650459726,15.823079410459865,3.182782476961305,4.499809670330265,-2.6953487727970926,-21.91910622664074,0.26523048737093546,0.007416683788261658,0.18916842802877132,2.9483204266360397,-15.200838373703572,14856113.444015147
ACN,2026-03-11,ACCENTURE FEDERAL SERVICES LLC,TECH_SERVICES,1.0274089602750005,14.524639177311055,11.088185800776778,19.04342565625646,4.2626798770413155,15.823079410459865,3.2015709189921284,4.574710978503383,-2.866433478833766,-23.90678138498431,0.26523048737093546,0.007416683788261658,0.20175755533679185,2.940924923999511,-19.67171928570641,14789815.308656711
ACN,2026-03-12,ACCENTURE FEDERAL SERVICES LLC,TECH_SERVICES,3.825562782634484,14.217210640584076,11.087862556591524,19.04342565625646,4.276666119016055,15.82064354949135,3.1277812941452794,4.663439094112067,-2.9118621361481325,-25.791826827856365,0.26523048737093546,0.0063588026686902666,0.20791786404161017,2.9408391897867165,-19.30968411031624,14727586.586740738
ACN,2026-03-13,ACCENTURE FEDERAL SERVICES LLC,TECH_SERVICES,3.508777626132797,14.927535079173003,11.075997477551464,19.04342565625646,4.290459441148391,15.806001867243028,3.060357542505061,4.624972813284271,-3.0010618718423885,-25.981012112773737,0.26523048737093546,0.0,0.21399201175380345,2.9376922090902267,-18.042363995147007,14632970.935955882
ACN,2026-03-17,ACCENTURE FEDERAL SERVICES LLC,TECH_SERVICES,2.461503197503645,14.731801689838349,11.083159729539922,19.04342565625646,4.31748811353631,15.760991326277441,3.053932151191822,4.59511985013459,-3.118155651924226,-27.63184000038545,0.26523048737093546,-0.019547832300641055,0.22589123505351116,2.939591856675799,-17.085089791013875,14494001.510652171
ACN,2026-03-18,ACCENTURE FEDERAL SERVICES LLC,TECH_SERVICES,4.304385391673082,8.371820538400485,11.08174104836005,19.04342565625646,4.330733340286331,15.791142616624144,3.023299542727788,4.6443908991413725,-3.220779747352355,-25.77713363977224,0.26523048737093546,-0.0064532914372845696,0.23172077871423502,2.939215579175037,-18.72016137872136,14585001.893741008
ACN,2026-03-20,ACCENTURE FEDERAL SERVICES LLC,TECH_SERVICES,0.6700245243740133,14.429811481484752,11.092301771416986,19.04342565625646,4.356708826689592,15.791142616624144,3.130524389515572,4.624972813284271,-3.358479703082596,-21.07688601389833,0.26523048737093546,-0.0064532914372845696,0.24315024049501677,2.942016604898418,-14.867625385657655,14444275.532340426
ACN,2026-03-24,ACCENTURE FEDERAL SERVICES LLC,TECH_SERVICES,4.025010168779608,10.077922256374613,11.081397394698849,19.04342565625646,4.382026634673881,15.791142616624144,2.8149939226094176,4.532599493153256,-3.464300710284041,-23.18325977942061,0.26523048737093546,-0.0064532914372845696,0.2542866066129763,2.9391244317469902,-20.12349971522367,14408457.313916083
ACN,2026-03-25,ACCENTURE FEDERAL SERVICES LLC,TECH_SERVICES,4.701243444207792,15.266285602611674,11.067094706225284,19.04342565625646,4.394449154672439,15.760991326277441,2.751912684289154,4.59511985013459,-3.541494219377773,-24.47625005616537,0.26523048737093546,-0.019547832300641055,0.25974950231447846,2.935330922712432,-19.91850222562956,14332503.997847222
ACN,2026-03-30,ACCENTURE FEDERAL SERVICES LLC,TECH_SERVICES,1.9134367049321368,12.523845599517989,11.064980253370246,19.04342565625646,4.430816798843313,15.791142616624144,2.143433830753102,4.532599493153256,-3.5609107402491613,-19.297917771758765,0.26523048737093546,-0.0064532914372845696,0.2757376076986089,2.9347701053511672,-15.030866115327491,14282869.061768703
ACN,2026-03-31,ACCENTURE FEDERAL SERVICES LLC,TECH_SERVICES,1.5331009248900962,17.98451232109351,11.076000992520532,19.04342565625646,4.442651256490317,15.760991326277441,2.090572645145295,4.574710978503383,-3.5452703736122,-19.174396184235675,0.26523048737093546,-0.019547832300641055,0.2809388013844165,2.937693141367186,-18.81906806398293,14222838.01824324
ACN,2026-04-01,ACCENTURE FEDERAL SERVICES LLC,TECH_SERVICES,2.1668556880228618,15.715087398307613,11.077624755257132,19.04342565625646,4.454347296253507,15.791142616624144,2.0906407365264585,4.68213122712422,-3.513607956491113,-20.887750548690484,0.26523048737093546,-0.0064532914372845696,0.2860784410368278,2.938123812749189,-20.00395766425599,14943947.813288586
ACN,2026-04-02,ACCENTURE FEDERAL SERVICES LLC,TECH_SERVICES,0.0,12.499199244611626,11.074922446237697,19.04342565625646,4.454347296253507,15.806001867243028,2.1059318196000403,4.718498871295094,-3.5276665411070875,-22.09389240300705,0.26523048737093546,0.0,0.2860784410368278,2.937407078010937,-18.39210563093777,14946957.136866665
AVAV,2025-09-11,"AEROVIRONMENT, INC",AERO_DEFENSE,69.48430201814067,15.318039799188156,10.091165564970982,17.08267455397687,0.0,13.53757669032901,2.860381658361355,1.6094379124341003,,20.09856566971946,-1.2784024113251213,-1.39756424061145,,-12.900570391339935,76.30486318948249,6509528.114999999
AVAV,2026-02-04,"AEROVIRONMENT, INC",AERO_DEFENSE,9.471444535929962,14.849433202965267,10.15384995339469,19.354947011752447,2.4849066497880004,14.938323100635783,5.588234177138488,2.1972245773362196,22.94313420447881,-24.28138995084528,-0.2915670066858187,-0.7892273719306626,-0.6575773191777938,-2.9605276372482296,-6.037281941970285,14730176.752173908
AVAV,2026-03-23,"AEROVIRONMENT, INC",AERO_DEFENSE,3.936585518494408,13.997832948091215,10.000244642989085,19.354947011752447,2.772588722239781,15.057313585121284,5.513215331924276,2.0794415416798357,9.83821301559354,-16.539167262858314,-0.2915670066858187,-0.73755044526765,-0.5228787452803374,-2.915741396682221,-32.49058802702293,16274950.5696875
AVAV,2026-04-02,"AEROVIRONMENT, INC",AERO_DEFENSE,16.288782100172504,13.814395706748533,9.967830107107163,19.354947011752447,2.833213344056216,15.01423602808097,3.662984338197691,2.3978952727983707,8.499613036718161,-36.90582369053645,-0.2915670066858187,-0.7562587961063683,-0.49485002168009395,-2.906290387482019,-51.98440887056561,15056810.40657143
BA,2025-08-13,THE BOEING COMPANY,AERO_DEFENSE,1.718305630340944,14.397590090345167,11.245240942888683,17.583681840604854,0.0,17.583681840604854,1.558067971411616,2.5649493574615367,,4.533828349944313,-1.0608177048261167,0.35963746276629127,,-11.92915068725185,22.73425342361848,32573027.37
BA,2025-08-18,BELL BOEING JOINT PROJECT OFFICE,AERO_DEFENSE,2.138462691962606,13.970254490353856,11.250160642999523,17.583681840604854,0.0,16.760646456331365,1.5838852096274243,3.828641396489095,,3.673523782050904,-1.0608177048261167,0.002197724153221614,,-11.934369592231864,21.467068072725183,11629673.81
BA,2025-08-19,THE BOEING COMPANY,AERO_DEFENSE,5.502224392361121,15.607164669975786,11.244867377985772,17.583681840604854,0.0,16.96088136591086,1.7433164655478672,4.02535169073515,,0.5621680241921769,-1.0608177048261167,0.08915864461287892,,-11.92875440298894,21.770637963967523,15117124.018
BA,2025-08-20,THE BOEING COMPANY,AERO_DEFENSE,5.212308314924319,16.334577139933728,11.230795078567525,19.436706864227446,0.0,17.08195672980351,1.650461964093634,4.290459441148391,,0.9805807398051378,-0.25605915378075217,0.14174100917793364,,-2.8757478841030366,20.072648437392004,58424882.49333334
BA,2025-08-21,THE BOEING COMPANY,AERO_DEFENSE,5.756035722397179,15.580840225103325,11.231990145945913,19.436706864227446,0.0,17.097529727038175,1.637677836438835,4.465908118654584,,3.8263551634371,-0.25605915378075217,0.14850427619960715,,-2.8760538920446574,20.933146133708583,52316760.29000001
BA,2025-08-22,THE BOEING COMPANY,AERO_DEFENSE,3.1548800276689937,13.991218627112902,11.229751532028276,19.436706864227446,0.0,17.031537829554157,1.7326799331241995,4.564348191467836,,4.081868943176191,-0.25605915378075217,0.11984435815941996,,-2.8754806744592654,24.114832180521084,46573833.48500001
BA,2025-08-25,THE BOEING COMPANY,AERO_DEFENSE,4.6326133873261455,16.621341771121898,11.240566916594522,19.436706864227446,0.0,17.031537829554157,1.721141267964648,4.68213122712422,,-0.2280716491437129,-0.25605915378075217,0.11984435815941996,,-2.878250052679112,30.736410675896835,44781162.105
BA,2025-08-26,THE BOEING COMPANY,AERO_DEFENSE,1.085893212909128,11.809486601604576,11.234389622155518,19.436706864227446,0.0,17.097529727038175,1.6127245560007588,4.795790545596741,,3.483418346833368,-0.25605915378075217,0.14850427619960715,,-2.876668299892406,32.61454898662548,54042235.41454546
BA,2025-08-27,THE BOEING COMPANY,AERO_DEFENSE,0.7469696129777326,15.425444747232653,11.249366141947014,19.436706864227446,0.0,17.07371525975123,1.6113042171515706,4.927253685157205,,2.000337179582546,-0.25605915378075217,0.13816178407437452,,-2.880503174876797,35.140350125158655,50845183.715833336
BA,2025-08-29,THE BOEING COMPANY,AERO_DEFENSE,1.1505080498112277,13.003037126603749,11.251818907333668,19.436706864227446,0.0,17.144803680947415,1.5549917714501582,5.204006687076795,,2.145964406594624,-0.25605915378075217,0.16903509427317864,,-2.8811312279061263,42.65135634815904,57900481.79428572
BA,2025-09-02,THE BOEING COMPANY,AERO_DEFENSE,0.0,16.755522489040203,11.251818498838436,19.436706864227446,0.0,17.097529727038175,1.5665123590430077,5.214935757608986,,5.286688062444721,-0.25605915378075217,0.14850427619960715,,-2.881131123307183,38.22180221468665,54080490.148
BA,2025-09-03,THE BOEING COMPANY,AERO_DEFENSE,3.1973459504522017,13.810650999413067,11.254056694894542,19.436706864227446,0.0,17.084440968997676,1.6455967046348892,5.272999558563747,,2.475550647313017,-0.25605915378075217,0.14281990059278638,,-2.881704233895305,30.46095652146065,51632979.060625
BA,2025-09-04,BELL BOEING JOINT PROJECT OFFICE,AERO_DEFENSE,5.980499697403174,17.456076299850025,11.244811316951363,19.436706864227446,0.0,17.071178620779225,1.6572677132753764,5.327876168789581,,-2.4773301679858584,-0.25605915378075217,0.13706013572383213,,-2.8793368702427915,26.41320713647766,49338063.93235295
BA,2025-09-05,THE BOEING COMPANY,AERO_DEFENSE,6.506686294888109,14.06155858752375,11.241754270154107,19.436706864227446,0.0,17.084440968997676,1.6495106133977846,5.3706380281276624,,-1.2057068631174284,-0.25605915378075217,0.14281990059278638,,-2.878554085426818,26.212521468513515,51033365.78833333
BA,2025-09-08,"BOEING AEROSPACE OPERATIONS, INC.",AERO_DEFENSE,7.26997565134615,14.410494041308816,11.239603360189529,20.099125851797496,0.0,17.097529727038175,1.645423039296645,5.420534999272286,,-0.2921960719779912,0.03162575799046685,0.14850427619960715,,0.3554609757781921,27.60863396941622,74621449.02263159
BA,2025-09-09,THE BOEING COMPANY,AERO_DEFENSE,7.938306414056329,14.220976332738882,11.242130521299988,20.099125851797496,0.0,17.144803680947415,1.6191831969699797,5.472270673671475,,4.614301457202584,0.03162575799046685,0.16903509427317864,,0.3555408991638744,25.44441310393365,70392414.7315
BA,2025-09-10,THE BOEING COMPANY,AERO_DEFENSE,9.440926214917011,15.034720563281015,11.239433103778392,20.099125851797496,0.0,17.189943325865112,1.4845707935310613,5.5254529391317835,,4.007383974370281,0.03162575799046685,0.1886389936625763,,0.35545559129013715,16.115145584846815,70050500.18380953
BA,2025-09-11,THE BOEING COMPANY,AERO_DEFENSE,13.673349279492331,16.790289587516497,11.235632147661187,20.099125851797496,0.0,17.406067435534414,1.6436870384672124,5.627621113690637,,-0.3722654984569473,0.03162575799046685,0.2825005047882492,,0.35533538317184205,10.298428657999214,71887704.9568182
BA,2025-09-12,THE BOEING COMPANY,AERO_DEFENSE,16.42585941450456,17.548443820975983,11.221015511015793,20.099125851797496,0.0,17.583681840604854,1.679059419573941,5.655991810819852,,-2.516663431815448,0.03162575799046685,0.35963746276629127,,0.3548731209586602,4.328884780728835,71892652.8747826
BA,2025-09-15,THE BOEING COMPANY,AERO_DEFENSE,16.871376081800406,17.61357503094134,11.212945662402824,20.099125851797496,0.0,17.67266405047781,1.6545864489010946,5.58724865840025,,-1.8096407410320268,0.03162575799046685,0.398281946355584,,0.3546179058794067,3.799397399300109,72407388.67208333
BA,2025-09-16,THE BOEING COMPANY,AERO_DEFENSE,17.268155932586836,17.290307103883173,11.212563364843406,20.099125851797496,0.0,17.754371357532246,1.6440608681825075,5.631211781821365,-2.1882104486199427,-2.872589272905522,0.03162575799046685,0.433766979660418,,0.35460581542931224,2.7311981730020687,72606682.9536
BA,2025-09-17,THE BOEING COMPANY,AERO_DEFENSE,17.481241280387483,15.954316425267884,11.211091242244663,20.099125851797496,0.0,17.841784747976806,1.5048682494645984,5.703782474656201,-3.9607954381278674,-3.2192024104342734,0.03162575799046685,0.4717301334827173,,0.3545592584362721,3.932115823980897,72014182.55923077
BA,2025-09-18,THE BOEING COMPANY,AERO_DEFENSE,16.920147275684272,19.163747940206672,11.210302811541627,20.099125851797496,0.0,17.922167494695273,1.5091325886063085,5.7430031878094825,-5.106330686527457,-1.817777825393918,0.03162575799046685,0.5066399174212135,,0.35453432371766563,3.276985712862324,87088540.23851852
BA,2025-09-19,THE BOEING COMPANY,AERO_DEFENSE,16.925574325553015,14.86750807507972,11.212381984340045,20.099125851797496,0.0,17.977021554863725,1.5081118771099984,5.752572638825633,-5.902985599098315,-1.2011725725070033,0.03162575799046685,0.5304627334439864,,0.35460007913340874,4.301420903202736,93536728.82392858
BA,2025-09-22,THE BOEING COMPANY,AERO_DEFENSE,18.88820701131621,15.962030167230276,11.212361826282027,20.099125851797496,0.0,18.029022475304355,1.3979467855337078,5.703782474656201,-6.218881669385132,-4.591646996169652,0.03162575799046685,0.5530464465881932,,0.3545994416195443,4.464164922986534,95729924.99379312
BA,2025-09-23,THE BOEING COMPANY,AERO_DEFENSE,16.552647760363225,15.155005543479527,11.205132560696518,20.099125851797496,0.0,18.090808937537144,1.4740997861660885,5.771441123130016,-5.950549177612611,-7.319535920208019,0.03162575799046685,0.5798799665771854,,0.3543708106156882,9.739800913530615,94413311.63033336
BA,2025-09-24,THE BOEING COMPANY,AERO_DEFENSE,17.224540558654677,13.401239551490196,11.213749194111918,20.099125851797496,0.0,18.029022475304355,1.1836172541492422,5.823045895483019,-5.731113376334878,-4.638398963550339,0.03162575799046685,0.5530464465881932,,0.3546433181787762,9.830168413884843,93103334.0916129
BA,2025-09-25,THE BOEING COMPANY,AERO_DEFENSE,18.086449369160928,11.330167813100637,11.211252798802516,20.099125851797496,0.0,18.090808937537144,1.171174487399834,5.8522024797744745,-5.505346840501296,-5.0535589864944885,0.03162575799046685,0.5798799665771854,,0.3545643677848725,18.181113911094247,94884621.2471875
BA,2025-09-26,THE BOEING COMPANY,AERO_DEFENSE,13.960950988224871,16.003096082984023,11.208071273668798,20.481617255997666,0.0,18.148998966404697,1.4836729002078095,5.8944028342648505,-5.764201882919055,-2.610295571746213,0.19773966446769187,0.6051515753575982,,2.216280252985244,30.2561846261444,115594988.87575756
BA,2025-09-27,THE BOEING COMPANY,AERO_DEFENSE,16.155330647510937,14.833536569863043,11.22351527336513,20.481617255997666,0.0,18.149558117456476,1.4836729002078095,5.910796644040527,-5.764201882919055,-2.610295571746213,0.19773966446769187,0.605394411577123,,2.219334144303236,30.2561846261444,121863166.16470589
BA,2025-09-29,THE BOEING COMPANY,AERO_DEFENSE,16.155330647510937,16.5097405436466,11.22351527336513,20.481617255997666,0.0,18.148998966404697,1.5239468194823322,5.834810737062605,-5.560060479884916,-5.888068733882923,0.19773966446769187,0.6051515753575982,,2.219334144303236,23.991911037652585,118460439.27171429
BA,2025-09-30,THE BOEING COMPANY,AERO_DEFENSE,16.828055301533063,14.031181353659509,11.22351528756363,20.481617255997666,0.0,18.149558117456476,1.4811016162210149,5.929589143389895,-5.796873832408847,-8.908918860999348,0.19773966446769187,0.605394411577123,,2.2193341471108425,19.88855835914991,118994037.73694442
BA,2025-10-03,THE BOEING COMPANY,AERO_DEFENSE,16.574198030014877,11.957151565191532,11.21593182731938,20.481617255997666,0.0,18.149558117456476,1.4615979045638114,6.025865973825314,-6.183107048600218,-11.559900757702035,0.19773966446769187,0.605394411577123,,2.2178345962266404,11.857897717749054,130236380.65789472
BA,2025-10-22,THE BOEING COMPANY,AERO_DEFENSE,16.418116330321396,14.166634461346197,11.21559214031187,20.481617255997666,0.0,17.67266405047781,1.749873332956957,5.5093883366279774,-4.996668976469658,-9.611366102878517,0.19773966446769187,0.398281946355584,,2.217767426631751,-1.8363352770565984,100071148.0028
BA,2025-10-23,THE BOEING COMPANY,AERO_DEFENSE,15.787293451585382,14.053826425366928,11.21425077004512,20.481617255997666,0.0,17.583681840604854,1.7432078999261345,5.44673737166631,-4.880649512859415,-9.745887432653833,0.19773966446769187,0.35963746276629127,,2.2175021845252774,-1.7848015561408277,98115830.26392154
BA,2025-11-05,THE BOEING COMPANY,AERO_DEFENSE,27.593361059927624,15.92029267421299,11.177642996531215,20.59227769032836,0.0,17.35545508146856,2.3113799594267666,4.477336814478207,-3.2727361110739737,-20.76338630661838,0.24579888052045895,0.2605198380794169,,2.7474521354047208,-19.592536075480883,105591360.54774196
BA,2025-11-06,THE BOEING COMPANY,AERO_DEFENSE,28.320607580908085,13.577498262708932,11.176699027326848,20.59227769032836,0.0,17.299916896208586,2.1589928310769024,4.48863636973214,-3.2727361110739737,-20.02887978954526,0.24579888052045895,0.23639990996645377,,2.7472201088310415,-17.984234324891812,104116662.98365082
BA,2025-11-13,THE BOEING COMPANY,AERO_DEFENSE,29.58679798729531,15.806170065056051,11.172014904830736,20.59227769032836,0.0,17.246441123102812,2.026140649541163,4.543294782270004,-3.962186430806468,-19.36690407681645,0.24579888052045895,0.21317567605938237,,2.7460687567652764,-20.557422399596213,101418326.51954544
BA,2025-11-19,THE BOEING COMPANY,AERO_DEFENSE,35.78352075404878,13.714154458364154,11.158775199328993,20.59227769032836,0.6931471805599453,17.084440968997676,1.9726613914926605,4.553876891600541,-4.251664003220342,-23.914136542182984,0.24579888052045895,0.14281990059278638,-1.6989700043360187,2.7428144519745277,-23.499720665572788,96428234.23171428
BA,2025-11-25,THE BOEING COMPANY,AERO_DEFENSE,38.20981721235543,19.29612171821254,11.134012211830951,20.59227769032836,1.791759469228055,17.084440968997676,2.0161578143469367,4.564348191467836,-4.732971880241158,-28.86402003488108,0.24579888052045895,0.14281990059278638,-0.9999999999999999,2.7367277373691667,-27.191242817409144,98003217.87797296
BA,2025-11-26,THE BOEING COMPANY,AERO_DEFENSE,34.89728031592519,13.593127967046248,11.141988212479465,22.393519920769215,1.9459101490553132,17.097529727038175,1.9911908811489496,4.820281565605037,-4.919814972380757,-25.43850785706383,1.0280684421853703,0.14850427619960715,-0.9208187539523751,11.454726464451522,-25.42168976389589,167533271.92720002
BA,2025-12-01,THE BOEING COMPANY,AERO_DEFENSE,35.23006801314879,8.010731365751747,11.157329947272094,22.393519920769215,2.3978952727983707,17.189943325865112,1.5196187536206307,4.653960350157523,-5.9401795647677575,-24.187335556042967,1.0280684421853703,0.1886389936625763,-0.6989700043360187,11.470498817840202,-27.01429161629397,165468483.1644156
BA,2025-12-03,THE BOEING COMPANY,AERO_DEFENSE,24.493928238788087,16.36694321814895,11.193426302945516,22.393519920769215,2.5649493574615367,17.097529727038175,2.693057418803122,4.762173934797756,-6.271956981028324,-17.20697241063278,1.0280684421853703,0.14850427619960715,-0.6197887582883939,11.507608341985947,-14.517412089792147,161677526.18278486
BA,2025-12-10,THE BOEING COMPANY,AERO_DEFENSE,26.88707344382544,15.683917216613024,11.182700830699932,22.393519920769215,2.833213344056216,17.144803680947415,2.8119647460635404,4.955827057601261,-5.794494634822715,-12.046786001202726,1.0280684421853703,0.16903509427317864,-0.49485002168009395,11.496581822442726,-16.03383768764789,154243507.49583334
BA,2025-12-11,BELL BOEING JOINT PROJECT OFFICE,AERO_DEFENSE,25.62900974636017,15.250291703905402,11.192042864440408,22.393519920769215,2.8903717578961645,17.189943325865112,2.818795822616152,5.003946305945459,-5.661096246248644,-11.325028248995997,1.0280684421853703,0.1886389936625763,-0.46852108295774486,11.50618607251714,-15.44936146557474,158107637.98764706
BA,2025-12-15,THE BOEING COMPANY,AERO_DEFENSE,22.700726956926708,13.938685254680532,11.20423968846764,22.393519920769215,2.995732273553991,17.299916896208586,2.837787087766797,5.0689042022202315,-5.5300938160654685,-7.272617451502916,1.0280684421853703,0.23639990996645377,-0.4202164033831899,11.518725242394424,-9.11706135137955,156533004.945977
BA,2025-12-16,THE BOEING COMPANY,AERO_DEFENSE,21.982480628292112,18.82799471412791,11.206613109488211,22.393519920769215,3.044522437723423,17.304780552375586,2.809581915943944,5.147494476813453,-5.5300938160654685,-4.34068511304373,1.0280684421853703,0.23851216906628547,-0.3979400086720375,11.521165281645693,-9.218937656806611,156444597.40102273
BA,2025-12-17,THE BOEING COMPANY,AERO_DEFENSE,22.20713985305327,19.03681632024989,11.20916278436119,22.393519920769215,3.091042453358316,17.309620667838978,2.789973831798056,5.2832037287379885,-5.405926257170055,-5.861872914291267,1.0280684421853703,0.24061420456781857,-0.37675070960209944,11.523786521920437,-13.320703410776147,161566564.34235957
BA,2025-12-18,THE BOEING COMPANY,AERO_DEFENSE,21.06879950250502,13.358183046188168,11.208363665308068,22.393519920769215,3.1354942159291497,17.360056586572437,2.7267459545492287,5.389071729816501,-5.250069292603906,-5.500172742066766,1.0280684421853703,0.26251824641233235,-0.3565473235138126,11.522964972840374,-10.392623024807836,167268634.76333335
BA,2025-12-19,THE BOEING COMPANY,AERO_DEFENSE,17.78306789042039,16.629090120469066,11.21242800921523,22.393519920769215,3.1780538303479458,17.408070395989466,2.5955935873576594,5.455321115357702,-5.0898526637804204,-3.4733096736589086,1.0280684421853703,0.2833703794853175,-0.3372421683184259,11.527143396549516,-8.777331196749461,167840868.76329672
BA,2025-12-22,BELL BOEING JOINT PROJECT OFFICE,AERO_DEFENSE,16.28389510926389,15.826266345277581,11.224377383078432,22.393519920769215,3.2188758248682006,17.483562174586105,2.59079750943638,5.476463551931511,-4.903505397280119,-5.780194239211167,1.0280684421853703,0.31615604322819113,-0.31875876262441283,11.539428170722147,-8.740846268820079,167264158.71945652
BA,2025-12-23,THE BOEING COMPANY,AERO_DEFENSE,16.278527461105053,14.212902787901516,11.229940674550086,22.393519920769215,3.258096538021482,17.553752797982803,2.5831942428278185,5.54907608489522,-4.707646440340714,-4.070635365039099,1.0280684421853703,0.34663944440217076,-0.30102999566398103,11.545147615118834,-10.214016501170908,167076293.593871
BA,2026-01-08,THE BOEING COMPANY,AERO_DEFENSE,10.893653127696012,12.702675239852864,11.251964636893304,22.393519920769215,3.6635616461296463,17.309620667838978,1.356027456980094,5.351858133476067,-1.9459413625309208,1.1838911746030023,1.0280684421853703,0.24061420456781857,-0.11918640771920863,11.567789755775774,-11.352823615860832,163917236.43019804
BA,2026-01-12,THE BOEING COMPANY,AERO_DEFENSE,5.145738903097885,10.808373496346844,11.263999684574776,22.393519920769215,3.6888794541139363,17.304780552375586,1.4535424893544728,5.19295685089021,-1.6046285749514688,7.243312770667209,1.0280684421853703,0.23851216906628547,-0.10790539730951965,11.580162608497291,-6.218050436808765,163633254.97240385
BA,2026-01-13,THE BOEING COMPANY,AERO_DEFENSE,3.107745144095575,18.305744594566967,11.273668567935632,22.393519920769215,3.713572066704308,17.299916896208586,1.4588675539942522,5.241747015059643,-1.425048864680579,10.088521106806317,1.0280684421853703,0.23639990996645377,-0.09691001300805624,11.59010288235176,-5.456462151530529,162066383.74047622
BA,2026-01-14,THE BOEING COMPANY,AERO_DEFENSE,3.932234146215064,13.477237709213595,11.28216895585302,22.393519920769215,3.7376696182833684,17.304780552375586,1.506492495604813,5.267858159063328,-1.1962797159965763,9.71762284421518,1.0280684421853703,0.23851216906628547,-0.08618614761628329,11.598841862915961,-4.538263407009401,161422075.83405662
BA,2026-01-16,THE BOEING COMPANY,AERO_DEFENSE,1.804748608239204,18.31173403993435,11.287797426164127,22.393519920769215,3.784189633918261,17.304780552375586,1.5256583424252046,5.181783550292085,-0.7189468322415312,10.66274411502308,1.0280684421853703,0.23851216906628547,-0.0655015487564321,11.604628315620587,-4.446765222059734,159549104.11185187
BA,2026-01-21,"BOEING SIKORSKY AIRCRAFT SUPPORT, LLC",AERO_DEFENSE,0.8317617112590714,17.324852235968848,11.290000630371862,22.393519920769215,3.828641396489095,17.360056586572437,1.4650763205488426,4.859812404361672,-0.051113449001522,12.50018804378239,1.0280684421853703,0.26251824641233235,-0.04575749056067502,11.60689336033825,2.08035684124639,158762287.66027278
BA,2026-01-23,THE BOEING COMPANY,AERO_DEFENSE,0.0,12.429220196836383,11.29418383764761,22.393519920769215,3.8712010109078907,17.483562174586105,1.454864255042743,4.844187086458591,0.3453000764688359,12.192263025952998,1.0280684421853703,0.31615604322819113,-0.026872146400301222,11.611193983725565,2.137849997106157,157716930.68758926
BA,2026-01-26,THE BOEING COMPANY,AERO_DEFENSE,0.0,16.65853762598949,11.295460245258791,22.393519920769215,3.8918202981106265,17.553752797982803,1.5389737643475825,4.912654885736052,0.5130133461619669,10.11578181963668,1.0280684421853703,0.34663944440217076,-0.017728766960431575,11.612506218109987,1.3514605358535547,156723024.4353982
BA,2026-01-27,THE BOEING COMPANY,AERO_DEFENSE,0.0613383859874749,18.947243743713393,11.289005309834096,22.393519920769215,3.912023005428146,17.568829283564135,1.5860538966700766,4.976733742420574,0.6807315814273189,13.027759787057324,1.0280684421853703,0.353187079051275,-0.008773924307505121,11.605870102703513,-2.626322326493092,155737951.0164912
BA,2026-01-28,THE BOEING COMPANY,AERO_DEFENSE,1.291448496738612,14.301413489523608,11.28218670465866,22.393519920769215,3.9318256327243257,17.583681840604854,1.6381657125287925,5.099866427824199,0.819620009464238,18.15122606060926,1.0280684421853703,0.35963746276629127,0.0,11.598860109902924,-3.1752361338606363,156266341.2183478
BA,2026-01-29,THE BOEING COMPANY,AERO_DEFENSE,4.55905560324017,20.151120950106602,11.276880230505022,22.393519920769215,3.9512437185814275,17.614560284377117,1.832051681421688,5.153291594497779,0.819620009464238,14.369106189713966,1.0280684421853703,0.3730478008113147,0.008600171761917519,11.593404691286297,-7.450978513122042,155524951.16482756
BA,2026-01-30,THE BOEING COMPANY,AERO_DEFENSE,4.702210095740211,13.584056696477493,11.263091360256272,22.393519920769215,3.970291913552122,17.64451374073995,1.8212663433052043,5.308267697401205,0.819620009464238,12.698436884210086,1.0280684421853703,0.38605642191059175,0.01703333929878048,11.57922878893017,-7.214021058128605,161113533.70239314
BA,2026-02-02,THE BOEING COMPANY,AERO_DEFENSE,5.016737716534236,15.852649638680269,11.262497163182646,22.393519920769215,4.007333185232471,17.676797972196372,1.4815017066315177,5.365976015021851,0.9277873084061712,14.365756829343468,1.0280684421853703,0.40007728578442947,0.03342375548694987,11.578617913670335,-6.857714993188036,160314475.589322
BA,2026-02-04,BELL BOEING JOINT PROJECT OFFICE,AERO_DEFENSE,3.712655172251012,13.497739793570862,11.262697050594944,22.393519920769215,4.04305126783455,17.676797972196372,1.4950388987488394,5.4116460518550396,1.0594413397935232,17.404797470639053,1.0280684421853703,0.40007728578442947,0.049218022670181716,11.578823411610909,-5.9089354502309455,158222171.69558334
BA,2026-02-10,THE BOEING COMPANY,AERO_DEFENSE,0.597715062505122,11.38952102126435,11.28371337111574,22.393519920769215,4.127134385045092,17.583681840604854,1.3601930927136907,5.3612921657094255,1.0868411750055789,22.508747331106218,1.0280684421853703,0.35963746276629127,0.0863598306747484,11.600429627509191,-0.9785328725293584,154678262.3281301
BA,2026-02-11,THE BOEING COMPANY,AERO_DEFENSE,3.292981867512812,15.486457030837693,11.27993453011047,22.393519920769215,4.143134726391533,17.568829283564135,1.4069778816155656,5.402677381872279,1.1144048332314669,18.152135690226046,1.0280684421853703,0.353187079051275,0.09342168516223515,11.596544720323639,-4.345053724239634,153451650.17629033
BA,2026-02-12,THE BOEING COMPANY,AERO_DEFENSE,1.959468169216949,16.549742581582695,11.26845183170351,22.393519920769215,4.1588830833596715,17.553752797982803,1.435581543843975,5.407171771460119,1.1709572222123854,21.35683713386576,1.0280684421853703,0.34663944440217076,0.10037054511756294,11.58473972046031,-1.1748791571550177,152374776.97439998
BA,2026-02-13,THE BOEING COMPANY,AERO_DEFENSE,0.4445120770586452,16.612791953770035,11.274095085066248,22.393519920769215,4.174387269895637,17.568829283564135,1.3930699027857676,5.472270673671475,1.2017304481283837,23.94878363586652,1.0280684421853703,0.353187079051275,0.10720996964786833,11.590541371153797,-0.6731393179695733,151800444.37611112
BA,2026-02-17,THE BOEING COMPANY,AERO_DEFENSE,0.0,13.336544808624238,11.28059643308495,22.393519920769215,4.189654742026425,17.553752797982803,1.398134887011586,5.375278407684165,1.157611641910145,24.937450372265424,1.0280684421853703,0.34663944440217076,0.11394335230683672,11.59722520188349,0.6735057078502971,150515802.58188975
BA,2026-02-19,THE BOEING COMPANY,AERO_DEFENSE,2.9480977244093376,12.125903263167071,11.273332311956995,22.393519920769215,4.204692619390966,17.553752797982803,1.517932871057358,5.44673737166631,1.105867354761157,25.081383279047365,1.0280684421853703,0.34663944440217076,0.12057393120585003,11.589757188191626,-7.2711649612683615,149258297.7075969
BA,2026-02-23,THE BOEING COMPANY,AERO_DEFENSE,4.408958320807499,15.034207480467336,11.260605779918263,22.393519920769215,4.23410650459726,17.553752797982803,1.498792654171304,5.247024072160486,1.0822388649016446,26.306981105968184,1.0280684421853703,0.34663944440217076,0.13353890837021765,11.576673442224145,-8.202161546892995,147594837.7427481
BA,2026-02-24,THE BOEING COMPANY,AERO_DEFENSE,3.089252638383177,14.113684999983258,11.257619513329248,22.393519920769215,4.248495242049359,17.568829283564135,1.524882702122856,5.303304908059076,1.035635060236351,25.79949780362492,1.0280684421853703,0.353187079051275,0.13987908640123647,11.573603355784027,-9.649721231879171,146774136.95560604
BA,2026-03-04,THE BOEING COMPANY,AERO_DEFENSE,5.846644972795834,14.135759041187658,11.245542246507338,22.393519920769215,4.330733340286331,17.614560284377117,1.511721696782376,5.1298987149230735,0.639286666787295,12.198238492030413,1.0280684421853703,0.3730478008113147,0.17609125905568135,11.561187098896568,-5.742256802598655,154708960.50094202
BA,2026-03-05,THE BOEING COMPANY,AERO_DEFENSE,8.34909877904948,12.386684241173516,11.25168017947819,22.393519920769215,4.343805421853684,17.583681840604854,1.5539947131395366,5.117993812416755,0.6100485454327158,10.335758427964812,1.0280684421853703,0.35963746276629127,0.18184358794477262,11.567497314084152,-3.2540559038562344,153679720.3707194
BA,2026-03-10,THE BOEING COMPANY,AERO_DEFENSE,10.488616905233572,15.38946129538963,11.247518937115082,22.393519920769215,4.3694478524670215,17.590827053929402,1.890613681027044,5.153291594497779,0.5279045590549456,10.801410880754991,1.0280684421853703,0.36274058955657296,0.1931245983544616,11.563219272130354,-1.9172146529569776,151163433.64894366
BA,2026-03-12,THE BOEING COMPANY,AERO_DEFENSE,17.50342476957001,14.502163280109006,11.225953098678929,22.393519920769215,4.394449154672439,17.590827053929402,2.0388469370604905,5.209486152841421,0.4507955193451591,2.20010864127812,1.0280684421853703,0.36274058955657296,0.2041199826559248,11.541048114204877,-6.204890534222107,149951566.4525
BA,2026-03-13,THE BOEING COMPANY,AERO_DEFENSE,14.63147687034667,16.604902266011898,11.206581528230966,22.393519920769215,4.406719247264253,17.597921575172094,2.1167962898718127,5.236441962829949,0.4507955193451591,4.557628699271,1.0280684421853703,0.36582170105441936,0.209515014542631,11.521132813951755,-2.753405159678945,149888612.64758623
BA,2026-03-17,THE BOEING COMPANY,AERO_DEFENSE,14.125793446870729,14.636281651299155,11.224673271574606,22.393519920769215,4.430816798843313,17.597921575172094,2.116571522289173,5.10594547390058,0.2599993686191728,1.9717712975922288,1.0280684421853703,0.36582170105441936,0.22010808804005522,11.539732364347469,-3.993314099838885,149210001.25789115
BA,2026-03-19,THE BOEING COMPANY,AERO_DEFENSE,19.594400468670404,15.56902664789269,11.20918256818614,22.393519920769215,4.454347296253507,17.583681840604854,2.129538082724814,5.220355825078325,0.0523715464295778,-2.9710754330657285,1.0280684421853703,0.35963746276629127,0.2304489213782741,11.523806861046534,-6.345938237131377,147452658.02798656
BA,2026-03-20,THE BOEING COMPANY,AERO_DEFENSE,23.30873930117372,18.30255017041169,11.19892120700513,22.393519920769215,4.465908118654584,17.590827053929402,2.1900716443931927,5.262690188904886,-0.0436140750895777,-4.980504627568783,1.0280684421853703,0.36274058955657296,0.23552844690754893,11.513257479442471,-10.370109605142774,150944378.1075333
BA,2026-03-23,THE BOEING COMPANY,AERO_DEFENSE,21.26405002907792,15.035332343039357,11.18563819544132,22.393519920769215,4.477336814478207,17.597921575172094,2.2618906318273417,5.214935757608986,-0.0436140750895777,-4.028003045248141,1.0280684421853703,0.36582170105441936,0.24054924828259971,11.499601634436535,-7.912186544929834,150756907.78986752
BA,2026-03-26,THE BOEING COMPANY,AERO_DEFENSE,23.790906229654183,12.602937678779112,11.19551871497857,22.393519920769215,4.51085950651685,17.621488987151828,2.315534702667087,5.308267697401205,-0.360437918536351,-4.575905163305682,1.0280684421853703,0.37605689826026545,0.255272505103306,11.509759484765178,-7.5534974294705,147948205.9972078
BA,2026-03-27,THE BOEING COMPANY,AERO_DEFENSE,26.285954602140222,14.914123179965662,11.18394331075851,22.393519920769215,4.5217885770490405,17.64451374073995,2.3304304498813457,5.327876168789581,-0.4791172277527888,-5.354614893589583,1.0280684421853703,0.38605642191059175,0.2600713879850749,11.497859176980993,-7.21015721716155,149510421.74225807
BA,2026-03-30,THE BOEING COMPANY,AERO_DEFENSE,27.16029679517053,14.747464774455013,11.17527700158244,22.393519920769215,4.532599493153256,17.644635877561083,2.291088838025261,5.181783550292085,-0.5807867634378822,-5.782825801303048,1.0280684421853703,0.3861094652592003,0.2648178230095366,11.488949618006856,-8.523325763183909,149062981.30602562
BA,2026-04-01,THE BOEING COMPANY,AERO_DEFENSE,16.052478103211598,14.928974213769152,11.194254959345177,22.393519920769215,4.553876891600541,17.644635877561083,2.811166932874925,5.337538079701318,-0.7899474902825444,-4.659337782561034,1.0280684421853703,0.3861094652592003,0.2741578492636798,11.508460257479852,-5.888080019833308,153625331.78911394
BAH,2025-08-12,BOOZ ALLEN HAMILTON INC,AERO_DEFENSE,2.3846511714140206,10.83955659768539,10.117377022765034,,0.0,,1.9731721389288104,0.0,,-23.29833828952665,,,,,-12.417992300912474,
BAH,2025-08-13,BOOZ ALLEN HAMILTON INC,AERO_DEFENSE,0.0,16.576539304154366,10.116779939849998,17.2558453178972,0.0,17.2558453178972,2.031780458400878,2.8903717578961645,,-21.712957587020743,-1.2031953014955477,0.21725986609686032,,-12.172462089891926,-7.496607496200303,29206071.72
BAH,2025-08-14,BOOZ ALLEN HAMILTON INC,AERO_DEFENSE,2.4225522689057533,9.90353755128617,10.127014826026905,18.200786710606184,0.0,17.836009280736977,1.9745086438467816,3.6109179126442243,,-24.22413443804877,-0.7928124604102749,0.4692218798851675,,-8.028823540833722,-10.83141313321827,47839588.425
BAH,2025-08-15,BOOZ ALLEN HAMILTON INC,AERO_DEFENSE,1.3263733357752328,14.151196614198087,10.115405513898544,18.452488171092373,0.0,18.200786710606184,1.987011947919352,4.110873864173311,,-23.6780918309114,-0.6834999038300449,0.6276427071821331,,-6.913878695951561,-10.13240229326694,65374826.59
BAH,2025-08-18,BOOZ ALLEN HAMILTON INC,AERO_DEFENSE,1.595885831083188,14.691023461009522,10.120078609020087,18.452488171092373,0.0,18.01250779339577,1.9881917282518933,4.2626798770413155,,-24.90555498153153,-0.6834999038300449,0.5458742112579174,,-6.917072756017724,-12.808497629464432,61565716.63999999
BAH,2025-08-19,BOOZ ALLEN HAMILTON INC,AERO_DEFENSE,1.030648969873682,13.673062293655075,10.118924986358673,18.452488171092373,0.0,17.78036112420108,1.9172312555234747,4.477336814478207,,-24.25594708872142,-0.6834999038300449,0.44505419212757946,,-6.916284255039591,-10.63769097173588,51734259.32599999
BAH,2025-08-20,BOOZ ALLEN HAMILTON INC,AERO_DEFENSE,1.4284394606579376,15.555723732381818,10.12134796503494,18.452488171092373,0.0,17.552105692649217,1.7097633220139594,4.605170185988092,,-8.135294337504462,-0.6834999038300449,0.34592411562764447,,-6.9179403607318015,-10.338830033439072,45046073.53166666
BAH,2025-08-21,BOOZ ALLEN HAMILTON INC,AERO_DEFENSE,1.651826639443743,11.472517967867383,10.11964136407425,18.452488171092373,0.0,17.312801077081826,1.7064017026311689,4.74493212836325,,-7.554281847573785,-0.6834999038300449,0.2419954387940706,,-6.916773899139294,-3.781688030873398,42009705.27285714
BAH,2025-08-25,BOOZ ALLEN HAMILTON INC,AERO_DEFENSE,1.2152749455287992,13.012012653565241,10.122495208694604,18.51022134515616,0.0,17.312801077081826,1.1759960017468762,4.983606621708336,,-4.602991049624872,-0.658426704675378,0.2419954387940706,,-6.664921163353091,-7.505251265979628,46473458.03
BAH,2025-08-26,BOOZ ALLEN HAMILTON INC,AERO_DEFENSE,0.4534317555229927,13.783045763313904,10.120555048538389,18.51022134515616,0.0,17.28472863750572,1.167195044298963,5.075173815233827,,-4.915470759301254,-0.658426704675378,0.2298037328182172,,-6.663643710094892,-9.961057170914712,42714821.417
BAH,2025-08-27,BOOZ ALLEN HAMILTON INC,AERO_DEFENSE,0.0,13.815511557963774,10.123836329733091,18.51022134515616,0.0,17.312801077081826,1.1536720541726777,5.176149732573829,,-1.0757845553380996,-0.658426704675378,0.2419954387940706,,-6.665804193259033,-10.258215246003498,42950150.17545455
BAH,2025-08-28,BOOZ ALLEN HAMILTON INC,AERO_DEFENSE,1.7187179975034494,12.480585470345448,10.125801107721578,18.51022134515616,0.0,17.504674054234417,1.279827984637778,5.2574953720277815,,-4.959071044046004,-0.658426704675378,0.32532481629364973,,-6.6670978555554115,-19.458680840417166,43788256.195
BAH,2025-08-29,BOOZ ALLEN HAMILTON INC,AERO_DEFENSE,1.250917451094069,11.424312806613624,10.115686504228112,18.51022134515616,0.0,17.312801077081826,1.1824163250583064,5.342334251964811,,-1.3938960263825129,-0.658426704675378,0.2419954387940706,,-6.66043813050811,-18.224909658327945,41526009.56000001
BAH,2025-09-04,BOOZ ALLEN HAMILTON INC,AERO_DEFENSE,1.3759752497305655,10.858528694680807,10.109746839022666,18.51022134515616,0.0,17.28472863750572,1.504700443964446,5.537334267018537,,-6.227980900279828,-0.658426704675378,0.2298037328182172,,-6.6565272963200135,-24.744449582414266,40802492.095
BAH,2025-09-06,BOOZ ALLEN HAMILTON INC,AERO_DEFENSE,2.8813047853024853,13.510751500276836,10.091890920911124,18.51022134515616,0.0,17.28472863750572,1.5006466818480952,5.648974238161206,,-4.785268482661076,-0.658426704675378,0.2298037328182172,,-6.644770482998878,-23.463113982943128,39747709.821666665
BAH,2025-09-08,BOOZ ALLEN HAMILTON INC,AERO_DEFENSE,2.881312673045322,10.093589182586538,10.091890920911124,18.51022134515616,0.0,17.2558453178972,1.5031414353225394,5.652489180268651,,-6.679226536621275,-0.658426704675378,0.21725986609686032,,-6.644770482998878,-25.99641927196612,37694530.35736842
BAH,2025-09-09,BOOZ ALLEN HAMILTON INC,AERO_DEFENSE,1.454621197200634,17.89833728754727,10.088657232054477,18.51022134515616,0.0,17.28472863750572,1.543709024073886,5.720311776607412,,-6.534449668825749,-0.658426704675378,0.2298037328182172,,-6.642641335901049,-27.18495847754081,39904525.9695
BAH,2025-09-10,BOOZ ALLEN HAMILTON INC,AERO_DEFENSE,2.0682916558974807,10.640055268482707,10.094721861907107,18.832572288346714,0.0,17.312801077081826,1.5454263608985952,5.796057750765372,,-9.854033740649903,-0.5184314677171873,0.2419954387940706,,-5.233421471065279,-23.79503925330694,41640387.44142857
BAH,2025-09-11,BOOZ ALLEN HAMILTON INC,AERO_DEFENSE,0.7511625348985751,13.116969094385176,10.092102849650724,18.832572288346714,0.0,17.504674054234417,1.4646048844705906,5.863631175598097,,-7.30243960755237,-0.5184314677171873,0.32532481629364973,,-5.232063692697233,-15.687550213090583,42980317.86272728
BAH,2025-09-12,BOOZ ALLEN HAMILTON INC,AERO_DEFENSE,0.0,14.417172021131513,10.097743629555575,18.832572288346714,0.0,17.312801077081826,1.376477239775583,5.8664680569332965,,-7.491845601201065,-0.5184314677171873,0.2419954387940706,,-5.234988050502375,-15.397749202013625,42039275.26652174
BAH,2025-09-15,BOOZ ALLEN HAMILTON INC,AERO_DEFENSE,2.381418005496161,12.584975650472261,10.11362742077616,18.832572288346714,0.0,17.504674054234417,1.4695862086520963,5.783825182329737,,-10.829937152617395,-0.5184314677171873,0.32532481629364973,,-5.243222707697776,-17.828924039524406,43376052.71583333
BAH,2025-09-16,BOOZ ALLEN HAMILTON INC,AERO_DEFENSE,2.170284624379004,15.401642340196927,10.100991916984574,18.832572288346714,0.0,17.66559175066079,1.4748676699899868,5.846438775057724,-5.523693163656929,-8.693846947756233,-0.5184314677171873,0.39521048550556337,,-5.236672064921758,-18.249926722496635,44974026.8844
BAH,2025-09-17,BOOZ ALLEN HAMILTON INC,AERO_DEFENSE,2.4217291183820544,16.2039844375791,10.089253622369814,18.832572288346714,0.0,17.637566863954337,1.4602114438210678,5.929589143389895,-6.020759599245867,-8.45245745668055,-0.5184314677171873,0.3830394315903485,,-5.230586563616131,-19.73273466155268,44876139.766538456
BAH,2025-09-18,BOOZ ALLEN HAMILTON INC,AERO_DEFENSE,2.796168737029747,16.381584507450473,10.08818608888534,18.832572288346714,0.0,17.66559175066079,1.460203268319009,5.950642552587727,-5.101835561290406,-7.594705591346007,-0.5184314677171873,0.39521048550556337,,-5.230033120664938,-20.520756918227967,44981852.174814805
BAH,2025-09-19,BOOZ ALLEN HAMILTON INC,AERO_DEFENSE,1.8601919592431184,16.12397111158532,10.086601263757093,18.832572288346714,0.0,17.724622035706194,1.4882725846187397,5.981414211254481,-5.587261456227488,-8.33401974134642,-0.5184314677171873,0.4208470130956643,,-5.229211497447626,-22.095243429866173,45932672.21178571
BAH,2025-09-22,BOOZ ALLEN HAMILTON INC,AERO_DEFENSE,4.25893664792476,11.721857793510459,10.0905737020677,18.832572288346714,0.0,17.71465215646261,1.5236198597935031,5.926926025970411,-5.790546113150936,-12.177437563451488,-0.5184314677171873,0.41651714946764873,,-5.23127093447141,-23.47320317952064,44561533.25466666
BAH,2025-09-23,BOOZ ALLEN HAMILTON INC,AERO_DEFENSE,5.806971334150535,14.398635630061635,10.090573697296504,18.832572288346714,0.0,17.761417782951234,1.53961058974105,6.0014148779611505,-6.050677585338857,-12.084550238702173,-0.5184314677171873,0.436827203396402,,-5.231270931997872,-26.35556291733627,44798427.574193545
BAH,2025-09-24,BOOZ ALLEN HAMILTON INC,AERO_DEFENSE,4.794523667609796,16.815635626053126,10.074063909225918,18.832572288346714,0.0,17.77093430917769,1.5493757372837402,6.068425588244111,-6.232772071395233,-11.482290283709062,-0.5184314677171873,0.44096017830296574,,-5.222711738336738,-28.86787930848158,46864126.72125
BAH,2025-09-25,BOOZ ALLEN HAMILTON INC,AERO_DEFENSE,6.674869428362573,16.048657894810574,10.07823960439058,18.832572288346714,0.0,17.78036112420108,1.5559251837595762,6.115892125483034,-6.237148474409921,-15.500075980706916,-0.5184314677171873,0.44505419212757946,,-5.224876550109694,-35.116723491296085,47243904.85515152
BAH,2025-09-26,BOOZ ALLEN HAMILTON INC,AERO_DEFENSE,5.006043631391122,16.603189717157466,10.078239615125751,18.832572288346714,0.0,17.783695832600564,1.5780361567563448,6.1463292576688975,-6.569025792700667,-14.998364314882938,-0.5184314677171873,0.4465024376116631,,-5.224876555675144,-40.04938055892927,48122178.355
BAH,2025-09-29,BOOZ ALLEN HAMILTON INC,AERO_DEFENSE,5.207801168838211,13.39110302967568,10.085087405257164,18.832572288346714,0.0,17.783695832600564,1.5653431850530874,6.1224928095143865,-6.927291086590804,-15.192742095804531,-0.5184314677171873,0.4465024376116631,,-5.228426665563592,-39.27154416991544,48752061.990277775
BAH,2025-09-30,BOOZ ALLEN HAMILTON INC,AERO_DEFENSE,4.092049247711027,16.293015548765627,10.077363835164492,18.832572288346714,0.0,17.787019457669384,1.5555200186605056,6.1903154058531475,-7.20357755929392,-16.670241399995835,-0.5184314677171873,0.44794586966621264,,-5.2244225237844315,-40.28661262000883,50222816.34891892
BAH,2025-10-20,BOOZ ALLEN HAMILTON INC,AERO_DEFENSE,1.9337174875535543,15.732908930483848,10.072781194110902,18.832572288346714,0.0,17.471674793413925,1.6456283329437489,5.459585514144159,-5.261199649592267,-15.921285847364754,-0.5184314677171873,0.31099341904826616,,-5.2220467384569975,-36.29326404496891,40652017.16895833
BAH,2025-10-23,BOOZ ALLEN HAMILTON INC,AERO_DEFENSE,2.604523859461616,11.951186847493476,10.07587098173188,18.832572288346714,0.0,17.30300489328203,1.63934631691457,5.356586274672012,-5.161400982104071,-12.400165553968602,-0.5184314677171873,0.23774101009665394,,-5.223648581588275,-34.62212657525341,38445496.15137255
BAH,2025-10-27,BOOZ ALLEN HAMILTON INC,AERO_DEFENSE,18.92070802513664,12.691583538230217,10.059186367306909,18.832572288346714,0.0,17.2558453178972,2.791573630805784,4.499809670330265,-4.716401590978542,-31.25307145049721,-0.5184314677171873,0.21725986609686032,,-5.214998752443642,-52.44588066108578,37001157.63
BAH,2025-10-28,BOOZ ALLEN HAMILTON INC,AERO_DEFENSE,20.26891956970318,13.157526755309007,10.011627372449675,18.832572288346714,0.0,17.196219991121307,2.7642620337663204,4.48863636973214,-4.495282721556238,-31.99296553668738,-0.5184314677171873,0.19136491484113094,,-5.190342672936652,-52.95918945500412,36321969.52574074
BAH,2025-11-03,BOOZ ALLEN HAMILTON INC,AERO_DEFENSE,20.353329553975264,12.199010164820923,10.014777872764018,18.832572288346714,0.0,16.740878379219247,3.012537793549069,3.9889840465642745,-4.711130660734558,-29.69854745956785,-0.5184314677171873,-0.006387443110438262,,-5.19197599143866,-47.28059461550451,34184025.46758621
BAH,2025-11-12,BOOZ ALLEN HAMILTON INC,AERO_DEFENSE,21.27529938987709,14.666729634610132,10.01432918702945,18.832572288346714,0.0,16.424450782837575,3.023935489987496,4.2626798770413155,-6.214628033934195,-29.716324935982904,-0.5184314677171873,-0.14381021081270884,,-5.191743378634745,-51.47495626274835,31470525.830153845
BAH,2025-11-13,BOOZ ALLEN HAMILTON INC,AERO_DEFENSE,22.196994406788395,12.19602736016897,10.003112510241689,18.832572288346714,0.0,16.42134422406604,3.00178280196864,4.304065093204169,-6.400295783838901,-28.500936569049053,-0.5184314677171873,-0.1451593722443647,,-5.185928300424757,-37.77045235292576,31028519.5789394
BAH,2025-11-16,BOOZ ALLEN HAMILTON INC,AERO_DEFENSE,25.18979807766637,11.51293546492023,10.00267016648119,18.832572288346714,0.0,16.388667589740052,2.9823245815098534,4.343805421853684,-6.481545700444028,-29.431905223236807,-0.5184314677171873,-0.15935065528452785,,-5.185698975499766,-37.52149328537783,30312514.07632353
BAH,2025-11-17,BOOZ ALLEN HAMILTON INC,AERO_DEFENSE,25.18979807766637,11.918397239722838,10.002830606647043,18.832572288346714,0.0,16.358206691222186,2.853058598586721,4.330733340286331,-6.481545700444028,-28.669075657791364,-0.5184314677171873,-0.1725796564494777,,-5.18578215273043,-34.55141866960837,29874651.553478263
BAH,2025-11-18,BOOZ ALLEN HAMILTON INC,AERO_DEFENSE,26.272241248967475,15.00074992200983,9.996233038967883,18.832572288346714,0.0,16.370715425570545,2.8487214688611404,4.382026634673881,-6.581319753737123,-28.56286903540733,-0.5184314677171873,-0.16714718172176646,,-5.182361766035159,-34.6198555452189,29634070.38128572
BAH,2025-11-19,BOOZ ALLEN HAMILTON INC,AERO_DEFENSE,27.10432052350744,14.207553321415745,9.992494171678992,18.832572288346714,0.6931471805599453,16.358206691222186,2.841902910382855,4.418840607796598,-6.697718536109631,-29.57394190880823,-0.5184314677171873,-0.1725796564494777,-1.6989700043360187,-5.180423419578979,-36.07689788927829,29273417.835633807
BAH,2025-11-20,BOOZ ALLEN HAMILTON INC,AERO_DEFENSE,27.94744120240198,15.282475467316871,9.989641738690311,18.832572288346714,1.0986122886681096,16.34214613648334,2.78100143995618,4.382026634673881,-6.84107436839856,-28.58654493286432,-0.5184314677171873,-0.17955466730190572,-1.3979400086720375,-5.178944628558093,-32.06039767938423,28897563.97680556
BAH,2025-11-21,BOOZ ALLEN HAMILTON INC,AERO_DEFENSE,26.55360633538266,16.21836260110826,9.986770447077133,18.832572288346714,1.3862943611198906,16.32582342420342,2.124338187567229,4.430816798843313,-7.008479185591668,-26.704566331996148,-0.5184314677171873,-0.18664353174601356,-1.2218487496163564,-5.177456060632829,-32.883264349482666,28551141.366712328
BAH,2025-11-24,BOOZ ALLEN HAMILTON INC,AERO_DEFENSE,26.58494264446396,12.206077645517674,9.99152749356124,18.832572288346714,1.6094379124341003,16.32141883573101,1.8050444814028688,4.454347296253507,-7.244564750221009,-29.18753434520659,-0.5184314677171873,-0.18855642037038756,-1.0969100130080562,-5.179922263223583,-32.7289725640889,28322514.138783783
BAH,2025-11-25,BOOZ ALLEN HAMILTON INC,AERO_DEFENSE,22.211592433145768,15.215390939731032,9.991420002848749,18.832572288346714,1.791759469228055,16.316994760998387,1.9886157811147287,4.564348191467836,-7.480354074960065,-29.22992005547962,-0.5184314677171873,-0.190477771771425,-0.9999999999999999,-5.17986653665574,-31.17557943528304,28006012.905066665
BAH,2025-11-26,BOOZ ALLEN HAMILTON INC,AERO_DEFENSE,22.79880482257719,11.658411860917008,10.0066896562692,18.832572288346714,1.9459101490553132,16.32141883573101,1.85175658380252,4.653960350157523,-7.686781194941754,-27.37707244187063,-0.5184314677171873,-0.18855642037038756,-0.9208187539523751,-5.187782805490038,-32.0838048888844,27825890.9225
BAH,2025-12-02,BOOZ ALLEN HAMILTON INC,AERO_DEFENSE,25.22048641352095,8.517063182965504,10.000361654342935,18.832572288346714,2.3978952727983707,16.313943957371013,1.3756630526058866,4.553876891600541,-7.827555606194976,-24.520038938955658,-0.5184314677171873,-0.19180271906092727,-0.6989700043360187,-5.184502170163687,-31.93136020485204,27030179.50126582
BAH,2025-12-05,BOOZ ALLEN HAMILTON INC,AERO_DEFENSE,16.157246130711165,14.203566366481303,10.026975599216392,18.832572288346714,2.639057329615259,16.315470522609598,1.9610170413565573,4.709530201312334,-7.460448102567674,-19.243298645870887,-0.5184314677171873,-0.19113974014708113,-0.585026652029182,-5.198299676666178,-27.289804287533315,26805401.17939025
BAH,2025-12-09,BOOZ ALLEN HAMILTON INC,AERO_DEFENSE,12.92389171650441,13.486008785115878,10.04488463115457,18.832572288346714,2.70805020110221,16.315470522609598,2.089330384914565,4.795790545596741,-7.323893240001417,-13.962485058168372,-0.5184314677171873,-0.19113974014708113,-0.5528419686577808,-5.2075842823792815,-25.202944244195063,26583364.737142865
BAH,2025-12-11,BOOZ ALLEN HAMILTON INC,AERO_DEFENSE,8.317445154597891,15.102995448396745,10.052800013710405,18.832572288346714,2.833213344056216,16.29263190662163,2.0558548989239585,4.8283137373023015,-7.000642650261937,-11.31663836073914,-0.5184314677171873,-0.20105842586853928,-0.49485002168009395,-5.211687865775246,-20.334703675419963,26134261.87848838
BAH,2025-12-12,BOOZ ALLEN HAMILTON INC,AERO_DEFENSE,10.185381600453947,16.01925295917389,10.05910361119541,18.832572288346714,2.8903717578961645,16.313943957371013,2.098473441587297,4.927253685157205,-6.808014788913149,-10.956422773440169,-0.5184314677171873,-0.19180271906092727,-0.46852108295774486,-5.214955849071295,-18.9661037312792,26071279.90954024
BAH,2025-12-15,BOOZ ALLEN HAMILTON INC,AERO_DEFENSE,11.276811486555928,9.153419694580569,10.051678039031492,18.832572288346714,2.995732273553991,16.315470522609598,2.101592545805948,4.919980925828125,-6.633176662972488,-12.029425282584128,-0.5184314677171873,-0.19113974014708113,-0.4202164033831899,-5.211106198795715,-20.73228483579156,25975019.42386364
BAH,2025-12-16,BOOZ ALLEN HAMILTON INC,AERO_DEFENSE,19.70724602901001,13.667011709737965,10.047397379074614,18.832572288346714,3.044522437723423,16.313943957371013,2.671797600206109,4.962844630259907,-6.415190261900889,-15.661696842856232,-0.5184314677171873,-0.19180271906092727,-0.3979400086720375,-5.208886969971473,-27.605984429194905,25716540.77247191
BAH,2025-12-17,BOOZ ALLEN HAMILTON INC,AERO_DEFENSE,18.11668792088954,15.063593156309507,10.015681540128275,18.832572288346714,3.091042453358316,16.315470522609598,2.6688184907541275,5.030437921392435,-6.136735095960031,-12.63630208541804,-0.5184314677171873,-0.19113974014708113,-0.37675070960209944,-5.192444481036641,-24.373387571069884,25645720.427444443
BAH,2025-12-18,BOOZ ALLEN HAMILTON INC,AERO_DEFENSE,18.858264355490164,12.929301040394405,10.021490758580452,18.832572288346714,3.1354942159291497,16.316994760998387,2.6682073256491754,5.123963979403259,-5.882436544958098,-15.12158318014808,-0.5184314677171873,-0.190477771771425,-0.3565473235138126,-5.195456162685092,-26.23790324353268,25663193.93373626
BAH,2025-12-19,BOOZ ALLEN HAMILTON INC,AERO_DEFENSE,19.903820061972976,11.392225679732444,10.01877263498412,18.832572288346714,3.1780538303479458,16.3206043036146,2.672951702341248,5.19295685089021,-5.637005247262057,-15.73689881123884,-0.5184314677171873,-0.18891016720275466,-0.3372421683184259,-5.19404700187961,-30.451854813955247,26486134.16260869
BAH,2025-12-22,BOOZ ALLEN HAMILTON INC,AERO_DEFENSE,18.198642851750456,17.864046920039605,10.01496903888571,18.832572288346714,3.2188758248682006,16.316994760998387,2.679020762033596,5.14166355650266,-5.34509174961552,-15.91557291309298,-0.5184314677171873,-0.190477771771425,-0.31875876262441283,-5.192075097971707,-30.20245467381057,26314985.97752688
BAH,2025-12-30,BOOZ ALLEN HAMILTON INC,AERO_DEFENSE,20.05870741801974,13.592400756080545,10.014255327277626,18.832572288346714,3.4657359027997265,16.324200864277785,2.60472027042148,5.19295685089021,-4.472725821919542,-20.56576631148599,-0.5184314677171873,-0.18734820062557045,-0.2076083105017461,-5.191705087415201,-30.4163087267456,26389060.05453609
BAH,2026-01-06,BOOZ ALLEN HAMILTON INC,AERO_DEFENSE,13.538420115210249,11.46008676653443,10.035269604683496,18.832572288346714,3.6375861597263857,16.324200864277785,2.4844131175035136,5.14166355650266,-4.109358419192444,-12.504030887160688,-0.5184314677171873,-0.18734820062557045,-0.13076828026902376,-5.202599550093742,-24.720044807795404,26011483.658217825
BAH,2026-01-12,BOOZ ALLEN HAMILTON INC,AERO_DEFENSE,5.642255509504901,13.384472116920408,10.067308432315471,18.832572288346714,3.713572066704308,16.324200864277785,2.4753144792662574,5.1298987149230735,-3.842701696375915,-3.721243569233623,-0.5184314677171873,-0.18734820062557045,-0.09691001300805624,-5.219209486526926,-23.690560220879643,25571306.13971429
BAH,2026-01-13,BOOZ ALLEN HAMILTON INC,AERO_DEFENSE,7.260522558294324,14.79871236923247,10.06996438699514,18.832572288346714,3.7376696182833684,16.325012473328155,2.468319429221306,5.170483995038151,-3.749540483210976,-6.706115814740321,-0.5184314677171873,-0.1869957232648609,-0.08618614761628329,-5.220586417009697,-26.86933541933003,25912442.455943394
BAH,2026-01-14,BOOZ ALLEN HAMILTON INC,AERO_DEFENSE,6.102752344908979,8.442032049489253,10.063362110652106,18.832572288346714,3.7376696182833684,16.324200864277785,2.461219997434849,5.220355825078325,-3.666439845199069,-5.293578349306138,-0.5184314677171873,-0.18734820062557045,-0.08618614761628329,-5.217163589194903,-24.77898730134833,25729586.344392523
BAH,2026-01-15,BOOZ ALLEN HAMILTON INC,AERO_DEFENSE,5.272378562317703,14.459989873625927,10.068075369298349,18.832572288346714,3.7612001156935624,16.325012473328155,1.760139033545148,5.278114659230518,-3.595189755025197,-6.595477959305651,-0.5184314677171873,-0.1869957232648609,-0.07572071393811819,-5.219607090792605,-22.38514549787446,25825438.75324073
BAH,2026-01-16,BOOZ ALLEN HAMILTON INC,AERO_DEFENSE,4.958932223496881,15.802678081034149,10.07148761635783,19.005862807545714,3.784189633918261,16.32582342420342,1.7541808563843275,5.2832037287379885,-3.5233481241972324,-5.931727014580945,-0.4431723510052006,-0.18664353174601356,-0.0655015487564321,-4.4634048450610635,-17.236902384768662,27232340.32770642
BAH,2026-01-20,BOOZ ALLEN HAMILTON INC,AERO_DEFENSE,9.38369098541716,16.57447729772384,10.07278264815574,19.005862807545714,3.8066624897703196,16.34214613648334,2.026216994103332,5.10594547390058,-3.238513779474157,-6.489445533741678,-0.4431723510052006,-0.17955466730190572,-0.05551732784983132,-4.4639787673475695,-19.906228153346195,27187429.023636363
BAH,2026-01-21,BOOZ ALLEN HAMILTON INC,AERO_DEFENSE,6.968725802950981,15.644401607703804,10.054849445217226,19.005862807545714,3.828641396489095,16.358206691222186,2.0407199974880528,5.214935757608986,-3.065166292131137,-6.411854055535094,-0.4431723510052006,-0.1725796564494777,-0.04575749056067502,-4.456031267640254,-18.7018837429055,27359927.104954954
BAH,2026-01-22,BOOZ ALLEN HAMILTON INC,AERO_DEFENSE,6.756481203404041,15.68933298816384,10.064545229433222,19.005862807545714,3.8501476017100584,16.370715425570545,2.0323690324474755,5.231108616854587,-2.937699497515902,3.4264146884736446,-0.4431723510052006,-0.16714718172176646,-0.03621217265444465,-4.460328171126097,-19.37583533913053,27989329.55348214
BAH,2026-01-23,BOOZ ALLEN HAMILTON INC,AERO_DEFENSE,0.0,13.717930054925395,10.065407801424517,19.005862807545714,3.8712010109078907,16.383069622560562,2.3646958662294786,5.247024072160486,-2.776085461579578,18.041224909168395,-0.4431723510052006,-0.16178182172645972,-0.026872146400301222,-4.46071043918339,-17.226780642324513,28267388.24654867
BAH,2026-01-27,BOOZ ALLEN HAMILTON INC,AERO_DEFENSE,1.719522381223615,13.520007313058699,10.047572808921926,19.005862807545714,3.912023005428146,16.358206691222186,3.329684254674956,5.3471075307174685,-2.386211355616533,7.358567277258365,-0.4431723510052006,-0.1725796564494777,-0.008773924307505121,-4.452806463625857,-30.099617632119543,27851320.37217391
BAH,2026-01-28,BOOZ ALLEN HAMILTON INC,AERO_DEFENSE,0.0,16.747397619852794,10.026882555221787,19.005862807545714,3.9318256327243257,16.370715425570545,3.3412140108733155,5.424950017481403,-2.386211355616533,8.125255707648172,-0.4431723510052006,-0.16714718172176646,0.0,-4.443637115250673,-28.154455902322063,27852358.01689655
BAH,2026-01-29,BOOZ ALLEN HAMILTON INC,AERO_DEFENSE,1.5778166055966605,15.554281800727365,10.034286829963458,19.005862807545714,3.9512437185814275,16.383069622560562,3.4074638332839897,5.497168225293202,-2.386211355616533,0.4134325413870154,-0.4431723510052006,-0.16178182172645972,0.008600171761917519,-4.446918485095427,-29.388502436549143,28079263.30128205
BAH,2026-01-30,BOOZ ALLEN HAMILTON INC,AERO_DEFENSE,1.933945070819698,17.00698241509856,10.022838958712365,19.005862807545714,3.970291913552122,16.395890313677356,3.399281107070652,5.564520407322694,-2.3104854531359567,2.532949717744981,-0.4431723510052006,-0.15621386589578812,0.01703333929878048,-4.441845105079075,-28.190749159683868,28116918.698983047
BAH,2026-02-02,BOOZ ALLEN HAMILTON INC,AERO_DEFENSE,3.005708998803392,10.542680005498147,10.021318961489,19.005862807545714,3.9889840465642745,16.4085487131694,3.4110193144675693,5.71042701737487,-2.2142396105332893,-0.2311968602721315,-0.4431723510052006,-0.15071639243288448,0.02530586526477041,-4.441171484336075,-28.912968039034293,28629386.88218487
BAH,2026-02-04,BOOZ ALLEN HAMILTON INC,AERO_DEFENSE,5.98540999615822,15.198253828920219,9.993846556844272,19.005862807545714,4.02535169073515,16.383069622560562,3.44337463919918,5.739792912179234,-2.0784261457172604,-2.637561391575028,-0.4431723510052006,-0.16178182172645972,0.04139268515822514,-4.428996474181905,-29.95373502576987,28202876.224049583
BAH,2026-02-05,BOOZ ALLEN HAMILTON INC,AERO_DEFENSE,6.637484545911665,12.513624548902273,10.00439170849167,19.005862807545714,4.04305126783455,16.395890313677356,3.4425100553466805,5.768320995793772,-2.0784261457172604,-4.00461929088446,-0.4431723510052006,-0.15621386589578812,0.049218022670181716,-4.433669793829189,-27.003624463696173,28094086.308688525
BAH,2026-02-06,BOOZ ALLEN HAMILTON INC,AERO_DEFENSE,1.2582826060964614,12.667276923791212,10.001727940208651,19.005862807545714,4.060443010546419,16.383069622560562,3.513865739865816,5.752572638825633,-2.026896161499607,0.9824373445865398,-0.4431723510052006,-0.16178182172645972,0.05690485133647272,-4.43248928537667,-25.99126077571808,27927012.31934959
BAH,2026-02-09,BOOZ ALLEN HAMILTON INC,AERO_DEFENSE,0.0,12.793862088206213,10.02420727498445,19.005862807545714,4.07753744390572,16.395890313677356,3.49021464332024,5.6937321388027,-2.077090097282455,2.2915049152838263,-0.4431723510052006,-0.15621386589578812,0.06445798922691859,-4.442451505018294,-25.28338890429416,27805743.668387093
BAH,2026-02-10,BOOZ ALLEN HAMILTON INC,AERO_DEFENSE,0.0,13.428665643058434,10.02963783223416,19.005862807545714,4.0943445622221,16.383069622560562,3.484163148978033,5.730099782973575,-2.1111685656607646,5.129349832260854,-0.4431723510052006,-0.16178182172645972,0.07188200730612548,-4.444858177841916,-26.21572529054212,27644484.178799994
BAH,2026-02-11,BOOZ ALLEN HAMILTON INC,AERO_DEFENSE,6.180488170442233,12.446549070926977,10.028769641566496,19.005862807545714,4.110873864173311,16.395890313677356,4.2622210106100304,5.762051382780177,-2.152413612909024,-7.894224047418186,-0.4431723510052006,-0.15621386589578812,0.07918124604762489,-4.444473419742607,-35.51955247605082,27678549.32809523
BAH,2026-02-12,BOOZ ALLEN HAMILTON INC,AERO_DEFENSE,8.714770980375075,13.25939749830732,9.976716925366071,19.005862807545714,4.127134385045092,16.383069622560562,4.251157091721225,5.777652323222656,-2.184886684367995,-7.696157976737417,-0.4431723510052006,-0.16178182172645972,0.0863598306747484,-4.4214050951278585,-35.82332819796859,27485314.8931496
BAH,2026-02-13,BOOZ ALLEN HAMILTON INC,AERO_DEFENSE,6.001001848351084,13.491951383722078,9.966473129921416,19.005862807545714,4.143134726391533,16.370715425570545,4.307737039852583,5.783825182329737,-2.22398575148431,-4.8427621923935575,-0.4431723510052006,-0.16714718172176646,0.09342168516223515,-4.416865328217434,-33.06939857872045,27340654.55828125
BAH,2026-02-17,BOOZ ALLEN HAMILTON INC,AERO_DEFENSE,10.023559450546385,12.064393060653378,9.977451715290185,19.005862807545714,4.174387269895637,16.383069622560562,4.341496736288712,5.703782474656201,-2.4004657833929617,-8.64288603827692,-0.4431723510052006,-0.16178182172645972,0.10720996964786833,-4.421730733706022,-36.07122681704487,27303885.294341087
BAH,2026-02-18,BOOZ ALLEN HAMILTON INC,AERO_DEFENSE,7.395572204114864,15.4969512098182,9.961275994215043,19.005862807545714,4.189654742026425,16.395890313677356,4.3505208909695146,5.75890177387728,-2.555255906590635,-5.794777569726839,-0.4431723510052006,-0.15621386589578812,0.11394335230683672,-4.414562101367948,-34.97487050719964,27239570.84946154
BAH,2026-02-19,BOOZ ALLEN HAMILTON INC,AERO_DEFENSE,5.178880232132355,11.419799248580716,9.971775308955424,19.005862807545714,4.204692619390966,16.4085487131694,4.345182766667375,5.786897381366708,-2.694164673668112,-4.392959534634588,-0.4431723510052006,-0.15071639243288448,0.12057393120585003,-4.419215107365385,-33.26437590899862,27188233.75152672
BAH,2026-02-20,BOOZ ALLEN HAMILTON INC,AERO_DEFENSE,8.897805271617143,16.53251135867169,9.980833142361586,19.005862807545714,4.219507705176107,16.395890313677356,4.378268499436845,5.768320995793772,-2.8600495802933303,-8.612216125156547,-0.4431723510052006,-0.15621386589578812,0.1271047983648077,-4.423229288691008,-34.48974219735036,27011537.03166667
BAH,2026-02-23,BOOZ ALLEN HAMILTON INC,AERO_DEFENSE,13.22380802386256,14.344456571328296,9.965742558161272,19.005862807545714,4.248495242049359,16.4085487131694,4.024201175422702,5.648974238161206,-2.8600495802933303,-9.691284327840457,-0.4431723510052006,-0.15071639243288448,0.13987908640123647,-4.416541559012913,-37.1180125548286,27005413.84142857
BAH,2026-02-24,BOOZ ALLEN HAMILTON INC,AERO_DEFENSE,11.070013054437911,15.251727684475759,9.94882392793026,19.005862807545714,4.2626798770413155,16.395890313677356,3.7698057224319577,5.676753802268282,-2.974756295037256,-10.941019380176918,-0.4431723510052006,-0.15621386589578812,0.14612803567823818,-4.409043689877647,-38.22054461970772,26822502.033059705
BAH,2026-02-26,BOOZ ALLEN HAMILTON INC,AERO_DEFENSE,5.403032801450225,16.90747987437956,9.953766766800523,19.005862807545714,4.290459441148391,16.41340005982836,3.954779287663663,5.762051382780177,-3.2271733868510952,-4.85499008441288,-0.4431723510052006,-0.14860947919189904,0.15836249209524977,-4.411234219400422,-28.40073824701433,27024801.03360294
BAH,2026-02-27,BOOZ ALLEN HAMILTON INC,AERO_DEFENSE,6.659891555313213,15.732154716675883,9.979908578050024,19.005862807545714,4.304065093204169,16.41822798450535,3.9285990888119584,5.768320995793772,-3.434002842594197,-4.788286620156745,-0.4431723510052006,-0.14651273798995046,0.16435285578443715,-4.422819547351398,-28.553292797336503,27417218.636204377
BAH,2026-02-28,BOOZ ALLEN HAMILTON INC,AERO_DEFENSE,8.058088886654048,15.60668125056405,9.974760547440896,19.005862807545714,4.31748811353631,16.42134422406604,3.9285990888119584,5.730099782973575,-3.434002842594197,-4.788286620156745,-0.4431723510052006,-0.1451593722443647,0.1702617153949575,-4.420538082523303,-28.553292797336503,27509804.14065217
BAH,2026-03-05,BOOZ ALLEN HAMILTON INC,AERO_DEFENSE,5.363405276624822,11.843099337041433,9.97210799358162,19.005862807545714,4.356708826689592,16.41822798450535,3.7881992868607455,5.552959584921617,-3.7967187598293233,-8.291614379171975,-0.4431723510052006,-0.14651273798995046,0.1875207208364631,-4.41936254399332,-26.25066841198681,27735639.62461539
BAH,2026-03-09,BOOZ ALLEN HAMILTON INC,AERO_DEFENSE,3.25433115515752,12.34864125422562,9.99129986465543,19.005862807545714,4.3694478524670215,16.424450782837575,3.625798206335789,5.480638923341991,-3.9011353936558586,-8.960804040548487,-0.4431723510052006,-0.14381021081270884,0.1931245983544616,-4.4278678506172895,-21.94132107057761,27635324.21365517
BAH,2026-03-10,BOOZ ALLEN HAMILTON INC,AERO_DEFENSE,8.462333263260602,12.31347689633786,9.988853407393336,19.005862807545714,4.382026634673881,16.42134422406604,3.736577519653676,5.537334267018537,-3.909244017408748,-14.807242653785492,-0.4431723510052006,-0.1451593722443647,0.19865708695442263,-4.426783648400813,-25.979596494137425,27529168.057739723
BAH,2026-03-12,BOOZ ALLEN HAMILTON INC,AERO_DEFENSE,9.039026666505844,14.4678660664609,9.95853961221514,19.005862807545714,4.406719247264253,16.42134422406604,2.831367379788733,5.58724865840025,-3.909244077843332,-14.241201458086506,-0.4431723510052006,-0.1451593722443647,0.209515014542631,-4.413349412523803,-23.87658839107125,27590440.55797297
BAH,2026-03-13,BOOZ ALLEN HAMILTON INC,AERO_DEFENSE,7.423026696544577,16.48751152345748,9.965179719098542,19.005862807545714,4.418840607796598,16.41822798450535,2.8016558113777266,5.60947179518496,-3.940766292795977,-11.732217375078724,-0.4431723510052006,-0.14651273798995046,0.21484384804769796,-4.416292124302245,-22.36008597384656,27446147.058791943
BAH,2026-03-18,BOOZ ALLEN HAMILTON INC,AERO_DEFENSE,6.89040801652212,15.256713401920994,9.96523604016933,19.005862807545714,4.454347296253507,16.42500007760099,2.72261782853589,5.58724865840025,-4.0908867493171455,-5.913462584506624,-0.4431723510052006,-0.1435716551104642,0.2304489213782741,-4.416317084243597,-19.98581034802456,27522761.986842107
BAH,2026-03-19,BOOZ ALLEN HAMILTON INC,AERO_DEFENSE,4.020782538620149,12.402007576759999,9.973822950386005,19.005862807545714,4.465908118654584,16.425549070805303,2.752140844191697,5.627621113690637,-4.049532293425425,-1.417936604543224,-0.4431723510052006,-0.14333323037369095,0.23552844690754893,-4.420122565432192,-16.50388058794432,27437584.99300654
BAH,2026-03-20,BOOZ ALLEN HAMILTON INC,AERO_DEFENSE,5.165733989533972,15.609283036395764,9.98564156861834,19.005862807545714,4.477336814478207,16.435768983099315,2.643149644466813,5.62040086571715,-4.05293243653402,-1.8202918369222827,-0.4431723510052006,-0.1388947785341621,0.24054924828259971,-4.425360250259849,-16.713484354676243,27398826.10681818
BAH,2026-03-24,BOOZ ALLEN HAMILTON INC,AERO_DEFENSE,6.59228902540967,13.927108523224708,9.98061576499852,19.005862807545714,4.499809670330265,16.461533429978534,2.4684726464269726,5.5909869805108565,-4.01470984739591,-1.5268281466193088,-0.4431723510052006,-0.12770542062122292,0.25042000230889405,-4.423132953053963,-18.56256514061463,27523235.98583333
BAH,2026-03-26,BOOZ ALLEN HAMILTON INC,AERO_DEFENSE,4.668239824235054,16.17661108152333,9.981809954622896,19.005862807545714,4.5217885770490405,16.482996584085694,2.055223852434062,5.655991810819852,-3.941866265568138,1.052924512479736,-0.4431723510052006,-0.11838409057410271,0.2600713879850749,-4.423662184877344,-17.9256863437637,27667030.37734177
BAH,2026-03-27,BOOZ ALLEN HAMILTON INC,AERO_DEFENSE,7.121923033606081,11.829381930153092,9.982946764402763,19.005862807545714,4.532599493153256,16.489016444311144,2.1048060852603583,5.645446897643238,-3.885545826095485,0.3325864150780395,-0.4431723510052006,-0.11576969831539774,0.2648178230095366,-4.424165987540133,-18.75939412151525,28248771.795031447
BAH,2026-03-31,BOOZ ALLEN HAMILTON INC,AERO_DEFENSE,7.753430241647541,16.96699701319186,9.975421109338662,19.005862807545714,4.553876891600541,16.489260396841964,2.0641243559604843,5.54907608489522,-3.740606385594048,-2.8342725065468315,-0.4431723510052006,-0.11566375107010529,0.2741578492636798,-4.420830825292521,-21.677762074166395,28049411.95753087
BAH,2026-04-01,BOOZ ALLEN HAMILTON INC,AERO_DEFENSE,4.616143581134713,15.697995991275196,9.970330580766475,19.005862807545714,4.564348191467836,16.489504289874464,2.157038118573348,5.60947179518496,-3.6640561969494896,-4.891361984240849,-0.4431723510052006,-0.11555782966460981,0.2787536009528291,-4.418574843777326,-18.704335918379822,28204964.278220862
BAH,2026-04-02,BOOZ ALLEN HAMILTON INC,AERO_DEFENSE,1.1427907774117507,12.87485776636113,9.98316297844612,19.005862807545714,4.564348191467836,16.48976811835634,2.2498231536720463,5.631211781821365,-3.632187020654962,-2.028101066356758,-0.4431723510052006,-0.1154432504028593,0.2787536009528291,-4.424261807626048,-13.72917161198901,28125715.144207325
BAH,2026-04-03,BOOZ ALLEN HAMILTON INC,AERO_DEFENSE,0.442000537739462,16.822967972602196,9.99782675251553,19.005862807545714,4.564348191467836,16.49003187725111,2.2498231536720463,5.6240175061873385,-3.608992286099248,-2.028101066356758,-0.4431723510052006,-0.1153287013624098,0.2787536009528291,-4.430760386854997,-13.72917161198901,28181048.16406061
CACI,2025-08-14,"CACI, INC. - FEDERAL",OTHER,25.941546410564808,13.212750696151243,10.044636726025828,16.82868903266104,0.0,16.539232026125774,2.273240461394456,2.8903717578961645,,-6.072928847593139,-0.7279840418964794,0.131988128805947,,-7.312335243194102,41.910483610247255,11533531.27
CACI,2025-08-18,"CACI, INC. - FEDERAL",OTHER,27.09678111794056,15.3392466675421,10.031343591003967,17.80668969429597,0.0,16.774000361650806,2.265574497075267,3.4339872044851463,,-7.820447270987473,-0.3032437379363859,0.23394672741417022,,-3.0419421270602514,37.43460701913306,20329335.9725
CACI,2025-08-19,"CACI, INC. - FEDERAL",OTHER,26.93231240747489,16.49222342799976,10.029125193009811,17.80668969429597,0.0,16.71614692900492,2.264032755673042,3.5553480614894135,,-7.503149626724781,-0.3032437379363859,0.20882129951450512,,-3.041269411760273,38.8008317135248,18490916.762
CACI,2025-08-20,"CACI, INC. - FEDERAL",OTHER,26.9896974092136,14.62020313829375,10.029687552717435,17.80668969429597,0.0,16.774000361650806,2.2605266680945144,3.8066624897703196,,-5.09590463853502,-0.3032437379363859,0.23394672741417022,,-3.041439943820078,35.26919434471471,21773667.291666664
CACI,2025-08-22,"CACI, INC. - FEDERAL",OTHER,28.363996814994906,15.609792010982718,10.028946504208848,17.80668969429597,0.0,16.774000361650806,2.267117465864694,4.1588830833596715,,-2.35387064127508,-0.3032437379363859,0.23394672741417022,,-3.0412152255003417,34.88637341771559,22641419.442500003
CACI,2025-08-25,"CACI NSS, LLC",OTHER,27.4664247468283,11.724297199532597,10.024816513586066,18.04218333071503,0.0,16.774000361650806,2.116986474300272,4.290459441148391,,3.756047951158093,-0.2009701494324867,0.23394672741417022,,-2.014688872768652,25.29324393420085,24672004.209
CACI,2025-08-26,"CACI, INC. - FEDERAL",OTHER,27.90966498820937,12.018876788613133,10.027863940028803,18.04218333071503,0.0,16.71614692900492,2.110200237979424,4.3694478524670215,,3.094921647682991,-0.2009701494324867,0.20882129951450512,,-2.0153013145162335,21.829692213585457,22914174.00454545
CACI,2025-08-29,"CACI TECHNOLOGIES, LLC",OTHER,28.81888792016776,14.362071900492616,10.023271137026176,18.140632783506867,0.0,16.872604677047917,2.104066040309068,4.709530201312334,,4.256958761662167,-0.158214094744066,0.27677003959934066,,-1.5858227693189217,10.896396826602484,27103168.36214286
CACI,2025-09-03,"CACI, INC. - FEDERAL",OTHER,31.63701238346017,14.073835683775298,10.026185552901207,18.140632783506867,0.0,16.71614692900492,2.18494014513461,4.820281565605037,,-2.373831791910374,-0.158214094744066,0.20882129951450512,,-1.5862838709882974,10.9974711887312,23277084.92529412
CACI,2025-09-05,"CACI, INC. - FEDERAL",OTHER,30.249753357255127,10.172063255248172,10.00514461195646,18.140632783506867,0.0,16.71614692900492,1.9958994623058384,4.941642422609304,,1.0271023521059697,-0.158214094744066,0.20882129951450512,,-1.582954897564161,11.397487921502991,21372668.641578943
CACI,2025-09-08,"CACI, LLC - COMMERCIAL",OTHER,32.37279315856221,17.021884227158083,10.018482835075757,18.140632783506867,0.0,16.49314154734551,1.987875969273716,4.983606621708336,,-0.774287682826059,-0.158214094744066,0.11197128685894686,,-1.5850651924604748,7.143606931544298,20009108.33619048
CACI,2025-09-10,"CACI, INC. - FEDERAL",OTHER,30.67621692485436,16.223325272749918,10.023566649298822,18.169890361378375,0.0,16.71614692900492,1.892252905525842,5.14166355650266,,-1.6805900760250791,-0.14550768995492103,0.20882129951450512,,-1.4585060282486595,9.990303241878507,23195779.17565217
CACI,2025-09-11,"CACI, INC. - FEDERAL",OTHER,28.853023747914097,14.259313810389216,10.02915094550506,18.169890361378375,0.0,16.774000361650806,1.4299915724429773,5.220355825078325,,1.0653663421070316,-0.14550768995492103,0.23394672741417022,,-1.4593185862896534,16.409752691784284,24070268.390833333
CACI,2025-09-12,"CACI NSS, LLC",OTHER,32.15985830825328,9.720160690592241,10.03525288422954,18.346049482075685,0.0,16.82868903266104,1.3062365172428845,5.231108616854587,,-2.230608131964786,-0.06900275499775521,0.25769771665604946,,-0.6924600961110072,18.55298232286801,26794001.0688
CACI,2025-09-15,"CACI, INC. - FEDERAL",OTHER,33.75954545045452,13.293592607849744,10.037746915338394,18.346049482075685,0.0,16.71614692900492,1.3030535296585737,5.159055299214529,,-2.036176413132342,-0.06900275499775521,0.20882129951450512,,-0.6926321911285683,17.8015338725098,25289144.31777778
CACI,2025-09-16,"CACI, LLC - COMMERCIAL",OTHER,34.764028943908066,14.090787858385001,10.036958106848603,18.346049482075685,0.0,16.70056692890979,1.309649996839369,5.225746673713202,1.887974150960292,-2.7248732543097223,-0.06900275499775521,0.20205499107015612,,-0.6925777611696071,16.810706214451976,25012576.057857145
CACI,2025-09-17,"CACI, LLC - COMMERCIAL",OTHER,33.605713116173305,14.509076795707491,10.033708904805962,18.346049482075685,0.0,16.71614692900492,1.3220081194130004,5.308267697401205,-0.1256694942628755,-1.5274775969811962,-0.06900275499775521,0.20882129951450512,,-0.6923535572771206,16.612254746029965,26251976.671034485
CACI,2025-09-19,"CACI NSS, LLC",OTHER,32.7539555507046,15.77041506056283,10.038219445338044,18.346049482075685,0.0,16.82868903266104,1.3227653880603625,5.3981627015177525,0.5310147106367485,-1.3996279995860397,-0.06900275499775521,0.25769771665604946,,-0.6926647970003632,13.467912330146614,26731581.601612907
CACI,2025-09-22,"CACI, INC. - FEDERAL",OTHER,31.97082666164864,15.696484683650375,10.04023534188616,18.346049482075685,0.0,16.71614692900492,1.3009387394997085,5.3471075307174685,0.6366497794326365,-1.4643539291365748,-0.06900275499775521,0.20882129951450512,,-0.6928038994159736,16.859548118713082,25683773.08757576
CACI,2025-09-23,"CACI NSS, LLC",OTHER,34.33207953006337,14.15266327729032,10.04280487500233,18.346049482075685,0.0,16.774000361650806,1.3670410349341775,5.44673737166631,0.8311131397440423,-1.7701659020366236,-0.06900275499775521,0.23394672741417022,,-0.6929812042800475,14.361920271271725,25959198.40176471
CACI,2025-09-24,"CACI, INC. - FEDERAL",OTHER,33.17579144666991,16.12804600755406,10.03510307421118,18.87676855439148,0.0,16.82868903266104,1.3734946153150425,5.5093883366279774,1.0021304026752864,-2.990041550533995,0.16148561147689477,0.25769771665604946,,1.620524756172659,9.304107891721603,29724184.89257143
CACI,2025-09-25,"CACI, INC. - FEDERAL",OTHER,39.04544263817882,17.50193166907768,10.03885752569512,18.87676855439148,0.0,16.860757779397087,1.6744241738802683,5.560681631015528,1.205811697965438,-8.319512552093379,0.16148561147689477,0.2716249970785327,,1.6211310460663033,-1.8426109470016208,29770179.890833337
CACI,2025-09-26,"CACI ENTERPRISE SOLUTIONS, LLC",OTHER,36.3681310231587,15.54793443619774,10.038857512488317,18.87676855439148,0.0,16.891829996332724,1.7002367484286849,5.575949103146316,1.5415074023859752,-7.418546627842715,0.16148561147689477,0.2851194900664362,,1.6211310439335946,-5.967565948233624,32689986.13594596
CACI,2025-09-29,"CACI ENTERPRISE SOLUTIONS, LLC",OTHER,35.67799158993918,13.36929603082719,10.028569923745174,19.259181141408153,0.0,16.903316518388717,1.7028679353277274,5.62040086571715,1.5665081112643016,-6.62161569420584,0.3275652887032532,0.2901080234404114,,3.2850114023523496,-6.296164003059282,38263587.4525
CACI,2025-09-30,"CACI-ISS, LLC",OTHER,32.76193994587502,16.236792126190608,10.030773405917104,19.259181141408153,0.0,16.914672597177308,1.762885917232811,5.676753802268282,1.6791716339024625,-8.859898346956207,0.3275652887032532,0.295039906017986,,3.2857331866261505,-5.9666808192937,39423406.51487805
CACI,2025-10-27,"CACI, INC. - FEDERAL",OTHER,14.421236982583263,9.538204234060796,10.11155734122968,19.259181141408153,0.0,16.71614692900492,3.1060695952842967,4.02535169073515,4.163285704991061,15.034632377348052,0.3275652887032532,0.20882129951450512,,3.3121951997193997,-0.5934419404685087,33921068.81632653
CACI,2025-11-13,"CACI-ISS, LLC",OTHER,12.753499500475929,15.642024106696203,10.112372458052238,19.259181141408153,0.0,16.49314154734551,3.0684497227588188,3.091042453358316,6.615436516223126,15.07585322954976,0.3275652887032532,0.11197128685894686,,3.3124622036967075,10.510897379481744,30916796.076666668
CACI,2025-11-14,"CACI, INC. - FEDERAL",OTHER,12.07792144736466,14.340239678615058,10.112845954738397,19.259181141408153,0.0,16.4392022172868,3.0569380395010395,3.2188758248682006,6.615436516223126,15.547691780777177,0.3275652887032532,0.08854573180274361,,3.3126173047754093,12.12599654292179,30490199.40913793
CACI,2025-11-19,"CACI, INC. - FEDERAL",OTHER,9.843249441586766,14.285514812209815,10.120149523392715,19.259181141408153,0.6931471805599453,16.37799929596787,2.9745233522911656,3.4011973816621555,6.767316143574086,21.78745664889572,0.3275652887032532,0.061965638809375,-1.6483325951307655,3.315009700350225,27.781405369770653,29097185.11081967
CACI,2025-12-02,"CACI, INC. - FEDERAL",OTHER,9.207404584501733,14.70040362977368,10.130922158767552,19.259181141408153,2.4849066497880004,16.225805088537776,1.1919245008192485,3.784189633918261,7.048403130413856,22.58220161613096,0.3275652887032532,-0.004131471160382816,-0.6069399099725405,3.3185384417668784,23.4464060511659,26289783.2168116
CACI,2025-12-05,"CACI TECHNOLOGIES, LLC",OTHER,11.170985528423127,15.687816085086963,10.126179213954735,19.259181141408153,2.70805020110221,16.21446733035437,1.202512911643826,3.9512437185814275,7.130603442733542,16.236205310695272,0.3275652887032532,-0.009055397421218636,-0.5022045594525275,3.3169848176799643,19.055812786720548,25918183.476944443
CACI,2025-12-09,"CACI, INC. - FEDERAL",OTHER,12.389891155232169,11.753093749587627,10.117362857279256,19.259181141408153,2.833213344056216,16.21446733035437,1.201859793724109,3.9889840465642745,7.130603442733542,15.37890411933076,0.3275652887032532,-0.009055397421218636,-0.4442126124748407,3.3140968852602497,14.63966671570216,25442526.26067568
CACI,2025-12-15,"CACI, INC. - FEDERAL",OTHER,16.70397662762486,15.009433329466965,10.101730933938216,19.259181141408153,3.091042453358316,16.21446733035437,1.3889200774196448,4.1588830833596715,6.847318874972588,11.186807197631389,0.3275652887032532,-0.009055397421218636,-0.32611330039684616,3.308976409778055,10.67114159719993,25089870.43589744
CACI,2025-12-18,"CACI, INC. - FEDERAL",OTHER,20.626270754993147,14.289212452688137,10.092762647225806,19.259181141408153,3.2188758248682006,16.225805088537776,1.3434158257138498,4.304065093204169,6.567226469800676,8.078733460494703,0.3275652887032532,-0.004131471160382816,-0.26812135341915955,3.306038710351931,5.367102419615087,24625570.16851852
CACI,2025-12-23,"CACI, INC. - FEDERAL",OTHER,21.60316174557748,12.19689697754823,10.084356054465044,19.259181141408153,3.367295829986474,16.225805088537776,1.282109368578602,4.406719247264253,6.006075344352579,7.609709036358625,0.3275652887032532,-0.004131471160382816,-0.20117456378854626,3.3032850023672413,0.7106285350336297,25170053.811529413
CACI,2025-12-29,"CACI, INC. - FEDERAL",OTHER,22.745982504491536,15.056779436051206,10.077968588927597,19.259181141408153,3.5263605246161616,16.24483121465766,1.197662509167453,4.3694478524670215,5.106030376180354,0.8444653110674105,0.3275652887032532,0.004131471160383704,-0.12981865525287795,3.3011926903743856,0.2873851971182848,25448022.86151163
CACI,2026-01-02,"CACI TECHNOLOGIES, LLC",OTHER,23.21877812701414,13.357304265676577,10.070565730239268,19.259181141408153,3.6375861597263857,16.20299955186278,1.1913574677942815,4.406719247264253,4.345373143703838,-0.2244928245841659,0.3275652887032532,-0.01403579079469175,-0.08013087106377048,3.2987677708309135,0.3314777758706366,24770658.604044948
CACI,2026-01-06,"CACI NSS, LLC",OTHER,18.366580786428788,14.990192697566588,10.098823137334064,19.259181141408153,3.7376696182833684,16.130207570626823,1.7608481283232515,4.356708826689592,3.8770455077293,6.033875604488227,0.3275652887032532,-0.04564894958456467,-0.03554873841103001,3.3080239165439256,6.6489661808818425,24259718.601538464
CACI,2026-01-08,"CACI, INC. - FEDERAL",OTHER,13.371222242297096,13.788382908075503,10.094339720033837,19.259181141408153,3.7612001156935624,16.130207570626823,1.9830312030904496,4.477336814478207,3.5546176453388463,10.665269398852685,0.3275652887032532,-0.04564894958456467,-0.02508330473286491,3.3065553046616,10.45144088080627,23987011.31365592
CACI,2026-01-09,"CACI, INC. - FEDERAL",OTHER,10.56032319467386,15.013186177575765,10.110473155838786,19.259181141408153,3.784189633918261,16.167265749134163,2.047352573232492,4.499809670330265,3.4226492293619004,11.337363727246744,0.3275652887032532,-0.029554785588502774,-0.014864139551178823,3.311840058218823,14.10738378373755,24436416.03978724
CACI,2026-01-14,"CACI, INC. - FEDERAL",OTHER,8.319562908701062,10.553937283091432,10.12543996302814,19.259181141408153,3.784189633918261,16.167265749134163,1.9131196978877223,4.465908118654584,3.213711379696029,14.300272143367025,0.3275652887032532,-0.029554785588502774,-0.014864139551178823,3.31674266473677,18.45168757223384,23771061.91010204
CACI,2026-01-15,"CACI, INC. - FEDERAL",OTHER,5.5282872416583695,13.798365416422785,10.130269085701572,19.259181141408153,3.784189633918261,16.20299955186278,1.9344141527468832,4.532599493153256,3.212518451863552,15.682336238305862,0.3275652887032532,-0.01403579079469175,-0.014864139551178823,3.3183245176994762,21.49199447847205,23449156.93232323
CACI,2026-01-16,"CACI NSS, LLC",OTHER,4.216238117404592,15.634309230724796,10.141607095123875,19.259181141408153,3.8066624897703196,16.21446733035437,1.93641068830773,4.59511985013459,3.2432678232218426,15.71897167563272,0.3275652887032532,-0.009055397421218636,-0.004879918644578041,3.322038456029213,27.91490561564781,23617031.6494
CACI,2026-01-23,"CACI, INC. - FEDERAL",OTHER,0.0,13.118373367892767,10.1605395731767,19.259181141408153,3.828641396489095,16.21446733035437,1.8674462263373093,4.465908118654584,3.786654597332545,13.541753866615023,0.3275652887032532,-0.009055397421218636,0.004879918644578263,3.328240078668455,32.169482551887164,23336835.06173077
CACI,2026-01-27,"CACI, INC. - FEDERAL",OTHER,0.0,16.836389219673517,10.1521749988814,19.259181141408153,3.8501476017100584,16.21446733035437,2.040958333901037,4.605170185988092,4.351681304922401,12.936196868912898,0.3275652887032532,-0.009055397421218636,0.014425236550808629,3.3255001344745345,25.02181343491201,23128272.68028302
CACI,2026-01-28,"CACI TECHNOLOGIES, LLC",OTHER,0.0,11.025581151358248,10.152465426405508,19.259181141408153,3.8712010109078907,16.225805088537776,2.0529410893854507,4.709530201312334,4.351681304922401,10.718329759819966,0.3275652887032532,-0.004131471160382816,0.02376526280495206,3.3255952684503165,23.754841359286296,23167916.693551403
CACI,2026-01-29,"CACI TECHNOLOGIES, LLC",OTHER,2.2691917477311474,17.160077745783145,10.149096636111553,19.259181141408153,3.8918202981106265,16.24483121465766,2.1685976625414365,4.795790545596741,4.351681304922401,8.77081014798844,0.3275652887032532,0.004131471160383704,0.032908642244821706,3.3244917696850966,14.23832636966682,23275031.55787037
CACI,2026-01-30,"CACI, INC. - FEDERAL",OTHER,2.689419894580647,13.5127771131074,10.138691287646012,19.259181141408153,3.8918202981106265,16.263502095723524,2.140575088135107,4.9344739331306915,4.351681304922401,8.442474962882194,0.3275652887032532,0.012240132487280064,0.032908642244821706,3.3210833387109235,16.175857507344805,23425021.47155964
CACI,2026-02-04,"CACI NSS, LLC",OTHER,5.3199579447732015,13.957013592454167,10.135691020092054,19.259181141408153,3.9512437185814275,16.26415868707166,1.8749321250718247,5.10594547390058,4.771129699971694,0.8671338870809508,0.3275652887032532,0.012525286511288591,0.0592375809671708,3.3201005552034246,13.064908859623568,24027696.621964283
CACI,2026-02-05,"CACI, INC. - FEDERAL",OTHER,6.5098963314333735,16.39644984167528,10.125925434282518,19.259181141408153,3.9512437185814275,16.263502095723524,1.9048395406763583,5.081404364984463,4.771129699971694,0.2497200018849454,0.3275652887032532,0.012240132487280064,0.0592375809671708,3.3169016882683673,16.26879315349874,23829022.648230087
CACI,2026-02-11,"CACI, INC. - FEDERAL",OTHER,10.540649596116117,13.671788109628965,10.140548174129574,19.259181141408153,3.9889840465642745,16.225805088537776,2.7498462542901394,5.062595033026967,4.966454673803096,-5.730505896728166,0.3275652887032532,-0.004131471160382816,0.07594327447002369,3.3216915902680006,8.65271815213562,23215878.08769231
CACI,2026-02-12,"CACI, INC. - FEDERAL",OTHER,12.793246308307603,15.031387229293033,10.102138391322018,19.259181141408153,4.007333185232471,16.24483121465766,2.757532994283894,5.099866427824199,4.9762925020199695,-6.672457718243474,0.3275652887032532,0.004131471160383704,0.08406116469220315,3.3091098786736146,7.699020563761615,23193792.16432204
CACI,2026-02-17,"CACI, INC. - FEDERAL",OTHER,12.16587056694265,13.105005192024143,10.102494556318298,19.259181141408153,4.04305126783455,16.26415868707166,2.710747007321753,5.003946305945459,4.855701238578155,-9.233698128360746,0.3275652887032532,0.012525286511288591,0.099855431875435,3.309226545963447,9.5488573189378,23290032.723416667
CACI,2026-02-23,"CACI, INC. - FEDERAL",OTHER,10.896869087449623,15.168299628541842,10.112032494457058,19.259181141408153,4.0943445622221,16.26415868707166,2.774623053023423,5.003946305945459,4.434639527197573,-8.77456825605245,0.3275652887032532,0.012525286511288591,0.12251941651137876,3.3123508434235034,12.630229184829169,22744498.141935483
CACI,2026-02-27,"CACI, INC. - FEDERAL",OTHER,3.776003360999902,12.660331092405906,10.120203313625774,19.259181141408153,4.1588830833596715,16.303696949763747,2.854518995303941,5.093750200806762,3.877299741226425,-1.4785465861357872,0.3275652887032532,0.029696537277327018,0.15100795432281622,3.315027320163446,22.01089661806519,22585769.02078125
CACI,2026-03-02,"CACI, INC. - FEDERAL",OTHER,1.320084438994873,13.405885910956277,10.129563462664066,19.259181141408153,4.174387269895637,16.318551859783494,2.906390714649038,4.736198448394496,3.757415837089426,2.0582656571042746,0.3275652887032532,0.03614794325996762,0.1578473788531216,3.3180933800854797,25.44290138081209,22515244.53906977
CACI,2026-03-05,"CACI, INC. - FEDERAL",OTHER,3.377849177442393,14.644499830051581,10.139679827996355,19.259181141408153,4.219507705176107,16.332760617641384,2.87982414018365,4.890349128221754,3.5000173808806423,3.1773695518390044,0.3275652887032532,0.042318728893770086,0.17774220757006098,3.321407150216179,20.018174319785345,22385264.148181822
CACI,2026-03-06,"CACI TECHNOLOGIES, LLC",OTHER,2.793834735820821,14.591820656352112,10.131232911488448,19.259181141408153,4.219507705176107,16.346770311844573,2.866918763945372,4.9344739331306915,3.4746153330894622,5.158323212668725,0.3275652887032532,0.04840306226683566,0.17774220757006098,3.318640233571614,21.339838932350364,22832452.74601504
CACI,2026-03-12,"CACI, INC. - FEDERAL",OTHER,0.0489672054221568,17.897262131971438,10.12542271163406,19.259181141408153,4.276666119016055,16.346770311844573,2.469983879712979,5.0369526024136295,3.4223952427073776,9.03313774079396,0.3275652887032532,0.04840306226683566,0.20292575358830978,3.3167370137788876,22.23909476874324,22479002.829781026
CACI,2026-03-24,"CACI, INC. - FEDERAL",OTHER,0.5427346089992069,14.565532732204469,10.114434346893262,19.259181141408153,4.382026634673881,16.374618100588737,2.2021026646044404,5.0689042022202315,3.3978993442543777,11.062989142432166,0.3275652887032532,0.060497204200553156,0.24929449615967592,3.313137606910191,17.017253539257215,21927987.35193103
CACI,2026-03-25,"CACI, INC. - FEDERAL",OTHER,0.1554607403646546,15.734112641397576,10.105070122365984,19.259181141408153,4.394449154672439,16.3763101273379,2.19783447321601,5.117993812416755,3.4303893518286013,11.413011930081773,0.3275652887032532,0.061232042137755904,0.2547573918611781,3.3100702119994314,13.560981675501417,21931343.42917808
CACI,2026-03-27,"CACI, INC. - FEDERAL",OTHER,18.43277583767012,15.175641710259521,10.107420815566051,19.259181141408153,4.418840607796598,16.380095200463856,2.1848879427069647,5.153291594497779,3.432706344977148,12.025924342793337,0.3275652887032532,0.06287587863669408,0.26548125725295124,3.3108402174961644,11.015171367071874,22138855.27675676
CACI,2026-03-30,"CACI, LLC - COMMERCIAL",OTHER,15.38998983184512,11.357083605905176,10.09513753176418,19.259181141408153,4.442651256490317,16.37799929596787,2.0853187446409347,5.030437921392435,3.4308704170850715,11.889661072969847,0.3275652887032532,0.061965638809375,0.2759466909311161,3.3068166400913808,10.93921845615483,22046187.370604027
CACI,2026-03-31,"CACI, INC. - FEDERAL",OTHER,19.190246943977662,13.304686600863562,10.091120233600993,19.259181141408153,4.454347296253507,16.380095200463856,2.1108199943752006,5.099866427824199,3.391032695437202,5.74762086520455,0.3275652887032532,0.06287587863669408,0.2810863305835274,3.305500712658749,5.658456022362213,22312858.47926667
CACI,2026-04-01,"CACI, INC. - FEDERAL",OTHER,18.9646223434236,10.742171274681361,10.079607723579596,19.259181141408153,4.465908118654584,16.38218672133025,2.2819910659032003,5.147494476813453,3.3495318875672946,3.147213865802057,0.3275652887032532,0.06378421467757978,0.2861658561128022,3.301729613989891,8.641285538064247,22363082.938476823
CACI,2026-04-02,"CACI, LLC - COMMERCIAL",OTHER,18.14533838073562,13.550895061374236,10.09319160993969,19.259181141408153,4.465908118654584,16.388980011108806,2.3559527781887803,5.135798437050262,3.300704401414385,7.835916369318075,0.3275652887032532,0.06673450316816165,0.2861658561128022,3.3061792236471477,14.30936952802011,22363105.30539474
CAT,2025-12-17,CATERPILLAR INC,INDUSTRIAL,49.27975033253769,12.846491687015618,11.438107880138343,16.956502413272904,1.791759469228055,13.957536891192012,2.0648299718450702,1.3862943611198906,10.6798005255215,18.33909739827626,-0.8658741833019539,-0.31753370631487865,-0.7631696386949219,-9.90396231923443,37.52227934302586,3148600.036842106
EMR,2026-03-13,"EMERSON CONSTRUCTION COMPANY, INC.",OTHER,14.389667913095106,9.303417150504664,10.869383748633648,15.320892214934434,0.6931471805599453,15.320892214934434,2.2772900925118376,0.0,0.9399292796868464,-0.8656845545644609,-1.38281195471136,-0.39713019615883116,-1.6483325951307655,-15.030313787955984,0.6612717616132802,4505872.0
EMR,2026-03-25,"K. W. EMERSON, INC.",OTHER,21.87218178120736,15.069663702574042,10.862662202168902,15.320892214934434,0.6931471805599453,14.630177884698437,1.9189609102803344,0.6931471805599453,0.9399292796868464,1.388351474902827,-1.38281195471136,-0.697103714267544,-1.6483325951307655,-15.021019153150386,1.7466172125286894,2258423.23
ETN,2025-08-28,EATON AEROSPACE LLC,INDUSTRIAL,9.120843726306171,10.440419423386597,11.131270905746018,15.07050817063861,0.0,15.07050817063861,1.8968188603946647,0.6931471805599453,,0.1865203007118676,-1.6849511808076656,0.16582383185176575,,-18.755648056526766,12.599172396888104,3507829.0
ETN,2025-09-05,"EATON AEROSPACE, LLC",INDUSTRIAL,11.093601954290676,13.826807506473237,11.127322831882358,15.07050817063861,0.0,14.451791708406573,1.0685723673152825,1.6094379124341003,,0.3193886334804885,-1.6849511808076656,-0.10288141960458308,,-18.748995744808276,3.948236175625498,1821833.25
ETN,2025-12-15,EATON CORPORATION,INDUSTRIAL,27.79438434280901,15.00963221871782,11.107778506331266,16.04545011661325,1.3862943611198906,14.740583810353595,2.2781477219511683,1.0986122886681096,-0.8967815347032091,-13.34561813898074,-1.261539196389509,0.022539454342877185,-0.9850183883112784,-14.012897970549806,-14.552142315484604,2907836.9657142856
ETN,2026-04-02,EATON CORPORATION,INDUSTRIAL,28.043722875501608,13.984683550002954,11.149972135949769,16.04545011661325,2.833213344056216,14.145534189812583,2.349046098239666,1.6094379124341003,1.2763600663653114,13.728330381911224,-1.261539196389509,-0.23588745233522523,-0.258019660375016,-14.066126888151489,-1.9743771359509776,2340726.2755555552
ETN,2026-04-06,EATON CORPORATION,INDUSTRIAL,27.061992250483936,11.90596455557372,11.144640985687651,16.04545011661325,2.833213344056216,14.130932060156114,2.298797019830167,1.791759469228055,1.0190923010530442,17.310088077254726,-1.261539196389509,-0.24222908126155396,-0.258019660375016,-14.059401433133987,-2.305272935004854,2299426.194285714
GD,2025-08-14,"GENERAL DYNAMICS GLOBAL FORCE, LLC",AERO_DEFENSE,12.501570792444385,14.6035882053376,10.923876061068714,16.73470440288889,0.0,16.596365970519678,1.5605100782711152,2.8903717578961645,,4.08374480839735,-1.429523934698807,-0.0691483883974442,,-15.615942288981053,23.18997546518149,15824614.470000004
GD,2025-08-15,GENERAL DYNAMICS INFORMATION TECHNOLOGY INC.,AERO_DEFENSE,13.27263581279774,17.008669366559772,10.921613093848128,17.821578852468747,0.0,16.73470440288889,1.5687156521332937,3.6109179126442243,,3.1247137176516606,-0.9575003431889053,-0.009068767106398923,,-10.457448285536024,20.35571625075708,26049495.67
GD,2025-08-18,"GENERAL DYNAMICS INFORMATION TECHNOLOGY, INC.",AERO_DEFENSE,13.312370540310203,14.810761627345272,10.918646630635145,17.821578852468747,0.0,16.73470440288889,1.5562283058099122,3.8501476017100584,,2.8037718220942818,-0.9575003431889053,-0.009068767106398923,,-10.454607895991536,17.91804631363687,16210021.212
GD,2025-08-19,"GENERAL DYNAMICS INFORMATION TECHNOLOGY, INC.",AERO_DEFENSE,12.30245253805975,15.069967684848269,10.918494354875849,17.821578852468747,0.0,17.084045593081473,1.5620655927414009,4.204692619390966,,4.745446770064122,-0.9575003431889053,0.14264819100756831,,-10.45446209189975,20.048028916460872,19820480.86166667
GD,2025-08-20,GENERAL DYNAMICS LAND SYSTEMS INC.,AERO_DEFENSE,11.92041151011436,14.9407956112482,10.922382439347013,17.821578852468747,0.0,17.29990929689446,0.5742025134212091,4.442651256490317,,5.631277184206283,-0.9575003431889053,0.23639660962616027,,-10.458184934115238,17.804525778162027,18511703.26857143
GD,2025-08-21,GENERAL DYNAMICS LAND SYSTEMS INC.,AERO_DEFENSE,12.25631840678869,15.315051165725338,10.923862424310771,17.821578852468747,0.0,17.321399984357342,0.5429869120025368,4.553876891600541,,6.111015442414969,-0.9575003431889053,0.24572989688681623,,-10.459602020225951,19.04900356019765,21806454.38375
GD,2025-08-22,"GENERAL DYNAMICS INFORMATION TECHNOLOGY, INC.",AERO_DEFENSE,11.174530708635857,16.713114188826307,10.922560885273093,17.821578852468747,0.0,17.29990929689446,0.5808672171698,4.77912349311153,,7.276973751991035,-0.9575003431889053,0.23639660962616027,,-10.4583557961507,15.955856815249447,21032464.263333336
GD,2025-08-25,"GENERAL DYNAMICS INFORMATION TECHNOLOGY, INC.",AERO_DEFENSE,11.077208561422337,12.676079399771027,10.926766333058062,17.821578852468747,0.0,17.058665895474665,0.573856976288637,4.882801922586371,,7.629481011039262,-0.9575003431889053,0.1316259279596581,,-10.46238251384807,16.874608914312983,16020262.55909091
GD,2025-08-26,"GENERAL DYNAMICS INFORMATION TECHNOLOGY, INC.",AERO_DEFENSE,10.84575022551193,16.083120902923724,10.927146680842492,17.821578852468747,0.0,17.061398706129417,0.5831643749328904,5.017279836814924,,6.495684156507899,-0.9575003431889053,0.13281277259337454,,-10.462746696982194,12.52074257740068,16397339.403333334
GD,2025-08-27,"GENERAL DYNAMICS INFORMATION TECHNOLOGY, INC.",AERO_DEFENSE,11.317955798732603,12.240304009478475,10.930244600387091,18.14255982656867,0.0,17.06412406887918,0.5739041568493813,5.10594547390058,,9.230122451527858,-0.8181000751706105,0.13399638264280256,,-8.942033929209838,10.759731944780128,19370478.81307692
GD,2025-08-28,"GENERAL DYNAMICS INFORMATION TECHNOLOGY, INC.",AERO_DEFENSE,11.506381952118328,15.974008225806115,10.934643610730843,18.325141281814854,0.0,17.18894997876957,0.5734224299798543,5.176149732573829,,9.123148320718144,-0.7388059557021709,0.18820758848558938,,-8.078579823088637,7.578353494714985,24449115.41285714
GD,2025-08-29,"GENERAL DYNAMICS ORDNANCE & TACTICAL SYSTEMS, INC.",AERO_DEFENSE,11.62318956231827,17.429064377335752,10.933909108755042,18.48726221968013,0.0,17.29990929689446,0.5668633690394635,5.308267697401205,,10.055353656905618,-0.6683977262711682,0.23639660962616027,,-7.308199987547486,4.875805034836045,25989607.594
GD,2025-09-03,"GENERAL DYNAMICS INFORMATION TECHNOLOGY, INC.",AERO_DEFENSE,12.303350794235502,13.669285060751152,10.933213486908322,18.590616923970444,0.0,17.29990929689446,0.5788387285513061,5.402677381872279,,9.594354592712095,-0.6235113481201644,0.23639660962616027,,-6.816982680507771,9.608168416242588,30097630.58235294
GD,2025-09-04,GENERAL DYNAMICS LAND SYSTEMS INC.,AERO_DEFENSE,13.167357987144968,17.27585894286682,10.931093004746598,18.590616923970444,0.0,17.321399984357342,0.578493118869802,5.472270673671475,,8.306233675291619,-0.6235113481201644,0.24572989688681623,,-6.81566053581645,6.36537729163684,30498410.218888886
GD,2025-09-05,"GENERAL DYNAMICS INFORMATION TECHNOLOGY, INC.",AERO_DEFENSE,13.860091952046115,15.047953876444534,10.930594894569408,19.268362351285006,0.0,17.342438522144384,0.5440455387501424,5.552959584921617,,9.357874047960111,-0.32917024709861487,0.2548668180264686,,-3.59802662238027,8.845679940987973,40803645.43631579
GD,2025-09-08,"GENERAL DYNAMICS INFORMATION TECHNOLOGY, INC.",AERO_DEFENSE,14.74669544386109,15.70918773367804,10.931160225715873,19.268362351285006,0.0,17.321399984357342,0.5414978314284974,5.583496308781699,,9.387008310554812,-0.32917024709861487,0.24572989688681623,,-3.5982127125734444,7.916308732470046,39022611.381
GD,2025-09-09,"GENERAL DYNAMICS INFORMATION TECHNOLOGY, INC.",AERO_DEFENSE,15.302696368849734,15.439593084654069,10.930971863755731,19.268362351285006,0.0,17.29990929689446,0.5551331373023095,5.66988092298052,,7.344681840014221,-0.32917024709861487,0.23639660962616027,,-3.598150709420481,4.788780858209972,37456738.61095239
GD,2025-09-10,"GENERAL DYNAMICS MISSION SYSTEMS, INC.",AERO_DEFENSE,14.68878329359331,13.724834178504993,10.92909725294005,19.268362351285006,0.0,17.321399984357342,0.555038412992553,5.736572297479192,,5.166600749746287,-0.32917024709861487,0.24572989688681623,,-3.597533643315069,6.156492157162717,37350965.46136364
GD,2025-09-11,"GENERAL DYNAMICS MISSION SYSTEMS, INC.",AERO_DEFENSE,12.402818195770935,15.5694542334774,10.931415729202456,19.268362351285006,0.0,17.342438522144384,0.6669964615235037,5.793013608384144,,9.18589752925185,-0.32917024709861487,0.2548668180264686,,-3.5982968167192575,8.396980971053033,42869385.49043479
GD,2025-09-12,GENERAL DYNAMICS LAND SYSTEMS INC.,AERO_DEFENSE,13.598705466488449,14.174561320409833,10.940159557180056,19.268362351285006,0.0,17.45710983776257,0.7063256899421764,5.834810737062605,,6.192089427036173,-0.32917024709861487,0.3046679390151237,,-3.601175024735232,8.233318089063378,42391140.3975
GD,2025-09-15,"GENERAL DYNAMICS INFORMATION TECHNOLOGY, INC.",AERO_DEFENSE,13.310326454222654,15.566276915601827,10.935563375415022,19.268362351285006,0.0,17.511848527818355,0.6779081809491472,5.805134968916488,,7.046406908001135,-0.32917024709861487,0.32844065065930916,,-3.5996620984479257,8.831647362597206,42303274.3988
GD,2025-09-17,"GENERAL DYNAMICS MISSION SYSTEMS, INC.",AERO_DEFENSE,13.90252849104172,15.679968446869744,10.935896143335166,19.268362351285006,0.0,17.511848527818355,0.6710627390223419,5.8944028342648505,3.349738068718944,5.9719154110209125,-0.32917024709861487,0.32844065065930916,,-3.599771635746426,5.678610012989129,40227470.302962966
GD,2025-09-18,GENERAL DYNAMICS LAND SYSTEMS INC.,AERO_DEFENSE,14.151680970857416,15.945752016716087,10.934403351417174,19.268362351285006,0.0,17.48962652970786,0.6739134516184279,5.8998973535824915,3.321261362878684,6.933843572787634,-0.32917024709861487,0.3187897592608966,,-3.599280253061914,4.598689067727982,39540091.90214286
GD,2025-09-19,"GENERAL DYNAMICS INFORMATION TECHNOLOGY, INC.",AERO_DEFENSE,14.324286459280632,15.685455679297377,10.933454405195636,19.268362351285006,0.0,17.511848527818355,0.6699483712730302,5.924255797414532,3.550112337533301,4.3092826653999605,-0.32917024709861487,0.32844065065930916,,-3.5989678881996867,1.6007830563467245,43048113.28586207
GD,2025-09-22,"GENERAL DYNAMICS OTS (WILKES BARRE), LLC",AERO_DEFENSE,14.827419263246131,18.32548568364154,10.933454926540357,19.268362351285006,0.0,17.511848527818355,0.649379779384334,5.83773044716594,3.7295015060931433,2.013243290179334,-0.32917024709861487,0.32844065065930916,,-3.5989680598108573,-0.2523096940754143,42105841.23258065
GD,2025-09-23,"GENERAL DYNAMICS INFORMATION TECHNOLOGY, INC.",AERO_DEFENSE,14.635555099880191,14.730926551366261,10.932798777213788,20.02630485303501,0.0,17.536200736910512,0.6498708158884017,5.921578419643816,3.597654137596556,3.581017513988982,0.0,0.33901668094945414,,0.0,0.2544535447062799,55419923.6578125
GD,2025-09-24,"GENERAL DYNAMICS INFORMATION TECHNOLOGY, INC.",AERO_DEFENSE,14.486789650672671,16.633812925070774,10.931617984898468,20.02630485303501,0.0,17.559973986917065,0.6313826891975808,5.991464547107982,3.42709938644733,4.230397319575775,0.0,0.34934127249129077,,0.0,0.711720562041652,58945100.14030302
GD,2025-09-25,GENERAL DYNAMICS LAND SYSTEMS INC.,AERO_DEFENSE,14.200951426987318,13.487968528086121,10.932181862398547,20.02630485303501,0.0,17.601902783600018,0.5897413834635848,6.035481432524756,3.3113366822647663,3.9369146321830417,0.0,0.3675507179452602,,0.0,-1.6968177871357746,60349875.481470585
GD,2025-09-26,"GENERAL DYNAMICS INFORMATION TECHNOLOGY, INC.",AERO_DEFENSE,12.157817023452068,17.355810883460464,10.933267517792425,20.02630485303501,0.0,17.642144074140607,0.7165849039440153,6.075346031088684,3.075632012618759,6.004192423719123,0.0,0.3850272887601571,,0.0,1.8132041805212644,66763866.5162857
GD,2025-09-27,"GENERAL DYNAMICS INFORMATION TECHNOLOGY, INC.",AERO_DEFENSE,11.53990242760441,14.86936115725132,10.941107733627316,20.02630485303501,0.0,17.64516645619415,0.7165849039440153,6.104793232414985,3.075632012618759,6.004192423719123,0.0,0.38633989263676227,,0.0,1.8132041805212644,69679099.77722222
GD,2025-09-28,"GENERAL DYNAMICS INFORMATION TECHNOLOGY, INC.",AERO_DEFENSE,11.53991285593705,13.176853456625999,10.941107733627316,20.02630485303501,0.0,17.642144074140607,0.7165849039440153,6.054439346269371,2.890094828694288,6.004192423719123,0.0,0.3850272887601571,,0.0,1.8132041805212644,67901579.13135134
GD,2025-09-30,"GENERAL DYNAMICS MISSION SYSTEMS, INC.",AERO_DEFENSE,8.651654704655499,12.958285586454322,10.943507021223642,20.02630485303501,0.0,17.642144074140607,0.9168453122412934,6.077642243349034,2.559440163699677,8.102314347811301,0.0,0.3850272887601571,,0.0,0.5256856803768741,75545950.55666666
GD,2025-10-02,"GENERAL DYNAMICS INFORMATION TECHNOLOGY, INC.",AERO_DEFENSE,8.635725679254215,9.326464254220667,10.954582461125629,20.02630485303501,0.0,17.648179730973165,0.9003557754431188,6.180016653652572,2.3084994273889623,6.164734761667011,0.0,0.3876485412741246,,0.0,-1.4919191668038252,77076463.56414634
GD,2025-10-08,"GENERAL DYNAMICS INFORMATION TECHNOLOGY, INC.",AERO_DEFENSE,6.9455404561669765,9.338537437341438,10.957984754730932,20.02630485303501,0.0,17.642144074140607,0.9416138375924176,6.082218910376446,2.647049281722839,6.6611139971304745,0.0,0.3850272887601571,,0.0,-2.9067893025722675,73529789.22651163
GD,2025-10-10,"GENERAL DYNAMICS MISSION SYSTEMS, INC.",AERO_DEFENSE,10.794967981755187,13.019091279483286,10.9571493668886,20.02630485303501,0.0,17.601902783600018,1.047633549773293,5.988961416889864,2.9924271146598125,7.168639004260236,0.0,0.3675507179452602,,0.0,-4.766089917441118,71979818.75340909
GD,2025-10-14,"GENERAL DYNAMICS MISSION SYSTEMS, INC.",AERO_DEFENSE,9.949559290068043,14.690979711984754,10.9483045864811,20.02630485303501,0.0,17.511848527818355,1.0476329949770105,5.817111159963204,3.3679465921732583,7.826872839538357,0.0,0.32844065065930916,,0.0,3.067627867561697,67430932.35148935
GD,2025-10-21,"GENERAL DYNAMICS MISSION SYSTEMS, INC.",AERO_DEFENSE,8.274612686963167,15.02195550402819,10.951925987277132,20.02630485303501,0.0,17.342438522144384,1.1463631935819056,5.53338948872752,3.4744690993168867,3.604969499866505,0.0,0.2548668180264686,,0.0,4.645826884955032,63124446.97627451
GD,2025-10-24,"GENERAL DYNAMICS INFORMATION TECHNOLOGY, INC.",AERO_DEFENSE,5.163157832568532,11.459144552709617,10.95744194135303,20.02630485303501,0.0,17.225165042472998,1.2547661035844986,5.337538079701318,3.3756894638283663,5.618440153924632,0.0,0.203935591343142,,0.0,9.250131672220997,59915620.03814815
GD,2025-10-28,"GENERAL DYNAMICS INFORMATION TECHNOLOGY, INC.",AERO_DEFENSE,6.4038277088633855,8.189588719687038,10.97458816622516,20.02630485303501,0.0,17.13155143620379,1.2400317691027265,4.787491742782046,3.5475920453521685,2.1686963432115736,0.0,0.16327971730067148,,0.0,6.750214860537909,57901229.71196429
GD,2025-10-30,"GENERAL DYNAMICS INFORMATION TECHNOLOGY, INC.",AERO_DEFENSE,7.027437179555163,10.211191713494832,10.96176868312028,20.02630485303501,0.0,17.091710691944375,1.262581418985177,4.6443908991413725,3.650621857802792,2.16698758468108,0.0,0.14597710127319008,,0.0,6.97458528213393,56079870.61827586
GD,2025-11-04,"GENERAL DYNAMICS MISSION SYSTEMS, INC.",AERO_DEFENSE,7.39825510999772,15.652265699788298,10.959728172220066,20.02630485303501,0.0,17.058665895474665,1.2427830449861268,4.2626798770413155,3.93619869490421,3.0641478576468373,0.0,0.1316259279596581,,0.0,12.522166650061564,53480145.95426229
GD,2025-11-05,"GENERAL DYNAMICS INFORMATION TECHNOLOGY, INC.",AERO_DEFENSE,7.573633398531965,15.816130735930471,10.96175597700302,20.02630485303501,0.0,16.98716025954319,1.2271509577082724,4.31748811353631,3.870540808885395,3.962476750406996,0.0,0.10057142359285365,,0.0,8.88561298106869,52922094.59790322
GD,2025-11-06,"GENERAL DYNAMICS MISSION SYSTEMS, INC.",AERO_DEFENSE,8.398708717104508,11.002116507732017,10.961047364910694,20.02630485303501,0.0,16.91014507621676,1.2156422536655682,4.356708826689592,3.81416336204462,3.425644693888219,0.0,0.06712415299340435,,0.0,8.929731227858852,52166889.99968253
GD,2025-11-17,"GENERAL DYNAMICS INFORMATION TECHNOLOGY, INC.",AERO_DEFENSE,7.929306705061179,11.6646454501943,10.96274114156881,20.02630485303501,0.0,16.76815024657417,1.1559833989902293,4.406719247264253,3.6833685687536937,3.965536024855254,0.0,0.005456579019787355,,0.0,12.182862344215351,48125518.94188406
GD,2025-11-24,"GENERAL DYNAMICS MISSION SYSTEMS, INC.",AERO_DEFENSE,9.094373998799156,13.50870073763396,10.957780152615614,20.02630485303501,1.791759469228055,16.73470440288889,0.9115057747184228,4.394449154672439,3.6775141494383576,0.6772689313554014,0.0,-0.009068767106398923,-0.9999999999999999,0.0,11.256752149895188,44687805.83533333
GD,2025-12-08,"GENERAL DYNAMICS MISSION SYSTEMS, INC.",AERO_DEFENSE,9.782678011660018,16.21451294677439,10.95389639971918,20.02630485303501,2.833213344056216,16.737476916894657,1.0121870818677323,4.663439094112067,2.823808296453921,-0.8007036068556239,0.0,-0.007864679507791017,-0.49485002168009395,0.0,5.523777079164539,42713226.85607142
GD,2025-12-09,"GENERAL DYNAMICS INFORMATION TECHNOLOGY, INC.",AERO_DEFENSE,10.35414650931754,15.851036818027994,10.952219381831991,20.02630485303501,2.833213344056216,16.740241765314558,0.98373955938867,4.718498871295094,2.75295213168629,-0.956142024909168,0.0,-0.0066639210311842945,-0.49485002168009395,0.0,6.174320804616395,42425548.4817647
GD,2025-12-10,GENERAL DYNAMICS INFORMATION TECHNOLOGY INC.,AERO_DEFENSE,7.787386570504262,14.830219724917587,10.949964546248088,20.02630485303501,2.8903717578961645,16.737476916894657,1.1217437634725005,4.820281565605037,2.703653514761582,0.844637308084506,0.0,-0.007864679507791017,-0.46852108295774486,0.0,7.91319559360679,42034802.26127906
GD,2025-12-11,"GENERAL DYNAMICS INFORMATION TECHNOLOGY, INC.",AERO_DEFENSE,8.024121413662822,14.06833368092614,10.960185260398244,20.02630485303501,2.9444389791664403,16.740241765314558,1.1098032879874604,4.919980925828125,2.64768037058506,0.6023047051763042,0.0,-0.0066639210311842945,-0.44369749923271273,0.0,6.958438958843338,43715632.506091945
GD,2025-12-12,"GENERAL DYNAMICS MISSION SYSTEMS, INC.",AERO_DEFENSE,9.30125003206619,17.580296391235343,10.95923245970419,20.02630485303501,2.995732273553991,16.747943317960363,1.087310028819673,5.003946305945459,2.5610605711155245,1.207796425542207,0.0,-0.0033191790361710716,-0.4202164033831899,0.0,8.559774263530294,43648027.21045455
GD,2025-12-16,"GENERAL DYNAMICS INFORMATION TECHNOLOGY, INC.",AERO_DEFENSE,9.30125003206619,13.969857464252147,10.958226563605493,20.02630485303501,3.091042453358316,16.747943317960363,1.1198054686188132,5.056245805348308,2.4562729051343,3.25186559940307,0.0,-0.0033191790361710716,-0.37675070960209944,0.0,5.668867422896762,43777801.13455556
GD,2025-12-18,"GENERAL DYNAMICS INFORMATION TECHNOLOGY, INC.",AERO_DEFENSE,9.34984920810309,16.552887898877653,10.952736092756023,20.02630485303501,3.1780538303479458,16.747943317960363,1.1158659792663852,5.147494476813453,2.322407840723778,2.372796790371768,0.0,-0.0033191790361710716,-0.3372421683184259,0.0,6.975062193322135,43221125.17489131
GD,2025-12-19,"GENERAL DYNAMICS INFORMATION TECHNOLOGY, INC.",AERO_DEFENSE,8.698964720914915,16.54560651050762,10.95393501399152,20.02630485303501,3.2188758248682006,16.755586009724475,1.1008292237331092,5.25227342804663,2.273762411624352,1.3307773035728498,0.0,0.0,-0.31875876262441283,0.0,5.557941190909997,46013665.19784947
GD,2025-12-22,"GENERAL DYNAMICS INFORMATION TECHNOLOGY, INC.",AERO_DEFENSE,6.863108487587288,14.730205649481185,10.95652779471473,20.02630485303501,3.258096538021482,16.761887860525484,1.1649906718796663,5.278114659230518,2.223348613211293,1.1721193402823848,0.0,0.0027368591728764713,-0.30102999566398103,0.0,7.555419314280874,47481603.77308512
GD,2025-12-23,"GENERAL DYNAMICS MISSION SYSTEMS, INC.",AERO_DEFENSE,7.282679433960748,16.393359567542646,10.963925399473744,20.02630485303501,3.295836866004329,16.755586009724475,1.1579229394720585,5.313205979041787,2.1718947613449133,0.0035439446688378,0.0,0.0,-0.2839966563652008,0.0,6.518827566807572,47026584.52273685
GD,2025-12-31,"GENERAL DYNAMICS INFORMATION TECHNOLOGY, INC.",AERO_DEFENSE,9.570716665578315,14.164171728221982,10.95666860086227,20.02630485303501,3.5263605246161616,16.747943317960363,0.980274688047028,5.356586274672012,2.0412553574456616,-4.247921616340511,0.0,-0.0033191790361710716,-0.18045606445813123,0.0,1.9168701902639853,45327887.29839999
GD,2026-01-05,"GENERAL DYNAMICS INFORMATION TECHNOLOGY, INC.",AERO_DEFENSE,3.746417943791691,15.754252361425857,10.961667453919286,20.02630485303501,3.6635616461296463,16.747943317960363,1.3047795768297008,5.204006687076795,2.012679929160418,0.6111581063668936,0.0,-0.0033191790361710716,-0.11918640771920863,0.0,7.529576851619057,44928266.60480391
GD,2026-01-06,"GENERAL DYNAMICS MISSION SYSTEMS, INC.",AERO_DEFENSE,2.265193848492819,14.46079308069164,10.976780091737444,20.02630485303501,3.6888794541139363,16.755586009724475,1.2832694548875372,5.225746673713202,1.9909938556921687,2.315025513856983,0.0,0.0,-0.10790539730951965,0.0,9.30158030569952,44377559.96475727
GD,2026-01-09,"GENERAL DYNAMICS MISSION SYSTEMS, INC.",AERO_DEFENSE,4.235993031562857,15.135965907341816,10.971718378062214,20.02630485303501,3.7612001156935624,16.747943317960363,1.5840414644956755,5.231108616854587,2.069494371357948,0.3636819820081349,0.0,-0.0033191790361710716,-0.07572071393811819,0.0,8.639990431356239,43566749.88669811
GD,2026-01-12,"GENERAL DYNAMICS INFORMATION TECHNOLOGY, INC.",AERO_DEFENSE,2.2000238492399182,13.368756815226293,10.974735494304356,20.02630485303501,3.7612001156935624,16.740241765314558,1.631213473983079,5.030437921392435,2.078864828241869,3.886343879785193,0.0,-0.0066639210311842945,-0.07572071393811819,0.0,10.63979333211531,43307015.88373831
GD,2026-01-14,"GENERAL DYNAMICS INFORMATION TECHNOLOGY, INC.",AERO_DEFENSE,0.7871014342769156,15.558264107749402,10.986132557598848,20.02630485303501,3.784189633918261,16.73470440288889,1.5927865099037992,5.099866427824199,2.129277670334838,6.30805283833098,0.0,-0.009068767106398923,-0.0655015487564321,0.0,7.541803088533694,42572751.144495405
GD,2026-01-15,"GENERAL DYNAMICS INFORMATION TECHNOLOGY, INC.",AERO_DEFENSE,0.0517444939078126,18.54129551667639,10.98934824709985,20.02630485303501,3.8066624897703196,16.676100945316296,1.5640322808597635,5.099866427824199,2.1698395635282,5.917876285912315,0.0,-0.03451992676546123,-0.05551732784983132,0.0,8.647717917821751,42236503.82399999
GD,2026-01-21,"GENERAL DYNAMICS MISSION SYSTEMS, INC.",AERO_DEFENSE,0.5044103722933624,13.688533898916901,10.982937750897545,20.02630485303501,3.8918202981106265,16.737476916894657,1.691735625621985,4.852030263919617,2.444776226457098,4.921354465076644,0.0,-0.007864679507791017,-0.017728766960431575,0.0,9.193795144451178,42541823.88482455
GD,2026-01-22,"GENERAL DYNAMICS INFORMATION TECHNOLOGY, INC.",AERO_DEFENSE,0.2159377969849663,15.824015239388387,10.989668686335524,20.02630485303501,3.8918202981106265,16.73470440288889,1.6628945151215375,4.875197323201151,2.492748112606926,2.686853508976683,0.0,-0.009068767106398923,-0.017728766960431575,0.0,8.770445088772828,42215913.21226086
GD,2026-01-26,"GENERAL DYNAMICS MISSION SYSTEMS, INC.",AERO_DEFENSE,0.8472191563114073,14.659231027111028,10.987867205067683,20.02630485303501,3.9318256327243257,16.73470440288889,1.671735890365242,4.820281565605037,2.5912368587310164,4.168452008188517,0.0,-0.009068767106398923,0.0,0.0,6.833604064573118,41591516.7936752
GD,2026-01-28,"GENERAL DYNAMICS INFORMATION TECHNOLOGY, INC.",AERO_DEFENSE,2.646633644936625,12.783558185558096,10.991853806383808,20.02630485303501,3.970291913552122,16.740241765314558,1.7815841198898783,4.976733742420574,2.659122258840846,1.3147678178580424,0.0,-0.0066639210311842945,0.01703333929878048,0.0,3.668164733146508,41206124.16873948
GD,2026-01-29,"GENERAL DYNAMICS INFORMATION TECHNOLOGY, INC.",AERO_DEFENSE,4.620652878838949,17.159548836021536,10.980349211813753,20.02630485303501,3.9889840465642745,16.747943317960363,1.8425639432291103,5.093750200806762,2.659122258840846,-0.1784223695390441,0.0,-0.0033191790361710716,0.02530586526477041,0.0,2.4499872793287025,41356579.02983333
GD,2026-01-30,"GENERAL DYNAMICS MISSION SYSTEMS, INC.",AERO_DEFENSE,4.280954489762401,18.756315092214574,10.972076496929716,20.02630485303501,4.007333185232471,16.755586009724475,1.827057703809288,5.209486152841421,2.659122258840846,1.5543190550449948,0.0,0.0,0.03342375548694987,0.0,3.493949149235089,43023583.629090905
GD,2026-02-02,"GENERAL DYNAMICS INFORMATION TECHNOLOGY, INC.",AERO_DEFENSE,5.701993105541536,10.859018228147887,10.973488925180323,20.02630485303501,4.02535169073515,16.761887860525484,1.810982502056265,5.308267697401205,2.710168887776888,-2.03511744620517,0.0,0.0027368591728764713,0.04139268515822514,0.0,0.9356988891410668,44760127.72139344
GD,2026-02-04,"GENERAL DYNAMICS INFORMATION TECHNOLOGY, INC.",AERO_DEFENSE,3.608123893046456,8.189588719687038,10.97867787704988,20.02630485303501,4.060443010546419,16.761887860525484,1.696243526557855,5.389071729816501,2.7378934755353552,1.593396568659422,0.0,0.0027368591728764713,0.05690485133647272,0.0,5.232542377888415,44477910.31419355
GD,2026-02-09,"GENERAL DYNAMICS INFORMATION TECHNOLOGY, INC.",AERO_DEFENSE,1.6717582815278131,11.51293546492023,10.984457413673834,20.02630485303501,4.110873864173311,16.755586009724475,1.4338011591847242,5.342334251964811,2.7004082965780487,0.6931793648959239,0.0,0.0,0.07918124604762489,0.0,7.318883413895971,43605036.03653544
GD,2026-02-10,"GENERAL DYNAMICS INFORMATION TECHNOLOGY, INC.",AERO_DEFENSE,2.031607997395235,13.59390391250498,10.984493588634756,20.02630485303501,4.127134385045092,16.747943317960363,1.3667167736332813,5.3981627015177525,2.6587247514984926,1.5254693336995029,0.0,-0.0033191790361710716,0.0863598306747484,0.0,5.5777243432208135,43340718.6128125
GD,2026-02-11,"GENERAL DYNAMICS INFORMATION TECHNOLOGY, INC.",AERO_DEFENSE,5.711156470774736,15.479119711521555,10.982959191718916,20.02630485303501,4.143134726391533,16.740241765314558,1.5614334087233332,5.43372200355424,2.655028315766617,-2.194466381923,0.0,-0.0066639210311842945,0.09342168516223515,0.0,0.9564693539077638,42962142.344806194
GD,2026-02-12,"GENERAL DYNAMICS INFORMATION TECHNOLOGY, INC.",AERO_DEFENSE,7.445343907100455,14.137186619069308,10.967573098821685,20.02630485303501,4.1588830833596715,16.737476916894657,1.5748591684219322,5.424950017481403,2.657095476293893,-2.301975164240766,0.0,-0.007864679507791017,0.10037054511756294,0.0,0.7580142191824235,42673621.60838462
GD,2026-02-13,GENERAL DYNAMICS LAND SYSTEMS INC.,AERO_DEFENSE,5.3158462820159125,15.793234662133468,10.960506361775714,20.02630485303501,4.174387269895637,16.740241765314558,1.6451617878654727,5.4510384535657,2.6525473902091083,-0.5881822050665342,0.0,-0.0066639210311842945,0.10720996964786833,0.0,3.441582097898798,42506420.54946565
GD,2026-02-19,"GENERAL DYNAMICS MISSION SYSTEMS, INC.",AERO_DEFENSE,3.324492677649737,12.498596726515524,10.971505208723933,20.02630485303501,4.219507705176107,16.747943317960363,1.6738207242442351,5.476463551931511,2.41011184008267,-0.3902544165384158,0.0,-0.0033191790361710716,0.1271047983648077,0.0,3.3382988039709627,42094383.45492537
GD,2026-02-23,"GENERAL DYNAMICS INFORMATION TECHNOLOGY, INC.",AERO_DEFENSE,8.008096266436283,15.019654547637163,10.973896967195367,20.02630485303501,4.248495242049359,16.747943317960363,1.677525054211245,5.44673737166631,2.283720988147275,1.2862413579634469,0.0,-0.0033191790361710716,0.13987908640123647,0.0,2.0390133927864493,42105418.85139707
GD,2026-02-24,"GENERAL DYNAMICS INFORMATION TECHNOLOGY, INC.",AERO_DEFENSE,8.291188295828732,13.554880588737019,10.970871013418988,20.02630485303501,4.2626798770413155,16.755586009724475,1.6866687149346402,5.472270673671475,2.240047041518653,1.2573170887293372,0.0,0.0,0.14612803567823818,0.0,1.209714025614983,42283107.76642336
GD,2026-02-26,"GENERAL DYNAMICS GLOBAL FORCE, LLC",AERO_DEFENSE,8.43321362273901,13.020004485695972,10.96354184963576,20.02630485303501,4.290459441148391,16.755586009724475,1.7246457648375926,5.5053315359323625,2.1427963751644263,1.9173045547808296,0.0,0.0,0.15836249209524977,0.0,2.896038266727574,42229660.47517986
GD,2026-02-27,GENERAL DYNAMICS LAND SYSTEMS INC.,AERO_DEFENSE,6.510850526331402,17.737652497259024,10.973031006453864,20.02630485303501,4.304065093204169,16.761887860525484,1.7175099915061738,5.521460917862246,2.090860427791182,6.722228958454379,0.0,0.0027368591728764713,0.16435285578443715,0.0,4.934718991994468,42184544.15278572
GD,2026-03-02,"GENERAL DYNAMICS INFORMATION TECHNOLOGY, INC.",AERO_DEFENSE,4.253783626194552,14.575761957629538,10.98079948286201,20.02630485303501,4.330733340286331,16.76815024657417,1.7776031185005,5.241747015059643,2.0443285112720195,8.064671157655434,0.0,0.005456579019787355,0.17609125905568135,0.0,7.599488503182217,43786690.4896454
GD,2026-03-04,"GENERAL DYNAMICS INFORMATION TECHNOLOGY, INC.",AERO_DEFENSE,3.872219783506536,12.653961664405365,10.99000625016004,20.02630485303501,4.356708826689592,16.76815024657417,1.6550028399620962,5.327876168789581,1.9429613774098355,7.180386188090315,0.0,0.005456579019787355,0.1875207208364631,0.0,8.645490106127074,44311515.34636364
GD,2026-03-05,"GENERAL DYNAMICS INFORMATION TECHNOLOGY, INC.",AERO_DEFENSE,5.433031614446615,17.29129480661552,10.991693922817962,20.02630485303501,4.3694478524670215,16.766687982463747,1.6889122997796318,5.318119993844216,1.94367118971896,7.716274069914397,0.0,0.0048215257523711585,0.1931245983544616,0.0,6.1640002575851,44128044.88736112
GD,2026-03-06,"GENERAL DYNAMICS MISSION SYSTEMS, INC.",AERO_DEFENSE,4.623782417574773,14.467549838553563,10.985216604104156,20.02630485303501,4.3694478524670215,16.76815024657417,1.6908775357181172,5.342334251964811,1.9597007900653,9.975246152621809,0.0,0.005456579019787355,0.1931245983544616,0.0,9.532129999980832,44140412.05868965
GD,2026-03-09,"GENERAL DYNAMICS INFORMATION TECHNOLOGY, INC.",AERO_DEFENSE,5.060210789017283,13.349030202693028,10.98856295551404,20.02630485303501,4.382026634673881,16.766687982463747,1.6202305351095876,5.288267030694535,1.9867929071168409,9.137009706923047,0.0,0.0048215257523711585,0.19865708695442263,0.0,8.429502679458302,43968324.01041096
GD,2026-03-10,"GENERAL DYNAMICS INFORMATION TECHNOLOGY, INC.",AERO_DEFENSE,6.948164416208846,16.563920906791925,10.986755030786975,20.02630485303501,4.394449154672439,16.76815024657417,1.6697762234764446,5.342334251964811,1.995306021220394,5.548351195764645,0.0,0.005456579019787355,0.2041199826559248,0.0,6.677341191191343,43998175.62748299
GD,2026-03-11,"GENERAL DYNAMICS INFORMATION TECHNOLOGY, INC.",AERO_DEFENSE,8.874230176079468,12.169212065071353,10.979020000510337,20.02630485303501,4.406719247264253,16.780195850297485,1.6713597849947075,5.3706380281276624,1.995938053542412,5.618894770162852,0.0,0.010687918519463935,0.209515014542631,0.0,6.517490944364047,43970017.08560811
GD,2026-03-13,"GENERAL DYNAMICS INFORMATION TECHNOLOGY, INC.",AERO_DEFENSE,11.705780898163765,14.518560597953607,10.97858011561496,20.02630485303501,4.430816798843313,16.801555354570983,1.4347923489108527,5.37989735354046,1.9942697169126569,6.021703878729145,0.0,0.01996423383500101,0.22010808804005522,0.0,9.306420419075744,43736824.54073334
GD,2026-03-16,"GENERAL DYNAMICS INFORMATION TECHNOLOGY, INC.",AERO_DEFENSE,11.963784496795382,16.24995306338447,10.974020480688724,20.02630485303501,4.442651256490317,16.810924023704455,1.3766147909005484,5.356586274672012,1.9689048658729824,6.585856924135857,0.0,0.024032995346904507,0.22530928172586284,0.0,10.133031622107236,43764630.0307947
GD,2026-03-17,"GENERAL DYNAMICS MISSION SYSTEMS, INC.",AERO_DEFENSE,10.21025734459049,14.83982994404675,10.97751517336016,20.02630485303501,4.454347296253507,16.818610859312784,1.3279908443217074,5.402677381872279,1.942883652554768,6.137743282128372,0.0,0.027371345801229907,0.2304489213782741,0.0,9.733303002439886,43607798.28638158
GD,2026-03-18,"GENERAL DYNAMICS INFORMATION TECHNOLOGY, INC.",AERO_DEFENSE,12.280633565678857,12.369236866782433,10.979874113123929,20.02630485303501,4.465908118654584,16.826239057925864,1.273412044107949,5.4638318050256105,1.947683391843564,7.11120163367156,0.0,0.03068423052955538,0.23552844690754893,0.0,9.772162580849296,43468998.00398693
GD,2026-03-23,"GENERAL DYNAMICS GLOBAL FORCE, LLC",AERO_DEFENSE,14.216787834629564,14.187905375699879,10.966870362728956,20.02630485303501,4.499809670330265,16.840523175333665,1.2635625541678912,5.3981627015177525,1.956761678940264,5.914904836735812,0.0,0.03688774420200858,0.25042000230889405,0.0,6.15300717155236,44821508.35083333
GD,2026-03-24,"GENERAL DYNAMICS MISSION SYSTEMS, INC.",AERO_DEFENSE,14.59285008851472,14.864391374071184,10.968862763124674,20.02630485303501,4.51085950651685,16.826239057925864,1.2559285212336446,5.424950017481403,1.9722762625235188,5.782648556880387,0.0,0.03068423052955538,0.255272505103306,0.0,3.789726701758289,44564117.50764331
GD,2026-03-25,"GENERAL DYNAMICS INFORMATION TECHNOLOGY, INC.",AERO_DEFENSE,12.554563723029144,13.884104283136265,10.967435184196995,20.02630485303501,4.5217885770490405,16.840523175333665,1.2071648426793853,5.501258210544727,1.9658214398858385,8.022330061765825,0.0,0.03688774420200858,0.2600713879850749,0.0,5.507766055332719,44919831.76797468
GD,2026-03-26,"GENERAL DYNAMICS INFORMATION TECHNOLOGY, INC.",AERO_DEFENSE,11.673850521785468,14.547624198203978,10.97522959635585,20.02630485303501,4.532599493153256,16.854606126836533,1.1175910629342245,5.568344503761097,1.9414136739027616,10.73340968035782,0.0,0.043003892623517004,0.2648178230095366,0.0,8.114512090216708,44880237.94742138
GD,2026-03-27,"GENERAL DYNAMICS INFORMATION TECHNOLOGY, INC.",AERO_DEFENSE,15.226677870393246,15.671912505426175,10.978641214385256,20.02630485303501,4.543294782270004,16.859223027513927,1.168314491449412,5.579729825986222,1.9153377116123689,10.015617858350334,0.0,0.04500898720698299,0.2695129442179163,0.0,6.479889292419527,45088654.151375
GD,2026-03-31,GENERAL DYNAMICS INFORMATION TECHNOLOGY INC.,AERO_DEFENSE,16.415140994880307,15.160084690543323,10.961289308118833,20.02630485303501,4.564348191467836,16.86562469959783,1.1084003472124415,5.484796933490655,1.8740221492212887,4.901423785932924,0.0,0.047789198200051786,0.2787536009528291,0.0,3.0414369078371584,45363002.83179013
GD,2026-04-01,"GENERAL DYNAMICS MISSION SYSTEMS, INC.",AERO_DEFENSE,13.987402578098296,16.323936280794886,10.964375021233565,20.02630485303501,4.574710978503383,16.867427433134743,1.227108868006288,5.560681631015528,1.8801640262763253,3.450706973396989,0.0,0.04857211546451534,0.2833012287035497,0.0,4.140996829221844,45871986.59484663
GD,2026-04-02,"GENERAL DYNAMICS MISSION SYSTEMS, INC.",AERO_DEFENSE,14.457602290432025,15.236445563563459,10.973527632179463,20.02630485303501,4.584967478670572,16.889014336963527,1.1916316543950574,5.594711379601839,1.8760212680264503,2.115873601936658,0.0,0.05794718911712593,0.287801729930226,0.0,4.437019670012887,46190513.00463415
GE,2025-08-19,GENERAL ELECTRIC COMPANY,INDUSTRIAL,19.255833212706165,10.346104568628462,11.452149578572326,18.55543068739219,0.0,13.696800161191462,1.4322005439071472,2.1972245773362196,,5.602955575901602,-0.17146844190946275,-0.4307703416251192,,-1.9636822447519073,24.08447523252044,26298903.192
GE,2025-08-22,GENERAL ELECTRIC COMPANY,INDUSTRIAL,18.9873878045822,13.29700720236796,11.452570017428194,18.55543068739219,0.0,13.156540208853723,1.3157428275292518,2.772588722239781,,-0.5803269649252254,-0.17146844190946275,-0.6654026080895505,,-1.963754336747441,21.20817747385016,16544601.816250002
GE,2025-09-09,GENERAL ELECTRIC COMPANY,INDUSTRIAL,18.851453504381908,17.4230372808025,11.464273898255133,18.55543068739219,0.0,13.156540208853723,1.3906535555504629,3.5553480614894135,,7.239340683758954,-0.17146844190946275,-0.6654026080895505,,-1.9657611829571304,21.16582652424954,7197350.651666667
GE,2025-09-17,GENERAL ELECTRIC COMPANY,INDUSTRIAL,13.407690537510364,15.049076904705007,11.49010933750385,18.55543068739219,0.0,13.18122835312773,1.2685601383143044,3.6109179126442243,3.037711631121476,7.158119000863561,-0.17146844190946275,-0.6546806627932478,,-1.9701911454711543,23.534315898529368,7277019.262608697
GE,2025-09-23,GENERAL ELECTRIC COMPANY,INDUSTRIAL,7.422451512311667,9.600284991332169,11.501881260635791,18.55543068739219,0.0,13.18122835312773,1.3447201372242812,3.5263605246161616,5.930936128976183,12.107195782358597,-0.17146844190946275,-0.6546806627932478,,-1.9722096587888664,31.288205360681044,7244741.607037038
GE,2025-10-01,GENERAL ELECTRIC COMPANY,INDUSTRIAL,8.985169740462817,10.968738660743108,11.502122989652948,18.55543068739219,0.0,13.673153971910585,1.4873873448701018,3.8712010109078907,8.75618639619284,13.883755331424275,-0.17146844190946275,-0.44103976284946533,,-1.9722511076868026,38.55658904837915,9889404.055151517
GE,2025-10-08,GENERAL ELECTRIC COMPANY,INDUSTRIAL,9.05503053032808,17.18716136367681,11.50344912951694,18.55543068739219,0.0,13.549107029643332,1.293929895975544,3.784189633918261,8.699606791456384,5.962979340648111,-0.17146844190946275,-0.4949127315049209,,-1.9724784988230353,37.49175623063187,9194160.313055556
GE,2025-10-27,GENERAL ELECTRIC COMPANY,INDUSTRIAL,10.642954767946543,17.136053920473433,11.504194066688305,18.55543068739219,0.0,13.818958168120764,1.5811798803012849,2.9444389791664403,6.871591547720143,5.75285044169922,-0.17146844190946275,-0.37771773706055267,,-1.9726062320391298,27.04320853246088,8489928.503023256
GE,2025-11-19,GENERAL ELECTRIC COMPANY,INDUSTRIAL,15.06395267839904,13.193544487616276,11.49512268022021,18.55543068739219,0.6931471805599453,14.071568804304617,1.3928440003933769,2.302585092994046,5.571808507753015,6.9539406623764455,-0.17146844190946275,-0.2680102350819711,-1.4621396430309408,-1.9710507755354867,9.586253286959431,8166385.089791667
GE,2025-11-25,GENERAL ELECTRIC COMPANY,INDUSTRIAL,17.95780529575046,12.765691290604371,11.492237383917528,18.55543068739219,1.791759469228055,14.071568804304617,1.3591492153050797,2.4849066497880004,5.105684064941417,0.964838610979557,-0.17146844190946275,-0.2680102350819711,-0.7631696386949219,-1.9705560382740188,2.3193024174246624,7876798.338400001
GE,2025-12-16,GENERAL ELECTRIC COMPANY,INDUSTRIAL,15.868980563980427,14.164845147296717,11.502353886844457,19.15496987225807,2.9444389791664403,14.299516329318758,1.857074634788476,3.258096538021482,4.402690099601907,-2.4435062590152823,0.08890811947406796,-0.16901381427865303,-0.20686713792763478,1.022652653604577,8.077750750144853,10149959.615737705
GE,2025-12-18,GENERAL ELECTRIC COMPANY,INDUSTRIAL,14.732133835954198,13.65488127724924,11.489466732071088,19.15496987225807,3.044522437723423,14.299516329318758,2.005009957273836,3.4339872044851463,4.043008528173281,-1.7392661215692051,0.08890811947406796,-0.16901381427865303,-0.16110964736695954,1.0215068809083054,7.734555307652943,10166660.252063492
GE,2026-01-13,GENERAL ELECTRIC COMPANY,INDUSTRIAL,5.656567866863482,15.201805169084134,11.53508551192931,20.025249440492274,3.58351893845611,14.686937994417748,1.7723420418674862,3.784189633918261,4.501943209173649,3.934548548625205,0.466865734882445,-0.0007586369852807806,0.08192840131933488,5.385336174458722,14.612630416188033,20123451.378
GE,2026-01-27,GENERAL ELECTRIC COMPANY,INDUSTRIAL,16.226854709295147,16.808501516545434,11.49191299399454,20.025249440492274,3.7376696182833684,14.70570240766433,2.5205385107558453,3.4965075614664802,4.643951041838284,-6.717831396788587,0.466865734882445,0.007390647521359206,0.15064421368879466,5.365180405146379,-1.8128503560156373,22113228.88439024
GE,2026-02-05,GENERAL ELECTRIC COMPANY,INDUSTRIAL,14.972869189913071,10.072781703299851,11.511032519758404,20.025249440492274,3.8066624897703196,14.892442909291884,2.443272137756489,3.6375861597263857,4.201807125184696,-1.468389649735602,0.466865734882445,0.08849104729979018,0.18131303345524663,5.37410665659273,8.197336361700458,21525385.07597701
GE,2026-02-06,GENERAL ELECTRIC COMPANY,INDUSTRIAL,11.38631737652609,15.488141555592788,11.508248880145423,20.025249440492274,3.8066624897703196,14.811819403363378,2.605375777217385,3.58351893845611,4.201807125184696,1.3754662819935426,0.466865734882445,0.05347669114209985,0.18131303345524663,5.372807070639167,12.178791919752332,21281047.61340909
GE,2026-02-26,GENERAL ELECTRIC COMPANY,INDUSTRIAL,11.402526405227851,14.988556483608702,11.557157463713704,20.025249440492274,3.912023005428146,14.93590651690246,1.7209143213307212,3.332204510175204,3.694169398493482,13.171138458919952,0.466865734882445,0.10736705854084416,0.22805643699757283,5.395640812448832,14.236475338266596,20270983.18202021
GE,2026-03-03,GENERAL ELECTRIC COMPANY,INDUSTRIAL,13.636297866159827,12.87059141589963,11.56075227717824,20.025249440492274,3.9318256327243257,14.948886597396472,1.854752120226353,3.332204510175204,4.13612435497282,16.182845305025474,0.466865734882445,0.11300423770074186,0.23683036130507795,5.397319107678719,16.033301421678267,19584594.763235297
GE,2026-03-10,GENERAL ELECTRIC COMPANY,INDUSTRIAL,16.119080819761255,11.606107563833886,11.53039627581524,20.025249440492274,3.9889840465642745,14.914123179965662,1.8261869421547965,3.5263605246161616,4.5005884819364335,16.65366080243456,0.466865734882445,0.0979066723923907,0.26213622656984836,5.383146930794289,8.686706282256672,18723942.08682243
GE,2026-03-13,GENERAL ELECTRIC COMPANY,INDUSTRIAL,26.51474059585548,13.971700095051638,11.509348616364468,20.025249440492274,4.04305126783455,14.925074161482385,2.2958266651578003,3.6375861597263857,4.483133787388855,2.251863900058704,0.466865734882445,0.10266262481319632,0.28604838397525967,5.373320499797249,-0.183055698442236,18335160.93918182
GE,2026-03-18,GENERAL ELECTRIC COMPANY,INDUSTRIAL,25.980876949156915,14.609400236533654,11.502771164019569,20.025249440492274,4.060443010546419,14.93590651690246,2.1137611154939617,3.4965075614664802,4.397125460939809,1.951965879645212,0.466865734882445,0.10736705854084416,0.29373521264155067,5.370249712674593,0.2577752086603047,18201189.20783784
HII,2025-08-14,HUNTINGTON INGALLS INCORPORATED,AERO_DEFENSE,33.41396916245174,9.32143441948177,10.01690873723238,15.592417607376948,0.0,15.042000830480458,2.358223236072833,2.0794415416798357,,8.581778436969191,-1.9256128367640946,-0.7442006920466921,,-19.28868804910909,51.104150374013216,3014403.0
HII,2025-08-18,HUNTINGTON INGALLS INC,AERO_DEFENSE,34.07213208896989,10.353384133154211,10.011752441116876,16.60792758119027,0.0,15.042000830480458,2.351570970235054,2.70805020110221,,9.82741750307774,-1.4845824119642543,-0.7442006920466921,,-14.863271587022302,45.717080486491945,5592614.21
HII,2025-08-20,HUNTINGTON INGALLS INCORPORATED,AERO_DEFENSE,34.32816745076865,10.565943539941884,10.010363705272042,16.60792758119027,0.0,14.215662241467271,2.1394152143383987,3.044522437723423,,9.05182127279014,-1.4845824119642543,-1.1030751451236949,,-14.861209894212198,45.66675821896731,3677368.806666666
HII,2025-08-22,HUNTINGTON INGALLS INC,AERO_DEFENSE,32.89021918919881,12.318298043868447,10.01212752121508,16.879667214779733,0.0,14.215662241467271,2.1458542857877814,3.4011973816621555,,10.277042806668122,-1.3665673822500413,-1.1030751451236949,,-13.682246897420486,46.09425430537855,5455125.88625
HII,2025-08-26,HUNTINGTON INGALLS INC,AERO_DEFENSE,35.01221891889947,14.320821604360223,10.018983140752932,16.879667214779733,0.0,14.759087414416022,2.124982398308586,3.6109179126442243,,12.037790991892836,-1.3665673822500413,-0.8670684691543169,,-13.69161556346603,29.90946868276882,4443159.009000001
HII,2025-08-27,HUNTINGTON INGALLS INCORPORATED,AERO_DEFENSE,34.24536487699106,16.796760162118467,10.020616405086027,16.879667214779733,0.0,14.93430089364584,2.13270909018415,3.6888794541139363,,14.633229311462491,-1.3665673822500413,-0.7909741948009641,,-13.693847529230231,29.80440552855601,4747212.462727273
HII,2025-08-28,HUNTINGTON INGALLS INCORPORATED,AERO_DEFENSE,34.79157809816697,15.420155000054308,10.027985120899457,19.391581949087655,0.0,15.007322771110305,1.1952729026434168,3.8501476017100584,,11.569058514454266,-0.27565665549489005,-0.7592611863693,,-2.7642808397796648,27.9698440803267,26316528.67416667
HII,2025-09-03,HUNTINGTON INGALLS INC,AERO_DEFENSE,48.51902445601824,14.16608151039354,10.019495013336591,19.391581949087655,0.0,15.081830640657941,0.7923559358449614,3.9889840465642745,,11.73915944759003,-0.27565665549489005,-0.7269028202972576,,-2.7619404851240934,26.14899989673165,22829486.206000004
HII,2025-09-04,HUNTINGTON INGALLS INCORPORATED,AERO_DEFENSE,53.15036626127545,12.696965933588212,10.018882665693145,19.391581949087655,0.0,15.273993362621045,0.7354224669635715,4.204692619390966,,10.394934926996816,-0.27565665549489005,-0.6434475891199716,,-2.761771687420701,21.19223203243741,21666689.8575
HII,2025-09-16,HUNTINGTON INGALLS INC,AERO_DEFENSE,56.58632783119055,14.849691341990566,10.02479240008306,19.391581949087655,0.0,15.563207370728076,0.8921386339407964,4.477336814478207,1.966480723799236,5.994383438982819,-0.27565665549489005,-0.5178435159409736,,-2.763400745037488,18.886897763553613,17056278.977826085
HII,2025-09-23,HUNTINGTON INGALLS INC,AERO_DEFENSE,55.688815299913294,13.744882063861354,10.029759128447674,19.391581949087655,0.0,15.577919140001619,0.831458777993701,4.564348191467836,2.8265178190959754,8.070895692330083,-0.27565665549489005,-0.5114542746217428,,-2.764769856767229,19.105320136952944,14307465.759285714
HII,2025-09-24,HUNTINGTON INGALLS INCORPORATED,AERO_DEFENSE,55.50240549552852,12.425059570028097,10.02952314218168,19.391581949087655,0.0,15.592417607376948,0.8349466715855914,4.624972813284271,2.901639357776996,8.1996846809804,-0.27565665549489005,-0.5051576691716866,,-2.7647048055824026,19.13049270279661,13617716.022413792
HII,2025-09-26,HUNTINGTON INGALLS INCORPORATED,AERO_DEFENSE,54.79955322233903,11.040887768411498,10.031876984730092,19.391581949087655,0.0,15.753924250096468,1.1027821242846487,4.6443908991413725,2.984389527904898,5.026919020214815,-0.27565665549489005,-0.43501621449129946,,-2.7653536579468594,20.65754978341861,13289317.85451613
HII,2025-10-02,HUNTINGTON INGALLS INCORPORATED,AERO_DEFENSE,52.907207100447984,9.458371638798171,10.044979570307676,19.391581949087655,0.0,15.802349164443894,1.296450071106096,4.787491742782046,2.487481973785623,6.402811133671138,-0.27565665549489005,-0.41398553844870634,,-2.7689654728655118,13.730074707285825,13339294.958285714
HII,2025-10-08,HUNTINGTON INGALLS INCORPORATED,AERO_DEFENSE,48.380409399477145,14.550560428882312,10.044021842036086,19.391581949087655,0.0,15.592417607376948,1.3249603046927672,4.762173934797756,3.031624761260717,6.716813379018948,-0.27565665549489005,-0.5051576691716866,,-2.7687014686932923,7.59615304572749,12076300.577948716
HII,2025-10-14,HUNTINGTON INGALLS INCORPORATED,AERO_DEFENSE,54.040041938744544,13.888761019703868,10.047839961435974,19.391581949087655,0.0,15.563207370728076,1.437097353675625,4.584967478670572,3.4077300503043126,10.378590164218116,-0.27565665549489005,-0.5178435159409736,,-2.7697539587173456,11.04431677239048,11541591.842439024
HII,2025-10-16,HUNTINGTON INGALLS INC,AERO_DEFENSE,59.097315638978266,12.872693595950102,10.043382196842892,19.391581949087655,0.0,15.511365838833184,1.5682651297098555,4.61512051684126,3.587848274607374,2.5075896435540423,-0.27565665549489005,-0.5403580112012181,,-2.768525146238633,5.757349400337851,11105696.593953488
HII,2025-10-22,HUNTINGTON INGALLS INCORPORATED,AERO_DEFENSE,61.17438932034058,7.419979923661835,10.047281441161587,19.391581949087655,0.0,15.273993362621045,1.681822743499754,4.477336814478207,3.810408764313172,3.8631662119252175,-0.27565665549489005,-0.6434475891199716,,-2.769599998886482,5.800541372974791,10377060.96826087
HII,2025-11-05,HUNTINGTON INGALLS INCORPORATED,AERO_DEFENSE,49.0658142072365,14.452173626703322,10.08815685563196,19.391581949087655,0.0,15.007322771110305,2.271026550764839,3.713572066704308,4.0142185513237365,9.275778380565502,-0.27565665549489005,-0.7592611863693,,-2.7808675789313524,20.484160807578373,9318225.12576923
HII,2025-11-24,HUNTINGTON INGALLS INC,AERO_DEFENSE,47.50741553257767,10.596659732783579,10.07360419819207,19.391581949087655,1.6094379124341003,14.815101087431023,2.200604199888057,3.5263605246161616,5.511603984905827,10.491853968860877,-0.27565665549489005,-0.842742030844418,-1.0969100130080562,-2.7768560420529096,25.690407504317747,10813826.910491802
HII,2025-11-25,HUNTINGTON INGALLS INCORPORATED,AERO_DEFENSE,45.25307578483031,9.849823027950436,10.079856842041483,20.409072385684574,1.791759469228055,14.876476014278683,2.2084016107015865,3.6635616461296463,5.511603984905827,10.972303091847111,0.16623382755871852,-0.8160872292724655,-0.9999999999999999,1.675613184096493,26.23220652718608,22419696.17
HII,2025-12-01,HUNTINGTON INGALLS INC,AERO_DEFENSE,48.42584586534011,14.10319313041593,10.08692197204426,20.409072385684574,2.302585092994046,15.007322771110305,1.614535963892204,3.6888794541139363,5.482513329726169,8.204895188281357,0.16623382755871852,-0.7592611863693,-0.7447274948966939,1.6767876476990544,25.1654497758816,21905819.1959375
HII,2025-12-09,HUNTINGTON INGALLS INCORPORATED,AERO_DEFENSE,44.51432458903059,10.370329940319197,10.090040329241566,20.409072385684574,2.70805020110221,15.007322771110305,1.7886267013402384,3.8501476017100584,5.189684587115421,12.23162077502431,0.16623382755871852,-0.7592611863693,-0.5528419686577808,1.6773060241516577,20.7483245730876,21831488.473857146
HII,2025-12-12,HUNTINGTON INGALLS INCORPORATED,AERO_DEFENSE,39.22299171840704,16.304633587151777,10.1046939269005,20.409072385684574,2.8903717578961645,15.075373405421342,1.7464882424056436,4.204692619390966,5.107579481891161,16.309138130518022,0.16623382755871852,-0.7297071627218727,-0.46852108295774486,1.679741947778008,29.79143711562144,21608588.27630137
HII,2025-12-18,HUNTINGTON INGALLS INCORPORATED,AERO_DEFENSE,41.07424608228663,13.366505703090583,10.097415422378624,20.409072385684574,3.044522437723423,15.081830640657941,1.77824958988902,4.343805421853684,4.969854177304829,14.44667485818103,0.16623382755871852,-0.7269028202972576,-0.3979400086720375,1.6785320141124331,25.07571147118308,21186265.57844156
HII,2026-01-20,HUNTINGTON INGALLS INCORPORATED,AERO_DEFENSE,9.521115194469164,8.951958168569265,10.21982585220588,20.409072385684574,3.7376696182833684,14.93430089364584,2.5413618794464723,3.091042453358316,7.750512787598081,45.39850889955363,0.16623382755871852,-0.7909741948009641,-0.08618614761628329,1.6988807683957257,53.54140897671294,19120220.632307693
HII,2026-01-27,HUNTINGTON INGALLS INCORPORATED,AERO_DEFENSE,7.653405455751017,13.165652725502726,10.207056739417022,20.409072385684574,3.8501476017100584,14.913639062961266,2.338466692921624,3.5553480614894135,8.814970922250568,40.82360379694463,0.16623382755871852,-0.7999475168151449,-0.03621217265444465,1.6967581099023048,46.130518548522616,18239685.578541663
HII,2026-01-29,HUNTINGTON INGALLS INC,AERO_DEFENSE,6.385209382264012,12.139900791229923,10.219305519195553,20.409072385684574,3.8712010109078907,14.913639062961266,2.212797576928991,3.784189633918261,8.814970922250568,31.38700567638879,0.16623382755871852,-0.7999475168151449,-0.026872146400301222,1.698794271447814,51.66698441589786,17995791.101428572
HII,2026-01-30,HUNTINGTON INGALLS INC,AERO_DEFENSE,8.237100720933022,14.328175489166785,10.22178944319834,20.83239945399623,3.8918202981106265,14.93430089364584,2.273770877265291,3.9318256327243257,8.814970922250568,31.44927614435296,0.35008243757197555,-0.7909741948009641,-0.017728766960431575,3.5784689646223615,51.13419622235709,29079786.78727273
HII,2026-02-02,HUNTINGTON INGALLS INCORPORATED,AERO_DEFENSE,8.291185839232007,11.005261504541817,10.21429454530128,20.83239945399623,3.912023005428146,14.98555551716541,2.2482067812168607,4.143134726391533,8.814970922250568,30.34377005153361,0.35008243757197555,-0.7687145875459445,-0.008773924307505121,3.575845132497206,49.11554616189853,29380559.5294
HII,2026-02-04,HUNTINGTON INGALLS INC,AERO_DEFENSE,10.167944887030478,14.745377514434198,10.223622945749923,20.83239945399623,3.912023005428146,14.93430089364584,2.3999915020330005,4.204692619390966,9.013615181597162,33.19003474052214,0.35008243757197555,-0.7909741948009641,-0.008773924307505121,3.5791108416649142,47.75932932656603,29102329.949900992
HII,2026-02-10,HUNTINGTON INGALLS INC,AERO_DEFENSE,13.966455545352584,13.962201482877678,10.198865536156518,20.83239945399623,3.970291913552122,14.93430089364584,3.508112982377718,4.189654742026425,9.163175596353431,24.60731921335076,0.35008243757197555,-0.7909741948009641,0.01703333929878048,3.570443707366487,43.09070162390931,29630535.008952383
HII,2026-02-11,HUNTINGTON INGALLS INCORPORATED,AERO_DEFENSE,15.902175437179,14.982968018323369,10.191907498987838,20.83239945399623,3.970291913552122,14.913639062961266,3.4393836751897764,4.23410650459726,9.09804926174244,22.88118318170677,0.35008243757197555,-0.7999475168151449,0.01703333929878048,3.5680078207537593,39.34437480596815,29367353.03716981
HII,2026-02-17,HUNTINGTON INGALLS INCORPORATED,AERO_DEFENSE,8.931349841469238,12.819807232353092,10.212517996802504,20.83239945399623,4.02535169073515,15.034310692118039,3.57349236929059,4.290459441148391,8.752527095994346,31.990814960881742,0.35008243757197555,-0.7475404776859662,0.04139268515822514,3.5752231940682893,48.89020624493996,28717946.3480734
HII,2026-02-18,HUNTINGTON INGALLS INCORPORATED,AERO_DEFENSE,7.12132892823294,12.45944273726421,10.211531688674349,20.83239945399623,4.02535169073515,14.98555551716541,3.546986225330317,4.382026634673881,8.63219270073092,33.90464307531051,0.35008243757197555,-0.7687145875459445,0.04139268515822514,3.5748779049145876,50.837290401140045,28472639.58127273
HII,2026-02-25,HUNTINGTON INGALLS INC,AERO_DEFENSE,4.492366084077037,14.370542714234663,10.241548299833797,20.83239945399623,4.07753744390572,14.913639062961266,3.6981934277420048,4.477336814478207,8.429666921583292,36.91090669164978,0.35008243757197555,-0.7999475168151449,0.06445798922691859,3.5853861933169373,54.147435210817065,27620764.71877193
HII,2026-02-26,HUNTINGTON INGALLS INCORPORATED,AERO_DEFENSE,2.742176589221024,14.078629153237348,10.229600010691836,20.83239945399623,4.0943445622221,14.93430089364584,3.712364200305441,4.499809670330265,8.373674737840025,40.0908970047424,0.35008243757197555,-0.7909741948009641,0.07188200730612548,3.581203307129305,58.01086699412545,27447326.251652174
HII,2026-03-03,HUNTINGTON INGALLS INC,AERO_DEFENSE,0.0,9.08398318309966,10.248684573974664,20.83239945399623,4.143134726391533,14.98555551716541,3.77995029795988,4.31748811353631,8.27891609454347,43.067163573273625,0.35008243757197555,-0.7687145875459445,0.09342168516223515,3.587884477563354,60.90588130750933,26986809.5079661
HII,2026-03-04,HUNTINGTON INGALLS INCORPORATED,AERO_DEFENSE,0.0,11.462221470595523,10.23566532175161,20.83239945399623,4.1588830833596715,14.93430089364584,3.759511292047976,4.343805421853684,8.236679421782213,38.38156926976497,0.35008243757197555,-0.7909741948009641,0.10037054511756294,3.583326666009743,56.27736848909717,26735769.621344537
HII,2026-03-05,HUNTINGTON INGALLS INCORPORATED,AERO_DEFENSE,1.996812731956199,12.611541086966115,10.232398307985536,20.83239945399623,4.174387269895637,14.913639062961266,3.7479239445302377,4.330733340286331,8.1961650260265,39.0562215885293,0.35008243757197555,-0.7999475168151449,0.10720996964786833,3.5821829418669346,49.51572966039068,26516120.83283333
HII,2026-03-09,HUNTINGTON INGALLS INC,AERO_DEFENSE,0.0,12.85037878562651,10.224455708622983,20.83239945399623,4.174387269895637,14.913639062961266,2.2504727072536594,4.330733340286331,8.165846085694133,37.22739977092542,0.35008243757197555,-0.7999475168151449,0.10720996964786833,3.5794023773214345,55.31620429899036,26048284.220819674
HII,2026-03-11,HUNTINGTON INGALLS INC,AERO_DEFENSE,3.454186137396209,13.122365377402328,10.212553960658056,20.83239945399623,4.204692619390966,14.884159564266449,2.305637966375747,4.394449154672439,8.107967233668584,28.590981529363468,0.35008243757197555,-0.8127503047607956,0.12057393120585003,3.5752357843825053,49.79476224057032,25642206.797903225
HII,2026-03-16,HUNTINGTON INGALLS INC,AERO_DEFENSE,2.736497927438375,13.020957255039413,10.210677542441344,20.83239945399623,4.248495242049359,14.892541297993466,2.023159047695428,4.382026634673881,8.143644228542065,29.032121928630485,0.35008243757197555,-0.8091101628093078,0.13987908640123647,3.5745788833192944,51.36479297860108,27864699.69637795
HII,2026-03-24,HUNTINGTON INGALLS INC,AERO_DEFENSE,2.3055186044772524,7.766840537085513,10.190206940936449,20.83239945399623,4.330733340286331,14.892541297993466,1.9134424871496287,4.304065093204169,7.897616808739374,18.602004898714675,0.35008243757197555,-0.8091101628093078,0.17609125905568135,3.5674124852458964,42.102067023387264,26773043.6762406
HII,2026-03-31,HUNTINGTON INGALLS INCORPORATED,AERO_DEFENSE,8.278496161646732,17.91039582397973,10.16049334379,20.83239945399623,4.394449154672439,14.98555551716541,2.0580382913236823,4.406719247264253,7.446051380836884,13.50541924892732,0.35008243757197555,-0.7687145875459445,0.2041199826559248,3.5570102767278358,36.3788824497671,33396490.81847826
HII,2026-04-03,HUNTINGTON INGALLS INCORPORATED,AERO_DEFENSE,0.9051665254842244,13.19458915076128,10.19174744603592,20.83239945399623,4.406719247264253,15.034310692118039,2.1595719070231154,4.543294782270004,6.962201586114272,13.173556942625488,0.35008243757197555,-0.7475404776859662,0.209515014542631,3.5679517890262114,41.384491913902565,35335946.042127654
HON,2025-08-13,HONEYWELL INTERNATIONAL INC.,INDUSTRIAL,1.934099879130424,13.873138062319617,11.124767491117188,16.209182424725718,0.0,16.209182424725718,1.640434589328604,1.0986122886681096,,-10.26047340199976,-1.19043115141357,0.6603438612458614,,-13.243269773658886,-1.2247620748074397,10953639.5
HON,2025-09-05,HONEYWELL INTERNATIONAL INC.,INDUSTRIAL,6.132679234006533,16.134412365396372,11.123304242821002,18.950251362801062,0.0,16.108859451282772,0.8957423208915904,3.367295829986474,,-12.454792075846076,0.0,0.6167741432874498,,0.0,-12.348749595488083,22745539.37857143
HON,2025-09-18,HONEYWELL INTERNATIONAL INC.,INDUSTRIAL,13.001498213513464,10.91237569707775,11.116222181075328,18.950251362801062,0.0,16.024232394455417,1.0485130074782048,3.713572066704308,-1.7225097900058497,-15.067545692442197,0.0,0.5800210756167248,,0.0,-17.968129757780847,18394718.36428571
HON,2025-09-19,"HONEYWELL INTERNATIONAL, INC",INDUSTRIAL,15.845508373198117,14.026632409340833,11.113175067725315,18.950251362801062,0.0,16.02170428748552,1.0465050914712308,3.784189633918261,-1.7225097900058497,-14.730962781218436,0.0,0.5789231325892858,,0.0,-19.560544784867016,17617346.45590909
HON,2025-09-22,HONEYWELL INTERNATIONAL INC.,INDUSTRIAL,16.19357034487372,16.46168542627038,11.111456838471192,18.950251362801062,0.0,16.019169772988434,0.8371651587359671,3.7376696182833684,-1.7225097900058497,-16.48284372938784,0.0,0.5778224068075337,,0.0,-20.17028312244165,17155002.591739126
HON,2025-09-26,HONEYWELL INTERNATIONAL INC.,INDUSTRIAL,20.659972159904783,14.307392538601528,11.1098566595457,18.950251362801062,0.0,16.019169772988434,0.7860434114973577,3.912023005428146,-3.1370503094634574,-19.49635631108807,0.0,0.5778224068075337,,0.0,-21.599240545894062,15848589.89111111
HON,2025-09-29,HONEYWELL INTERNATIONAL INC.,INDUSTRIAL,21.57686569027519,16.47767475015288,11.10900222260277,18.950251362801062,0.0,15.95547786127992,0.7962594651967284,3.7612001156935624,-3.420637427372846,-18.91721123353981,0.0,0.550161357857573,,0.0,-19.54385151590765,15359982.898571428
HON,2025-09-30,"HONEYWELL FEDERAL MANUFACTURING & TECHNOLOGIES, LLC",INDUSTRIAL,21.61253518139641,18.190170890178578,11.111270091730727,18.950251362801062,0.0,16.019169772988434,0.8017508513704724,3.828641396489095,-3.777116525178603,-19.22386721398085,0.0,0.5778224068075337,,0.0,-18.64450482197921,15496244.564827586
HON,2025-11-24,HONEYWELL INTERNATIONAL INC.,INDUSTRIAL,32.127349803462366,14.538775122593961,11.123523452497894,19.556989594845614,1.0986122886681096,14.956361841533235,1.0767777099684028,3.091042453358316,-1.7727258940729835,-12.219420164590034,0.2635030672999683,0.11625069602150084,-1.1611096473669595,2.9310825489163284,-23.86661298387025,17835928.442291666
HON,2025-12-09,HONEYWELL INTERNATIONAL INC.,INDUSTRIAL,31.07822576860764,14.304041583852946,11.128002754559718,20.052847429339614,2.5649493574615367,15.022464483330012,1.1508650368967293,2.772588722239781,-2.1296646854126995,-7.772635431318597,0.4788513891742312,0.14495871747000066,-0.3829583969833159,5.328659577755593,-23.02194176941996,26271429.834716983
HON,2025-12-22,HONEYWELL INTERNATIONAL INC.,INDUSTRIAL,27.20527867972087,13.965289992088355,11.143817219892949,20.052847429339614,2.9444389791664403,14.705868318320872,0.9850764192274322,3.2188758248682006,-2.0685022654299368,-3.317171836879673,0.4788513891742312,0.007462701633565771,-0.20686713792763478,5.336232356449457,-23.135248636288573,24618190.577377047
HON,2025-12-29,HONEYWELL INTERNATIONAL INC.,INDUSTRIAL,26.475948732940324,14.313597222645141,11.140005304537976,20.052847429339614,3.1780538303479458,14.674658520581985,0.9048025832212642,2.995732273553991,-1.5362653019194898,-3.393245449714988,0.4788513891742312,-0.00609154695762637,-0.10041180701334795,5.334407015486314,-22.273141835737675,24239858.10048387
HON,2025-12-30,"HONEYWELL FEDERAL MANUFACTURING & TECHNOLOGIES, LLC",INDUSTRIAL,26.94615647358152,16.90891595101675,11.139388760345286,20.052847429339614,3.2188758248682006,14.642443205119218,0.8720753429597611,3.044522437723423,-1.4436615600213432,-2.7068944687409724,0.4788513891742312,-0.020082486717839743,-0.08192840131933488,5.334111782443157,-21.42764989974483,23881218.586666662
HON,2026-02-20,HONEYWELL BUILDING SOLUTIONS SES CORP,INDUSTRIAL,2.17299498219774,15.310452959655263,11.226326495863178,20.052847429339614,3.8066624897703196,14.589128862106861,1.4581005527766655,3.2188758248682006,1.6214468016800718,23.469785245731067,0.4788513891742312,-0.04323662209659318,0.18131303345524663,5.375742037867562,10.790869078496822,21409924.015058823
HON,2026-02-26,HONEYWELL INTERNATIONAL INC.,INDUSTRIAL,3.48366836670484,17.243252527308698,11.228898296259027,20.052847429339614,3.8712010109078907,14.589128862106861,1.3727194479423566,3.332204510175204,1.998100122382433,24.171457652656912,0.4788513891742312,-0.04323662209659318,0.20995821490477673,5.376973548059793,12.695572960940906,20609036.25011236
HON,2026-03-12,HONEYWELL INTERNATIONAL INC.,INDUSTRIAL,2.470964705858747,13.834476560878048,11.200731369535688,20.751075266539154,3.970291913552122,14.66672525893503,1.348221646548406,3.5553480614894135,2.6309965165978846,23.133038043378107,0.7820878864079184,-0.009536920179391117,0.25386370060385843,8.759956323023035,17.953764123681417,31163040.690520834
HON,2026-04-01,HONEYWELL INTERNATIONAL INC.,INDUSTRIAL,4.805966103815873,13.186725007897673,11.175700748167586,20.751075266539154,4.143134726391533,14.69043164538532,1.4274971831757048,3.4011973816621555,1.8181140624698409,18.50759033475139,0.7820878864079184,0.0007586369852816688,0.3302520464673131,8.740380177261779,18.74561777139152,28851041.2164486
IBM,2025-08-19,INTERNATIONAL BUSINESS MACHINES CORPORATION,TECH_SERVICES,31.26521676643288,12.271664158951728,11.337260518786168,15.351564334980853,0.0,13.066880645883064,2.083647659502085,1.9459101490553132,,-16.03501883571611,-1.3381246035539256,-1.1895860905074125,,-15.170667237088315,-12.67871837506782,1577966.9966666668
IBM,2025-08-27,INTERNATIONAL BUSINESS MACHINES CORPORATION,TECH_SERVICES,29.35661090380166,15.330877889573674,11.342990150466202,17.898977105537625,0.0,14.144679360750496,1.4102696207955587,2.9444389791664403,,-16.01487269342455,-0.23179720801597803,-0.7215034503788242,,-2.629273447430804,-13.804375251344414,7970341.331111112
IBM,2025-08-29,INTERNATIONAL BUSINESS MACHINES CORPORATION,TECH_SERVICES,30.07380555428749,16.652954212801678,11.3485038646902,17.898977105537625,0.0,14.144679360750496,1.2771814031423256,3.1354942159291497,,-16.239514225634224,-0.23179720801597803,-0.7215034503788242,,-2.6305515109937248,-19.699790911470828,6186100.277272728
IBM,2025-09-02,INTERNATIONAL BUSINESS MACHINES CORPORATION,TECH_SERVICES,31.1456342500978,14.805052123325165,11.344526813350676,17.898977105537625,0.0,14.406864704607251,1.2700616121304047,3.295836866004329,,-17.17263952330149,-0.23179720801597803,-0.6076377302371467,,-2.629629641597087,-17.547816875963463,7328421.353333334
IBM,2025-09-23,INTERNATIONAL BUSINESS MACHINES CORPORATION,TECH_SERVICES,16.33730796546182,13.837818113932837,11.391607585199424,17.898977105537625,0.0,15.280038717051212,1.1022916473876403,3.8712010109078907,7.807152536028151,-13.5454158596653,-0.23179720801597803,-0.22842293487911558,,-2.640542833062864,-8.691927586117298,7219199.776956522
IBM,2025-09-26,INTERNATIONAL BUSINESS MACHINES CORPORATION,TECH_SERVICES,11.398379244889869,15.01247429708129,11.407431630622456,17.898977105537625,0.0,15.270181622778725,1.6024157504724703,3.9889840465642745,9.122470123542266,-7.456328616416186,-0.23179720801597803,-0.23270381752383518,,-2.644210802611441,-5.067494975216057,7667055.314999999
IBM,2025-09-29,INTERNATIONAL BUSINESS MACHINES CORPORATION,TECH_SERVICES,13.193970170452165,13.374164353968087,11.411837931549696,18.265082631783475,0.0,15.270181622778725,1.645622652830377,4.02535169073515,9.695082107467115,-9.945613432147129,-0.07279959592981733,-0.23270381752383518,,-0.8307771902333803,-6.744147742752652,10141572.185714286
IBM,2025-10-07,INTERNATIONAL BUSINESS MACHINES CORPORATION,TECH_SERVICES,7.774418472334776,9.565345522585666,11.419574347321449,18.265082631783475,0.0,15.260226398115778,1.5359344728628412,4.07753744390572,11.55543340444057,-3.1366209378544063,-0.07279959592981733,-0.23702731767554042,,-0.831340398175509,-1.4428713041642285,9867191.008709677
IBM,2025-10-22,INTERNATIONAL BUSINESS MACHINES CORPORATION,TECH_SERVICES,10.158506266272283,7.565109465043268,11.408371863906332,18.265082631783475,0.0,15.18004946606442,1.8278425430854,3.6109179126442243,11.613279745595502,4.892237201043015,-0.07279959592981733,-0.2718477253906322,,-0.8305248619094779,1.3178935164886347,9318182.656764705
IBM,2025-11-17,INTERNATIONAL BUSINESS MACHINES CORPORATION,TECH_SERVICES,5.909069666116262,13.505089230542977,11.447211749490515,18.265082631783475,0.0,15.092879437033663,2.381193779168731,2.5649493574615367,9.836157772023013,19.987621084975824,-0.07279959592981733,-0.30970519809265973,,-0.8333523898859668,1.6857168466561705,8350631.015609756
IBM,2025-12-01,INTERNATIONAL BUSINESS MACHINES CORPORATION,TECH_SERVICES,2.963968855660481,14.906089519020473,11.451298295990014,18.265082631783475,2.0794415416798357,15.029224976314032,1.742981656461182,2.8903717578961645,9.372309925717865,18.274699654170146,-0.07279959592981733,-0.3373499870888219,-0.7982424446632083,-0.8336498888198788,-1.4302650047630865,7378055.361632653
IBM,2025-12-04,INTERNATIONAL BUSINESS MACHINES CORPORATION,TECH_SERVICES,2.188392123050153,13.109116584786415,11.442828162406188,18.265082631783475,2.3978952727983707,14.889891045310522,1.720500643865365,3.1354942159291497,9.063568217395977,15.332583603270455,-0.07279959592981733,-0.3978619637558394,-0.6433404846774651,-0.8330332665175046,-2.828537819673315,7041703.979807691
IBM,2025-12-05,INTERNATIONAL BUSINESS MACHINES CORPORATION,TECH_SERVICES,2.204977244199613,13.274324622166901,11.4504670997144,18.265082631783475,2.4849066497880004,14.906089519020473,1.6686940012515374,3.2188758248682006,9.063568217395977,15.921072429606207,-0.07279959592981733,-0.39082705362521963,-0.6019477995192402,-0.8335893780668757,-3.81646148582322,7011004.575849055
IBM,2025-12-08,INTERNATIONAL BUSINESS MACHINES CORPORATION,TECH_SERVICES,1.795074362359439,14.73784316887261,11.450396619672556,18.265082631783475,2.5649493574615367,14.96955134410354,1.609262720343691,3.295836866004329,8.81394682548586,18.38930711450224,-0.07279959592981733,-0.3632659242067371,-0.5641592386298402,-0.8335842471483084,-4.489212773900464,7188246.437777776
IBM,2025-12-15,INTERNATIONAL BUSINESS MACHINES CORPORATION,TECH_SERVICES,1.966566820506621,13.217857176713197,11.45222618082443,18.265082631783475,2.772588722239781,14.96955134410354,1.3713562241043633,3.4011973816621555,8.41274108270125,13.936300086637356,-0.07279959592981733,-0.3632659242067371,-0.4672492256217837,-0.8337174384608936,-5.082794988783611,6900146.246206897
IBM,2025-12-16,INTERNATIONAL BUSINESS MACHINES CORPORATION,TECH_SERVICES,3.8096124325280414,16.333061184456366,11.451410868538352,18.265082631783475,2.833213344056216,14.906089519020473,1.276273776208288,3.4339872044851463,8.41274108270125,10.533958229530338,-0.07279959592981733,-0.39082705362521963,-0.4392205020215403,-0.8336580840559105,-6.125323575786323,6792518.343728814
IBM,2025-12-22,INTERNATIONAL BUSINESS MACHINES CORPORATION,TECH_SERVICES,3.943327984568912,12.458651768192341,11.440468157731775,18.265082631783475,2.9444389791664403,15.092879437033663,1.0222429472145658,3.5553480614894135,8.094494627079305,3.3046013305485067,-0.07279959592981733,-0.30970519809265973,-0.38806797957415906,-0.8328614591308149,-4.450053920741626,6878521.406031746
IBM,2025-12-31,INTERNATIONAL BUSINESS MACHINES CORPORATION,TECH_SERVICES,6.252323275477822,14.421962607887076,11.442009325089174,18.265082631783475,3.2188758248682006,15.06155860748367,0.8717132656039869,3.5263605246161616,7.391655149621653,1.0752172283138517,-0.07279959592981733,-0.3233076653868201,-0.26312924296585916,-0.8329736554916938,-4.239738638444002,7658578.704545454
IBM,2026-01-12,INTERNATIONAL BUSINESS MACHINES CORPORATION,TECH_SERVICES,0.8168442824940003,0.0295588022415444,11.445118293010829,18.265082631783475,3.4657359027997265,15.092879437033663,1.363277255115848,3.2188758248682006,6.129891041943627,6.99066560428725,-0.07279959592981733,-0.30970519809265973,-0.15197879084319244,-0.833199987100149,0.9040884125539606,7934746.71463768
IBM,2026-01-28,INTERNATIONAL BUSINESS MACHINES CORPORATION,TECH_SERVICES,13.388649184748914,12.676079399771027,11.43007096367841,18.265082631783475,3.5553480614894135,14.906089519020473,2.199306785356726,3.295836866004329,5.085282629293742,-7.200420373062721,-0.07279959592981733,-0.39082705362521963,-0.11186156763520994,-0.832104547604926,7.506716711044525,7140168.223544305
IBM,2026-01-29,INTERNATIONAL BUSINESS MACHINES CORPORATION,TECH_SERVICES,7.859287323624553,12.549598801801821,11.43051414568768,18.265082631783475,3.58351893845611,14.96955134410354,2.4801359393780102,3.4011973816621555,5.085282629293742,-0.9071723089880468,-0.07279959592981733,-0.3632659242067371,-0.0992724403271894,-0.8321368110761241,14.736232003675864,7128900.986500001
IBM,2026-01-30,INTERNATIONAL BUSINESS MACHINES CORPORATION,TECH_SERVICES,8.752545610827811,14.290134154955183,11.45222618082443,18.265082631783475,3.58351893845611,15.029224976314032,2.443231184225082,3.4657359027997265,5.085282629293742,-0.3607425988892299,-0.07279959592981733,-0.3373499870888219,-0.0992724403271894,-0.8337174384608936,18.07057828288583,7118330.326296297
IBM,2026-02-04,INTERNATIONAL BUSINESS MACHINES CORPORATION,TECH_SERVICES,15.393219668502956,12.667531622992833,11.430735544238232,18.265082631783475,3.6375861597263857,15.06155860748367,2.858689745549998,3.4339872044851463,4.889438526983833,-9.64174385594263,-0.07279959592981733,-0.3233076653868201,-0.07513876061047009,-0.8321529288011439,14.051730548930564,7105514.20097561
IBM,2026-02-17,INTERNATIONAL BUSINESS MACHINES CORPORATION,TECH_SERVICES,28.39345507334661,12.763119851767946,11.38333035378501,18.265082631783475,3.713572066704308,14.906089519020473,3.0686275271632493,3.4339872044851463,4.315453492800474,-14.159554906018734,-0.07279959592981733,-0.39082705362521963,-0.04128049334950257,-0.8287018500911733,2.2040384611208275,6479595.304606741
IBM,2026-02-23,INTERNATIONAL BUSINESS MACHINES CORPORATION,TECH_SERVICES,48.49032326752791,5.91964625931751,11.37460306224807,18.265082631783475,3.7376696182833684,14.859011972798033,4.03477560333574,3.5263605246161616,3.778669676021525,-28.48407367880168,-0.07279959592981733,-0.41127257920559757,-0.03055662795772962,-0.8280665067937223,-13.635203407032126,6231563.523548386
IBM,2026-03-16,INTERNATIONAL BUSINESS MACHINES CORPORATION,TECH_SERVICES,33.0604349351606,14.872008347048324,11.357532353867375,18.265082631783475,4.007333185232471,14.60120097796813,3.468139542901853,3.6635616461296463,0.9355043408468864,-16.16111886783904,-0.07279959592981733,-0.5232385166209026,0.08905327514550354,-0.826823766121372,-7.743128234532837,5815917.226346154
IBM,2026-03-23,INTERNATIONAL BUSINESS MACHINES CORPORATION,TECH_SERVICES,33.49425786443505,14.879670867637307,11.349505622500946,18.265082631783475,4.07753744390572,14.614392227745215,1.9765423882822195,3.784189633918261,0.5112355089372029,-13.275276137460825,-0.07279959592981733,-0.5175096270391988,0.12008750888547226,-0.8262394233212588,-9.521064290165947,5889888.527614679
KTOS,2025-08-14,"KRATOS SRE, INC.",AERO_DEFENSE,52.87904220196327,11.942113610091182,10.064629707509924,,0.0,,3.3968886032379,0.0,,88.01208482606181,,,,,165.16504948565824,
KTOS,2025-08-21,"KRATOS S2, INC",AERO_DEFENSE,63.12133399223916,15.032517893490219,10.03536528223407,15.154204384899302,0.0,11.982935344196433,3.299197874564188,1.6094379124341003,,62.10841675932244,-2.1159264615844577,-2.0727385394651776,,-21.234094952345046,137.87030049905334,1322019.1433333333
KTOS,2025-09-04,"KRATOS TECHNOLOGY & TRAINING SOLUTIONS, INC.",AERO_DEFENSE,88.26859715903137,14.85612546330888,10.036916719642893,15.154204384899302,0.0,14.260802003490625,3.128434087230512,2.302585092994046,,48.09979348920655,-2.1159264615844577,-1.0834711827157228,,-21.237377679811868,96.99219434709184,1720001.6066666665
KTOS,2026-01-15,"KRATOS DEFENSE & ROCKET SUPPORT SERVICES, INC.",AERO_DEFENSE,4.945410872548939,11.975910773317601,10.312053442548237,17.049215670610884,2.70805020110221,13.303381852222289,5.088719048269539,2.3978952727983707,14.013108263702296,40.32668819788559,-1.2929334203048235,-1.4992739178176588,-0.5528419686577808,-13.332798527840021,99.12082046481854,2808234.007419356
KTOS,2026-02-08,"KRATOS SRE, INC.",AERO_DEFENSE,6.942617933254813,11.472113887062386,10.20249517909282,17.92750085279525,2.833213344056216,13.410240450842181,6.106174432478847,2.833213344056216,18.933876056498068,17.588037615701026,-0.9114990021403289,-1.4528657446397588,-0.49485002168009395,-9.29956417508462,29.87676083223548,4259966.376666667
LDOS,2025-08-12,LEIDOS BIOMEDICAL RESEARCH INC,AERO_DEFENSE,12.338546702924557,14.152572620603916,10.351995060483814,,0.0,,1.817731082235344,0.0,,4.700068635524458,,,,,30.66863555939223,
LDOS,2025-08-13,"LEIDOS, INC.",AERO_DEFENSE,9.912119347251714,14.171685858101828,10.35414717215934,16.430926619935903,0.0,16.430926619935903,1.85535425062876,2.8903717578961645,,5.890017514646884,-1.5614529578812482,-0.14099779028884019,,-16.167513728305963,34.42257160138824,13069358.83
LDOS,2025-08-14,"LEIDOS, INC.",AERO_DEFENSE,12.074131815413946,15.614450773810109,10.363630428887449,17.710606926340738,0.0,17.26285484600563,1.9376637294743388,3.332204510175204,,3.411505820933037,-1.0056948392803804,0.22030406557233473,,-10.422649638541223,33.36317509269095,27940919.585
LDOS,2025-08-15,"LEIDOS, INC.",AERO_DEFENSE,12.58519094063959,13.263864675787632,10.35517062770777,17.710606926340738,0.0,16.920637078133538,1.9447717541586345,3.7612001156935624,,2.254701479742671,-1.0056948392803804,0.07168077173527543,,-10.414141660153481,30.85584106552581,21052164.696666665
LDOS,2025-08-18,LEIDOS BIOMEDICAL RESEARCH INC,AERO_DEFENSE,12.2754823025661,14.81430448924877,10.353194704582751,17.710606926340738,0.0,16.705464053122995,1.91030186903037,3.8501476017100584,,1.6729174460054406,-1.0056948392803804,-0.02176769035421877,,-10.412154484463835,28.11609612479438,16632659.419999998
LDOS,2025-08-19,"LEIDOS, INC.",AERO_DEFENSE,11.886019319987518,13.835232652606022,10.354391044051871,17.710606926340738,0.0,16.920637078133538,1.9102382719757889,4.219507705176107,,3.1639419519002843,-1.0056948392803804,0.07168077173527543,,-10.413357636893958,30.458707324998763,20294632.422
LDOS,2025-08-21,"LEIDOS, INC.",AERO_DEFENSE,10.831905135291995,14.152535656015154,10.359336816654768,17.768738749445422,0.0,17.18966187736128,1.8842460664004728,4.553876891600541,,10.771936429734442,-0.9804485087841357,0.1885167621262358,,-10.156796333881763,32.02423996376855,25642921.128571425
LDOS,2025-08-22,"LEIDOS, INC.",AERO_DEFENSE,10.039117809280508,14.782853582987514,10.360011175309966,18.300579642719264,0.0,17.37030315392556,1.8807026754436853,4.736198448394496,,11.884749115575843,-0.7494729401467026,0.26696827420011005,,-7.764548035512257,30.26766298093886,32235244.231250003
LDOS,2025-08-26,LEIDOS BIOMEDICAL RESEARCH INC,AERO_DEFENSE,9.671007710380252,14.544287396164295,10.362818186951683,18.300579642719264,0.0,17.18966187736128,1.8072982484628768,4.976733742420574,,13.32229330694046,-0.7494729401467026,0.1885167621262358,,-7.7666518147804,25.84521709003105,28537861.25363636
LDOS,2025-08-27,LEIDOS BIOMEDICAL RESEARCH INC,AERO_DEFENSE,9.049065750193751,17.190583709477156,10.364584176990988,18.300579642719264,0.0,17.353888108176815,1.794747817780707,5.123963979403259,,20.39539488851514,-0.7494729401467026,0.259839310205761,,-7.767975376527428,25.031487850613,29992792.594166663
LDOS,2025-08-28,"LEIDOS, INC.",AERO_DEFENSE,10.26968239741719,12.31294302077613,10.367054061762968,18.300579642719264,0.0,17.233674579374146,1.8061992405829668,5.1647859739235145,,16.67028016365868,-0.7494729401467026,0.2076312363844961,,-7.769826488329307,17.646097510286875,29963293.49153846
LDOS,2025-08-29,"LEIDOS, INC.",AERO_DEFENSE,10.53784954442072,14.508658238524095,10.362219924204744,18.67568873449292,0.0,17.37279869158185,1.8051495765003325,5.2832037287379885,,17.047749580998882,-0.5865651299459049,0.2680520724645632,,-6.078116876369201,16.690302000838052,37013509.47928571
LDOS,2025-09-02,"LEIDOS, INC.",AERO_DEFENSE,10.556194666428452,16.092714137355127,10.361164962616495,18.678886480330675,0.0,17.494910098099172,1.8079847982321973,5.3612921657094255,,16.487394439311664,-0.5851763665632941,0.32108438391606775,,-6.0631088661868295,19.79186999331021,42835112.862
LDOS,2025-09-03,"LEIDOS, INC.",AERO_DEFENSE,12.53451200003748,13.526650458577818,10.361092929074278,18.678886480330675,0.0,17.509181404253724,0.9325768000838291,5.420534999272286,,12.521772103833497,-0.5851763665632941,0.32728233358385506,,-6.063066713860324,17.902815049114817,42640061.969375
LDOS,2025-09-04,"LEIDOS, INC.",AERO_DEFENSE,11.986276354150592,15.977005283417036,10.353390279005554,18.678886480330675,0.0,17.494910098099172,0.9195677814955484,5.493061443340548,,13.794609492710563,-0.5851763665632941,0.32108438391606775,,-6.058559305080199,16.759476848499986,41902720.82235295
LDOS,2025-09-08,"LEIDOS, INC.",AERO_DEFENSE,12.092980766912254,14.16560128343146,10.356531456671991,18.678886480330675,0.0,17.494910098099172,0.9107281695062124,5.60947179518496,,14.381623551274789,-0.5851763665632941,0.32108438391606775,,-6.0603974480137754,14.357420048564771,42323484.09105263
LDOS,2025-09-09,"LEIDOS, INC.",AERO_DEFENSE,11.704799936198128,14.918103599578142,10.355097592947672,18.678886480330675,0.0,17.3896233323927,0.9104685236894302,5.673323267171493,,13.24154227998446,-0.5851763665632941,0.27535892133534023,,-6.059558384849431,12.849905167186911,41177510.675
LDOS,2025-09-10,"LEIDOS, INC.",AERO_DEFENSE,10.874929078853878,16.735592068952126,10.356604250718815,18.678886480330675,0.0,17.494910098099172,0.91857052591237,5.733341276897746,,11.678103490560645,-0.5851763665632941,0.32108438391606775,,-6.060440045369603,14.79817797418148,42332692.477142856
LDOS,2025-09-15,"LEIDOS, INC.",AERO_DEFENSE,9.204842941855794,14.533362058363133,10.36816564022518,18.678886480330675,0.0,17.3896233323927,0.8715785554987445,5.7745515455444085,,12.492778041001904,-0.5851763665632941,0.27535892133534023,,-6.067205497273361,19.7587304153932,39214089.61576922
LDOS,2025-09-16,LEIDOS BIOMEDICAL RESEARCH INC,AERO_DEFENSE,9.294566325872822,14.496511860069361,10.366434075829511,18.678886480330675,0.0,17.271932476527496,0.8726651579836715,5.814130531825066,1.3200879342611715,12.200307875067008,-0.5851763665632941,0.2242464305416556,,-6.066192226711833,19.627025592931503,38279084.9411111
LDOS,2025-09-17,"LEIDOS, INC.",AERO_DEFENSE,8.569101011577306,11.071053445253566,10.366077439827736,18.678886480330675,0.0,17.253521811223035,0.8796245454856303,5.857933154483459,1.533914188638097,12.418544657453667,-0.5851763665632941,0.21625077993722286,,-6.065983531752128,19.192133604448937,37229794.77
LDOS,2025-09-18,"LEIDOS, INC.",AERO_DEFENSE,6.625706560596556,14.991163205610423,10.368969769248052,18.678886480330675,0.0,17.271932476527496,0.94651288987497,5.8522024797744745,2.0350857073973736,14.063674657196046,-0.5851763665632941,0.2242464305416556,,-6.067676054573213,21.477812892883264,37212337.91482758
LDOS,2025-09-22,"LEIDOS, INC.",AERO_DEFENSE,6.217080956105603,16.644845872764204,10.37751079586926,18.862289319962926,0.0,17.271932476527496,0.9387730464269904,5.796057750765372,2.3856200791128,11.654069377613972,-0.50552552478349,0.2242464305416556,,-5.246096591028141,20.01124148831452,39564628.8860606
LDOS,2025-09-23,"LEIDOS, INC.",AERO_DEFENSE,6.64849336821518,15.504454579359338,10.378482808372857,18.862289319962926,0.0,17.3896233323927,0.9464109927435987,5.877735781779639,2.4972037046860094,12.297083555288314,-0.50552552478349,0.27535892133534023,,-5.246587968159117,20.41313172125687,40231749.61235294
LDOS,2025-09-24,"LEIDOS, INC.",AERO_DEFENSE,6.4834634343381214,14.667305984833694,10.376722410313665,19.262357449107245,0.0,17.494910098099172,0.9446808602291414,5.988961416889864,2.7270835284453665,11.75030657982419,-0.33177814298998953,0.32108438391606775,,-3.442769691616476,13.96290951002399,45544450.02142857
LDOS,2025-09-26,"LEIDOS, INC.",AERO_DEFENSE,7.923212830579729,13.791533071859993,10.36555498674628,19.262357449107245,0.0,17.523251902657584,1.1420279976967411,6.025865973825314,2.977707731300925,6.985099480120227,-0.33177814298998953,0.33339307354925385,,-3.4390645845633068,7.821135940320143,47684595.11162162
LDOS,2025-09-29,LEIDOS BIOMEDICAL RESEARCH INC,AERO_DEFENSE,7.510375758759347,16.56264997895952,10.371562269201505,19.262357449107245,0.0,17.509181404253724,1.1403293258521054,6.008813185442595,3.0277790544833647,6.612296085563506,-0.33177814298998953,0.32728233358385506,,-3.441057669580717,8.004051954151123,47313388.16875
LDOS,2025-09-30,"LEIDOS, INC.",AERO_DEFENSE,5.6043577117941945,17.23719144030447,10.37322675506798,20.356102391317847,0.0,17.523251902657584,1.1980098267835508,6.089044875446846,3.024919476954239,7.519524415385637,0.14322925126645636,0.33339307354925385,,1.4857495013455595,7.43205128625992,63051081.17463414
LDOS,2025-10-09,"LEIDOS, INC.",AERO_DEFENSE,2.834321968554221,14.483965888433557,10.40179478142037,20.356102391317847,0.0,17.494910098099172,1.1927564895927518,5.966146739123692,3.4416785279546604,12.942863847271704,0.14322925126645636,0.32108438391606775,,1.4898412783701729,11.633273586758364,60409128.10666667
LDOS,2025-10-23,"LEIDOS, INC.",AERO_DEFENSE,4.2635567309403655,14.454587254470843,10.379867649854075,20.356102391317847,0.0,17.233674579374146,1.60163849243817,5.332718793265369,3.951140716138862,12.925416395863444,0.14322925126645636,0.2076312363844961,,1.4867006717335112,10.051716738989214,53335746.95254901
LDOS,2025-10-30,"LEIDOS, INC.",AERO_DEFENSE,4.52021896569661,7.492359106248429,10.379152716975163,20.356102391317847,0.0,17.05967992955746,1.5499295792618235,4.060443010546419,3.510964491182341,1.92127129334947,0.14322925126645636,0.13206631738346353,,1.4865982724325588,2.062514220415949,48728649.48928572
LDOS,2025-10-31,"LEIDOS, INC.",AERO_DEFENSE,4.7671621666812936,12.80862046543313,10.385476823943725,20.356102391317847,0.0,16.920637078133538,1.512945851394178,3.6888794541139363,3.490587175955981,0.731969679798139,0.14322925126645636,0.07168077173527543,,1.4875040695385948,4.956027986139986,47950297.470175445
LDOS,2025-11-04,"LEIDOS, INC.",AERO_DEFENSE,0.0,11.238633345637208,10.390295210360776,20.356102391317847,0.0,16.90378210978188,1.7010485080026911,4.0943445622221,3.2783505679252185,6.419065327889339,0.14322925126645636,0.06436075165664157,,1.4881942034174216,15.43318628599928,47459708.79965518
LDOS,2025-11-21,"LEIDOS, INC.",AERO_DEFENSE,6.595810259997115,14.401073084637,10.373343740743191,20.356102391317847,1.3862943611198906,16.516934493109684,1.3786000198043562,4.394449154672439,3.0260697938053043,1.2132923469633017,0.14322925126645636,-0.10364504295153676,-1.2218487496163564,1.485766257116229,18.50392266143306,40409421.47956521
LDOS,2025-11-24,"LEIDOS, INC.",AERO_DEFENSE,6.4132127891003865,12.983103608918753,10.37528095029668,20.356102391317847,1.6094379124341003,16.474854940939824,1.3769377068696191,4.394449154672439,2.947699607363499,-0.4777289551760155,0.14322925126645636,-0.12191996151246354,-1.0969100130080562,1.4860437221901213,17.122499006562506,39972347.488
LDOS,2025-11-25,"LEIDOS, INC.",AERO_DEFENSE,3.807069853658352,11.801403545523481,10.376025529961046,20.356102391317847,1.791759469228055,16.430926619935903,1.4810361095159608,4.465908118654584,2.947699607363499,0.3765713985050878,0.14322925126645636,-0.14099779028884019,-0.9999999999999999,1.4861503677779566,17.900266500368158,39454333.01732394
LDOS,2025-11-26,"LEIDOS, INC.",AERO_DEFENSE,4.428720720749846,14.991438886477408,10.386794152960483,20.356102391317847,1.9459101490553132,16.474854940939824,1.4891431493405405,4.718498871295094,2.897287994686701,1.476167585153565,0.14322925126645636,-0.12191996151246354,-0.9208187539523751,1.4876927495873369,15.033101172692431,39756150.33236112
LDOS,2025-12-03,"LEIDOS, INC.",AERO_DEFENSE,5.492739680517689,15.778851968827414,10.376629591407294,20.356102391317847,2.5649493574615367,16.474854940939824,1.2239065398830384,4.700480365792417,2.5867651830368934,0.0335804114495852,0.14322925126645636,-0.12191996151246354,-0.6197887582883939,1.4862368870466216,14.004195967711318,39463364.38907895
LDOS,2025-12-04,"LEIDOS, INC.",AERO_DEFENSE,3.310742257603838,11.785122460078462,10.37979847870992,20.356102391317847,2.639057329615259,16.516934493109684,1.2431415700592676,4.736198448394496,2.5430373348665363,1.6883864163325324,0.14322925126645636,-0.10364504295153676,-0.585026652029182,1.4866907644023246,14.335426149351772,39131869.595584415
LDOS,2025-12-05,LEIDOS BIOMEDICAL RESEARCH INC,AERO_DEFENSE,6.407516423811965,13.10395905202819,10.388875603576352,20.356102391317847,2.70805020110221,16.518622498571116,1.397232885113543,4.820281565605037,2.4806352429366507,-3.423011196175363,0.14322925126645636,-0.1029119514450576,-0.5528419686577808,1.4879908742005958,11.865429949600138,39006313.36820513
LDOS,2025-12-08,"LEIDOS, INC.",AERO_DEFENSE,7.095427303064739,6.409418016668506,10.37604874287008,20.356102391317847,2.772588722239781,16.516934493109684,1.3638098873993825,4.90527477843843,2.4806352429366507,-3.0993156022409485,0.14322925126645636,-0.10364504295153676,-0.5228787452803374,1.4861536925455372,9.45720226436686,38622073.66265823
LDOS,2025-12-09,"LEIDOS, INC.",AERO_DEFENSE,7.483396401924991,13.916676739688736,10.373250157432052,20.356102391317847,2.772588722239781,16.474854940939824,1.362785796498477,4.962844630259907,2.344225629903446,-2.420033653555498,0.14322925126645636,-0.12191996151246354,-0.5228787452803374,1.4857528532486433,9.959511512367891,38248991.936625
LDOS,2025-12-11,"LEIDOS, INC.",AERO_DEFENSE,4.335547342442125,10.685286430690637,10.379498748791308,20.356102391317847,2.8903717578961645,16.518622498571116,1.3435651962091462,5.10594547390058,2.1782625454113105,-1.1778536092385885,0.14322925126645636,-0.1029119514450576,-0.46852108295774486,1.4866478343104996,11.57955584401682,38714044.00219512
LDOS,2025-12-12,LEIDOS BIOMEDICAL RESEARCH INC,AERO_DEFENSE,4.7754976596938725,10.733217714882608,10.384588786721896,20.356102391317847,2.9444389791664403,16.516934493109684,1.33258924156978,5.14166355650266,2.050111973520234,-1.8513029344623624,0.14322925126645636,-0.10364504295153676,-0.44369749923271273,1.4873768766322155,12.236978617035833,38367410.59072289
LDOS,2025-12-16,"LEIDOS, INC.",AERO_DEFENSE,8.882295216108748,12.3638974247235,10.375006947154622,20.356102391317847,3.044522437723423,16.516934493109684,1.4267318037805825,5.204006687076795,1.921463288548328,-4.62311091421167,0.14322925126645636,-0.10364504295153676,-0.3979400086720375,1.4860044769252396,6.273114881130672,38176045.95917647
LDOS,2025-12-18,"LEIDOS, INC.",AERO_DEFENSE,9.465191657391102,15.69132953823715,10.364152309328004,20.356102391317847,3.1354942159291497,16.520307659471072,1.425092668666531,5.303304908059076,1.87845484320504,-5.419037146378747,0.14322925126645636,-0.10218009531609784,-0.3565473235138126,1.4844497752765646,5.572286707669647,38119732.36114942
LDOS,2025-12-19,"LEIDOS, INC.",AERO_DEFENSE,7.3965752944723295,15.846729320606288,10.363745043627336,20.356102391317847,3.1780538303479458,16.53359113820085,1.4435222327876207,5.402677381872279,1.809065565307008,-2.228637719481452,0.14322925126645636,-0.09641115341997697,-0.3372421683184259,1.4843914429151914,4.440026691951402,38923280.25795455
LDOS,2025-12-22,"LEIDOS, INC.",AERO_DEFENSE,6.611475051514715,16.341903761404186,10.372030652786115,20.356102391317847,3.295836866004329,16.546700476783403,1.4497304332384804,5.3706380281276624,1.731766688305181,-2.937431337635621,0.14322925126645636,-0.09071783963886038,-0.2839966563652008,1.4855781845112899,3.902153589659262,39361343.7864045
LDOS,2025-12-23,"LEIDOS, INC.",AERO_DEFENSE,6.451262618543896,13.809051231358708,10.3752171332229,20.356102391317847,3.332204510175204,16.612721786068715,1.4496138035308617,5.4510384535657,1.648004630880808,-3.354138656270922,0.14322925126645636,-0.062045147520754185,-0.2676062401770314,1.4860345817184257,3.0830149143445507,39774301.759444445
LDOS,2025-12-29,"LEIDOS, INC.",AERO_DEFENSE,6.927589997752315,11.002116507732017,10.37479673105206,20.356102391317847,3.5263605246161616,16.674652926982443,1.3183422009607342,5.236441962829949,1.4937754743670166,-6.705493411547225,0.14322925126645636,-0.03514879317356723,-0.18045606445813123,1.4859743678302655,4.007473865106537,39996529.93648352
LDOS,2025-12-30,"LEIDOS, INC.",AERO_DEFENSE,8.175606451276396,12.788377674793518,10.373931306884256,20.356102391317847,3.5553480614894135,16.6747226213967,1.3068234595993216,5.288267030694535,1.4407828174464952,-9.003415570596886,0.14322925126645636,-0.03511852527230186,-0.1674910872937636,1.485850413774683,2.578811668445269,39942474.90206522
LDOS,2025-12-31,"LEIDOS, INC.",AERO_DEFENSE,9.944560652188382,13.732629910479599,10.368891746803936,20.356102391317847,3.58351893845611,16.674652926982443,1.3431110256705323,5.313205979041787,1.391701449538417,-10.53551172051128,0.14322925126645636,-0.03514879317356723,-0.15490195998574308,1.4851286013576666,1.843991900460896,39591406.0772043
LDOS,2026-01-07,"LEIDOS, INC.",AERO_DEFENSE,0.8799163517704045,12.673477901927118,10.401177903169646,20.356102391317847,3.7612001156935624,16.520307659471072,1.863840336948437,5.153291594497779,1.17722820066694,-1.110026975365952,0.14322925126645636,-0.10218009531609784,-0.07572071393811819,1.489752923360199,10.944645558660438,38119295.14051546
LDOS,2026-01-08,"LEIDOS, INC.",AERO_DEFENSE,1.5981917020126746,13.596157314349696,10.399216371957769,20.356102391317847,3.784189633918261,16.518622498571116,1.8720380418789608,5.14166355650266,1.1855489857634522,0.92984452095366,0.14322925126645636,-0.1029119514450576,-0.0655015487564321,1.489471974713386,10.142920820832613,37790838.64520408
LDOS,2026-01-09,"LEIDOS, INC.",AERO_DEFENSE,0.0,15.436247198685674,10.396135107196615,20.356102391317847,3.784189633918261,16.520307659471072,1.8633268995380503,5.135798437050262,1.2459455768521157,1.034133526968373,0.14322925126645636,-0.10218009531609784,-0.0655015487564321,1.4890306474686923,12.923252406585362,37733149.13727273
LDOS,2026-01-13,"LEIDOS, INC.",AERO_DEFENSE,0.0,13.35911547893228,10.396979661321032,20.356102391317847,3.8066624897703196,16.520307659471072,1.8817205558191563,5.043425116919247,1.362760689805237,1.1794647802960911,0.14322925126645636,-0.10218009531609784,-0.05551732784983132,1.4891516123235864,10.067617545354413,37272282.20633663
LDOS,2026-01-15,"LEIDOS, INC.",AERO_DEFENSE,0.7033547008801433,12.707565403272346,10.386234715714204,20.356102391317847,3.828641396489095,16.520307659471072,1.8830642491603475,5.099866427824199,1.431848080660172,-1.686818047627825,0.14322925126645636,-0.10218009531609784,-0.04575749056067502,1.4876126218094217,9.693957140105482,37117381.66893204
LDOS,2026-01-16,"LEIDOS, INC.",AERO_DEFENSE,0.01027319119693,0.058268908123975775,10.39197741793669,20.356102391317847,3.8501476017100584,16.518622498571116,1.876196451921428,5.111987788356544,1.4566860274816769,-2.31267169606606,0.14322925126645636,-0.1029119514450576,-0.03621217265444465,1.4884351447489945,12.74913017622963,36877173.68759616
LDOS,2026-01-20,"LEIDOS, INC.",AERO_DEFENSE,1.990358805057868,11.310445934552066,10.394976742643191,20.356102391317847,3.8501476017100584,16.474854940939824,1.9445745550239664,4.882801922586371,1.5247565119919746,-0.2342902988807349,0.14322925126645636,-0.12191996151246354,-0.03621217265444465,1.4888647357810116,11.462659772614693,36169203.572735846
LDOS,2026-01-21,"LEIDOS, INC.",AERO_DEFENSE,1.3533217843865852,15.445716339541859,10.386462236606503,20.356102391317847,3.8712010109078907,16.430926619935903,1.908045889392063,4.955827057601261,1.5917769338092478,-1.7225353565829549,0.14322925126645636,-0.14099779028884019,-0.026872146400301222,1.4876452094564732,11.17532909938983,35860616.19700935
LDOS,2026-01-22,"LEIDOS, INC.",AERO_DEFENSE,0.6565033611943605,12.379609899729042,10.389183369293264,20.356102391317847,3.8712010109078907,16.474854940939824,1.9074359853133784,4.948759890378168,1.6347118738950457,0.0359348977395646,0.14322925126645636,-0.12191996151246354,-0.026872146400301222,1.4880349552537946,12.084133412609209,35856890.168148145
LDOS,2026-01-26,"LEIDOS, INC.",AERO_DEFENSE,2.7546203851839923,13.81947754904008,10.387166780894209,20.356102391317847,3.912023005428146,16.518622498571116,1.9458274661083743,5.043425116919247,1.6874027289879052,0.0058678610182605,0.14322925126645636,-0.1029119514450576,-0.008773924307505121,1.4877461208072853,7.880364344534874,35486187.49063636
LDOS,2026-01-27,"LEIDOS, INC.",AERO_DEFENSE,4.044887399273378,14.320548101063244,10.383220032295975,20.356102391317847,3.9318256327243257,16.516934493109684,1.965860173632057,5.123963979403259,1.6978185498132592,-1.7881919379121758,0.14322925126645636,-0.10364504295153676,0.0,1.4871808309606234,-2.6883124070868902,35244307.26225225
LDOS,2026-01-28,"LEIDOS, INC.",AERO_DEFENSE,3.701333185960953,17.236835450743452,10.377800611724092,20.356102391317847,3.9318256327243257,16.518622498571116,1.965864437387568,5.19295685089021,1.6978185498132592,-4.021969577497075,0.14322925126645636,-0.1029119514450576,0.0,1.4864046114098146,-2.439136055766866,35064282.540714286
LDOS,2026-01-29,"LEIDOS, INC.",AERO_DEFENSE,4.022652282203398,14.034514753955818,10.379237016532514,20.356102391317847,3.9512437185814275,16.520307659471072,1.9469674293147063,5.267858159063328,1.6978185498132592,-3.555924644562103,0.14322925126645636,-0.10218009531609784,0.008600171761917519,1.4866103465950402,-3.1257044377741794,35438816.70681416
LDOS,2026-01-30,"LEIDOS, INC.",AERO_DEFENSE,3.4204453973062376,15.38668401300678,10.377893433398242,20.356102391317847,3.970291913552122,16.5322049303338,1.9056921680061365,5.318119993844216,1.6978185498132592,-3.811464918132335,0.14322925126645636,-0.09701317588716929,0.01703333929878048,1.4864179061887042,-2.072061548889769,36227237.968771935
LDOS,2026-02-06,"LEIDOS, INC.",AERO_DEFENSE,0.8964212985227205,16.46036266892752,10.37531050864946,20.356102391317847,4.060443010546419,16.543962318731566,1.4361984536942414,5.537334267018537,1.7335151665855209,-3.394789952891697,0.14322925126645636,-0.09190700664892226,0.05690485133647272,1.4860479558108586,1.1833468470668906,35739013.17092437
LDOS,2026-02-10,"LEIDOS, INC.",AERO_DEFENSE,0.0,11.50219408918086,10.394708998953814,20.356102391317847,4.07753744390572,16.543962318731566,1.3660094666494755,5.488937726156687,1.6204210843504605,-0.4683165584781656,0.14322925126645636,-0.09190700664892226,0.06445798922691859,1.4888263870528509,0.6295692016801127,35432625.29760331
LDOS,2026-02-18,"LEIDOS, INC.",AERO_DEFENSE,5.31685012040326,10.875532713124203,10.313863978824308,20.356102391317847,4.1588830833596715,16.518622498571116,3.698917667236014,5.442417710521793,1.227808511659128,-13.000430688103648,0.14322925126645636,-0.1029119514450576,0.10037054511756294,1.4772470153510802,-12.499697526318387,34717402.20214286
LDOS,2026-02-19,"LEIDOS, INC.",AERO_DEFENSE,2.4848169860953284,12.428888143040618,10.339950873400491,20.356102391317847,4.1588830833596715,16.520307659471072,3.7624332244232894,5.480638923341991,1.131166898239113,-10.048239644293178,0.14322925126645636,-0.10218009531609784,0.10037054511756294,1.4809834217290938,-9.91460243546497,34438965.536535434
LDOS,2026-02-20,"LEIDOS, INC.",AERO_DEFENSE,4.121036069262507,12.867933214545388,10.351789204985344,20.356102391317847,4.174387269895637,16.5322049303338,3.763174725124717,5.484796933490655,0.9581418098308506,-11.676162884478526,0.14322925126645636,-0.09701317588716929,0.10720996964786833,1.4826790170982365,-10.759605417671668,34303815.400625
LDOS,2026-02-23,"LEIDOS, INC.",AERO_DEFENSE,5.029071196966495,15.311619443651313,10.344910253928884,20.356102391317847,4.189654742026425,16.520307659471072,3.761034973547886,5.332718793265369,0.8532905520307611,-10.062904178154696,0.14322925126645636,-0.10218009531609784,0.11394335230683672,1.481693750088921,-10.90209356854408,34116506.052480616
LDOS,2026-02-26,"LEIDOS, INC.",AERO_DEFENSE,2.723750454885132,14.440563955593136,10.334279271230068,20.356102391317847,4.23410650459726,16.5322049303338,3.900358670613397,5.455321115357702,0.5663294768050928,-8.928686537975928,0.14322925126645636,-0.09701317588716929,0.13353890837021765,1.4801710823967429,-7.883193859546978,33682458.02780303
LDOS,2026-02-27,"LEIDOS, INC.",AERO_DEFENSE,3.1696076334218226,13.437637557284692,10.349278543433714,20.356102391317847,4.248495242049359,16.543962318731566,3.900550576271732,5.5053315359323625,0.4697633539025772,-7.997024110028327,0.14322925126645636,-0.09190700664892226,0.13987908640123647,1.4823194169240128,-8.337653199437266,33610812.09729323
LDOS,2026-03-03,"LEIDOS, INC.",AERO_DEFENSE,0.0,12.968214030909515,10.35793391113898,20.356102391317847,4.276666119016055,16.543962318731566,3.948762573840333,5.262690188904886,0.3066124657327038,-3.6895862155653103,0.14322925126645636,-0.09190700664892226,0.1522883443830565,1.483559118759874,-3.858477149550432,33298295.01829629
LDOS,2026-03-04,"LEIDOS, INC.",AERO_DEFENSE,1.6072492624170651,18.004115233712515,10.36094941058496,20.356102391317847,4.290459441148391,16.54533233494588,3.966450150687418,5.303304908059076,0.2477674994961177,-8.36497014605062,0.14322925126645636,-0.09131201612808848,0.15836249209524977,1.483991026487716,-7.248059500332138,33309247.26544117
LDOS,2026-03-05,"LEIDOS, INC.",AERO_DEFENSE,2.208812950268979,13.910597985688469,10.351347994177242,20.356102391317847,4.304065093204169,16.546700476783403,3.96584127604417,5.3230099791384085,0.1889390664989717,-5.414906028757927,0.14322925126645636,-0.09071783963886038,0.16435285578443715,1.4826158228045412,-8.88744687528723,33700553.509124085
LDOS,2026-03-06,"LEIDOS, INC.",AERO_DEFENSE,0.927537127329825,14.85896043122626,10.348784343933518,20.356102391317847,4.304065093204169,16.54533233494588,3.973150175897421,5.308267697401205,0.146284184019972,-2.591715421102303,0.14322925126645636,-0.09131201612808848,0.16435285578443715,1.4822486330996236,-5.679549121109417,33558640.828985505
LDOS,2026-03-09,"LEIDOS, INC.",AERO_DEFENSE,0.0,15.255400359873002,10.354263012807609,20.356102391317847,4.31748811353631,16.546700476783403,3.878389057102015,5.262690188904886,0.1111436519576516,-2.299678600284949,0.14322925126645636,-0.09071783963886038,0.1702617153949575,1.4830333387403964,-4.737852088169969,33424925.285683453
LDOS,2026-03-11,"LEIDOS, INC.",AERO_DEFENSE,0.2826461530833324,12.00004527310154,10.340925739593075,20.356102391317847,4.343805421853684,16.546700476783403,3.955628635784953,5.365976015021851,-0.0066647431563735,-7.226652889310936,0.14322925126645636,-0.09071783963886038,0.18184358794477262,1.4811230510839426,-8.65058828092028,33424641.2506383
LDOS,2026-03-18,"LEIDOS, INC.",AERO_DEFENSE,0.0,14.500346051959863,10.33302220290459,20.356102391317847,4.406719247264253,16.609397378493018,1.9846152280315064,5.455321115357702,-0.2763876669436829,-5.806980444041388,0.14322925126645636,-0.06348891947466395,0.209515014542631,1.479991033441694,-10.941517244727883,33794541.4430822
LDOS,2026-03-19,"LEIDOS, INC.",AERO_DEFENSE,0.0,12.96161114520097,10.327252773646716,20.356102391317847,4.418840607796598,16.63135477296418,1.866454088205019,5.537334267018537,-0.2627750118820637,-6.864363034810827,0.14322925126645636,-0.05395294364178582,0.21484384804769796,1.4791646824088538,-9.12804204211438,33906262.333265305
LDOS,2026-03-23,"LEIDOS, INC.",AERO_DEFENSE,0.0,14.390674574718533,10.324954762927662,20.356102391317847,4.442651256490317,16.63135477296418,1.8807193073648727,5.4638318050256105,-0.298947715111839,-8.071125121293765,0.14322925126645636,-0.05395294364178582,0.22530928172586284,1.4788355400541615,-11.324424904393137,33897408.873557046
LDOS,2026-03-24,"LEIDOS, INC.",AERO_DEFENSE,1.0377936091607642,15.781871437976701,10.311150797294824,20.356102391317847,4.454347296253507,16.638277883914103,1.8935164612301123,5.537334267018537,-0.2579122844569544,-9.468880164893037,0.14322925126645636,-0.0509462745792888,0.2304489213782741,1.4768584083920622,-14.067152469188535,33909563.038
LDOS,2026-03-26,"LEIDOS, INC.",AERO_DEFENSE,1.941868144127024,15.537500093156176,10.301259792080442,20.356102391317847,4.477336814478207,16.638277883914103,1.60028172315493,5.54907608489522,-0.3176862238652091,-8.875660022166487,0.14322925126645636,-0.0509462745792888,0.24054924828259971,1.4754417271209337,-14.860367704403563,33682889.67085526
LDOS,2026-03-30,"LEIDOS, INC.",AERO_DEFENSE,4.18314766073582,13.216972893619422,10.29200472509866,20.356102391317847,4.499809670330265,16.645153394750857,1.4440885029486965,5.455321115357702,-0.3853091948280142,-7.2450986049373824,0.14322925126645636,-0.0479602779857391,0.25042000230889405,1.474116130806712,-16.40520873347332,34048393.41516129
LDOS,2026-03-31,"LEIDOS, INC.",AERO_DEFENSE,3.292178841412752,12.00985524718228,10.288246766937911,20.356102391317847,4.51085950651685,16.638277883914103,1.4531699857330918,5.493061443340548,-0.4470111614391088,-10.478374626071297,0.14322925126645636,-0.0509462745792888,0.255272505103306,1.4735778812730573,-18.427072938861222,33875640.65891026
LDOS,2026-04-02,"LEIDOS, INC.",AERO_DEFENSE,1.1459448035541886,17.258625185020414,10.293342966409368,20.356102391317847,4.5217885770490405,16.646938299663393,1.5256015144121666,5.583496308781699,-0.563757278009319,-14.443477643460334,0.14322925126645636,-0.04718510358578154,0.2600713879850749,1.4743078061076587,-16.038101301147933,33735863.01575949
LDOS,2026-04-06,"LEIDOS, INC.",AERO_DEFENSE,0.7336781881038146,11.918327104397632,10.30109576597606,20.356102391317847,4.5217885770490405,16.652823815875788,1.485301761228067,5.537334267018537,-0.7390760323039861,-14.505310980556986,0.14322925126645636,-0.044629056221404007,0.2600713879850749,1.4754182337848147,-16.26524098356301,33706477.9195625
MRCY,2025-09-25,MERCURY SYSTEMS INC,OTHER,40.872419680354135,13.440343512757728,9.649114315710866,13.887458126697606,0.0,13.887458126697606,1.8512988563698336,0.6931471805599453,,37.6037500531643,-2.005344777166341,-1.0196630186138123,,-19.34980099729176,41.50475628428394,1074598.0
NOC,2025-08-13,NORTHROP GRUMMAN SYSTEMS CORP,AERO_DEFENSE,10.027191358064137,11.399819810789934,10.91316181483226,15.665747204507275,0.0,15.665747204507275,2.177280886873476,1.9459101490553132,,14.756588407790485,-1.8937661921757893,-0.47331102458338137,,-20.666976894673116,27.813344042788323,6205474.7700000005
NOC,2025-08-14,NORTHROP GRUMMAN SYSTEMS CORPORATION,AERO_DEFENSE,9.719978857351808,14.368520558506221,10.91412547949721,17.712913538557775,0.0,17.141187401527436,2.1777734733458285,3.1780538303479458,,15.750885228246435,-1.0046930903022773,0.16746456401970633,,-10.965346455942877,23.372363947837883,26655281.505
NOC,2025-08-18,NORTHROP GRUMMAN SYSTEMS CORP,AERO_DEFENSE,9.513594968890526,14.134009357158137,10.915518388245358,17.936923511954358,0.0,17.519039665112093,2.134313818641181,3.9318256327243257,,13.30080195405392,-0.9074067931959782,0.3315637219818077,,-9.904815536749453,19.13225791990734,31138589.545
NOC,2025-08-19,NORTHROP GRUMMAN SYSTEMS CORPORATION,AERO_DEFENSE,9.250191058474,14.383206754147846,10.91615751684012,17.936923511954358,0.0,17.278313487863468,0.5541639845558779,4.07753744390572,,14.511844887603752,-0.9074067931959782,0.22701766864096395,,-9.905395486378065,21.8188654228151,27293994.894
NOC,2025-08-21,NORTHROP GRUMMAN SYSTEMS CORPORATION,AERO_DEFENSE,7.241554343369327,14.803912076372573,10.921852881430452,17.936923511954358,0.0,17.278313487863468,0.5829552786943915,4.330733340286331,,18.37691759263973,-0.9074067931959782,0.22701766864096395,,-9.91056349889706,22.93921956181505,18913541.58428572
NOC,2025-08-22,NORTHROP GRUMMAN SYSTEMS CORPORATION,AERO_DEFENSE,8.10501193716997,12.54254845357358,10.925262361412315,17.936923511954358,0.0,17.336881422552445,0.6283078204877318,4.454347296253507,,15.115401106281244,-0.9074067931959782,0.25245340026716256,,-9.913657284193869,14.540172895809269,21215105.77125
NOC,2025-08-25,NORTHROP GRUMMAN SYSTEMS CORPORATION,AERO_DEFENSE,9.155228090401902,14.492842331689241,10.92177963193558,17.936923511954358,0.0,17.389611312007737,0.6751459289667323,4.51085950651685,,13.77317622552798,-0.9074067931959782,0.2753537009483331,,-9.910497031807816,15.065681879432317,22798466.241111115
NOC,2025-08-26,NORTHROP GRUMMAN SYSTEMS CORP,AERO_DEFENSE,7.999280790628527,12.274796147407056,10.917580964971942,17.936923511954358,0.0,17.33551000212078,0.690734430756652,4.605170185988092,,13.129963859001936,-0.9074067931959782,0.2518577999237026,,-9.906687132882642,14.344042107638533,22609071.096
NOC,2025-08-27,NORTHROP GRUMMAN SYSTEMS CORPORATION,AERO_DEFENSE,9.179417751395258,15.48864773758585,10.922204643090245,17.936923511954358,0.0,17.389611312007737,0.7442797095596984,4.6913478822291435,,11.936150063279438,-0.9074067931959782,0.2753537009483331,,-9.910882689816741,10.454436166834236,23624096.181818184
NOC,2025-09-02,NORTHROP GRUMMAN SYSTEMS CORPORATION,AERO_DEFENSE,8.251882019393243,16.338270508057214,10.920016695492215,18.85781426252921,0.0,17.39091055502572,0.6242536872066644,4.962844630259907,,12.925739636552525,-0.5074690175456773,0.2759179550375066,,-5.5415701440438285,4.45003934109862,35118228.13357143
NOC,2025-09-03,NORTHROP GRUMMAN SYSTEMS CORPORATION,AERO_DEFENSE,9.800171364888822,15.80687763914503,10.921190096413005,18.85781426252921,0.0,17.392208112201363,0.7010740174911348,5.093750200806762,,11.4213689410843,-0.5074690175456773,0.276481476974614,,-5.542165608656289,7.486584168977117,38242069.00333333
NOC,2025-09-05,NORTHROP GRUMMAN SYSTEMS CORPORATION,AERO_DEFENSE,12.911023361108164,11.281711812812034,10.915023295638456,18.85781426252921,0.0,17.392208112201363,0.7009394428129223,5.2574953720277815,,11.64895040602232,-0.5074690175456773,0.276481476974614,,-5.539036148325828,5.127839634124266,36655776.16588236
NOC,2025-09-09,NORTHROP GRUMMAN SYSTEMS CORPORATION,AERO_DEFENSE,17.13923280522158,14.436876518919604,10.915687233927397,18.85781426252921,0.0,17.392208112201363,0.7709468566774087,5.4116460518550396,,7.40441342163327,-0.5074690175456773,0.276481476974614,,-5.539373076437028,1.112455217599905,35056035.79105264
NOC,2025-09-10,NORTHROP GRUMMAN SYSTEMS CORPORATION,AERO_DEFENSE,15.474682398543235,15.549521373312642,10.90795386335639,18.85781426252921,0.0,17.39091055502572,0.8401625268683587,5.476463551931511,,3.091504247082,-0.5074690175456773,0.2759179550375066,,-5.535448630471042,3.3168025270411405,34866744.51450001
NOC,2025-09-11,NORTHROP GRUMMAN SYSTEMS CORP,AERO_DEFENSE,14.864575573171932,10.027682874361142,10.91416950915477,18.85781426252921,0.0,17.392208112201363,0.8469869956956104,5.560681631015528,,8.191505773647688,-0.5074690175456773,0.276481476974614,,-5.538602878137758,3.2092335424387386,34409920.59142858
NOC,2025-09-12,NORTHROP GRUMMAN SYSTEMS CORPORATION,AERO_DEFENSE,16.875703573779568,13.41551824674604,10.91647017339771,18.85781426252921,0.0,17.393623351042386,0.8876440523753791,5.598421958998375,,4.38726972504444,-0.5074690175456773,0.2770961074110234,,-5.539770393960826,1.4850582821899645,33022245.898181822
NOC,2025-09-14,NORTHROP GRUMMAN SYSTEMS CORPORATION,AERO_DEFENSE,17.603219901846256,13.85561442909564,10.911231212973552,18.85781426252921,0.0,17.392208112201363,0.8876440523753791,5.5134287461649825,,4.38726972504444,-0.5074690175456773,0.276481476974614,,-5.537111783861418,1.4850582821899645,32514976.408260874
NOC,2025-09-15,NORTHROP GRUMMAN SYSTEMS CORPORATION,AERO_DEFENSE,17.603207262297005,7.132497551660044,10.911231212973552,18.85781426252921,0.0,17.39091055502572,0.8885301541757796,5.484796933490655,,5.656644402634424,-0.5074690175456773,0.2759179550375066,,-5.537111783861418,1.598487119433159,31116814.14583333
NOC,2025-09-17,NORTHROP GRUMMAN SYSTEMS CORP,AERO_DEFENSE,18.09297248156816,16.719220334357804,10.913787338388238,18.85781426252921,0.0,17.393623351042386,0.9114915076124748,5.645446897643238,0.3868226658212292,6.110301476633474,-0.5074690175456773,0.2770961074110234,,-5.538408938314332,-1.4898356425796957,33815264.09153846
NOC,2025-09-18,NORTHROP GRUMMAN SYSTEMS CORP,AERO_DEFENSE,20.59662776732807,16.15540494235454,10.912074874403842,18.85781426252921,0.0,17.395036589812676,0.8778303378782796,5.680172609017068,-0.055979851155626,9.865977161750152,-0.5074690175456773,0.27770986922770113,,-5.537539915898588,-4.490224068907244,34566851.51111111
NOC,2025-09-19,NORTHROP GRUMMAN SYSTEMS CORP,AERO_DEFENSE,21.83798564881572,14.902422665684147,10.90956158048029,18.85781426252921,0.0,17.416568009302075,0.8504578237897665,5.717027701406222,-0.3485933789768219,8.524683454578842,-0.5074690175456773,0.28706084615749283,,-5.536264497100399,-7.272877560557589,35909046.428571425
NOC,2025-09-23,NORTHROP GRUMMAN SYSTEMS CORPORATION,AERO_DEFENSE,20.98293759457075,15.781496273255023,10.911919717577264,18.85781426252921,0.0,17.393623351042386,0.8304039338055508,5.720311776607412,-0.5187564540205155,9.123126395002348,-0.5074690175456773,0.2770961074110234,,-5.537461178616239,-5.451850210470166,35057526.921
NOC,2025-09-24,NORTHROP GRUMMAN SYSTEMS CORP,AERO_DEFENSE,20.735698909645794,14.290651419009436,10.912074795542129,18.85781426252921,0.0,17.395036589812676,0.8748370836175576,5.823045895483019,-0.8432930278783319,10.422839020162389,-0.5074690175456773,0.27770986922770113,,-5.5375398758787115,-2.314436248128392,37503991.87612904
NOC,2025-09-25,NORTHROP GRUMMAN SYSTEMS CORPORATION,AERO_DEFENSE,20.838765758601284,18.54717030253397,10.918936472523134,19.228093525241242,0.0,17.416568009302075,0.8397515729858196,5.863631175598097,-1.1968443011974153,9.953632613066633,-0.3466587761185931,0.28706084615749283,,-3.7851451540815377,-8.616135729269624,43294292.84875
NOC,2025-09-26,NORTHROP GRUMMAN SYSTEMS CORPORATION,AERO_DEFENSE,19.0602984020482,16.811242881518265,10.918936484552017,19.551045039324375,0.0,17.437645581577264,0.9020455308531794,5.924255797414532,-1.326906758420881,12.671099926313389,-0.2064027150953951,0.2962147197357625,,-2.253698136365705,-8.212214320147936,50847278.86272727
NOC,2025-09-28,NORTHROP GRUMMAN SYSTEMS CORPORATION,AERO_DEFENSE,19.86465636092857,12.875339446049564,10.925005289938037,19.551045039324375,0.0,17.476108275352512,0.9020455308531794,5.908082938168931,-1.326906758420881,12.671099926313389,-0.2064027150953951,0.31291885583943824,,-2.254950754274765,-8.212214320147936,56410015.17852941
NOC,2025-09-29,NORTHROP GRUMMAN SYSTEMS CORPORATION,AERO_DEFENSE,19.86466882169457,14.149120058005328,10.925005289938037,19.551045039324375,0.0,17.437645581577264,0.9002126287165947,5.891644211825771,-1.3201971432632942,11.84614217521658,-0.2064027150953951,0.2962147197357625,,-2.254950754274765,-7.916031370585543,54787141.60199999
NOC,2025-09-30,NORTHROP GRUMMAN SYSTEMS CORPORATION,AERO_DEFENSE,16.848952960123743,15.539077995661726,10.925005248430235,19.551045039324375,0.0,17.476108275352512,1.062651531619207,5.968707559985366,-1.2683302082619887,12.807057573416849,-0.2064027150953951,0.31291885583943824,,-2.254950745707442,-10.0151716792626,54301726.65666666
NOC,2025-10-02,NORTHROP GRUMMAN SYSTEMS CORPORATION,AERO_DEFENSE,17.681364138794,11.51293546492023,10.932895541409506,19.551045039324375,0.0,17.476108275352512,1.012464224976991,6.0867747269123065,-0.9368341147252814,12.044927015853023,-0.2064027150953951,0.31291885583943824,,-2.2565793236012617,-10.050556675626709,58041631.9468421
NOC,2025-10-06,NORTHROP GRUMMAN SYSTEMS CORPORATION,AERO_DEFENSE,15.110908691935744,12.876680487914523,10.935840974972534,19.551045039324375,0.0,17.437645581577264,1.0552889357420128,5.942799375126701,-0.7938366371225278,12.672787547705532,-0.2064027150953951,0.2962147197357625,,-2.2571872690858035,-8.847036182138137,56763894.65871794
NOC,2025-10-07,NORTHROP GRUMMAN SYSTEMS CORPORATION,AERO_DEFENSE,14.535010141568726,14.660219785015128,10.942192575277398,19.551045039324375,0.0,17.416568009302075,0.9355509264225504,5.945420608606575,-0.5146646196209407,12.36979437600303,-0.2064027150953951,0.28706084615749283,,-2.2584982566339282,-6.7195193120816334,55354574.395
NOC,2025-10-09,NORTHROP GRUMMAN SYSTEMS CORPORATION,AERO_DEFENSE,16.51102175255823,14.221482597560957,10.955625427588616,19.551045039324375,0.0,17.393623351042386,1.0565604520064693,5.910796644040527,0.0492112452473648,14.850172152449016,-0.2064027150953951,0.2770961074110234,,-2.261270833822439,-9.69273829280444,52776918.21547619
NOC,2025-10-22,NORTHROP GRUMMAN SYSTEMS CORPORATION,AERO_DEFENSE,29.69465893833032,11.80688529102747,10.927326503900051,19.551045039324375,0.0,17.37198564754744,1.4187387598490344,5.424950017481403,2.858841655970415,-0.9469663757557978,-0.2064027150953951,0.26769897191680236,,-2.255429859138842,3.371684271292932,45239700.42625
NOC,2025-10-23,NORTHROP GRUMMAN SYSTEMS CORPORATION,AERO_DEFENSE,27.711992229693784,13.916908442760661,10.925028290821482,19.551045039324375,0.0,17.354043736651956,1.4545413798207585,5.389071729816501,2.9137892539664905,-0.0080741875066348,-0.2064027150953951,0.25990689879570716,,-2.2549555017195577,5.133827539979286,44529535.61408164
NOC,2025-11-06,NORTHROP GRUMMAN SYSTEMS CORPORATION,AERO_DEFENSE,35.25467249915304,11.772955854222328,10.90568809444136,19.551045039324375,0.0,17.135078392394252,1.1879325383949877,4.060443010546419,2.340200168067698,-5.584019013536756,-0.2064027150953951,0.16481145496760163,,-2.250963632676222,8.478475197991386,37869889.24779662
NOC,2025-11-07,NORTHROP GRUMMAN SYSTEMS CORPORATION,AERO_DEFENSE,36.051540178207816,12.32102082232406,10.906798105091283,19.551045039324375,0.0,17.093573313595634,1.1483096813665503,4.174387269895637,2.340200168067698,-6.528537730121553,-0.2064027150953951,0.14678602760873183,,-2.2511927418881514,8.304152398072873,37280482.181
NOC,2025-11-18,NORTHROP GRUMMAN SYSTEMS CORPORATION,AERO_DEFENSE,36.49563812389756,12.25486757159303,10.9013703371217,19.551045039324375,0.0,16.722411672456456,0.9437352588558908,4.2626798770413155,1.0690521530605006,-6.051410097550347,-0.2064027150953951,-0.01440743239067288,,-2.250072435842321,6.747960264396081,33688417.785820894
NOC,2025-11-21,NORTHROP GRUMMAN SYSTEMS CORPORATION,AERO_DEFENSE,36.51007979476584,16.118095750958314,10.904689803243862,19.551045039324375,1.3862943611198906,16.741789676795808,0.8561821949041503,4.465908118654584,0.5486562582925713,-5.066726598407767,-0.2064027150953951,-0.0059916715803449705,-1.2218487496163564,-2.2507575826626027,5.337881310879823,33145249.31114285
NOC,2025-11-24,NORTHROP GRUMMAN SYSTEMS CORPORATION,AERO_DEFENSE,36.78524749051666,15.341567078850604,10.904192023818272,19.551045039324375,1.6094379124341003,16.722411672456456,0.8030726527531852,4.356708826689592,0.4023630357078906,-7.730579807918481,-0.2064027150953951,-0.01440743239067288,-1.0969100130080562,-2.2506548396376425,2.7098148470847896,32882381.9156338
NOC,2025-11-25,NORTHROP GRUMMAN SYSTEMS CORPORATION,AERO_DEFENSE,35.858000049449835,17.40421331496412,10.903317483785465,19.551045039324375,1.791759469228055,16.741789676795808,0.8301059015891091,4.477336814478207,0.4023630357078906,-9.096463072839567,-0.2064027150953951,-0.0059916715803449705,-0.9999999999999999,-2.2504743322004113,2.639490450649795,32777069.116944447
NOC,2025-11-26,NORTHROP GRUMMAN SYSTEMS CORPORATION,AERO_DEFENSE,36.41141382288895,18.65834663087633,10.90627152723427,19.551045039324375,1.9459101490553132,16.76079930124206,0.7564795498836895,4.605170185988092,0.2864449578188462,-8.268122499490527,-0.2064027150953951,0.0022641038580131223,-0.9208187539523751,-2.251084054788755,2.2382593124780072,34089952.374657534
NOC,2025-12-09,NORTHROP GRUMMAN SYSTEMS CORPORATION,AERO_DEFENSE,39.926949970268,14.989175073313637,10.89576015067733,19.551045039324375,2.70805020110221,16.924498321735857,1.186036727488932,4.820281565605037,-0.4603872978033907,-7.408089603113965,-0.2064027150953951,0.07335768860006109,-0.5528419686577808,-2.248914478128012,-2.776114317909917,36323561.57839507
NOC,2025-12-10,NORTHROP GRUMMAN SYSTEMS CORP,AERO_DEFENSE,38.735214238847874,12.93235073589762,10.893455376546784,20.636693025598266,2.772588722239781,16.946261765984868,1.1931601861528534,4.859812404361672,-0.4979166622507613,-8.220075404989636,0.2650882155615708,0.08280943276203967,-0.5228787452803374,2.887726647068386,-3.540839621230841,47064356.83158537
NOC,2025-12-12,NORTHROP GRUMMAN SYSTEMS CORP,AERO_DEFENSE,35.228846081401535,8.513586695822125,10.90081451432291,20.636693025598266,2.8903717578961645,16.982767807336234,1.223575963107188,4.955827057601261,-0.578029724607729,-3.5228178748556105,0.2650882155615708,0.09866380575717848,-0.46852108295774486,2.8896774677695314,5.992154160232175,46828830.24392858
NOC,2025-12-18,NORTHROP GRUMMAN SYSTEMS CORP,AERO_DEFENSE,37.70371256210796,16.050529727325426,10.90402082614577,20.636693025598266,3.091042453358316,17.02435326238634,1.2852225595558675,5.19295685089021,-0.5486676456678693,-6.500842637413773,0.2650882155615708,0.11672414015795951,-0.37675070960209944,2.8905274232491873,3.012395958576917,51739629.53113637
NOC,2025-12-19,NORTHROP GRUMMAN SYSTEMS CORPORATION,AERO_DEFENSE,35.53808115211623,13.560619598657233,10.900411095120315,20.636693025598266,3.1354942159291497,17.05027068665317,1.332643396906485,5.298317366548036,-0.4857122948806258,-6.292636593598322,0.2650882155615708,0.12797993495111726,-0.3565473235138126,2.8895705260929923,2.975825479379578,52106131.1994382
NOC,2025-12-22,NORTHROP GRUMMAN SYSTEMS CORP,AERO_DEFENSE,31.78255172407265,14.630465543917888,10.907295411407596,20.636693025598266,3.2188758248682006,17.052308648454243,1.4722531790242588,5.298317366548036,-0.4572687274499206,-5.042449949901462,0.2650882155615708,0.12886501055046207,-0.31875876262441283,2.891395477212949,7.117877646526582,55756909.93888889
NOC,2026-01-05,NORTHROP GRUMMAN SYSTEMS CORPORATION,AERO_DEFENSE,26.03543027499704,13.997832948091215,10.920241006776449,20.636693025598266,3.58351893845611,16.997746212285215,1.526137019026749,5.075173815233827,-0.1641721172604381,-6.258342522261118,0.2650882155615708,0.10516884464617693,-0.15490195998574308,2.8948272019886603,8.056081546941884,53999034.55659793
NOC,2026-01-06,NORTHROP GRUMMAN SYSTEMS CORPORATION,AERO_DEFENSE,26.18199731543138,12.00724352554872,10.93886409596401,20.636693025598266,3.6109179126442243,16.982767807336234,1.5059065818896944,5.117993812416755,-0.1068597483655881,-6.834072122681656,0.2650882155615708,0.09866380575717848,-0.14266750356873148,2.899763963469635,6.969084790883475,53635769.42469388
NOC,2026-01-09,NORTHROP GRUMMAN SYSTEMS CORPORATION,AERO_DEFENSE,24.507900641755075,14.763226698400508,10.924028558424956,20.636693025598266,3.6888794541139363,16.924498321735857,2.286659663117758,5.153291594497779,0.2423865399426926,-6.011239052969652,0.2650882155615708,0.07335768860006109,-0.10790539730951965,2.8958312372965103,10.033774236464255,52375425.999405935
NOC,2026-01-13,NORTHROP GRUMMAN SYSTEMS CORPORATION,AERO_DEFENSE,23.178232082299854,12.831259457103247,10.951467010674753,20.636693025598266,3.713572066704308,16.90494290443226,2.299321303732007,5.0369526024136295,0.3770804089196274,-0.4743504216526473,0.2650882155615708,0.06486487839088984,-0.09691001300805624,2.9031048476411803,0.8878994357814456,51582437.15873787
NOC,2026-01-14,NORTHROP GRUMMAN SYSTEMS CORPORATION,AERO_DEFENSE,17.96549593833077,14.211975082066918,10.948822777755211,20.636693025598266,3.7376696182833684,16.894886659214972,2.4599913633784687,5.075173815233827,0.5102098607760236,6.093164457093382,0.2650882155615708,0.06049750638451634,-0.08618614761628329,2.90240389265501,6.369809517532433,51252480.23461538
NOC,2026-01-16,NORTHROP GRUMMAN SYSTEMS CORPORATION,AERO_DEFENSE,15.53153340579816,13.122365377402328,10.968578124868504,20.636693025598266,3.784189633918261,16.824682350494303,2.407294733297319,5.049856007249537,0.7588357281147066,8.382634149458013,0.2650882155615708,0.030008161048764137,-0.0655015487564321,2.907640802369072,9.00826489574049,50529185.39094339
NOC,2026-01-20,NORTHROP GRUMMAN SYSTEMS CORPORATION,AERO_DEFENSE,17.21890311582861,14.774194243036682,10.976656206730151,20.636693025598266,3.784189633918261,16.76079930124206,2.4337079748146007,4.61512051684126,1.0693920219776527,8.87878983201389,0.2650882155615708,0.0022641038580131223,-0.0655015487564321,2.9097822066749366,8.311710742239708,50092917.99457944
NOC,2026-01-23,NORTHROP GRUMMAN SYSTEMS CORPORATION,AERO_DEFENSE,14.492882362262849,13.620168197235614,10.97895537238634,20.636693025598266,3.8501476017100584,16.72511434548387,2.3558714289735905,4.499809670330265,1.6172511965535898,12.4987438584089,0.2650882155615708,-0.013233676344425405,-0.03621217265444465,2.910391688396016,4.175244630430065,49027041.04099999
NOC,2026-01-26,NORTHROP GRUMMAN SYSTEMS CORPORATION,AERO_DEFENSE,16.568058844059586,14.823976520821672,10.980578255448528,20.636693025598266,3.8712010109078907,16.727809733753688,2.42342397930059,4.574710978503383,1.7607075185135426,10.405077857951706,0.2650882155615708,-0.012063084028548943,-0.026872146400301222,2.9108218955710363,2.5900265719238416,49476417.60819819
NOC,2026-01-27,NORTHROP GRUMMAN SYSTEMS CORPORATION,AERO_DEFENSE,13.516200935087518,15.115517881515567,10.97277717991671,20.636693025598266,3.8918202981106265,16.732695289735254,2.4360901324274047,4.663439094112067,1.9156330411905824,15.018830543479368,0.2650882155615708,-0.009941313909686222,-0.017728766960431575,2.9087539223788457,4.5834170291429785,49194930.68910714
NOC,2026-01-28,NORTHROP GRUMMAN SYSTEMS CORPORATION,AERO_DEFENSE,11.804716732009002,11.147310679462022,10.982892534148569,20.636693025598266,3.8918202981106265,16.737557093057504,2.433697121364012,4.770684624465665,2.040201167507302,16.99026888208106,0.2650882155615708,-0.007829859440812825,-0.017728766960431575,2.911435383581942,7.348408809654817,49161730.03699116
NOC,2026-01-29,NORTHROP GRUMMAN SYSTEMS CORP,AERO_DEFENSE,10.804608436524155,14.738458374200306,10.987053778644963,20.636693025598266,3.912023005428146,16.74924572066012,2.409096387672792,4.859812404361672,2.040201167507302,17.60495269730746,0.2650882155615708,-0.002753552700339945,-0.008773924307505121,2.912538480460007,8.9259763386937,49901852.94605263
NOC,2026-01-30,NORTHROP GRUMMAN SYSTEMS CORPORATION,AERO_DEFENSE,11.299202388862284,13.57158979760333,10.990956080904692,20.636693025598266,3.9318256327243257,16.76079930124206,2.398109776956001,4.990432586778736,2.040201167507302,19.23275598251226,0.2650882155615708,0.0022641038580131223,0.0,2.9135729348026205,10.858448826023892,51347902.54947826
NOC,2026-02-02,NORTHROP GRUMMAN SYSTEMS CORPORATION,AERO_DEFENSE,12.47552411389885,12.206603004864796,10.989021890816954,20.636693025598266,3.9512437185814275,16.824682350494303,2.4043775870827115,5.062595033026967,2.223518559537088,15.881841688646391,0.2650882155615708,0.030008161048764137,0.008600171761917519,2.9130602038037052,9.020265147846573,51203098.642500006
NOC,2026-02-04,NORTHROP GRUMMAN SYSTEMS CORPORATION,AERO_DEFENSE,11.704220901501362,13.815511557963774,10.999365856648378,20.636693025598266,3.9889840465642745,16.74924572066012,2.3939377509213102,5.123963979403259,2.619125750733654,18.411340289858845,0.2650882155615708,-0.002753552700339945,0.02530586526477041,2.9158022672477872,12.42883725849446,50436505.20533899
NOC,2026-02-09,NORTHROP GRUMMAN SYSTEMS CORP,AERO_DEFENSE,10.38076472242564,16.41541332652387,11.001902695456725,20.636693025598266,4.04305126783455,16.727809733753688,1.7409143169811765,5.056245805348308,2.8783461735670266,21.75981010498596,0.2650882155615708,-0.012063084028548943,0.049218022670181716,2.916474753320659,11.81900321114928,49392331.72115702
NOC,2026-02-10,NORTHROP GRUMMAN SYSTEMS CORPORATION,AERO_DEFENSE,12.47880602492919,18.39042779354572,10.995056983688585,20.636693025598266,4.060443010546419,16.72511434548387,1.8057688081122327,5.0689042022202315,2.9801893856809087,21.553419683866,0.2650882155615708,-0.013233676344425405,0.05690485133647272,2.914660035803794,8.986748587547044,49102545.62508197
NOC,2026-02-18,NORTHROP GRUMMAN SYSTEMS CORPORATION,AERO_DEFENSE,6.298003619600823,14.434209299956846,10.996981457794352,20.636693025598266,4.1588830833596715,16.722411672456456,1.6918807817036867,4.997212273764115,3.546333924542284,24.931806956905447,0.2650882155615708,-0.01440743239067288,0.10037054511756294,2.9151701912103865,16.219369798941166,49029448.4943307
NOC,2026-02-24,NORTHROP GRUMMAN SYSTEMS CORPORATION,AERO_DEFENSE,5.536404118918892,10.995804735203226,11.013149395834128,20.636693025598266,4.219507705176107,16.66276559382224,1.7072421752992493,4.990432586778736,3.65830188572943,26.60344540290049,0.2650882155615708,-0.04031139666726524,0.1271047983648077,2.919456121054661,16.415119066223482,48939009.90742424
NOC,2026-02-25,NORTHROP GRUMMAN SYSTEMS CORPORATION,AERO_DEFENSE,9.148015544404831,15.447093645902426,11.014548089610503,20.636693025598266,4.23410650459726,16.664302977335932,1.8273376272638384,5.0689042022202315,3.725176849557168,22.69521081114528,0.2650882155615708,-0.03964371945200185,0.13353890837021765,2.919826898291957,13.695352951714,48923113.12616541
NOC,2026-02-27,NORTHROP GRUMMAN SYSTEMS CORPORATION,AERO_DEFENSE,6.0244644720650165,7.2813856635702825,11.004386341432204,20.636693025598266,4.2626798770413155,16.664302977335932,1.8456460523014084,5.056245805348308,3.8027497672371977,32.07599025504646,0.2650882155615708,-0.03964371945200185,0.14612803567823818,2.9171331386003856,19.03280471907938,48423073.95377778
NOC,2026-03-03,NORTHROP GRUMMAN SYSTEMS CORPORATION,AERO_DEFENSE,0.0,13.997832948091215,11.03795038223808,20.636693025598266,4.290459441148391,16.708167897483243,2.248282748702924,4.820281565605037,3.863364928841718,37.85782665936748,0.2650882155615708,-0.020593425603462556,0.15836249209524977,2.926030570284651,28.54965597741181,49761454.71613138
NOC,2026-03-06,NORTHROP GRUMMAN SYSTEMS CORPORATION,AERO_DEFENSE,0.0,12.148171885631323,11.021815403235234,20.636693025598266,4.31748811353631,16.71531514539615,2.207787304915496,4.90527477843843,3.929805259478965,38.38653796886456,0.2650882155615708,-0.017489415102653894,0.1702617153949575,2.921753377492663,29.37223023604752,49126818.39114286
NOC,2026-03-10,NORTHROP GRUMMAN SYSTEMS CORPORATION,AERO_DEFENSE,0.1795957777142698,15.943914182368033,11.026096061119151,20.636693025598266,4.343805421853684,16.68647593453179,2.215564422283871,4.844187086458591,4.019502127298889,33.98695183593734,0.2650882155615708,-0.030014125942811276,0.18184358794477262,2.9228881294525406,24.59130540655532,48593066.25704225
NOC,2026-03-11,NORTHROP GRUMMAN SYSTEMS CORPORATION,AERO_DEFENSE,0.4255428024452667,13.589665861840881,11.018853350545092,20.636693025598266,4.356708826689592,16.708167897483243,2.161280878126317,4.90527477843843,4.049844998500969,32.90806047729161,0.2650882155615708,-0.020593425603462556,0.1875207208364631,2.920968172230634,24.783273172928013,48421019.48307692
NOC,2026-03-13,NORTHROP GRUMMAN SYSTEMS CORPORATION,AERO_DEFENSE,0.3066567628335459,14.08290161307687,11.01963262553422,20.636693025598266,4.382026634673881,16.722411672456456,2.0963664997965417,5.0238805208462765,4.103879727260612,30.256180186600663,0.2650882155615708,-0.01440743239067288,0.19865708695442263,2.9211747488469335,28.888710740540667,49260418.2897931
NOC,2026-03-16,NORTHROP GRUMMAN SYSTEMS CORP,AERO_DEFENSE,0.0,10.605098811508203,11.018102285685323,20.636693025598266,4.394449154672439,16.72511434548387,2.0884766041621523,5.017279836814924,4.116407026202947,30.9791036158278,0.2650882155615708,-0.013233676344425405,0.2041199826559248,2.920769073787187,28.04118949836023,49751739.29924657
NOC,2026-03-23,NORTHROP GRUMMAN SYSTEMS CORPORATION,AERO_DEFENSE,3.308817530285202,15.426545194954967,11.001966534225176,20.636693025598266,4.454347296253507,16.727809733753688,2.115533618729821,5.099866427824199,4.201414876895928,22.08028156869818,0.2650882155615708,-0.012063084028548943,0.2304489213782741,2.9164916762258715,16.000500266291517,49506670.17470199
NOC,2026-03-24,NORTHROP GRUMMAN SYSTEMS CORPORATION,AERO_DEFENSE,2.9817025963072785,15.101076989742596,10.985086747670264,20.636693025598266,4.465908118654584,16.732695289735254,2.1154572521802573,5.123963979403259,4.1966665578554,22.644302902608224,0.2650882155615708,-0.009941313909686222,0.23552844690754893,2.91201704372897,14.161209668475816,49363410.25486842
NOC,2026-03-25,NORTHROP GRUMMAN SYSTEMS CORP,AERO_DEFENSE,1.633360268647155,14.110135721280022,10.986464070581262,20.636693025598266,4.477336814478207,16.737557093057504,2.0204585665582133,5.187385805840755,4.166393115471642,24.692017684154745,0.2650882155615708,-0.007829859440812825,0.24054924828259971,2.9123821558016982,16.180576547494297,50525057.64379085
NOC,2026-03-26,NORTHROP GRUMMAN SYSTEMS CORPORATION,AERO_DEFENSE,1.5188054731958722,14.330371210043113,10.992187853577397,20.636693025598266,4.48863636973214,16.74924572066012,2.0045128451703147,5.2574953720277815,4.112600070654009,26.110962961658323,0.2650882155615708,-0.002753552700339945,0.24551266781414993,2.913899463222405,18.26479902355179,50947070.43655844
NOC,2026-03-27,NORTHROP GRUMMAN SYSTEMS CORPORATION,AERO_DEFENSE,3.4609640728245683,18.381204513173238,10.992677639355769,20.636693025598266,4.499809670330265,16.76079930124206,1.9826232098625616,5.2832037287379885,4.065713421901621,26.00469478684998,0.2650882155615708,0.0022641038580131223,0.25042000230889405,2.914029299660401,16.913678829414955,53441013.390387096
NOC,2026-03-30,NORTHROP GRUMMAN SYSTEMS CORPORATION,AERO_DEFENSE,4.60249804748758,16.1825648259415,10.984447617374933,20.636693025598266,4.51085950651685,16.824682350494303,1.3122046194952215,5.19295685089021,3.909303780361959,25.228449651991912,0.2650882155615708,0.030008161048764137,0.255272505103306,2.911847617819469,14.735853234889184,54998532.40775641
NOC,2026-03-31,NORTHROP GRUMMAN SYSTEMS CORPORATION,AERO_DEFENSE,2.9696266636954016,15.985908553221545,10.979682082133836,21.261259716338927,4.5217885770490405,16.88472825775191,1.398007382672228,5.241747015059643,3.832828295411846,21.40944958291616,0.5363340831507895,0.05608576848023006,0.2600713879850749,5.888777722808402,12.80118722365806,65549480.91980892
NOC,2026-04-02,NORTHROP GRUMMAN SYSTEMS CORPORATION,AERO_DEFENSE,0.0,13.206706364071684,10.995810593008173,21.261259716338927,4.543294782270004,16.88472825775191,1.501252528886653,5.308267697401205,3.743246132285548,20.35931516009436,0.5363340831507895,0.05608576848023006,0.2695129442179163,5.897427992900777,13.160027621027105,64912949.21635221
NOC,2026-04-03,NORTHROP GRUMMAN SYSTEMS CORPORATION,AERO_DEFENSE,0.0,8.57828829077605,10.999224138321736,21.261259716338927,4.543294782270004,16.894886659214972,1.501252528886653,5.365976015021851,3.669658529500685,20.35931516009436,0.5363340831507895,0.06049750638451634,0.2695129442179163,5.899258793596821,13.160027621027105,64798727.80137501
ONDS,2025-08-21,CONDOR SECURITY OF AMERICA INC,OTHER,196.31579921516368,6.247926813615017,8.9960479685964,,0.0,,10.730466380875022,0.0,,295.5684088631598,,,,,278.5773761134845,
PLTR,2025-08-26,PALANTIR USG INC,AERO_DEFENSE,28.787218850139663,13.876272149223496,11.571546573798004,15.88097570071952,0.0,14.37047581176672,3.4838639417790405,1.791759469228055,,12.288746715254684,-1.8002936307022708,-1.0358404240718126,,-20.832181594183233,67.17497413533805,2842931.115
PLTR,2025-09-16,PALANTIR USG INC,AERO_DEFENSE,21.684482180259312,14.508658238524095,11.608706069989132,16.99225384075313,0.0,15.58017412137991,2.906875024448349,2.772588722239781,,12.947064955254795,-1.3176716296944235,-0.5104749484844628,,-15.296462645886127,61.40531682639396,7121922.859166667
PLTR,2025-09-24,PALANTIR TECHNOLOGIES INC.,AERO_DEFENSE,15.38204248870887,16.47187791232204,11.636559219296352,17.003305068477346,0.0,15.903147184270342,2.3145679749110744,3.2188758248682006,-0.2524144441515424,24.4227416761875,-1.3128721422764018,-0.37020950894100224,,-15.277314430963814,87.54858014509009,8740189.993529413
PLTR,2025-09-26,PALANTIR USG INC,AERO_DEFENSE,16.675105102349107,15.426159536761375,11.629386959551,17.816477372797902,0.0,15.925723879522977,2.22973657219692,3.4339872044851463,-0.2524144441515424,27.43710431601154,-0.9597158876999305,-0.36040457357117717,,-11.160907429291484,108.19479162728804,12628026.257894738
PLTR,2025-09-30,PALANTIR USG INC,AERO_DEFENSE,13.5730702529143,16.427103611279122,11.624546970858267,17.816477372797902,0.0,15.925723879522977,2.2178552974221075,3.6109179126442243,5.401791682150236,23.495997664791,-0.9597158876999305,-0.36040457357117717,,-11.15626241524678,100.97822221081736,14190106.32142857
PLTR,2025-11-06,PALANTIR USG INC,AERO_DEFENSE,10.922590564899458,15.176487367510099,11.651130322330102,17.816477372797902,0.0,15.903147184270342,3.4547143042166057,1.791759469228055,6.160357445476455,-9.284983842021832,-0.9597158876999305,-0.37020950894100224,,-11.181774880002612,21.69686766297414,13134515.65962963
PLTR,2026-01-27,PALANTIR USG INC,AERO_DEFENSE,0.0,14.508658238524095,11.601140579822264,19.240458296588454,3.2188758248682006,15.753585261362192,2.234634039047832,2.302585092994046,2.977296076967737,-18.13143392029606,-0.3412888241287,-0.43516343544921554,-0.31875876262441283,-3.9593396270392853,-15.756235936188334,16563947.863333331
PLTR,2026-01-30,PALANTIR USG INC,AERO_DEFENSE,9.720990760620316,14.508658238524095,11.558646953624075,19.240458296588454,3.2188758248682006,15.817629732237506,2.545241371218616,2.70805020110221,2.977296076967737,-30.80723413989472,-0.3412888241287,-0.40734927127248977,-0.31875876262441283,-3.944837027321141,-30.81456418991355,16059186.31490196
PLTR,2026-02-12,PALANTIR USG INC,AERO_DEFENSE,24.556640793017426,16.293772601166935,11.509719367805417,19.240458296588454,3.332204510175204,15.88097570071952,4.2444988630044165,2.8903717578961645,2.0793404647799947,-27.481252694132703,-0.3412888241287,-0.3798384631098628,-0.2676062401770314,-3.928138589089635,-25.128329589732544,17029373.814545453
PLTR,2026-03-10,PALANTIR USG INC,AERO_DEFENSE,6.417888704124564,16.60800893241012,11.573022317981778,19.240458296588454,3.4965075614664802,15.817629732237506,2.7958420632955634,2.5649493574615367,-0.670055401005984,-18.3477862646235,-0.3412888241287,-0.40734927127248977,-0.1938200260161127,-3.9497431785192028,-14.421391352746904,15871574.068412695
PLTR,2026-03-18,PALANTIR USG INC,AERO_DEFENSE,5.282445401413405,13.304686600863562,11.569258090475444,19.240458296588454,3.5553480614894135,15.769634147749485,2.391389596364246,2.833213344056216,-0.0153357898916305,-15.794092686627646,-0.3412888241287,-0.42819349165499343,-0.1674910872937636,-3.948458489739813,-15.265354362580483,16143331.863235291
PLTR,2026-03-26,PALANTIR TECHNOLOGIES INC.,AERO_DEFENSE,10.2331298138709,15.22954191721683,11.56892191953998,19.240458296588454,3.6888794541139363,15.719218339091224,3.045515296627481,3.091042453358316,0.7841985877562175,-13.922378444983574,-0.3412888241287,-0.4500888023378158,-0.10790539730951965,-3.9483437583565424,-18.055194087488367,17456945.85561644
PLTR,2026-04-02,PALANTIR TECHNOLOGIES INC.,AERO_DEFENSE,18.03178485992307,15.55508212223373,11.544510288301687,19.240458296588454,3.7612001156935624,15.728044665022756,3.1888331423089027,3.2188758248682006,0.9157864935409618,-12.447175725486836,-0.3412888241287,-0.44625557712157704,-0.07572071393811819,-3.9400123414361623,-18.22699528415645,17809779.944675326
PSN,2025-08-25,PARSONS GOVERNMENT SERVICES INC.,OTHER,12.032627772260753,4.115290326737563,9.930658575228328,16.945173615687864,0.0,14.379616896838272,1.4362180699528693,3.091042453358316,,11.661565355017569,-0.677395427914754,-0.8059210234320506,,-6.726982715042115,26.54567059000928,4344992.95875
PSN,2025-08-27,PARSONS GOVERNMENT SERVICES INC.,OTHER,11.14016054966589,12.25662501800286,9.931148004010105,16.945173615687864,0.0,14.602353823195763,1.421960080152777,3.295836866004329,,17.479655995338963,-0.677395427914754,-0.7091875560679881,,-6.727314251861181,26.3349168632246,4225781.117000001
PSN,2025-08-28,PARSONS GOVERNMENT SERVICES INTERNATIONAL INC.,OTHER,11.752189249467172,13.944988250437156,9.933478661040123,16.945173615687864,0.0,14.764531442494095,1.3963513581633276,3.4011973816621555,,8.766417171197773,-0.677395427914754,-0.6387546813170557,,-6.728893028277352,19.44198780403504,5726773.112727273
PSN,2025-09-02,AMENTUM PARSONS LOGISTICS SERVICES LLC,OTHER,10.6992274505338,9.210440366976517,9.93217936125183,16.945173615687864,0.0,14.764531442494095,1.3657482482539087,3.5553480614894135,,10.196871500313144,-0.677395427914754,-0.6387546813170557,,-6.728012888541272,24.22233591399912,4795769.956153846
PSN,2025-09-04,PARSONS GOVERNMENT SERVICES INC.,OTHER,20.82543852757437,13.33756507552308,9.924411206372556,16.945173615687864,0.0,14.602353823195763,1.9054562354058744,3.6109179126442243,,-2.2640567512138388,-0.677395427914754,-0.7091875560679881,,-6.722750775942718,12.029049609495534,4464330.102142857
PSN,2025-09-05,PARSONS GOVERNMENT SERVICES INC.,OTHER,18.03040200201762,12.206077645517674,9.897191300802849,16.945173615687864,0.0,14.408685192763553,1.963156000324907,3.6888794541139363,,0.8191059093075834,-0.677395427914754,-0.793296815835232,,-6.704312136361527,14.249689431464828,4238775.095333334
PSN,2025-09-11,PARSONS GOVERNMENT SERVICES INC.,OTHER,17.332460848723528,14.956807157165185,9.902216158557309,16.945173615687864,0.0,14.408685192763553,1.836277539321216,3.912023005428146,,0.5150155051447438,-0.677395427914754,-0.793296815835232,,-6.70771595203032,11.950836485948166,4029777.379473685
PSN,2025-09-12,PARSONS GOVERNMENT SERVICES INC.,OTHER,16.53614945806108,13.906229203699898,9.909931501503308,16.945173615687864,0.0,14.602353823195763,1.76247145192038,3.912023005428146,,2.016027661821472,-0.677395427914754,-0.7091875560679881,,-6.712942290066735,12.843652196717102,3983110.2585
PSN,2025-09-18,PARSONS GOVERNMENT SERVICES INC.,OTHER,9.65246295087141,15.782822003941515,9.94699658144972,16.945173615687864,0.0,14.607970040054134,2.890478193989789,3.912023005428146,-5.792928554846941,10.272984712614488,-0.677395427914754,-0.7067484629698679,,-6.738050005757729,17.35442974803405,3744180.9929166655
PSN,2025-09-24,PARSONS GOVERNMENT SERVICES INC.,OTHER,10.685512510523877,14.913023575989076,9.932341310296875,17.45639580550047,0.0,14.91207200676385,2.903627456321736,4.110873864173311,-2.3976597171035925,5.103994218898889,-0.4553744442510048,-0.5746786053357971,,-4.522934404287737,10.165889668545994,6408885.819285714
PSN,2025-09-26,PARSONS GOVERNMENT SERVICES INC.,OTHER,9.612081904070614,12.783491556081168,9.9300044872087,17.45639580550047,0.0,14.95491762638232,2.953107421183652,4.248495242049359,-1.578111799285609,3.2516686517163764,-0.4553744442510048,-0.5560709830777624,,-4.521870274772646,6.616932487373784,6809259.076
PSN,2025-09-27,PARSONS GOVERNMENT SERVICES INC.,OTHER,9.063146353998498,13.353476685668044,9.93949058331092,18.435402580963505,0.0,14.967731339544999,2.953107421183652,4.330733340286331,-1.578111799285609,3.2516686517163764,-0.030197196809831794,-0.5505060563890565,,-0.3001447533337097,6.616932487373784,9863253.063870968
PSN,2025-09-30,PARSONS GOVERNMENT SERVICES INTERNATIONAL INC.,OTHER,7.68210671399614,12.265690596117226,9.941670987401276,18.504934195526154,0.0,14.967731339544999,2.9627376191176387,4.3694478524670215,-1.1134307742751308,3.913353873575743,0.0,-0.5505060563890565,,0.0,4.739637700218232,12581251.605454544
PSN,2025-10-15,PARSONS GOVERNMENT SERVICES INC.,OTHER,2.9722981593847786,13.122365377402328,9.964858828751249,18.504934195526154,0.0,14.967731339544999,1.5603758446554794,4.219507705176107,4.419649744374503,6.0794743669974505,0.0,-0.5505060563890565,,0.0,2.551760310179961,12678643.738857144
PSN,2025-12-05,PARSONS GOVERNMENT SERVICES INC.,OTHER,9.122283108566688,12.561579602637769,9.955197254823204,18.504934195526154,2.5649493574615367,14.95491762638232,5.046037468908775,2.833213344056216,4.715746174652795,-16.973767583360512,0.0,-0.5560709830777624,-0.5691513490831406,0.0,-18.12506236042998,10652563.166875
PSN,2026-01-08,PARSONS GOVERNMENT SERVICES INC.,OTHER,6.689167244345895,15.380764752445826,9.846441939603764,18.504934195526154,3.58351893845611,14.968172008792227,2.3761366216549904,3.4657359027997265,-1.511455884124963,-25.362499184404463,0.0,-0.5503146761061899,-0.1042645507804898,0.0,-21.047998951763223,10818176.846875
PSN,2026-01-16,PARSONS GOVERNMENT SERVICES INC.,OTHER,0.3587720875547484,15.035681362481807,9.887203673873469,18.504934195526154,3.58351893845611,14.968612483935601,1.9085418259788505,3.4657359027997265,-0.9542297930635382,-17.949494610514684,0.0,-0.5501233801216099,-0.1042645507804898,0.0,-12.908252868207482,10600649.526417913
PSN,2026-01-29,PARSONS GOVERNMENT SERVICES INC.,OTHER,0.0,13.57333876244189,9.884125899399017,18.504934195526154,3.6109179126442243,14.95491762638232,2.2051473560457566,3.5553480614894135,1.1584382210903452,-16.779267181188807,0.0,-0.5560709830777624,-0.0920300943634782,0.0,-18.168991011250647,9774694.236216215
PSN,2026-02-11,PARSONS GOVERNMENT SERVICES INC.,OTHER,12.630706407222505,12.415120436760079,9.874945149813511,18.504934195526154,3.6375861597263857,14.94193758843122,3.569445357479269,3.5263605246161616,1.7080202873135164,-32.59386896661069,0.0,-0.5617081437505194,-0.08013087106377048,0.0,-31.747974658507538,10593990.928607594
PSN,2026-02-24,PARSONS GOVERNMENT SERVICES INC.,OTHER,4.900290693011766,15.438506604108959,9.836689614388067,18.504934195526154,3.713572066704308,14.886423248881904,3.825934197991474,3.58351893845611,1.2504017747312994,-25.307630986688668,0.0,-0.5858177231203863,-0.04627260380280296,0.0,-27.76802725075873,9875818.19116279
PSN,2026-02-27,PARSONS GOVERNMENT SERVICES INC.,OTHER,2.818182742956909,15.33253666604298,9.848882060017155,18.504934195526154,3.7612001156935624,14.911882959958131,3.837556790958031,3.8066624897703196,0.9187920539031468,-21.322634732452563,0.0,-0.5747607073477674,-0.02508330473286491,0.0,-19.350965943171328,10069243.94764045
PSN,2026-03-03,PARSONS GOVERNMENT SERVICES INC.,OTHER,0.0,11.350418300109132,9.858916907310295,18.504934195526154,3.8066624897703196,14.94193758843122,3.872978829569751,3.6888794541139363,0.6608604498573529,-19.363269529466265,0.0,-0.5617081437505194,-0.004879918644578041,0.0,-15.736537176576858,10211353.125604397
PSN,2026-03-05,PARSONS GOVERNMENT SERVICES INC.,OTHER,0.0,14.678400935052153,9.849171724697412,18.504934195526154,3.8066624897703196,14.911882959958131,3.881047452023386,3.828641396489095,0.4506844754691007,-1.4552865693311046,0.0,-0.5747607073477674,-0.004879918644578041,0.0,-18.18975017894039,10003009.21172043
PSN,2026-03-09,PARSONS GOVERNMENT SERVICES INC.,OTHER,0.0,11.51293546492023,9.843611432758031,18.504934195526154,3.8066624897703196,14.911882959958131,3.9006690773613135,3.8501476017100584,0.4506844754691007,-3.600602107317419,0.0,-0.5747607073477674,-0.004879918644578041,0.0,-21.107142010239432,9849055.056842104
PSN,2026-03-10,PARSONS GOVERNMENT SERVICES INC.,OTHER,2.545083895046907,10.12667110305036,9.825657744185476,18.504934195526154,3.828641396489095,14.901759897671937,4.03673261697225,3.912023005428146,0.4506844754691007,-10.254085776394897,0.0,-0.579157098914834,0.004879918644578263,0.0,-24.52536950997505,9776548.034479167
PSN,2026-03-16,PARSONS GOVERNMENT SERVICES INC.,OTHER,15.665402884984548,11.849404844423074,9.769398138242607,18.504934195526154,3.912023005428146,14.881286940747586,2.5581186932015467,3.7376696182833684,0.144557488338848,-13.57670698625232,0.0,-0.5880483941668837,0.04186348489774816,0.0,-35.950098490779524,9494281.72141414
PSN,2026-03-17,PARSONS GOVERNMENT SERVICES INC.,OTHER,14.488738335003635,11.669937760751914,9.75041616700849,18.504934195526154,3.912023005428146,14.886423248881904,2.643653237657938,3.8066624897703196,-0.0644266230910576,-10.204357603086578,0.0,-0.5858177231203863,0.04186348489774816,0.0,-33.82665177147766,9514559.5063
PSN,2026-03-18,PARSONS GOVERNMENT SERVICES INC.,OTHER,21.36567802492577,13.623892962581277,9.763269438596614,18.504934195526154,3.9318256327243257,14.881286940747586,2.6671374433147506,3.8501476017100584,-0.1349905564167135,-13.656040788942205,0.0,-0.5880483941668837,0.05063740920525328,0.0,-36.98866565976892,9421549.016138615
RDW,2026-01-30,"REDWIRE SPACE TECHNOLOGIES, INC.",AERO_DEFENSE,120.42552866834276,13.504219985060141,9.325429781046264,14.731622085782341,1.0986122886681096,13.711144114719373,10.944325079345338,0.0,32.75249227933782,57.8679905971528,-2.299451682123128,-1.3221847745884734,-1.3979400086720375,-21.443375196547947,21.47907664147144,923782.825
SATL,2025-09-05,IRIDIUM SATELLITE LLC,AERO_DEFENSE,18.28571047101701,15.280497259267936,8.577418037234539,15.932429028866474,0.0,14.213632880349962,3.3644026903934865,1.3862943611198906,,-10.417452842607954,-1.7779477314515777,-1.1039564860500217,,-15.250200941012992,-17.786379447565448,3579922.7533333334
SATL,2025-11-24,IRIDIUM SATELLITE LLC,AERO_DEFENSE,382.8767127761655,15.59107483517018,8.265372923046373,15.984996535174414,0.0,13.759194925355024,5.007278167365479,1.6094379124341003,-13.177144161969888,-64.81635657960122,-1.75511795085687,-1.3013165500622685,,-14.506704387765007,-71.7332239358885,1959913.653529412
SATL,2026-02-11,IRIDIUM SATELLITE LLC,AERO_DEFENSE,233.54036259911496,13.25895508249211,8.67606919164134,15.984996535174414,2.70805020110221,13.918931258396505,11.66994925953777,0.6931471805599453,3.694891377689373,109.976680583967,-1.75511795085687,-1.2319438742329671,-0.5528419686577808,-15.227524781125968,-13.227610359921036,2041209.1465
SATL,2026-03-03,SATELLITE SERVICES INC,AERO_DEFENSE,244.23077452112253,12.352948010029257,8.65599038934005,15.984996535174414,2.9444389791664403,13.759194925355024,7.666393132589608,1.0986122886681096,3.694891377689373,94.01540588889274,-1.75511795085687,-1.3013165500622685,-0.44369749923271273,-15.192284114775267,-21.342088138752324,1916714.4728571428
SPIR,2025-09-03,"CORESPHERE, LLC",OTHER,59.29705982846838,12.369343042605449,8.453855971292604,14.15558774607555,0.0,13.761502846034393,4.662084097093655,1.0986122886681096,,-30.66373946574267,-1.8888974679840445,-1.0743647562215255,,-15.968467138876395,-29.741244890620155,947423.8
TXT,2025-08-20,BELL TEXTRON INC,AERO_DEFENSE,14.671498787234682,16.047623400014714,10.151875963856478,15.601607413146091,0.0,14.785374480885341,1.9953431809099669,1.9459101490553132,,-1.7502209220691114,-1.9216217541567513,-0.8556521368555492,,-19.508065697647645,-1.417162798290807,2560941.796666667
TXT,2025-08-21,BELL TEXTRON INC,AERO_DEFENSE,14.397364149107394,12.086147467123434,10.149745132275552,16.204072593104662,0.0,15.274556400638234,1.210901751274735,2.302585092994046,,-1.4165585045989415,-1.6599744180199707,-0.6432030647591471,,-16.84831726900014,-1.1883367462519834,113891.59750000016
TXT,2025-08-28,TEXTRON AVIATION DEFENSE LLC,AERO_DEFENSE,13.004011764806368,14.851796763359337,10.163757551633385,16.204072593104662,0.0,14.507402671256688,1.337491157638495,2.772588722239781,,-1.1423084836073016,-1.6599744180199707,-0.9763738126658286,,-16.87157752666871,-6.608794689715447,642400.055
TXT,2025-09-11,BELL TEXTRON INC,AERO_DEFENSE,17.17609724998297,15.573079920095433,10.159118855845753,18.450239555902648,0.0,14.659627167821357,1.347530528145526,3.4339872044851463,,-2.966851727950571,-0.6844764650083377,-0.910263523096595,,-6.953677762048849,-5.053335826338847,11624291.281875
TXT,2025-09-22,BELL TEXTRON INC,AERO_DEFENSE,15.39367653021344,12.782494418448001,10.17449852294035,18.450239555902648,0.0,14.51576189414774,1.256920627272727,3.4339872044851463,2.858093818707852,-5.236360712269206,-0.6844764650083377,-0.972743446481358,,-6.964204782214765,-4.277421649551739,9064930.916666666
TXT,2025-09-26,BELL TEXTRON INC,AERO_DEFENSE,15.393677937833882,15.716972353533851,10.166296580488671,19.019986308310393,0.0,14.60850804633225,1.1977381639718825,3.7612001156935624,3.9347540777636025,-5.047040459640884,-0.43703859252401855,-0.9324642852721601,,-4.443063948718511,5.836554524257085,15203131.5276
TXT,2025-09-30,BELL TEXTRON INC,AERO_DEFENSE,14.027922076396536,15.51141401694967,10.175067373184431,19.019986308310393,0.0,14.785374480885341,1.1705364828114715,3.828641396489095,3.4578997809071206,-3.768629102998533,-0.43703859252401855,-0.8556521368555492,,-4.446897123613587,3.786324845515402,15311122.115555556
TXT,2025-10-23,BELL TEXTRON INC,AERO_DEFENSE,26.83176556720817,13.705946319029621,10.16750791169278,19.019986308310393,0.0,14.60850804633225,1.737522316579547,3.7376696182833684,3.658283080046619,-4.328453272428123,-0.43703859252401855,-0.9324642852721601,,-4.443593347203036,-7.252294810439963,12948937.207027026
TXT,2025-12-17,TEXTRON AVIATION DEFENSE LLC,AERO_DEFENSE,15.244736223949973,13.143779584533032,10.186894785684718,20.19222633148074,2.833213344056216,14.563209816180008,1.0800774356803888,3.332204510175204,1.1321122227531977,4.126072291278415,0.07205878265151178,-0.9521370657736234,-0.49485002168009395,0.7340552372554737,-0.6004222293564787,27326736.874
TXT,2025-12-23,TEXTRON AVIATION DEFENSE LLC,AERO_DEFENSE,11.348064678658677,13.849126168762758,10.2092013231166,20.19222633148074,2.995732273553991,14.616377064500298,1.0490309827981186,3.367295829986474,1.5587181339299374,3.759753591163517,0.07205878265151178,-0.9290468125634881,-0.4202164033831899,0.7356626191879856,-0.5354579984224959,27313741.59983871
TXT,2026-01-21,TEXTRON AVIATION DEFENSE LLC,AERO_DEFENSE,4.620020455801277,13.871431069252255,10.219962552284208,20.19222633148074,3.5553480614894135,14.44666211481404,1.569383494899354,2.8903717578961645,3.032355802474658,18.898898932717387,0.07205878265151178,-1.0027531147721405,-0.1674910872937636,0.7364380602616374,14.818023936506174,23244754.9756
TXT,2026-02-05,BELL TEXTRON INC,AERO_DEFENSE,8.529887100301025,14.774158571122591,10.208483963454713,20.19222633148074,3.713572066704308,14.44666211481404,2.3991601872662014,3.1780538303479458,3.016081020975712,11.926836338498047,0.07205878265151178,-1.0027531147721405,-0.09691001300805624,0.7356109271240266,9.98671853396804,22067768.453580245
TXT,2026-03-26,BELL TEXTRON INC,AERO_DEFENSE,8.167966618892297,12.813005785688626,10.198517012115774,20.19222633148074,4.127134385045092,14.481808733214383,1.418830813937071,3.1354942159291497,3.058762003441742,6.151280806379778,0.07205878265151178,-0.9874891243642328,0.0863598306747484,0.7348927207437959,6.044545572746108,19705907.88989796
VSEC,2025-08-20,VSE CORPORATION,AERO_DEFENSE,14.619573014739816,12.18783611626204,9.521846195904567,9.867549445730498,0.0,9.867549445730498,3.77171097420786,0.6931471805599453,,15.682065775874944,-4.41191392541108,-2.9914587578186724,,-42.00956582733388,26.09419745110757,19293.0
VSEC,2025-12-08,VSE CORPORATION,AERO_DEFENSE,36.17516376439986,10.469549661085724,9.597399246131618,15.881010769336882,1.6094379124341003,12.18783611626204,2.5274849412901377,0.6931471805599453,0.7865613941847555,-2.4865411931510373,-1.8002784005933306,-1.9837507619287882,-1.0969100130080562,-17.277990564681463,9.58187493368925,1539658.2028571428
VSEC,2026-03-20,VSE CORPORATION,AERO_DEFENSE,34.27907853641592,14.2256813436513,9.708710181443635,15.881010769336882,2.302585092994046,13.760974326726016,2.660699277737506,1.9459101490553132,4.800087339904353,4.167212384839525,-1.8002784005933306,-1.3005437650489284,-0.7447274948966939,-17.47838123727353,9.375846232808504,1663178.771333333
WWD,2025-09-17,COUNTY OF WOODWARD,AERO_DEFENSE,41.63251607512719,11.184435286790631,10.157699928975813,15.575521466512148,0.0,13.976940020208064,0.9428761167896896,2.302585092994046,,-11.453622349490066,-1.9329507387589668,-1.2067509670048784,,-19.634333581805702,10.235897448694931,1640667.2514285713
WWD,2026-02-11,WOODWARD HRT INC,AERO_DEFENSE,11.797958928428788,15.831383627856496,10.370148574913133,15.875141152313319,2.70805020110221,13.392566911272326,3.298147815353577,2.302585092994046,5.267549822801556,44.8690292101368,-1.8028275432016159,-1.4605412769640225,-0.5528419686577808,-18.69558947794638,49.507569576599366,1315152.214347826
WWD,2026-02-25,WOODWARD HRT INC,AERO_DEFENSE,10.98945088212504,10.26239026315892,10.374071023293435,15.875141152313319,2.772588722239781,13.9072646770181,3.2573199137873674,2.302585092994046,7.10500254278503,29.831953589944103,-1.8028275432016159,-1.2370106107439574,-0.5228787452803374,-18.702660975923177,52.96604612372408,1703320.775
WWD,2026-03-17,WOODWARD HRT INC,AERO_DEFENSE,18.946836468899164,14.755674444813884,10.343101540936122,15.875141152313319,2.772588722239781,13.832368658314383,2.3851325384805016,1.791759469228055,8.11966754342368,27.483583087384567,-1.8028275432016159,-1.2695375691983584,-0.5228787452803374,-18.646828340130714,52.45937193781489,1582976.4503448275
