ticker,company,award_id,award_date,transaction_amount,agency,subagency,award_type
CAT,CATERPILLAR INC,W912CH25F0078,2025-09-08,-68043.88,Department of Defense,Department of the Army,DELIVERY ORDER
LDOS,"LEIDOS, INC.",HC102826F0010,2025-12-12,3753979.47,Department of Defense,Defense Information Systems Agency,DELIVERY ORDER
LDOS,"LEIDOS, INC.",HC104726F0006,2025-11-26,2255040.83,Department of Defense,Defense Information Systems Agency,DELIVERY ORDER
BA,THE BOEING COMPANY,N6893626F5019,2025-12-22,7949654.0,Department of Defense,Department of the Navy,DELIVERY ORDER
BA,THE BOEING COMPANY,S1110A24F0006,2025-09-25,146990.74,Department of Defense,Defense Contract Management Agency,DELIVERY ORDER
CACI,"CACI, INC. - FEDERAL",HQ003425FE089,2026-04-15,2113680.57,Department of Defense,Washington Headquarters Services,DELIVERY ORDER
PLTR,PALANTIR USG INC,W519TC25C0008,2026-01-16,6535.16,Department of Defense,Department of the Army,DEFINITIVE CONTRACT
NOC,NORTHROP GRUMMAN SYSTEMS CORPORATION,N0001922F0984,2026-03-05,648000.0,Department of Defense,Department of the Navy,DELIVERY ORDER
ACN,ACCENTURE FEDERAL SERVICES LLC,89303024FIM000140,2026-02-23,-2152820.94,Department of Energy,Department of Energy,BPA CALL
GD,"GENERAL DYNAMICS INFORMATION TECHNOLOGY, INC.",15PTDD25F00000002,2025-09-10,305635.0,Department of Justice,Office of Justice Programs,BPA CALL
GD,"GENERAL DYNAMICS INFORMATION TECHNOLOGY, INC.",1605DC20F00109,2026-06-03,-94861.6,Department of Labor,Office of the Assistant Secretary for Administration and Management,DELIVERY ORDER
CACI,"CACI TECHNOLOGIES, LLC",W56KGU25F0022,2026-02-12,2217267.3,Department of Defense,Department of the Army,DELIVERY ORDER
CACI,"CACI TECHNOLOGIES, LLC",W56KGU25F0020,2026-04-17,604966.42,Department of Defense,Department of the Army,DELIVERY ORDER
HON,HONEYWELL BUILDING SOLUTIONS SES CORP,47PM0721F0093,2026-02-27,12368546.16,General Services Administration,Public Buildings Service,DELIVERY ORDER
NOC,NORTHROP GRUMMAN SYSTEMS CORPORATION,N0001924C0005,2025-08-22,25263058.0,Department of Defense,Department of the Navy,DEFINITIVE CONTRACT
NOC,NORTHROP GRUMMAN SYSTEMS CORPORATION,FA865018C1020,2025-08-13,283353.0,Department of Defense,Department of the Air Force,DEFINITIVE CONTRACT
LDOS,"LEIDOS, INC.",N6883625F7M5K,2025-12-30,-64028.52,Department of Defense,Department of the Navy,DELIVERY ORDER
GD,"GENERAL DYNAMICS INFORMATION TECHNOLOGY, INC.",47QFMA25F0016,2026-05-15,5562623.68,General Services Administration,Federal Acquisition Service,DELIVERY ORDER
BAH,BOOZ ALLEN HAMILTON INC,FA807523F0039,2026-04-06,285785.0,Department of Defense,Department of the Air Force,DELIVERY ORDER
SATL,IRIDIUM SATELLITE LLC,FA254124CB001,2025-10-02,3183413.15,Department of Defense,Department of the Air Force,DEFINITIVE CONTRACT
NOC,NORTHROP GRUMMAN SYSTEMS CORPORATION,86615321C00018,2026-03-30,807951.0,Department of Housing and Urban Development,Department of Housing and Urban Development,DEFINITIVE CONTRACT
NOC,NORTHROP GRUMMAN SYSTEMS CORP,FA811026FB001,2025-12-18,19649944.71,Department of Defense,Department of the Air Force,DELIVERY ORDER
HII,HUNTINGTON INGALLS INCORPORATED,N0002425C4229,2025-12-09,86487.0,Department of Defense,Department of the Navy,DEFINITIVE CONTRACT
ACN,ACCENTURE FEDERAL SERVICES LLC,89233124FNA000152,2026-01-23,3260411.67,Department of Energy,Department of Energy,BPA CALL
NOC,NORTHROP GRUMMAN SYSTEMS CORPORATION,N0002424C6400,2026-04-17,106577.0,Department of Defense,Department of the Navy,DEFINITIVE CONTRACT
BAH,BOOZ ALLEN HAMILTON INC,FA807522F0020,2026-01-22,259427.04,Department of Defense,Department of the Air Force,DELIVERY ORDER
BAH,BOOZ ALLEN HAMILTON INC,47QFAA24F0006,2026-06-25,32000.0,General Services Administration,Federal Acquisition Service,DELIVERY ORDER
LDOS,LEIDOS BIOMEDICAL RESEARCH INC,75N91024F00022,2025-09-16,-62899.0,Department of Health and Human Services,National Institutes of Health,DELIVERY ORDER
LDOS,"LEIDOS, INC.",89243318CFE000003,2026-08-10,3108199.0,Department of Energy,Department of Energy,DEFINITIVE CONTRACT
NOC,NORTHROP GRUMMAN SYSTEMS CORPORATION,N6833520F0540,2025-11-12,231442.2,Department of Defense,Department of the Navy,DELIVERY ORDER
NOC,NORTHROP GRUMMAN SYSTEMS CORP,FA821326FB003,2026-02-09,13462428.0,Department of Defense,Department of the Air Force,DELIVERY ORDER
NOC,NORTHROP GRUMMAN SYSTEMS CORPORATION,FA830721F0002,2025-12-03,4200000.0,Department of Defense,Department of the Air Force,DELIVERY ORDER
BAH,BOOZ ALLEN HAMILTON INC,36C10B25F0048,2026-03-04,78579.2,Department of Veterans Affairs,Department of Veterans Affairs,DELIVERY ORDER
NOC,NORTHROP GRUMMAN SYSTEMS CORPORATION,W56KGY19F0003,2025-09-26,-2747.33,Department of Defense,Department of the Army,DELIVERY ORDER
BA,THE BOEING COMPANY,NAS1510000,2025-09-25,8308078.87,National Aeronautics and Space Administration,National Aeronautics and Space Administration,DEFINITIVE CONTRACT
BA,THE BOEING COMPANY,80MSFC20C0052,2026-01-15,-750001.0,National Aeronautics and Space Administration,National Aeronautics and Space Administration,DEFINITIVE CONTRACT
ACN,ACCENTURE FEDERAL SERVICES LLC,FA820422F0001,2025-10-22,1478525.05,Department of Defense,Department of the Air Force,DELIVERY ORDER
NOC,NORTHROP GRUMMAN SYSTEMS CORPORATION,N6893626F0027,2025-12-12,6531830.0,Department of Defense,Department of the Navy,DELIVERY ORDER
ACN,ACCENTURE FEDERAL SERVICES LLC,N0001922F1209,2025-08-19,666446.88,Department of Defense,Department of the Navy,DELIVERY ORDER
BA,THE BOEING COMPANY,FA873022C0011,2026-01-23,-7062667.38,Department of Defense,Department of the Air Force,DEFINITIVE CONTRACT
GD,"GENERAL DYNAMICS INFORMATION TECHNOLOGY, INC.",68HERC23F0070,2026-05-15,246717.96,Environmental Protection Agency,Environmental Protection Agency,DELIVERY ORDER
GD,"GENERAL DYNAMICS MISSION SYSTEMS, INC.",N0003018C0005,2025-08-18,-1085407.3,Department of Defense,Defense Contract Management Agency,DEFINITIVE CONTRACT
BAH,BOOZ ALLEN HAMILTON INC,HC102825F0053,2026-01-22,342018.88,Department of Defense,Defense Information Systems Agency,BPA CALL
HII,HUNTINGTON INGALLS INC,N0002424C2106,2025-08-27,220428855.0,Department of Defense,Department of the Navy,DEFINITIVE CONTRACT
WWD,WOODWARD HRT INC,N0038323FYN03,2025-10-14,27270.0,Department of Defense,Department of the Navy,DELIVERY ORDER
ACN,ACCENTURE FEDERAL SERVICES LLC,19AQMM24F1069,2026-05-28,-42929.19,Department of State,Department of State,DELIVERY ORDER
BA,THE BOEING COMPANY,FA852626FB009,2026-03-27,2278500.0,Department of Defense,Department of the Air Force,DELIVERY ORDER
GD,"GENERAL DYNAMICS INFORMATION TECHNOLOGY, INC.",68HERH22F0074,2025-12-01,412934.97,Environmental Protection Agency,Environmental Protection Agency,DELIVERY ORDER
BA,THE BOEING COMPANY,FA862116C6390,2025-08-20,50000.0,Department of Defense,Department of the Air Force,DEFINITIVE CONTRACT
CACI,"CACI, INC. - FEDERAL",N0002423C4122,2026-01-26,7000000.0,Department of Defense,Department of the Navy,DEFINITIVE CONTRACT
BAH,BOOZ ALLEN HAMILTON INC,47QFRA24F0006,2026-06-25,7968379.42,General Services Administration,Federal Acquisition Service,DELIVERY ORDER
HII,HUNTINGTON INGALLS INC,N0002418C4314,2025-09-10,-12518294.0,Department of Defense,Department of the Navy,DEFINITIVE CONTRACT
LDOS,"LEIDOS, INC.",W15P7T25F0323,2025-09-26,1457228.0,Department of Defense,Department of the Army,DELIVERY ORDER
LDOS,"LEIDOS, INC.",FA807524F0036,2026-03-18,646150.0,Department of Defense,Department of the Air Force,DELIVERY ORDER
HII,HUNTINGTON INGALLS INCORPORATED,N0002420C2437,2025-08-27,-226639.0,Department of Defense,Department of the Navy,DEFINITIVE CONTRACT
BAH,BOOZ ALLEN HAMILTON INC,FA875021F1012,2025-09-04,433487.0,Department of Defense,Department of the Air Force,DELIVERY ORDER
BAH,BOOZ ALLEN HAMILTON INC,HR001122F0005,2025-11-26,75000.0,Department of Defense,Defense Advanced Research Projects Agency,DELIVERY ORDER
NOC,NORTHROP GRUMMAN SYSTEMS CORPORATION,47QFWA21F0007,2026-01-28,1503504.3,General Services Administration,Federal Acquisition Service,DELIVERY ORDER
BAH,BOOZ ALLEN HAMILTON INC,FA807525F0022,2025-09-03,964968.25,Department of Defense,Department of the Air Force,DELIVERY ORDER
HII,HUNTINGTON INGALLS INCORPORATED,N0002418C2307,2026-03-25,16378.0,Department of Defense,Department of the Navy,DEFINITIVE CONTRACT
BA,THE BOEING COMPANY,FA857521F0001,2025-12-31,9477651.5,Department of Defense,Department of the Air Force,DELIVERY ORDER
BAH,BOOZ ALLEN HAMILTON INC,FA807525F0038,2026-01-13,1689000.0,Department of Defense,Department of the Air Force,DELIVERY ORDER
NOC,NORTHROP GRUMMAN SYSTEMS CORPORATION,70B02C20C00000024,2025-09-04,13943724.69,Department of Homeland Security,U.S. Customs and Border Protection,DEFINITIVE CONTRACT
LDOS,LEIDOS BIOMEDICAL RESEARCH INC,75N91023F00005,2025-09-25,148670.0,Department of Health and Human Services,National Institutes of Health,DELIVERY ORDER
NOC,NORTHROP GRUMMAN SYSTEMS CORPORATION,N0001921F0362,2025-09-10,78564.1,Department of Defense,Department of the Navy,DELIVERY ORDER
LDOS,"LEIDOS, INC.",N0003926F7534,2025-12-29,1077714.34,Department of Defense,Department of the Navy,DELIVERY ORDER
ACN,ACCENTURE FEDERAL SERVICES LLC,89303024FIM000147,2025-12-10,1452958.19,Department of Energy,Department of Energy,BPA CALL
CACI,"CACI, LLC - COMMERCIAL",15JPSS21F00000531,2025-09-10,700000.0,Department of Justice,"Offices, Boards and Divisions",DELIVERY ORDER
BA,THE BOEING COMPANY,FA813826FB005,2026-05-08,6000000.0,Department of Defense,Department of the Air Force,DELIVERY ORDER
LDOS,"LEIDOS, INC.",N6883625F7KSU,2026-01-20,76140.72,Department of Defense,Department of the Navy,DELIVERY ORDER
NOC,NORTHROP GRUMMAN SYSTEMS CORPORATION,N0002423C5234,2026-04-09,842594.56,Department of Defense,Department of the Navy,DEFINITIVE CONTRACT
GD,"GENERAL DYNAMICS INFORMATION TECHNOLOGY, INC.",N0017825F3001,2026-01-14,50000.0,Department of Defense,Department of the Navy,DELIVERY ORDER
GD,GENERAL DYNAMICS ONE SOURCE LLC,FA824026F5002,2026-03-03,100000.0,Department of Defense,Department of the Air Force,DELIVERY ORDER
NOC,NORTHROP GRUMMAN SYSTEMS CORPORATION,N0001924F1850,2025-12-02,5075000.0,Department of Defense,Department of the Navy,DELIVERY ORDER
NOC,NORTHROP GRUMMAN SYSTEMS CORPORATION,FA863824F0011,2026-03-20,3185000.0,Department of Defense,Department of the Air Force,DELIVERY ORDER
BA,THE BOEING COMPANY,FA862516C6599,2025-08-27,255025.0,Department of Defense,Department of the Air Force,DEFINITIVE CONTRACT
LDOS,"LEIDOS, INC.",FA865016C1732,2026-02-18,2918283.31,Department of Defense,Department of the Air Force,DEFINITIVE CONTRACT
BA,THE BOEING COMPANY,N0038326F0YY0,2025-11-28,53241552.5,Department of Defense,Department of the Navy,DELIVERY ORDER
HII,HUNTINGTON INGALLS INCORPORATED,N0002420C2437,2025-12-03,122426.0,Department of Defense,Department of the Navy,DEFINITIVE CONTRACT
BA,THE BOEING COMPANY,W58RGZ21C0015,2025-09-05,1278960.0,Department of Defense,Department of the Army,DEFINITIVE CONTRACT
BAH,BOOZ ALLEN HAMILTON INC,47QFCA26F0010,2026-04-08,5085953.0,General Services Administration,Federal Acquisition Service,DELIVERY ORDER
BAH,BOOZ ALLEN HAMILTON INC,FA875025CB074,2026-04-13,535080.0,Department of Defense,Department of the Air Force,DEFINITIVE CONTRACT
GD,"GENERAL DYNAMICS INFORMATION TECHNOLOGY, INC.",47QFSA22F0104,2026-05-07,73169.39,General Services Administration,Federal Acquisition Service,BPA CALL
BA,THE BOEING COMPANY,N0001921F0550,2026-01-26,1899541.55,Department of Defense,Department of the Navy,DELIVERY ORDER
LDOS,"LEIDOS SECURITY DETECTION & AUTOMATION, INC.",IND16PC00217,2026-08-06,-622274.0,Department of the Interior,Departmental Offices,DEFINITIVE CONTRACT
ACN,ACCENTURE FEDERAL SERVICES LLC,FA865825FB001,2025-09-15,650000.0,Department of Defense,Department of the Air Force,DELIVERY ORDER
LDOS,"LEIDOS, INC.",W15P7T26F0119,2026-05-08,1724709.0,Department of Defense,Department of the Army,DELIVERY ORDER
LDOS,"LEIDOS, INC.",N6883625F7KSU,2025-12-23,852323.76,Department of Defense,Department of the Navy,DELIVERY ORDER
NOC,NORTHROP GRUMMAN SYSTEMS CORPORATION,W58RGZ25F0088,2026-03-10,8321985.7,Department of Defense,Department of the Army,DELIVERY ORDER
BA,THE BOEING COMPANY,FA861718F8001,2025-10-21,4000000.0,Department of Defense,Department of the Air Force,DELIVERY ORDER
ACN,ACCENTURE FEDERAL SERVICES LLC,SP470924F0042,2026-04-30,352469.67,Department of Defense,Defense Logistics Agency,DELIVERY ORDER
NOC,NORTHROP GRUMMAN SYSTEMS CORPORATION,N0038326FTQ02,2025-11-28,4089028.2,Department of Defense,Department of the Navy,DELIVERY ORDER
BAH,BOOZ ALLEN HAMILTON INC,W91QVN23F0093,2025-12-16,718150.25,Department of Defense,Department of the Army,DELIVERY ORDER
LDOS,"LEIDOS, INC.",N0003925F7477,2026-04-01,2817882.16,Department of Defense,Department of the Navy,DELIVERY ORDER
BA,THE BOEING COMPANY,FA863418C2701,2025-08-22,268000.0,Department of Defense,Department of the Air Force,DEFINITIVE CONTRACT
BA,THE BOEING COMPANY,FA813426FB010,2025-12-22,1246749.67,Department of Defense,Department of the Air Force,DELIVERY ORDER
HII,HUNTINGTON INGALLS INCORPORATED,N6931618F7000,2025-09-18,-40888.0,Department of Defense,Department of the Navy,DELIVERY ORDER
BA,THE BOEING COMPANY,N0001919F4078,2025-11-25,439531.96,Department of Defense,Department of the Navy,DELIVERY ORDER
BAH,BOOZ ALLEN HAMILTON INC,FA807525F0024,2025-08-21,181752.93,Department of Defense,Department of the Air Force,DELIVERY ORDER
HON,HONEYWELL INTERNATIONAL INC.,W912CH25F0157,2025-09-22,653634.77,Department of Defense,Department of the Army,DELIVERY ORDER
ACN,ACCENTURE FEDERAL SERVICES LLC,89303022FIM000088,2026-01-23,2742000.0,Department of Energy,Department of Energy,BPA CALL
ACN,ACCENTURE FEDERAL SERVICES LLC,N0018925F3030,2025-09-30,3158376.49,Department of Defense,Department of the Navy,DELIVERY ORDER
GD,GENERAL DYNAMICS LAND SYSTEMS INC.,W56HZV17C0067,2025-12-18,-9787518.21,Department of Defense,Department of the Army,DEFINITIVE CONTRACT
NOC,NORTHROP GRUMMAN SYSTEMS CORPORATION,HQ072725FE072,2025-08-29,6570677.0,Department of Defense,Defense Microelectronics Activity,DELIVERY ORDER
GD,"GENERAL DYNAMICS INFORMATION TECHNOLOGY, INC.",75R60225F34021,2025-08-14,858000.0,Department of Health and Human Services,Health Resources and Services Administration,BPA CALL
ACN,ACCENTURE FEDERAL SERVICES LLC,1331L520C13OS0005,2025-11-24,7932695.37,Department of Commerce,Office of the Secretary,DEFINITIVE CONTRACT
CACI,"CACI NSS, LLC",FA872624FB047,2026-03-25,5095706.1,Department of Defense,Department of the Air Force,BPA CALL
GD,GENERAL DYNAMICS LAND SYSTEMS INC.,W56HZV22F0103,2025-09-22,-45093.72,Department of Defense,Department of the Army,DELIVERY ORDER
ETN,"EATON AEROSPACE, LLC",N0038325FBF08,2025-09-05,1011360.0,Department of Defense,Department of the Navy,DELIVERY ORDER
CACI,"CACI TECHNOLOGIES, LLC",W909MY24F0002,2025-09-16,1115765.34,Department of Defense,Department of the Army,DELIVERY ORDER
NOC,NORTHROP GRUMMAN SYSTEMS CORPORATION,NNH15CN76C,2026-01-23,80000000.0,National Aeronautics and Space Administration,National Aeronautics and Space Administration,DEFINITIVE CONTRACT
BAH,BOOZ ALLEN HAMILTON INC,693KA923F00103,2026-03-25,22705.0,Department of Transportation,Federal Aviation Administration,DELIVERY ORDER
BA,THE BOEING COMPANY,FA863424F0043,2025-09-26,1767000.0,Department of Defense,Department of the Air Force,DELIVERY ORDER
GD,GENERAL DYNAMICS LAND SYSTEMS INC.,W31P4Q26F0035,2026-02-02,8995694.0,Department of Defense,Department of the Army,DELIVERY ORDER
LDOS,"LEIDOS, INC.",N0003925F7464,2025-11-26,13257800.38,Department of Defense,Department of the Navy,DELIVERY ORDER
BAH,BOOZ ALLEN HAMILTON INC,80JSC025FA189,2025-09-24,2792790.0,National Aeronautics and Space Administration,National Aeronautics and Space Administration,BPA CALL
GD,"GENERAL DYNAMICS INFORMATION TECHNOLOGY, INC.",140D0425F0041,2026-02-23,55169009.95,Department of the Interior,Departmental Offices,DELIVERY ORDER
NOC,NORTHROP GRUMMAN SYSTEMS CORPORATION,70T01018F5NOTD018,2025-09-05,-1980831.69,Department of Homeland Security,Transportation Security Administration,DELIVERY ORDER
ACN,ACCENTURE FEDERAL SERVICES LLC,W519TC24F0049,2026-03-11,401467.0,Department of Defense,Department of the Army,DELIVERY ORDER
TXT,TEXTRON SYSTEMS CORPORATION,FA851723F0050,2025-12-30,-12148.0,Department of Defense,Department of the Air Force,DELIVERY ORDER
GD,"GENERAL DYNAMICS MISSION SYSTEMS, INC.",W91CRB23C5028,2025-10-16,10153826.0,Department of Defense,Department of the Army,DEFINITIVE CONTRACT
BA,THE BOEING COMPANY,N0038323FUQ0C,2025-11-05,0.01,Department of Defense,Department of the Navy,DELIVERY ORDER
BAH,BOOZ ALLEN HAMILTON INC,FA807521F0029,2025-09-10,154200.0,Department of Defense,Department of the Air Force,DELIVERY ORDER
LDOS,"LEIDOS, INC.",FA873017C0036,2026-03-26,139000.0,Department of Defense,Department of the Air Force,DEFINITIVE CONTRACT
BAH,BOOZ ALLEN HAMILTON INC,N0016423F3004,2026-03-20,3568699.0,Department of Defense,Department of the Navy,DELIVERY ORDER
LDOS,"LEIDOS, INC.",75FCMC23F0076,2025-08-26,33060.0,Department of Health and Human Services,Centers for Medicare and Medicaid Services,DELIVERY ORDER
BA,THE BOEING COMPANY,N0001918F0362,2025-09-22,-205000.0,Department of Defense,Department of the Navy,DELIVERY ORDER
LDOS,"LEIDOS, INC.",47QFPA23F0014,2025-09-04,4808196.9,General Services Administration,Federal Acquisition Service,DELIVERY ORDER
BAH,BOOZ ALLEN HAMILTON INC,HC102825F0066,2025-12-11,1105134.47,Department of Defense,Defense Information Systems Agency,BPA CALL
NOC,NORTHROP GRUMMAN SYSTEMS CORPORATION,FA881821F0001,2026-03-23,5007989.0,Department of Defense,Department of the Air Force,DELIVERY ORDER
ACN,ACCENTURE FEDERAL SERVICES LLC,89303024FIM000144,2026-06-09,39200.0,Department of Energy,Department of Energy,BPA CALL
GD,"GENERAL DYNAMICS INFORMATION TECHNOLOGY, INC.",140D0425F0775,2026-05-14,185574.02,Department of the Interior,Departmental Offices,DELIVERY ORDER
MRCY,MERCURY SYSTEMS INC,N6660425P0425,2025-08-27,1074598.0,Department of Defense,Department of the Navy,PURCHASE ORDER
HII,HUNTINGTON INGALLS INCORPORATED,N0002423C2307,2026-03-24,117.0,Department of Defense,Department of the Navy,DEFINITIVE CONTRACT
BA,THE BOEING COMPANY,N0001416C1042,2025-09-24,-30418.66,Department of Defense,Defense Contract Management Agency,DEFINITIVE CONTRACT
BA,BELL BOEING JOINT PROJECT OFFICE,SPRPA126F0001,2026-01-20,30015330.36,Department of Defense,Defense Logistics Agency,DELIVERY ORDER
NOC,NORTHROP GRUMMAN SYSTEMS CORPORATION,FA861517C6047,2025-12-11,2452523.53,Department of Defense,Department of the Air Force,DEFINITIVE CONTRACT
CACI,"CACI, INC. - FEDERAL",47QFCA25F0014,2026-06-10,2472744.0,General Services Administration,Federal Acquisition Service,DELIVERY ORDER
BAH,BOOZ ALLEN HAMILTON INC,FA807524F0020,2025-08-28,157723.0,Department of Defense,Department of the Air Force,DELIVERY ORDER
NOC,NORTHROP GRUMMAN SYSTEMS CORPORATION,W31P4Q25F0088,2026-01-07,3620000.0,Department of Defense,Department of the Army,DELIVERY ORDER
NOC,NORTHROP GRUMMAN SYSTEMS CORPORATION,FA865125FB004,2026-02-05,841124.0,Department of Defense,Department of the Air Force,DELIVERY ORDER
LDOS,"LEIDOS, INC.",N6523625F3003,2026-04-03,2696132.0,Department of Defense,Department of the Navy,DELIVERY ORDER
BA,THE BOEING COMPANY,SPRRA125F0085,2025-09-26,3771560.54,Department of Defense,Defense Logistics Agency,DELIVERY ORDER
NOC,NORTHROP GRUMMAN SYSTEMS CORP,FA852225F0038,2025-08-26,31049140.0,Department of Defense,Department of the Air Force,DELIVERY ORDER
HII,HUNTINGTON INGALLS INC,N0002425C2122,2025-08-13,269000.0,Department of Defense,Department of the Navy,DEFINITIVE CONTRACT
NOC,NORTHROP GRUMMAN SYSTEMS CORPORATION,FA863825FB007,2026-04-28,5314.0,Department of Defense,Department of the Air Force,DELIVERY ORDER
NOC,NORTHROP GRUMMAN SYSTEMS CORPORATION,HQ085925F0010,2026-01-12,11312.0,Department of Defense,Missile Defense Agency,DELIVERY ORDER
GD,"GENERAL DYNAMICS-OTS, INC.",W15QKN25F0384,2025-09-04,98040383.76,Department of Defense,Department of the Army,DELIVERY ORDER
GD,"GENERAL DYNAMICS INFORMATION TECHNOLOGY, INC.",0018,2025-12-03,506663.95,Department of Transportation,Federal Aviation Administration,DELIVERY ORDER
GD,"GENERAL DYNAMICS MISSION SYSTEMS, INC.",W56KGY26F0036,2026-04-29,3757133.0,Department of Defense,Department of the Army,DELIVERY ORDER
GE,GENERAL ELECTRIC COMPANY,FA812225F0017,2025-09-03,304018.0,Department of Defense,Department of the Air Force,DELIVERY ORDER
GD,"GENERAL DYNAMICS GLOBAL FORCE, LLC",W911QY24F0139,2026-03-02,1041027.43,Department of Defense,Department of the Army,DELIVERY ORDER
GD,GENERAL DYNAMICS ONE SOURCE LLC,FA824026F5003,2026-03-12,1182945.73,Department of Defense,Department of the Air Force,DELIVERY ORDER
BAH,BOOZ ALLEN HAMILTON INC,FA875022F1005,2025-12-18,2422208.0,Department of Defense,Department of the Air Force,DELIVERY ORDER
GD,GENERAL DYNAMICS LAND SYSTEMS INC.,W912CH26F0109,2026-02-27,1466379.0,Department of Defense,Department of the Army,DELIVERY ORDER
CACI,"CACI NSS, LLC",47QFCA24F0051,2026-06-10,48780.0,General Services Administration,Federal Acquisition Service,DELIVERY ORDER
IBM,INTERNATIONAL BUSINESS MACHINES CORPORATION,693KA721C00022,2026-03-20,828808.28,Department of Transportation,Federal Aviation Administration,DEFINITIVE CONTRACT
BA,THE BOEING COMPANY,N0001926F0108,2026-01-27,-75560.07,Department of Defense,Department of the Navy,DELIVERY ORDER
CACI,"CACI, INC. - FEDERAL",N0042122C0025,2025-09-26,721042.96,Department of Defense,Department of the Navy,DEFINITIVE CONTRACT
GE,GENERAL ELECTRIC COMPANY,FA862625FB005,2025-08-19,31134.52,Department of Defense,Department of the Air Force,DELIVERY ORDER
CACI,"CACI, INC. - FEDERAL",70B04C24F00001129,2025-09-27,230519623.02,Department of Homeland Security,U.S. Customs and Border Protection,DELIVERY ORDER
CACI,"CACI, INC. - FEDERAL",47QFRA24F0005,2026-07-27,10456594.07,General Services Administration,Federal Acquisition Service,DELIVERY ORDER
BA,THE BOEING COMPANY,FA813425F1001,2025-08-19,5280.0,Department of Defense,Department of the Air Force,DELIVERY ORDER
EMR,"K. W. EMERSON, INC.",12363N26F4057,2026-03-25,3504868.0,Department of Agriculture,Forest Service,BPA CALL
NOC,NORTHROP GRUMMAN SYSTEMS CORPORATION,HQ085426FE016,2026-04-10,1500000.0,Department of Defense,Missile Defense Agency,DELIVERY ORDER
TXT,BELL TEXTRON INC,N6893625F0177,2025-10-14,1020000.0,Department of Defense,Department of the Navy,DELIVERY ORDER
CACI,"CACI, INC. - FEDERAL",N0016721F3015,2025-10-15,1514149.0,Department of Defense,Department of the Navy,DELIVERY ORDER
BAH,BOOZ ALLEN HAMILTON INC,FA807523F0046,2026-04-14,1200000.0,Department of Defense,Department of the Air Force,DELIVERY ORDER
LDOS,"LEIDOS, INC.",FA945124FX005,2025-12-29,60000.0,Department of Defense,Department of the Air Force,DELIVERY ORDER
SATL,SATELLITE SERVICES INC,47PG0122F0005,2026-07-24,1457919.74,General Services Administration,Public Buildings Service,BPA CALL
NOC,NORTHROP GRUMMAN SYSTEMS CORPORATION,FA854026FB014,2025-12-22,5022073.27,Department of Defense,Department of the Air Force,DELIVERY ORDER
GD,"GENERAL DYNAMICS INFORMATION TECHNOLOGY, INC.",140D0425F0775,2026-05-29,3267334.44,Department of the Interior,Departmental Offices,DELIVERY ORDER
BAH,BOOZ ALLEN HAMILTON INC,47QFAA24F0006,2026-03-31,7023260.77,General Services Administration,Federal Acquisition Service,DELIVERY ORDER
BAH,BOOZ ALLEN HAMILTON INC,N6600125F0133,2026-03-25,2366146.37,Department of Defense,Department of the Navy,DELIVERY ORDER
NOC,NORTHROP GRUMMAN SYSTEMS CORP,FA865626FB003,2026-05-11,2718200.0,Department of Defense,Department of the Air Force,DELIVERY ORDER
LDOS,"LEIDOS, INC.",FA945122C0007,2026-04-07,50000.0,Department of Defense,Department of the Air Force,DEFINITIVE CONTRACT
NOC,NORTHROP GRUMMAN SYSTEMS CORPORATION,FA248724FA001,2025-11-24,142800.07,Department of Defense,Department of the Air Force,DELIVERY ORDER
LDOS,"LEIDOS, INC.",FA873021F0113,2025-12-18,1698285.8,Department of Defense,Department of the Air Force,DELIVERY ORDER
BAH,BOOZ ALLEN HAMILTON INC,47QFWA26F0006,2026-02-20,3463477.16,General Services Administration,Federal Acquisition Service,DELIVERY ORDER
BA,THE BOEING COMPANY,N6893624F0389,2025-08-28,-22084581.82,Department of Defense,Department of the Navy,DELIVERY ORDER
ACN,ACCENTURE FEDERAL SERVICES LLC,1333BJ21F00280023,2025-09-17,2277262.73,Department of Commerce,U.S. Patent and Trademark Office,DELIVERY ORDER
GD,"GENERAL DYNAMICS MISSION SYSTEMS, INC.",FA830722F0025,2025-09-24,653886.0,Department of Defense,Department of the Air Force,DELIVERY ORDER
HII,HUNTINGTON INGALLS INCORPORATED,N0002423C2324,2026-02-13,2993612.0,Department of Defense,Department of the Navy,DEFINITIVE CONTRACT
GD,GENERAL DYNAMICS LAND SYSTEMS INC.,W912CH24F0010,2026-03-25,999894.0,Department of Defense,Department of the Army,DELIVERY ORDER
BAH,BOOZ ALLEN HAMILTON INC,47QFCA20F0014,2026-07-21,-2905764.13,General Services Administration,Federal Acquisition Service,DELIVERY ORDER
BAH,BOOZ ALLEN HAMILTON INC,47QFHA25F0004,2026-03-11,2113317.55,General Services Administration,Federal Acquisition Service,DELIVERY ORDER
GD,GENERAL DYNAMICS LAND SYSTEMS INC.,W912CH24F0193,2026-02-19,48851.0,Department of Defense,Department of the Army,DELIVERY ORDER
TXT,BELL TEXTRON INC,W58RGZ15C0070,2026-04-29,738820.56,Department of Defense,Department of the Army,DEFINITIVE CONTRACT
LDOS,"LEIDOS, INC.",FA807524F0036,2026-02-25,420000.0,Department of Defense,Department of the Air Force,DELIVERY ORDER
NOC,NORTHROP GRUMMAN SYSTEMS CORPORATION,W31P4Q22F0031,2026-01-29,81096190.0,Department of Defense,Department of the Army,DELIVERY ORDER
BAH,BOOZ ALLEN HAMILTON INC,W911QY26FA038,2026-01-28,750000.0,Department of Defense,Department of the Army,DELIVERY ORDER
BAH,BOOZ ALLEN HAMILTON INC,FA807524F0020,2025-09-08,1522508.0,Department of Defense,Department of the Air Force,DELIVERY ORDER
GD,"GENERAL DYNAMICS MISSION SYSTEMS, INC.",N0003020C0003,2025-08-25,-53407.0,Department of Defense,Department of the Navy,DEFINITIVE CONTRACT
GD,GENERAL DYNAMICS LAND SYSTEMS INC.,W912CH24F0010,2026-01-16,8000.0,Department of Defense,Department of the Army,DELIVERY ORDER
CACI,"CACI NSS, LLC",70RTAC26FC0000015,2026-06-11,2193335.2,Department of Homeland Security,Office of Procurement Operations,BPA CALL
BA,THE BOEING COMPANY,W58RGZ22F0140,2025-09-15,607486.75,Department of Defense,Department of the Army,DELIVERY ORDER
LDOS,"LEIDOS, INC.",HC102826F0011,2026-01-22,7658886.5,Department of Defense,Defense Information Systems Agency,DELIVERY ORDER
NOC,NORTHROP GRUMMAN SYSTEMS CORPORATION,DTFAWA17C00023,2025-09-12,-670324.2,Department of Transportation,Federal Aviation Administration,DEFINITIVE CONTRACT
CACI,"CACI ENTERPRISE SOLUTIONS, LLC",SP470924F0062,2025-09-29,105774.45,Department of Defense,Defense Logistics Agency,DELIVERY ORDER
HII,HUNTINGTON INGALLS INC,N5523625F9922,2025-09-24,6529575.0,Department of Defense,Department of the Navy,DELIVERY ORDER
BAH,BOOZ ALLEN HAMILTON INC,W56KGU24F0009,2025-12-17,127300.0,Department of Defense,Department of the Army,DELIVERY ORDER
KTOS,"KRATOS DEFENSE & ROCKET SUPPORT SERVICES, INC.",N6600125F0574,2025-12-19,199739.22,Department of Defense,Department of the Navy,DELIVERY ORDER
BAH,BOOZ ALLEN HAMILTON INC,W519TC24F2229,2025-09-30,2009716.0,Department of Defense,Department of the Army,DELIVERY ORDER
BAH,BOOZ ALLEN HAMILTON INC,FA714623C0047,2025-09-26,3673392.0,Department of Defense,Department of the Air Force,DEFINITIVE CONTRACT
GD,"GENERAL DYNAMICS INFORMATION TECHNOLOGY, INC.",692M1520F00631,2026-03-19,170000.0,Department of Transportation,Federal Aviation Administration,DELIVERY ORDER
NOC,NORTHROP GRUMMAN SYSTEMS CORPORATION,N0038326FN306,2025-11-25,1173013.0,Department of Defense,Department of the Navy,DELIVERY ORDER
LDOS,"LEIDOS, INC.",W15P7T26F0089,2026-04-10,128482452.0,Department of Defense,Department of the Army,DELIVERY ORDER
BAH,BOOZ ALLEN HAMILTON INC,N0016423F3004,2026-02-27,4083750.0,Department of Defense,Department of the Navy,DELIVERY ORDER
BA,THE BOEING COMPANY,FA862125FB016,2026-04-14,4579498.08,Department of Defense,Department of the Air Force,DELIVERY ORDER
BAH,BOOZ ALLEN HAMILTON INC,FA807523F0021,2025-09-17,480000.0,Department of Defense,Department of the Air Force,DELIVERY ORDER
LDOS,"LEIDOS, INC.",47QFRA23F0004,2026-04-29,-58332.53,General Services Administration,Federal Acquisition Service,DELIVERY ORDER
GD,"GENERAL DYNAMICS MISSION SYSTEMS, INC.",N0017820C2310,2025-09-24,2441500.0,Department of Defense,Department of the Navy,DEFINITIVE CONTRACT
HII,HUNTINGTON INGALLS INCORPORATED,N0002425C4229,2026-04-28,347775.0,Department of Defense,Department of the Navy,DEFINITIVE CONTRACT
CACI,"CACI, INC. - FEDERAL",47QFMA25F0003,2026-06-10,2112007.04,General Services Administration,Federal Acquisition Service,DELIVERY ORDER
LDOS,"LEIDOS, INC.",FA873021F8504,2026-01-26,2484652.0,Department of Defense,Department of the Air Force,DELIVERY ORDER
BA,THE BOEING COMPANY,N6893624F0378,2025-08-12,5460000.0,Department of Defense,Department of the Navy,DELIVERY ORDER
GD,"GENERAL DYNAMICS INFORMATION TECHNOLOGY, INC.",N0017820F3012,2026-02-19,-84140.0,Department of Defense,Department of the Navy,DELIVERY ORDER
LDOS,LEIDOS BIOMEDICAL RESEARCH INC,75N91023F00005,2026-03-12,70457.0,Department of Health and Human Services,National Institutes of Health,DELIVERY ORDER
GD,"GENERAL DYNAMICS MISSION SYSTEMS, INC.",N6134023C0007,2025-12-17,860632.37,Department of Defense,Department of the Navy,DEFINITIVE CONTRACT
CACI,"CACI TECHNOLOGIES, LLC",W56KGU21F0013,2025-09-26,735260.32,Department of Defense,Department of the Army,DELIVERY ORDER
ACN,ACCENTURE FEDERAL SERVICES LLC,15F06725C0000831,2026-03-11,-5000.0,Department of Justice,Federal Bureau of Investigation,DEFINITIVE CONTRACT
ACN,ACCENTURE FEDERAL SERVICES LLC,89603024F0002,2026-05-29,2908917.11,Department of Energy,Federal Energy Regulatory Commission,BPA CALL
NOC,NORTHROP GRUMMAN SYSTEMS CORPORATION,N0001924C0005,2026-01-22,1744739.0,Department of Defense,Department of the Navy,DEFINITIVE CONTRACT
BAH,BOOZ ALLEN HAMILTON INC,47QFCA20F0028,2026-04-27,-1554267.28,General Services Administration,Federal Acquisition Service,DELIVERY ORDER
BAH,BOOZ ALLEN HAMILTON INC,HQ003425FE451,2026-03-23,784000.0,Department of Defense,Washington Headquarters Services,DELIVERY ORDER
BA,THE BOEING COMPANY,FA873023C0025,2026-03-12,31000000.0,Department of Defense,Department of the Air Force,DEFINITIVE CONTRACT
TXT,BELL TEXTRON INC,SPRPA125F0026,2025-12-10,1496564.94,Department of Defense,Defense Logistics Agency,DELIVERY ORDER
BAH,BOOZ ALLEN HAMILTON INC,2032H322F00090,2025-09-12,1083529.51,Department of the Treasury,Departmental Offices,BPA CALL
BA,THE BOEING COMPANY,N0001926F0196,2026-04-07,1253768.0,Department of Defense,Department of the Navy,DELIVERY ORDER
ACN,ACCENTURE FEDERAL SERVICES LLC,19AQMM23F3420,2025-08-18,-850290.44,Department of State,Department of State,BPA CALL
ACN,ACCENTURE FEDERAL SERVICES LLC,140D0424F1210,2026-07-07,41752.0,Department of the Interior,Departmental Offices,DELIVERY ORDER
GD,"GENERAL DYNAMICS INFORMATION TECHNOLOGY, INC.",19AQMM18C0185,2026-07-29,22968150.66,Department of State,Department of State,DEFINITIVE CONTRACT
BAH,BOOZ ALLEN HAMILTON INC,HR001121F0036,2025-09-02,299742.0,Department of Defense,Defense Advanced Research Projects Agency,DELIVERY ORDER
HON,HONEYWELL INTERNATIONAL INC.,N0038325FNM09,2026-03-11,-45199.2,Department of Defense,Department of the Navy,DELIVERY ORDER
LDOS,"LEIDOS, INC.",W15P7T25F0266,2025-08-29,15727660.0,Department of Defense,Department of the Army,DELIVERY ORDER
ACN,ACCENTURE FEDERAL SERVICES LLC,89603024F0015,2026-05-25,-124166.51,Department of Energy,Federal Energy Regulatory Commission,DELIVERY ORDER
GD,"GENERAL DYNAMICS INFORMATION TECHNOLOGY, INC.",89303020FCF000016,2026-01-30,1425000.0,Department of Energy,Department of Energy,BPA CALL
ACN,ACCENTURE FEDERAL SERVICES LLC,1333BJ26F00184004,2025-12-16,6896502.4,Department of Commerce,U.S. Patent and Trademark Office,BPA CALL
CACI,"CACI, LLC - COMMERCIAL",15JPSS21F00000388,2026-05-26,900000.0,Department of Justice,"Offices, Boards and Divisions",DELIVERY ORDER
LDOS,"LEIDOS, INC.",70T04025C7672N001,2025-09-03,74169.0,Department of Homeland Security,Transportation Security Administration,DEFINITIVE CONTRACT
GD,"GENERAL DYNAMICS ORDNANCE AND TACTICAL SYSTEMS, INC.",W52P1J22C0023,2025-12-03,-96861.9,Department of Defense,Department of the Army,DEFINITIVE CONTRACT
NOC,NORTHROP GRUMMAN SYSTEMS CORPORATION,N6893620F0135,2026-02-02,-140617.66,Department of Defense,Department of the Navy,DELIVERY ORDER
NOC,NORTHROP GRUMMAN SYSTEMS CORP,FA811021F0002,2025-09-25,1509772.72,Department of Defense,Department of the Air Force,DELIVERY ORDER
HII,HUNTINGTON INGALLS INCORPORATED,N0002425C4229,2025-08-20,38790.0,Department of Defense,Department of the Navy,DEFINITIVE CONTRACT
HII,HUNTINGTON INGALLS INC,N0002409C2116,2025-09-03,5000.0,Department of Defense,Department of the Navy,DEFINITIVE CONTRACT
ACN,ACCENTURE FEDERAL SERVICES LLC,SP470924F0069,2025-09-29,966422.55,Department of Defense,Defense Logistics Agency,DELIVERY ORDER
GD,"GENERAL DYNAMICS MISSION SYSTEMS, INC.",DTFAWA12C00040,2025-11-03,2500.0,Department of Transportation,Federal Aviation Administration,DEFINITIVE CONTRACT
HII,HUNTINGTON INGALLS INCORPORATED,N0002423C2324,2026-02-27,8000000.0,Department of Defense,Department of the Navy,DEFINITIVE CONTRACT
LDOS,"LEIDOS, INC.",N6264521F0184,2025-08-28,126570.5,Department of Defense,Department of the Navy,DELIVERY ORDER
HII,HUNTINGTON INGALLS INCORPORATED,N0002419C4313,2026-03-13,2169.0,Department of Defense,Department of the Navy,DEFINITIVE CONTRACT
PSN,PARSONS GOVERNMENT SERVICES INC.,47QFMA24F0007,2026-05-06,647823.48,General Services Administration,Federal Acquisition Service,DELIVERY ORDER
PSN,PARSONS GOVERNMENT SERVICES INC.,FA830725FB131,2025-08-19,400000.0,Department of Defense,Department of the Air Force,DELIVERY ORDER
GD,"GENERAL DYNAMICS GLOBAL FORCE, LLC",W56JSR25F0002,2026-03-13,-4452693.08,Department of Defense,Department of the Army,DELIVERY ORDER
TXT,BELL TEXTRON INC,N0001920C0061,2025-09-29,27075.51,Department of Defense,Department of the Navy,DEFINITIVE CONTRACT
GD,"GENERAL DYNAMICS MISSION SYSTEMS, INC.",N0002422F6307,2025-09-22,306088.0,Department of Defense,Department of the Navy,DELIVERY ORDER
LDOS,"LEIDOS, INC.",HC104724F0043,2025-12-19,4516130.91,Department of Defense,Defense Information Systems Agency,DELIVERY ORDER
NOC,NORTHROP GRUMMAN SYSTEMS CORPORATION,FA872623F0028,2025-09-29,169838.7,Department of Defense,Department of the Air Force,DELIVERY ORDER
CACI,"CACI NSS, LLC",47QFCA24F0051,2026-05-15,2476849.0,General Services Administration,Federal Acquisition Service,DELIVERY ORDER
BAH,BOOZ ALLEN HAMILTON INC,FA807521F0075,2025-11-24,-12000.0,Department of Defense,Department of the Air Force,DELIVERY ORDER
NOC,NORTHROP GRUMMAN SYSTEMS CORPORATION,FA873021F0119,2026-02-26,100000.0,Department of Defense,Department of the Air Force,DELIVERY ORDER
BA,THE BOEING COMPANY,FA239125CB018,2026-03-31,1396000.0,Department of Defense,Department of the Air Force,DEFINITIVE CONTRACT
BA,THE BOEING COMPANY,W58RGZ23F0241,2025-10-29,200000.0,Department of Defense,Department of the Army,DELIVERY ORDER
CACI,"CACI, INC. - FEDERAL",N6523625F0400,2026-01-22,60529.52,Department of Defense,Department of the Navy,DELIVERY ORDER
IBM,INTERNATIONAL BUSINESS MACHINES CORPORATION,HR001125C0052,2026-02-05,995368.0,Department of Defense,Defense Advanced Research Projects Agency,DEFINITIVE CONTRACT
CACI,"CACI TECHNOLOGIES, LLC",W56KGU22F0015,2025-09-29,385781.21,Department of Defense,Department of the Army,DELIVERY ORDER
ACN,ACCENTURE FEDERAL SERVICES LLC,28321326C00060006,2026-07-31,926320.88,Social Security Administration,Social Security Administration,DEFINITIVE CONTRACT
HII,HUNTINGTON INGALLS INC,N0002421C2104,2025-09-10,3733506.0,Department of Defense,Department of the Navy,DEFINITIVE CONTRACT
ACN,ACCENTURE FEDERAL SERVICES LLC,15F06725F0000990,2025-09-23,7042697.68,Department of Justice,Federal Bureau of Investigation,BPA CALL
GD,"GENERAL DYNAMICS INFORMATION TECHNOLOGY, INC.",N0042122F1031,2026-02-25,-619212.15,Department of Defense,Department of the Navy,DELIVERY ORDER
BAH,BOOZ ALLEN HAMILTON INC,47QFMA26F0001,2026-01-29,2713854.2,General Services Administration,Federal Acquisition Service,DELIVERY ORDER
LDOS,"LEIDOS, INC.",FA823225FB230,2025-09-15,2126980.68,Department of Defense,Department of the Air Force,DELIVERY ORDER
PSN,PARSONS GOVERNMENT SERVICES INC.,70CDCR22FR0000013,2025-08-13,-1802316.63,Department of Homeland Security,U.S. Immigration and Customs Enforcement,DELIVERY ORDER
CACI,"CACI TECHNOLOGIES, LLC",W56KGU23F0014,2025-09-04,13995.86,Department of Defense,Department of the Army,DELIVERY ORDER
CACI,"CACI, INC. - FEDERAL",W91CRB25C5007,2026-01-27,3654.4,Department of Defense,Department of the Army,DEFINITIVE CONTRACT
ACN,ACCENTURE FEDERAL SERVICES LLC,89243423FEE000249,2026-03-02,131140.0,Department of Energy,Department of Energy,BPA CALL
GD,"GENERAL DYNAMICS INFORMATION TECHNOLOGY, INC.",W900KK24F0014,2025-09-23,1770052.02,Department of Defense,Department of the Army,DELIVERY ORDER
GD,"GENERAL DYNAMICS INFORMATION TECHNOLOGY, INC.",692M1519F00044,2026-02-02,1498691.27,Department of Transportation,Federal Aviation Administration,DELIVERY ORDER
PSN,PARSONS GOVERNMENT SERVICES INC.,FA890325F0139,2025-08-12,1328584.19,Department of Defense,Department of the Air Force,DELIVERY ORDER
HII,HUNTINGTON INGALLS INC,N0002415C2114,2026-02-23,-3140.0,Department of Defense,Department of the Navy,DEFINITIVE CONTRACT
CAT,CATERPILLAR INC,W912CH26F0106,2026-01-15,112415.63,Department of Defense,Department of the Army,DELIVERY ORDER
NOC,NORTHROP GRUMMAN SYSTEMS CORPORATION,HY023325PE023,2025-09-30,500000.0,Department of Defense,Immediate Office of the Secretary of Defense,PURCHASE ORDER
NOC,NORTHROP GRUMMAN SYSTEMS CORPORATION,FA863824F0010,2025-12-22,-87305.65,Department of Defense,Department of the Air Force,DELIVERY ORDER
BAH,BOOZ ALLEN HAMILTON INC,N0003922F3004,2025-08-13,15194644.02,Department of Defense,Department of the Navy,DELIVERY ORDER
BA,THE BOEING COMPANY,FA852626CB001,2026-03-26,39500000.0,Department of Defense,Department of the Air Force,DEFINITIVE CONTRACT
BA,THE BOEING COMPANY,W911W624F0011,2026-05-02,121230.0,Department of Defense,Department of the Army,DELIVERY ORDER
GD,"GENERAL DYNAMICS INFORMATION TECHNOLOGY, INC.",692M1519F00044,2026-06-17,1011297.66,Department of Transportation,Federal Aviation Administration,DELIVERY ORDER
NOC,NORTHROP GRUMMAN SYSTEMS CORP,FA811026FB001,2026-01-29,2047212.23,Department of Defense,Department of the Air Force,DELIVERY ORDER
ACN,ACCENTURE FEDERAL SERVICES LLC,FA701424F0419,2025-11-20,1866209.24,Department of Defense,Department of the Air Force,DELIVERY ORDER
HON,HONEYWELL INTERNATIONAL INC.,W912CH26F0147,2026-03-11,80113654.52,Department of Defense,Department of the Army,DELIVERY ORDER
BAH,BOOZ ALLEN HAMILTON INC,HC102825F0900,2025-08-25,2723363.54,Department of Defense,Defense Information Systems Agency,BPA CALL
CACI,"CACI, INC. - FEDERAL",FA807524F0042,2026-01-30,21777.06,Department of Defense,Department of the Air Force,DELIVERY ORDER
IBM,INTERNATIONAL BUSINESS MACHINES CORPORATION,N0003921F3007,2025-12-29,462484.11,Department of Defense,Department of the Navy,DELIVERY ORDER
PLTR,PALANTIR TECHNOLOGIES INC.,75P00124F37005,2025-09-16,4000000.0,Department of Health and Human Services,Office of the Assistant Secretary for Administration,BPA CALL
BA,THE BOEING COMPANY,FA868122F1067,2025-12-17,-1424626.66,Department of Defense,Department of the Air Force,DELIVERY ORDER
GD,GENERAL DYNAMICS ONE SOURCE LLC,FA824026F5002,2026-02-27,10096231.1,Department of Defense,Department of the Air Force,DELIVERY ORDER
BAH,BOOZ ALLEN HAMILTON INC,1605TA23F00055,2026-07-30,-0.02,Department of Labor,Office of the Assistant Secretary for Administration and Management,DELIVERY ORDER
BAH,BOOZ ALLEN HAMILTON INC,15F06723F0001221,2025-09-03,-36.67,Department of Justice,Federal Bureau of Investigation,DELIVERY ORDER
LDOS,"LEIDOS, INC.",HC102826F0010,2025-11-19,13275624.59,Department of Defense,Defense Information Systems Agency,DELIVERY ORDER
CACI,"CACI, INC. - FEDERAL",70CMSD25FC0000007,2025-09-29,60000.0,Department of Homeland Security,U.S. Immigration and Customs Enforcement,BPA CALL
GD,"GENERAL DYNAMICS MISSION SYSTEMS, INC.",70Z04426FCMPL0003,2025-12-23,3007274.0,Department of Homeland Security,U.S. Coast Guard,DELIVERY ORDER
LDOS,"LEIDOS, INC.",DTFAWA16C00021,2026-04-27,2327884.98,Department of Transportation,Federal Aviation Administration,DEFINITIVE CONTRACT
CACI,"CACI, INC. - FEDERAL",FA882322F0007,2026-01-14,-25000.0,Department of Defense,Department of the Air Force,DELIVERY ORDER
PSN,PARSONS GOVERNMENT SERVICES INC.,89233126FNA000210,2026-05-18,6391381.54,Department of Energy,Department of Energy,BPA CALL
LDOS,"LEIDOS, INC.",HC102826F0011,2026-05-07,227284.44,Department of Defense,Defense Information Systems Agency,DELIVERY ORDER
GD,"GENERAL DYNAMICS INFORMATION TECHNOLOGY, INC.",SP470926F0011,2026-03-11,192761.1,Department of Defense,Defense Logistics Agency,DELIVERY ORDER
NOC,NORTHROP GRUMMAN SYSTEMS CORPORATION,N6133125F0169,2025-09-25,1265565.0,Department of Defense,Department of the Navy,DELIVERY ORDER
LDOS,"LEIDOS, INC.",W9127822F0435,2026-05-07,243952.65,Department of Defense,Department of the Army,DELIVERY ORDER
KTOS,"KRATOS TECHNOLOGY & TRAINING SOLUTIONS, INC.",FA882325FB009,2026-01-29,750000.0,Department of Defense,Department of the Air Force,DELIVERY ORDER
BA,THE BOEING COMPANY,N0038323FSA00,2026-02-18,67338.0,Department of Defense,Department of the Navy,DELIVERY ORDER
CACI,"CACI NSS, LLC",70RTAC24FC0000016,2025-08-25,7810.01,Department of Homeland Security,Office of Procurement Operations,BPA CALL
GD,"GENERAL DYNAMICS INFORMATION TECHNOLOGY, INC.",HT942726FE018,2026-05-07,1417195.98,Department of Defense,Defense Health Agency,DELIVERY ORDER
GD,GENERAL DYNAMICS ONE SOURCE LLC,91003118F0313,2025-09-24,-1.0,Department of Education,Department of Education,DELIVERY ORDER
BA,THE BOEING COMPANY,N0001926F0106,2025-12-16,150033361.84,Department of Defense,Department of the Navy,DELIVERY ORDER
PSN,PARSONS GOVERNMENT SERVICES INC.,HQ085821C0015,2026-03-30,110000.0,Department of Defense,Missile Defense Agency,DEFINITIVE CONTRACT
GD,"GENERAL DYNAMICS INFORMATION TECHNOLOGY, INC.",W5J9CQ25F0004,2026-01-14,1755600.69,Department of Defense,Department of the Army,DELIVERY ORDER
GE,GENERAL ELECTRIC COMPANY,FA862622C0002,2026-03-27,-388962.0,Department of Defense,Defense Contract Management Agency,DEFINITIVE CONTRACT
BA,BELL BOEING JOINT PROJECT OFFICE,SPRPA125FDG02,2025-09-29,1926068.0,Department of Defense,Defense Logistics Agency,DELIVERY ORDER
LDOS,"LEIDOS, INC.",N0016722F0001,2026-05-08,-250000.0,Department of Defense,Department of the Navy,DELIVERY ORDER
LDOS,"LEIDOS, INC.",N0003925F7451,2025-11-25,1906799.55,Department of Defense,Department of the Navy,DELIVERY ORDER
BAH,BOOZ ALLEN HAMILTON INC,FA807524F0059,2025-08-19,5819279.0,Department of Defense,Department of the Air Force,DELIVERY ORDER
PSN,PARSONS GOVERNMENT SERVICES INC.,W56KGU22F0021,2025-09-18,6590664.48,Department of Defense,Department of the Army,DELIVERY ORDER
HON,HONEYWELL INTERNATIONAL INC.,80GSFC19C0061,2026-06-29,18503.0,National Aeronautics and Space Administration,National Aeronautics and Space Administration,DEFINITIVE CONTRACT
GD,"GENERAL DYNAMICS MISSION SYSTEMS, INC.",W56KGY26F0011,2026-01-29,2556521.0,Department of Defense,Department of the Army,DELIVERY ORDER
LDOS,"LEIDOS, INC.",W909MY24F0049,2026-03-19,1172972.2,Department of Defense,Department of the Army,DELIVERY ORDER
BA,THE BOEING COMPANY,HTC71124FD064,2025-09-18,1000.0,Department of Defense,USTRANSCOM,DELIVERY ORDER
BAH,BOOZ ALLEN HAMILTON INC,36C10B25F0043,2026-03-25,2522882.28,Department of Veterans Affairs,Department of Veterans Affairs,DELIVERY ORDER
NOC,NORTHROP GRUMMAN SYSTEMS CORPORATION,6973GH23F01542,2025-12-01,-1061610.83,Department of Transportation,Federal Aviation Administration,DELIVERY ORDER
IBM,INTERNATIONAL BUSINESS MACHINES CORPORATION,N0003924F9002,2025-11-25,1000000.0,Department of Defense,Department of the Navy,DELIVERY ORDER
BA,THE BOEING COMPANY,FA880725CB006,2026-02-10,1433228.35,Department of Defense,Department of the Air Force,DEFINITIVE CONTRACT
HII,HUNTINGTON INGALLS INCORPORATED,N0002412C4323,2025-09-29,-178231.0,Department of Defense,Department of the Navy,DEFINITIVE CONTRACT
NOC,NORTHROP GRUMMAN SYSTEMS CORPORATION,FA881925CB002,2026-03-31,538935.0,Department of Defense,Department of the Air Force,DEFINITIVE CONTRACT
GD,"GENERAL DYNAMICS INFORMATION TECHNOLOGY, INC.",W91RUS19F0174,2025-09-08,-156437.67,Department of Defense,Department of the Army,DELIVERY ORDER
IBM,INTERNATIONAL BUSINESS MACHINES CORPORATION,FA714625C0030,2025-08-26,3806134.95,Department of Defense,Department of the Air Force,DEFINITIVE CONTRACT
HON,HONEYWELL INTERNATIONAL INC.,FA825123F0013,2025-08-20,-12547115.64,Department of Defense,Department of the Air Force,DELIVERY ORDER
BAH,BOOZ ALLEN HAMILTON INC,47QFNA26F0009,2026-04-29,1010000.0,General Services Administration,Federal Acquisition Service,DELIVERY ORDER
SATL,SATELLITE SERVICES INC,47PE0720F0001,2025-09-26,787848.0,General Services Administration,Public Buildings Service,BPA CALL
TXT,TEXTRON SYSTEMS CORP,N0002417C2480,2025-10-14,78047.88,Department of Defense,Department of the Navy,DEFINITIVE CONTRACT
CACI,"CACI, INC. - FEDERAL",FA807524F0042,2026-02-25,579413.71,Department of Defense,Department of the Air Force,DELIVERY ORDER
GD,"GENERAL DYNAMICS INFORMATION TECHNOLOGY, INC.",70FBTX25F00000024,2025-10-24,1621474.96,Department of Homeland Security,Federal Emergency Management Agency,BPA CALL
NOC,NORTHROP GRUMMAN SYSTEMS CORPORATION,HTC71120FD069,2025-10-01,8345729.41,Department of Defense,USTRANSCOM,DELIVERY ORDER
LDOS,"LEIDOS, INC.",DTFA0101CA0065CALL0001,2026-04-22,41000.0,Department of Transportation,Federal Aviation Administration,DELIVERY ORDER
LDOS,"LEIDOS, INC.",FA807524F0016,2026-04-07,2626596.0,Department of Defense,Department of the Air Force,DELIVERY ORDER
GD,"GENERAL DYNAMICS INFORMATION TECHNOLOGY, INC.",68HERD24F0089,2026-03-17,25000.0,Environmental Protection Agency,Environmental Protection Agency,BPA CALL
CACI,"CACI NSS, LLC",47QFCA24F0051,2026-06-03,569360.0,General Services Administration,Federal Acquisition Service,DELIVERY ORDER
BA,THE BOEING COMPANY,FA813825F1007,2026-02-25,24000000.0,Department of Defense,Department of the Air Force,DELIVERY ORDER
GD,GENERAL DYNAMICS INFORMATION TECHNOLOGY INC.,19AQMM23F1518,2026-03-18,-1979453.5,Department of State,Department of State,DELIVERY ORDER
LDOS,"LEIDOS, INC.",W5J9CQ21F0015,2026-03-04,-38423.33,Department of Defense,Department of the Army,DELIVERY ORDER
BAH,BOOZ ALLEN HAMILTON INC,47QFEA25F0005,2026-06-05,-367856.88,General Services Administration,Federal Acquisition Service,DELIVERY ORDER
LDOS,"LEIDOS, INC.",47QFPA23F0014,2026-02-18,-52865.9,General Services Administration,Federal Acquisition Service,DELIVERY ORDER
HII,HUNTINGTON INGALLS INCORPORATED,N0002419C4313,2025-08-25,63397.0,Department of Defense,Department of the Navy,DEFINITIVE CONTRACT
LDOS,"LEIDOS, INC.",31310022F0113,2026-02-11,53000.0,Nuclear Regulatory Commission,Nuclear Regulatory Commission,BPA CALL
ACN,ACCENTURE FEDERAL SERVICES LLC,19AQMM23F7220,2026-03-24,524523.86,Department of State,Department of State,BPA CALL
GD,"GENERAL DYNAMICS INFORMATION TECHNOLOGY, INC.",H9223922F0028,2026-01-26,3452265.79,Department of Defense,U.S. Special Operations Command,DELIVERY ORDER
ACN,ACCENTURE FEDERAL SERVICES LLC,91003119F0003,2026-04-15,294848.0,Department of Education,Department of Education,DELIVERY ORDER
CACI,"CACI NSS, LLC",FA872625FB048,2025-09-26,832602.77,Department of Defense,Department of the Air Force,BPA CALL
CACI,"CACI, INC. - FEDERAL",FA807522F0054,2025-09-16,11141000.0,Department of Defense,Department of the Air Force,DELIVERY ORDER
TXT,TEXTRON AVIATION DEFENSE LLC,FA810625F0001,2026-02-25,1272415.0,Department of Defense,Department of the Air Force,DELIVERY ORDER
GD,"GENERAL DYNAMICS INFORMATION TECHNOLOGY, INC.",W5J9CQ25F0004,2025-12-30,266008.62,Department of Defense,Department of the Army,DELIVERY ORDER
ACN,ACCENTURE FEDERAL SERVICES LLC,89303022FIM000081,2026-03-11,144566.55,Department of Energy,Department of Energy,BPA CALL
NOC,NORTHROP GRUMMAN SYSTEMS CORPORATION,FA872622F0137,2026-02-19,905695.0,Department of Defense,Department of the Air Force,DELIVERY ORDER
GE,GENERAL ELECTRIC COMPANY,N6523624C8011,2026-03-04,2201106.0,Department of Defense,Department of the Navy,DEFINITIVE CONTRACT
LDOS,"LEIDOS, INC.",N0003925F7711,2026-03-18,4717189.92,Department of Defense,Department of the Navy,DELIVERY ORDER
BAH,BOOZ ALLEN HAMILTON INC,W56KGU25F0006,2026-02-25,872570.98,Department of Defense,Department of the Army,DELIVERY ORDER
TXT,BELL TEXTRON INC,W58RGZ23C0001,2025-08-20,-9062535.0,Department of Defense,Department of the Army,DEFINITIVE CONTRACT
NOC,NORTHROP GRUMMAN SYSTEMS CORPORATION,FA238524CB003,2026-04-23,3042428.0,Department of Defense,Department of the Air Force,DEFINITIVE CONTRACT
GD,GENERAL DYNAMICS LAND SYSTEMS INC.,W912CH24C0023,2025-12-15,186604.32,Department of Defense,Department of the Army,DEFINITIVE CONTRACT
BAH,BOOZ ALLEN HAMILTON INC,FA865021F2202,2025-09-16,189521.0,Department of Defense,Department of the Air Force,DELIVERY ORDER
WWD,"WOODWARD, INC.",N0038323FDN00,2026-01-12,-120533.0,Department of Defense,Department of the Navy,DELIVERY ORDER
GD,"GENERAL DYNAMICS MISSION SYSTEMS, INC.",W15P7T21F0186,2026-03-12,570787.25,Department of Defense,Department of the Army,DELIVERY ORDER
NOC,NORTHROP GRUMMAN SYSTEMS CORPORATION,70Z04425FC2PL0011,2026-01-20,524000.0,Department of Homeland Security,U.S. Coast Guard,DELIVERY ORDER
BAH,BOOZ ALLEN HAMILTON INC,HC108425F0324,2025-09-17,5566762.93,Department of Defense,Defense Information Systems Agency,DELIVERY ORDER
NOC,NORTHROP GRUMMAN SYSTEMS CORPORATION,80AFRC21F0031,2025-09-18,2249999.99,National Aeronautics and Space Administration,National Aeronautics and Space Administration,DELIVERY ORDER
BAH,BOOZ ALLEN HAMILTON INC,1605DC19F00268,2026-04-16,1003369.29,Department of Labor,Office of the Assistant Secretary for Administration and Management,DELIVERY ORDER
LDOS,"LEIDOS, INC.",FA873022F8509,2026-01-08,900000.0,Department of Defense,Department of the Air Force,DELIVERY ORDER
GD,"GENERAL DYNAMICS MISSION SYSTEMS, INC.",W56KGY25F0034,2025-12-11,24918.12,Department of Defense,Department of the Army,DELIVERY ORDER
IBM,INTERNATIONAL BUSINESS MACHINES CORPORATION,HR001125C0052,2025-08-26,327481.0,Department of Defense,Defense Advanced Research Projects Agency,DEFINITIVE CONTRACT
GD,GENERAL DYNAMICS LAND SYSTEMS INC.,W56HZV17C0067,2026-02-27,-3.54,Department of Defense,Department of the Army,DEFINITIVE CONTRACT
BA,THE BOEING COMPANY,FA868125FB073,2025-09-30,17208289.76,Department of Defense,Department of the Air Force,DELIVERY ORDER
BA,THE BOEING COMPANY,W58RGZ24F0141,2025-08-18,-70392.8,Department of Defense,Department of the Army,DELIVERY ORDER
LDOS,"LEIDOS, INC.",FA701425F0238,2026-01-27,1115461.24,Department of Defense,Department of the Air Force,DELIVERY ORDER
BA,THE BOEING COMPANY,FA821324FB013,2026-01-30,1801874.52,Department of Defense,Department of the Air Force,DELIVERY ORDER
GD,"GENERAL DYNAMICS INFORMATION TECHNOLOGY, INC.",47QFCA24F0007,2026-02-23,3243903.0,General Services Administration,Federal Acquisition Service,DELIVERY ORDER
BA,THE BOEING COMPANY,N6893624F0389,2026-01-27,391452.0,Department of Defense,Department of the Navy,DELIVERY ORDER
LDOS,"LEIDOS, INC.",W15P7T26F0084,2026-03-27,43701700.0,Department of Defense,Department of the Army,DELIVERY ORDER
NOC,NORTHROP GRUMMAN SYSTEMS CORPORATION,FA863825FB007,2026-03-11,69376.98,Department of Defense,Department of the Air Force,DELIVERY ORDER
BA,THE BOEING COMPANY,FA863423F0400,2025-08-20,11717000.0,Department of Defense,Department of the Air Force,DELIVERY ORDER
ACN,ACCENTURE FEDERAL SERVICES LLC,1333BJ25F00280001,2026-06-08,175739.88,Department of Commerce,U.S. Patent and Trademark Office,DELIVERY ORDER
HII,HUNTINGTON INGALLS INCORPORATED,N0002424C2467,2025-12-17,15237800.0,Department of Defense,Department of the Navy,DEFINITIVE CONTRACT
ACN,ACCENTURE FEDERAL SERVICES LLC,140D0426F0021,2026-05-18,603638.38,Department of the Interior,Departmental Offices,DELIVERY ORDER
BA,THE BOEING COMPANY,FA860922F0007,2026-01-29,2955510.31,Department of Defense,Department of the Air Force,DELIVERY ORDER
HII,HUNTINGTON INGALLS INCORPORATED,N0002418C2307,2026-01-30,66609.0,Department of Defense,Department of the Navy,DEFINITIVE CONTRACT
BAH,BOOZ ALLEN HAMILTON INC,FA807523F0041,2025-12-05,223658.0,Department of Defense,Department of the Air Force,DELIVERY ORDER
BAH,BOOZ ALLEN HAMILTON INC,N6600123F0495,2026-01-14,70000.0,Department of Defense,Department of the Navy,DELIVERY ORDER
ACN,ACCENTURE FEDERAL SERVICES LLC,70T03026F7667N012,2026-02-10,1306800.0,Department of Homeland Security,Transportation Security Administration,BPA CALL
BAH,BOOZ ALLEN HAMILTON INC,47QFEA25F0005,2026-01-15,-60066.21,General Services Administration,Federal Acquisition Service,DELIVERY ORDER
NOC,NORTHROP GRUMMAN SYSTEMS CORPORATION,N0001424C1132,2025-12-18,1800000.0,Department of Defense,Department of the Navy,DEFINITIVE CONTRACT
NOC,NORTHROP GRUMMAN SYSTEMS CORPORATION,N6893625F0192,2025-11-14,150000.0,Department of Defense,Department of the Navy,DELIVERY ORDER
GD,GENERAL DYNAMICS INFORMATION TECHNOLOGY INC.,SAQMMA17F1591,2025-08-15,-2537233.0,Department of State,Department of State,DELIVERY ORDER
BAH,BOOZ ALLEN HAMILTON INC,FA807524F0040,2026-02-19,155368.5,Department of Defense,Department of the Air Force,DELIVERY ORDER
BAH,BOOZ ALLEN HAMILTON INC,FA330026F0011,2026-01-30,1440524.54,Department of Defense,Department of the Air Force,DELIVERY ORDER
BA,THE BOEING COMPANY,W52P1J18F0121,2025-09-16,-672.0,Department of Defense,Department of the Army,DELIVERY ORDER
NOC,NORTHROP GRUMMAN SYSTEMS CORPORATION,FA861517C6047,2025-08-28,2000000.0,Department of Defense,Department of the Air Force,DEFINITIVE CONTRACT
HII,HUNTINGTON INGALLS INCORPORATED,N0002425C4229,2025-12-05,6327165.0,Department of Defense,Department of the Navy,DEFINITIVE CONTRACT
BAH,BOOZ ALLEN HAMILTON INC,FA800325F0008,2026-02-04,200000.0,Department of Defense,Department of the Air Force,DELIVERY ORDER
GD,"GENERAL DYNAMICS MISSION SYSTEMS, INC.",N0002419C6102,2025-12-16,3117630.0,Department of Defense,Department of the Navy,DEFINITIVE CONTRACT
NOC,NORTHROP GRUMMAN SYSTEMS CORPORATION,N6893625F0262,2025-08-14,405000.0,Department of Defense,Department of the Navy,DELIVERY ORDER
GD,"GENERAL DYNAMICS INFORMATION TECHNOLOGY, INC.",89303020FCF000012,2025-09-08,1427570.4,Department of Energy,Department of Energy,BPA CALL
LDOS,"LEIDOS, INC.",FA945122C0007,2026-04-30,300000.0,Department of Defense,Department of the Air Force,DEFINITIVE CONTRACT
BAH,BOOZ ALLEN HAMILTON INC,36C10B22N10070023,2025-12-05,-67416.37,Department of Veterans Affairs,Department of Veterans Affairs,DELIVERY ORDER
BA,THE BOEING COMPANY,FA821418F0001,2026-04-13,-4738.9,Department of Defense,Defense Contract Management Agency,DELIVERY ORDER
GD,"GENERAL DYNAMICS INFORMATION TECHNOLOGY, INC.",W912DY20F06A3,2025-09-18,-21786.81,Department of Defense,Department of the Army,DELIVERY ORDER
BA,THE BOEING COMPANY,NNM07AB03C,2026-03-11,4000000.0,National Aeronautics and Space Administration,National Aeronautics and Space Administration,DEFINITIVE CONTRACT
PSN,PARSONS GOVERNMENT SERVICES INC.,W56KGU22F0021,2026-02-19,1427848.97,Department of Defense,Department of the Army,DELIVERY ORDER
HON,HONEYWELL INTERNATIONAL INC.,W912CH24F0261,2025-09-19,5743347.92,Department of Defense,Department of the Army,DELIVERY ORDER
BAH,BOOZ ALLEN HAMILTON INC,FA807524F0010,2026-03-23,336978.0,Department of Defense,Department of the Air Force,DELIVERY ORDER
LDOS,"LEIDOS, INC.",HC102821F0049,2025-08-21,2003090.45,Department of Defense,Defense Information Systems Agency,DELIVERY ORDER
BAH,BOOZ ALLEN HAMILTON INC,47QFCA24F0037,2025-11-25,6170588.0,General Services Administration,Federal Acquisition Service,DELIVERY ORDER
ACN,ACCENTURE FEDERAL SERVICES LLC,15F06725F0000990,2025-09-26,329834.55,Department of Justice,Federal Bureau of Investigation,BPA CALL
BAH,BOOZ ALLEN HAMILTON INC,W912HQ23F0238,2026-04-01,212979.2,Department of Defense,Department of the Army,DELIVERY ORDER
BA,THE BOEING COMPANY,S1110A24F0006,2025-09-08,27512.34,Department of Defense,Defense Contract Management Agency,DELIVERY ORDER
LDOS,"LEIDOS, INC.",N6883624F8L2B,2025-08-14,185245.52,Department of Defense,Department of the Navy,DELIVERY ORDER
GD,GENERAL DYNAMICS LAND SYSTEMS INC.,W912CH25F0125,2025-09-25,245759.0,Department of Defense,Department of the Army,DELIVERY ORDER
BA,THE BOEING COMPANY,N6134021F0002,2025-09-30,6928013.0,Department of Defense,Department of the Navy,DELIVERY ORDER
BA,THE BOEING COMPANY,FA860925FB001,2025-09-02,14898.0,Department of Defense,Department of the Air Force,DELIVERY ORDER
BA,THE BOEING COMPANY,N6134021C0039,2025-09-30,172969.0,Department of Defense,Department of the Navy,DEFINITIVE CONTRACT
ACN,ACCENTURE FEDERAL SERVICES LLC,89303024FIM000144,2026-03-11,1856187.59,Department of Energy,Department of Energy,BPA CALL
BA,THE BOEING COMPANY,W912HQ15C0012,2026-01-06,15845.49,Department of Defense,Department of the Army,DEFINITIVE CONTRACT
ACN,ACCENTURE FEDERAL SERVICES LLC,36C10B26F0033,2026-08-05,52010738.61,Department of Veterans Affairs,Department of Veterans Affairs,DELIVERY ORDER
HII,HUNTINGTON INGALLS INC,N0002415C2114,2025-08-25,75000.0,Department of Defense,Department of the Navy,DEFINITIVE CONTRACT
BAH,BOOZ ALLEN HAMILTON INC,HQ003425FE097,2026-01-14,6928581.0,Department of Defense,Washington Headquarters Services,DELIVERY ORDER
LDOS,"LEIDOS, INC.",FA231825FB003,2025-09-30,92620.0,Department of Defense,Department of the Air Force,DELIVERY ORDER
BAH,BOOZ ALLEN HAMILTON INC,2T05,2025-09-09,-35450.71,Department of Defense,Department of the Army,DELIVERY ORDER
CACI,"CACI, INC. - FEDERAL",N0016425F3012,2026-03-13,185000.0,Department of Defense,Department of the Navy,DELIVERY ORDER
CACI,"CACI TECHNOLOGIES, LLC",W56KGU20F0012,2025-08-12,167886.77,Department of Defense,Department of the Army,DELIVERY ORDER
PLTR,PALANTIR USG INC,W519TC26F0012,2026-03-30,76113285.73,Department of Defense,Department of the Army,DELIVERY ORDER
LDOS,"LEIDOS, INC.",FA807524F0016,2026-03-26,60000.0,Department of Defense,Department of the Air Force,DELIVERY ORDER
TXT,TEXTRON SYSTEMS CORPORATION,N6833525C0097,2026-01-29,916030.0,Department of Defense,Department of the Navy,DEFINITIVE CONTRACT
LDOS,"LEIDOS, INC.",N6883625F7K0J,2025-09-14,535011.34,Department of Defense,Department of the Navy,DELIVERY ORDER
TXT,BELL TEXTRON INC,SPRPA126FRN0B,2026-04-22,1107011.0,Department of Defense,Defense Logistics Agency,DELIVERY ORDER
NOC,NORTHROP GRUMMAN SYSTEMS CORPORATION,HQ014718F0022,2026-01-23,205000.0,Department of Defense,Missile Defense Agency,DELIVERY ORDER
LDOS,"LEIDOS, INC.",W5J9CQ25FA006,2026-01-08,1000000.0,Department of Defense,Department of the Army,DELIVERY ORDER
BAH,BOOZ ALLEN HAMILTON INC,15PVCD18F00000501,2026-05-01,-609112.18,Department of Justice,Office of Justice Programs,DELIVERY ORDER
NOC,NORTHROP GRUMMAN SYSTEMS CORPORATION,HC104723F0033,2025-12-19,2704.51,Department of Defense,Defense Information Systems Agency,DELIVERY ORDER
BAH,BOOZ ALLEN HAMILTON INC,15DDHQ25F00000049,2025-12-15,977189.6,Department of Justice,Drug Enforcement Administration,BPA CALL
IBM,INTERNATIONAL BUSINESS MACHINES CORPORATION,N0003926FF003,2026-04-21,5730000.0,Department of Defense,Department of the Navy,DELIVERY ORDER
GD,"GENERAL DYNAMICS INFORMATION TECHNOLOGY, INC.",140D0426F0160,2026-03-04,3837806.6,Department of the Interior,Departmental Offices,DELIVERY ORDER
HII,HUNTINGTON INGALLS INCORPORATED,N0002424C2312,2026-01-22,1890162.0,Department of Defense,Department of the Navy,DEFINITIVE CONTRACT
BA,THE BOEING COMPANY,FA868126FB008,2026-04-09,43736.55,Department of Defense,Department of the Air Force,DELIVERY ORDER
HON,"HONEYWELL FEDERAL MANUFACTURING & TECHNOLOGIES, LLC",DENA0002839,2026-05-29,29913644.81,Department of Energy,Department of Energy,DEFINITIVE CONTRACT
BAH,BOOZ ALLEN HAMILTON INC,FA807525F0044,2026-01-05,275000.0,Department of Defense,Department of the Air Force,DELIVERY ORDER
CACI,"CACI TECHNOLOGIES, LLC",KX11,2026-03-12,-165492.26,Department of Defense,Department of the Army,DELIVERY ORDER
IBM,INTERNATIONAL BUSINESS MACHINES CORPORATION,W31P4Q20F0558,2025-08-26,107030.0,Department of Defense,Department of the Army,DELIVERY ORDER
ACN,ACCENTURE FEDERAL SERVICES LLC,SP470920F0039,2026-04-14,-8.27,Department of Defense,Defense Logistics Agency,DELIVERY ORDER
GD,"GENERAL DYNAMICS INFORMATION TECHNOLOGY, INC.",W911QY21C0002,2025-09-30,85000.0,Department of Defense,Department of the Army,DEFINITIVE CONTRACT
TXT,TEXTRON SYSTEMS CORPORATION,N6133125F0103,2026-04-14,75000.0,Department of Defense,Department of the Navy,DELIVERY ORDER
PSN,PARSONS GOVERNMENT SERVICES INTERNATIONAL INC.,HDTRA124F0038,2026-03-26,-295800.0,Department of Defense,Defense Threat Reduction Agency,DELIVERY ORDER
ACN,ACCENTURE FEDERAL SERVICES LLC,FA872624FB071,2026-02-25,5421744.7,Department of Defense,Department of the Air Force,DELIVERY ORDER
ACN,ACCENTURE FEDERAL SERVICES LLC,SP470123F0180,2025-09-26,-41167.95,Department of Defense,Defense Logistics Agency,BPA CALL
NOC,NORTHROP GRUMMAN SYSTEMS CORPORATION,FA821326FB019,2026-04-10,314160.0,Department of Defense,Department of the Air Force,DELIVERY ORDER
GD,GENERAL DYNAMICS ONE SOURCE LLC,FA824026F5005,2026-04-15,2351169.46,Department of Defense,Department of the Air Force,DELIVERY ORDER
LDOS,"LEIDOS, INC.",N6523625F3003,2026-02-25,577505.0,Department of Defense,Department of the Navy,DELIVERY ORDER
BA,"BOEING AEROSPACE OPERATIONS, INC.",FA231824FB011,2025-11-25,1105000.0,Department of Defense,Department of the Air Force,DELIVERY ORDER
GD,GENERAL DYNAMICS LAND SYSTEMS INC.,W912CH26F0252,2026-04-29,2531731.0,Department of Defense,Department of the Army,DELIVERY ORDER
PLTR,PALANTIR USG INC,FA714625C0037,2025-12-19,19968295.0,Department of Defense,Department of the Air Force,DEFINITIVE CONTRACT
BA,THE BOEING COMPANY,FA945124CX038,2025-11-26,20000.0,Department of Defense,Department of the Air Force,DEFINITIVE CONTRACT
SATL,CONNECTA SATELLITE SOLUTIONS LLC,6923G222P000013,2025-11-18,-33836.78,Department of Transportation,Maritime Administration,PURCHASE ORDER
BA,THE BOEING COMPANY,FA945124CX038,2025-08-27,138000.0,Department of Defense,Department of the Air Force,DEFINITIVE CONTRACT
BA,THE BOEING COMPANY,FA863421C2702,2025-12-16,38541216.04,Department of Defense,Department of the Air Force,DEFINITIVE CONTRACT
TXT,TEXTRON SYSTEMS CORPORATION,N6133125F0103,2026-01-29,672745.0,Department of Defense,Department of the Navy,DELIVERY ORDER
NOC,NORTHROP GRUMMAN SYSTEMS CORPORATION,W911S018C0004,2026-01-26,11032558.75,Department of Defense,Department of the Army,DEFINITIVE CONTRACT
BAH,BOOZ ALLEN HAMILTON INC,HC104726F0020,2026-03-13,4593628.36,Department of Defense,Defense Information Systems Agency,DELIVERY ORDER
BAH,BOOZ ALLEN HAMILTON INC,1605DC19F00268,2025-09-26,100642.73,Department of Labor,Office of the Assistant Secretary for Administration and Management,DELIVERY ORDER
LDOS,"LEIDOS, INC.",N6264521F0302,2025-08-18,-333944.0,Department of Defense,Department of the Navy,DELIVERY ORDER
NOC,NORTHROP GRUMMAN SYSTEMS CORPORATION,HC102823F2000,2026-04-24,8359961.12,Department of Defense,Defense Information Systems Agency,DELIVERY ORDER
GD,"GENERAL DYNAMICS INFORMATION TECHNOLOGY, INC.",47QFSA19F0058,2025-09-09,-102770.44,General Services Administration,Federal Acquisition Service,DELIVERY ORDER
HII,HUNTINGTON INGALLS INCORPORATED,N0002421C2443,2025-08-28,75000.0,Department of Defense,Department of the Navy,DEFINITIVE CONTRACT
LDOS,"LEIDOS, INC.",HC102821F0135,2025-09-30,10513324.11,Department of Defense,Defense Information Systems Agency,DELIVERY ORDER
GD,GENERAL DYNAMICS LAND SYSTEMS INC.,W56HZV22C0012,2025-10-13,387044.0,Department of Defense,Department of the Army,DEFINITIVE CONTRACT
BAH,BOOZ ALLEN HAMILTON INC,1333BJ21F00280021,2025-09-18,1594144.53,Department of Commerce,U.S. Patent and Trademark Office,DELIVERY ORDER
TXT,BELL TEXTRON INC,140D0426C0109,2026-07-22,53242796.0,Department of the Interior,Departmental Offices,DEFINITIVE CONTRACT
IBM,INTERNATIONAL BUSINESS MACHINES CORPORATION,75F40123F19029,2026-03-24,-1105.62,Department of Health and Human Services,Food and Drug Administration,BPA CALL
GD,"GENERAL DYNAMICS INFORMATION TECHNOLOGY, INC.",N0017820F3012,2026-02-26,1200000.0,Department of Defense,Department of the Navy,DELIVERY ORDER
BA,BELL BOEING JOINT PROJECT OFFICE,N0001918F1658,2025-09-09,-43716.89,Department of Defense,Department of the Navy,DELIVERY ORDER
GD,GENERAL DYNAMICS INFORMATION TECHNOLOGY INC.,19AQMM23F2355,2025-09-09,20962377.31,Department of State,Department of State,DELIVERY ORDER
LDOS,"LEIDOS, INC.",80JSC024CA005,2026-05-11,4469311.53,National Aeronautics and Space Administration,National Aeronautics and Space Administration,DEFINITIVE CONTRACT
CACI,"CACI, INC. - FEDERAL",H9821026CE002,2026-03-30,636033.53,Department of Defense,Defense Human Resources Activity,DEFINITIVE CONTRACT
ACN,ACCENTURE FEDERAL SERVICES LLC,2032H825F00015,2026-07-10,-153596.82,Department of the Treasury,Internal Revenue Service,BPA CALL
ACN,ACCENTURE FEDERAL SERVICES LLC,1331L521F13OS0350,2026-05-04,-45743.33,Department of Commerce,Office of the Secretary,DELIVERY ORDER
GD,"GENERAL DYNAMICS INFORMATION TECHNOLOGY, INC.",15PTDD25F00000004,2025-09-24,5204981.2,Department of Justice,Office of Justice Programs,BPA CALL
GD,"GENERAL DYNAMICS MISSION SYSTEMS, INC.",FA229324CB001,2025-09-11,9041960.0,Department of Defense,Department of the Air Force,DEFINITIVE CONTRACT
BA,THE BOEING COMPANY,FA852618F0009,2025-09-10,-905950.5,Department of Defense,Defense Contract Management Agency,DELIVERY ORDER
TXT,TEXTRON AVIATION INC,6973GH23F01933,2026-05-19,2276061.1,Department of Transportation,Federal Aviation Administration,DELIVERY ORDER
BA,THE BOEING COMPANY,N0001924F2564,2026-03-10,4825674.56,Department of Defense,Department of the Navy,DELIVERY ORDER
BA,THE BOEING COMPANY,FA813826FB003,2026-03-02,17593.62,Department of Defense,Department of the Air Force,DELIVERY ORDER
GD,"GENERAL DYNAMICS INFORMATION TECHNOLOGY, INC.",47QFSA23F0020,2026-03-05,438599.66,General Services Administration,Federal Acquisition Service,BPA CALL
GE,GENERAL ELECTRIC COMPANY,SPRTA125F0328,2025-09-26,1951289.55,Department of Defense,Defense Logistics Agency,DELIVERY ORDER
GD,"GENERAL DYNAMICS GLOBAL FORCE, LLC",W15P7T25F0038,2026-01-14,346739.83,Department of Defense,Department of the Army,DELIVERY ORDER
NOC,NORTHROP GRUMMAN SYSTEMS CORPORATION,N6893626F0074,2025-12-17,3013170.0,Department of Defense,Department of the Navy,DELIVERY ORDER
BA,THE BOEING COMPANY,N6893626F5003,2026-02-10,1100000.0,Department of Defense,Department of the Navy,DELIVERY ORDER
CACI,"CACI-ISS, LLC",DJJ21530006,2025-09-24,-33615.3,Department of Justice,"Offices, Boards and Divisions",DELIVERY ORDER
BAH,BOOZ ALLEN HAMILTON INC,47QFWA20F0024,2025-12-18,68002.44,General Services Administration,Federal Acquisition Service,DELIVERY ORDER
HII,HUNTINGTON INGALLS INCORPORATED,N0002418C2307,2026-02-19,17259.0,Department of Defense,Department of the Navy,DEFINITIVE CONTRACT
NOC,NORTHROP GRUMMAN SYSTEMS CORPORATION,W31P4Q24F0030,2025-08-28,28135187.21,Department of Defense,Department of the Army,DELIVERY ORDER
HII,HUNTINGTON INGALLS INCORPORATED,N0002418C2307,2025-10-03,176686.0,Department of Defense,Department of the Navy,DEFINITIVE CONTRACT
BA,THE BOEING COMPANY,W58RGZ25F0198,2025-09-29,7254894.0,Department of Defense,Department of the Army,DELIVERY ORDER
BAH,BOOZ ALLEN HAMILTON INC,47QFSA24F0018,2026-03-05,5349368.42,General Services Administration,Federal Acquisition Service,DELIVERY ORDER
HII,HUNTINGTON INGALLS INCORPORATED,N0002425C4229,2026-04-09,725214.0,Department of Defense,Department of the Navy,DEFINITIVE CONTRACT
AVAV,"AEROVIRONMENT, INC",W58RGZ26F0028,2026-01-26,1657670.53,Department of Defense,Department of the Army,DELIVERY ORDER
BAH,BOOZ ALLEN HAMILTON INC,FA800325F0008,2025-08-27,7174655.53,Department of Defense,Department of the Air Force,DELIVERY ORDER
BA,THE BOEING COMPANY,FA881915C0007,2025-12-08,307986.6,Department of Defense,Department of the Air Force,DEFINITIVE CONTRACT
BA,THE BOEING COMPANY,FA821324FB027,2026-04-28,290930.0,Department of Defense,Department of the Air Force,DELIVERY ORDER
LDOS,"LEIDOS, INC.",DTFAWA16C00021,2025-09-23,700000.0,Department of Transportation,Federal Aviation Administration,DEFINITIVE CONTRACT
LDOS,"LEIDOS, INC.",N6883625F7K09,2026-04-23,2982.6,Department of Defense,Department of the Navy,DELIVERY ORDER
NOC,NORTHROP GRUMMAN SYSTEMS CORP,FA853825F0010,2025-09-11,3537.0,Department of Defense,Department of the Air Force,DELIVERY ORDER
LDOS,"LEIDOS, INC.",HC102826F0011,2026-01-15,7807479.12,Department of Defense,Defense Information Systems Agency,DELIVERY ORDER
LDOS,"LEIDOS, INC.",47QFNA20F0086,2026-01-08,28572.0,General Services Administration,Federal Acquisition Service,DELIVERY ORDER
HII,HUNTINGTON INGALLS INCORPORATED,N0002421C4205,2026-02-27,43477.0,Department of Defense,Department of the Navy,DEFINITIVE CONTRACT
IBM,INTERNATIONAL BUSINESS MACHINES CORPORATION,N0003921F3007,2025-12-16,12398190.64,Department of Defense,Department of the Navy,DELIVERY ORDER
GD,"GENERAL DYNAMICS INFORMATION TECHNOLOGY, INC.",47QFSA21F0112,2025-11-25,1466621.73,General Services Administration,Federal Acquisition Service,DELIVERY ORDER
BAH,BOOZ ALLEN HAMILTON INC,68HERC23F0454,2026-04-06,165696.92,Environmental Protection Agency,Environmental Protection Agency,BPA CALL
ACN,ACCENTURE FEDERAL SERVICES LLC,89303324FEM000034,2026-03-09,1012154.0,Department of Energy,Department of Energy,BPA CALL
GE,GENERAL ELECTRIC COMPANY,SPE4A726F1856,2026-03-24,5417919.87,Department of Defense,Defense Logistics Agency,DELIVERY ORDER
LDOS,"LEIDOS, INC.",W5J9CQ25F0017,2026-04-08,3600000.0,Department of Defense,Department of the Army,DELIVERY ORDER
KTOS,"KRATOS S2, INC",47QFCA20C0019,2025-09-16,6289828.5,General Services Administration,Federal Acquisition Service,DEFINITIVE CONTRACT
BA,BELL BOEING JOINT PROJECT OFFICE,N0038326FZV01,2026-02-12,571043.0,Department of Defense,Department of the Navy,DELIVERY ORDER
GD,GENERAL DYNAMICS LAND SYSTEMS INC.,W912CH26F0102,2026-02-27,21723.0,Department of Defense,Department of the Army,DELIVERY ORDER
LDOS,"LEIDOS, INC.",FA231825FB003,2025-10-29,24839.0,Department of Defense,Department of the Air Force,DELIVERY ORDER
LDOS,"LEIDOS, INC.",W15P7T24F0142,2025-12-23,3553.0,Department of Defense,Department of the Army,DELIVERY ORDER
LDOS,"LEIDOS, INC.",693KA720C00002,2025-09-08,-1000000.0,Department of Transportation,Federal Aviation Administration,DEFINITIVE CONTRACT
HII,HUNTINGTON INGALLS INCORPORATED,N0002418C2307,2026-05-08,150000.0,Department of Defense,Department of the Navy,DEFINITIVE CONTRACT
NOC,NORTHROP GRUMMAN SYSTEMS CORPORATION,FA881925CB002,2026-01-29,1304116.88,Department of Defense,Department of the Air Force,DEFINITIVE CONTRACT
ACN,ACCENTURE FEDERAL SERVICES LLC,36C10D24F0021,2025-08-26,10930498.3,Department of Veterans Affairs,Department of Veterans Affairs,DELIVERY ORDER
LDOS,"LEIDOS, INC.",N6893621F0125,2025-10-03,-1465.45,Department of Defense,Department of the Navy,DELIVERY ORDER
HII,HUNTINGTON INGALLS INC,N5523625F9922,2026-02-06,-18610.0,Department of Defense,Department of the Navy,DELIVERY ORDER
LDOS,"LEIDOS, INC.",89243318CFE000003,2026-01-23,2492676.0,Department of Energy,Department of Energy,DEFINITIVE CONTRACT
BA,THE BOEING COMPANY,FA813424F4501,2026-04-20,-105112.1,Department of Defense,Defense Contract Management Agency,DELIVERY ORDER
BA,THE BOEING COMPANY,FA872622F0132,2026-01-21,630000.0,Department of Defense,Department of the Air Force,DELIVERY ORDER
NOC,NORTHROP GRUMMAN SYSTEMS CORPORATION,N4215822PS253,2026-01-14,310036.0,Department of Defense,Department of the Navy,PURCHASE ORDER
NOC,NORTHROP GRUMMAN SYSTEMS CORPORATION,N0038326FBH00,2025-10-16,1057792.0,Department of Defense,Department of the Navy,DELIVERY ORDER
BA,THE BOEING COMPANY,FA852623F0008,2025-12-09,-242.88,Department of Defense,Department of the Air Force,DELIVERY ORDER
BAH,BOOZ ALLEN HAMILTON INC,FA807522F0047,2025-09-22,32490.04,Department of Defense,Department of the Air Force,DELIVERY ORDER
IBM,INTERNATIONAL BUSINESS MACHINES CORPORATION,HQC00720F0017,2025-11-04,50014.43,Department of Defense,Defense Commissary Agency,DELIVERY ORDER
BAH,BOOZ ALLEN HAMILTON INC,47QFPA19F0062,2026-02-04,-11217.18,General Services Administration,Federal Acquisition Service,DELIVERY ORDER
BA,THE BOEING COMPANY,N0001926F0216,2026-03-12,14446239.48,Department of Defense,Department of the Navy,DELIVERY ORDER
CACI,"CACI, INC. - FEDERAL",N6523625F3030,2026-05-01,2559300.0,Department of Defense,Department of the Navy,DELIVERY ORDER
LDOS,"LEIDOS, INC.",47QFPA19F0060,2026-07-15,-8769.15,General Services Administration,Federal Acquisition Service,DELIVERY ORDER
BAH,BOOZ ALLEN HAMILTON INC,15JPSS21F00000873,2026-01-30,367496.27,Department of Justice,"Offices, Boards and Divisions",BPA CALL
BAH,BOOZ ALLEN HAMILTON INC,70RDAD22FR0000134,2026-06-03,74780.91,Department of Homeland Security,Office of Procurement Operations,DELIVERY ORDER
CACI,"CACI, INC. - FEDERAL",N0016721F3015,2026-03-30,-11.58,Department of Defense,Defense Contract Management Agency,DELIVERY ORDER
NOC,NORTHROP GRUMMAN SYSTEMS CORPORATION,N6893624F0241,2025-10-23,-995035.28,Department of Defense,Department of the Navy,DELIVERY ORDER
NOC,NORTHROP GRUMMAN SYSTEMS CORPORATION,N6893625F0172,2025-09-08,2495550.34,Department of Defense,Department of the Navy,DELIVERY ORDER
BAH,BOOZ ALLEN HAMILTON INC,FA807520F0004,2025-09-08,-1020.0,Department of Defense,Department of the Air Force,DELIVERY ORDER
BA,THE BOEING COMPANY,N0003019C0002,2025-09-30,-998360.21,Department of Defense,Department of the Navy,DEFINITIVE CONTRACT
LDOS,"LEIDOS, INC.",DTFAWA16C00021,2026-05-08,46000.0,Department of Transportation,Federal Aviation Administration,DEFINITIVE CONTRACT
LDOS,"LEIDOS, INC.",N0003925F7506,2025-09-23,141800.0,Department of Defense,Department of the Navy,DELIVERY ORDER
BA,THE BOEING COMPANY,N0038322FYY0P,2026-03-24,-229280.53,Department of Defense,Department of the Navy,DELIVERY ORDER
BA,THE BOEING COMPANY,FA813426FB007,2025-12-23,23491305.5,Department of Defense,Department of the Air Force,DELIVERY ORDER
BA,THE BOEING COMPANY,FA868120F1152,2026-01-05,59000.0,Department of Defense,Department of the Air Force,DELIVERY ORDER
BAH,BOOZ ALLEN HAMILTON INC,FA875025CB070,2026-03-09,407000.0,Department of Defense,Department of the Air Force,DEFINITIVE CONTRACT
LDOS,"LEIDOS, INC.",N0003925F7462,2025-10-31,487135.15,Department of Defense,Department of the Navy,DELIVERY ORDER
LDOS,"LEIDOS, INC.",DTFAWA16C00021,2026-06-18,3500000.0,Department of Transportation,Federal Aviation Administration,DEFINITIVE CONTRACT
BA,THE BOEING COMPANY,N6893625F5104,2025-10-21,539330.0,Department of Defense,Department of the Navy,DELIVERY ORDER
CACI,"CACI, INC. - FEDERAL",FA875024CB037,2025-09-05,26161.0,Department of Defense,Department of the Air Force,DEFINITIVE CONTRACT
GE,GENERAL ELECTRIC COMPANY,FA862626FB004,2026-03-13,1169046.76,Department of Defense,Department of the Air Force,DELIVERY ORDER
BA,THE BOEING COMPANY,FA863422F0044,2026-01-30,1200000.0,Department of Defense,Department of the Air Force,DELIVERY ORDER
BA,THE BOEING COMPANY,N0042126F0259,2026-03-31,1227835.63,Department of Defense,Department of the Navy,DELIVERY ORDER
GD,"GENERAL DYNAMICS INFORMATION TECHNOLOGY, INC.",N0003923C0002,2025-08-13,3290309.86,Department of Defense,Department of the Navy,DEFINITIVE CONTRACT
NOC,NORTHROP GRUMMAN SYSTEMS CORPORATION,N6893620F0443,2026-04-23,-18980.78,Department of Defense,Department of the Navy,DELIVERY ORDER
NOC,NORTHROP GRUMMAN SYSTEMS CORP,W519TC24F0393,2025-09-30,11450252.98,Department of Defense,Department of the Army,DELIVERY ORDER
BAH,BOOZ ALLEN HAMILTON INC,693KA821F00323,2025-09-21,-84.74,Department of Transportation,Federal Aviation Administration,DELIVERY ORDER
KTOS,"KRATOS DEFENSE & ROCKET SUPPORT SERVICES, INC.",N6600124F1032,2026-01-15,158880.0,Department of Defense,Department of the Navy,DELIVERY ORDER
NOC,NORTHROP GRUMMAN SYSTEMS CORPORATION,FA489025C0010,2025-12-05,793558.0,Department of Defense,Department of the Air Force,DEFINITIVE CONTRACT
LDOS,"LEIDOS, INC.",80JSC024CA005,2026-06-11,2719850.64,National Aeronautics and Space Administration,National Aeronautics and Space Administration,DEFINITIVE CONTRACT
BAH,BOOZ ALLEN HAMILTON INC,HR001122F0003,2025-12-05,468181.0,Department of Defense,Defense Advanced Research Projects Agency,DELIVERY ORDER
BAH,BOOZ ALLEN HAMILTON INC,FA807522F0009,2025-09-16,1216520.0,Department of Defense,Department of the Air Force,DELIVERY ORDER
LDOS,"LEIDOS, INC.",FA231826FB011,2025-12-18,456258.16,Department of Defense,Department of the Air Force,DELIVERY ORDER
LDOS,"LEIDOS, INC.",N6883625F7KPJ,2026-04-23,29918.44,Department of Defense,Department of the Navy,DELIVERY ORDER
BA,THE BOEING COMPANY,N0001926F0100,2026-02-27,1863823.11,Department of Defense,Department of the Navy,DELIVERY ORDER
NOC,NORTHROP GRUMMAN SYSTEMS CORPORATION,FA821425FB006,2025-09-23,8977791.0,Department of Defense,Department of the Air Force,DELIVERY ORDER
ACN,ACCENTURE FEDERAL SERVICES LLC,693JJ322F00219N,2025-11-06,-83.61,Department of Transportation,Federal Highway Administration,BPA CALL
NOC,NORTHROP GRUMMAN SYSTEMS CORPORATION,N0001918C1037,2026-03-23,5000000.0,Department of Defense,Department of the Navy,DEFINITIVE CONTRACT
BAH,BOOZ ALLEN HAMILTON INC,2032H525F00120,2026-03-28,2899961.92,Department of the Treasury,Internal Revenue Service,DELIVERY ORDER
LDOS,"LEIDOS, INC.",47QFMA18F0034,2026-06-16,-17138.7,General Services Administration,Federal Acquisition Service,DELIVERY ORDER
PSN,PARSONS GOVERNMENT SERVICES INC.,HDTRA123F0080,2025-12-22,1200000.0,Department of Defense,Defense Threat Reduction Agency,DELIVERY ORDER
BA,THE BOEING COMPANY,HQ085623F0006,2026-03-12,21816235.76,Department of Defense,Missile Defense Agency,DELIVERY ORDER
BAH,BOOZ ALLEN HAMILTON INC,FA237724CB053,2026-03-11,804743.0,Department of Defense,Department of the Air Force,DEFINITIVE CONTRACT
HON,"HONEYWELL INTERNATIONAL, INC",80JSC022FA059,2026-02-19,83149.04,National Aeronautics and Space Administration,National Aeronautics and Space Administration,BPA CALL
CACI,"CACI, INC. - FEDERAL",N0018920F3039,2026-03-18,-3538.15,Department of Defense,Department of the Navy,DELIVERY ORDER
BA,THE BOEING COMPANY,FA863423F0038,2026-02-27,30165665.0,Department of Defense,Department of the Air Force,DELIVERY ORDER
LDOS,"LEIDOS, INC.",47QFNA20F0086,2025-12-22,16901.28,General Services Administration,Federal Acquisition Service,DELIVERY ORDER
BAH,BOOZ ALLEN HAMILTON INC,47QFCA25F0029,2026-01-09,1736228.0,General Services Administration,Federal Acquisition Service,DELIVERY ORDER
PLTR,PALANTIR TECHNOLOGIES INC.,2023H225F00156,2026-06-29,444198.51,Department of the Treasury,Internal Revenue Service,BPA CALL
GE,GENERAL ELECTRIC COMPANY,SPE4AX25F1356,2025-10-07,-496239.84,Department of Defense,Defense Logistics Agency,DELIVERY ORDER
LDOS,"LEIDOS, INC.",N6523625F3003,2026-03-02,2500000.0,Department of Defense,Department of the Navy,DELIVERY ORDER
NOC,NORTHROP GRUMMAN SYSTEMS CORPORATION,HQ085223C0002,2026-03-24,7059962.95,Department of Defense,Missile Defense Agency,DEFINITIVE CONTRACT
GD,"GENERAL DYNAMICS INFORMATION TECHNOLOGY, INC.",693KA724F00010,2025-08-24,200000.0,Department of Transportation,Federal Aviation Administration,DELIVERY ORDER
GD,"GENERAL DYNAMICS GLOBAL FORCE, LLC",W56JSR25F0002,2026-01-23,3915164.06,Department of Defense,Department of the Army,DELIVERY ORDER
TXT,BELL TEXTRON INC,W58RGZ23F0436,2025-10-01,847834.0,Department of Defense,Department of the Army,DELIVERY ORDER
BAH,BOOZ ALLEN HAMILTON INC,2032H822F00169,2026-01-22,-316133.88,Department of the Treasury,Internal Revenue Service,BPA CALL
LDOS,"LEIDOS, INC.",HC102822F0815,2026-03-17,1621149.21,Department of Defense,Defense Information Systems Agency,DELIVERY ORDER
ACN,ACCENTURE FEDERAL SERVICES LLC,89303024FIM000147,2025-10-23,1672004.0,Department of Energy,Department of Energy,BPA CALL
LDOS,"LEIDOS, INC.",HQ003423C0104,2026-03-11,1732512.01,Department of Defense,Washington Headquarters Services,DEFINITIVE CONTRACT
HII,HUNTINGTON INGALLS INCORPORATED,N0002425C4229,2025-09-26,590896.0,Department of Defense,Department of the Navy,DEFINITIVE CONTRACT
GD,"GENERAL DYNAMICS INFORMATION TECHNOLOGY, INC.",N6523624F0198,2026-03-24,210000.0,Department of Defense,Department of the Navy,DELIVERY ORDER
LDOS,"LEIDOS, INC.",W15P7T26F0093,2026-04-15,1355119.0,Department of Defense,Department of the Army,DELIVERY ORDER
ACN,ACCENTURE FEDERAL SERVICES LLC,SP470923F0016,2026-03-27,122441.9,Department of Defense,Defense Logistics Agency,DELIVERY ORDER
NOC,NORTHROP GRUMMAN SYSTEMS CORPORATION,N6893625F0487,2025-11-06,107000.0,Department of Defense,Department of the Navy,DELIVERY ORDER
GD,"GENERAL DYNAMICS INFORMATION TECHNOLOGY, INC.",N6449826F3014,2026-03-18,1000000.0,Department of Defense,Department of the Navy,DELIVERY ORDER
GD,"GENERAL DYNAMICS INFORMATION TECHNOLOGY, INC.",47QFSA24F0086,2025-08-22,670403.73,General Services Administration,Federal Acquisition Service,BPA CALL
CACI,"CACI, LLC - COMMERCIAL",15JENR18P00000290,2026-04-28,1738.0,Department of Justice,"Offices, Boards and Divisions",PURCHASE ORDER
NOC,NORTHROP GRUMMAN SYSTEMS CORPORATION,FA861517C6047,2026-04-29,20000000.0,Department of Defense,Department of the Air Force,DEFINITIVE CONTRACT
HII,HUNTINGTON INGALLS INC,N0002420C2109,2025-09-15,2848851.0,Department of Defense,Department of the Navy,DEFINITIVE CONTRACT
ACN,ACCENTURE FEDERAL SERVICES LLC,89303022FIM000081,2026-01-27,63397.0,Department of Energy,Department of Energy,BPA CALL
BA,THE BOEING COMPANY,S1110A24F0006,2026-02-10,2248533.8,Department of Defense,Defense Contract Management Agency,DELIVERY ORDER
LDOS,"LEIDOS, INC.",29FTC121F0002,2026-01-21,265000.0,Federal Trade Commission,Federal Trade Commission,BPA CALL
CACI,"CACI, INC. - FEDERAL",N6523625F0459,2026-03-31,2337569.24,Department of Defense,Department of the Navy,DELIVERY ORDER
ACN,ACCENTURE FEDERAL SERVICES LLC,FA714624F0005,2025-12-11,8745507.0,Department of Defense,Department of the Air Force,DELIVERY ORDER
GE,GENERAL ELECTRIC COMPANY,SPRTA125F0297,2025-09-30,2370480.0,Department of Defense,Defense Logistics Agency,DELIVERY ORDER
GD,"GENERAL DYNAMICS MISSION SYSTEMS, INC.",N6339421C0007,2025-11-10,-157636.05,Department of Defense,Department of the Navy,DEFINITIVE CONTRACT
BAH,BOOZ ALLEN HAMILTON INC,FA807519F1760,2026-01-23,-1073.43,Department of Defense,Department of the Air Force,DELIVERY ORDER
CACI,"CACI TECHNOLOGIES, LLC",W56KGU21F0013,2026-01-12,514077.39,Department of Defense,Department of the Army,DELIVERY ORDER
BA,THE BOEING COMPANY,FA813424F1003,2026-04-20,275359.0,Department of Defense,Department of the Air Force,DELIVERY ORDER
NOC,NORTHROP GRUMMAN SYSTEMS CORPORATION,FA820420F0066,2026-04-27,-190690.15,Department of Defense,Defense Contract Management Agency,DELIVERY ORDER
NOC,NORTHROP GRUMMAN SYSTEMS CORPORATION,HQ085624F0003,2026-03-06,736700.0,Department of Defense,Missile Defense Agency,DELIVERY ORDER
BA,THE BOEING COMPANY,FA862516C6599,2026-02-02,3000000.0,Department of Defense,Department of the Air Force,DEFINITIVE CONTRACT
SPIR,"CORESPHERE, LLC",83310124F0125,2025-08-15,1405055.04,Export-Import Bank of the United States,Export-Import Bank of the United States,DELIVERY ORDER
BAH,BOOZ ALLEN HAMILTON INC,75N92024F00001,2026-03-24,667247.5,Department of Health and Human Services,National Institutes of Health,BPA CALL
CACI,"CACI, LLC - COMMERCIAL",15JPSS21F00000456,2025-09-15,1435700.0,Department of Justice,"Offices, Boards and Divisions",DELIVERY ORDER
CACI,"CACI TECHNOLOGIES, LLC",W909MY23F0055,2026-03-18,2212929.14,Department of Defense,Department of the Army,DELIVERY ORDER
BA,THE BOEING COMPANY,N6893624F0389,2025-12-09,90000.0,Department of Defense,Department of the Navy,DELIVERY ORDER
LDOS,"LEIDOS, INC.",15JPSS25F00000189,2025-09-12,208998.03,Department of Justice,"Offices, Boards and Divisions",BPA CALL
CACI,"CACI, INC. - FEDERAL",N0016425F3012,2026-04-17,191329.0,Department of Defense,Department of the Navy,DELIVERY ORDER
CACI,"CACI, INC. - FEDERAL",FA251824F0006,2026-05-12,20223.58,Department of Defense,Department of the Air Force,DELIVERY ORDER
BAH,BOOZ ALLEN HAMILTON INC,FA865023C1054,2026-03-09,325000.0,Department of Defense,Department of the Air Force,DEFINITIVE CONTRACT
IBM,INTERNATIONAL BUSINESS MACHINES CORPORATION,47QPCA26F0005,2026-04-15,2374957.24,General Services Administration,Federal Acquisition Service,DELIVERY ORDER
GD,"GENERAL DYNAMICS INFORMATION TECHNOLOGY, INC.",47QFMA21F0003,2025-12-23,774602.91,General Services Administration,Federal Acquisition Service,DELIVERY ORDER
TXT,TEXTRON AVIATION DEFENSE LLC,FA810626FB001,2025-12-23,1034186.0,Department of Defense,Department of the Air Force,DELIVERY ORDER
LDOS,"LEIDOS, INC.",N6883625F7M5G,2026-01-13,17128.0,Department of Defense,Department of the Navy,DELIVERY ORDER
HII,HUNTINGTON INGALLS INCORPORATED,N0002418C2307,2025-11-05,63454.0,Department of Defense,Department of the Navy,DEFINITIVE CONTRACT
BAH,BOOZ ALLEN HAMILTON INC,W56KGU25F0006,2026-03-20,327205.0,Department of Defense,Department of the Army,DELIVERY ORDER
BAH,BOOZ ALLEN HAMILTON INC,FA875025CB074,2026-01-08,50000.0,Department of Defense,Department of the Air Force,DEFINITIVE CONTRACT
BA,THE BOEING COMPANY,N0001919F0284,2025-09-24,-158960.33,Department of Defense,Department of the Navy,DELIVERY ORDER
GE,GENERAL ELECTRIC COMPANY,FA868226FB008,2026-04-29,17214545.0,Department of Defense,Department of the Air Force,DELIVERY ORDER
ACN,ACCENTURE FEDERAL SERVICES LLC,EDFSA15C0006,2026-01-15,-68889.0,Department of Education,Department of Education,DEFINITIVE CONTRACT
CACI,"CACI, INC. - FEDERAL",140D0426F0114,2026-03-17,10000000.0,Department of the Interior,Departmental Offices,DELIVERY ORDER
ACN,ACCENTURE FEDERAL SERVICES LLC,HC102825F1194,2026-02-17,249512.77,Department of Defense,Defense Information Systems Agency,DELIVERY ORDER
BA,THE BOEING COMPANY,N0001920F0875,2026-02-02,-1560.0,Department of Defense,Department of the Navy,DELIVERY ORDER
LDOS,"LEIDOS, INC.",N0003925F7503,2025-10-31,764856.8,Department of Defense,Department of the Navy,DELIVERY ORDER
HON,HONEYWELL INTERNATIONAL INC.,SPE4A525F091J,2025-08-25,2436000.0,Department of Defense,Defense Logistics Agency,DELIVERY ORDER
CACI,"CACI NSS, LLC",FA872626FB001,2025-12-02,38080847.13,Department of Defense,Department of the Air Force,BPA CALL
CACI,"CACI-ISS, LLC",70FA5019F00000156,2026-08-07,-2458.52,Department of Homeland Security,Federal Emergency Management Agency,DELIVERY ORDER
LDOS,"LEIDOS, INC.",N0018921CZ049,2026-03-25,1722466.66,Department of Defense,Department of the Navy,DEFINITIVE CONTRACT
BAH,BOOZ ALLEN HAMILTON INC,HQ003423F0158,2026-04-21,331888.52,Department of Defense,Washington Headquarters Services,DELIVERY ORDER
CACI,"CACI, INC. - FEDERAL",FA807524F0042,2026-03-12,-31951.5,Department of Defense,Department of the Air Force,DELIVERY ORDER
NOC,NORTHROP GRUMMAN SYSTEMS CORP,FA863825FB017,2025-09-16,1460700.0,Department of Defense,Department of the Air Force,DELIVERY ORDER
NOC,NORTHROP GRUMMAN SYSTEMS CORPORATION,FA821421F0013,2025-09-25,195000.0,Department of Defense,Department of the Air Force,DELIVERY ORDER
LDOS,"LEIDOS, INC.",N0001424C1124,2025-08-29,650000.0,Department of Defense,Department of the Navy,DEFINITIVE CONTRACT
CACI,"CACI, INC. - FEDERAL",W56KGU20F0001,2026-03-12,-102287.0,Department of Defense,Department of the Army,DELIVERY ORDER
LDOS,"LEIDOS, INC.",HT003825F0008,2025-10-17,156953.98,Department of Defense,Defense Health Agency,DELIVERY ORDER
GD,"GENERAL DYNAMICS MISSION SYSTEMS, INC.",0117,2026-04-21,-8000.0,Department of Defense,Department of the Army,DELIVERY ORDER
BAH,BOOZ ALLEN HAMILTON INC,W56KGU24F0004,2026-02-11,235987.1,Department of Defense,Department of the Army,DELIVERY ORDER
BAH,BOOZ ALLEN HAMILTON INC,W91QF426CA001,2026-02-25,561801.0,Department of Defense,Department of the Army,DEFINITIVE CONTRACT
GD,"GENERAL DYNAMICS INFORMATION TECHNOLOGY, INC.",75FCMC22F0001,2026-05-27,538740.0,Department of Health and Human Services,Centers for Medicare and Medicaid Services,DELIVERY ORDER
GD,"GENERAL DYNAMICS MISSION SYSTEMS, INC.",W900KK26FA013,2026-02-26,3508236.67,Department of Defense,Department of the Army,DELIVERY ORDER
BA,THE BOEING COMPANY,N6893623F0221,2025-12-17,6000000.0,Department of Defense,Department of the Navy,DELIVERY ORDER
BA,THE BOEING COMPANY,FA810219F1001,2025-09-25,-488498.66,Department of Defense,Defense Contract Management Agency,DELIVERY ORDER
CACI,"CACI TECHNOLOGIES, LLC",W91CRB23F0094,2025-08-20,1999008.0,Department of Defense,Department of the Army,DELIVERY ORDER
LDOS,"LEIDOS, INC.",47QFCA23F0039,2026-01-02,1359966.0,General Services Administration,Federal Acquisition Service,DELIVERY ORDER
GD,"GENERAL DYNAMICS INFORMATION TECHNOLOGY, INC.",68HERH22F0074,2026-01-15,1541278.94,Environmental Protection Agency,Environmental Protection Agency,DELIVERY ORDER
BAH,BOOZ ALLEN HAMILTON INC,N0042125F3008,2025-11-03,-415000.0,Department of Defense,Department of the Navy,DELIVERY ORDER
HON,HONEYWELL INTERNATIONAL INC.,FA239125CB013,2025-09-26,132204.0,Department of Defense,Department of the Air Force,DEFINITIVE CONTRACT
BAH,BOOZ ALLEN HAMILTON INC,N0042122F3001,2026-05-05,45860.37,Department of Defense,Department of the Navy,DELIVERY ORDER
LDOS,"LEIDOS, INC.",W5J9CQ25F0017,2026-05-06,7525464.44,Department of Defense,Department of the Army,DELIVERY ORDER
IBM,INTERNATIONAL BUSINESS MACHINES CORPORATION,273FCC22F0168,2026-03-06,320.69,Federal Communications Commission,Federal Communications Commission,DELIVERY ORDER
BAH,BOOZ ALLEN HAMILTON INC,1305M226F0185,2026-05-13,13517475.12,Department of Commerce,National Oceanic and Atmospheric Administration,BPA CALL
AVAV,"AEROVIRONMENT, INC",N6833524F0079,2026-04-15,920250.0,Department of Defense,Department of the Navy,DELIVERY ORDER
GD,"GENERAL DYNAMICS MISSION SYSTEMS, INC.",S2206A25F0003,2025-09-24,1146477.0,Department of Defense,Defense Contract Management Agency,DELIVERY ORDER
TXT,BELL TEXTRON INC,N0001925F0088,2025-09-29,22644251.0,Department of Defense,Department of the Navy,DELIVERY ORDER
NOC,NORTHROP GRUMMAN SYSTEMS CORPORATION,N6893624F0215,2025-11-18,-38643.6,Department of Defense,Department of the Navy,DELIVERY ORDER
NOC,NORTHROP GRUMMAN SYSTEMS CORP,FA811025F0001,2025-12-12,79436547.0,Department of Defense,Department of the Air Force,DELIVERY ORDER
BA,THE BOEING COMPANY,FA881915C0007,2025-12-09,14266.0,Department of Defense,Department of the Air Force,DEFINITIVE CONTRACT
BA,THE BOEING COMPANY,N0042125F0651,2025-08-21,1000000.0,Department of Defense,Department of the Navy,DELIVERY ORDER
NOC,NORTHROP GRUMMAN SYSTEMS CORPORATION,NNM07AA75C,2025-11-24,4600000.0,National Aeronautics and Space Administration,National Aeronautics and Space Administration,DEFINITIVE CONTRACT
ACN,ACCENTURE FEDERAL SERVICES LLC,47QFRA21F0029,2025-09-18,-63559.15,General Services Administration,Federal Acquisition Service,DELIVERY ORDER
HII,HUNTINGTON INGALLS INCORPORATED,N0002420C4203,2026-05-06,254.0,Department of Defense,Department of the Navy,DEFINITIVE CONTRACT
NOC,NORTHROP GRUMMAN SYSTEMS CORPORATION,N6893625F0113,2025-09-22,635265.82,Department of Defense,Department of the Navy,DELIVERY ORDER
ACN,ACCENTURE FEDERAL SERVICES LLC,19AQMM25F7091,2026-05-28,13796.61,Department of State,Department of State,BPA CALL
GD,"GENERAL DYNAMICS INFORMATION TECHNOLOGY, INC.",693KA723F00009,2025-08-18,891178.0,Department of Transportation,Federal Aviation Administration,DELIVERY ORDER
GD,"GENERAL DYNAMICS INFORMATION TECHNOLOGY, INC.",SECHQ116C0032,2025-12-18,526319.21,Securities and Exchange Commission,Securities and Exchange Commission,DEFINITIVE CONTRACT
GD,GENERAL DYNAMICS LAND SYSTEMS INC.,W912CH25F0084,2025-09-17,-109493.4,Department of Defense,Department of the Army,DELIVERY ORDER
HON,HONEYWELL INTERNATIONAL INC.,SPRRA125F0061,2025-09-30,4377006.0,Department of Defense,Defense Logistics Agency,DELIVERY ORDER
NOC,NORTHROP GRUMMAN SYSTEMS CORPORATION,80MSFC21C0010,2026-07-14,-5500000.0,National Aeronautics and Space Administration,National Aeronautics and Space Administration,DEFINITIVE CONTRACT
BAH,BOOZ ALLEN HAMILTON INC,36C10B26F0121,2026-04-17,170623805.76,Department of Veterans Affairs,Department of Veterans Affairs,DELIVERY ORDER
LDOS,"LEIDOS, INC.",N0003924F7266,2025-08-18,138400.0,Department of Defense,Department of the Navy,DELIVERY ORDER
NOC,NORTHROP GRUMMAN SYSTEMS CORP,FA811023F0003,2026-05-05,6000000.0,Department of Defense,Department of the Air Force,DELIVERY ORDER
TXT,TEXTRON SYSTEMS CORPORATION,N0002425C6309,2026-02-27,1427107.6,Department of Defense,Department of the Navy,DEFINITIVE CONTRACT
PSN,PARSONS GOVERNMENT SERVICES INC.,FA875023F0502,2026-03-10,190000.0,Department of Defense,Department of the Air Force,DELIVERY ORDER
NOC,NORTHROP GRUMMAN SYSTEMS CORPORATION,N0003026C1013,2025-12-17,88447836.36,Department of Defense,Department of the Navy,DEFINITIVE CONTRACT
IBM,INTERNATIONAL BUSINESS MACHINES CORPORATION,47HAA022C0001,2026-05-07,100329.2,General Services Administration,Office of Administrative Services,DEFINITIVE CONTRACT
GD,"GENERAL DYNAMICS MISSION SYSTEMS, INC.",N6833521F0035,2025-12-03,620000.0,Department of Defense,Department of the Navy,DELIVERY ORDER
NOC,NORTHROP GRUMMAN SYSTEMS CORP,FA821920C0006,2025-08-21,30000000.0,Department of Defense,Department of the Air Force,DEFINITIVE CONTRACT
GD,"GENERAL DYNAMICS INFORMATION TECHNOLOGY, INC.",70RDA126FR0000001,2026-07-02,1486288.63,Department of Homeland Security,Office of Procurement Operations,DELIVERY ORDER
CACI,"CACI, INC. - FEDERAL",FA807524F0015,2026-02-05,-147995.0,Department of Defense,Department of the Air Force,DELIVERY ORDER
BAH,BOOZ ALLEN HAMILTON INC,FA807525F0020,2025-09-08,300000.0,Department of Defense,Department of the Air Force,DELIVERY ORDER
LDOS,"LEIDOS, INC.",89243318CFE000003,2025-12-18,13246250.0,Department of Energy,Department of Energy,DEFINITIVE CONTRACT
GD,"GENERAL DYNAMICS INFORMATION TECHNOLOGY, INC.",70RFP323FRE300026,2025-09-18,1360122.99,Department of Homeland Security,Office of Procurement Operations,DELIVERY ORDER
CACI,"CACI, INC. - FEDERAL",N6426724F3008,2025-09-18,1895102.0,Department of Defense,Department of the Navy,DELIVERY ORDER
LDOS,"LEIDOS, INC.",N6883625F7KVS,2026-05-12,2074.81,Department of Defense,Department of the Navy,DELIVERY ORDER
NOC,NORTHROP GRUMMAN SYSTEMS CORPORATION,FA881925CB002,2026-03-05,457190.0,Department of Defense,Department of the Air Force,DEFINITIVE CONTRACT
BA,THE BOEING COMPANY,N6893623F0575,2026-04-20,7054129.0,Department of Defense,Department of the Navy,DELIVERY ORDER
LDOS,"LEIDOS, INC.",0020,2026-01-06,-45742.53,Department of Defense,Defense Information Systems Agency,DELIVERY ORDER
HON,HONEYWELL INTERNATIONAL INC.,W912CH26F0082,2026-03-30,42877754.82,Department of Defense,Department of the Army,DELIVERY ORDER
BA,THE BOEING COMPANY,FA863422C2705,2025-11-25,145187124.41,Department of Defense,Department of the Air Force,DEFINITIVE CONTRACT
LDOS,"LEIDOS, INC.",FA701424F0046,2025-12-11,-109477.14,Department of Defense,Department of the Air Force,DELIVERY ORDER
BAH,BOOZ ALLEN HAMILTON INC,HQ003425FE451,2025-09-19,2333436.86,Department of Defense,Washington Headquarters Services,DELIVERY ORDER
HII,HUNTINGTON INGALLS INCORPORATED,N0002419C4313,2026-03-19,1357800.0,Department of Defense,Department of the Navy,DEFINITIVE CONTRACT
BAH,BOOZ ALLEN HAMILTON INC,FA807525F0041,2026-02-24,3910355.7,Department of Defense,Department of the Air Force,DELIVERY ORDER
BA,THE BOEING COMPANY,FA862821F1006,2026-04-23,48944003.44,Department of Defense,Department of the Air Force,DELIVERY ORDER
NOC,NORTHROP GRUMMAN SYSTEMS CORPORATION,80GSFC23CA021,2026-05-21,2000000.0,National Aeronautics and Space Administration,National Aeronautics and Space Administration,DEFINITIVE CONTRACT
BAH,BOOZ ALLEN HAMILTON INC,FA862026FB053,2025-12-05,2629142.0,Department of Defense,Department of the Air Force,DELIVERY ORDER
BAH,BOOZ ALLEN HAMILTON INC,W909MY22F7002,2025-09-12,2150022.35,Department of Defense,Department of the Army,DELIVERY ORDER
NOC,NORTHROP GRUMMAN SYSTEMS CORPORATION,N6893626F5064,2026-04-13,3500000.0,Department of Defense,Department of the Navy,DELIVERY ORDER
TXT,BELL TEXTRON INC,N0001923F2533,2026-04-21,380364.0,Department of Defense,Department of the Navy,DELIVERY ORDER
BAH,BOOZ ALLEN HAMILTON INC,47QFLA21F0126,2026-06-25,139278.34,General Services Administration,Federal Acquisition Service,DELIVERY ORDER
BAH,BOOZ ALLEN HAMILTON INC,N0018925FZ295,2025-09-24,325305.64,Department of Defense,Department of the Navy,DELIVERY ORDER
GD,"GENERAL DYNAMICS MISSION SYSTEMS, INC.",70Z04421F21002700,2026-05-06,4222277.0,Department of Homeland Security,U.S. Coast Guard,DELIVERY ORDER
ACN,ACCENTURE FEDERAL SERVICES LLC,SP470924F0021,2026-01-13,3610090.06,Department of Defense,Defense Logistics Agency,DELIVERY ORDER
LDOS,"LEIDOS, INC.",FA251821C0006,2025-08-22,1181790.0,Department of Defense,Department of the Air Force,DEFINITIVE CONTRACT
AVAV,"AEROVIRONMENT, INC",N6833526F0005,2026-04-23,5232764.0,Department of Defense,Department of the Navy,DELIVERY ORDER
LDOS,"LEIDOS, INC.",47QFCA24F0039,2026-06-23,24091971.0,General Services Administration,Federal Acquisition Service,DELIVERY ORDER
BAH,BOOZ ALLEN HAMILTON INC,47QFWA26F0006,2026-06-26,407329.78,General Services Administration,Federal Acquisition Service,DELIVERY ORDER
LDOS,"LEIDOS, INC.",70B03C21F00001130,2026-05-06,10408600.0,Department of Homeland Security,U.S. Customs and Border Protection,DELIVERY ORDER
PSN,PARSONS GOVERNMENT SERVICES INC.,89233120FNA000070,2025-09-10,-273979.24,Department of Energy,Department of Energy,BPA CALL
ETN,EATON CORPORATION,6973GH25F00851,2026-04-21,-106081.07,Department of Transportation,Federal Aviation Administration,DELIVERY ORDER
LDOS,"LEIDOS, INC.",N6883625F7M5H,2026-04-06,94398.96,Department of Defense,Department of the Navy,DELIVERY ORDER
NOC,NORTHROP GRUMMAN SYSTEMS CORPORATION,80MSFC24CA014,2026-03-12,100000.0,National Aeronautics and Space Administration,National Aeronautics and Space Administration,DEFINITIVE CONTRACT
CACI,"CACI, INC. - FEDERAL",47QFCA19F0034,2025-09-26,-270341.16,General Services Administration,Federal Acquisition Service,DELIVERY ORDER
ACN,ACCENTURE FEDERAL SERVICES LLC,W519TC24F0049,2026-01-12,2850236.97,Department of Defense,Department of the Army,DELIVERY ORDER
BAH,BOOZ ALLEN HAMILTON INC,N0003922F3000,2025-08-25,1164556.95,Department of Defense,Department of the Navy,DELIVERY ORDER
BAH,BOOZ ALLEN HAMILTON INC,75FCMC22F0114,2025-09-08,1119168.72,Department of Health and Human Services,Centers for Medicare and Medicaid Services,DELIVERY ORDER
IBM,INTERNATIONAL BUSINESS MACHINES CORPORATION,HQ072724F4001,2026-03-19,4535817.33,Department of Defense,Defense Microelectronics Activity,DELIVERY ORDER
GD,"GENERAL DYNAMICS INFORMATION TECHNOLOGY, INC.",47QTCF26F0011,2026-07-08,4011529.57,General Services Administration,Federal Acquisition Service,BPA CALL
CACI,"CACI, LLC - COMMERCIAL",15JPSS20F00000853,2026-02-03,1340000.0,Department of Justice,"Offices, Boards and Divisions",DELIVERY ORDER
NOC,NORTHROP GRUMMAN SYSTEMS CORPORATION,N0001922F0008,2025-09-10,34489.0,Department of Defense,Department of the Navy,DELIVERY ORDER
BA,THE BOEING COMPANY,FA822026FB007,2026-03-31,54306080.0,Department of Defense,Department of the Air Force,DELIVERY ORDER
BAH,BOOZ ALLEN HAMILTON INC,N6600123F1026,2025-08-13,208088.19,Department of Defense,Department of the Navy,DELIVERY ORDER
BA,THE BOEING COMPANY,N0001920F0647,2026-02-12,2000000.0,Department of Defense,Department of the Navy,DELIVERY ORDER
GD,GENERAL DYNAMICS LAND SYSTEMS INC.,W56HZV24F0036,2025-11-26,3628964.26,Department of Defense,Department of the Army,DELIVERY ORDER
GD,GENERAL DYNAMICS LAND SYSTEMS INC.,W912CH25F0189,2025-09-03,4711783.57,Department of Defense,Department of the Army,DELIVERY ORDER
WWD,WOODWARD HRT INC,N0038325FYN08,2025-09-15,1998000.0,Department of Defense,Department of the Navy,DELIVERY ORDER
ACN,ACCENTURE FEDERAL SERVICES LLC,140G0224F0336,2026-04-27,-4957.36,Department of the Interior,U.S. Geological Survey,DELIVERY ORDER
LDOS,"LEIDOS, INC.",W911SR19F0002,2025-09-23,-822.67,Department of Defense,Department of the Army,DELIVERY ORDER
LDOS,"LEIDOS, INC.",N0002423F6313,2025-12-04,845000.0,Department of Defense,Department of the Navy,DELIVERY ORDER
TXT,TEXTRON SYSTEMS CORPORATION,FA853325F0108,2025-08-20,1578276.0,Department of Defense,Department of the Air Force,DELIVERY ORDER
BA,"BOEING AEROSPACE OPERATIONS, INC.",FA813422F4207,2025-12-03,-10613.25,Department of Defense,Defense Contract Management Agency,DELIVERY ORDER
GD,"GENERAL DYNAMICS INFORMATION TECHNOLOGY, INC.",140D0425F0719,2026-03-18,5000000.0,Department of the Interior,Departmental Offices,DELIVERY ORDER
LDOS,"LEIDOS, INC.",W912DR21F0329,2026-01-15,-40247.73,Department of Defense,Department of the Army,DELIVERY ORDER
GD,"GENERAL DYNAMICS MISSION SYSTEMS, INC.",N0002421C6425,2025-09-30,6770400.0,Department of Defense,Department of the Navy,DEFINITIVE CONTRACT
ACN,ACCENTURE FEDERAL SERVICES LLC,12314418F0020,2026-06-04,1659764.63,Department of Agriculture,Office of the Chief Financial Officer,DELIVERY ORDER
BAH,BOOZ ALLEN HAMILTON INC,68HERD24F0100,2026-05-12,188000.0,Environmental Protection Agency,Environmental Protection Agency,BPA CALL
BA,THE BOEING COMPANY,N6134023F0254,2025-12-16,244637.0,Department of Defense,Department of the Navy,DELIVERY ORDER
NOC,NORTHROP GRUMMAN SYSTEMS CORP,FA861619F0083,2025-09-24,-42770.0,Department of Defense,Department of the Air Force,DELIVERY ORDER
CACI,"CACI TECHNOLOGIES, LLC",W909MY23F0055,2026-02-26,3934000.0,Department of Defense,Department of the Army,DELIVERY ORDER
IBM,INTERNATIONAL BUSINESS MACHINES CORPORATION,HQ042325FE014,2026-03-13,92887.98,Department of Defense,Defense Finance and Accounting Service,DELIVERY ORDER
ACN,ACCENTURE FEDERAL SERVICES LLC,70B04C23F00000074,2026-07-09,21508105.91,Department of Homeland Security,U.S. Customs and Border Protection,DELIVERY ORDER
LDOS,"LEIDOS, INC.",70B03C26F00000301,2026-04-30,18480970.0,Department of Homeland Security,U.S. Customs and Border Protection,DELIVERY ORDER
HON,"HONEYWELL INTERNATIONAL, INC",SP060418F8009,2025-12-17,170634.45,Department of Defense,Defense Logistics Agency,DELIVERY ORDER
ACN,ACCENTURE FEDERAL SERVICES LLC,FA714624F0002,2025-09-09,1125355.3,Department of Defense,Department of the Air Force,DELIVERY ORDER
GD,"GENERAL DYNAMICS INFORMATION TECHNOLOGY, INC.",75N98026F00001,2026-07-15,3215605.28,Department of Health and Human Services,National Institutes of Health,DELIVERY ORDER
HON,HONEYWELL INTERNATIONAL INC.,N0038324FV62B,2026-02-04,-161143.54,Department of Defense,Department of the Navy,DELIVERY ORDER
LDOS,"LEIDOS, INC.",W5J9CQ25F0017,2026-02-27,26467.46,Department of Defense,Department of the Army,DELIVERY ORDER
BA,BELL BOEING JOINT PROJECT OFFICE,N0001924F0014,2026-01-28,13596.0,Department of Defense,Department of the Navy,DELIVERY ORDER
BAH,BOOZ ALLEN HAMILTON INC,HDTRA123F0016,2026-02-26,1500000.0,Department of Defense,Defense Threat Reduction Agency,DELIVERY ORDER
ACN,ACCENTURE FEDERAL SERVICES LLC,205AE925F00190,2026-04-14,3449989.47,Department of the Treasury,Internal Revenue Service,DELIVERY ORDER
GD,GENERAL DYNAMICS ONE SOURCE LLC,FA824025F5004,2026-01-29,55031.58,Department of Defense,Department of the Air Force,DELIVERY ORDER
ACN,ACCENTURE FEDERAL SERVICES LLC,75F40124F19003,2026-05-13,104674.8,Department of Health and Human Services,Food and Drug Administration,BPA CALL
LDOS,"LEIDOS, INC.",W900KK22F0017,2025-12-31,920460.0,Department of Defense,Department of the Army,DELIVERY ORDER
BAH,BOOZ ALLEN HAMILTON INC,75N95021F00001,2026-06-30,-59639.48,Department of Health and Human Services,National Institutes of Health,DELIVERY ORDER
BA,THE BOEING COMPANY,FA865126FB001,2026-02-09,200000.0,Department of Defense,Department of the Air Force,DELIVERY ORDER
BA,BELL BOEING JOINT PROJECT OFFICE,N0001924F0014,2025-12-11,4198725.0,Department of Defense,Department of the Navy,DELIVERY ORDER
LDOS,"LEIDOS, INC.",15F06720F0003159,2025-12-05,-5000.0,Department of Justice,Federal Bureau of Investigation,DELIVERY ORDER
ACN,ACCENTURE FEDERAL SERVICES LLC,FA865825FB001,2026-02-05,-542104.58,Department of Defense,Department of the Air Force,DELIVERY ORDER
LDOS,"LEIDOS, INC.",29FTC122F0038,2025-09-03,400000.0,Federal Trade Commission,Federal Trade Commission,BPA CALL
GD,GENERAL DYNAMICS LAND SYSTEMS INC.,W56HZV20F0143,2026-03-19,-17.0,Department of Defense,Department of the Army,DELIVERY ORDER
ACN,ACCENTURE FEDERAL SERVICES LLC,2032H522F00006,2025-11-20,2164298.91,Department of the Treasury,Internal Revenue Service,DELIVERY ORDER
GD,"GENERAL DYNAMICS INFORMATION TECHNOLOGY, INC.",47QFSA25F0055,2025-09-15,13254725.36,General Services Administration,Federal Acquisition Service,BPA CALL
BA,THE BOEING COMPANY,FA855724F0003,2026-04-23,-9929070.39,Department of Defense,Department of the Air Force,DELIVERY ORDER
LDOS,"LEIDOS, INC.",HC102826F0016,2026-03-11,3310258.13,Department of Defense,Defense Information Systems Agency,DELIVERY ORDER
BA,THE BOEING COMPANY,N6134023C0029,2026-01-30,1942000.0,Department of Defense,Department of the Navy,DEFINITIVE CONTRACT
CACI,"CACI NSS, LLC",FA445221F0035,2025-09-16,1321899.38,Department of Defense,Department of the Air Force,DELIVERY ORDER
NOC,NORTHROP GRUMMAN SYSTEMS CORPORATION,N0001917C0033,2025-09-16,-68673.73,Department of Defense,Department of the Navy,DEFINITIVE CONTRACT
CACI,"CACI TECHNOLOGIES, LLC",W56KGU20F0015,2026-05-11,-23700.0,Department of Defense,Department of the Army,DELIVERY ORDER
GE,GENERAL ELECTRIC COMPANY,FA862626FB004,2026-01-13,1191271.03,Department of Defense,Department of the Air Force,DELIVERY ORDER
CACI,"CACI, INC. - FEDERAL",M6785426F4400,2026-01-07,2757636.0,Department of Defense,Department of the Navy,DELIVERY ORDER
GD,"GENERAL DYNAMICS GLOBAL FORCE, LLC",W909MY25F0055,2025-09-12,400681.59,Department of Defense,Department of the Army,DELIVERY ORDER
NOC,NORTHROP GRUMMAN SYSTEMS CORPORATION,HQ085421F0029,2026-03-12,-4782082.52,Department of Defense,Missile Defense Agency,DELIVERY ORDER
NOC,NORTHROP GRUMMAN SYSTEMS CORP,FA861623F1003,2026-01-08,1041089.0,Department of Defense,Department of the Air Force,DELIVERY ORDER
BA,"BOEING AEROSPACE OPERATIONS, INC.",W58RGZ23F0168,2026-04-01,-497297.97,Department of Defense,Department of the Army,DELIVERY ORDER
NOC,NORTHROP GRUMMAN SYSTEMS CORPORATION,FA821421F0009,2025-09-02,-70480.87,Department of Defense,Defense Contract Management Agency,DELIVERY ORDER
CACI,"CACI NSS, LLC",FA872625FB052,2026-04-30,93476.88,Department of Defense,Department of the Air Force,BPA CALL
NOC,NORTHROP GRUMMAN SYSTEMS CORPORATION,HQ085625FE001,2026-01-12,374400.0,Department of Defense,Missile Defense Agency,DELIVERY ORDER
LDOS,"LEIDOS, INC.",N0003925F7464,2025-12-22,6628900.19,Department of Defense,Department of the Navy,DELIVERY ORDER
BA,THE BOEING COMPANY,FA821325FB002,2025-11-24,310829.0,Department of Defense,Department of the Air Force,DELIVERY ORDER
NOC,NORTHROP GRUMMAN SYSTEMS CORPORATION,FA863824F0010,2026-04-08,74266.0,Department of Defense,Department of the Air Force,DELIVERY ORDER
LDOS,"LEIDOS, INC.",N0003925F7451,2025-09-26,635599.85,Department of Defense,Department of the Navy,DELIVERY ORDER
BAH,BOOZ ALLEN HAMILTON INC,47QFWA21F0018,2026-04-30,-20420.0,General Services Administration,Federal Acquisition Service,DELIVERY ORDER
GD,"GENERAL DYNAMICS INFORMATION TECHNOLOGY, INC.",693KA726F00016,2026-05-21,4000000.0,Department of Transportation,Federal Aviation Administration,DELIVERY ORDER
GD,"GENERAL DYNAMICS MISSION SYSTEMS, INC.",N0002419C6407,2025-12-18,4637113.64,Department of Defense,Department of the Navy,DEFINITIVE CONTRACT
LDOS,"LEIDOS, INC.",29FTC121F0002,2025-08-20,150000.0,Federal Trade Commission,Federal Trade Commission,BPA CALL
BA,THE BOEING COMPANY,W58RGZ22F0076,2026-01-12,-4257259.3,Department of Defense,Department of the Army,DELIVERY ORDER
BAH,BOOZ ALLEN HAMILTON INC,47QFCA20F0028,2025-09-17,-1701717.0,General Services Administration,Federal Acquisition Service,DELIVERY ORDER
HII,HUNTINGTON INGALLS INCORPORATED,N0002423C2307,2025-11-21,27709.0,Department of Defense,Department of the Navy,DEFINITIVE CONTRACT
BAH,BOOZ ALLEN HAMILTON INC,47QFAA20F0023,2025-09-29,127846.67,General Services Administration,Federal Acquisition Service,DELIVERY ORDER
GD,"GENERAL DYNAMICS INFORMATION TECHNOLOGY, INC.",HC102821F1054,2026-01-22,-548.49,Department of Defense,Defense Information Systems Agency,BPA CALL
HII,HUNTINGTON INGALLS INC,N0002415C4301,2025-08-18,31362.0,Department of Defense,Department of the Navy,DEFINITIVE CONTRACT
NOC,NORTHROP GRUMMAN SYSTEMS CORPORATION,HC104724F0018,2026-02-25,570427.54,Department of Defense,Defense Information Systems Agency,DELIVERY ORDER
NOC,NORTHROP GRUMMAN SYSTEMS CORPORATION,FA872622F0137,2025-08-19,1145825.0,Department of Defense,Department of the Air Force,DELIVERY ORDER
BAH,BOOZ ALLEN HAMILTON INC,N0018919F0586,2025-09-29,0.18,Department of Defense,Department of the Navy,DELIVERY ORDER
NOC,NORTHROP GRUMMAN SYSTEMS CORPORATION,N0038326FNF00,2025-10-23,1930582.4,Department of Defense,Department of the Navy,DELIVERY ORDER
NOC,NORTHROP GRUMMAN SYSTEMS CORPORATION,FA882024CB001,2026-02-27,111455632.0,Department of Defense,Department of the Air Force,DEFINITIVE CONTRACT
IBM,INTERNATIONAL BUSINESS MACHINES CORPORATION,205AE925F00081,2026-03-03,171817.07,Department of the Treasury,Internal Revenue Service,DELIVERY ORDER
ACN,ACCENTURE FEDERAL SERVICES LLC,19AQMM25F7037,2026-01-08,16439.71,Department of State,Department of State,BPA CALL
CACI,ACACIA CENTER FOR JUSTICE,75P00125C00016,2026-01-30,88588158.24,Department of Health and Human Services,Office of the Assistant Secretary for Administration,DEFINITIVE CONTRACT
NOC,NORTHROP GRUMMAN SYSTEMS CORPORATION,HQ072724F1421,2026-01-06,3000000.0,Department of Defense,Defense Microelectronics Activity,DELIVERY ORDER
GD,"GENERAL DYNAMICS INFORMATION TECHNOLOGY, INC.",47QFCA25F0013,2026-04-21,9690295.0,General Services Administration,Federal Acquisition Service,DELIVERY ORDER
HON,HONEYWELL INTERNATIONAL INC,697DCK26F00131,2026-01-23,2398685.0,Department of Transportation,Federal Aviation Administration,DELIVERY ORDER
NOC,NORTHROP GRUMMAN SYSTEMS CORPORATION,N6893625F0487,2026-01-23,251000.0,Department of Defense,Department of the Navy,DELIVERY ORDER
GD,"GENERAL DYNAMICS MISSION SYSTEMS, INC.",N6339424C0004,2026-03-09,36113.0,Department of Defense,Department of the Navy,DEFINITIVE CONTRACT
CACI,"CACI TECHNOLOGIES, LLC",W56KGU22F0015,2026-01-08,190000.0,Department of Defense,Department of the Army,DELIVERY ORDER
BA,THE BOEING COMPANY,FA813422F1001,2025-12-16,283774.48,Department of Defense,Department of the Air Force,DELIVERY ORDER
CACI,"CACI, INC. - FEDERAL",N6523626F3005,2026-05-06,13604378.82,Department of Defense,Department of the Navy,DELIVERY ORDER
CACI,"CACI TECHNOLOGIES, LLC",W56KGU25F0020,2026-01-05,420000.0,Department of Defense,Department of the Army,DELIVERY ORDER
CACI,"CACI NSS, LLC",70RTAC22FC0000025,2025-09-08,8509942.58,Department of Homeland Security,Office of Procurement Operations,BPA CALL
IBM,INTERNATIONAL BUSINESS MACHINES CORPORATION,70RDA125FC0000061,2025-09-25,16023665.75,Department of Homeland Security,Office of Procurement Operations,BPA CALL
BA,THE BOEING COMPANY,FA813426FB040,2026-04-16,3505987.77,Department of Defense,Department of the Air Force,DELIVERY ORDER
GD,"GENERAL DYNAMICS INFORMATION TECHNOLOGY, INC.",HT942525CE046,2025-10-24,94762.97,Department of Defense,Defense Health Agency,DEFINITIVE CONTRACT
LDOS,"LEIDOS, INC.",HC102820F0032,2026-05-01,-84307.51,Department of Defense,Defense Information Systems Agency,DELIVERY ORDER
NOC,NORTHROP GRUMMAN SYSTEMS CORP,FA811025FB004,2025-09-26,3111972.0,Department of Defense,Department of the Air Force,DELIVERY ORDER
GD,"GENERAL DYNAMICS MISSION SYSTEMS, INC.",FA821421C0002,2026-02-17,-528920.03,Department of Defense,Defense Contract Management Agency,DEFINITIVE CONTRACT
LDOS,"LEIDOS, INC.",FA807524F0036,2025-08-19,173812.0,Department of Defense,Department of the Air Force,DELIVERY ORDER
CACI,"CACI NSS, LLC",70FA5020F00000111,2026-06-05,210000.0,Department of Homeland Security,Federal Emergency Management Agency,DELIVERY ORDER
CACI,"CACI, INC. - FEDERAL",N0016721F3015,2025-09-30,1323340.0,Department of Defense,Department of the Navy,DELIVERY ORDER
HII,HUNTINGTON INGALLS INCORPORATED,N0002419C4313,2025-10-14,67513.0,Department of Defense,Department of the Navy,DEFINITIVE CONTRACT
LDOS,"LEIDOS, INC.",N0003925F7516,2026-02-26,1460041.89,Department of Defense,Department of the Navy,DELIVERY ORDER
GD,"GENERAL DYNAMICS INFORMATION TECHNOLOGY, INC.",47QFCA24F0007,2026-06-04,732683.0,General Services Administration,Federal Acquisition Service,DELIVERY ORDER
BA,THE BOEING COMPANY,FA850520F0004,2025-09-26,-458000.0,Department of Defense,Defense Contract Management Agency,DELIVERY ORDER
LDOS,LEIDOS BIOMEDICAL RESEARCH INC,75N91025F00016,2026-02-06,221191.0,Department of Health and Human Services,National Institutes of Health,DELIVERY ORDER
NOC,NORTHROP GRUMMAN SYSTEMS CORPORATION,N6893625F0163,2025-09-09,235000.0,Department of Defense,Department of the Navy,DELIVERY ORDER
GD,"GENERAL DYNAMICS MISSION SYSTEMS, INC.",FA861225FB015,2026-03-10,14951261.0,Department of Defense,Department of the Air Force,DELIVERY ORDER
BA,THE BOEING COMPANY,N6893619F0309,2025-09-24,-3500000.0,Department of Defense,Department of the Navy,DELIVERY ORDER
CACI,"CACI, INC. - FEDERAL",N0016725F3003,2025-09-25,4192707.0,Department of Defense,Department of the Navy,DELIVERY ORDER
BA,THE BOEING COMPANY,S1110A25F0013,2026-01-15,1245846.48,Department of Defense,Defense Contract Management Agency,DELIVERY ORDER
GD,"GENERAL DYNAMICS INFORMATION TECHNOLOGY, INC.",1331L525F13351086,2026-06-22,-47571.78,Department of Commerce,Office of the Secretary,BPA CALL
BAH,BOOZ ALLEN HAMILTON INC,HDTRA125FE041,2025-11-25,437655.84,Department of Defense,Defense Threat Reduction Agency,DELIVERY ORDER
GD,"GENERAL DYNAMICS MISSION SYSTEMS, INC.",N0002424C6210,2025-11-03,581998.0,Department of Defense,Department of the Navy,DEFINITIVE CONTRACT
LDOS,"LEIDOS, INC.",W15P7T26F0054,2026-02-27,2226045.0,Department of Defense,Department of the Army,DELIVERY ORDER
HII,HUNTINGTON INGALLS INCORPORATED,N0002420C2437,2025-11-07,994000.0,Department of Defense,Department of the Navy,DEFINITIVE CONTRACT
CACI,"CACI, INC. - FEDERAL",70B02C21F00001280,2025-12-10,831301.65,Department of Homeland Security,U.S. Customs and Border Protection,DELIVERY ORDER
PSN,AMENTUM PARSONS LOGISTICS SERVICES LLC,W52P1J19F0404,2025-09-02,10000.0,Department of Defense,Department of the Army,DELIVERY ORDER
GD,"GENERAL DYNAMICS INFORMATION TECHNOLOGY, INC.",140D0424F0955,2025-09-23,-17.13,Department of the Interior,Departmental Offices,DELIVERY ORDER
CACI,"CACI TECHNOLOGIES, LLC",W909MY20F0104,2025-08-26,-1202.66,Department of Defense,Department of the Army,DELIVERY ORDER
BAH,BOOZ ALLEN HAMILTON INC,HR001122F0066,2025-08-28,1373531.0,Department of Defense,Defense Advanced Research Projects Agency,DELIVERY ORDER
NOC,NORTHROP GRUMMAN SYSTEMS CORPORATION,N0001923F2625,2025-09-23,6396205.23,Department of Defense,Department of the Navy,DELIVERY ORDER
BA,THE BOEING COMPANY,FA821422F0004,2025-09-10,10140335.33,Department of Defense,Department of the Air Force,DELIVERY ORDER
BA,BELL BOEING JOINT PROJECT OFFICE,N0001917C0015,2025-11-25,21299572.07,Department of Defense,Department of the Navy,DEFINITIVE CONTRACT
TXT,TEXTRON SYSTEMS CORPORATION,N6133125F0103,2025-12-05,1170000.0,Department of Defense,Department of the Navy,DELIVERY ORDER
ACN,ACCENTURE FEDERAL SERVICES LLC,12314418F0020,2026-02-27,290172.94,Department of Agriculture,Office of the Chief Financial Officer,DELIVERY ORDER
GD,"GENERAL DYNAMICS INFORMATION TECHNOLOGY, INC.",75FCMC25FJ076,2026-07-22,57731534.9,Department of Health and Human Services,Centers for Medicare and Medicaid Services,DELIVERY ORDER
GD,"GENERAL DYNAMICS INFORMATION TECHNOLOGY, INC.",HC101325F0067,2025-09-24,66461.87,Department of Defense,Defense Information Systems Agency,BPA CALL
BAH,BOOZ ALLEN HAMILTON INC,47QFCA22F0047,2026-04-02,11576567.0,General Services Administration,Federal Acquisition Service,DELIVERY ORDER
LDOS,LEIDOS BIOMEDICAL RESEARCH INC,75N91022F00031,2025-12-05,-207640.0,Department of Health and Human Services,National Institutes of Health,DELIVERY ORDER
ACN,ACCENTURE FEDERAL SERVICES LLC,15JPSS22F00000064,2026-03-24,-23810.46,Department of Justice,"Offices, Boards and Divisions",DELIVERY ORDER
BA,BELL BOEING JOINT PROJECT OFFICE,N0001921F0327,2025-11-25,15000000.0,Department of Defense,Department of the Navy,DELIVERY ORDER
GD,"GENERAL DYNAMICS INFORMATION TECHNOLOGY, INC.",140D0425F0775,2026-01-30,6071702.25,Department of the Interior,Departmental Offices,DELIVERY ORDER
CACI,"CACI, INC. - FEDERAL",47QFRA24F0005,2026-08-03,1610913.18,General Services Administration,Federal Acquisition Service,DELIVERY ORDER
LDOS,"LEIDOS, INC.",HC102825F0500,2025-08-25,20000.0,Department of Defense,Defense Information Systems Agency,DELIVERY ORDER
IBM,INTERNATIONAL BUSINESS MACHINES CORPORATION,N0003921F3007,2026-01-13,4018977.09,Department of Defense,Department of the Navy,DELIVERY ORDER
CACI,"CACI, INC. - FEDERAL",N0018923F3020,2025-12-22,50000.0,Department of Defense,Department of the Navy,DELIVERY ORDER
LDOS,"LEIDOS, INC.",15A00020FAQA00189,2025-12-04,1146014.77,Department of Justice,"Bureau of Alcohol, Tobacco, Firearms and Explosives Acquisition and Property Management Division",DELIVERY ORDER
NOC,NORTHROP GRUMMAN SYSTEMS CORPORATION,N0038326FBK00,2025-10-23,1106715.9,Department of Defense,Department of the Navy,DELIVERY ORDER
GD,"GENERAL DYNAMICS INFORMATION TECHNOLOGY, INC.",HC101322F0007,2026-03-31,10142096.07,Department of Defense,Defense Information Systems Agency,BPA CALL
HON,HONEYWELL INTERNATIONAL INC.,W56HZV12C0344,2025-09-22,-331405.81,Department of Defense,Department of the Army,DEFINITIVE CONTRACT
LDOS,"LEIDOS, INC.",HR001125C0018,2025-11-24,1066740.0,Department of Defense,Defense Advanced Research Projects Agency,DEFINITIVE CONTRACT
GD,"GENERAL DYNAMICS INFORMATION TECHNOLOGY, INC.",15PTDD25F00000004,2026-04-16,331568.0,Department of Justice,Office of Justice Programs,BPA CALL
CACI,"CACI, INC. - FEDERAL",FA807522F0030,2026-01-28,2805357.04,Department of Defense,Department of the Air Force,DELIVERY ORDER
BAH,BOOZ ALLEN HAMILTON INC,47QFAA24F0006,2026-06-30,1598888.0,General Services Administration,Federal Acquisition Service,DELIVERY ORDER
BAH,BOOZ ALLEN HAMILTON INC,M9549425F5007,2025-09-24,553987.52,Department of Defense,Department of the Navy,DELIVERY ORDER
LDOS,LEIDOS BIOMEDICAL RESEARCH INC,75N91026F00009,2026-04-21,1747456.0,Department of Health and Human Services,National Institutes of Health,DELIVERY ORDER
GD,"GENERAL DYNAMICS INFORMATION TECHNOLOGY, INC.",W900KK24F0150,2026-01-26,153915.84,Department of Defense,Department of the Army,DELIVERY ORDER
BAH,BOOZ ALLEN HAMILTON INC,FA701421F0152,2025-08-19,-0.02,Department of Defense,Department of the Air Force,DELIVERY ORDER
NOC,NORTHROP GRUMMAN SYSTEMS CORPORATION,W58RGZ25F0074,2025-09-18,19874.0,Department of Defense,Department of the Army,DELIVERY ORDER
LDOS,"LEIDOS, INC.",15PBJS23F00000002,2026-07-27,-0.7,Department of Justice,Office of Justice Programs,BPA CALL
BAH,BOOZ ALLEN HAMILTON INC,N0017824F3009,2025-11-25,350193.0,Department of Defense,Department of the Navy,DELIVERY ORDER
CACI,"CACI, INC. - FEDERAL",FA240125C0003,2025-08-12,-2500000.0,Department of Defense,Department of the Air Force,DEFINITIVE CONTRACT
GD,"GENERAL DYNAMICS MISSION SYSTEMS, INC.",N6339424C0004,2026-02-17,85000.0,Department of Defense,Department of the Navy,DEFINITIVE CONTRACT
BAH,BOOZ ALLEN HAMILTON INC,FA714623C0047,2025-12-18,4602000.0,Department of Defense,Department of the Air Force,DEFINITIVE CONTRACT
GD,"GENERAL DYNAMICS INFORMATION TECHNOLOGY, INC.",75FCMC19F0113,2025-12-23,19135050.0,Department of Health and Human Services,Centers for Medicare and Medicaid Services,DELIVERY ORDER
GD,GENERAL DYNAMICS LAND SYSTEMS INC.,W912CH24F0304,2025-08-18,760210.0,Department of Defense,Department of the Army,DELIVERY ORDER
BAH,BOOZ ALLEN HAMILTON INC,2032H525F00120,2025-08-20,977390.0,Department of the Treasury,Internal Revenue Service,DELIVERY ORDER
GE,GENERAL ELECTRIC COMPANY,70Z03826FJ0000043,2026-01-29,1177935.0,Department of Homeland Security,U.S. Coast Guard,DELIVERY ORDER
BA,THE BOEING COMPANY,N0001926F0082,2026-02-19,732020.02,Department of Defense,Department of the Navy,DELIVERY ORDER
NOC,NORTHROP GRUMMAN SYSTEMS CORPORATION,N0038323FS50R,2026-02-04,99100.0,Department of Defense,Department of the Navy,DELIVERY ORDER
BA,THE BOEING COMPANY,W58RGZ24C0028,2026-04-30,905987.0,Department of Defense,Department of the Army,DEFINITIVE CONTRACT
CACI,"CACI NSS, LLC",75S20323F80016,2025-09-11,379843.86,Department of Health and Human Services,Substance Abuse and Mental Health Services Administration,DELIVERY ORDER
ACN,ACCENTURE FEDERAL SERVICES LLC,47QFCA21F0065,2026-04-06,180000.0,General Services Administration,Federal Acquisition Service,DELIVERY ORDER
PLTR,PALANTIR TECHNOLOGIES INC.,2023H225F00156,2025-09-24,8528611.0,Department of the Treasury,Internal Revenue Service,BPA CALL
CACI,"CACI, INC. - FEDERAL",W91CRB25C5007,2025-09-24,735000.0,Department of Defense,Department of the Army,DEFINITIVE CONTRACT
ACN,ACCENTURE FEDERAL SERVICES LLC,140D0424F1315,2026-04-27,1002376.28,Department of the Interior,Departmental Offices,DELIVERY ORDER
CACI,"CACI, INC. - FEDERAL",N6426724F3008,2025-09-24,591855.64,Department of Defense,Department of the Navy,DELIVERY ORDER
GD,"GENERAL DYNAMICS INFORMATION TECHNOLOGY, INC.",1305M419FNAAJ0108,2026-07-16,6479546.36,Department of Commerce,National Oceanic and Atmospheric Administration,DELIVERY ORDER
BAH,BOOZ ALLEN HAMILTON INC,47QFCA22F0047,2026-06-09,34978316.18,General Services Administration,Federal Acquisition Service,DELIVERY ORDER
HII,HUNTINGTON INGALLS INC,N0002409C2116,2026-03-16,451782.0,Department of Defense,Department of the Navy,DEFINITIVE CONTRACT
CACI,"CACI, LLC - COMMERCIAL",15JPSS21F00000543,2026-05-27,-3.85,Department of Justice,"Offices, Boards and Divisions",DELIVERY ORDER
CACI,"CACI, INC. - FEDERAL",N0042123F0668,2025-09-22,447252.83,Department of Defense,Department of the Navy,DELIVERY ORDER
NOC,NORTHROP GRUMMAN SYSTEMS CORPORATION,N0001924C0005,2026-03-19,23362561.41,Department of Defense,Department of the Navy,DEFINITIVE CONTRACT
NOC,NORTHROP GRUMMAN SYSTEMS CORPORATION,HQ085625FE001,2026-04-29,25737767.6,Department of Defense,Missile Defense Agency,DELIVERY ORDER
LDOS,"LEIDOS, INC.",HC102822F0003,2025-12-03,-506508.25,Department of Defense,Defense Information Systems Agency,DELIVERY ORDER
GD,"GENERAL DYNAMICS GLOBAL FORCE, LLC",W56JSR25F0002,2026-04-16,2296164.86,Department of Defense,Department of the Army,DELIVERY ORDER
NOC,NORTHROP GRUMMAN SYSTEMS CORPORATION,FA231824FB010,2026-05-04,3296000.0,Department of Defense,Department of the Air Force,DELIVERY ORDER
GD,"GENERAL DYNAMICS INFORMATION TECHNOLOGY, INC.",HSCG7916JPTI029,2026-03-18,-183475.72,Department of Homeland Security,U.S. Coast Guard,BPA CALL
NOC,NORTHROP GRUMMAN SYSTEMS CORPORATION,HR001119C0085,2026-04-02,-379480.09,Department of Defense,Defense Advanced Research Projects Agency,DEFINITIVE CONTRACT
GD,"GENERAL DYNAMICS INFORMATION TECHNOLOGY, INC.",47QFCA22F0020,2026-02-02,-350000.0,General Services Administration,Federal Acquisition Service,DELIVERY ORDER
NOC,NORTHROP GRUMMAN SYSTEMS CORPORATION,N0003025C1010,2026-04-10,1126357.5,Department of Defense,Department of the Navy,DEFINITIVE CONTRACT
HON,HONEYWELL INTERNATIONAL INC.,FA239125CB021,2025-09-30,120000.0,Department of Defense,Department of the Air Force,DEFINITIVE CONTRACT
PSN,PARSONS GOVERNMENT SERVICES INC.,N0018925FZ195,2026-02-26,2241368.28,Department of Defense,Department of the Navy,DELIVERY ORDER
NOC,NORTHROP GRUMMAN SYSTEMS CORPORATION,FA821426FB003,2026-05-07,5543196.38,Department of Defense,Department of the Air Force,DELIVERY ORDER
CACI,"CACI, INC. - FEDERAL",N0042123F0669,2026-03-18,-40852.36,Department of Defense,Department of the Navy,DELIVERY ORDER
ACN,ACCENTURE FEDERAL SERVICES LLC,89303024FIM000140,2026-01-29,6536.01,Department of Energy,Department of Energy,BPA CALL
GE,GENERAL ELECTRIC COMPANY,SPE4AX25F1356,2025-12-30,9799348.4,Department of Defense,Defense Logistics Agency,DELIVERY ORDER
LDOS,"LEIDOS, INC.",FA945119C0007,2025-12-12,30000.0,Department of Defense,Department of the Air Force,DEFINITIVE CONTRACT
IBM,INTERNATIONAL BUSINESS MACHINES CORPORATION,2033H625F00095,2025-11-13,624794.94,Department of the Treasury,Bureau of the Fiscal Service,DELIVERY ORDER
BA,THE BOEING COMPANY,FA880725CB006,2026-04-08,988378.42,Department of Defense,Department of the Air Force,DEFINITIVE CONTRACT
LDOS,"LEIDOS, INC.",H9240826CE001,2026-03-17,12460795.0,Department of Defense,U.S. Special Operations Command,DEFINITIVE CONTRACT
BA,THE BOEING COMPANY,N0001919F2732,2026-01-13,-39438.0,Department of Defense,Department of the Navy,DELIVERY ORDER
BAH,BOOZ ALLEN HAMILTON INC,47QFSA23F0008,2025-11-24,38461.54,General Services Administration,Federal Acquisition Service,DELIVERY ORDER
LDOS,"LEIDOS, INC.",N0018923F3033,2025-09-25,323935.0,Department of Defense,Department of the Navy,DELIVERY ORDER
GD,"GENERAL DYNAMICS INFORMATION TECHNOLOGY, INC.",692M1522F00011,2025-08-22,36000.0,Department of Transportation,Federal Aviation Administration,DELIVERY ORDER
LDOS,"LEIDOS, INC.",W31P4Q25C0014,2026-04-30,500000.0,Department of Defense,Department of the Army,DEFINITIVE CONTRACT
GD,"GENERAL DYNAMICS INFORMATION TECHNOLOGY, INC.",19AQMM24C0037,2025-08-18,-1701201.5,Department of State,Department of State,DEFINITIVE CONTRACT
CACI,"CACI TECHNOLOGIES, LLC",0011,2025-09-16,-23369.05,Department of Defense,Department of the Navy,DELIVERY ORDER
LDOS,"LEIDOS, INC.",FA865022F1047,2026-01-08,47606.0,Department of Defense,Department of the Air Force,DELIVERY ORDER
BA,THE BOEING COMPANY,FA205724FB004,2025-08-20,45638.64,Department of Defense,Department of the Air Force,DELIVERY ORDER
GD,GENERAL DYNAMICS LAND SYSTEMS INC.,W56HZV17C0067,2025-08-21,-19915.23,Department of Defense,Department of the Army,DEFINITIVE CONTRACT
ACN,ACCENTURE FEDERAL SERVICES LLC,19AQMM26F7062,2026-04-08,124902.12,Department of State,Department of State,BPA CALL
BAH,BOOZ ALLEN HAMILTON INC,HDTRA123F0021,2025-09-12,7208734.07,Department of Defense,Defense Threat Reduction Agency,DELIVERY ORDER
LDOS,"LEIDOS, INC.",W909MY25F0008,2026-03-27,1186821.35,Department of Defense,Department of the Army,DELIVERY ORDER
LDOS,"LEIDOS, INC.",W911NF24F0055,2025-09-09,1028525.37,Department of Defense,Department of the Army,DELIVERY ORDER
CACI,"CACI NSS, LLC",70RCSJ25FC0000022,2025-09-30,23040670.18,Department of Homeland Security,Office of Procurement Operations,BPA CALL
BAH,BOOZ ALLEN HAMILTON INC,N0017820F3006,2025-08-20,-302885.82,Department of Defense,Department of the Navy,DELIVERY ORDER
LDOS,LEIDOS BIOMEDICAL RESEARCH INC,75N91024F00025,2025-12-12,-100401.0,Department of Health and Human Services,National Institutes of Health,DELIVERY ORDER
NOC,NORTHROP GRUMMAN SYSTEMS CORPORATION,HQ085624F0003,2025-09-05,133676.0,Department of Defense,Missile Defense Agency,DELIVERY ORDER
HON,HONEYWELL INTERNATIONAL INC.,N0038326FX400,2025-10-20,1352307.75,Department of Defense,Department of the Navy,DELIVERY ORDER
CACI,"CACI TECHNOLOGIES, LLC",W56KGU22F0010,2025-09-22,-59165.1,Department of Defense,Department of the Army,DELIVERY ORDER
GE,GENERAL ELECTRIC COMPANY,SPRRA126F0035,2026-03-20,1350617.6,Department of Defense,Defense Logistics Agency,DELIVERY ORDER
PSN,PARSONS GOVERNMENT SERVICES INC.,HDTRA123F0050,2026-01-29,2283849.33,Department of Defense,Defense Threat Reduction Agency,DELIVERY ORDER
GD,"GENERAL DYNAMICS INFORMATION TECHNOLOGY, INC.",693KA724F00017,2026-08-04,355000.0,Department of Transportation,Federal Aviation Administration,DELIVERY ORDER
BA,THE BOEING COMPANY,FA863420F0018,2026-03-16,-4320659.76,Department of Defense,Department of the Air Force,DELIVERY ORDER
GD,"GENERAL DYNAMICS INFORMATION TECHNOLOGY, INC.",FA862923F0001,2026-04-10,880000.0,Department of Defense,Department of the Air Force,DELIVERY ORDER
LDOS,"LEIDOS, INC.",HC102825F0500,2025-12-19,515045.77,Department of Defense,Defense Information Systems Agency,DELIVERY ORDER
BAH,BOOZ ALLEN HAMILTON INC,693KA823F00207,2025-12-03,425000.0,Department of Transportation,Federal Aviation Administration,DELIVERY ORDER
BA,THE BOEING COMPANY,S1110A24F0004,2026-03-19,1538664.51,Department of Defense,Defense Contract Management Agency,DELIVERY ORDER
BAH,BOOZ ALLEN HAMILTON INC,H9225720F0029,2026-02-19,-91106.85,Department of Defense,U.S. Special Operations Command,DELIVERY ORDER
NOC,NORTHROP GRUMMAN SYSTEMS CORPORATION,HC104723F0033,2026-02-04,986831.26,Department of Defense,Defense Information Systems Agency,DELIVERY ORDER
GD,"GENERAL DYNAMICS INFORMATION TECHNOLOGY, INC.",FA714625F0030,2025-08-12,114330.0,Department of Defense,Department of the Air Force,DELIVERY ORDER
IBM,INTERNATIONAL BUSINESS MACHINES CORPORATION,HR001125C0052,2025-12-16,36.0,Department of Defense,Defense Advanced Research Projects Agency,DEFINITIVE CONTRACT
HII,HUNTINGTON INGALLS INCORPORATED,N0002423C2307,2025-09-05,1216.0,Department of Defense,Department of the Navy,DEFINITIVE CONTRACT
BA,THE BOEING COMPANY,FA810525FB012,2025-09-30,3941088.35,Department of Defense,Department of the Air Force,DELIVERY ORDER
HII,HUNTINGTON INGALLS INC,N0002423F6102,2026-04-17,1800000.0,Department of Defense,Department of the Navy,DELIVERY ORDER
GD,"GENERAL DYNAMICS MISSION SYSTEMS, INC.",N0003020C0003,2025-08-25,-1063902.0,Department of Defense,Department of the Navy,DEFINITIVE CONTRACT
HON,HONEYWELL INTERNATIONAL INC.,FA239125CB013,2025-08-26,143600.0,Department of Defense,Department of the Air Force,DEFINITIVE CONTRACT
LDOS,"LEIDOS, INC.",DTFAWA16C00021,2026-06-09,2509518.78,Department of Transportation,Federal Aviation Administration,DEFINITIVE CONTRACT
BA,THE BOEING COMPANY,FA852619F0007,2025-08-14,-385070.52,Department of Defense,Defense Contract Management Agency,DELIVERY ORDER
BA,THE BOEING COMPANY,FA236325CB003,2025-09-02,18916071.0,Department of Defense,Department of the Air Force,DEFINITIVE CONTRACT
CACI,"CACI TECHNOLOGIES, LLC",N6426719F3008,2026-01-21,0.1,Department of Defense,Department of the Navy,DELIVERY ORDER
BAH,BOOZ ALLEN HAMILTON INC,N0042125F3008,2026-02-05,2921759.46,Department of Defense,Department of the Navy,DELIVERY ORDER
BAH,BOOZ ALLEN HAMILTON INC,HQ003423F0136,2026-04-08,380344.4,Department of Defense,Washington Headquarters Services,DELIVERY ORDER
NOC,NORTHROP GRUMMAN SYSTEMS CORPORATION,N6893626F0033,2026-01-12,700000.0,Department of Defense,Department of the Navy,DELIVERY ORDER
BAH,BOOZ ALLEN HAMILTON INC,FA807524F0010,2026-01-09,1812541.0,Department of Defense,Department of the Air Force,DELIVERY ORDER
NOC,NORTHROP GRUMMAN SYSTEMS CORPORATION,HR001124C0459,2026-03-19,2880198.0,Department of Defense,Defense Advanced Research Projects Agency,DEFINITIVE CONTRACT
NOC,NORTHROP GRUMMAN SYSTEMS CORP,FA811023F0003,2025-11-14,90000.0,Department of Defense,Department of the Air Force,DELIVERY ORDER
BAH,BOOZ ALLEN HAMILTON INC,47QFPA22F0007,2025-12-29,3653786.03,General Services Administration,Federal Acquisition Service,DELIVERY ORDER
NOC,NORTHROP GRUMMAN SYSTEMS CORPORATION,N0003025F2001,2025-09-17,-272448.0,Department of Defense,Department of the Navy,DELIVERY ORDER
BAH,BOOZ ALLEN HAMILTON INC,FA714626C0007,2026-01-30,24155385.89,Department of Defense,Department of the Air Force,DEFINITIVE CONTRACT
NOC,NORTHROP GRUMMAN SYSTEMS CORPORATION,FA852920F0009,2025-10-28,-193747.12,Department of Defense,Defense Contract Management Agency,DELIVERY ORDER
HII,HUNTINGTON INGALLS INCORPORATED,N0002418C2307,2026-02-11,2792.0,Department of Defense,Department of the Navy,DEFINITIVE CONTRACT
BAH,BOOZ ALLEN HAMILTON INC,HR001121F0012,2025-10-20,11201.18,Department of Defense,Defense Advanced Research Projects Agency,DELIVERY ORDER
BAH,BOOZ ALLEN HAMILTON INC,FA807524F0010,2026-01-30,193850.0,Department of Defense,Department of the Air Force,DELIVERY ORDER
CACI,"CACI ENTERPRISE SOLUTIONS, LLC",N0003919F0202,2025-09-28,-1644222.18,Department of Defense,Department of the Navy,DELIVERY ORDER
BAH,BOOZ ALLEN HAMILTON INC,47QDCB22F0006,2026-01-30,4190940.53,General Services Administration,Federal Acquisition Service,BPA CALL
LDOS,"LEIDOS, INC.",FA807523F0051,2026-03-02,198807.0,Department of Defense,Department of the Air Force,DELIVERY ORDER
BAH,BOOZ ALLEN HAMILTON INC,15DDHQ23F00001006,2025-08-28,1683937.93,Department of Justice,Drug Enforcement Administration,BPA CALL
GD,"GENERAL DYNAMICS INFORMATION TECHNOLOGY, INC.",693KA724F00017,2026-06-09,8171.0,Department of Transportation,Federal Aviation Administration,DELIVERY ORDER
BAH,BOOZ ALLEN HAMILTON INC,75F40122F19008,2025-09-12,-1452.19,Department of Health and Human Services,Food and Drug Administration,BPA CALL
BA,THE BOEING COMPANY,N0038322FYY0P,2026-04-06,-44386.27,Department of Defense,Department of the Navy,DELIVERY ORDER
IBM,INTERNATIONAL BUSINESS MACHINES CORPORATION,273FCC23F0070,2026-06-30,1986918.1,Federal Communications Commission,Federal Communications Commission,DELIVERY ORDER
NOC,NORTHROP GRUMMAN SYSTEMS CORPORATION,HR001124C0367,2026-01-27,188586.0,Department of Defense,Defense Advanced Research Projects Agency,DEFINITIVE CONTRACT
BAH,BOOZ ALLEN HAMILTON INC,FA807524F0020,2026-01-29,590000.0,Department of Defense,Department of the Air Force,DELIVERY ORDER
HII,HUNTINGTON INGALLS INC,N0002415C4301,2026-03-26,19475.0,Department of Defense,Department of the Navy,DEFINITIVE CONTRACT
GD,"GENERAL DYNAMICS MISSION SYSTEMS, INC.",N0003020C0003,2025-08-25,-50400.0,Department of Defense,Department of the Navy,DEFINITIVE CONTRACT
GD,GENERAL DYNAMICS LAND SYSTEMS INC.,W912CH26F0100,2026-02-05,8377257.0,Department of Defense,Department of the Army,DELIVERY ORDER
LDOS,"LEIDOS, INC.",N0003924F7265,2025-08-20,1680689.31,Department of Defense,Department of the Navy,DELIVERY ORDER
HII,HUNTINGTON INGALLS INC,N0002420C2109,2026-02-25,-1741996.0,Department of Defense,Department of the Navy,DEFINITIVE CONTRACT
ACN,ACCENTURE FEDERAL SERVICES LLC,89303026FIM000188,2026-03-25,4266418.9,Department of Energy,Department of Energy,BPA CALL
PSN,PARSONS GOVERNMENT SERVICES INC.,89233126FNA000210,2026-06-09,1370995.8,Department of Energy,Department of Energy,BPA CALL
BAH,BOOZ ALLEN HAMILTON INC,W909MY22F7002,2025-09-26,1082792.67,Department of Defense,Department of the Army,DELIVERY ORDER
NOC,NORTHROP GRUMMAN SYSTEMS CORPORATION,HQ085624F0003,2026-03-03,-1200000.0,Department of Defense,Missile Defense Agency,DELIVERY ORDER
ACN,ACCENTURE FEDERAL SERVICES LLC,W58P0525C0007,2026-04-30,6149463.1,Department of Defense,Department of the Army,DEFINITIVE CONTRACT
BA,THE BOEING COMPANY,N0042125F0651,2025-10-16,2026533.08,Department of Defense,Department of the Navy,DELIVERY ORDER
ACN,ACCENTURE FEDERAL SERVICES LLC,12314418F0020,2026-05-18,2487014.58,Department of Agriculture,Office of the Chief Financial Officer,DELIVERY ORDER
BAH,BOOZ ALLEN HAMILTON INC,1605TA24F00028,2025-09-30,569066.64,Department of Labor,Office of the Assistant Secretary for Administration and Management,BPA CALL
CACI,CACI INC - FEDERAL,70T03018F2BCIO660,2025-08-15,-6366154.35,Department of Homeland Security,Transportation Security Administration,DELIVERY ORDER
BA,BELL BOEING JOINT PROJECT OFFICE,N0001922F0027,2025-12-22,187022.41,Department of Defense,Department of the Navy,DELIVERY ORDER
ACN,ACCENTURE FEDERAL SERVICES LLC,2032H524F00348,2026-01-15,2357652.75,Department of the Treasury,Internal Revenue Service,DELIVERY ORDER
PLTR,PALANTIR USG INC,W911QX24F0113,2025-09-15,1503925.19,Department of Defense,Department of the Army,DELIVERY ORDER
BAH,BOOZ ALLEN HAMILTON INC,75D30121F12139,2025-08-29,-516815.64,Department of Health and Human Services,Centers for Disease Control and Prevention,DELIVERY ORDER
BAH,BOOZ ALLEN HAMILTON INC,89303019FET000005,2025-08-12,1000000.0,Department of Energy,Department of Energy,BPA CALL
BAH,BOOZ ALLEN HAMILTON INC,47QFCA25F0036,2026-04-30,2381675.0,General Services Administration,Federal Acquisition Service,DELIVERY ORDER
ACN,ACCENTURE FEDERAL SERVICES LLC,89233124FNA000152,2026-07-28,3121440.36,Department of Energy,Department of Energy,BPA CALL
HON,HONEYWELL INTERNATIONAL INC.,FA812126F0072,2026-05-06,1175670.72,Department of Defense,Department of the Air Force,DELIVERY ORDER
HII,HUNTINGTON INGALLS INCORPORATED,N0002421C4205,2025-09-03,2088387.0,Department of Defense,Department of the Navy,DEFINITIVE CONTRACT
ACN,ACCENTURE FEDERAL SERVICES LLC,89243423FEE000249,2025-12-23,120000.0,Department of Energy,Department of Energy,BPA CALL
GD,"GENERAL DYNAMICS INFORMATION TECHNOLOGY, INC.",70FBTX24F00000021,2025-08-15,-4594723.14,Department of Homeland Security,Federal Emergency Management Agency,BPA CALL
NOC,NORTHROP GRUMMAN SYSTEMS CORPORATION,FA821421F0013,2025-08-28,2723002.2,Department of Defense,Department of the Air Force,DELIVERY ORDER
CACI,"CACI, INC. - FEDERAL",N0018923F3020,2026-02-25,20000.0,Department of Defense,Department of the Navy,DELIVERY ORDER
LDOS,"LEIDOS, INC.",W31P4Q25C0010,2026-01-22,1245538.0,Department of Defense,Department of the Army,DEFINITIVE CONTRACT
NOC,NORTHROP GRUMMAN SYSTEMS CORPORATION,FA863824F0012,2026-04-14,13042769.0,Department of Defense,Department of the Air Force,DELIVERY ORDER
HON,HONEYWELL INTERNATIONAL INC,697DCK19F00084,2025-09-02,10758027.0,Department of Transportation,Federal Aviation Administration,DELIVERY ORDER
BAH,BOOZ ALLEN HAMILTON INC,FA807517F1271,2026-01-26,-138841.48,Department of Defense,Department of the Air Force,DELIVERY ORDER
LDOS,"LEIDOS, INC.",N6600124F0736,2026-02-09,185000.0,Department of Defense,Department of the Navy,DELIVERY ORDER
CACI,"CACI TECHNOLOGIES, LLC",W56KGU21F0013,2025-09-16,508430.49,Department of Defense,Department of the Army,DELIVERY ORDER
BA,THE BOEING COMPANY,FA945125CX002,2025-12-03,600000.0,Department of Defense,Department of the Air Force,DEFINITIVE CONTRACT
CACI,"CACI TECHNOLOGIES, LLC",W56KGU25F0020,2025-09-25,364750.0,Department of Defense,Department of the Army,DELIVERY ORDER
NOC,NORTHROP GRUMMAN SYSTEMS CORPORATION,N0038324FBH00,2026-01-14,84672.0,Department of Defense,Department of the Navy,DELIVERY ORDER
BAH,BOOZ ALLEN HAMILTON INC,HC102825F0471,2026-04-24,794781.32,Department of Defense,Defense Information Systems Agency,BPA CALL
LDOS,"LEIDOS, INC.",W5J9CQ21F0027,2025-09-05,-5845.02,Department of Defense,Department of the Army,DELIVERY ORDER
GD,"GENERAL DYNAMICS INFORMATION TECHNOLOGY, INC.",N0003921F7887,2026-04-27,-236219.54,Department of Defense,Department of the Navy,DELIVERY ORDER
GD,"GENERAL DYNAMICS INFORMATION TECHNOLOGY, INC.",36C10D24N0067,2026-02-10,-562229.47,Department of Veterans Affairs,Department of Veterans Affairs,DELIVERY ORDER
HII,HUNTINGTON INGALLS INCORPORATED,N0002419C4313,2026-02-09,389112.0,Department of Defense,Department of the Navy,DEFINITIVE CONTRACT
BAH,BOOZ ALLEN HAMILTON INC,FA807522F0052,2026-04-07,653956.0,Department of Defense,Department of the Air Force,DELIVERY ORDER
LDOS,"LEIDOS, INC.",N0003924F7275,2025-08-19,152142.3,Department of Defense,Department of the Navy,DELIVERY ORDER
GD,"GENERAL DYNAMICS MISSION SYSTEMS, INC.",N0038324F0P20,2026-01-27,-17948.62,Department of Defense,Department of the Navy,DELIVERY ORDER
GD,"GENERAL DYNAMICS INFORMATION TECHNOLOGY, INC.",68HERW26F0159,2026-07-31,3200000.0,Environmental Protection Agency,Environmental Protection Agency,DELIVERY ORDER
PLTR,PALANTIR TECHNOLOGIES INC.,70CTD022FR0000170,2025-09-25,29898236.0,Department of Homeland Security,U.S. Immigration and Customs Enforcement,DELIVERY ORDER
BAH,BOOZ ALLEN HAMILTON INC,FA807525F0044,2026-04-28,4372797.98,Department of Defense,Department of the Air Force,DELIVERY ORDER
CACI,"CACI NSS, LLC",FA872625FB070,2026-01-28,2509546.91,Department of Defense,Department of the Air Force,BPA CALL
HII,HUNTINGTON INGALLS INCORPORATED,N0002423C2307,2025-10-02,113.0,Department of Defense,Department of the Navy,DEFINITIVE CONTRACT
GD,"GENERAL DYNAMICS GLOBAL FORCE, LLC",W909MY25F0055,2026-04-28,7318078.55,Department of Defense,Department of the Army,DELIVERY ORDER
LDOS,"LEIDOS, INC.",FA807521F0045,2026-02-12,128637.0,Department of Defense,Department of the Air Force,DELIVERY ORDER
GD,GENERAL DYNAMICS LAND SYSTEMS INC.,W912CH26F0161,2026-03-16,4980168.97,Department of Defense,Department of the Army,DELIVERY ORDER
BAH,BOOZ ALLEN HAMILTON INC,FA830723FB043,2025-11-25,1721561.0,Department of Defense,Department of the Air Force,DELIVERY ORDER
BAH,BOOZ ALLEN HAMILTON INC,2032H519F00243,2025-09-22,-19412.06,Department of the Treasury,Internal Revenue Service,DELIVERY ORDER
CACI,"CACI, INC. - FEDERAL",N6426724F3007,2026-02-12,20537089.94,Department of Defense,Department of the Navy,DELIVERY ORDER
BAH,BOOZ ALLEN HAMILTON INC,GSQ0417DB0094,2025-09-15,-3779811.81,General Services Administration,Federal Acquisition Service,DELIVERY ORDER
GD,"GENERAL DYNAMICS INFORMATION TECHNOLOGY, INC.",75N97023F00002,2026-01-22,4823407.92,Department of Health and Human Services,National Institutes of Health,DELIVERY ORDER
BA,THE BOEING COMPANY,S1110A26F0002,2026-04-27,3788.8,Department of Defense,Defense Contract Management Agency,DELIVERY ORDER
IBM,INTERNATIONAL BUSINESS MACHINES CORPORATION,70B04C20F00001153,2026-07-17,-9441.2,Department of Homeland Security,U.S. Customs and Border Protection,DELIVERY ORDER
BA,THE BOEING COMPANY,N6893623F0096,2026-01-15,15583560.0,Department of Defense,Department of the Navy,DELIVERY ORDER
LDOS,"LEIDOS, INC.",N6883625F7K9B,2025-09-16,135649.08,Department of Defense,Department of the Navy,DELIVERY ORDER
IBM,INTERNATIONAL BUSINESS MACHINES CORPORATION,N0003921F3007,2025-09-30,6212436.6,Department of Defense,Department of the Navy,DELIVERY ORDER
ACN,ACCENTURE FEDERAL SERVICES LLC,SP470123F0132,2025-09-26,-13795.86,Department of Defense,Defense Logistics Agency,BPA CALL
LDOS,"LEIDOS, INC.",N0003925F7463,2025-11-26,2999725.08,Department of Defense,Department of the Navy,DELIVERY ORDER
LDOS,"LEIDOS, INC.",70T04021F7672N028,2025-09-29,6431705.96,Department of Homeland Security,Transportation Security Administration,DELIVERY ORDER
CACI,"CACI, INC. - FEDERAL",N0018921FZ104,2026-03-16,-309164.44,Department of Defense,Defense Contract Management Agency,DELIVERY ORDER
BAH,BOOZ ALLEN HAMILTON INC,80JSC025FA189,2026-05-11,643501.0,National Aeronautics and Space Administration,National Aeronautics and Space Administration,BPA CALL
ACN,ACCENTURE FEDERAL SERVICES LLC,89303025FIM000170,2025-09-22,99000.0,Department of Energy,Department of Energy,BPA CALL
NOC,NORTHROP GRUMMAN SYSTEMS CORPORATION,FA811925F0024,2025-12-19,578196.0,Department of Defense,Department of the Air Force,DELIVERY ORDER
BAH,BOOZ ALLEN HAMILTON INC,693KA824F00037,2025-09-02,262705.88,Department of Transportation,Federal Aviation Administration,DELIVERY ORDER
ACN,ACCENTURE FEDERAL SERVICES LLC,SP470124F0180,2025-09-26,-418303.53,Department of Defense,Defense Logistics Agency,BPA CALL
ETN,"EATON AEROSPACE, LLC",SPRRA225C0016,2025-09-30,4500600.0,Department of Defense,Defense Logistics Agency,DEFINITIVE CONTRACT
LDOS,"LEIDOS, INC.",693JJ319F000356,2026-06-11,-2317.33,Department of Transportation,Federal Highway Administration,DELIVERY ORDER
LDOS,"LEIDOS, INC.",W15P7T26F0012,2025-12-18,6038494.0,Department of Defense,Department of the Army,DELIVERY ORDER
CACI,"CACI, INC. - FEDERAL",47QFCA24F0018,2025-09-30,781713.0,General Services Administration,Federal Acquisition Service,DELIVERY ORDER
GD,"GENERAL DYNAMICS INFORMATION TECHNOLOGY, INC.",75F40126F19007,2026-04-13,2313051.47,Department of Health and Human Services,Food and Drug Administration,BPA CALL
HII,HUNTINGTON INGALLS INCORPORATED,N0002420C4203,2026-03-05,-6219545.0,Department of Defense,Department of the Navy,DEFINITIVE CONTRACT
BAH,BOOZ ALLEN HAMILTON INC,FA807525F0022,2025-09-18,195673.0,Department of Defense,Department of the Air Force,DELIVERY ORDER
BAH,BOOZ ALLEN HAMILTON INC,FA701424F0139,2025-09-09,539174.38,Department of Defense,Department of the Air Force,DELIVERY ORDER
GE,GENERAL ELECTRIC COMPANY,N0042125F0020,2025-12-19,4330263.75,Department of Defense,Department of the Navy,DELIVERY ORDER
HII,HUNTINGTON INGALLS INCORPORATED,N0002422C2319,2025-09-15,468277.77,Department of Defense,Department of the Navy,DEFINITIVE CONTRACT
GD,"GENERAL DYNAMICS MISSION SYSTEMS, INC.",W900KK22F0014,2026-01-22,6531107.08,Department of Defense,Department of the Army,DELIVERY ORDER
NOC,NORTHROP GRUMMAN SYSTEMS CORPORATION,N6893625F0163,2025-12-11,250000.0,Department of Defense,Department of the Navy,DELIVERY ORDER
NOC,NORTHROP GRUMMAN SYSTEMS CORPORATION,FA821421F0011,2026-04-01,64740.68,Department of Defense,Department of the Air Force,DELIVERY ORDER
GD,GENERAL DYNAMICS ONE SOURCE LLC,FA824025F5001,2025-12-08,1412184.02,Department of Defense,Department of the Air Force,DELIVERY ORDER
HII,HUNTINGTON INGALLS INC,N0002422C2105,2026-04-06,2000000.0,Department of Defense,Department of the Navy,DEFINITIVE CONTRACT
GD,"GENERAL DYNAMICS INFORMATION TECHNOLOGY, INC.",47QFMA25F0016,2026-04-23,7063210.71,General Services Administration,Federal Acquisition Service,DELIVERY ORDER
GD,GENERAL DYNAMICS LAND SYSTEMS INC.,W56HZV22C0012,2026-03-19,7165945.32,Department of Defense,Department of the Army,DEFINITIVE CONTRACT
LDOS,"LEIDOS, INC.",N0018924FZ831,2026-01-09,4582085.01,Department of Defense,Department of the Navy,DELIVERY ORDER
ACN,ACCENTURE FEDERAL SERVICES LLC,89303026FIM000191,2026-04-10,270325.3,Department of Energy,Department of Energy,BPA CALL
BA,THE BOEING COMPANY,FA865923FB001,2026-04-22,-9000000.0,Department of Defense,Department of the Air Force,DELIVERY ORDER
NOC,NORTHROP GRUMMAN SYSTEMS CORPORATION,M6785426F0038,2026-01-08,9015984.0,Department of Defense,Department of the Navy,DELIVERY ORDER
BAH,BOOZ ALLEN HAMILTON INC,36C10B20N10070018,2025-10-28,-15841.23,Department of Veterans Affairs,Department of Veterans Affairs,DELIVERY ORDER
BA,THE BOEING COMPANY,FA863425CB002,2026-01-26,1.12,Department of Defense,Department of the Air Force,DEFINITIVE CONTRACT
CACI,"CACI NSS, LLC",47QFCA24F0051,2026-07-22,3367460.0,General Services Administration,Federal Acquisition Service,DELIVERY ORDER
BAH,BOOZ ALLEN HAMILTON INC,693KA824F00032,2026-04-16,126000.0,Department of Transportation,Federal Aviation Administration,DELIVERY ORDER
GD,"GENERAL DYNAMICS INFORMATION TECHNOLOGY, INC.",47QFCA22F0038,2026-01-05,-6950000.0,General Services Administration,Federal Acquisition Service,DELIVERY ORDER
BA,THE BOEING COMPANY,FA852626FB001,2026-01-16,15957359.27,Department of Defense,Department of the Air Force,DELIVERY ORDER
BAH,BOOZ ALLEN HAMILTON INC,89303019FET000004,2026-05-21,500000.0,Department of Energy,Department of Energy,BPA CALL
GD,"GENERAL DYNAMICS MISSION SYSTEMS, INC.",N0003024F1015,2026-03-18,4928765.0,Department of Defense,Department of the Navy,DELIVERY ORDER
NOC,NORTHROP GRUMMAN SYSTEMS CORPORATION,FA821425FB005,2025-09-18,4437637.0,Department of Defense,Department of the Air Force,DELIVERY ORDER
NOC,NORTHROP GRUMMAN SYSTEMS CORPORATION,N6660424FC844,2025-08-28,891000.0,Department of Defense,Department of the Navy,DELIVERY ORDER
LDOS,LEIDOS BIOMEDICAL RESEARCH INC,75N91025F00015,2025-09-12,15054787.0,Department of Health and Human Services,National Institutes of Health,DELIVERY ORDER
LDOS,"LEIDOS, INC.",FA823226FB110,2026-02-04,1704043.68,Department of Defense,Department of the Air Force,DELIVERY ORDER
BAH,BOOZ ALLEN HAMILTON INC,N6600124F0030,2025-08-25,237359.06,Department of Defense,Department of the Navy,DELIVERY ORDER
LDOS,"LEIDOS, INC.",FA861225FB008,2025-12-04,3000000.0,Department of Defense,Department of the Air Force,DELIVERY ORDER
GD,"GENERAL DYNAMICS MISSION SYSTEMS, INC.",FA830726FB080,2026-05-12,8269381.0,Department of Defense,Department of the Air Force,DELIVERY ORDER
ACN,ACCENTURE FEDERAL SERVICES LLC,91003125C0013,2026-03-06,308952.0,Department of Education,Department of Education,DEFINITIVE CONTRACT
GD,"GENERAL DYNAMICS INFORMATION TECHNOLOGY, INC.",W5J9CQ25F0004,2026-04-07,3000000.0,Department of Defense,Department of the Army,DELIVERY ORDER
BA,THE BOEING COMPANY,SPRRA125F0034,2025-12-09,-359542.98,Department of Defense,Defense Logistics Agency,DELIVERY ORDER
WWD,WOODWARD HRT INC,SPRTA126C0043,2026-02-27,1649611.09,Department of Defense,Defense Logistics Agency,DEFINITIVE CONTRACT
BAH,BOOZ ALLEN HAMILTON INC,75F40124F19007,2026-07-26,-1662.26,Department of Health and Human Services,Food and Drug Administration,BPA CALL
HII,HUNTINGTON INGALLS INC,N5523625F9931,2025-09-03,1393756.0,Department of Defense,Department of the Navy,DELIVERY ORDER
LDOS,"LEIDOS, INC.",N6883625F7KMF,2025-09-20,89054.73,Department of Defense,Department of the Navy,DELIVERY ORDER
BA,THE BOEING COMPANY,FA813825F1003,2025-12-16,-10233.36,Department of Defense,Department of the Air Force,DELIVERY ORDER
BAH,BOOZ ALLEN HAMILTON INC,N0016425F3009,2025-12-12,993366.0,Department of Defense,Department of the Navy,DELIVERY ORDER
ACN,ACCENTURE FEDERAL SERVICES LLC,89303024FIM000147,2025-11-20,-20226.73,Department of Energy,Department of Energy,BPA CALL
GD,"GENERAL DYNAMICS INFORMATION TECHNOLOGY, INC.",FA238425CB045,2025-08-26,354000.0,Department of Defense,Department of the Air Force,DEFINITIVE CONTRACT
LDOS,"LEIDOS, INC.",47QFMA20F0031,2025-10-27,-517736.11,General Services Administration,Federal Acquisition Service,BPA CALL
GD,"GENERAL DYNAMICS MISSION SYSTEMS, INC.",FA830724FB017,2026-04-14,5725171.0,Department of Defense,Department of the Air Force,DELIVERY ORDER
GD,"GENERAL DYNAMICS MISSION SYSTEMS, INC.",N0002421C6425,2026-01-30,22090112.0,Department of Defense,Department of the Navy,DEFINITIVE CONTRACT
BA,THE BOEING COMPANY,FA813422F1001,2026-04-30,221297.13,Department of Defense,Department of the Air Force,DELIVERY ORDER
LDOS,"LEIDOS, INC.",N6883624F8KPZ,2025-08-12,-122.49,Department of Defense,Department of the Navy,DELIVERY ORDER
BA,THE BOEING COMPANY,NNG17PX06C,2026-04-29,-1931.5,National Aeronautics and Space Administration,National Aeronautics and Space Administration,DEFINITIVE CONTRACT
ACN,ACCENTURE FEDERAL SERVICES LLC,91003125C0013,2026-05-19,245370.0,Department of Education,Department of Education,DEFINITIVE CONTRACT
NOC,NORTHROP GRUMMAN SYSTEMS CORPORATION,N0001924F0064,2025-09-25,300000.0,Department of Defense,Department of the Navy,DELIVERY ORDER
CACI,"CACI NSS, LLC",47QFCA18F0058,2025-09-25,-93721.84,General Services Administration,Federal Acquisition Service,DELIVERY ORDER
BAH,BOOZ ALLEN HAMILTON INC,68HERC24F0227,2026-07-09,177000.0,Environmental Protection Agency,Environmental Protection Agency,BPA CALL
LDOS,"LEIDOS, INC.",FA873021F0113,2026-04-09,2569995.92,Department of Defense,Department of the Air Force,DELIVERY ORDER
BAH,BOOZ ALLEN HAMILTON INC,FA807520F0053,2026-02-11,-152369.99,Department of Defense,Department of the Air Force,DELIVERY ORDER
GD,"GENERAL DYNAMICS INFORMATION TECHNOLOGY, INC.",SP470925F0086,2025-09-26,3676200.8,Department of Defense,Defense Logistics Agency,DELIVERY ORDER
GD,GENERAL DYNAMICS LAND SYSTEMS INC.,SPRDL126F0051,2026-01-20,2054258.11,Department of Defense,Defense Logistics Agency,DELIVERY ORDER
SATL,IRIDIUM SATELLITE LLC,HC101319C0003,2026-04-08,-211158.81,Department of Defense,Defense Information Systems Agency,DEFINITIVE CONTRACT
BA,THE BOEING COMPANY,FA863418C2701,2025-08-28,2010150.0,Department of Defense,Department of the Air Force,DEFINITIVE CONTRACT
LDOS,"LEIDOS, INC.",HC102826F0010,2026-03-18,1337294.52,Department of Defense,Defense Information Systems Agency,DELIVERY ORDER
GD,GENERAL DYNAMICS LAND SYSTEMS INC.,W912CH24F0010,2026-03-30,1727940.0,Department of Defense,Department of the Army,DELIVERY ORDER
ACN,ACCENTURE FEDERAL SERVICES LLC,19AQMM23F3430,2026-05-26,-0.15,Department of State,Department of State,BPA CALL
BAH,BOOZ ALLEN HAMILTON INC,693KA823F00268,2026-02-05,139276.0,Department of Transportation,Federal Aviation Administration,DELIVERY ORDER
BAH,BOOZ ALLEN HAMILTON INC,N0018924F3024,2026-03-03,1394286.87,Department of Defense,Department of the Navy,DELIVERY ORDER
GD,"GENERAL DYNAMICS INFORMATION TECHNOLOGY, INC.",HDTRA120F0070,2026-05-07,-49000.0,Department of Defense,Defense Threat Reduction Agency,DELIVERY ORDER
IBM,INTERNATIONAL BUSINESS MACHINES CORPORATION,47HAA024F0018,2026-03-30,4942503.42,General Services Administration,Office of Administrative Services,DELIVERY ORDER
NOC,NORTHROP GRUMMAN SYSTEMS CORPORATION,HQ085625FE001,2025-09-30,1000000.0,Department of Defense,Missile Defense Agency,DELIVERY ORDER
BA,THE BOEING COMPANY,N6134022F7003,2025-09-11,35495.56,Department of Defense,Department of the Navy,DELIVERY ORDER
NOC,NORTHROP GRUMMAN SYSTEMS CORPORATION,N6660425F3018,2025-09-23,4583255.05,Department of Defense,Department of the Navy,DELIVERY ORDER
PSN,PARSONS GOVERNMENT SERVICES INC.,W909MY23F0084,2026-01-28,150000.0,Department of Defense,Department of the Army,DELIVERY ORDER
NOC,NORTHROP GRUMMAN SYSTEMS CORPORATION,N0003022C1013,2025-11-06,-3219390.41,Department of Defense,Department of the Navy,DEFINITIVE CONTRACT
BA,THE BOEING COMPANY,FA852625FB009,2025-09-30,7031472.99,Department of Defense,Department of the Air Force,DELIVERY ORDER
IBM,INTERNATIONAL BUSINESS MACHINES CORPORATION,HQ072724F4003,2026-03-26,460643.33,Department of Defense,Defense Microelectronics Activity,DELIVERY ORDER
LDOS,"LEIDOS, INC.",N6264521F0119,2026-04-03,252853.69,Department of Defense,Department of the Navy,DELIVERY ORDER
GD,"GENERAL DYNAMICS MISSION SYSTEMS, INC.",W56KGY23F0013,2026-03-27,-2396000.0,Department of Defense,Department of the Army,DELIVERY ORDER
TXT,TEXTRON AVIATION INC,6973GH26F00864,2026-05-21,208393855.9,Department of Transportation,Federal Aviation Administration,DELIVERY ORDER
GD,"GENERAL DYNAMICS INFORMATION TECHNOLOGY, INC.",15PTDD25F00000004,2026-03-04,-511118.0,Department of Justice,Office of Justice Programs,BPA CALL
ACN,ACCENTURE FEDERAL SERVICES LLC,47QFRA21F0029,2025-10-14,-3148916.42,General Services Administration,Federal Acquisition Service,DELIVERY ORDER
CAT,CATERPILLAR INC,W912CH26F0106,2026-02-12,955620.48,Department of Defense,Department of the Army,DELIVERY ORDER
BAH,BOOZ ALLEN HAMILTON INC,FA807520F0076,2026-03-30,-3541.62,Department of Defense,Department of the Air Force,DELIVERY ORDER
CACI,"CACI, INC. - FEDERAL",N6523622F3022,2025-08-20,2096522.36,Department of Defense,Department of the Navy,DELIVERY ORDER
HII,HUNTINGTON INGALLS INCORPORATED,N0002425C4229,2026-04-10,2368356.0,Department of Defense,Department of the Navy,DEFINITIVE CONTRACT
GD,"GENERAL DYNAMICS INFORMATION TECHNOLOGY, INC.",HDTRA120F0070,2025-08-27,326511.98,Department of Defense,Defense Threat Reduction Agency,DELIVERY ORDER
GD,"GENERAL DYNAMICS MISSION SYSTEMS, INC.",140G0125F0192,2026-07-06,285860.0,Department of the Interior,U.S. Geological Survey,DELIVERY ORDER
HON,HONEYWELL INTERNATIONAL INC.,SPRDL125F0171,2025-09-23,8164500.0,Department of Defense,Defense Logistics Agency,DELIVERY ORDER
CACI,"CACI TECHNOLOGIES, LLC",W56KGU20F0012,2026-03-11,-2097744.75,Department of Defense,Department of the Army,DELIVERY ORDER
LDOS,"LEIDOS, INC.",HT003825F0007,2026-02-27,183566.25,Department of Defense,Defense Health Agency,DELIVERY ORDER
NOC,NORTHROP GRUMMAN SYSTEMS CORPORATION,FA882024CB001,2025-09-19,19010508.0,Department of Defense,Department of the Air Force,DEFINITIVE CONTRACT
CACI,"CACI, INC. - FEDERAL",47QFRA24F0005,2026-06-15,620674.46,General Services Administration,Federal Acquisition Service,DELIVERY ORDER
CACI,"CACI NSS, LLC",47QFCA20F0002,2025-09-28,775023.0,General Services Administration,Federal Acquisition Service,DELIVERY ORDER
BA,THE BOEING COMPANY,S1110A26F0002,2026-05-01,129529.6,Department of Defense,Defense Contract Management Agency,DELIVERY ORDER
HII,HUNTINGTON INGALLS INC,N0002416C2116,2026-04-29,1457774.0,Department of Defense,Department of the Navy,DEFINITIVE CONTRACT
BAH,BOOZ ALLEN HAMILTON INC,N6600124F0030,2026-04-10,550000.0,Department of Defense,Department of the Navy,DELIVERY ORDER
LDOS,"LEIDOS, INC.",W56JSR24F0004,2026-01-29,-115145.0,Department of Defense,Department of the Army,DELIVERY ORDER
BA,THE BOEING COMPANY,N0001925F0085,2026-03-03,1027000.0,Department of Defense,Department of the Navy,DELIVERY ORDER
IBM,INTERNATIONAL BUSINESS MACHINES CORPORATION,HC108426F0085,2026-01-16,4701965.11,Department of Defense,Defense Information Systems Agency,DELIVERY ORDER
CACI,"CACI, INC. - FEDERAL",HC108424C0003,2025-11-19,977995.11,Department of Defense,Defense Information Systems Agency,DEFINITIVE CONTRACT
BA,THE BOEING COMPANY,FA813822F1010,2026-04-23,-1091175.85,Department of Defense,Department of the Air Force,DELIVERY ORDER
BA,THE BOEING COMPANY,HQ085623F0006,2026-01-22,1180669.0,Department of Defense,Missile Defense Agency,DELIVERY ORDER
GD,"GENERAL DYNAMICS INFORMATION TECHNOLOGY, INC.",19AQMM18C0185,2025-09-30,27146727.62,Department of State,Department of State,DEFINITIVE CONTRACT
NOC,NORTHROP GRUMMAN SYSTEMS CORPORATION,FA821421F0012,2025-12-02,139651.85,Department of Defense,Department of the Air Force,DELIVERY ORDER
LDOS,"LEIDOS, INC.",N0003925F7516,2026-01-15,45710.54,Department of Defense,Department of the Navy,DELIVERY ORDER
ROK,ROCKWELL AUTOMATION INC,70Z04026F62006B00,2026-05-26,1038256.0,Department of Homeland Security,U.S. Coast Guard,DELIVERY ORDER
CACI,"CACI, INC. - FEDERAL",N0018925F3025,2026-04-01,46265.4,Department of Defense,Department of the Navy,DELIVERY ORDER
HON,"HONEYWELL INTERNATIONAL, INC",47PM0721F0110,2026-05-26,6266652.12,General Services Administration,Public Buildings Service,DELIVERY ORDER
CACI,"CACI-ISS, LLC",FA877019F0514,2025-09-30,-94065.86,Department of Defense,Department of the Air Force,DELIVERY ORDER
GD,"GENERAL DYNAMICS INFORMATION TECHNOLOGY, INC.",75N97023F00002,2025-10-22,4823407.92,Department of Health and Human Services,National Institutes of Health,DELIVERY ORDER
LDOS,"LEIDOS, INC.",HC102826F0012,2026-01-26,-1397929.67,Department of Defense,Defense Information Systems Agency,DELIVERY ORDER
GD,"GENERAL DYNAMICS INFORMATION TECHNOLOGY, INC.",140D0425F0958,2025-09-19,26120809.55,Department of the Interior,Departmental Offices,DELIVERY ORDER
LDOS,"LEIDOS, INC.",HQ003417C0017,2025-08-22,-4780.55,Department of Defense,Washington Headquarters Services,DEFINITIVE CONTRACT
GD,"GENERAL DYNAMICS MISSION SYSTEMS, INC.",N0003921F2104,2026-03-18,-153831.42,Department of Defense,Defense Contract Management Agency,DELIVERY ORDER
BAH,BOOZ ALLEN HAMILTON INC,N0018920F3058,2025-08-29,56064.01,Department of Defense,Department of the Navy,DELIVERY ORDER
PSN,PARSONS GOVERNMENT SERVICES INC.,FA875026FB003,2026-05-06,3572150.0,Department of Defense,Department of the Air Force,DELIVERY ORDER
GE,GENERAL ELECTRIC COMPANY,W58RGZ21F0151,2025-08-26,179508.37,Department of Defense,Department of the Army,DELIVERY ORDER
BAH,BOOZ ALLEN HAMILTON INC,W519TC24F2229,2025-09-26,779550.6,Department of Defense,Department of the Army,DELIVERY ORDER
GD,"GENERAL DYNAMICS MISSION SYSTEMS, INC.",FA880725FB013,2026-03-06,2500000.0,Department of Defense,Department of the Air Force,DELIVERY ORDER
ACN,ACCENTURE FEDERAL SERVICES LLC,12314418F0020,2026-07-24,35128.01,Department of Agriculture,Office of the Chief Financial Officer,DELIVERY ORDER
LDOS,"LEIDOS, INC.",FA945120C0026,2026-03-10,40000.0,Department of Defense,Department of the Air Force,DEFINITIVE CONTRACT
LDOS,"LEIDOS, INC.",HC102821F0091,2026-04-06,1251508.99,Department of Defense,Defense Information Systems Agency,DELIVERY ORDER
PLTR,PALANTIR USG INC,FA880625FB009,2025-12-16,17170701.0,Department of Defense,Department of the Air Force,DELIVERY ORDER
GD,"GENERAL DYNAMICS MISSION SYSTEMS, INC.",N6660422FH114,2026-02-12,-1797.49,Department of Defense,Department of the Navy,DELIVERY ORDER
GE,GENERAL ELECTRIC COMPANY,SPRTA119F0447,2026-02-26,-3068471.84,Department of Defense,Defense Logistics Agency,DELIVERY ORDER
BAH,BOOZ ALLEN HAMILTON INC,2032H524F00179,2026-03-20,4796037.71,Department of the Treasury,Internal Revenue Service,BPA CALL
ACN,ACCENTURE FEDERAL SERVICES LLC,FA714625F0032,2026-05-05,214381.0,Department of Defense,Department of the Air Force,DELIVERY ORDER
BA,THE BOEING COMPANY,FA868120F1301,2025-09-30,251666.42,Department of Defense,Department of the Air Force,DELIVERY ORDER
HII,HUNTINGTON INGALLS INC,N0002419C2100,2025-09-29,4912250.0,Department of Defense,Department of the Navy,DEFINITIVE CONTRACT
CACI,"CACI, LLC - COMMERCIAL",15JPSS21F00000543,2025-09-15,267000.0,Department of Justice,"Offices, Boards and Divisions",DELIVERY ORDER
BAH,BOOZ ALLEN HAMILTON INC,N6600123F1026,2026-02-04,80120.0,Department of Defense,Department of the Navy,DELIVERY ORDER
NOC,NORTHROP GRUMMAN SYSTEMS CORPORATION,FA861517C6047,2025-09-11,-3000000.0,Department of Defense,Department of the Air Force,DEFINITIVE CONTRACT
BAH,BOOZ ALLEN HAMILTON INC,N0018922F3027,2025-09-10,475915.0,Department of Defense,Department of the Navy,DELIVERY ORDER
HII,HUNTINGTON INGALLS INCORPORATED,N0002418C2307,2025-08-14,26751.0,Department of Defense,Department of the Navy,DEFINITIVE CONTRACT
HII,HUNTINGTON INGALLS INCORPORATED,N0002423C2324,2026-04-28,15200000.0,Department of Defense,Department of the Navy,DEFINITIVE CONTRACT
HON,HONEYWELL INTERNATIONAL INC.,SPRPA126FE605,2026-02-25,2317950.5,Department of Defense,Defense Logistics Agency,DELIVERY ORDER
BA,THE BOEING COMPANY,FA880622F0008,2026-04-14,-200000.0,Department of Defense,Department of the Air Force,DELIVERY ORDER
KTOS,"KRATOS SRE, INC.",N0017823C2405,2025-11-21,43818.73,Department of Defense,Department of the Navy,DEFINITIVE CONTRACT
CACI,"CACI TECHNOLOGIES, LLC",W56KGU23F0014,2026-01-30,35712.13,Department of Defense,Department of the Army,DELIVERY ORDER
GD,"GENERAL DYNAMICS MISSION SYSTEMS, INC.",HQ085022C0007,2026-04-27,6826628.25,Department of Defense,Department of the Air Force,DEFINITIVE CONTRACT
BA,THE BOEING COMPANY,0026,2025-09-09,1870026.72,Department of Defense,Department of the Air Force,DELIVERY ORDER
NOC,NORTHROP GRUMMAN SYSTEMS CORPORATION,HR001123C0002,2026-03-26,8811372.0,Department of Defense,Defense Advanced Research Projects Agency,DEFINITIVE CONTRACT
BAH,BOOZ ALLEN HAMILTON INC,N0018922F3027,2026-03-05,-543409.77,Department of Defense,Department of the Navy,DELIVERY ORDER
LDOS,"LEIDOS, INC.",W56KGU20F0017,2025-11-13,856134.69,Department of Defense,Department of the Army,DELIVERY ORDER
NOC,NORTHROP GRUMMAN SYSTEMS CORPORATION,FA811925F0024,2025-09-29,221437.0,Department of Defense,Department of the Air Force,DELIVERY ORDER
LDOS,"LEIDOS, INC.",N6523625F3003,2026-01-27,83000.0,Department of Defense,Department of the Navy,DELIVERY ORDER
BA,THE BOEING COMPANY,FA868126CB001,2026-02-20,61548900.0,Department of Defense,Department of the Air Force,DEFINITIVE CONTRACT
BA,THE BOEING COMPANY,W58RGZ26F0080,2026-02-12,603219.0,Department of Defense,Department of the Army,DELIVERY ORDER
ACN,ACCENTURE FEDERAL SERVICES LLC,75N98024F00001,2026-06-16,205505.6,Department of Health and Human Services,National Institutes of Health,DELIVERY ORDER
CACI,"CACI, INC. - FEDERAL",FA865023C7318,2026-01-28,1210523.0,Department of Defense,Department of the Air Force,DEFINITIVE CONTRACT
LDOS,"LEIDOS, INC.",FA807525F0032,2026-03-16,802186.0,Department of Defense,Department of the Air Force,DELIVERY ORDER
PSN,PARSONS GOVERNMENT SERVICES INTERNATIONAL INC.,89233125FNA400705,2025-09-25,2321492.0,Department of Energy,Department of Energy,DELIVERY ORDER
CACI,"CACI, INC. - FEDERAL",140D0426F0114,2026-01-28,6000000.0,Department of the Interior,Departmental Offices,DELIVERY ORDER
NOC,NORTHROP GRUMMAN SYSTEMS CORPORATION,FA873021F0119,2025-11-10,29029.0,Department of Defense,Department of the Air Force,DELIVERY ORDER
BA,THE BOEING COMPANY,N0001918F2447,2026-04-01,-17931.96,Department of Defense,Department of the Navy,DELIVERY ORDER
LDOS,"LEIDOS, INC.",N0018924FZ831,2025-09-05,4144521.42,Department of Defense,Department of the Navy,DELIVERY ORDER
GD,"GENERAL DYNAMICS INFORMATION TECHNOLOGY, INC.",N0016721F3000,2025-08-14,457000.0,Department of Defense,Department of the Navy,DELIVERY ORDER
WWD,COUNTY OF WOODWARD,140A0323C0009,2026-03-25,70100.0,Department of the Interior,Bureau of Indian Affairs and Bureau of Indian Education,DEFINITIVE CONTRACT
NOC,NORTHROP GRUMMAN SYSTEMS CORPORATION,N0003019C0015,2025-09-30,-750089.55,Department of Defense,Department of the Navy,DEFINITIVE CONTRACT
CACI,"CACI, INC. - FEDERAL",80TECH24CA002,2025-12-22,3194464.69,National Aeronautics and Space Administration,National Aeronautics and Space Administration,DEFINITIVE CONTRACT
AVAV,"AEROVIRONMENT, INC",W58RGZ26F0029,2025-11-18,2577099.0,Department of Defense,Department of the Army,DELIVERY ORDER
HII,HUNTINGTON INGALLS INCORPORATED,N0002418C2307,2026-04-03,97966.0,Department of Defense,Department of the Navy,DEFINITIVE CONTRACT
NOC,NORTHROP GRUMMAN SYSTEMS CORP,FA853825F0084,2025-09-16,1565742.0,Department of Defense,Department of the Air Force,DELIVERY ORDER
PLTR,PALANTIR USG INC,W911QX24F0108,2025-09-11,1579358.25,Department of Defense,Department of the Army,DELIVERY ORDER
GD,"GENERAL DYNAMICS INFORMATION TECHNOLOGY, INC.",75FCMC25FJ022,2025-09-25,16216779.0,Department of Health and Human Services,Centers for Medicare and Medicaid Services,DELIVERY ORDER
LDOS,"LEIDOS, INC.",HT001126FE001,2025-12-12,976083.4,Department of Defense,Defense Health Agency,DELIVERY ORDER
ACN,ACCENTURE FEDERAL SERVICES LLC,89303024FIM000147,2026-01-07,179000.0,Department of Energy,Department of Energy,BPA CALL
BA,BELL BOEING JOINT PROJECT OFFICE,N0038326FZV01,2025-12-17,330324946.0,Department of Defense,Department of the Navy,DELIVERY ORDER
BAH,BOOZ ALLEN HAMILTON INC,47QFCA23F0014,2026-01-28,16840050.06,General Services Administration,Federal Acquisition Service,DELIVERY ORDER
NOC,NORTHROP GRUMMAN SYSTEMS CORPORATION,N0002417C6311,2025-08-27,5064867.0,Department of Defense,Department of the Navy,DEFINITIVE CONTRACT
GD,"GENERAL DYNAMICS INFORMATION TECHNOLOGY, INC.",FA238425CB045,2025-09-16,200000.0,Department of Defense,Department of the Air Force,DEFINITIVE CONTRACT
BAH,BOOZ ALLEN HAMILTON INC,FA807518F1696,2026-01-06,-213331.03,Department of Defense,Department of the Air Force,DELIVERY ORDER
ACN,ACCENTURE FEDERAL SERVICES LLC,91003125C0013,2026-02-23,243982.0,Department of Education,Department of Education,DEFINITIVE CONTRACT
BA,THE BOEING COMPANY,FA852620F0003,2025-08-19,-186610.0,Department of Defense,Defense Contract Management Agency,DELIVERY ORDER
BAH,BOOZ ALLEN HAMILTON INC,IND17PD00280,2026-04-23,-56059.6,Department of the Interior,Departmental Offices,DELIVERY ORDER
NOC,NORTHROP GRUMMAN SYSTEMS CORPORATION,0005,2026-04-14,-4910.27,Department of Defense,Department of the Navy,DELIVERY ORDER
ACN,ACCENTURE FEDERAL SERVICES LLC,W52P1J21C0025,2026-04-30,174464.02,Department of Defense,Department of the Army,DEFINITIVE CONTRACT
ACN,ACCENTURE FEDERAL SERVICES LLC,36C10B26F0033,2026-06-25,26005369.36,Department of Veterans Affairs,Department of Veterans Affairs,DELIVERY ORDER
CACI,"CACI, INC. - FEDERAL",N0016425F3012,2026-02-27,315000.0,Department of Defense,Department of the Navy,DELIVERY ORDER
HII,HUNTINGTON INGALLS INC,N5523625F9928,2025-08-26,10482.0,Department of Defense,Department of the Navy,DELIVERY ORDER
BAH,BOOZ ALLEN HAMILTON INC,HC108425F0324,2026-03-30,261100.64,Department of Defense,Defense Information Systems Agency,DELIVERY ORDER
NOC,NORTHROP GRUMMAN SYSTEMS CORPORATION,FA239624FB089,2026-03-18,255611.48,Department of Defense,Department of the Air Force,DELIVERY ORDER
BA,THE BOEING COMPANY,FA812825FB014,2025-09-26,1357201.0,Department of Defense,Department of the Air Force,DELIVERY ORDER
GD,"GENERAL DYNAMICS INFORMATION TECHNOLOGY, INC.",89303020FCF000016,2026-06-09,2445459.0,Department of Energy,Department of Energy,BPA CALL
LDOS,"LEIDOS, INC.",29FTC121F0002,2026-01-08,420000.0,Federal Trade Commission,Federal Trade Commission,BPA CALL
BAH,BOOZ ALLEN HAMILTON INC,FA807522F0022,2026-01-28,1904000.0,Department of Defense,Department of the Air Force,DELIVERY ORDER
BAH,BOOZ ALLEN HAMILTON INC,N0016425F3009,2026-04-02,4418490.97,Department of Defense,Department of the Navy,DELIVERY ORDER
CACI,"CACI, INC. - FEDERAL",M6785425F7600,2025-09-02,15000.0,Department of Defense,Department of the Navy,DELIVERY ORDER
NOC,NORTHROP GRUMMAN SYSTEMS CORPORATION,0014,2025-09-08,-168836.69,Department of Defense,Defense Contract Management Agency,DELIVERY ORDER
GD,GENERAL DYNAMICS LAND SYSTEMS INC.,W56HZV22C0012,2026-01-16,6477353.1,Department of Defense,Department of the Army,DEFINITIVE CONTRACT
LDOS,LEIDOS BIOMEDICAL RESEARCH INC,75N91019F00129,2026-05-19,-4882212.22,Department of Health and Human Services,National Institutes of Health,DELIVERY ORDER
LDOS,"LEIDOS, INC.",70FA2022F00000016,2026-05-18,9803370.98,Department of Homeland Security,Federal Emergency Management Agency,DELIVERY ORDER
LDOS,"LEIDOS, INC.",FA865022F1021,2026-01-07,234847.0,Department of Defense,Department of the Air Force,DELIVERY ORDER
GD,"GENERAL DYNAMICS INFORMATION TECHNOLOGY, INC.",19AQMM25F0678,2026-04-01,12548710.56,Department of State,Department of State,DELIVERY ORDER
GD,"GENERAL DYNAMICS INFORMATION TECHNOLOGY, INC.",FA862925FB020,2026-04-20,526928.5,Department of Defense,Department of the Air Force,DELIVERY ORDER
BAH,BOOZ ALLEN HAMILTON INC,1605DC19F00268,2025-09-24,564013.72,Department of Labor,Office of the Assistant Secretary for Administration and Management,DELIVERY ORDER
NOC,NORTHROP GRUMMAN SYSTEMS CORPORATION,FA237723C0002,2026-01-09,300000.0,Department of Defense,Department of the Air Force,DEFINITIVE CONTRACT
GD,"GENERAL DYNAMICS INFORMATION TECHNOLOGY, INC.",68HERC25F0151,2026-05-15,75000.0,Environmental Protection Agency,Environmental Protection Agency,DELIVERY ORDER
NOC,NORTHROP GRUMMAN SYSTEMS CORPORATION,FA489025C0010,2026-03-13,23251357.38,Department of Defense,Department of the Air Force,DEFINITIVE CONTRACT
LDOS,"LEIDOS, INC.",28321322FDS030130,2026-04-16,143640.0,Social Security Administration,Social Security Administration,DELIVERY ORDER
GD,"GENERAL DYNAMICS INFORMATION TECHNOLOGY, INC.",692M1520F00338,2025-12-11,500000.0,Department of Transportation,Federal Aviation Administration,DELIVERY ORDER
BA,THE BOEING COMPANY,NNM07AB03C,2026-04-30,15298000.0,National Aeronautics and Space Administration,National Aeronautics and Space Administration,DEFINITIVE CONTRACT
CACI,"CACI, INC. - FEDERAL",FA807521F0077,2026-04-17,426587.0,Department of Defense,Department of the Air Force,DELIVERY ORDER
PSN,PARSONS GOVERNMENT SERVICES INC.,FA875023F0502,2025-09-23,216795.0,Department of Defense,Department of the Air Force,DELIVERY ORDER
BA,THE BOEING COMPANY,N0038325FYY2U,2025-08-26,3842133.8,Department of Defense,Department of the Navy,DELIVERY ORDER
NOC,NORTHROP GRUMMAN SYSTEMS CORPORATION,FA861517C6047,2025-10-23,999792.8,Department of Defense,Department of the Air Force,DEFINITIVE CONTRACT
HII,HUNTINGTON INGALLS INCORPORATED,N0002418C2307,2025-12-09,70927.0,Department of Defense,Department of the Navy,DEFINITIVE CONTRACT
LDOS,"LEIDOS, INC.",FA872324FB007,2026-04-03,308365.41,Department of Defense,Department of the Air Force,DELIVERY ORDER
BA,THE BOEING COMPANY,FA862126FB001,2026-03-10,11536446.15,Department of Defense,Department of the Air Force,DELIVERY ORDER
BA,THE BOEING COMPANY,FA860921F0004,2026-02-25,57763193.44,Department of Defense,Department of the Air Force,DELIVERY ORDER
CACI,"CACI NSS, LLC",FA872624FB075,2025-09-08,4976715.52,Department of Defense,Department of the Air Force,BPA CALL
HII,HUNTINGTON INGALLS INCORPORATED,N0002418C2406,2026-01-06,-1029150.0,Department of Defense,Department of the Navy,DEFINITIVE CONTRACT
BA,THE BOEING COMPANY,N6134022F0001,2026-03-05,477461.0,Department of Defense,Department of the Navy,DELIVERY ORDER
ETN,EATON CORPORATION,6973GH25F00851,2025-08-28,203444.5,Department of Transportation,Federal Aviation Administration,DELIVERY ORDER
CACI,"CACI NSS, LLC",47QFCA24F0051,2026-03-19,929525.0,General Services Administration,Federal Acquisition Service,DELIVERY ORDER
GD,"GENERAL DYNAMICS INFORMATION TECHNOLOGY, INC.",89303020FCF000013,2026-01-30,870000.0,Department of Energy,Department of Energy,BPA CALL
IBM,INTERNATIONAL BUSINESS MACHINES CORPORATION,60RRBH26F1002,2025-11-25,665416.63,Railroad Retirement Board,Railroad Retirement Board,DELIVERY ORDER
CACI,"CACI TECHNOLOGIES, LLC",W909MY24F0002,2026-03-04,1238209.72,Department of Defense,Department of the Army,DELIVERY ORDER
CACI,"CACI, INC. - FEDERAL",FA882124FB001,2025-08-28,-2500000.0,Department of Defense,Department of the Air Force,DELIVERY ORDER
BAH,BOOZ ALLEN HAMILTON INC,47QFWA21F0008,2026-06-04,5114022.21,General Services Administration,Federal Acquisition Service,DELIVERY ORDER
HII,HUNTINGTON INGALLS INCORPORATED,N0002423C2307,2026-05-07,115.0,Department of Defense,Department of the Navy,DEFINITIVE CONTRACT
HII,HUNTINGTON INGALLS INCORPORATED,N0002425C2400,2025-12-17,3188377.0,Department of Defense,Department of the Navy,DEFINITIVE CONTRACT
BAH,BOOZ ALLEN HAMILTON INC,75N98025F00001,2026-08-10,1137106.67,Department of Health and Human Services,Office of the Assistant Secretary for Financial Resources,DELIVERY ORDER
NOC,NORTHROP GRUMMAN SYSTEMS CORPORATION,FA854024F0018,2026-02-19,-0.03,Department of Defense,Department of the Air Force,DELIVERY ORDER
BAH,BOOZ ALLEN HAMILTON INC,FA872625FB041,2026-04-22,392633.32,Department of Defense,Department of the Air Force,DELIVERY ORDER
CACI,"CACI NSS, LLC",FA882316C0004,2025-09-19,-638439.07,Department of Defense,Department of the Air Force,DEFINITIVE CONTRACT
GD,"GENERAL DYNAMICS INFORMATION TECHNOLOGY, INC.",GSQ0016AJ0009,2025-09-30,-337287.63,General Services Administration,Federal Acquisition Service,DELIVERY ORDER
ACN,ACCENTURE FEDERAL SERVICES LLC,89303023FIM000112,2026-04-28,192615.3,Department of Energy,Department of Energy,BPA CALL
BA,THE BOEING COMPANY,FA865121F1028,2025-09-04,100000.0,Department of Defense,Department of the Air Force,DELIVERY ORDER
HII,HUNTINGTON INGALLS INC,N0002416C2116,2025-09-24,294062.61,Department of Defense,Department of the Navy,DEFINITIVE CONTRACT
TXT,BELL TEXTRON INC,N0001913C0023,2025-08-12,-267829.7,Department of Defense,Defense Contract Management Agency,DEFINITIVE CONTRACT
GE,GENERAL ELECTRIC COMPANY,80LARC25F7036,2025-08-27,1200000.0,National Aeronautics and Space Administration,National Aeronautics and Space Administration,DELIVERY ORDER
BAH,BOOZ ALLEN HAMILTON INC,FA875023C0053,2025-08-21,1322432.0,Department of Defense,Department of the Air Force,DEFINITIVE CONTRACT
LDOS,"LEIDOS, INC.",N6883625F7MJP,2026-03-31,45460.55,Department of Defense,Department of the Navy,DELIVERY ORDER
ACN,ACCENTURE FEDERAL SERVICES LLC,15M10324FA4700060,2025-09-29,8000.0,Department of Justice,U.S. Marshals Service,DELIVERY ORDER
HII,HUNTINGTON INGALLS INCORPORATED,N0002423C2307,2025-12-19,4520.0,Department of Defense,Department of the Navy,DEFINITIVE CONTRACT
LDOS,"LEIDOS, INC.",FA807524F0016,2026-02-17,302186.88,Department of Defense,Department of the Air Force,DELIVERY ORDER
PSN,PARSONS GOVERNMENT SERVICES INC.,HQ085821C0015,2026-04-30,1596782.45,Department of Defense,Missile Defense Agency,DEFINITIVE CONTRACT
NOC,NORTHROP GRUMMAN SYSTEMS CORPORATION,FA229124FB011,2026-04-27,2100000.0,Department of Defense,Department of the Air Force,DELIVERY ORDER
BA,THE BOEING COMPANY,W58RGZ24C0002,2026-04-03,28755187.7,Department of Defense,Department of the Army,DEFINITIVE CONTRACT
BAH,BOOZ ALLEN HAMILTON INC,47QFWA20F0018,2025-09-24,17461.69,General Services Administration,Federal Acquisition Service,DELIVERY ORDER
BAH,BOOZ ALLEN HAMILTON INC,FA807523F0046,2026-04-06,1972516.0,Department of Defense,Department of the Air Force,DELIVERY ORDER
LDOS,"LEIDOS, INC.",75FCMC23F0076,2026-02-17,3762.0,Department of Health and Human Services,Centers for Medicare and Medicaid Services,DELIVERY ORDER
HON,HONEYWELL INTERNATIONAL INC.,SPE4A525F156H,2025-09-29,1963580.52,Department of Defense,Defense Logistics Agency,DELIVERY ORDER
CACI,"CACI, LLC - COMMERCIAL",15JPSS21F00000479,2026-03-12,15409.3,Department of Justice,"Offices, Boards and Divisions",DELIVERY ORDER
TXT,TEXTRON SYSTEMS CORPORATION,N0001921F0850,2025-09-30,1521406.4,Department of Defense,Department of the Navy,DELIVERY ORDER
LDOS,"LEIDOS, INC.",W909MY21F0003,2026-04-10,-402.19,Department of Defense,Department of the Army,DELIVERY ORDER
BA,THE BOEING COMPANY,HQ085623F0006,2026-01-14,712999.72,Department of Defense,Missile Defense Agency,DELIVERY ORDER
NOC,NORTHROP GRUMMAN SYSTEMS CORPORATION,N0002417C6311,2025-12-23,2897904.0,Department of Defense,Department of the Navy,DEFINITIVE CONTRACT
LDOS,"LEIDOS, INC.",80JSC024CA005,2026-07-07,-20000.0,National Aeronautics and Space Administration,National Aeronautics and Space Administration,DEFINITIVE CONTRACT
NOC,NORTHROP GRUMMAN SYSTEMS CORPORATION,FA881018C0006,2025-09-16,55647075.29,Department of Defense,Department of the Air Force,DEFINITIVE CONTRACT
LDOS,"LEIDOS, INC.",N6264521F0302,2025-09-09,174151.08,Department of Defense,Department of the Navy,DELIVERY ORDER
CACI,"CACI, INC. - FEDERAL",N0016725F3003,2026-02-27,996992.0,Department of Defense,Department of the Navy,DELIVERY ORDER
BAH,BOOZ ALLEN HAMILTON INC,FA237724CB053,2026-01-05,205000.0,Department of Defense,Department of the Air Force,DEFINITIVE CONTRACT
BAH,BOOZ ALLEN HAMILTON INC,49100424F0001,2026-01-28,5250000.0,National Science Foundation,National Science Foundation,DELIVERY ORDER
BA,THE BOEING COMPANY,HC104714F0042,2025-12-11,-2952.58,Department of Defense,Defense Information Systems Agency,DELIVERY ORDER
NOC,NORTHROP GRUMMAN SYSTEMS CORPORATION,N6893626F5064,2026-01-27,300000.0,Department of Defense,Department of the Navy,DELIVERY ORDER
BAH,BOOZ ALLEN HAMILTON INC,89703025FAR400021,2026-02-04,2200000.0,Department of Energy,Department of Energy,DELIVERY ORDER
CACI,"CACI NSS, LLC",FA855525FB007,2026-05-01,4041537.63,Department of Defense,Department of the Air Force,DELIVERY ORDER
HII,HUNTINGTON INGALLS INC,N0002421C2106,2025-09-11,5000000.0,Department of Defense,Department of the Navy,DEFINITIVE CONTRACT
IBM,INTERNATIONAL BUSINESS MACHINES CORPORATION,47QFLA25F0017,2026-04-21,1342973.9,General Services Administration,Federal Acquisition Service,DELIVERY ORDER
NOC,NORTHROP GRUMMAN SYSTEMS CORPORATION,N6893624F0455,2026-04-30,-34193.4,Department of Defense,Department of the Navy,DELIVERY ORDER
GD,GENERAL DYNAMICS ONE SOURCE LLC,FA824025F5001,2026-01-26,2455656.36,Department of Defense,Department of the Air Force,DELIVERY ORDER
HII,HUNTINGTON INGALLS INC,N5523625F9931,2025-11-21,-168507.0,Department of Defense,Department of the Navy,DELIVERY ORDER
HII,HUNTINGTON INGALLS INCORPORATED,N0002419C4313,2026-02-09,27428.0,Department of Defense,Department of the Navy,DEFINITIVE CONTRACT
BA,THE BOEING COMPANY,N0001922F1171,2025-08-18,38575.39,Department of Defense,Department of the Navy,DELIVERY ORDER
GD,"GENERAL DYNAMICS INFORMATION TECHNOLOGY, INC.",140D0426F0370,2026-05-01,38325660.43,Department of the Interior,Departmental Offices,DELIVERY ORDER
NOC,NORTHROP GRUMMAN SYSTEMS CORPORATION,N0042125F7048,2026-03-13,61682730.0,Department of Defense,Department of the Navy,DELIVERY ORDER
ETN,EATON AEROSPACE LLC,N0038325CB034,2026-04-14,-20078.75,Department of Defense,Department of the Navy,DEFINITIVE CONTRACT
BA,THE BOEING COMPANY,FA863416C2653,2026-04-21,2490715.0,Department of Defense,Department of the Air Force,DEFINITIVE CONTRACT
GD,GENERAL DYNAMICS LAND SYSTEMS INC.,W56HZV13C0017,2025-08-26,-5525.02,Department of Defense,Department of the Army,DEFINITIVE CONTRACT
BA,THE BOEING COMPANY,N6893624F0389,2025-08-12,-275000.0,Department of Defense,Department of the Navy,DELIVERY ORDER
GD,"GENERAL DYNAMICS INFORMATION TECHNOLOGY, INC.",692M1521F00018,2026-02-02,361000.0,Department of Transportation,Federal Aviation Administration,DELIVERY ORDER
GD,"GENERAL DYNAMICS INFORMATION TECHNOLOGY, INC.",47QFMA21F0003,2025-11-03,1764705.87,General Services Administration,Federal Acquisition Service,DELIVERY ORDER
GD,"GENERAL DYNAMICS INFORMATION TECHNOLOGY, INC.",DTFAWA10D00003CALL0005,2025-09-09,-2154711.78,Department of Transportation,Federal Aviation Administration,DELIVERY ORDER
GD,"GENERAL DYNAMICS INFORMATION TECHNOLOGY, INC.",89303022FCF000025,2026-02-23,90000.0,Department of Energy,Department of Energy,BPA CALL
CACI,"CACI, INC. - FEDERAL",N6523625F3030,2026-04-10,3057260.51,Department of Defense,Department of the Navy,DELIVERY ORDER
BAH,BOOZ ALLEN HAMILTON INC,47QFSA23F0008,2026-01-23,394711.55,General Services Administration,Federal Acquisition Service,DELIVERY ORDER
CACI,"CACI, INC. - FEDERAL",FA807524F0060,2026-03-02,19898.0,Department of Defense,Department of the Air Force,DELIVERY ORDER
BA,THE BOEING COMPANY,FA861718F8001,2025-12-19,2500000.0,Department of Defense,Department of the Air Force,DELIVERY ORDER
ACN,ACCENTURE FEDERAL SERVICES LLC,W52P1J20C0005,2026-01-30,418000.0,Department of Defense,Department of the Army,DEFINITIVE CONTRACT
BAH,BOOZ ALLEN HAMILTON INC,HC102820F6102,2025-09-23,305216.0,Department of Defense,Defense Information Systems Agency,DELIVERY ORDER
BAH,BOOZ ALLEN HAMILTON INC,47QFCA23F0047,2025-08-27,15096509.0,General Services Administration,Federal Acquisition Service,DELIVERY ORDER
BA,THE BOEING COMPANY,N0002423C4103,2026-01-12,245896.37,Department of Defense,Department of the Navy,DEFINITIVE CONTRACT
GD,"GENERAL DYNAMICS INFORMATION TECHNOLOGY, INC.",HT942726FE021,2026-03-03,1001564.35,Department of Defense,Defense Health Agency,DELIVERY ORDER
BAH,BOOZ ALLEN HAMILTON INC,FA807518F1400,2026-01-26,-133.85,Department of Defense,Department of the Air Force,DELIVERY ORDER
CACI,"CACI, INC. - FEDERAL",N0002423C4122,2025-10-28,-2046617.68,Department of Defense,Department of the Navy,DEFINITIVE CONTRACT
ACN,ACCENTURE FEDERAL SERVICES LLC,1333BJ24C00280005,2026-02-10,9850227.92,Department of Commerce,U.S. Patent and Trademark Office,DEFINITIVE CONTRACT
BA,THE BOEING COMPANY,W58RGZ16C0023,2026-03-03,61297884.0,Department of Defense,Department of the Army,DEFINITIVE CONTRACT
BAH,BOOZ ALLEN HAMILTON INC,47QFDA22F0027,2026-01-08,2623504.0,General Services Administration,Federal Acquisition Service,DELIVERY ORDER
GD,"GENERAL DYNAMICS INFORMATION TECHNOLOGY, INC.",70B01C25F00000528,2025-09-19,3523716.54,Department of Homeland Security,U.S. Customs and Border Protection,BPA CALL
CACI,"CACI, INC. - FEDERAL",FA251824F0006,2025-09-26,-374726.56,Department of Defense,Department of the Air Force,DELIVERY ORDER
PLTR,PALANTIR USG INC,W519TC25F0331,2025-09-29,9497000.0,Department of Defense,Department of the Army,DELIVERY ORDER
HII,HUNTINGTON INGALLS INC,N0002416C2116,2025-12-18,50000.0,Department of Defense,Department of the Navy,DEFINITIVE CONTRACT
ACN,ACCENTURE FEDERAL SERVICES LLC,SP470924F0065,2025-12-12,-40390.82,Department of Defense,Defense Logistics Agency,DELIVERY ORDER
BAH,BOOZ ALLEN HAMILTON INC,FA807525F0035,2025-08-13,4582083.05,Department of Defense,Department of the Air Force,DELIVERY ORDER
BAH,BOOZ ALLEN HAMILTON INC,FA830723FB043,2026-03-17,130298.0,Department of Defense,Department of the Air Force,DELIVERY ORDER
GD,"GENERAL DYNAMICS INFORMATION TECHNOLOGY, INC.",N6523626FE028,2025-12-03,2583678.88,Department of Defense,Department of the Navy,DELIVERY ORDER
BA,THE BOEING COMPANY,W58RGZ15C0048,2026-03-04,-17300.0,Department of Defense,Department of the Army,DEFINITIVE CONTRACT
BAH,BOOZ ALLEN HAMILTON INC,FA807522F0009,2025-11-13,934457.33,Department of Defense,Department of the Air Force,DELIVERY ORDER
GD,"GENERAL DYNAMICS INFORMATION TECHNOLOGY, INC.",47QFCA24F0009,2026-01-16,30267317.0,General Services Administration,Federal Acquisition Service,DELIVERY ORDER
HII,HUNTINGTON INGALLS INC,N0002409C2116,2025-09-30,394315.5,Department of Defense,Department of the Navy,DEFINITIVE CONTRACT
CACI,"CACI NSS, LLC",FA882316C0004,2025-08-14,-2595.69,Department of Defense,Department of the Air Force,DEFINITIVE CONTRACT
BAH,BOOZ ALLEN HAMILTON INC,FA807523F0037,2026-04-21,-409173.37,Department of Defense,Department of the Air Force,DELIVERY ORDER
LDOS,"LEIDOS, INC.",FA807524F0036,2026-01-30,383250.0,Department of Defense,Department of the Air Force,DELIVERY ORDER
IBM,INTERNATIONAL BUSINESS MACHINES CORPORATION,W91CRB22F0383,2025-08-22,1636688.34,Department of Defense,Department of the Army,DELIVERY ORDER
LDOS,"KAHU, A LEIDOS AND PUEO JV, LLC",47QFNA26F0023,2026-03-30,953144.88,General Services Administration,Federal Acquisition Service,DELIVERY ORDER
BA,THE BOEING COMPANY,FA863422C2705,2026-03-06,47000000.0,Department of Defense,Department of the Air Force,DEFINITIVE CONTRACT
GD,"GENERAL DYNAMICS INFORMATION TECHNOLOGY, INC.",19AQMM18C0185,2026-03-26,10974246.56,Department of State,Department of State,DEFINITIVE CONTRACT
NOC,NORTHROP GRUMMAN SYSTEMS CORP,NNA16BE83T,2025-09-08,-626059.35,National Aeronautics and Space Administration,National Aeronautics and Space Administration,DELIVERY ORDER
NOC,NORTHROP GRUMMAN SYSTEMS CORPORATION,FA865023C9313,2025-11-21,10000000.0,Department of Defense,Department of the Air Force,DEFINITIVE CONTRACT
BA,THE BOEING COMPANY,N0001926F0018,2026-03-02,1487938.43,Department of Defense,Department of the Navy,DELIVERY ORDER
ACN,ACCENTURE FEDERAL SERVICES LLC,89303026FIM000198,2026-05-28,688472.58,Department of Energy,Department of Energy,BPA CALL
HON,HONEYWELL INTERNATIONAL INC.,FA239125CB021,2026-03-26,370000.0,Department of Defense,Department of the Air Force,DEFINITIVE CONTRACT
GD,"GENERAL DYNAMICS INFORMATION TECHNOLOGY, INC.",36C10D24N0035,2026-01-15,112819020.9,Department of Veterans Affairs,Department of Veterans Affairs,DELIVERY ORDER
HII,HUNTINGTON INGALLS INCORPORATED,N0002424C2467,2026-01-29,485392220.0,Department of Defense,Department of the Navy,DEFINITIVE CONTRACT
LDOS,"LEIDOS, INC.",29FTC123F0026,2025-09-12,299500.0,Federal Trade Commission,Federal Trade Commission,DELIVERY ORDER
BAH,BOOZ ALLEN HAMILTON INC,75N98122F00001,2025-11-10,-485718.0,Department of Health and Human Services,National Institutes of Health,DELIVERY ORDER
SPIR,"ANASPHERE, INC",80LARC25FA033,2025-09-24,3458993.0,National Aeronautics and Space Administration,National Aeronautics and Space Administration,DELIVERY ORDER
ACN,ACCENTURE FEDERAL SERVICES LLC,FA872624FB071,2026-01-29,3458842.67,Department of Defense,Department of the Air Force,DELIVERY ORDER
CACI,"CACI, INC. - FEDERAL",N0042123F0669,2026-03-10,2665081.74,Department of Defense,Department of the Navy,DELIVERY ORDER
GD,"GENERAL DYNAMICS INFORMATION TECHNOLOGY, INC.",47QFSA26F0006,2026-01-12,1948921.65,General Services Administration,Federal Acquisition Service,BPA CALL
CACI,"CACI NSS, LLC",FA872625FB048,2026-05-07,439848.15,Department of Defense,Department of the Air Force,BPA CALL
NOC,NORTHROP GRUMMAN SYSTEMS CORPORATION,W911S018C0004,2025-09-26,11159172.23,Department of Defense,Department of the Army,DEFINITIVE CONTRACT
BAH,BOOZ ALLEN HAMILTON INC,75FCMC26F0031,2026-03-26,73239779.95,Department of Health and Human Services,Centers for Medicare and Medicaid Services,DELIVERY ORDER
CACI,"CACI, INC. - FEDERAL",N0042123F0668,2025-09-03,23664.4,Department of Defense,Department of the Navy,DELIVERY ORDER
BAH,BOOZ ALLEN HAMILTON INC,FA807522F0007,2025-09-11,571328.0,Department of Defense,Department of the Air Force,DELIVERY ORDER
BAH,BOOZ ALLEN HAMILTON INC,75F40123F19015,2026-01-23,499443.15,Department of Health and Human Services,Food and Drug Administration,BPA CALL
LDOS,"LEIDOS, INC.",FA865023C1024,2026-01-05,100000.0,Department of Defense,Department of the Air Force,DEFINITIVE CONTRACT
GE,GENERAL ELECTRIC COMPANY,FA862625FB012,2026-04-22,29069000.0,Department of Defense,Department of the Air Force,DELIVERY ORDER
CACI,"CACI, INC. - FEDERAL",80TECH24CA002,2026-07-23,23053131.28,National Aeronautics and Space Administration,National Aeronautics and Space Administration,DEFINITIVE CONTRACT
WWD,COUNTY OF WOODWARD,140A0323C0009,2025-12-09,126406.0,Department of the Interior,Bureau of Indian Affairs and Bureau of Indian Education,DEFINITIVE CONTRACT
PSN,PARSONS GOVERNMENT SERVICES INC.,47QFMA24F0007,2026-06-04,3715381.04,General Services Administration,Federal Acquisition Service,DELIVERY ORDER
ACN,ACCENTURE FEDERAL SERVICES LLC,75N98023F00001,2026-03-09,9846299.44,Department of Health and Human Services,National Institutes of Health,DELIVERY ORDER
ACN,ACCENTURE FEDERAL SERVICES LLC,89303024FIM000140,2025-10-23,236492.99,Department of Energy,Department of Energy,BPA CALL
BAH,BOOZ ALLEN HAMILTON INC,89703025FAR400021,2025-09-25,3000000.0,Department of Energy,Department of Energy,DELIVERY ORDER
NOC,NORTHROP GRUMMAN SYSTEMS CORPORATION,FA863824F0010,2025-09-30,35000.0,Department of Defense,Department of the Air Force,DELIVERY ORDER
GD,"GENERAL DYNAMICS MISSION SYSTEMS, INC.",N0003025F1001,2025-12-12,1930318.0,Department of Defense,Department of the Navy,DELIVERY ORDER
TXT,BELL TEXTRON INC,SPE4A526F3534,2026-02-04,1413862.5,Department of Defense,Defense Logistics Agency,DELIVERY ORDER
LDOS,"LEIDOS, INC.",75N94024F00001,2025-09-18,20120769.0,Department of Health and Human Services,National Institutes of Health,DELIVERY ORDER
HII,HUNTINGTON INGALLS INC,N5523625F9922,2025-12-18,432161.0,Department of Defense,Department of the Navy,DELIVERY ORDER
LDOS,"LEIDOS, INC.",N0003925F7470,2026-03-18,2211249.72,Department of Defense,Department of the Navy,DELIVERY ORDER
BAH,BOOZ ALLEN HAMILTON INC,FA875022F1013,2025-09-04,400000.0,Department of Defense,Department of the Air Force,DELIVERY ORDER
BA,THE BOEING COMPANY,N0001920F0329,2025-09-08,-15000.0,Department of Defense,Department of the Navy,DELIVERY ORDER
CACI,"CACI, INC. - FEDERAL",47QFMA24F0014,2025-09-23,15772698.6,General Services Administration,Federal Acquisition Service,DELIVERY ORDER
LDOS,"LEIDOS, INC.",N6600124F3515,2026-03-04,1315000.0,Department of Defense,Department of the Navy,DELIVERY ORDER
BAH,BOOZ ALLEN HAMILTON INC,FA875022C1518,2026-01-22,60000.0,Department of Defense,Department of the Air Force,DEFINITIVE CONTRACT
LDOS,"LEIDOS, INC.",FA865021F1015,2026-03-09,200000.0,Department of Defense,Department of the Air Force,DELIVERY ORDER
BA,THE BOEING COMPANY,HQ085623F0006,2026-04-01,1888660.0,Department of Defense,Missile Defense Agency,DELIVERY ORDER
LDOS,"LEIDOS, INC.",FA701424F0287,2025-08-26,4190.4,Department of Defense,Department of the Air Force,DELIVERY ORDER
BAH,BOOZ ALLEN HAMILTON INC,47QFSA24F0018,2026-06-17,481148.34,General Services Administration,Federal Acquisition Service,DELIVERY ORDER
CACI,"CACI, INC. - FEDERAL",N0017824F3000,2026-02-20,267905.24,Department of Defense,Department of the Navy,DELIVERY ORDER
GD,"GENERAL DYNAMICS INFORMATION TECHNOLOGY, INC.",0004,2026-04-30,617738.9,Department of Defense,Defense Information Systems Agency,DELIVERY ORDER
BA,BELL BOEING JOINT PROJECT OFFICE,SPRPA124F0011,2025-12-17,4083360.81,Department of Defense,Defense Logistics Agency,DELIVERY ORDER
BAH,BOOZ ALLEN HAMILTON INC,15DDHQ23F00001262,2025-09-04,649075.0,Department of Justice,Drug Enforcement Administration,BPA CALL
BAH,BOOZ ALLEN HAMILTON INC,47HAA022F0006,2026-07-10,883000.0,General Services Administration,Office of Administrative Services,DELIVERY ORDER
NOC,NORTHROP GRUMMAN SYSTEMS CORPORATION,N0018924F3026,2026-01-30,2650000.0,Department of Defense,Department of the Navy,DELIVERY ORDER
BA,THE BOEING COMPANY,FA860922F0004,2025-08-22,175258.0,Department of Defense,Department of the Air Force,DELIVERY ORDER
BAH,BOOZ ALLEN HAMILTON INC,140D0422F0500,2025-09-22,-90745.12,Department of the Interior,Departmental Offices,DELIVERY ORDER
BA,THE BOEING COMPANY,80MSFC20C0052,2025-10-29,-13700000.0,National Aeronautics and Space Administration,National Aeronautics and Space Administration,DEFINITIVE CONTRACT
BA,THE BOEING COMPANY,FA873918C5030,2025-11-06,788192.0,Department of Defense,Department of the Air Force,DEFINITIVE CONTRACT
GD,"GENERAL DYNAMICS MISSION SYSTEMS, INC.",N0003022C1005,2026-01-06,1814500.0,Department of Defense,Department of the Navy,DEFINITIVE CONTRACT
ACN,ACCENTURE FEDERAL SERVICES LLC,2032H522F00006,2025-08-19,1526098.66,Department of the Treasury,Internal Revenue Service,DELIVERY ORDER
GE,GENERAL ELECTRIC COMPANY,W58RGZ19C0003,2025-12-23,26950000.0,Department of Defense,Department of the Army,DEFINITIVE CONTRACT
GD,GENERAL DYNAMICS LAND SYSTEMS INC.,W912CH24F0010,2026-03-02,1447690.0,Department of Defense,Department of the Army,DELIVERY ORDER
BAH,BOOZ ALLEN HAMILTON INC,70FA5023F00000022,2026-05-13,2291110.0,Department of Homeland Security,Federal Emergency Management Agency,DELIVERY ORDER
LDOS,"LEIDOS, INC.",SP470923F0062,2025-09-26,61797.41,Department of Defense,Defense Logistics Agency,DELIVERY ORDER
CACI,"CACI, INC. - FEDERAL",1331L526C13OS0002,2026-01-29,93250.22,Department of Commerce,Office of the Secretary,DEFINITIVE CONTRACT
BAH,BOOZ ALLEN HAMILTON INC,N0016423F3004,2026-03-04,8888461.0,Department of Defense,Department of the Navy,DELIVERY ORDER
LDOS,"LEIDOS, INC.",N0016722F0218,2026-04-29,-6794.98,Department of Defense,Department of the Navy,DELIVERY ORDER
BA,THE BOEING COMPANY,FA868123F1015,2025-12-17,-370205.64,Department of Defense,Department of the Air Force,DELIVERY ORDER
CACI,"CACI, INC. - FEDERAL",N6426724F3008,2025-09-19,216793.72,Department of Defense,Department of the Navy,DELIVERY ORDER
NOC,NORTHROP GRUMMAN SYSTEMS CORPORATION,FA880317C0001,2025-08-27,70000.0,Department of Defense,Department of the Air Force,DEFINITIVE CONTRACT
LDOS,"LEIDOS, INC.",N6660422FA010,2025-11-19,-65000.0,Department of Defense,Department of the Navy,DELIVERY ORDER
BAH,BOOZ ALLEN HAMILTON INC,FA875021F1007,2026-03-11,-1102792.0,Department of Defense,Department of the Air Force,DELIVERY ORDER
BAH,BOOZ ALLEN HAMILTON INC,HR001121F0012,2025-08-29,118383.0,Department of Defense,Defense Advanced Research Projects Agency,DELIVERY ORDER
BAH,BOOZ ALLEN HAMILTON INC,N6833516F0040,2025-09-22,-416841.83,Department of Defense,Department of the Navy,DELIVERY ORDER
PLTR,PALANTIR TECHNOLOGIES INC.,205AE925F00202,2026-04-16,14244448.96,Department of the Treasury,Internal Revenue Service,BPA CALL
NOC,NORTHROP GRUMMAN SYSTEMS CORPORATION,HQ014719C0005,2026-01-05,9550581.88,Department of Defense,Missile Defense Agency,DEFINITIVE CONTRACT
BA,"BOEING SIKORSKY AIRCRAFT SUPPORT, LLC",H9224123F0071,2025-08-15,1872374.5,Department of Defense,U.S. Special Operations Command,DELIVERY ORDER
CACI,"CACI, INC. - FEDERAL",47QFCA24F0005,2026-01-08,973236.0,General Services Administration,Federal Acquisition Service,DELIVERY ORDER
BA,THE BOEING COMPANY,FA811726F0032,2026-04-28,-4427.9,Department of Defense,Department of the Air Force,DELIVERY ORDER
BAH,BOOZ ALLEN HAMILTON INC,FA807525F0039,2026-05-06,4617130.0,Department of Defense,Department of the Air Force,DELIVERY ORDER
LDOS,"LEIDOS, INC.",N0003922F3003,2026-01-28,3182580.0,Department of Defense,Department of the Navy,DELIVERY ORDER
ACN,ACCENTURE FEDERAL SERVICES LLC,19AQMM25F7037,2026-05-28,2221470.76,Department of State,Department of State,BPA CALL
LDOS,"LEIDOS, INC.",N6883625F7KSU,2026-03-23,158.7,Department of Defense,Department of the Navy,DELIVERY ORDER
NOC,NORTHROP GRUMMAN SYSTEMS CORPORATION,FA881018C0006,2025-10-22,134172.0,Department of Defense,Department of the Air Force,DEFINITIVE CONTRACT
GD,"GENERAL DYNAMICS INFORMATION TECHNOLOGY, INC.",47QFMA21F0003,2026-07-15,-5266945.67,General Services Administration,Federal Acquisition Service,DELIVERY ORDER
ACN,ACCENTURE FEDERAL SERVICES LLC,89243423FEE000264,2026-02-04,194526.66,Department of Energy,Department of Energy,BPA CALL
BAH,BOOZ ALLEN HAMILTON INC,N0016425F3009,2026-04-02,15000.0,Department of Defense,Department of the Navy,DELIVERY ORDER
IBM,INTERNATIONAL BUSINESS MACHINES CORPORATION,N0003924F9002,2026-03-20,1500000.0,Department of Defense,Department of the Navy,DELIVERY ORDER
GD,"GENERAL DYNAMICS INFORMATION TECHNOLOGY, INC.",N0016721F3000,2025-09-25,1285983.77,Department of Defense,Department of the Navy,DELIVERY ORDER
BAH,BOOZ ALLEN HAMILTON INC,693KA925F00111,2026-05-19,3948621.89,Department of Transportation,Federal Aviation Administration,DELIVERY ORDER
GD,"GENERAL DYNAMICS INFORMATION TECHNOLOGY, INC.",89303020FCF000015,2026-01-30,200000.0,Department of Energy,Department of Energy,BPA CALL
PLTR,PALANTIR USG INC,FA880625FB009,2025-08-29,8250000.0,Department of Defense,Department of the Air Force,DELIVERY ORDER
NOC,NORTHROP GRUMMAN SYSTEMS CORPORATION,80ARC024CA007,2026-01-05,2040845.0,National Aeronautics and Space Administration,National Aeronautics and Space Administration,DEFINITIVE CONTRACT
BAH,BOOZ ALLEN HAMILTON INC,47QFAA24F0002,2025-09-15,-31176.15,General Services Administration,Federal Acquisition Service,DELIVERY ORDER
GD,"GENERAL DYNAMICS INFORMATION TECHNOLOGY, INC.",19AQMM19F2774,2025-09-03,-669379.22,Department of State,Department of State,DELIVERY ORDER
BA,BELL BOEING JOINT PROJECT OFFICE,N0001924F5561,2025-08-18,1167358.0,Department of Defense,Department of the Navy,DELIVERY ORDER
LDOS,"LEIDOS, INC.",HC104724F0043,2025-08-29,4471130.91,Department of Defense,Defense Information Systems Agency,DELIVERY ORDER
BAH,BOOZ ALLEN HAMILTON INC,FA807525F0022,2025-09-05,268493.38,Department of Defense,Department of the Air Force,DELIVERY ORDER
BAH,BOOZ ALLEN HAMILTON INC,FA872625FB041,2025-09-23,145735.67,Department of Defense,Department of the Air Force,DELIVERY ORDER
LDOS,"LEIDOS, INC.",HDTRA125FE020,2026-01-07,306143.0,Department of Defense,Defense Threat Reduction Agency,DELIVERY ORDER
NOC,NORTHROP GRUMMAN SYSTEMS CORPORATION,80GSFC24CA045,2026-03-18,3502781.0,National Aeronautics and Space Administration,National Aeronautics and Space Administration,DEFINITIVE CONTRACT
BAH,BOOZ ALLEN HAMILTON INC,70CTD022FR0000002,2025-09-26,12325727.73,Department of Homeland Security,U.S. Immigration and Customs Enforcement,DELIVERY ORDER
PSN,PARSONS GOVERNMENT SERVICES INTERNATIONAL INC.,89233124FNA400580,2025-08-25,581022.0,Department of Energy,Department of Energy,DELIVERY ORDER
ACN,ACCENTURE FEDERAL SERVICES LLC,89303024FIM000144,2026-02-11,600000.0,Department of Energy,Department of Energy,BPA CALL
NOC,NORTHROP GRUMMAN SYSTEMS CORP,FA811025F0002,2025-12-19,4582826.72,Department of Defense,Department of the Air Force,DELIVERY ORDER
CACI,"CACI, INC. - FEDERAL",FA807522F0030,2026-02-17,86000.0,Department of Defense,Department of the Air Force,DELIVERY ORDER
NOC,NORTHROP GRUMMAN SYSTEMS CORPORATION,N6523622F0703,2025-08-26,165000.0,Department of Defense,Department of the Navy,DELIVERY ORDER
BAH,BOOZ ALLEN HAMILTON INC,36C10X25F0054,2025-09-24,6703263.1,Department of Veterans Affairs,Department of Veterans Affairs,BPA CALL
GD,"GENERAL DYNAMICS GLOBAL FORCE, LLC",W909MY25F0055,2026-01-29,1911037.31,Department of Defense,Department of the Army,DELIVERY ORDER
BA,THE BOEING COMPANY,FA863421C2702,2025-09-03,3394.0,Department of Defense,Department of the Air Force,DEFINITIVE CONTRACT
HII,HUNTINGTON INGALLS INC,N5523625F9922,2026-01-09,-336885.0,Department of Defense,Department of the Navy,DELIVERY ORDER
SPIR,"CORESPHERE, LLC",1605TA22F00120,2026-07-09,239211.2,Department of Labor,Office of the Assistant Secretary for Administration and Management,DELIVERY ORDER
LDOS,"LEIDOS, INC.",70RTAC25FR0000013,2025-08-29,5263098.99,Department of Homeland Security,Office of Procurement Operations,DELIVERY ORDER
LDOS,"LEIDOS, INC.",HC102826F0011,2026-01-30,938772.43,Department of Defense,Defense Information Systems Agency,DELIVERY ORDER
GD,"GENERAL DYNAMICS MISSION SYSTEMS, INC.",N6833521F0019,2026-02-09,-35627.18,Department of Defense,Defense Contract Management Agency,DELIVERY ORDER
HII,HUNTINGTON INGALLS INCORPORATED,N0002425C4229,2025-11-24,246275.0,Department of Defense,Department of the Navy,DEFINITIVE CONTRACT
BA,THE BOEING COMPANY,HQ072726FE015,2026-03-04,1377469.0,Department of Defense,Defense Microelectronics Activity,DELIVERY ORDER
BA,BELL BOEING JOINT PROJECT OFFICE,SPRPA124FDL02,2025-08-15,6718786.81,Department of Defense,Defense Logistics Agency,DELIVERY ORDER
BA,BELL BOEING JOINT PROJECT OFFICE,N0038326FZV02,2026-01-29,105919578.0,Department of Defense,Department of the Navy,DELIVERY ORDER
ACN,ACCENTURE FEDERAL SERVICES LLC,89243424FEE000456,2025-12-30,50000.0,Department of Energy,Department of Energy,BPA CALL
GD,"GENERAL DYNAMICS INFORMATION TECHNOLOGY, INC.",FA872625FB025,2025-09-24,450873.18,Department of Defense,Department of the Air Force,BPA CALL
ACN,ACCENTURE FEDERAL SERVICES LLC,89303025FIM000170,2025-08-28,250000.0,Department of Energy,Department of Energy,BPA CALL
ACN,ACCENTURE FEDERAL SERVICES LLC,36C10B26F0033,2025-11-10,7667227.98,Department of Veterans Affairs,Department of Veterans Affairs,DELIVERY ORDER
BAH,BOOZ ALLEN HAMILTON INC,W56KGU24F0004,2025-08-20,263519.0,Department of Defense,Department of the Army,DELIVERY ORDER
IBM,INTERNATIONAL BUSINESS MACHINES CORPORATION,47HAA022C0001,2026-03-25,-202844.34,General Services Administration,Office of Administrative Services,DEFINITIVE CONTRACT
BAH,BOOZ ALLEN HAMILTON INC,FA807522F0060,2026-03-16,1453088.5,Department of Defense,Department of the Air Force,DELIVERY ORDER
ACN,ACCENTURE FEDERAL SERVICES LLC,89303024FIM000140,2026-04-08,4961.38,Department of Energy,Department of Energy,BPA CALL
CACI,"CACI, INC. - FEDERAL",N0016422F3000,2026-02-25,-479459.2,Department of Defense,Department of the Navy,DELIVERY ORDER
ACN,ACCENTURE FEDERAL SERVICES LLC,91003119F0003,2025-12-17,7274085.0,Department of Education,Department of Education,DELIVERY ORDER
BAH,BOOZ ALLEN HAMILTON INC,FA807523F0039,2026-01-13,94433.0,Department of Defense,Department of the Air Force,DELIVERY ORDER
BAH,BOOZ ALLEN HAMILTON INC,N0017821F3011,2026-04-24,843215.62,Department of Defense,Department of the Navy,DELIVERY ORDER
GD,"GENERAL DYNAMICS MISSION SYSTEMS, INC.",W31P4Q17C0102,2025-08-26,-1801.52,Department of Defense,Defense Contract Management Agency,DEFINITIVE CONTRACT
NOC,NORTHROP GRUMMAN SYSTEMS CORPORATION,N6133125F0169,2026-04-16,1386414.0,Department of Defense,Department of the Navy,DELIVERY ORDER
GD,GENERAL DYNAMICS LAND SYSTEMS INC.,W912CH25F0124,2026-02-18,-22.0,Department of Defense,Department of the Army,DELIVERY ORDER
PSN,PARSONS GOVERNMENT SERVICES INC.,W56KGU25F0014,2025-08-12,1102436.0,Department of Defense,Department of the Army,DELIVERY ORDER
BAH,BOOZ ALLEN HAMILTON INC,47QFRA24F0006,2025-09-03,628055.11,General Services Administration,Federal Acquisition Service,DELIVERY ORDER
BAH,BOOZ ALLEN HAMILTON INC,IND16PD00854,2026-04-23,-26343.59,Department of the Interior,Departmental Offices,DELIVERY ORDER
GD,"GENERAL DYNAMICS GLOBAL FORCE, LLC",W56JSR25F0002,2025-08-22,879585.82,Department of Defense,Department of the Army,DELIVERY ORDER
BAH,BOOZ ALLEN HAMILTON INC,FA807521F0075,2025-09-17,532820.08,Department of Defense,Department of the Air Force,DELIVERY ORDER
GD,GENERAL DYNAMICS LAND SYSTEMS INC.,W56HZV23F0432,2026-04-02,-267021.74,Department of Defense,Department of the Army,DELIVERY ORDER
BAH,BOOZ ALLEN HAMILTON INC,FA807523F0024,2026-01-22,100000.0,Department of Defense,Department of the Air Force,DELIVERY ORDER
GD,"GENERAL DYNAMICS MISSION SYSTEMS, INC.",W15P7T15C0002,2026-03-31,-3353.45,Department of Defense,Defense Contract Management Agency,DEFINITIVE CONTRACT
RKLB,ROCKET LAB USA INC,80KSC023FA107,2025-09-18,5740000.0,National Aeronautics and Space Administration,National Aeronautics and Space Administration,DELIVERY ORDER
BA,THE BOEING COMPANY,FA810723F5005,2026-03-06,903592.78,Department of Defense,Department of the Air Force,DELIVERY ORDER
BAH,BOOZ ALLEN HAMILTON INC,FA807525F0044,2026-04-30,2778829.0,Department of Defense,Department of the Air Force,DELIVERY ORDER
BA,THE BOEING COMPANY,N0002417C6307,2026-01-30,4032901.36,Department of Defense,Department of the Navy,DEFINITIVE CONTRACT
BAH,BOOZ ALLEN HAMILTON INC,47QFPA22F0004,2025-09-16,3285024.15,General Services Administration,Federal Acquisition Service,DELIVERY ORDER
ACN,ACCENTURE FEDERAL SERVICES LLC,HQ003421F0495,2025-09-24,-226094.08,Department of Defense,Washington Headquarters Services,DELIVERY ORDER
LDOS,"LEIDOS, INC.",HT942524F0177,2025-08-26,-144424.39,Department of Defense,Defense Health Agency,DELIVERY ORDER
BAH,BOOZ ALLEN HAMILTON INC,N0003920F3500,2026-01-30,-68750.0,Department of Defense,Department of the Navy,DELIVERY ORDER
GD,"GENERAL DYNAMICS INFORMATION TECHNOLOGY, INC.",HTC71121FD055,2025-12-09,18.25,Department of Defense,USTRANSCOM,DELIVERY ORDER
ETN,EATON CORPORATION,FA875025CB065,2025-09-26,7009075.0,Department of Defense,Department of the Air Force,DEFINITIVE CONTRACT
ACN,ACCENTURE FEDERAL SERVICES LLC,91003119F0003,2026-02-18,534996.0,Department of Education,Department of Education,DELIVERY ORDER
GD,"GENERAL DYNAMICS INFORMATION TECHNOLOGY, INC.",47QFLA22F0075,2025-09-22,83330.41,General Services Administration,Federal Acquisition Service,DELIVERY ORDER
LDOS,"LEIDOS, INC.",FA861224FB007,2026-01-27,5000000.0,Department of Defense,Department of the Air Force,DELIVERY ORDER
GD,"GENERAL DYNAMICS INFORMATION TECHNOLOGY, INC.",N0016724F3004,2025-09-29,988128.0,Department of Defense,Department of the Navy,DELIVERY ORDER
TXT,BELL TEXTRON INC,W58RGZ25F0166,2025-09-30,12425321.0,Department of Defense,Department of the Army,DELIVERY ORDER
BA,THE BOEING COMPANY,HQ085623F0006,2026-04-28,1214069.0,Department of Defense,Missile Defense Agency,DELIVERY ORDER
HON,HONEYWELL INTERNATIONAL INC.,70Z03825FD0000033,2025-08-27,7373317.17,Department of Homeland Security,U.S. Coast Guard,DELIVERY ORDER
NOC,NORTHROP GRUMMAN SYSTEMS CORPORATION,FA863825FB007,2026-01-16,5314.0,Department of Defense,Department of the Air Force,DELIVERY ORDER
LDOS,LEIDOS BIOMEDICAL RESEARCH INC,75N91022F00008,2026-01-29,-170245.0,Department of Health and Human Services,National Institutes of Health,DELIVERY ORDER
NOC,NORTHROP GRUMMAN SYSTEMS CORPORATION,N0042125F7048,2025-08-25,8421922.63,Department of Defense,Department of the Navy,DELIVERY ORDER
LDOS,LEIDOS BIOMEDICAL RESEARCH INC,HHSN26100041,2026-06-18,-1852726.41,Department of Health and Human Services,National Institutes of Health,DELIVERY ORDER
NOC,NORTHROP GRUMMAN SYSTEMS CORPORATION,N0002422C5520,2025-09-26,2970698.27,Department of Defense,Department of the Navy,DEFINITIVE CONTRACT
BA,THE BOEING COMPANY,FA205724FB004,2026-03-27,1012306.57,Department of Defense,Department of the Air Force,DELIVERY ORDER
GD,"GENERAL DYNAMICS INFORMATION TECHNOLOGY, INC.",47QFCA22F0020,2025-09-04,1650000.0,General Services Administration,Federal Acquisition Service,DELIVERY ORDER
TXT,BELL TEXTRON INC,N0001919F2628,2025-09-30,192729.79,Department of Defense,Department of the Navy,DELIVERY ORDER
NOC,NORTHROP GRUMMAN SYSTEMS CORPORATION,N0018924F3026,2025-09-18,134900.0,Department of Defense,Department of the Navy,DELIVERY ORDER
ACN,ACCENTURE FEDERAL SERVICES LLC,140D0424F1257,2025-08-19,2801312.83,Department of the Interior,Departmental Offices,DELIVERY ORDER
NOC,NORTHROP GRUMMAN SYSTEMS CORPORATION,FA821421F0011,2025-12-01,290722.1,Department of Defense,Department of the Air Force,DELIVERY ORDER
BAH,BOOZ ALLEN HAMILTON INC,W911QX24F0055,2025-09-10,473559.0,Department of Defense,Department of the Army,DELIVERY ORDER
LDOS,"LEIDOS, INC.",N0016722F3005,2026-03-31,-75840.09,Department of Defense,Department of the Navy,DELIVERY ORDER
GD,"GENERAL DYNAMICS INFORMATION TECHNOLOGY, INC.",W912DY20F06A3,2026-03-03,-3110.94,Department of Defense,Department of the Army,DELIVERY ORDER
BAH,BOOZ ALLEN HAMILTON INC,N0003922C0009,2025-12-12,20000.0,Department of Defense,Department of the Navy,DEFINITIVE CONTRACT
GD,"GENERAL DYNAMICS INFORMATION TECHNOLOGY, INC.",36C10D22N0007,2025-09-18,18323902.13,Department of Veterans Affairs,Department of Veterans Affairs,DELIVERY ORDER
LDOS,LEIDOS BIOMEDICAL RESEARCH INC,75N91018F00072,2026-06-18,-1105.95,Department of Health and Human Services,National Institutes of Health,DELIVERY ORDER
NOC,NORTHROP GRUMMAN SYSTEMS CORPORATION,N0001918C1037,2026-05-12,5883486.0,Department of Defense,Department of the Navy,DEFINITIVE CONTRACT
BAH,BOOZ ALLEN HAMILTON INC,FA875022F0500,2025-10-17,2155365.0,Department of Defense,Department of the Air Force,DELIVERY ORDER
LDOS,LEIDOS BIOMEDICAL RESEARCH INC,75N91021F00004,2026-01-29,102761983.0,Department of Health and Human Services,National Institutes of Health,DELIVERY ORDER
BAH,BOOZ ALLEN HAMILTON INC,FA807521F0075,2026-04-29,61300.0,Department of Defense,Department of the Air Force,DELIVERY ORDER
HII,HUNTINGTON INGALLS INCORPORATED,N0002416C2427,2026-01-30,40000000.0,Department of Defense,Department of the Navy,DEFINITIVE CONTRACT
ACN,ACCENTURE FEDERAL SERVICES LLC,205AE925F00190,2026-01-21,1978825.43,Department of the Treasury,Internal Revenue Service,DELIVERY ORDER
BAH,BOOZ ALLEN HAMILTON INC,80JSC026FA079,2026-05-18,3055011.0,National Aeronautics and Space Administration,National Aeronautics and Space Administration,BPA CALL
LDOS,"LEIDOS, INC.",70B04C26F00000246,2026-07-02,463143.0,Department of Homeland Security,U.S. Customs and Border Protection,DELIVERY ORDER
TXT,TEXTRON SYSTEMS CORP,N6931625F2000,2025-09-04,1334110.5,Department of Defense,Department of the Navy,DELIVERY ORDER
ACN,ACCENTURE FEDERAL SERVICES LLC,SP470922F0068,2025-10-22,1124050.59,Department of Defense,Defense Logistics Agency,DELIVERY ORDER
GD,"GENERAL DYNAMICS INFORMATION TECHNOLOGY, INC.",N0017825F3001,2026-01-29,208550.0,Department of Defense,Department of the Navy,DELIVERY ORDER
NOC,NORTHROP GRUMMAN SYSTEMS CORPORATION,N0038320FHL06,2026-02-03,330397.2,Department of Defense,Department of the Navy,DELIVERY ORDER
BAH,BOOZ ALLEN HAMILTON INC,70FA6018F00000013,2025-12-11,-927811.04,Department of Homeland Security,Federal Emergency Management Agency,DELIVERY ORDER
BAH,BOOZ ALLEN HAMILTON INC,HQ003424F0284,2025-09-25,198503.0,Department of Defense,Washington Headquarters Services,DELIVERY ORDER
LDOS,"LEIDOS, INC.",47QFMA25F0015,2026-03-23,427900.49,General Services Administration,Federal Acquisition Service,BPA CALL
CAT,CATERPILLAR INC,SPRDL125C0120,2025-09-30,2909775.0,Department of Defense,Defense Logistics Agency,DEFINITIVE CONTRACT
HII,HUNTINGTON INGALLS INCORPORATED,N0002419C4313,2025-08-15,1057899.0,Department of Defense,Department of the Navy,DEFINITIVE CONTRACT
HON,HONEYWELL INTERNATIONAL INC.,W912CH24F0261,2025-09-04,668349.81,Department of Defense,Department of the Army,DELIVERY ORDER
BAH,BOOZ ALLEN HAMILTON INC,FA875021C1510,2026-01-14,285000.0,Department of Defense,Department of the Air Force,DEFINITIVE CONTRACT
LDOS,"LEIDOS, INC.",FA807521F0045,2025-11-18,-7800.0,Department of Defense,Department of the Air Force,DELIVERY ORDER
LDOS,"LEIDOS, INC.",FA873021F0113,2025-11-04,76010.0,Department of Defense,Department of the Air Force,DELIVERY ORDER
HII,HUNTINGTON INGALLS INC,N0002426C2100,2026-04-01,9856693.0,Department of Defense,Department of the Navy,DEFINITIVE CONTRACT
HII,HUNTINGTON INGALLS INCORPORATED,N0002418C2307,2026-04-27,630286.0,Department of Defense,Department of the Navy,DEFINITIVE CONTRACT
BA,BELL BOEING JOINT PROJECT OFFICE,0112,2025-11-20,-8620161.15,Department of Defense,Department of the Navy,DELIVERY ORDER
CACI,"CACI NSS, LLC",47QFCA24F0051,2025-11-24,382483.0,General Services Administration,Federal Acquisition Service,DELIVERY ORDER
BA,THE BOEING COMPANY,W58RGZ22F0140,2025-09-26,1024061.23,Department of Defense,Department of the Army,DELIVERY ORDER
NOC,NORTHROP GRUMMAN SYSTEMS CORP,FA811025F0002,2025-12-18,7591227.84,Department of Defense,Department of the Air Force,DELIVERY ORDER
BAH,BOOZ ALLEN HAMILTON INC,693KA922F00077,2026-03-26,-207.5,Department of Transportation,Federal Aviation Administration,DELIVERY ORDER
BAH,BOOZ ALLEN HAMILTON INC,47QFWA20F0018,2025-12-23,57797.22,General Services Administration,Federal Acquisition Service,DELIVERY ORDER
VSEC,VSE CORPORATION,15JPSS22F00000401,2026-05-28,5000000.0,Department of Justice,"Offices, Boards and Divisions",DELIVERY ORDER
ETN,EATON CORPORATION,W912HZ25C0053,2025-09-26,1000000.0,Department of Defense,Department of the Army,DEFINITIVE CONTRACT
GE,GENERAL ELECTRIC COMPANY,N0042125F0020,2025-10-06,5077646.94,Department of Defense,Department of the Navy,DELIVERY ORDER
CACI,"CACI NSS, LLC",70RTAC22FC0000025,2025-12-10,3705301.03,Department of Homeland Security,Office of Procurement Operations,BPA CALL
LDOS,"LEIDOS, INC.",HC102826F0011,2026-02-19,53617.32,Department of Defense,Defense Information Systems Agency,DELIVERY ORDER
BAH,BOOZ ALLEN HAMILTON INC,FA807525F0041,2025-09-11,8317325.0,Department of Defense,Department of the Air Force,DELIVERY ORDER
NOC,NORTHROP GRUMMAN SYSTEMS CORPORATION,N6449826FX116,2026-05-01,1783866.38,Department of Defense,Department of the Navy,DELIVERY ORDER
GD,"GENERAL DYNAMICS INFORMATION TECHNOLOGY, INC.",SP470922F0081,2026-02-10,-38190.77,Department of Defense,Defense Logistics Agency,DELIVERY ORDER
BA,THE BOEING COMPANY,N0002421C6412,2026-04-21,2935000.0,Department of Defense,Department of the Navy,DEFINITIVE CONTRACT
LDOS,"LEIDOS, INC.",FA865022F1047,2025-09-26,241000.0,Department of Defense,Department of the Air Force,DELIVERY ORDER
ACN,ACCENTURE FEDERAL SERVICES LLC,19AQMM25F7037,2026-08-07,-473516.66,Department of State,Department of State,BPA CALL
BAH,BOOZ ALLEN HAMILTON INC,N0018924F3035,2026-03-31,1370486.12,Department of Defense,Department of the Navy,DELIVERY ORDER
TXT,TEXTRON AVIATION INC,6973GH24F01335,2025-09-08,779832.33,Department of Transportation,Federal Aviation Administration,DELIVERY ORDER
BAH,BOOZ ALLEN HAMILTON INC,W56KGU24F0009,2026-02-11,58382.3,Department of Defense,Department of the Army,DELIVERY ORDER
BAH,BOOZ ALLEN HAMILTON INC,693KA823F00267,2025-09-16,15000.0,Department of Transportation,Federal Aviation Administration,DELIVERY ORDER
NOC,NORTHROP GRUMMAN SYSTEMS CORPORATION,N0002420C5519,2025-12-12,334419034.0,Department of Defense,Department of the Navy,DEFINITIVE CONTRACT
