ticker,company,award_id,award_date,transaction_amount,agency,subagency,award_type
ACN,ACCENTURE FEDERAL SERVICES LLC,89303024FIM000138,2025-08-12,1558950.66,Department of Energy,Department of Energy,BPA CALL
CAT,CATERPILLAR INC,SPE8EC24F0713,2025-08-12,0.0,Department of Defense,Defense Logistics Agency,DELIVERY ORDER
GE,GENERAL ELECTRIC COMPANY,W58RGZ25F0056,2025-08-12,0.0,Department of Defense,Department of the Army,DELIVERY ORDER
HII,HUNTINGTON INGALLS INCORPORATED,N0002416C2427,2025-08-12,0.0,Department of Defense,Department of the Navy,DEFINITIVE CONTRACT
HII,HUNTINGTON INGALLS INCORPORATED,N0002423C2307,2025-08-12,0.0,Department of Defense,Department of the Navy,DEFINITIVE CONTRACT
HON,HONEYWELL INTERNATIONAL INC.,SPRBL125F0121,2025-08-12,9712722.0,Department of Defense,Defense Logistics Agency,DELIVERY ORDER
HON,HONEYWELL INTERNATIONAL INC.,W15P7T24F0072,2025-08-12,0.0,Department of Defense,Department of the Army,DELIVERY ORDER
IBM,INTERNATIONAL BUSINESS MACHINES CORPORATION,FA852723C0002,2025-08-12,167013.18,Department of Defense,Department of the Air Force,DEFINITIVE CONTRACT
NOC,"NORTHROP GRUMMAN TECHNICAL SERVICES, INC.",0006,2025-08-12,0.0,Department of Defense,Department of the Air Force,DELIVERY ORDER
NOC,NORTHROP GRUMMAN SYSTEMS CORPORATION,HR001124C0459,2025-08-12,0.0,Department of Defense,Defense Advanced Research Projects Agency,DEFINITIVE CONTRACT
NOC,NORTHROP GRUMMAN SYSTEMS CORPORATION,SPRTA117C0041,2025-08-12,0.0,Department of Defense,Defense Logistics Agency,DEFINITIVE CONTRACT
CACI,"CACI NSS, LLC",70RCSJ25FC0000006,2025-08-13,0.0,Department of Homeland Security,Office of Procurement Operations,BPA CALL
CACI,"CACI NSS, LLC",70RDA124FC0000009,2025-08-13,0.0,Department of Homeland Security,Office of Procurement Operations,BPA CALL
CAT,CATERPILLAR INC,SPE8EC25F0902,2025-08-13,0.0,Department of Defense,Defense Logistics Agency,DELIVERY ORDER
GE,GENERAL ELECTRIC COMPANY,80LARC24F0040,2025-08-13,668395.0,National Aeronautics and Space Administration,National Aeronautics and Space Administration,DELIVERY ORDER
VSEC,VSE CORPORATION,W56HZV21C0121,2025-08-13,19293.0,Department of Defense,Department of the Army,DEFINITIVE CONTRACT
ACN,ACCENTURE FEDERAL SERVICES LLC,1333BJ25F00184014,2025-08-14,165819.68,Department of Commerce,U.S. Patent and Trademark Office,BPA CALL
AVAV,"AEROVIRONMENT, INC",N0001415C0099,2025-08-14,0.0,Department of Defense,Defense Contract Management Agency,DEFINITIVE CONTRACT
TXT,TEXTRON SYSTEMS CORPORATION,N0001924F0023,2025-08-14,9178.58,Department of Defense,Department of the Navy,DELIVERY ORDER
TXT,TEXTRON AVIATION INC,W58RGZ24F0358,2025-08-14,0.0,Department of Defense,Department of the Army,DELIVERY ORDER
WWD,WOODWARD HRT INC,SPRTA125C0034,2025-08-14,0.0,Department of Defense,Defense Logistics Agency,DEFINITIVE CONTRACT
ACN,ACCENTURE FEDERAL SERVICES LLC,SP470124F0270,2025-08-15,475612.68,Department of Defense,Defense Logistics Agency,BPA CALL
GE,GENERAL ELECTRIC COMPANY,W58RGZ22F0392,2025-08-15,0.0,Department of Defense,Department of the Army,DELIVERY ORDER
HON,HONEYWELL INTERNATIONAL INC.,SPE4A525F055Q,2025-08-15,0.0,Department of Defense,Defense Logistics Agency,DELIVERY ORDER
NOC,NORTHROP GRUMMAN SYSTEMS CORPORATION,FA881018C0006,2025-08-15,382438.67,Department of Defense,Department of the Air Force,DEFINITIVE CONTRACT
NOC,NORTHROP GRUMMAN SYSTEMS CORPORATION,HHSM5000003,2025-08-15,0.0,Department of Health and Human Services,Centers for Medicare and Medicaid Services,DELIVERY ORDER
TXT,BELL TEXTRON INC,W58RGZ22C0012,2025-08-15,5818675.33,Department of Defense,Department of the Army,DEFINITIVE CONTRACT
ACN,ACCENTURE FEDERAL SERVICES LLC,19AQMM24F7394,2025-08-16,870045.37,Department of State,Department of State,BPA CALL
GE,GENERAL ELECTRIC COMPANY,N0042123F0898,2025-08-18,0.0,Department of Defense,Defense Contract Management Agency,DELIVERY ORDER
GE,GENERAL ELECTRIC COMPANY,SPE4A725F7290,2025-08-18,11897130.0,Department of Defense,Defense Logistics Agency,DELIVERY ORDER
GE,GENERAL ELECTRIC COMPANY,SPRRA122F0130,2025-08-18,0.0,Department of Defense,Defense Contract Management Agency,DELIVERY ORDER
RKLB,ROCKET LAB USA INC,80KSC023FA107,2025-08-18,615000.0,National Aeronautics and Space Administration,National Aeronautics and Space Administration,DELIVERY ORDER
HII,HUNTINGTON INGALLS INCORPORATED,N0002421C2443,2025-08-19,95592.0,Department of Defense,Department of the Navy,DEFINITIVE CONTRACT
WWD,WOODWARD HRT INC,SPRTA123C0011,2025-08-19,0.0,Department of Defense,Defense Logistics Agency,DEFINITIVE CONTRACT
GE,GENERAL ELECTRIC COMPANY,FA862625FB004,2025-08-20,68713.99,Department of Defense,Department of the Air Force,DELIVERY ORDER
GE,GENERAL ELECTRIC COMPANY,W58RGZ25F0050,2025-08-20,0.0,Department of Defense,Department of the Army,DELIVERY ORDER
KTOS,"KRATOS TECHNOLOGY & TRAINING SOLUTIONS, INC.",FA882325FB022,2025-08-20,3814057.43,Department of Defense,Department of the Air Force,DELIVERY ORDER
NOC,NORTHROP GRUMMAN SYSTEMS CORP,FA811023F0009,2025-08-20,0.0,Department of Defense,Department of the Air Force,DELIVERY ORDER
NOC,NORTHROP GRUMMAN SYSTEMS CORPORATION,FA857624F0043,2025-08-20,0.0,Department of Defense,Department of the Air Force,DELIVERY ORDER
NOC,NORTHROP GRUMMAN SYSTEMS CORPORATION,HHSM5000001,2025-08-20,0.0,Department of Health and Human Services,Centers for Medicare and Medicaid Services,DELIVERY ORDER
PSN,PARSONS GOVERNMENT SERVICES INTERNATIONAL INC.,89233125FNA400705,2025-08-20,0.0,Department of Energy,Department of Energy,DELIVERY ORDER
CACI,"CACI NSS, LLC",70RTAC22FC0000038,2025-08-21,4330086.87,Department of Homeland Security,Office of Procurement Operations,BPA CALL
CACI,"CACI, INC. - FEDERAL",80TECH24CA002,2025-08-21,4738872.2,National Aeronautics and Space Administration,National Aeronautics and Space Administration,DEFINITIVE CONTRACT
CACI,"CACI TECHNOLOGIES, LLC",BD33,2025-08-21,-52463.95,Department of Defense,Department of the Army,DELIVERY ORDER
CACI,"CACI TECHNOLOGIES, LLC",W56KGU22F0015,2025-08-21,1219332.01,Department of Defense,Department of the Army,DELIVERY ORDER
IBM,INTERNATIONAL BUSINESS MACHINES CORPORATION,N0003921F3007,2025-08-21,1389811.0,Department of Defense,Department of the Navy,DELIVERY ORDER
PSN,PARSONS GOVERNMENT SERVICES INC.,HQ085822C0005,2025-08-21,0.0,Department of Defense,Missile Defense Agency,DEFINITIVE CONTRACT
PSN,PARSONS GOVERNMENT SERVICES INC.,HQ085822C0005,2025-08-21,-20508.0,Department of Defense,Missile Defense Agency,DEFINITIVE CONTRACT
PSN,PARSONS GOVERNMENT SERVICES INC.,W56KGU23F0004,2025-08-21,215262.22,Department of Defense,Department of the Army,DELIVERY ORDER
PSN,PARSONS GOVERNMENT SERVICES INC,W9123623C4007,2025-08-21,0.0,Department of Defense,Department of the Army,DEFINITIVE CONTRACT
PSN,PARSONS GOVERNMENT SERVICES INC.,FA564123F0004,2025-08-22,0.0,Department of Defense,Department of the Air Force,DELIVERY ORDER
CACI,"CACI, INC. - FEDERAL",FA805225C0014,2025-08-23,-642453.4,Department of Defense,Department of the Air Force,DEFINITIVE CONTRACT
BA,THE BOEING COMPANY,FA810616C0001,2025-08-24,522909.38,Department of Defense,Department of the Air Force,DEFINITIVE CONTRACT
TXT,TEXTRON SYSTEMS CORPORATION,N6893625F0494,2025-08-25,0.0,Department of Defense,Department of the Navy,DELIVERY ORDER
AVAV,"AEROVIRONMENT, INC.",W31P4Q20C0024,2025-08-26,0.0,Department of Defense,Department of the Army,DEFINITIVE CONTRACT
KTOS,"KRATOS DEFENSE & ROCKET SUPPORT SERVICES, INC.",N6600125F0574,2025-08-26,31934.4,Department of Defense,Department of the Navy,DELIVERY ORDER
CACI,"CACI, INC. - FEDERAL",N0017824F3000,2025-08-27,965548.34,Department of Defense,Department of the Navy,DELIVERY ORDER
WWD,WOODWARD HRT INC,N0038324FYN00,2025-08-27,0.0,Department of Defense,Department of the Navy,DELIVERY ORDER
WWD,WOODWARD HRT INC,N0038325CB035,2025-08-27,0.0,Department of Defense,Department of the Navy,DEFINITIVE CONTRACT
GE,GENERAL ELECTRIC COMPANY,FA812423F0005,2025-08-28,0.0,Department of Defense,Defense Contract Management Agency,DELIVERY ORDER
HON,"HONEYWELL FEDERAL MANUFACTURING & TECHNOLOGIES, LLC",DENA0002839,2025-08-28,55107587.41,Department of Energy,Department of Energy,DEFINITIVE CONTRACT
HON,"HONEYWELL FEDERAL MANUFACTURING & TECHNOLOGIES, LLC",DENA0002839,2025-08-28,28108557.68,Department of Energy,Department of Energy,DEFINITIVE CONTRACT
HON,HONEYWELL INTERNATIONAL INC.,W58RGZ25F0409,2025-08-28,11546671.65,Department of Defense,Department of the Army,DELIVERY ORDER
HII,HUNTINGTON INGALLS INCORPORATED,N0002420C2437,2025-08-29,399629.0,Department of Defense,Department of the Navy,DEFINITIVE CONTRACT
PSN,PARSONS GOVERNMENT SERVICES INC.,47PA0322F0002,2025-08-29,0.0,General Services Administration,Public Buildings Service,BPA CALL
PSN,PARSONS GOVERNMENT SERVICES INC.,W911QX18F0056,2025-08-29,-22869.23,Department of Defense,Department of the Army,DELIVERY ORDER
SPIR,"CORESPHERE, LLC",83310124F0125,2025-08-29,0.0,Export-Import Bank of the United States,Export-Import Bank of the United States,DELIVERY ORDER
TXT,TEXTRON SYSTEMS CORPORATION,FA820414C0011,2025-08-29,0.0,Department of Defense,Department of the Air Force,DEFINITIVE CONTRACT
GD,"GENERAL DYNAMICS INFORMATION TECHNOLOGY, INC.",692M1521F00018,2025-09-02,70145.72,Department of Transportation,Federal Aviation Administration,DELIVERY ORDER
GD,"GENERAL DYNAMICS INFORMATION TECHNOLOGY, INC.",HT942525F0261,2025-09-02,0.0,Department of Defense,Defense Health Agency,DELIVERY ORDER
GE,GENERAL ELECTRIC COMPANY,W58RGZ19C0003,2025-09-02,-10779559.58,Department of Defense,Department of the Army,DEFINITIVE CONTRACT
HII,HUNTINGTON INGALLS INC,N0002417C2105,2025-09-02,0.0,Department of Defense,Department of the Navy,DEFINITIVE CONTRACT
HII,HUNTINGTON INGALLS INCORPORATED,N0002418C2307,2025-09-02,44351.0,Department of Defense,Department of the Navy,DEFINITIVE CONTRACT
AVAV,"AEROVIRONMENT, INC",W58RGZ25C0019,2025-09-03,26236824.99,Department of Defense,Department of the Army,DEFINITIVE CONTRACT
TXT,BELL TEXTRON INC,N6893625F0177,2025-09-03,133000.0,Department of Defense,Department of the Navy,DELIVERY ORDER
ACN,ACCENTURE FEDERAL SERVICES LLC,70RCSJ24FR0000081,2025-09-04,1163145.45,Department of Homeland Security,Office of Procurement Operations,DELIVERY ORDER
ACN,ACCENTURE FEDERAL SERVICES LLC,89303024FIM000150,2025-09-04,597984.31,Department of Energy,Department of Energy,BPA CALL
ACN,ACCENTURE FEDERAL SERVICES LLC,N0001922F1209,2025-09-04,0.0,Department of Defense,Department of the Navy,DELIVERY ORDER
DE,"JOHN DEERE SHARED SERVICES, LLC",SPE8EC25F1009,2025-09-05,7640515.05,Department of Defense,Defense Logistics Agency,DELIVERY ORDER
GE,GENERAL ELECTRIC COMPANY,70Z03825FJ0000201,2025-09-05,14311362.0,Department of Homeland Security,U.S. Coast Guard,DELIVERY ORDER
GE,GENERAL ELECTRIC COMPANY,N6523624C8011,2025-09-05,1005658.0,Department of Defense,Department of the Navy,DEFINITIVE CONTRACT
IBM,INTERNATIONAL BUSINESS MACHINES CORPORATION,60RRBH21F0040,2025-09-05,257885.8,Railroad Retirement Board,Railroad Retirement Board,DELIVERY ORDER
TXT,TEXTRON SYSTEMS CORPORATION,N6893625F0575,2025-09-05,1302130.0,Department of Defense,Department of the Navy,DELIVERY ORDER
HII,HUNTINGTON INGALLS INCORPORATED,N0002416C2427,2025-09-08,0.0,Department of Defense,Department of the Navy,DEFINITIVE CONTRACT
HII,HUNTINGTON INGALLS INCORPORATED,N0002421C2443,2025-09-08,40877.0,Department of Defense,Department of the Navy,DEFINITIVE CONTRACT
HII,HUNTINGTON INGALLS INC,N5523625F9929,2025-09-08,1880343.0,Department of Defense,Department of the Navy,DELIVERY ORDER
HII,HUNTINGTON INGALLS INC,N5523625F9930,2025-09-08,2261889.0,Department of Defense,Department of the Navy,DELIVERY ORDER
HON,HONEYWELL INTERNATIONAL INC.,N0038321FV629,2025-09-08,-2500.0,Department of Defense,Department of the Navy,DELIVERY ORDER
IBM,INTERNATIONAL BUSINESS MACHINES CORPORATION,36C10D23N0010,2025-09-08,-40306.31,Department of Veterans Affairs,Department of Veterans Affairs,DELIVERY ORDER
WWD,WOODWARD HRT INC,N0038324CB060,2025-09-08,0.0,Department of Defense,Department of the Navy,DEFINITIVE CONTRACT
CACI,"CACI, INC. - FEDERAL",FA807525F0033,2025-09-09,258321.0,Department of Defense,Department of the Air Force,DELIVERY ORDER
CACI,"CACI, INC. - FEDERAL",FA875023F0080,2025-09-09,17009431.0,Department of Defense,Department of the Air Force,DELIVERY ORDER
HII,HUNTINGTON INGALLS INCORPORATED,N0002419C4313,2025-09-09,0.0,Department of Defense,Department of the Navy,DEFINITIVE CONTRACT
PSN,PARSONS GOVERNMENT SERVICES INC.,W56KGU20F0011,2025-09-09,-31925.75,Department of Defense,Department of the Army,DELIVERY ORDER
TXT,BELL TEXTRON INC,N0001924C0030,2025-09-09,56333378.19,Department of Defense,Department of the Navy,DEFINITIVE CONTRACT
ACN,ACCENTURE FEDERAL SERVICES LLC,1331L521F13OS0350,2025-09-10,0.0,Department of Commerce,Office of the Secretary,DELIVERY ORDER
ACN,ACCENTURE FEDERAL SERVICES LLC,2032H522F00497,2025-09-10,0.0,Department of the Treasury,Internal Revenue Service,DELIVERY ORDER
ACN,ACCENTURE FEDERAL SERVICES LLC,70T03025F7667N078,2025-09-10,653399.4,Department of Homeland Security,Transportation Security Administration,BPA CALL
ACN,ACCENTURE FEDERAL SERVICES LLC,EDFSA15C0006,2025-09-10,-83698.25,Department of Education,Department of Education,DEFINITIVE CONTRACT
ACN,ACCENTURE FEDERAL SERVICES LLC,FA877025CB004,2025-09-10,30636879.79,Department of Defense,Department of the Air Force,DEFINITIVE CONTRACT
GE,GENERAL ELECTRIC COMPANY,N0042123F0540,2025-09-10,0.0,Department of Defense,Defense Contract Management Agency,DELIVERY ORDER
GE,GENERAL ELECTRIC COMPANY,N0042125F0360,2025-09-10,0.0,Department of Defense,Defense Contract Management Agency,DELIVERY ORDER
GE,GENERAL ELECTRIC COMPANY,N0042125F0531,2025-09-10,0.0,Department of Defense,Defense Contract Management Agency,DELIVERY ORDER
GE,GENERAL ELECTRIC COMPANY,N0042125F0648,2025-09-10,0.0,Department of Defense,Defense Contract Management Agency,DELIVERY ORDER
HON,HONEYWELL INTERNATIONAL INC.,SPRHA425F0020,2025-09-10,9104071.46,Department of Defense,Defense Logistics Agency,DELIVERY ORDER
IBM,INTERNATIONAL BUSINESS MACHINES CORPORATION,2032H523F00409,2025-09-10,3665500.18,Department of the Treasury,Internal Revenue Service,DELIVERY ORDER
LUNR,"INTUITIVE MACHINES, LLC",80HQTR25CA004,2025-09-10,0.0,National Aeronautics and Space Administration,National Aeronautics and Space Administration,DEFINITIVE CONTRACT
ETN,EATON AEROSPACE LLC,N0038325FSL05,2025-09-11,1279966.0,Department of Defense,Department of the Navy,DELIVERY ORDER
LDOS,"LEIDOS, INC.",15PJDP24F00000003,2025-09-11,-133575.62,Department of Justice,Office of Justice Programs,BPA CALL
LDOS,"LEIDOS, INC.",693JJ325F00189N,2025-09-11,1136364.0,Department of Transportation,Federal Highway Administration,DELIVERY ORDER
LDOS,"LEIDOS, INC.",693KA721C00002,2025-09-11,0.0,Department of Transportation,Federal Aviation Administration,DEFINITIVE CONTRACT
LDOS,LEIDOS BIOMEDICAL RESEARCH INC,75N91025F00025,2025-09-11,1346384.0,Department of Health and Human Services,National Institutes of Health,DELIVERY ORDER
LDOS,"LEIDOS, INC.",FA807523F0051,2025-09-11,498006.0,Department of Defense,Department of the Air Force,DELIVERY ORDER
LDOS,"LEIDOS, INC.",HDTRA125FE017,2025-09-11,38000.0,Department of Defense,Defense Threat Reduction Agency,DELIVERY ORDER
LDOS,"LEIDOS, INC.",N6523620F3902,2025-09-11,0.0,Department of Defense,Department of the Navy,DELIVERY ORDER
LDOS,"LEIDOS, INC.",N6893622F0472,2025-09-11,0.0,Department of Defense,Department of the Navy,DELIVERY ORDER
LDOS,"LEIDOS, INC.",W15P7T25F0264,2025-09-11,957996.0,Department of Defense,Department of the Army,DELIVERY ORDER
LDOS,"LEIDOS, INC.",W56KGY24F0095,2025-09-11,0.0,Department of Defense,Department of the Army,DELIVERY ORDER
ACN,ACCENTURE FEDERAL SERVICES LLC,19AQMM24F1069,2025-09-12,3981241.86,Department of State,Department of State,DELIVERY ORDER
ACN,ACCENTURE FEDERAL SERVICES LLC,70T02020F3KOIA019,2025-09-12,0.0,Department of Homeland Security,Transportation Security Administration,DELIVERY ORDER
ACN,ACCENTURE FEDERAL SERVICES LLC,HT003823C0004,2025-09-12,-234588.91,Department of Defense,Defense Health Agency,DEFINITIVE CONTRACT
AVAV,"AEROVIRONMENT, INC",W91CRB25F0094,2025-09-12,-2000000.0,Department of Defense,Department of the Army,DELIVERY ORDER
ETN,"EATON AEROSPACE, LLC",SPRRA225F0013,2025-09-12,1536275.0,Department of Defense,Defense Logistics Agency,DELIVERY ORDER
GE,GENERAL ELECTRIC COMPANY,N0038325FZN01,2025-09-12,0.0,Department of Defense,Department of the Navy,DELIVERY ORDER
IBM,INTERNATIONAL BUSINESS MACHINES CORPORATION,47QMCB25C0001,2025-09-12,0.0,General Services Administration,Federal Acquisition Service,DEFINITIVE CONTRACT
GD,"GENERAL DYNAMICS INFORMATION TECHNOLOGY, INC.",0001,2025-09-13,0.0,Department of Defense,Defense Contract Management Agency,DELIVERY ORDER
LDOS,"LEIDOS, INC.",15JPSS21F00000525,2025-09-13,1364000.0,Department of Justice,"Offices, Boards and Divisions",DELIVERY ORDER
LDOS,"LEIDOS, INC.",N6883625F7K02,2025-09-13,1243323.48,Department of Defense,Department of the Navy,DELIVERY ORDER
GE,GENERAL ELECTRIC COMPANY,SPRTA123F0298,2025-09-15,0.0,Department of Defense,Defense Logistics Agency,DELIVERY ORDER
HON,HONEYWELL INTERNATIONAL INC.,W15P7T25F0290,2025-09-15,3075960.0,Department of Defense,Department of the Army,DELIVERY ORDER
HON,HONEYWELL INTERNATIONAL INC.,W15P7T25FA005,2025-09-15,-7940220.0,Department of Defense,Department of the Army,DELIVERY ORDER
HON,HONEYWELL INTERNATIONAL INC.,W91CRB25F5100,2025-09-15,2522831.38,Department of Defense,Department of the Army,DELIVERY ORDER
PSN,PARSONS GOVERNMENT SERVICES INC.,FA564121F0016,2025-09-15,1683664.0,Department of Defense,Department of the Air Force,DELIVERY ORDER
PSN,PARSONS GOVERNMENT SERVICES INC.,W912DY25FA163,2025-09-15,1715213.55,Department of Defense,Department of the Army,DELIVERY ORDER
SATL,IRIDIUM SATELLITE LLC,HC101319C0003,2025-09-15,-30369.81,Department of Defense,Defense Information Systems Agency,DEFINITIVE CONTRACT
CAT,CATERPILLAR INC,SPE8EC24F0886,2025-09-16,0.0,Department of Defense,Defense Logistics Agency,DELIVERY ORDER
GE,GENERAL ELECTRIC COMPANY,N0042125F0023,2025-09-16,0.0,Department of Defense,Defense Contract Management Agency,DELIVERY ORDER
IBM,INTERNATIONAL BUSINESS MACHINES CORPORATION,70B04C20F00001153,2025-09-16,760131.48,Department of Homeland Security,U.S. Customs and Border Protection,DELIVERY ORDER
IBM,INTERNATIONAL BUSINESS MACHINES CORPORATION,75F40125F80194,2025-09-16,1077476.34,Department of Health and Human Services,Food and Drug Administration,DELIVERY ORDER
CAT,CATERPILLAR INC,SPE8EC24F0523,2025-09-17,0.0,Department of Defense,Defense Logistics Agency,DELIVERY ORDER
CAT,CATERPILLAR INC,SPE8EC24F0534,2025-09-17,0.0,Department of Defense,Defense Logistics Agency,DELIVERY ORDER
HII,HUNTINGTON INGALLS INC,N0002416C2116,2025-09-17,0.0,Department of Defense,Department of the Navy,DEFINITIVE CONTRACT
HII,HUNTINGTON INGALLS INCORPORATED,N0002421C4205,2025-09-17,-10347571.0,Department of Defense,Department of the Navy,DEFINITIVE CONTRACT
HII,HUNTINGTON INGALLS INC,N0002424C2106,2025-09-17,0.0,Department of Defense,Department of the Navy,DEFINITIVE CONTRACT
HII,HUNTINGTON INGALLS INCORPORATED,N0002425C4229,2025-09-17,97215.0,Department of Defense,Department of the Navy,DEFINITIVE CONTRACT
SATL,IRIDIUM SATELLITE LLC,HC101324F0168,2025-09-17,0.0,Department of Defense,Defense Information Systems Agency,DELIVERY ORDER
TXT,BELL TEXTRON INC,N0001920F0651,2025-09-17,-444025.33,Department of Defense,Department of the Navy,DELIVERY ORDER
TXT,TEXTRON AVIATION INC,W58RGZ24F0358,2025-09-17,0.0,Department of Defense,Department of the Army,DELIVERY ORDER
KTOS,"KRATOS DEFENSE & ROCKET SUPPORT SERVICES, INC.",N0017818F3027,2025-09-18,-16708.84,Department of Defense,Department of the Navy,DELIVERY ORDER
LUNR,"INTUITIVE MACHINES, LLC",80GSFC25C0006,2025-09-18,1000000.0,National Aeronautics and Space Administration,National Aeronautics and Space Administration,DEFINITIVE CONTRACT
VSEC,VSE CORPORATION,15JPSS20F00000257,2025-09-18,118573.92,Department of Justice,"Offices, Boards and Divisions",DELIVERY ORDER
LDOS,"LEIDOS, INC.",47QFDA21F0003,2025-09-19,10066121.11,General Services Administration,Federal Acquisition Service,DELIVERY ORDER
LDOS,"LEIDOS, INC.",47QFMA23F0020,2025-09-19,3017016.35,General Services Administration,Federal Acquisition Service,DELIVERY ORDER
LDOS,"LEIDOS, INC.",70T04018F5DAP4039,2025-09-19,-179826.77,Department of Homeland Security,Transportation Security Administration,DELIVERY ORDER
LDOS,"LEIDOS, INC.",HC104724F0043,2025-09-19,8198067.87,Department of Defense,Defense Information Systems Agency,DELIVERY ORDER
LDOS,"LEIDOS, INC.",N0003925F7711,2025-09-19,2340645.0,Department of Defense,Department of the Navy,DELIVERY ORDER
LDOS,"LEIDOS, INC.",SP470923F0062,2025-09-19,4833587.46,Department of Defense,Defense Logistics Agency,DELIVERY ORDER
ONDS,"CONDOR RELIABILITY SERVICES, INC.",6973GH22F01044,2025-09-19,0.0,Department of Transportation,Federal Aviation Administration,DELIVERY ORDER
PLTR,PALANTIR TECHNOLOGIES INC.,70CTD022FR0000170,2025-09-19,19355842.32,Department of Homeland Security,U.S. Immigration and Customs Enforcement,DELIVERY ORDER
GD,"GENERAL DYNAMICS INFORMATION TECHNOLOGY, INC.",692M1523F00056,2025-09-21,-47.39,Department of Transportation,Federal Aviation Administration,DELIVERY ORDER
GD,"GENERAL DYNAMICS INFORMATION TECHNOLOGY, INC.",70B01C25F00000760,2025-09-21,6837974.54,Department of Homeland Security,U.S. Customs and Border Protection,BPA CALL
LDOS,"LEIDOS, INC.",N6883625F7KPJ,2025-09-21,1207148.52,Department of Defense,Department of the Navy,DELIVERY ORDER
HII,HUNTINGTON INGALLS INCORPORATED,N0002420C4203,2025-09-22,-3746048.0,Department of Defense,Department of the Navy,DEFINITIVE CONTRACT
IBM,INTERNATIONAL BUSINESS MACHINES CORPORATION,205AE925F00081,2025-09-22,0.0,Department of the Treasury,Internal Revenue Service,DELIVERY ORDER
IBM,INTERNATIONAL BUSINESS MACHINES CORPORATION,88310324F00044,2025-09-22,0.0,National Archives and Records Administration,National Archives and Records Administration,BPA CALL
PSN,PARSONS GOVERNMENT SERVICES INC.,W909MY23F0084,2025-09-22,500000.0,Department of Defense,Department of the Army,DELIVERY ORDER
PSN,PARSONS GOVERNMENT SERVICES INC.,W912DY23F0231,2025-09-22,14841.34,Department of Defense,Department of the Army,DELIVERY ORDER
KTOS,"KRATOS DEFENSE & ROCKET SUPPORT SERVICES, INC.",N6600125F0103,2025-09-23,342947.0,Department of Defense,Department of the Navy,DELIVERY ORDER
PLTR,PALANTIR USG INC,19AQMM24F7490,2025-09-23,11095323.0,Department of State,Department of State,BPA CALL
SATL,"TYVAK NANO-SATELLITE SYSTEMS, INC.",80ARC025CA003,2025-09-23,239913.0,National Aeronautics and Space Administration,National Aeronautics and Space Administration,DEFINITIVE CONTRACT
TXT,BELL TEXTRON INC,W58RGZ23C0001,2025-09-23,500000.0,Department of Defense,Department of the Army,DEFINITIVE CONTRACT
TXT,BELL TEXTRON INC,W58RGZ23C0001,2025-09-23,0.0,Department of Defense,Department of the Army,DEFINITIVE CONTRACT
ETN,"EATON AEROSPACE, LLC",SPRRA225C0013,2025-09-24,3685917.0,Department of Defense,Defense Logistics Agency,DEFINITIVE CONTRACT
CAT,CATERPILLAR INC,SPE8EC25F0815,2025-09-25,0.0,Department of Defense,Defense Logistics Agency,DELIVERY ORDER
GE,GENERAL ELECTRIC COMPANY,FA812223F0002,2025-09-25,722812.22,Department of Defense,Department of the Air Force,DELIVERY ORDER
GE,GENERAL ELECTRIC COMPANY,FA862621F8521,2025-09-25,0.0,Department of Defense,Department of the Air Force,DELIVERY ORDER
HII,HUNTINGTON INGALLS INC,N0002415C2114,2025-09-25,4937113.23,Department of Defense,Department of the Navy,DEFINITIVE CONTRACT
HII,HUNTINGTON INGALLS INC,N0002420C2109,2025-09-25,2714067.0,Department of Defense,Department of the Navy,DEFINITIVE CONTRACT
HII,HUNTINGTON INGALLS INCORPORATED,N0002422C2300,2025-09-25,0.0,Department of Defense,Department of the Navy,DEFINITIVE CONTRACT
HON,HONEYWELL INTERNATIONAL INC.,FA821422C0002,2025-09-25,0.0,Department of Defense,Department of the Air Force,DEFINITIVE CONTRACT
HON,"HONEYWELL INTERNATIONAL, INC.",N0016423FG075,2025-09-25,730131.77,Department of Defense,Department of the Navy,DELIVERY ORDER
KTOS,"KRATOS UNMANNED AERIAL SYSTEMS, INC",N0001923C0021,2025-09-25,0.0,Department of Defense,Department of the Navy,DEFINITIVE CONTRACT
SPIR,"CORESPHERE, LLC",693JJ321F000412,2025-09-25,390560.97,Department of Transportation,Federal Highway Administration,DELIVERY ORDER
TXT,TEXTRON AVIATION DEFENSE LLC,FA810625FB010,2025-09-25,5680349.0,Department of Defense,Department of the Air Force,DELIVERY ORDER
TXT,BELL TEXTRON INC,SPRPA125F0026,2025-09-25,997709.96,Department of Defense,Defense Logistics Agency,DELIVERY ORDER
SPR,SPIRIT AEROSYSTEMS INC,FA239124CB035,2025-09-26,1323971.0,Department of Defense,Department of the Air Force,DEFINITIVE CONTRACT
ACN,ACCENTURE FEDERAL SERVICES LLC,W58P0525C0007,2025-09-27,7336755.52,Department of Defense,Department of the Army,DEFINITIVE CONTRACT
IBM,INTERNATIONAL BUSINESS MACHINES CORPORATION,47PB0023F0203,2025-09-27,57892.0,General Services Administration,Public Buildings Service,DELIVERY ORDER
LDOS,"LEIDOS, INC.",N6883625F7M5D,2025-09-27,804761.97,Department of Defense,Department of the Navy,DELIVERY ORDER
LDOS,"LEIDOS, INC.",N6883625F7M5K,2025-09-27,14953024.32,Department of Defense,Department of the Navy,DELIVERY ORDER
LDOS,"LEIDOS, INC.",N6883625F7M5R,2025-09-27,4498845.36,Department of Defense,Department of the Navy,DELIVERY ORDER
GE,GENERAL ELECTRIC COMPANY,SPE4AX25F1356,2025-09-29,3226595.22,Department of Defense,Defense Logistics Agency,DELIVERY ORDER
PSN,PARSONS GOVERNMENT SERVICES INC.,47QFCA21F0003,2025-09-29,0.0,General Services Administration,Federal Acquisition Service,DELIVERY ORDER
PSN,PARSONS GOVERNMENT SERVICES INC,W9123623C4007,2025-09-29,120341.0,Department of Defense,Department of the Army,DEFINITIVE CONTRACT
PSN,GSIA-PARSONS JV LLC,W912DR25CA017,2025-09-29,11178262.0,Department of Defense,Department of the Army,DEFINITIVE CONTRACT
WWD,"WOODWARD, INC.",W58RGZ22F0350,2025-09-29,0.0,Department of Defense,Department of the Army,DELIVERY ORDER
KTOS,"KRATOS UNMANNED AERIAL SYSTEMS, INC",N0001925F0068,2025-09-30,0.0,Department of Defense,Department of the Navy,DELIVERY ORDER
SATL,"SEASATELLITES, INC.",N6523625FE227,2025-09-30,0.0,Department of Defense,Department of the Navy,DELIVERY ORDER
BA,THE BOEING COMPANY,FA868120F1305,2025-10-01,0.0,Department of Defense,Department of the Air Force,DELIVERY ORDER
BA,THE BOEING COMPANY,HTC71124FD064,2025-10-01,7158423.16,Department of Defense,USTRANSCOM,DELIVERY ORDER
GD,"GENERAL DYNAMICS INFORMATION TECHNOLOGY, INC.",47QFSA21F0023,2025-10-01,2019501.65,General Services Administration,Federal Acquisition Service,BPA CALL
LDOS,"LEIDOS, INC.",FA823226FB002,2025-10-01,1460337.71,Department of Defense,Department of the Air Force,DELIVERY ORDER
WWD,WOODWARD HRT INC,N0038325FYN02,2025-10-01,0.0,Department of Defense,Department of the Navy,DELIVERY ORDER
ACN,ACCENTURE FEDERAL SERVICES LLC,2032H522F00071,2025-10-02,-404010.94,Department of the Treasury,Internal Revenue Service,DELIVERY ORDER
BA,THE BOEING COMPANY,W58RGZ16C0023,2025-10-02,0.0,Department of Defense,Defense Contract Management Agency,DEFINITIVE CONTRACT
CACI,"CACI, INC. - FEDERAL",N0016425F3012,2025-10-02,38060.0,Department of Defense,Department of the Navy,DELIVERY ORDER
HON,HONEYWELL INTERNATIONAL INC.,FA465925P0001,2025-10-03,680728.98,Department of Defense,Department of the Air Force,PURCHASE ORDER
ACN,ACCENTURE FEDERAL SERVICES LLC,89603024F0002,2025-10-06,0.0,Department of Energy,Federal Energy Regulatory Commission,BPA CALL
BA,THE BOEING COMPANY,FA231825FB021,2025-10-06,2724934.0,Department of Defense,Department of the Air Force,DELIVERY ORDER
BAH,BOOZ ALLEN HAMILTON INC,47HAA022F0006,2025-10-06,750000.0,General Services Administration,Office of Administrative Services,DELIVERY ORDER
BAH,BOOZ ALLEN HAMILTON INC,47QFEA20F0010,2025-10-06,0.0,General Services Administration,Federal Acquisition Service,DELIVERY ORDER
BAH,BOOZ ALLEN HAMILTON INC,47QFRA24F0006,2025-10-06,0.0,General Services Administration,Federal Acquisition Service,DELIVERY ORDER
BAH,BOOZ ALLEN HAMILTON INC,N6600122F0227,2025-10-06,220000.0,Department of Defense,Department of the Navy,DELIVERY ORDER
GD,"GENERAL DYNAMICS MISSION SYSTEMS, INC.",N0002419C6408,2025-10-06,0.0,Department of Defense,Department of the Navy,DEFINITIVE CONTRACT
HII,HUNTINGTON INGALLS INCORPORATED,N0002418C2406,2025-10-06,688950.0,Department of Defense,Department of the Navy,DEFINITIVE CONTRACT
PSN,PARSONS GOVERNMENT SERVICES INC.,HQ085822C0005,2025-10-06,0.0,Department of Defense,Missile Defense Agency,DEFINITIVE CONTRACT
ACN,ACCENTURE FEDERAL SERVICES LLC,1333BJ22F00184011,2025-10-07,-18112.25,Department of Commerce,U.S. Patent and Trademark Office,BPA CALL
BA,BELL BOEING JOINT PROJECT OFFICE,SPE4A223F7091,2025-10-07,0.0,Department of Defense,Defense Logistics Agency,DELIVERY ORDER
GD,"GENERAL DYNAMICS INFORMATION TECHNOLOGY, INC.",47QFDA21F0044,2025-10-07,1913875.9,General Services Administration,Federal Acquisition Service,DELIVERY ORDER
ACN,ACCENTURE FEDERAL SERVICES LLC,70B04C23F00000074,2025-10-08,0.0,Department of Homeland Security,U.S. Customs and Border Protection,DELIVERY ORDER
BA,THE BOEING COMPANY,FA813424F4201,2025-10-08,0.0,Department of Defense,Defense Contract Management Agency,DELIVERY ORDER
KTOS,"KRATOS TECHNOLOGY & TRAINING SOLUTIONS, INC.",47QFEA23P0001,2025-10-08,0.0,General Services Administration,Federal Acquisition Service,PURCHASE ORDER
NOC,NORTHROP GRUMMAN SYSTEMS CORPORATION,HC104723F0033,2025-10-08,0.0,Department of Defense,Defense Information Systems Agency,DELIVERY ORDER
NOC,NORTHROP GRUMMAN SYSTEMS CORPORATION,N0038324FBH00,2025-10-08,-128459.0,Department of Defense,Department of the Navy,DELIVERY ORDER
BA,THE BOEING COMPANY,FA813423FB004,2025-10-09,-415.75,Department of Defense,Defense Contract Management Agency,DELIVERY ORDER
BA,THE BOEING COMPANY,N6893625F5092,2025-10-09,0.0,Department of Defense,Department of the Navy,DELIVERY ORDER
HON,HONEYWELL INTERNATIONAL INC.,70Z03824FE0000019,2025-10-09,0.0,Department of Homeland Security,U.S. Coast Guard,DELIVERY ORDER
BA,BELL BOEING JOINT PROJECT OFFICE,N0038325F0ZV1,2025-10-10,834023.0,Department of Defense,Department of the Navy,DELIVERY ORDER
BA,THE BOEING COMPANY,W58RGZ24C0036,2025-10-10,135583.0,Department of Defense,Department of the Army,DEFINITIVE CONTRACT
NOC,NORTHROP GRUMMAN SYSTEMS CORPORATION,N6134023C0013,2025-10-10,0.0,Department of Defense,Department of the Navy,DEFINITIVE CONTRACT
NOC,NORTHROP GRUMMAN SYSTEMS CORPORATION,NNH15CN76C,2025-10-10,0.0,National Aeronautics and Space Administration,National Aeronautics and Space Administration,DEFINITIVE CONTRACT
BA,THE BOEING COMPANY,80MSFC20C0052,2025-10-14,0.0,National Aeronautics and Space Administration,National Aeronautics and Space Administration,DEFINITIVE CONTRACT
BA,THE BOEING COMPANY,FA852625FB006,2025-10-14,0.0,Department of Defense,Department of the Air Force,DELIVERY ORDER
BA,THE BOEING COMPANY,SPE4AX25F0649,2025-10-14,0.0,Department of Defense,Defense Logistics Agency,DELIVERY ORDER
BAH,BOOZ ALLEN HAMILTON INC,HC108420F0147,2025-10-14,0.0,Department of Defense,Defense Information Systems Agency,DELIVERY ORDER
BAH,BOOZ ALLEN HAMILTON INC,HR001121F0012,2025-10-14,-118235.35,Department of Defense,Defense Advanced Research Projects Agency,DELIVERY ORDER
CAT,CATERPILLAR INC,W91CRB26FA009,2025-10-14,23126792.92,Department of Defense,Department of the Army,DELIVERY ORDER
NOC,NORTHROP GRUMMAN SYSTEMS CORPORATION,N0038323FV407,2025-10-14,0.0,Department of Defense,Department of the Navy,DELIVERY ORDER
NOC,NORTHROP GRUMMAN SYSTEMS CORPORATION,N0038324FS51T,2025-10-14,16220.0,Department of Defense,Department of the Navy,DELIVERY ORDER
NOC,NORTHROP GRUMMAN SYSTEMS CORPORATION,N6893623F0178,2025-10-14,-15000.0,Department of Defense,Department of the Navy,DELIVERY ORDER
ACN,ACCENTURE FEDERAL SERVICES LLC,1333BJ25F00184014,2025-10-15,0.0,Department of Commerce,U.S. Patent and Trademark Office,BPA CALL
BA,THE BOEING COMPANY,FA850518C0003,2025-10-15,5331036.34,Department of Defense,Department of the Air Force,DEFINITIVE CONTRACT
BA,THE BOEING COMPANY,FA873018C0001,2025-10-15,0.0,Department of Defense,Department of the Air Force,DEFINITIVE CONTRACT
BA,THE BOEING COMPANY,W58RGZ20F0243,2025-10-15,-414598.0,Department of Defense,Department of the Army,DELIVERY ORDER
BAH,"BOOZ ALLEN HAMILTON ENGINEERING SERVICES, LLC",0204,2025-10-15,0.0,Department of Defense,Defense Contract Management Agency,DELIVERY ORDER
HII,HUNTINGTON INGALLS INC,N0002415C2114,2025-10-15,0.0,Department of Defense,Department of the Navy,DEFINITIVE CONTRACT
HII,HUNTINGTON INGALLS INCORPORATED,N0002421C2443,2025-10-15,1066420.0,Department of Defense,Department of the Navy,DEFINITIVE CONTRACT
NOC,NORTHROP GRUMMAN SYSTEMS CORPORATION,FA869024CB001,2025-10-15,4500000.0,Department of Defense,Department of the Air Force,DEFINITIVE CONTRACT
PLTR,PALANTIR USG INC,HQ085725PE001,2025-10-15,0.0,Department of Defense,Missile Defense Agency,PURCHASE ORDER
BAH,BOOZ ALLEN HAMILTON INC,47QFDA22F0027,2025-10-16,0.0,General Services Administration,Federal Acquisition Service,DELIVERY ORDER
KTOS,"KRATOS DEFENSE & ROCKET SUPPORT SERVICES, INC.",N6600119F0537,2025-10-16,-32125.95,Department of Defense,Department of the Navy,DELIVERY ORDER
LDOS,"LEIDOS, INC.",DTFA0101CA0065CALL0001,2025-10-16,-200000.0,Department of Transportation,Federal Aviation Administration,DELIVERY ORDER
LDOS,"LEIDOS MANAGEMENT SYSTEMS DESIGNERS, INC.",EPG11D00117,2025-10-16,0.0,Environmental Protection Agency,Environmental Protection Agency,DELIVERY ORDER
LDOS,"LEIDOS, INC.",N0016725F0078,2025-10-16,350000.0,Department of Defense,Department of the Navy,DELIVERY ORDER
TXT,TEXTRON AVIATION DEFENSE LLC,FA869124CB012,2025-10-16,5123410.0,Department of Defense,Department of the Air Force,DEFINITIVE CONTRACT
TXT,TEXTRON SYSTEMS CORP,N0002417C2480,2025-10-16,0.0,Department of Defense,Department of the Navy,DEFINITIVE CONTRACT
GD,"GENERAL DYNAMICS INFORMATION TECHNOLOGY, INC.",75D30126C20710,2025-10-17,27906758.5,Department of Health and Human Services,Centers for Disease Control and Prevention,DEFINITIVE CONTRACT
HII,HUNTINGTON INGALLS INCORPORATED,N0002423C2324,2025-10-17,0.0,Department of Defense,Department of the Navy,DEFINITIVE CONTRACT
HII,HUNTINGTON INGALLS INC,N5523625F9931,2025-10-17,9248.0,Department of Defense,Department of the Navy,DELIVERY ORDER
PLTR,PALANTIR USG INC,SP470125P0061,2025-10-17,0.0,Department of Defense,Defense Logistics Agency,PURCHASE ORDER
BA,THE BOEING COMPANY,FA863422C2705,2025-10-20,16800000.0,Department of Defense,Department of the Air Force,DEFINITIVE CONTRACT
BA,THE BOEING COMPANY,N6893624F0389,2025-10-20,75000.0,Department of Defense,Department of the Navy,DELIVERY ORDER
GD,"GENERAL DYNAMICS MISSION SYSTEMS, INC.",FA880724F0003,2025-10-20,0.0,Department of Defense,Department of the Air Force,DELIVERY ORDER
GE,GENERAL ELECTRIC COMPANY,SPE4AX25F1284,2025-10-20,-4263652.27,Department of Defense,Defense Logistics Agency,DELIVERY ORDER
HII,HUNTINGTON INGALLS INC,N0002409C2116,2025-10-20,175000.0,Department of Defense,Department of the Navy,DEFINITIVE CONTRACT
LDOS,"LEIDOS, INC.",47QFCA22F0051,2025-10-20,1073171.0,General Services Administration,Federal Acquisition Service,DELIVERY ORDER
LDOS,"LEIDOS, INC.",70RTAC24FR0000105,2025-10-20,0.0,Department of Homeland Security,Office of Procurement Operations,DELIVERY ORDER
NOC,NORTHROP GRUMMAN SYSTEMS CORPORATION,HQ085624F0003,2025-10-20,4735676.0,Department of Defense,Missile Defense Agency,DELIVERY ORDER
PLTR,PALANTIR USG INC,FA873025PB004,2025-10-20,0.0,Department of Defense,Department of the Air Force,PURCHASE ORDER
PSN,PARSONS GOVERNMENT SERVICES INC.,89233123FNA000126,2025-10-20,0.0,Department of Energy,Department of Energy,BPA CALL
SATL,IRIDIUM SATELLITE LLC,FA254125FB026,2025-10-20,0.0,Department of Defense,Department of the Air Force,DELIVERY ORDER
BAH,BOOZ ALLEN HAMILTON INC,140D0421F0591,2025-10-21,-5630.84,Department of the Interior,Departmental Offices,DELIVERY ORDER
BAH,BOOZ ALLEN HAMILTON INC,47QFWA21F0018,2025-10-21,0.0,General Services Administration,Federal Acquisition Service,DELIVERY ORDER
CACI,"CACI NSS, LLC",36C10B20F0250,2025-10-21,0.0,Department of Veterans Affairs,Department of Veterans Affairs,DELIVERY ORDER
GE,GENERAL ELECTRIC COMPANY,SPE4A526F0360,2025-10-21,1311497.9,Department of Defense,Defense Logistics Agency,DELIVERY ORDER
HII,HUNTINGTON INGALLS INC,N0002425C2127,2025-10-21,0.0,Department of Defense,Department of the Navy,DEFINITIVE CONTRACT
NOC,NORTHROP GRUMMAN SYSTEMS CORPORATION,FA821323F3725,2025-10-21,0.0,Department of Defense,Department of the Air Force,DELIVERY ORDER
NOC,NORTHROP GRUMMAN SYSTEMS CORPORATION,HQ085925F0010,2025-10-21,0.0,Department of Defense,Missile Defense Agency,DELIVERY ORDER
CACI,"CACI, INC. - FEDERAL",N0016725F3003,2025-10-22,703836.0,Department of Defense,Department of the Navy,DELIVERY ORDER
PLTR,PALANTIR USG INC,FA873025PB004,2025-10-22,0.0,Department of Defense,Department of the Air Force,PURCHASE ORDER
GE,GENERAL ELECTRIC COMPANY,HR001121C0049,2025-10-23,0.0,Department of Defense,Defense Advanced Research Projects Agency,DEFINITIVE CONTRACT
HII,HUNTINGTON INGALLS INC,N5523625F9930,2025-10-23,0.0,Department of Defense,Department of the Navy,DELIVERY ORDER
HII,HUNTINGTON INGALLS INC,N5523625F9931,2025-10-23,-471.0,Department of Defense,Department of the Navy,DELIVERY ORDER
ACN,ACCENTURE FEDERAL SERVICES LLC,FA820422F0001,2025-10-24,369632.25,Department of Defense,Department of the Air Force,DELIVERY ORDER
BA,THE BOEING COMPANY,FA810616C0001,2025-10-24,0.0,Department of Defense,Department of the Air Force,DEFINITIVE CONTRACT
BA,THE BOEING COMPANY,HQ014719C0004,2025-10-24,0.0,Department of Defense,Missile Defense Agency,DEFINITIVE CONTRACT
BA,THE BOEING COMPANY,N6833519F0436,2025-10-24,0.0,Department of Defense,Defense Contract Management Agency,DELIVERY ORDER
BA,THE BOEING COMPANY,NNM07AB03C,2025-10-24,-6700000.0,National Aeronautics and Space Administration,National Aeronautics and Space Administration,DEFINITIVE CONTRACT
BAH,BOOZ ALLEN HAMILTON INC,HC102825F0461,2025-10-24,0.0,Department of Defense,Defense Information Systems Agency,BPA CALL
BAH,BOOZ ALLEN HAMILTON INC,N6523624F3010,2025-10-24,0.0,Department of Defense,Department of the Navy,DELIVERY ORDER
CACI,"CACI, INC. - FEDERAL",N0017824F3000,2025-10-24,326050.0,Department of Defense,Department of the Navy,DELIVERY ORDER
HII,HUNTINGTON INGALLS INCORPORATED,N0002422C2300,2025-10-24,0.0,Department of Defense,Department of the Navy,DEFINITIVE CONTRACT
MRCY,MERCURY SYSTEMS INC,N0042125F0572,2025-10-24,0.0,Department of Defense,Department of the Navy,DELIVERY ORDER
NOC,NORTHROP GRUMMAN SYSTEMS CORPORATION,SPE4AX24F3483,2025-10-24,0.0,Department of Defense,Defense Logistics Agency,DELIVERY ORDER
ACN,ACCENTURE FEDERAL SERVICES LLC,FA701424F0309,2025-10-27,0.0,Department of Defense,Department of the Air Force,DELIVERY ORDER
AVAV,"AEROVIRONMENT, INC",W58RGZ26F0022,2025-10-27,6347643.63,Department of Defense,Department of the Army,DELIVERY ORDER
BA,THE BOEING COMPANY,FA852621F0012,2025-10-27,0.0,Department of Defense,Department of the Air Force,DELIVERY ORDER
BA,THE BOEING COMPANY,N0001919C0016,2025-10-27,-16771.86,Department of Defense,Department of the Navy,DEFINITIVE CONTRACT
CAT,CATERPILLAR INC,SPE8EC25F0183,2025-10-27,-65497.2,Department of Defense,Defense Logistics Agency,DELIVERY ORDER
GD,"GENERAL DYNAMICS INFORMATION TECHNOLOGY, INC.",47QFMA21F0003,2025-10-27,0.0,General Services Administration,Federal Acquisition Service,DELIVERY ORDER
SATL,SATELLITE SERVICES INC,47QFRA25F0009,2025-10-27,1783844.04,General Services Administration,Federal Acquisition Service,BPA CALL
WWD,WOODWARD HRT INC,N0038326FYN00,2025-10-27,1984960.0,Department of Defense,Department of the Navy,DELIVERY ORDER
BA,THE BOEING COMPANY,FA813425FB012,2025-10-28,0.0,Department of Defense,Department of the Air Force,DELIVERY ORDER
BA,THE BOEING COMPANY,FA873018C0001,2025-10-28,2127105.86,Department of Defense,Department of the Air Force,DEFINITIVE CONTRACT
LDOS,"LEIDOS, INC.",80JSC024CA005,2025-10-28,0.0,National Aeronautics and Space Administration,National Aeronautics and Space Administration,DEFINITIVE CONTRACT
WWD,WOODWARD HRT INC,N0038324FYN00,2025-10-28,0.0,Department of Defense,Department of the Navy,DELIVERY ORDER
ACN,ACCENTURE FEDERAL SERVICES LLC,89303024FIM000137,2025-10-29,1020000.0,Department of Energy,Department of Energy,BPA CALL
GD,"GENERAL DYNAMICS INFORMATION TECHNOLOGY, INC.",DTFAWA10D00003CALL0004,2025-10-29,0.0,Department of Transportation,Federal Aviation Administration,DELIVERY ORDER
GD,"GENERAL DYNAMICS GLOBAL FORCE, LLC",W15P7T25F0038,2025-10-29,728402.0,Department of Defense,Department of the Army,DELIVERY ORDER
HII,HUNTINGTON INGALLS INC,N0002415C2114,2025-10-29,1013497.0,Department of Defense,Department of the Navy,DEFINITIVE CONTRACT
HON,HONEYWELL INTERNATIONAL INC.,FA852524F0032,2025-10-29,0.0,Department of Defense,Department of the Air Force,DELIVERY ORDER
IBM,INTERNATIONAL BUSINESS MACHINES CORPORATION,140D0420F0293,2025-10-29,0.0,Department of the Interior,Departmental Offices,DELIVERY ORDER
PSN,PARSONS GOVERNMENT SERVICES INC.,47QFCA23F0024,2025-10-29,0.0,General Services Administration,Federal Acquisition Service,DELIVERY ORDER
PSN,PARSONS GOVERNMENT SERVICES INC.,HQ085821C0015,2025-10-29,0.0,Department of Defense,Missile Defense Agency,DEFINITIVE CONTRACT
ACN,ACCENTURE FEDERAL SERVICES LLC,89303024FIM000140,2025-10-30,2200000.0,Department of Energy,Department of Energy,BPA CALL
BA,THE BOEING COMPANY,FA811726F0032,2025-10-30,2126371.13,Department of Defense,Department of the Air Force,DELIVERY ORDER
BA,THE BOEING COMPANY,N0001921F0886,2025-10-30,0.0,Department of Defense,Department of the Navy,DELIVERY ORDER
BAH,BOOZ ALLEN HAMILTON INC,89703025FAR400014,2025-10-30,-82451.8,Department of Energy,Department of Energy,DELIVERY ORDER
BAH,BOOZ ALLEN HAMILTON INC,HC102825F0065,2025-10-30,0.0,Department of Defense,Defense Information Systems Agency,BPA CALL
BAH,BOOZ ALLEN HAMILTON INC,N0003922F3000,2025-10-30,-717980.0,Department of Defense,Department of the Navy,DELIVERY ORDER
BAH,BOOZ ALLEN HAMILTON INC,N0017821F3011,2025-10-30,631687.0,Department of Defense,Department of the Navy,DELIVERY ORDER
BAH,BOOZ ALLEN HAMILTON INC,N6660422F3007,2025-10-30,428000.0,Department of Defense,Department of the Navy,DELIVERY ORDER
GE,GENERAL ELECTRIC COMPANY,FA862625FB004,2025-10-30,0.0,Department of Defense,Department of the Air Force,DELIVERY ORDER
HII,HUNTINGTON INGALLS INC,N0002415C4301,2025-10-30,0.0,Department of Defense,Department of the Navy,DEFINITIVE CONTRACT
HON,"HONEYWELL INTERNATIONAL, INC",0003,2025-10-30,1740105.17,Department of Defense,Department of the Army,DELIVERY ORDER
HON,"HONEYWELL INTERNATIONAL, INC",SPRRA123F0103,2025-10-30,0.0,Department of Defense,Defense Logistics Agency,DELIVERY ORDER
KTOS,"KRATOS TECHNOLOGY & TRAINING SOLUTIONS, INC.",47QFEA23P0001,2025-10-30,167393.48,General Services Administration,Federal Acquisition Service,PURCHASE ORDER
NOC,NORTHROP GRUMMAN SYSTEMS CORPORATION,N0038322FUL09,2025-10-30,0.0,Department of Defense,Department of the Navy,DELIVERY ORDER
NOC,NORTHROP GRUMMAN SYSTEMS CORPORATION,SPE4A622F079M,2025-10-30,0.0,Department of Defense,Defense Logistics Agency,DELIVERY ORDER
BA,THE BOEING COMPANY,FA852626FB001,2025-10-31,128966680.82,Department of Defense,Department of the Air Force,DELIVERY ORDER
BA,THE BOEING COMPANY,FA852626FB002,2025-10-31,129179523.82,Department of Defense,Department of the Air Force,DELIVERY ORDER
BA,THE BOEING COMPANY,FA867218F1001,2025-10-31,662000.0,Department of Defense,Department of the Air Force,DELIVERY ORDER
BAH,BOOZ ALLEN HAMILTON INC,FA714623C0047,2025-10-31,0.0,Department of Defense,Department of the Air Force,DEFINITIVE CONTRACT
CACI,"CACI NSS, LLC",70RFP321FCEH00012,2025-10-31,0.0,Department of Homeland Security,Office of Procurement Operations,BPA CALL
GD,"GENERAL DYNAMICS INFORMATION TECHNOLOGY, INC.",47QFLA22F0075,2025-10-31,0.0,General Services Administration,Federal Acquisition Service,DELIVERY ORDER
GD,"GENERAL DYNAMICS INFORMATION TECHNOLOGY, INC.",70RCSA20FR0000078,2025-10-31,0.0,Department of Homeland Security,Office of Procurement Operations,DELIVERY ORDER
GD,"GENERAL DYNAMICS MISSION SYSTEMS, INC.",FA823217C0001,2025-10-31,0.0,Department of Defense,Department of the Air Force,DEFINITIVE CONTRACT
GD,GENERAL DYNAMICS LAND SYSTEMS INC.,W56HZV22C0012,2025-10-31,0.0,Department of Defense,Department of the Army,DEFINITIVE CONTRACT
GD,GENERAL DYNAMICS LAND SYSTEMS INC.,W56HZV22C0012,2025-10-31,1996054.3,Department of Defense,Department of the Army,DEFINITIVE CONTRACT
GD,GENERAL DYNAMICS LAND SYSTEMS INC.,W912CH25F0124,2025-10-31,2404356.0,Department of Defense,Department of the Army,DELIVERY ORDER
HII,HUNTINGTON INGALLS INC,N0002418C4314,2025-10-31,0.0,Department of Defense,Department of the Navy,DEFINITIVE CONTRACT
IBM,INTERNATIONAL BUSINESS MACHINES CORPORATION,HC108426F0008,2025-10-31,0.0,Department of Defense,Defense Information Systems Agency,DELIVERY ORDER
LUNR,"INTUITIVE MACHINES, LLC",80GSFC25C0006,2025-10-31,0.0,National Aeronautics and Space Administration,National Aeronautics and Space Administration,DEFINITIVE CONTRACT
NOC,NORTHROP GRUMMAN SYSTEMS CORPORATION,FA821323F3725,2025-10-31,0.0,Department of Defense,Department of the Air Force,DELIVERY ORDER
NOC,NORTHROP GRUMMAN SYSTEMS CORPORATION,N6660424FC844,2025-10-31,0.0,Department of Defense,Department of the Navy,DELIVERY ORDER
NOC,NORTHROP GRUMMAN SYSTEMS CORPORATION,NNM07AA75C,2025-10-31,0.0,National Aeronautics and Space Administration,National Aeronautics and Space Administration,DEFINITIVE CONTRACT
NOC,NORTHROP GRUMMAN SYSTEMS CORPORATION,W31P4Q24F0055,2025-10-31,425505.34,Department of Defense,Department of the Army,DELIVERY ORDER
IBM,INTERNATIONAL BUSINESS MACHINES CORPORATION,36C10B19C0059,2025-11-01,0.0,Department of Veterans Affairs,Department of Veterans Affairs,DEFINITIVE CONTRACT
ACN,ACCENTURE FEDERAL SERVICES LLC,SP470125F0092,2025-11-03,0.0,Department of Defense,Defense Logistics Agency,BPA CALL
BA,THE BOEING COMPANY,FA811924F0072,2025-11-03,-44222.5,Department of Defense,Department of the Air Force,DELIVERY ORDER
BA,THE BOEING COMPANY,N0038325FSA02,2025-11-03,0.0,Department of Defense,Department of the Navy,DELIVERY ORDER
BA,THE BOEING COMPANY,SPE4A226F0009,2025-11-03,3061543.26,Department of Defense,Defense Logistics Agency,DELIVERY ORDER
HON,HONEYWELL INTERNATIONAL INC.,SPE7L126F0055,2025-11-03,3639266.8,Department of Defense,Defense Logistics Agency,DELIVERY ORDER
IBM,INTERNATIONAL BUSINESS MACHINES CORPORATION,HC108426F0009,2025-11-03,4131171.67,Department of Defense,Defense Information Systems Agency,DELIVERY ORDER
PSN,PARSONS GOVERNMENT SERVICES INC.,FA830725FB131,2025-11-03,0.0,Department of Defense,Department of the Air Force,DELIVERY ORDER
PSN,PARSONS GOVERNMENT SERVICES INC.,HB000123F1013,2025-11-03,3000000.0,Department of Defense,U.S. Cyber Command,DELIVERY ORDER
PSN,PARSONS GOVERNMENT SERVICES INC.,HQ085822C0005,2025-11-03,262000.0,Department of Defense,Missile Defense Agency,DEFINITIVE CONTRACT
ACN,ACCENTURE FEDERAL SERVICES LLC,89303025FIM000170,2025-11-04,0.0,Department of Energy,Department of Energy,BPA CALL
BA,THE BOEING COMPANY,N6833523F0457,2025-11-04,0.0,Department of Defense,Department of the Navy,DELIVERY ORDER
BAH,BOOZ ALLEN HAMILTON INC,47QFCA25F0036,2025-11-04,0.0,General Services Administration,Federal Acquisition Service,DELIVERY ORDER
HON,"HONEYWELL INTERNATIONAL, INC",0003,2025-11-04,2018355.87,Department of Defense,Department of the Army,DELIVERY ORDER
NOC,NORTHROP GRUMMAN SYSTEMS CORPORATION,00S3,2025-11-04,0.0,Department of Defense,Defense Logistics Agency,DELIVERY ORDER
NOC,NORTHROP GRUMMAN SYSTEMS CORPORATION,HY023325PE023,2025-11-04,710777.0,Department of Defense,Immediate Office of the Secretary of Defense,PURCHASE ORDER
BAH,BOOZ ALLEN HAMILTON INC,47QFCA24F0003,2025-11-05,993281.0,General Services Administration,Federal Acquisition Service,DELIVERY ORDER
BAH,BOOZ ALLEN HAMILTON INC,N0042125F3008,2025-11-05,0.0,Department of Defense,Department of the Navy,DELIVERY ORDER
CAT,CATERPILLAR INC,SPE8EC25F0470,2025-11-05,0.0,Department of Defense,Defense Logistics Agency,DELIVERY ORDER
HON,HONEYWELL INTERNATIONAL INC.,N0038322FX405,2025-11-05,5003.92,Department of Defense,Department of the Navy,DELIVERY ORDER
LDOS,"LEIDOS, INC.",HC102821F0002,2025-11-05,133025.01,Department of Defense,Defense Information Systems Agency,DELIVERY ORDER
LDOS,"LEIDOS, INC.",HT003820F0004,2025-11-05,0.0,Department of Defense,Defense Health Agency,DELIVERY ORDER
LDOS,"LEIDOS, INC.",HT003820F0010,2025-11-05,0.0,Department of Defense,Defense Health Agency,DELIVERY ORDER
LDOS,"LEIDOS, INC.",W5J9CQ25F0017,2025-11-05,0.0,Department of Defense,Department of the Army,DELIVERY ORDER
PSN,PARSONS GOVERNMENT SERVICES INC.,47QFCA21F0042,2025-11-05,0.0,General Services Administration,Federal Acquisition Service,DELIVERY ORDER
BAH,BOOZ ALLEN HAMILTON INC,N0042122F3009,2025-11-06,61660.02,Department of Defense,Department of the Navy,DELIVERY ORDER
CACI,"CACI NSS, LLC",19AQMM21F1762,2025-11-06,-300.0,Department of State,Department of State,DELIVERY ORDER
CACI,"CACI NSS, LLC",70RCSJ25FC0000006,2025-11-06,0.0,Department of Homeland Security,Office of Procurement Operations,BPA CALL
CACI,"CACI, INC. - FEDERAL",N0017824F3000,2025-11-06,90004.0,Department of Defense,Department of the Navy,DELIVERY ORDER
HON,HONEYWELL INTERNATIONAL INC.,W58RGZ24F0409,2025-11-06,0.0,Department of Defense,Department of the Army,DELIVERY ORDER
LDOS,"LEIDOS, INC.",FA807523F0051,2025-11-06,0.0,Department of Defense,Department of the Air Force,DELIVERY ORDER
LDOS,"LEIDOS, INC.",N6660424FA133,2025-11-06,-204000.0,Department of Defense,Department of the Navy,DELIVERY ORDER
BA,THE BOEING COMPANY,FA813420F0036,2025-11-07,0.0,Department of Defense,Department of the Air Force,DELIVERY ORDER
CACI,"CACI, INC. - FEDERAL",47QFCA19F0006,2025-11-07,1730169.0,General Services Administration,Federal Acquisition Service,DELIVERY ORDER
CACI,"CACI, INC. - FEDERAL",N6426724F3008,2025-11-07,0.0,Department of Defense,Department of the Navy,DELIVERY ORDER
PLTR,PALANTIR USG INC,19AQMM25F7270,2025-11-07,0.0,Department of State,Department of State,BPA CALL
BA,THE BOEING COMPANY,W58RGZ20F0242,2025-11-10,21920567.73,Department of Defense,Department of the Army,DELIVERY ORDER
PSN,PARSONS GOVERNMENT SERVICES INC.,47QFCA21F0042,2025-11-10,0.0,General Services Administration,Federal Acquisition Service,DELIVERY ORDER
BAH,BOOZ ALLEN HAMILTON INC,HR001122F0003,2025-11-11,418760.0,Department of Defense,Defense Advanced Research Projects Agency,DELIVERY ORDER
BA,THE BOEING COMPANY,FA811724F0089,2025-11-12,0.0,Department of Defense,Defense Contract Management Agency,DELIVERY ORDER
BA,THE BOEING COMPANY,FA813425F4202,2025-11-12,0.0,Department of Defense,Department of the Air Force,DELIVERY ORDER
BA,THE BOEING COMPANY,FA813425F4402,2025-11-12,0.0,Department of Defense,Department of the Air Force,DELIVERY ORDER
BA,THE BOEING COMPANY,N0038324FYY1T,2025-11-12,31641150.0,Department of Defense,Department of the Navy,DELIVERY ORDER
BA,THE BOEING COMPANY,W58RGZ13C0002,2025-11-12,0.0,Department of Defense,Defense Contract Management Agency,DEFINITIVE CONTRACT
GD,"GENERAL DYNAMICS INFORMATION TECHNOLOGY, INC.",47QFCA24F0014,2025-11-12,19506451.0,General Services Administration,Federal Acquisition Service,DELIVERY ORDER
GD,"GENERAL DYNAMICS INFORMATION TECHNOLOGY, INC.",68HERD24F0089,2025-11-12,0.0,Environmental Protection Agency,Environmental Protection Agency,BPA CALL
GD,GENERAL DYNAMICS LAND SYSTEMS INC.,SPRDL126C0009,2025-11-12,2764500.0,Department of Defense,Defense Logistics Agency,DEFINITIVE CONTRACT
GE,GENERAL ELECTRIC COMPANY,FA812226F0005,2025-11-12,4629191.44,Department of Defense,Department of the Air Force,DELIVERY ORDER
GE,GENERAL ELECTRIC COMPANY,N0001923C0013,2025-11-12,0.0,Department of Defense,Defense Contract Management Agency,DEFINITIVE CONTRACT
TXT,BELL TEXTRON INC,W58RGZ23C0019,2025-11-12,138643.0,Department of Defense,Department of the Army,DEFINITIVE CONTRACT
TXT,BELL TEXTRON INC,W58RGZ25F0272,2025-11-12,0.0,Department of Defense,Department of the Army,DELIVERY ORDER
GD,"GENERAL DYNAMICS INFORMATION TECHNOLOGY, INC.",140D0425F0719,2025-11-13,0.0,Department of the Interior,Departmental Offices,DELIVERY ORDER
GD,"GENERAL DYNAMICS INFORMATION TECHNOLOGY, INC.",140D0425F0775,2025-11-13,0.0,Department of the Interior,Departmental Offices,DELIVERY ORDER
GD,"GENERAL DYNAMICS MISSION SYSTEMS, INC.",FA830724FB017,2025-11-13,0.0,Department of Defense,Department of the Air Force,DELIVERY ORDER
GE,GENERAL ELECTRIC COMPANY,N0038325FZN01,2025-11-13,0.0,Department of Defense,Department of the Navy,DELIVERY ORDER
HII,HUNTINGTON INGALLS INC,N0002413C2112,2025-11-13,0.0,Department of Defense,Department of the Navy,DEFINITIVE CONTRACT
NOC,NORTHROP GRUMMAN SYSTEMS CORPORATION,FA853924F0052,2025-11-13,0.0,Department of Defense,Department of the Air Force,DELIVERY ORDER
NOC,NORTHROP GRUMMAN SYSTEMS CORPORATION,HQ085624F0001,2025-11-13,0.0,Department of Defense,Missile Defense Agency,DELIVERY ORDER
NOC,NORTHROP GRUMMAN SYSTEMS CORPORATION,N0042124F0475,2025-11-13,0.0,Department of Defense,Department of the Navy,DELIVERY ORDER
TXT,TEXTRON AVIATION DEFENSE LLC,FA861722C6238,2025-11-13,0.0,Department of Defense,Department of the Air Force,DEFINITIVE CONTRACT
BA,THE BOEING COMPANY,FA863424F0043,2025-11-14,0.0,Department of Defense,Department of the Air Force,DELIVERY ORDER
BA,BELL BOEING JOINT PROJECT OFFICE,N0001921F0030,2025-11-14,4388000.0,Department of Defense,Department of the Navy,DELIVERY ORDER
BA,BELL BOEING JOINT PROJECT OFFICE,N0001921F0327,2025-11-14,3575889.43,Department of Defense,Department of the Navy,DELIVERY ORDER
BAH,BOOZ ALLEN HAMILTON INC,75N98122F00001,2025-11-14,418000.0,Department of Health and Human Services,National Institutes of Health,DELIVERY ORDER
HII,HUNTINGTON INGALLS INC,N0002416C2116,2025-11-14,0.0,Department of Defense,Department of the Navy,DEFINITIVE CONTRACT
HII,HUNTINGTON INGALLS INC,N0002424C2106,2025-11-14,-39960000.0,Department of Defense,Department of the Navy,DEFINITIVE CONTRACT
ACN,ACCENTURE FEDERAL SERVICES LLC,70B04C23F00000074,2025-11-17,0.0,Department of Homeland Security,U.S. Customs and Border Protection,DELIVERY ORDER
BA,THE BOEING COMPANY,FA810525FB010,2025-11-17,0.0,Department of Defense,Department of the Air Force,DELIVERY ORDER
BA,THE BOEING COMPANY,H9224120F0020,2025-11-17,0.0,Department of Defense,Defense Contract Management Agency,DELIVERY ORDER
BA,THE BOEING COMPANY,H9224122F0002,2025-11-17,0.0,Department of Defense,Defense Contract Management Agency,DELIVERY ORDER
BA,THE BOEING COMPANY,W58RGZ25F0198,2025-11-17,0.0,Department of Defense,Department of the Army,DELIVERY ORDER
GE,GENERAL ELECTRIC COMPANY,N0042124F0038,2025-11-17,0.0,Department of Defense,Department of the Navy,DELIVERY ORDER
NOC,NORTHROP GRUMMAN SYSTEMS CORPORATION,80GSFC24CA045,2025-11-17,0.0,National Aeronautics and Space Administration,National Aeronautics and Space Administration,DEFINITIVE CONTRACT
NOC,NORTHROP GRUMMAN SYSTEMS CORPORATION,NNH15CN76C,2025-11-17,0.0,National Aeronautics and Space Administration,National Aeronautics and Space Administration,DEFINITIVE CONTRACT
PSN,PARSONS GOVERNMENT SERVICES INC.,FA460025F0098,2025-11-17,0.0,Department of Defense,Department of the Air Force,DELIVERY ORDER
BA,THE BOEING COMPANY,80MSFC20C0052,2025-11-18,0.0,National Aeronautics and Space Administration,National Aeronautics and Space Administration,DEFINITIVE CONTRACT
BA,THE BOEING COMPANY,FA880819C0001,2025-11-18,5000000.0,Department of Defense,Department of the Air Force,DEFINITIVE CONTRACT
BA,THE BOEING COMPANY,N0001922F0881,2025-11-18,99337.69,Department of Defense,Department of the Navy,DELIVERY ORDER
BA,BELL BOEING JOINT PROJECT OFFICE,SPRPA126FDN01,2025-11-18,0.0,Department of Defense,Defense Logistics Agency,DELIVERY ORDER
CACI,"CACI, INC. - FEDERAL",HDTRA123C0004,2025-11-18,200000.0,Department of Defense,Defense Threat Reduction Agency,DEFINITIVE CONTRACT
GD,"GENERAL DYNAMICS INFORMATION TECHNOLOGY, INC.",693KA724F00020,2025-11-18,-280000.0,Department of Transportation,Federal Aviation Administration,DELIVERY ORDER
GD,"GENERAL DYNAMICS INFORMATION TECHNOLOGY, INC.",75FCMC25FJ022,2025-11-18,0.0,Department of Health and Human Services,Centers for Medicare and Medicaid Services,DELIVERY ORDER
GD,"GENERAL DYNAMICS INFORMATION TECHNOLOGY, INC.",FA564124F0004,2025-11-18,5378391.0,Department of Defense,Department of the Air Force,DELIVERY ORDER
HON,HONEYWELL INTERNATIONAL INC.,SPRDL126C0013,2025-11-18,2915576.3,Department of Defense,Defense Logistics Agency,DEFINITIVE CONTRACT
ACN,ACCENTURE FEDERAL SERVICES LLC,12314418F0020,2025-11-19,0.0,Department of Agriculture,Office of the Chief Financial Officer,DELIVERY ORDER
ACN,ACCENTURE FEDERAL SERVICES LLC,89303022FIM000088,2025-11-19,0.0,Department of Energy,Department of Energy,BPA CALL
ETN,EATON AEROSPACE LLC,N0038325CB034,2025-11-19,-89527.5,Department of Defense,Department of the Navy,DEFINITIVE CONTRACT
GD,GENERAL DYNAMICS LAND SYSTEMS INC.,W31P4Q23F0015,2025-11-19,0.0,Department of Defense,Department of the Army,DELIVERY ORDER
GD,"GENERAL DYNAMICS GLOBAL FORCE, LLC",W909MY25F0055,2025-11-19,1006599.98,Department of Defense,Department of the Army,DELIVERY ORDER
HII,HUNTINGTON INGALLS INCORPORATED,N0002421C4205,2025-11-19,14617.0,Department of Defense,Department of the Navy,DEFINITIVE CONTRACT
HII,HUNTINGTON INGALLS INC,N0002424C2106,2025-11-19,0.0,Department of Defense,Department of the Navy,DEFINITIVE CONTRACT
HII,HUNTINGTON INGALLS INC,N5523624F9915,2025-11-19,0.0,Department of Defense,Department of the Navy,DELIVERY ORDER
HON,HONEYWELL INTERNATIONAL INC.,W15P7T25F0090,2025-11-19,0.0,Department of Defense,Department of the Army,DELIVERY ORDER
NOC,NORTHROP GRUMMAN SYSTEMS CORPORATION,HQ085625FE001,2025-11-19,23427000.0,Department of Defense,Missile Defense Agency,DELIVERY ORDER
NOC,NORTHROP GRUMMAN SYSTEMS CORPORATION,N0002422C5520,2025-11-19,487061.84,Department of Defense,Department of the Navy,DEFINITIVE CONTRACT
CAT,CATERPILLAR INC,SPE8EC25F0653,2025-11-20,0.0,Department of Defense,Defense Logistics Agency,DELIVERY ORDER
GD,"GENERAL DYNAMICS INFORMATION TECHNOLOGY, INC.",FA714625F0026,2025-11-20,0.0,Department of Defense,Department of the Air Force,DELIVERY ORDER
GD,GENERAL DYNAMICS ONE SOURCE LLC,FA824025F5002,2025-11-20,2258698.9,Department of Defense,Department of the Air Force,DELIVERY ORDER
GD,"GENERAL DYNAMICS ORDNANCE & TACTICAL SYSTEMS, INC.",W52P1J22F0285,2025-11-20,0.0,Department of Defense,Department of the Army,DELIVERY ORDER
GE,GENERAL ELECTRIC COMPANY,FA862626FB005,2025-11-20,44851.36,Department of Defense,Department of the Air Force,DELIVERY ORDER
GE,GENERAL ELECTRIC COMPANY,SPE4A225F1609,2025-11-20,0.0,Department of Defense,Defense Logistics Agency,DELIVERY ORDER
HII,HUNTINGTON INGALLS INC,N0002404C2105,2025-11-20,0.0,Department of Defense,Department of the Navy,DEFINITIVE CONTRACT
HII,HUNTINGTON INGALLS INCORPORATED,N0002418C2307,2025-11-20,36196.0,Department of Defense,Department of the Navy,DEFINITIVE CONTRACT
HII,HUNTINGTON INGALLS INCORPORATED,N0002418C2307,2025-11-20,0.0,Department of Defense,Department of the Navy,DEFINITIVE CONTRACT
HON,HONEYWELL INTERNATIONAL INC.,SPRPA126FE80C,2025-11-20,0.0,Department of Defense,Defense Logistics Agency,DELIVERY ORDER
LDOS,"LEIDOS, INC.",HC102821F0135,2025-11-20,0.0,Department of Defense,Defense Information Systems Agency,DELIVERY ORDER
LDOS,"LEIDOS, INC.",HC104724F0005,2025-11-20,203976.27,Department of Defense,Defense Information Systems Agency,DELIVERY ORDER
LDOS,"LEIDOS, INC.",N6883625F7KVQ,2025-11-20,-329.0,Department of Defense,Department of the Navy,DELIVERY ORDER
NOC,NORTHROP GRUMMAN SYSTEMS CORPORATION,FA811822C0004,2025-11-20,0.0,Department of Defense,Department of the Air Force,DEFINITIVE CONTRACT
NOC,NORTHROP GRUMMAN SYSTEMS CORPORATION,FA869023FB002,2025-11-20,0.0,Department of Defense,Department of the Air Force,DELIVERY ORDER
NOC,NORTHROP GRUMMAN SYSTEMS CORPORATION,N0001918C1037,2025-11-20,5000000.0,Department of Defense,Department of the Navy,DEFINITIVE CONTRACT
NOC,NORTHROP GRUMMAN SYSTEMS CORPORATION,N0038325FN31D,2025-11-20,0.0,Department of Defense,Department of the Navy,DELIVERY ORDER
SPR,SPIRIT AEROSYSTEMS INC,HR001124C0400,2025-11-20,458002.0,Department of Defense,Defense Advanced Research Projects Agency,DEFINITIVE CONTRACT
TXT,TEXTRON AVIATION DEFENSE LLC,FA861721C6235,2025-11-20,3449612.0,Department of Defense,Department of the Air Force,DEFINITIVE CONTRACT
BA,THE BOEING COMPANY,FA811920F0047,2025-11-21,0.0,Department of Defense,Department of the Air Force,DELIVERY ORDER
BA,THE BOEING COMPANY,NNK16MA04T,2025-11-21,0.0,National Aeronautics and Space Administration,National Aeronautics and Space Administration,DELIVERY ORDER
CACI,"CACI, INC. - FEDERAL",FA807522F0030,2025-11-21,3000000.0,Department of Defense,Department of the Air Force,DELIVERY ORDER
CACI,"CACI TECHNOLOGIES, LLC",W56KGU23F0014,2025-11-21,341955.64,Department of Defense,Department of the Army,DELIVERY ORDER
ETN,"EATON AEROSPACE, LLC",SPRRA224C0013,2025-11-21,0.0,Department of Defense,Defense Logistics Agency,DEFINITIVE CONTRACT
GD,"GENERAL DYNAMICS INFORMATION TECHNOLOGY, INC.",47QFMA21F0003,2025-11-21,6991828.93,General Services Administration,Federal Acquisition Service,DELIVERY ORDER
GD,"GENERAL DYNAMICS GLOBAL FORCE, LLC",W56JSR21F0043,2025-11-21,0.0,Department of Defense,Department of the Army,DELIVERY ORDER
GE,GENERAL ELECTRIC COMPANY,N0038325FTF0F,2025-11-21,0.0,Department of Defense,Department of the Navy,DELIVERY ORDER
IBM,INTERNATIONAL BUSINESS MACHINES CORPORATION,47PB0023F0203,2025-11-21,422953.2,General Services Administration,Public Buildings Service,DELIVERY ORDER
GD,GENERAL DYNAMICS LAND SYSTEMS INC.,W56HZV20C0031,2025-11-23,441602.17,Department of Defense,Department of the Army,DEFINITIVE CONTRACT
BKSY,"BLACKSKY GEOSPATIAL SOLUTIONS, LLC",FA238524CB039,2025-11-24,100000.0,Department of Defense,Department of the Air Force,DEFINITIVE CONTRACT
TXT,TEXTRON SYSTEMS CORPORATION,N0002425C6309,2025-11-24,583851.12,Department of Defense,Department of the Navy,DEFINITIVE CONTRACT
CACI,"CACI, INC. - FEDERAL",80TECH24CA002,2025-11-25,2433047.12,National Aeronautics and Space Administration,National Aeronautics and Space Administration,DEFINITIVE CONTRACT
CACI,"CACI NSS, LLC",FA489021F0010,2025-11-25,2796190.26,Department of Defense,Department of the Air Force,DELIVERY ORDER
CACI,"CACI, INC. - FEDERAL",FA873024FB008,2025-11-26,1095000.0,Department of Defense,Department of the Air Force,DELIVERY ORDER
GE,GENERAL ELECTRIC COMPANY,N0038321F0UK1,2025-11-26,-128000.0,Department of Defense,Department of the Navy,DELIVERY ORDER
HII,HUNTINGTON INGALLS INC,N0002415C2114,2025-11-26,1314174.0,Department of Defense,Department of the Navy,DEFINITIVE CONTRACT
HII,HUNTINGTON INGALLS INC,N0002425C2122,2025-11-26,1200000.0,Department of Defense,Department of the Navy,DEFINITIVE CONTRACT
IBM,INTERNATIONAL BUSINESS MACHINES CORPORATION,2032H524F00077,2025-11-26,69821.57,Department of the Treasury,Internal Revenue Service,DELIVERY ORDER
IBM,INTERNATIONAL BUSINESS MACHINES CORPORATION,FA714625C0030,2025-11-26,0.0,Department of Defense,Department of the Air Force,DEFINITIVE CONTRACT
CACI,"CACI TECHNOLOGIES, LLC",0008,2025-11-28,-464426.18,Department of Defense,Department of the Navy,DELIVERY ORDER
CACI,"CACI, INC. - FEDERAL",M6785425F7600,2025-11-28,0.0,Department of Defense,Department of the Navy,DELIVERY ORDER
GD,"GENERAL DYNAMICS INFORMATION TECHNOLOGY, INC.",IND17PD00060,2025-11-28,15413.87,Department of the Interior,Departmental Offices,DELIVERY ORDER
IBM,INTERNATIONAL BUSINESS MACHINES CORPORATION,HS002126FE004,2025-11-28,1050910.4,Department of Defense,Defense Counterintelligence and Security Agency,DELIVERY ORDER
BAH,BOOZ ALLEN HAMILTON INC,80JSC025FA169,2025-12-01,348883.0,National Aeronautics and Space Administration,National Aeronautics and Space Administration,BPA CALL
BAH,BOOZ ALLEN HAMILTON INC,FA807525F0035,2025-12-01,0.0,Department of Defense,Department of the Air Force,DELIVERY ORDER
ETN,"EATON AEROSPACE, LLC",SPRRA224C0009,2025-12-01,0.0,Department of Defense,Defense Logistics Agency,DEFINITIVE CONTRACT
HON,"HONEYWELL FEDERAL MANUFACTURING & TECHNOLOGIES, LLC",DENA0002839,2025-12-01,0.0,Department of Energy,Department of Energy,DEFINITIVE CONTRACT
HON,HONEYWELL INTERNATIONAL INC.,N0001924F5556,2025-12-01,8501835.2,Department of Defense,Department of the Navy,DELIVERY ORDER
LDOS,"LEIDOS, INC.",HR001124C0438,2025-12-01,0.0,Department of Defense,Defense Advanced Research Projects Agency,DEFINITIVE CONTRACT
BA,THE BOEING COMPANY,0002,2025-12-02,0.0,Department of Defense,Defense Contract Management Agency,DELIVERY ORDER
BA,THE BOEING COMPANY,FA821424F0001,2025-12-02,0.0,Department of Defense,Department of the Air Force,DELIVERY ORDER
BA,THE BOEING COMPANY,H9224120F0020,2025-12-02,0.0,Department of Defense,Defense Contract Management Agency,DELIVERY ORDER
BA,THE BOEING COMPANY,H9224122F0002,2025-12-02,0.0,Department of Defense,Defense Contract Management Agency,DELIVERY ORDER
BA,THE BOEING COMPANY,N6893618F0667,2025-12-02,0.0,Department of Defense,Department of the Navy,DELIVERY ORDER
BA,THE BOEING COMPANY,SPE4AX26F3118,2025-12-02,0.0,Department of Defense,Defense Logistics Agency,DELIVERY ORDER
BA,THE BOEING COMPANY,W58RGZ13C0002,2025-12-02,0.0,Department of Defense,Department of the Army,DEFINITIVE CONTRACT
GD,"GENERAL DYNAMICS INFORMATION TECHNOLOGY, INC.",47QFCA25F0018,2025-12-02,0.0,General Services Administration,Federal Acquisition Service,DELIVERY ORDER
GD,"GENERAL DYNAMICS INFORMATION TECHNOLOGY, INC.",693KA723F00011,2025-12-02,660000.0,Department of Transportation,Federal Aviation Administration,DELIVERY ORDER
GD,"GENERAL DYNAMICS OTS (WILKES BARRE), LLC",W519TC24F0346,2025-12-02,0.0,Department of Defense,Department of the Army,DELIVERY ORDER
GE,GENERAL ELECTRIC COMPANY,N0001918C1007,2025-12-02,0.0,Department of Defense,Defense Contract Management Agency,DEFINITIVE CONTRACT
HII,HUNTINGTON INGALLS INCORPORATED,N0002419C4313,2025-12-02,956288.0,Department of Defense,Department of the Navy,DEFINITIVE CONTRACT
HII,HUNTINGTON INGALLS INCORPORATED,N0002425C4229,2025-12-02,1767660.0,Department of Defense,Department of the Navy,DEFINITIVE CONTRACT
IBM,INTERNATIONAL BUSINESS MACHINES CORPORATION,15DDHQ23F00001237,2025-12-02,4026.0,Department of Justice,Drug Enforcement Administration,DELIVERY ORDER
LDOS,"LEIDOS, INC.",47QFNA20F0086,2025-12-02,11592.29,General Services Administration,Federal Acquisition Service,DELIVERY ORDER
LDOS,"LEIDOS, INC.",N6264521F0119,2025-12-02,664923.0,Department of Defense,Department of the Navy,DELIVERY ORDER
GE,GENERAL ELECTRIC COMPANY,FA812225F0002,2025-12-03,1549023.21,Department of Defense,Department of the Air Force,DELIVERY ORDER
IBM,INTERNATIONAL BUSINESS MACHINES CORPORATION,15BNAS21FRCA00031,2025-12-03,1469727.82,Department of Justice,Federal Prison System / Bureau of Prisons,DELIVERY ORDER
IBM,INTERNATIONAL BUSINESS MACHINES CORPORATION,60RRBH21F0040,2025-12-03,-88.61,Railroad Retirement Board,Railroad Retirement Board,DELIVERY ORDER
KTOS,"KRATOS UNMANNED AERIAL SYSTEMS, INC",N0001925C0066,2025-12-03,0.0,Department of Defense,Department of the Navy,DEFINITIVE CONTRACT
PSN,PARSONS GOVERNMENT SERVICES INC.,47QFCA21F0042,2025-12-03,5443577.0,General Services Administration,Federal Acquisition Service,DELIVERY ORDER
PSN,PARSONS TECHNICAL SERVICES INC,FA881020C0002,2025-12-03,800000.0,Department of Defense,Department of the Air Force,DEFINITIVE CONTRACT
ACN,ACCENTURE FEDERAL SERVICES LLC,FA714623F0013,2025-12-04,0.0,Department of Defense,Department of the Air Force,DELIVERY ORDER
BA,THE BOEING COMPANY,FA810616C0001,2025-12-04,0.0,Department of Defense,Department of the Air Force,DEFINITIVE CONTRACT
BA,THE BOEING COMPANY,HQ085622F0005,2025-12-04,26634232.0,Department of Defense,Missile Defense Agency,DELIVERY ORDER
BAH,BOOZ ALLEN HAMILTON INC,47QFCA22F0047,2025-12-04,1087805.0,General Services Administration,Federal Acquisition Service,DELIVERY ORDER
BAH,BOOZ ALLEN HAMILTON INC,N6133121F3006,2025-12-04,300000.0,Department of Defense,Department of the Navy,DELIVERY ORDER
CACI,ESTUDIOS EDIFICACIONES E INTERVENTORIAS EN INGENIERIA EEII S A S,19AQMM25C0087,2025-12-04,0.0,Department of State,Department of State,DEFINITIVE CONTRACT
GD,"GENERAL DYNAMICS INFORMATION TECHNOLOGY, INC.",89303022FCF000025,2025-12-04,28500.0,Department of Energy,Department of Energy,BPA CALL
GD,"GENERAL DYNAMICS INFORMATION TECHNOLOGY, INC.",N5005424F1005,2025-12-04,0.0,Department of Defense,Department of the Navy,DELIVERY ORDER
GE,GENERAL ELECTRIC COMPANY,80GRC024CA009,2025-12-04,0.0,National Aeronautics and Space Administration,National Aeronautics and Space Administration,DEFINITIVE CONTRACT
GE,GENERAL ELECTRIC COMPANY,FA862626FB006,2025-12-04,0.0,Department of Defense,Department of the Air Force,DELIVERY ORDER
NOC,NORTHROP GRUMMAN SYSTEMS CORPORATION,FA229125CB003,2025-12-04,0.0,Department of Defense,Department of the Air Force,DEFINITIVE CONTRACT
NOC,NORTHROP GRUMMAN SYSTEMS CORP,FA811025F0001,2025-12-04,0.0,Department of Defense,Department of the Air Force,DELIVERY ORDER
NOC,NORTHROP GRUMMAN SYSTEMS CORP,FA811026FB003,2025-12-04,1059259.0,Department of Defense,Department of the Air Force,DELIVERY ORDER
NOC,NORTHROP GRUMMAN SYSTEMS CORPORATION,FA857823F0001,2025-12-04,21555994.0,Department of Defense,Department of the Air Force,DELIVERY ORDER
NOC,NORTHROP GRUMMAN SYSTEMS CORPORATION,FA863825FB007,2025-12-04,5151.0,Department of Defense,Department of the Air Force,DELIVERY ORDER
NOC,NORTHROP GRUMMAN SYSTEMS CORPORATION,N3904025C2845,2025-12-04,0.0,Department of Defense,Department of the Navy,DEFINITIVE CONTRACT
BA,THE BOEING COMPANY,FA880622F0008,2025-12-05,0.0,Department of Defense,Department of the Air Force,DELIVERY ORDER
GD,GENERAL DYNAMICS INFORMATION TECHNOLOGY INC.,AIDCION000900013,2025-12-05,-26052.54,Agency for International Development,Agency for International Development,DELIVERY ORDER
GD,"GENERAL DYNAMICS INFORMATION TECHNOLOGY, INC.",DTFAWA10D00003CALL0002,2025-12-05,2020000.0,Department of Transportation,Federal Aviation Administration,DELIVERY ORDER
GD,GENERAL DYNAMICS LAND SYSTEMS INC.,SPRDL126C0015,2025-12-05,7903653.42,Department of Defense,Defense Logistics Agency,DEFINITIVE CONTRACT
GD,"GENERAL DYNAMICS ORDNANCE & TACTICAL SYSTEMS, INC.",W15QKN25F0264,2025-12-05,0.0,Department of Defense,Department of the Army,DELIVERY ORDER
GE,GENERAL ELECTRIC COMPANY,FA862626FB005,2025-12-05,0.0,Department of Defense,Department of the Air Force,DELIVERY ORDER
ACN,ACCENTURE FEDERAL SERVICES LLC,140D0424F1031,2025-12-08,-236970.55,Department of the Interior,Departmental Offices,DELIVERY ORDER
ACN,ACCENTURE FEDERAL SERVICES LLC,FA714625F0032,2025-12-08,1500000.0,Department of Defense,Department of the Air Force,DELIVERY ORDER
ACN,ACCENTURE FEDERAL SERVICES LLC,FA820422F0001,2025-12-08,5145883.5,Department of Defense,Department of the Air Force,DELIVERY ORDER
BAH,BOOZ ALLEN HAMILTON INC,GSQ0417DB0035,2025-12-08,-71793.85,General Services Administration,Federal Acquisition Service,DELIVERY ORDER
BAH,BOOZ ALLEN HAMILTON INC,HDTRA122F0030,2025-12-08,0.0,Department of Defense,Defense Threat Reduction Agency,DELIVERY ORDER
BAH,BOOZ ALLEN HAMILTON INC,N6523624F3010,2025-12-08,5051773.51,Department of Defense,Department of the Navy,DELIVERY ORDER
CACI,"CACI, INC. - FEDERAL",FA822724F0041,2025-12-08,0.0,Department of Defense,Department of the Air Force,DELIVERY ORDER
NOC,NORTHROP GRUMMAN SYSTEMS CORPORATION,FA854024F0006,2025-12-08,-68247.45,Department of Defense,Defense Contract Management Agency,DELIVERY ORDER
NOC,NORTHROP GRUMMAN SYSTEMS CORPORATION,N3904025C2844,2025-12-08,0.0,Department of Defense,Department of the Navy,DEFINITIVE CONTRACT
PSN,PARSONS GOVERNMENT SERVICES INC.,W912P722F0037,2025-12-08,0.0,Department of Defense,Department of the Army,DELIVERY ORDER
ACN,ACCENTURE FEDERAL SERVICES LLC,9531CB22F0062,2025-12-09,-1871070.38,Consumer Financial Protection Bureau,Consumer Financial Protection Bureau,DELIVERY ORDER
ACN,ACCENTURE FEDERAL SERVICES LLC,FA830725FB032,2025-12-09,412931.54,Department of Defense,Department of the Air Force,DELIVERY ORDER
ETN,EATON CORPORATION,N0002423C4114,2025-12-09,0.0,Department of Defense,Department of the Navy,DEFINITIVE CONTRACT
KTOS,"KRATOS UNMANNED AERIAL SYSTEMS, INC",N0001925C0066,2025-12-09,835918.0,Department of Defense,Department of the Navy,DEFINITIVE CONTRACT
PSN,PARSONS GOVERNMENT SERVICES INC.,HQ085822C0005,2025-12-09,2262500.0,Department of Defense,Missile Defense Agency,DEFINITIVE CONTRACT
TXT,BELL TEXTRON INC,W58RGZ23C0001,2025-12-09,0.0,Department of Defense,Department of the Army,DEFINITIVE CONTRACT
BAH,BOOZ ALLEN HAMILTON INC,N0042125F3014,2025-12-10,0.0,Department of Defense,Department of the Navy,DELIVERY ORDER
GE,GENERAL ELECTRIC COMPANY,FA239124CB006,2025-12-10,396973.94,Department of Defense,Department of the Air Force,DEFINITIVE CONTRACT
HII,HUNTINGTON INGALLS INCORPORATED,N0002421C4205,2025-12-10,2569343.0,Department of Defense,Department of the Navy,DEFINITIVE CONTRACT
HII,HUNTINGTON INGALLS INC,N0002422C2105,2025-12-10,2500000.0,Department of Defense,Department of the Navy,DEFINITIVE CONTRACT
KTOS,"KRATOS S2, INC",47QFCA20C0019,2025-12-10,1096875.0,General Services Administration,Federal Acquisition Service,DEFINITIVE CONTRACT
LDOS,"LEIDOS, INC.",693KA721C00002,2025-12-10,-183795.96,Department of Transportation,Federal Aviation Administration,DEFINITIVE CONTRACT
LDOS,"LEIDOS, INC.",HT003825F0012,2025-12-10,27385.0,Department of Defense,Defense Health Agency,DELIVERY ORDER
LDOS,"LEIDOS, INC.",W15P7T24F0017,2025-12-10,0.0,Department of Defense,Department of the Army,DELIVERY ORDER
CACI,"CACI, INC. - FEDERAL",80TECH24CA002,2025-12-11,6039468.66,National Aeronautics and Space Administration,National Aeronautics and Space Administration,DEFINITIVE CONTRACT
HON,HONEYWELL INTERNATIONAL INC.,N0038325CD021,2025-12-11,0.0,Department of Defense,Department of the Navy,DEFINITIVE CONTRACT
PLTR,PALANTIR USG INC,W519TC26F0012,2025-12-11,18278143.0,Department of Defense,Department of the Army,DELIVERY ORDER
VSEC,VSE CORPORATION,N0017419F3003,2025-12-11,0.0,Department of Defense,Department of the Navy,DELIVERY ORDER
BA,THE BOEING COMPANY,FA821723F0567,2025-12-12,45027.0,Department of Defense,Department of the Air Force,DELIVERY ORDER
BA,THE BOEING COMPANY,FA863418C2701,2025-12-12,0.0,Department of Defense,Department of the Air Force,DEFINITIVE CONTRACT
CACI,"CACI, INC. - FEDERAL",N0017824F3000,2025-12-12,518537.44,Department of Defense,Department of the Navy,DELIVERY ORDER
GE,GENERAL ELECTRIC COMPANY,SPRRA122F0130,2025-12-12,0.0,Department of Defense,Defense Logistics Agency,DELIVERY ORDER
PLTR,PALANTIR USG INC,W56KGY26F0005,2025-12-12,9172064.75,Department of Defense,Department of the Army,DELIVERY ORDER
CAT,CATERPILLAR INC,W912CH25F0001,2025-12-15,1958703.57,Department of Defense,Department of the Army,DELIVERY ORDER
GE,GENERAL ELECTRIC COMPANY,FA239125CB020,2025-12-15,175335.0,Department of Defense,Department of the Air Force,DEFINITIVE CONTRACT
LDOS,"LEIDOS, INC.",DTFA0101CA0065CALL0001,2025-12-15,750000.0,Department of Transportation,Federal Aviation Administration,DELIVERY ORDER
LDOS,"LEIDOS, INC.",FA865022F1021,2025-12-15,0.0,Department of Defense,Department of the Air Force,DELIVERY ORDER
NOC,NORTHROP GRUMMAN SYSTEMS CORPORATION,FA823218F0173,2025-12-15,0.0,Department of Defense,Department of the Air Force,DELIVERY ORDER
NOC,NORTHROP GRUMMAN SYSTEMS CORPORATION,HTC71120FD069,2025-12-15,443390.22,Department of Defense,USTRANSCOM,DELIVERY ORDER
NOC,NORTHROP GRUMMAN SYSTEMS CORPORATION,N0001918C1037,2025-12-15,0.0,Department of Defense,Department of the Navy,DEFINITIVE CONTRACT
NOC,NORTHROP GRUMMAN SYSTEMS CORPORATION,N0001922F0014,2025-12-15,0.0,Department of Defense,Department of the Navy,DELIVERY ORDER
PSN,PARSONS GOVERNMENT SERVICES INC.,FA830725FB131,2025-12-15,500000.0,Department of Defense,Department of the Air Force,DELIVERY ORDER
TXT,TEXTRON AVIATION INC,N0001923C0020,2025-12-15,0.0,Department of Defense,Department of the Navy,DEFINITIVE CONTRACT
TXT,TEXTRON SYSTEMS CORPORATION,N0001923F2544,2025-12-15,5785226.4,Department of Defense,Department of the Navy,DELIVERY ORDER
BKSY,"BLACKSKY GEOSPATIAL SOLUTIONS, LLC",FA238524CB039,2025-12-16,0.0,Department of Defense,Department of the Air Force,DEFINITIVE CONTRACT
CACI,"CACI NSS, LLC",47QFCA20F0002,2025-12-16,-570593.16,General Services Administration,Federal Acquisition Service,DELIVERY ORDER
CAT,CATERPILLAR INC,SPE8EC26F0110,2025-12-16,1607235.0,Department of Defense,Defense Logistics Agency,DELIVERY ORDER
HON,HONEYWELL INTERNATIONAL INC.,FA465925P0001,2025-12-16,0.0,Department of Defense,Department of the Air Force,PURCHASE ORDER
HON,"HONEYWELL INTERNATIONAL, INC",GSP0816JE7081,2025-12-16,0.0,General Services Administration,Public Buildings Service,DELIVERY ORDER
HON,HONEYWELL INTERNATIONAL INC.,SPE4A526F0990,2025-12-16,0.0,Department of Defense,Defense Logistics Agency,DELIVERY ORDER
NOC,NORTHROP GRUMMAN SYSTEMS CORPORATION,FA872623F0028,2025-12-16,3416587.63,Department of Defense,Department of the Air Force,DELIVERY ORDER
NOC,NORTHROP GRUMMAN SYSTEMS CORPORATION,N0001923F0007,2025-12-16,29021.0,Department of Defense,Department of the Navy,DELIVERY ORDER
NOC,NORTHROP GRUMMAN SYSTEMS CORPORATION,SPE7L125F6435,2025-12-16,0.0,Department of Defense,Defense Logistics Agency,DELIVERY ORDER
TXT,TEXTRON AVIATION DEFENSE LLC,FA810624F0009,2025-12-16,31283.01,Department of Defense,Department of the Air Force,DELIVERY ORDER
TXT,TEXTRON SYSTEMS CORPORATION,W56HZV24C0029,2025-12-16,0.0,Department of Defense,Department of the Army,DEFINITIVE CONTRACT
CACI,"CACI, INC. - FEDERAL",FA221725FB001,2025-12-17,2128372.8,Department of Defense,Department of the Air Force,DELIVERY ORDER
GE,GENERAL ELECTRIC COMPANY,FA862621F1100,2025-12-17,0.0,Department of Defense,Department of the Air Force,DELIVERY ORDER
GE,GENERAL ELECTRIC COMPANY,SPE4A726F1856,2025-12-17,5422055.16,Department of Defense,Defense Logistics Agency,DELIVERY ORDER
GE,GENERAL ELECTRIC COMPANY,SPRMM126FR902,2025-12-17,5783904.0,Department of Defense,Defense Logistics Agency,DELIVERY ORDER
LDOS,"LEIDOS, INC.",FA873021F8504,2025-12-17,96000.0,Department of Defense,Department of the Air Force,DELIVERY ORDER
RDW,"REDWIRE SPACE TECHNOLOGIES, INC.",80JSC017F0009,2025-12-17,-67500.0,National Aeronautics and Space Administration,National Aeronautics and Space Administration,DELIVERY ORDER
ACN,ACCENTURE FEDERAL SERVICES LLC,SP470923F0028,2025-12-18,-63252.91,Department of Defense,Defense Logistics Agency,DELIVERY ORDER
CAT,CATERPILLAR INC,SPE8EC24F0713,2025-12-18,0.0,Department of Defense,Defense Logistics Agency,DELIVERY ORDER
CAT,CATERPILLAR INC,SPE8EC25F0031,2025-12-18,0.0,Department of Defense,Defense Logistics Agency,DELIVERY ORDER
IBM,INTERNATIONAL BUSINESS MACHINES CORPORATION,2032H524F00199,2025-12-18,900000.0,Department of the Treasury,Internal Revenue Service,DELIVERY ORDER
IBM,INTERNATIONAL BUSINESS MACHINES CORPORATION,IND15PD01262,2025-12-18,0.0,Department of the Interior,Departmental Offices,DELIVERY ORDER
ACN,ACCENTURE FEDERAL SERVICES LLC,19AQMM23F3430,2025-12-19,71977.12,Department of State,Department of State,BPA CALL
ACN,ACCENTURE FEDERAL SERVICES LLC,70T03024F7667N089,2025-12-19,0.0,Department of Homeland Security,Transportation Security Administration,BPA CALL
ACN,ACCENTURE FEDERAL SERVICES LLC,89303024FIM000140,2025-12-19,3494535.94,Department of Energy,Department of Energy,BPA CALL
HON,HONEYWELL INTERNATIONAL INC.,FA239125CB021,2025-12-19,120000.0,Department of Defense,Department of the Air Force,DEFINITIVE CONTRACT
PSN,PARSONS GOVERNMENT SERVICES INC.,HT942523F0316,2025-12-19,0.0,Department of Defense,Defense Health Agency,DELIVERY ORDER
ROK,ROCKWELL AUTOMATION INC,N6449826FX023,2025-12-19,1119104.34,Department of Defense,Department of the Navy,DELIVERY ORDER
SPR,SPIRIT AEROSYSTEMS INC,HR001124C0400,2025-12-19,2000000.0,Department of Defense,Defense Advanced Research Projects Agency,DEFINITIVE CONTRACT
NOC,NORTHROP GRUMMAN SYSTEMS CORPORATION,W31P4Q22F0031,2025-12-21,0.0,Department of Defense,Department of the Army,DELIVERY ORDER
ACN,ACCENTURE FEDERAL SERVICES LLC,70T03026F7667N005,2025-12-22,1521272.31,Department of Homeland Security,Transportation Security Administration,BPA CALL
ACN,ACCENTURE FEDERAL SERVICES LLC,SP470924F0057,2025-12-22,-4126.82,Department of Defense,Defense Logistics Agency,DELIVERY ORDER
KTOS,"KRATOS DEFENSE & ROCKET SUPPORT SERVICES, INC",HQ014718C0025,2025-12-22,-6177.19,Department of Defense,Missile Defense Agency,DEFINITIVE CONTRACT
TXT,TEXTRON SYSTEMS CORPORATION,N0001924F0023,2025-12-22,11076217.84,Department of Defense,Department of the Navy,DELIVERY ORDER
HII,HUNTINGTON INGALLS INC,N5523626F9934,2025-12-23,649319.0,Department of Defense,Department of the Navy,DELIVERY ORDER
PSN,PARSONS GOVERNMENT SERVICES INC.,FA881119F0003,2025-12-23,1291406.46,Department of Defense,Department of the Air Force,DELIVERY ORDER
SATL,IRIDIUM SATELLITE LLC,HC101324F0052,2025-12-23,0.0,Department of Defense,Defense Information Systems Agency,DELIVERY ORDER
WWD,WOODWARD HRT INC,N0038322FYN05,2025-12-23,134722.23,Department of Defense,Department of the Navy,DELIVERY ORDER
NOC,NORTHROP GRUMMAN SYSTEMS CORP,FA861623F1003,2025-12-24,87592.0,Department of Defense,Department of the Air Force,DELIVERY ORDER
GD,"GENERAL DYNAMICS INFORMATION TECHNOLOGY, INC.",47QFCA21F0051,2025-12-28,11096755.0,General Services Administration,Federal Acquisition Service,DELIVERY ORDER
BA,THE BOEING COMPANY,FA810726FB005,2025-12-29,9486097.46,Department of Defense,Department of the Air Force,DELIVERY ORDER
GD,"GENERAL DYNAMICS INFORMATION TECHNOLOGY, INC.",47QFSA21F0094,2025-12-29,544318.91,General Services Administration,Federal Acquisition Service,BPA CALL
GD,"GENERAL DYNAMICS ORDNANCE & TACTICAL SYSTEMS, INC.",W519TC24F0161,2025-12-29,0.0,Department of Defense,Department of the Army,DELIVERY ORDER
GD,GENERAL DYNAMICS LAND SYSTEMS INC.,W912CH24F0007,2025-12-29,0.0,Department of Defense,Department of the Army,DELIVERY ORDER
GE,GENERAL ELECTRIC COMPANY,FA862626FB004,2025-12-29,0.0,Department of Defense,Department of the Air Force,DELIVERY ORDER
NOC,NORTHROP GRUMMAN SYSTEMS CORPORATION,N0038322FZJ09,2025-12-29,271942.0,Department of Defense,Department of the Navy,DELIVERY ORDER
HII,HUNTINGTON INGALLS INC,N0002426C2100,2025-12-30,755483.0,Department of Defense,Department of the Navy,DEFINITIVE CONTRACT
IBM,INTERNATIONAL BUSINESS MACHINES CORPORATION,36C10B23F0039,2025-12-30,71062830.36,Department of Veterans Affairs,Department of Veterans Affairs,DELIVERY ORDER
NOC,NORTHROP GRUMMAN SYSTEMS CORPORATION,N0038326FS50M,2025-12-30,1899506.0,Department of Defense,Department of the Navy,DELIVERY ORDER
NOC,NORTHROP GRUMMAN SYSTEMS CORPORATION,W52P1J22C0009,2025-12-30,223089.0,Department of Defense,Department of the Army,DEFINITIVE CONTRACT
PLTR,PALANTIR USG INC,W91QVN26FA191,2025-12-30,1301476.8,Department of Defense,Department of the Army,DELIVERY ORDER
BAH,BOOZ ALLEN HAMILTON INC,N0042122F3009,2025-12-31,2022705.59,Department of Defense,Department of the Navy,DELIVERY ORDER
CACI,"CACI, INC. - FEDERAL",70FA5023F00000114,2025-12-31,0.0,Department of Homeland Security,Federal Emergency Management Agency,DELIVERY ORDER
PSN,PARSONS GOVERNMENT SERVICES INC.,89233123FNA000111,2025-12-31,1903115.63,Department of Energy,Department of Energy,BPA CALL
PSN,AMENTUM PARSONS LOGISTICS SERVICES LLC,W519TC24F0212,2025-12-31,40000000.0,Department of Defense,Department of the Army,DELIVERY ORDER
HII,HUNTINGTON INGALLS INCORPORATED,N0002425C4229,2026-01-05,128346.0,Department of Defense,Department of the Navy,DEFINITIVE CONTRACT
GE,GENERAL ELECTRIC COMPANY,N0038326FZN01,2026-01-06,211173098.88,Department of Defense,Department of the Navy,DELIVERY ORDER
IBM,INTERNATIONAL BUSINESS MACHINES CORPORATION,273FCC22F0168,2026-01-06,850963.24,Federal Communications Commission,Federal Communications Commission,DELIVERY ORDER
BA,THE BOEING COMPANY,FA810722F5002,2026-01-07,0.0,Department of Defense,Department of the Air Force,DELIVERY ORDER
BA,THE BOEING COMPANY,FA821415C0001,2026-01-07,6640103.83,Department of Defense,Department of the Air Force,DEFINITIVE CONTRACT
BA,THE BOEING COMPANY,FA868121F1003,2026-01-07,0.0,Department of Defense,Department of the Air Force,DELIVERY ORDER
BA,BELL BOEING JOINT PROJECT OFFICE,N0001924F0014,2026-01-07,0.0,Department of Defense,Defense Contract Management Agency,DELIVERY ORDER
BAH,BOOZ ALLEN HAMILTON INC,FA875025CB022,2026-01-07,50000.0,Department of Defense,Department of the Air Force,DEFINITIVE CONTRACT
BAH,BOOZ ALLEN HAMILTON INC,FA875025FB009,2026-01-07,1383000.0,Department of Defense,Department of the Air Force,DELIVERY ORDER
GD,"GENERAL DYNAMICS INFORMATION TECHNOLOGY, INC.",19AQMM21F4553,2026-01-07,-4230600.06,Department of State,Department of State,DELIVERY ORDER
GD,"GENERAL DYNAMICS ORDNANCE & TACTICAL SYSTEMS, INC.",W519TC24F0161,2026-01-07,0.0,Department of Defense,Department of the Army,DELIVERY ORDER
GD,"GENERAL DYNAMICS MISSION SYSTEMS, INC.",W56KGY25F0034,2026-01-07,23259.81,Department of Defense,Department of the Army,DELIVERY ORDER
HII,HUNTINGTON INGALLS INCORPORATED,N0002425C4229,2026-01-07,207539.0,Department of Defense,Department of the Navy,DEFINITIVE CONTRACT
PLTR,PALANTIR USG INC,W519TC25F0381,2026-01-07,0.0,Department of Defense,Department of the Army,DELIVERY ORDER
GD,GENERAL DYNAMICS LAND SYSTEMS INC.,W912CH24F0008,2026-01-08,0.0,Department of Defense,Department of the Army,DELIVERY ORDER
GE,GENERAL ELECTRIC COMPANY,FA239125CB020,2026-01-08,160335.0,Department of Defense,Department of the Air Force,DEFINITIVE CONTRACT
HII,HUNTINGTON INGALLS INC,N6279325F0003,2026-01-08,700000.0,Department of Defense,Department of the Navy,DELIVERY ORDER
HON,HONEYWELL INTERNATIONAL INC.,FA811724F0091,2026-01-08,17569.91,Department of Defense,Department of the Air Force,DELIVERY ORDER
IBM,INTERNATIONAL BUSINESS MACHINES CORPORATION,70FA3018F00000284,2026-01-08,-17672.0,Department of Homeland Security,Federal Emergency Management Agency,BPA CALL
TXT,BELL TEXTRON INC,N0038326FNA00,2026-01-08,0.0,Department of Defense,Department of the Navy,DELIVERY ORDER
TXT,TEXTRON AVIATION INC,W58RGZ23F0553,2026-01-08,0.0,Department of Defense,Department of the Army,DELIVERY ORDER
BA,THE BOEING COMPANY,FA813426FB021,2026-01-09,5709772.39,Department of Defense,Department of the Air Force,DELIVERY ORDER
ETN,"EATON AEROSPACE, LLC",SPRHA123C0027,2026-01-12,0.0,Department of Defense,Defense Logistics Agency,DEFINITIVE CONTRACT
GE,GENERAL ELECTRIC COMPANY,N0042125F0022,2026-01-12,1256566.18,Department of Defense,Department of the Navy,DELIVERY ORDER
GE,GENERAL ELECTRIC COMPANY,N0042126F1019,2026-01-12,390612.12,Department of Defense,Department of the Navy,DELIVERY ORDER
LDOS,"LEIDOS, INC.",N6600124F3515,2026-01-12,0.0,Department of Defense,Department of the Navy,DELIVERY ORDER
AVAV,"AEROVIRONMENT, INC",W58RGZ26F0064,2026-01-13,4284883.33,Department of Defense,Department of the Army,DELIVERY ORDER
CACI,"CACI NSS, LLC",19AQMM21F1762,2026-01-13,0.0,Department of State,Department of State,DELIVERY ORDER
CACI,"CACI, INC. - FEDERAL",FA251824F0006,2026-01-13,0.0,Department of Defense,Department of the Air Force,DELIVERY ORDER
CACI,"CACI, INC. - FEDERAL",FA807522F0054,2026-01-13,0.0,Department of Defense,Department of the Air Force,DELIVERY ORDER
CACI,"CACI, INC. - FEDERAL",N0042123F0669,2026-01-13,65000.0,Department of Defense,Department of the Navy,DELIVERY ORDER
GD,"GENERAL DYNAMICS INFORMATION TECHNOLOGY, INC.",47QFCA24F0007,2026-01-13,239470.0,General Services Administration,Federal Acquisition Service,DELIVERY ORDER
GD,"GENERAL DYNAMICS INFORMATION TECHNOLOGY, INC.",70SBUR25F00000086,2026-01-13,0.0,Department of Homeland Security,U.S. Citizenship and Immigration Services,DELIVERY ORDER
PSN,PARSONS GOVERNMENT SERVICES INC.,HQ085821C0015,2026-01-13,0.0,Department of Defense,Missile Defense Agency,DEFINITIVE CONTRACT
TXT,BELL TEXTRON INC,W58RGZ25F0166,2026-01-13,0.0,Department of Defense,Department of the Army,DELIVERY ORDER
HON,HONEYWELL INTERNATIONAL INC.,FA239125CB021,2026-01-14,145000.0,Department of Defense,Department of the Air Force,DEFINITIVE CONTRACT
HON,HONEYWELL INTERNATIONAL INC.,N0038323FV628,2026-01-14,699089.75,Department of Defense,Department of the Navy,DELIVERY ORDER
IBM,INTERNATIONAL BUSINESS MACHINES CORPORATION,140D0425F0662,2026-01-14,0.0,Department of the Interior,Departmental Offices,DELIVERY ORDER
IBM,INTERNATIONAL BUSINESS MACHINES CORPORATION,70SBUR24F00000103,2026-01-14,-327.29,Department of Homeland Security,U.S. Citizenship and Immigration Services,DELIVERY ORDER
LDOS,"LEIDOS, INC.",FA873021F0113,2026-01-14,-1966806.93,Department of Defense,Department of the Air Force,DELIVERY ORDER
PSN,PARSONS GOVERNMENT SERVICES INC.,HQ085821C0015,2026-01-14,0.0,Department of Defense,Missile Defense Agency,DEFINITIVE CONTRACT
AVAV,"AEROVIRONMENT, INC",W91CRB25F0067,2026-01-15,0.0,Department of Defense,Department of the Army,DELIVERY ORDER
HON,HONEYWELL LIMITED,N0038326CHA14,2026-01-15,0.0,Department of Defense,Department of the Navy,DEFINITIVE CONTRACT
NOC,NORTHROP GRUMMAN SYSTEMS CORPORATION,FA229124FB014,2026-01-15,0.0,Department of Defense,Department of the Air Force,DELIVERY ORDER
NOC,NORTHROP GRUMMAN SYSTEMS CORPORATION,FA821422F0015,2026-01-15,0.0,Department of Defense,Department of the Air Force,DELIVERY ORDER
NOC,NORTHROP GRUMMAN SYSTEMS CORPORATION,FA863825FB001,2026-01-15,0.0,Department of Defense,Department of the Air Force,DELIVERY ORDER
NOC,NORTHROP GRUMMAN SYSTEMS CORPORATION,HQ014718F0021,2026-01-15,600000.0,Department of Defense,Missile Defense Agency,DELIVERY ORDER
NOC,NORTHROP GRUMMAN SYSTEMS CORPORATION,HQ085223C0002,2026-01-15,13435000.0,Department of Defense,Missile Defense Agency,DEFINITIVE CONTRACT
NOC,NORTHROP GRUMMAN SYSTEMS CORPORATION,N0001913C9999,2026-01-15,0.0,Department of Defense,Department of the Navy,DEFINITIVE CONTRACT
NOC,NORTHROP GRUMMAN SYSTEMS CORPORATION,N0001918C1037,2026-01-15,0.0,Department of Defense,Defense Contract Management Agency,DEFINITIVE CONTRACT
NOC,NORTHROP GRUMMAN SYSTEMS CORPORATION,NNM07AA75C,2026-01-15,1200000.0,National Aeronautics and Space Administration,National Aeronautics and Space Administration,DEFINITIVE CONTRACT
HON,HONEYWELL INTERNATIONAL INC.,SPE7L126F0055,2026-01-16,0.0,Department of Defense,Defense Logistics Agency,DELIVERY ORDER
RKLB,ROCKET LAB USA INC,80KSC023FA107,2026-01-16,10000.0,National Aeronautics and Space Administration,National Aeronautics and Space Administration,DELIVERY ORDER
GD,GENERAL DYNAMICS LAND SYSTEMS INC.,W56HZV21F0115,2026-01-19,-11546.0,Department of Defense,Department of the Army,DELIVERY ORDER
ETN,EATON AEROSPACE LLC,N0038326CBA14,2026-01-20,3023626.0,Department of Defense,Department of the Navy,DEFINITIVE CONTRACT
PSN,PARSONS GOVERNMENT SERVICES INC.,FA830723FB087,2026-01-20,308783.95,Department of Defense,Department of the Air Force,DELIVERY ORDER
PSN,PARSONS GOVERNMENT SERVICES INC.,FA830725FB131,2026-01-20,650000.0,Department of Defense,Department of the Air Force,DELIVERY ORDER
PSN,PARSONS GOVERNMENT SERVICES INC.,N0017324C2010,2026-01-20,120000.0,Department of Defense,Department of the Navy,DEFINITIVE CONTRACT
TXT,BELL TEXTRON INC,N6893626F5052,2026-01-20,1507708.29,Department of Defense,Department of the Navy,DELIVERY ORDER
TXT,TEXTRON AVIATION INC,W58RGZ25F0136,2026-01-20,0.0,Department of Defense,Department of the Army,DELIVERY ORDER
WWD,"WOODWARD, INC.",W58RGZ20F0544,2026-01-20,-9405.0,Department of Defense,Department of the Army,DELIVERY ORDER
HII,HUNTINGTON INGALLS INC,N0002420C2109,2026-01-21,550408.0,Department of Defense,Department of the Navy,DEFINITIVE CONTRACT
HII,HUNTINGTON INGALLS INCORPORATED,N0002421C4205,2026-01-21,782236.0,Department of Defense,Department of the Navy,DEFINITIVE CONTRACT
IBM,INTERNATIONAL BUSINESS MACHINES CORPORATION,GSQ0017AJ0007,2026-01-21,332053.0,General Services Administration,Federal Acquisition Service,DELIVERY ORDER
NOC,NORTHROP GRUMMAN SYSTEMS CORP,FA811022F0001,2026-01-21,0.0,Department of Defense,Department of the Air Force,DELIVERY ORDER
NOC,NORTHROP GRUMMAN SYSTEMS CORPORATION,FA811920F0106,2026-01-21,0.0,Department of Defense,Department of the Air Force,DELIVERY ORDER
NOC,NORTHROP GRUMMAN SYSTEMS CORPORATION,SPEFA323C0001,2026-01-21,0.0,Department of Defense,Defense Logistics Agency,DEFINITIVE CONTRACT
PLTR,PALANTIR USG INC,W9128Z26FA001,2026-01-21,17687200.89,Department of Defense,Department of the Army,DELIVERY ORDER
HON,HONEYWELL INTERNATIONAL INC.,FA853823F0014,2026-01-22,0.0,Department of Defense,Department of the Air Force,DELIVERY ORDER
IBM,INTERNATIONAL BUSINESS MACHINES CORPORATION,1333BJ23F00285006,2026-01-22,145238.4,Department of Commerce,U.S. Patent and Trademark Office,DELIVERY ORDER
IBM,INTERNATIONAL BUSINESS MACHINES CORPORATION,36C10D23N0010,2026-01-22,0.0,Department of Veterans Affairs,Department of Veterans Affairs,DELIVERY ORDER
PSN,PARSONS GOVERNMENT SERVICES INTERNATIONAL INC.,89233124FNA400580,2026-01-22,0.0,Department of Energy,Department of Energy,DELIVERY ORDER
PSN,PARSONS GOVERNMENT SERVICES INC.,HQ085822C0005,2026-01-22,1655553.0,Department of Defense,Missile Defense Agency,DEFINITIVE CONTRACT
TXT,BELL TEXTRON INC,W58RGZ24F0282,2026-01-22,-2917324.0,Department of Defense,Department of the Army,DELIVERY ORDER
TXT,BELL TEXTRON INC,W58RGZ24F0282,2026-01-22,0.0,Department of Defense,Department of the Army,DELIVERY ORDER
GE,GENERAL ELECTRIC COMPANY,FA862625FB012,2026-01-23,7000000.0,Department of Defense,Department of the Air Force,DELIVERY ORDER
GE,GENERAL ELECTRIC COMPANY,SPE4A225F1609,2026-01-23,0.0,Department of Defense,Defense Logistics Agency,DELIVERY ORDER
GE,GENERAL ELECTRIC COMPANY,SPRTA126F0097,2026-01-23,10987220.02,Department of Defense,Defense Logistics Agency,DELIVERY ORDER
GE,GENERAL ELECTRIC COMPANY,W58RGZ22F0392,2026-01-23,0.0,Department of Defense,Department of the Army,DELIVERY ORDER
HII,HUNTINGTON INGALLS INC,N5523625F9929,2026-01-23,3383125.0,Department of Defense,Department of the Navy,DELIVERY ORDER
KTOS,"KRATOS TECHNOLOGY & TRAINING SOLUTIONS, INC.",FA240125C0004,2026-01-23,5931438.0,Department of Defense,Department of the Air Force,DEFINITIVE CONTRACT
ONDS,CONDOR SECURITY OF AMERICA INC,68HE0722C0003,2026-01-23,83661.8,Environmental Protection Agency,Environmental Protection Agency,DEFINITIVE CONTRACT
ACN,ACCENTURE FEDERAL SERVICES LLC,91003119F0003,2026-01-26,36619357.0,Department of Education,Department of Education,DELIVERY ORDER
GE,GENERAL ELECTRIC COMPANY,70Z03826FJ0000040,2026-01-26,47135062.5,Department of Homeland Security,U.S. Coast Guard,DELIVERY ORDER
HII,HUNTINGTON INGALLS INC,N0002421C2104,2026-01-26,-1700000.0,Department of Defense,Department of the Navy,DEFINITIVE CONTRACT
PSN,PARSONS GOVERNMENT SERVICES INC.,47QFRA21F0039,2026-01-26,-2479.06,General Services Administration,Federal Acquisition Service,BPA CALL
KTOS,"KRATOS DEFENSE & ROCKET SUPPORT SERVICES, INC.",N6600125F0103,2026-01-27,50095.3,Department of Defense,Department of the Navy,DELIVERY ORDER
WWD,WOODWARD HRT INC,N0038326FYN05,2026-01-27,1951857.0,Department of Defense,Department of the Navy,DELIVERY ORDER
ACN,ACCENTURE FEDERAL SERVICES LLC,89303024FIM000140,2026-01-28,322871.57,Department of Energy,Department of Energy,BPA CALL
AVAV,"AEROVIRONMENT, INC",W91CRB25F0094,2026-01-28,192972.33,Department of Defense,Department of the Army,DELIVERY ORDER
AVAV,"AEROVIRONMENT, INC",W91CRB25F0148,2026-01-28,127971.88,Department of Defense,Department of the Army,DELIVERY ORDER
GE,GENERAL ELECTRIC COMPANY,N0001922F1200,2026-01-28,1104024.0,Department of Defense,Department of the Navy,DELIVERY ORDER
GE,GENERAL ELECTRIC COMPANY,SPE4AX25F1356,2026-01-28,30666625.11,Department of Defense,Defense Logistics Agency,DELIVERY ORDER
HII,HUNTINGTON INGALLS INC,N0002421C2106,2026-01-28,0.0,Department of Defense,Department of the Navy,DEFINITIVE CONTRACT
PLTR,PALANTIR TECHNOLOGIES INC.,15JPSS25F00000911,2026-01-28,0.0,Department of Justice,"Offices, Boards and Divisions",DELIVERY ORDER
AVAV,"AEROVIRONMENT, INC",W91CRB26FA079,2026-01-29,3832627.4,Department of Defense,Department of the Army,DELIVERY ORDER
HON,"HONEYWELL INTERNATIONAL, INC.",FA945319C0010,2026-01-29,0.0,Department of Defense,Department of the Air Force,DEFINITIVE CONTRACT
HON,HONEYWELL INTERNATIONAL INC.,W58RGZ24F0425,2026-01-29,0.0,Department of Defense,Department of the Army,DELIVERY ORDER
ETN,EATON CORPORATION,W912HZ25C0053,2026-01-30,0.0,Department of Defense,Department of the Army,DEFINITIVE CONTRACT
CACI,ESTUDIOS EDIFICACIONES E INTERVENTORIAS EN INGENIERIA EEII S A S,W9127824F0393,2026-02-02,9699.94,Department of Defense,Department of the Army,DELIVERY ORDER
HON,HONEYWELL INTERNATIONAL INC.,SPRRA124C0004,2026-02-02,0.0,Department of Defense,Defense Logistics Agency,DEFINITIVE CONTRACT
LDOS,"LEIDOS, INC.",47QFNA20F0086,2026-02-02,6500.0,General Services Administration,Federal Acquisition Service,DELIVERY ORDER
LDOS,"LEIDOS, INC.",N0016723F3001,2026-02-02,0.0,Department of Defense,Department of the Navy,DELIVERY ORDER
BAH,BOOZ ALLEN HAMILTON INC,693KA923F00103,2026-02-03,28871.0,Department of Transportation,Federal Aviation Administration,DELIVERY ORDER
ETN,EATON CORPORATION,36C10X21F0010,2026-02-03,461797.96,Department of Veterans Affairs,Department of Veterans Affairs,DELIVERY ORDER
HON,HONEYWELL INTERNATIONAL INC.,N0038325CD027,2026-02-03,0.0,Department of Defense,Department of the Navy,DEFINITIVE CONTRACT
LDOS,"LEIDOS, INC.",70T04025C7672N001,2026-02-03,39869571.15,Department of Homeland Security,Transportation Security Administration,DEFINITIVE CONTRACT
PSN,PARSONS GOVERNMENT SERVICES INC.,HQ085821C0015,2026-02-03,0.0,Department of Defense,Missile Defense Agency,DEFINITIVE CONTRACT
GE,GENERAL ELECTRIC COMPANY,FA862622C0002,2026-02-04,-370560.0,Department of Defense,Defense Contract Management Agency,DEFINITIVE CONTRACT
BA,THE BOEING COMPANY,FA821323F9019,2026-02-05,0.0,Department of Defense,Department of the Air Force,DELIVERY ORDER
BA,THE BOEING COMPANY,SPRPA126FDU1X,2026-02-05,1065681.5,Department of Defense,Defense Logistics Agency,DELIVERY ORDER
HON,"HONEYWELL INTERNATIONAL, INC",0006,2026-02-05,4895093.43,Department of Defense,Department of the Army,DELIVERY ORDER
LDOS,"LEIDOS, INC.",W15P7T25F0136,2026-02-05,0.0,Department of Defense,Department of the Army,DELIVERY ORDER
LUNR,"INTUITIVE MACHINES, LLC",80GSFC25C0006,2026-02-05,700000.0,National Aeronautics and Space Administration,National Aeronautics and Space Administration,DEFINITIVE CONTRACT
PSN,PARSONS GOVERNMENT SERVICES INC.,FA875024F0500,2026-02-05,2342509.0,Department of Defense,Department of the Air Force,DELIVERY ORDER
PSN,PARSONS GOVERNMENT SERVICES INC.,HQ085821C0015,2026-02-05,0.0,Department of Defense,Missile Defense Agency,DEFINITIVE CONTRACT
RDW,"REDWIRE SPACE TECHNOLOGIES, INC.",80JSC025F0046,2026-02-05,0.0,National Aeronautics and Space Administration,National Aeronautics and Space Administration,DELIVERY ORDER
ACN,ACCENTURE FEDERAL SERVICES LLC,89303024FIM000152,2026-02-06,200000.0,Department of Energy,Department of Energy,BPA CALL
ACN,ACCENTURE FEDERAL SERVICES LLC,SP470925F0034,2026-02-06,789936.2,Department of Defense,Defense Logistics Agency,DELIVERY ORDER
BA,THE BOEING COMPANY,FA821425F0001,2026-02-06,0.0,Department of Defense,Department of the Air Force,DELIVERY ORDER
BA,THE BOEING COMPANY,FA852625FB007,2026-02-06,0.0,Department of Defense,Department of the Air Force,DELIVERY ORDER
BA,THE BOEING COMPANY,HQ085623F0006,2026-02-06,0.0,Department of Defense,Missile Defense Agency,DELIVERY ORDER
CACI,"CACI, LLC - COMMERCIAL",15JENR26P00000056,2026-02-06,500000.0,Department of Justice,"Offices, Boards and Divisions",PURCHASE ORDER
GD,"GENERAL DYNAMICS INFORMATION TECHNOLOGY, INC.",2032H526F00019,2026-02-06,0.0,Department of the Treasury,Internal Revenue Service,DELIVERY ORDER
GD,"GENERAL DYNAMICS INFORMATION TECHNOLOGY, INC.",75FCMC21F0012,2026-02-06,4685058.3,Department of Health and Human Services,Centers for Medicare and Medicaid Services,DELIVERY ORDER
GD,"GENERAL DYNAMICS MISSION SYSTEMS, INC.",FA873526FB001,2026-02-06,-7732133.5,Department of Defense,Department of the Air Force,DELIVERY ORDER
GD,"GENERAL DYNAMICS INFORMATION TECHNOLOGY, INC.",N6133125F3004,2026-02-06,820200.0,Department of Defense,Department of the Navy,DELIVERY ORDER
GD,"GENERAL DYNAMICS MISSION SYSTEMS, INC.",W56KGY26F0011,2026-02-06,0.0,Department of Defense,Department of the Army,DELIVERY ORDER
NOC,NORTHROP GRUMMAN SYSTEMS CORP,FA852225F0009,2026-02-06,300000.0,Department of Defense,Department of the Air Force,DELIVERY ORDER
NOC,NORTHROP GRUMMAN SYSTEMS CORPORATION,N6893626F0028,2026-02-06,3428497.0,Department of Defense,Department of the Navy,DELIVERY ORDER
PLTR,PALANTIR USG INC,HQ085426PE001,2026-02-06,3950000.0,Department of Defense,Missile Defense Agency,PURCHASE ORDER
TXT,TEXTRON SYSTEMS CORPORATION,H9240822F0009,2026-02-06,-907164.03,Department of Defense,U.S. Special Operations Command,DELIVERY ORDER
BA,THE BOEING COMPANY,W911W622F704E,2026-02-08,0.0,Department of Defense,Department of the Army,DELIVERY ORDER
CACI,"CACI, INC. - FEDERAL",FA822724F0060,2026-02-09,0.0,Department of Defense,Department of the Air Force,DELIVERY ORDER
CACI,"CACI, INC. - FEDERAL",HC108424C0003,2026-02-09,-1100000.0,Department of Defense,Defense Information Systems Agency,DEFINITIVE CONTRACT
GE,GENERAL ELECTRIC COMPANY,SPRRA126F0023,2026-02-09,1126546.48,Department of Defense,Defense Logistics Agency,DELIVERY ORDER
IBM,INTERNATIONAL BUSINESS MACHINES CORPORATION,693KA721C00022,2026-02-09,68000.0,Department of Transportation,Federal Aviation Administration,DEFINITIVE CONTRACT
CACI,"CACI NSS, LLC",FA882316C0004,2026-02-10,-12936.53,Department of Defense,Department of the Air Force,DEFINITIVE CONTRACT
CACI,"CACI, INC. - FEDERAL",HC102824F6120,2026-02-10,1195645.09,Department of Defense,Defense Information Systems Agency,DELIVERY ORDER
HON,HONEYWELL INTERNATIONAL INC.,N0038322FX400,2026-02-10,-2026.61,Department of Defense,Department of the Navy,DELIVERY ORDER
TXT,BELL TEXTRON INC,W58RGZ25F0058,2026-02-10,0.0,Department of Defense,Department of the Army,DELIVERY ORDER
NOC,NORTHROP GRUMMAN SYSTEMS CORP,FA811021F0002,2026-02-11,0.0,Department of Defense,Department of the Air Force,DELIVERY ORDER
NOC,NORTHROP GRUMMAN SYSTEMS CORPORATION,FA821025F0616,2026-02-11,0.0,Department of Defense,Defense Contract Management Agency,DELIVERY ORDER
NOC,NORTHROP GRUMMAN SYSTEMS CORPORATION,FA881822F0001,2026-02-11,311294.0,Department of Defense,Department of the Air Force,DELIVERY ORDER
PLTR,PALANTIR USG INC,W9124P26FA095,2026-02-11,4227960.99,Department of Defense,Department of the Army,DELIVERY ORDER
IBM,INTERNATIONAL BUSINESS MACHINES CORPORATION,47QFLA25F0017,2026-02-12,120900.0,General Services Administration,Federal Acquisition Service,DELIVERY ORDER
NOC,NORTHROP GRUMMAN SYSTEMS CORPORATION,FA238524CB003,2026-02-12,319888.0,Department of Defense,Department of the Air Force,DEFINITIVE CONTRACT
NOC,NORTHROP GRUMMAN SYSTEMS CORPORATION,FA872623F0028,2026-02-12,0.0,Department of Defense,Department of the Air Force,DELIVERY ORDER
PSN,PARSONS GOVERNMENT SERVICES INC.,FA564123F0004,2026-02-12,0.0,Department of Defense,Department of the Air Force,DELIVERY ORDER
SATL,IRIDIUM SATELLITE LLC,FA254124CB001,2026-02-12,0.0,Department of Defense,Department of the Air Force,DEFINITIVE CONTRACT
TXT,TEXTRON SYSTEMS CORPORATION,W58RGZ25C0020,2026-02-12,0.0,Department of Defense,Department of the Army,DEFINITIVE CONTRACT
ACN,ACCENTURE FEDERAL SERVICES LLC,12314423F0492,2026-02-13,-23294.09,Department of Agriculture,Office of the Chief Financial Officer,DELIVERY ORDER
CACI,"CACI NSS, LLC",86615325F00005,2026-02-13,0.0,Department of Housing and Urban Development,Department of Housing and Urban Development,DELIVERY ORDER
CACI,"CACI, INC. - FEDERAL",N3220524C4115,2026-02-13,4420846.65,Department of Defense,Department of the Navy,DEFINITIVE CONTRACT
CAT,CATERPILLAR INC,SPE8EC25F0031,2026-02-13,0.0,Department of Defense,Defense Logistics Agency,DELIVERY ORDER
GE,GENERAL ELECTRIC COMPANY,SPE4A526F4036,2026-02-13,2581326.0,Department of Defense,Defense Logistics Agency,DELIVERY ORDER
IBM,INTERNATIONAL BUSINESS MACHINES CORPORATION,36C10D22N0008,2026-02-13,-2091322.93,Department of Veterans Affairs,Department of Veterans Affairs,DELIVERY ORDER
LDOS,"LEIDOS, INC.",47QFMA22F0002,2026-02-13,0.0,General Services Administration,Federal Acquisition Service,DELIVERY ORDER
LDOS,"LEIDOS, INC.",89243318CFE000003,2026-02-13,187680.0,Department of Energy,Department of Energy,DEFINITIVE CONTRACT
LDOS,"LEIDOS, INC.",HC104724F0069,2026-02-13,1174681.7,Department of Defense,Defense Information Systems Agency,DELIVERY ORDER
NOC,NORTHROP GRUMMAN SYSTEMS CORPORATION,693KA821C00009,2026-02-13,456356.83,Department of Transportation,Federal Aviation Administration,DEFINITIVE CONTRACT
NOC,NORTHROP GRUMMAN SYSTEMS CORPORATION,HC104723F0033,2026-02-13,1153871.66,Department of Defense,Defense Information Systems Agency,DELIVERY ORDER
PSN,AMENTUM PARSONS LOGISTICS SERVICES LLC,W52P1J19F0404,2026-02-13,143201.77,Department of Defense,Department of the Army,DELIVERY ORDER
NOC,NORTHROP GRUMMAN SYSTEMS CORPORATION,N0001924F5005,2026-02-15,0.0,Department of Defense,Department of the Navy,DELIVERY ORDER
CAT,CATERPILLAR INC,SPE8EC26F0236,2026-02-17,1310557.0,Department of Defense,Defense Logistics Agency,DELIVERY ORDER
GE,GENERAL ELECTRIC COMPANY,FA862625FB012,2026-02-17,29500000.0,Department of Defense,Department of the Air Force,DELIVERY ORDER
NOC,NORTHROP GRUMMAN SYSTEMS CORPORATION,HQ085625FE001,2026-02-17,0.0,Department of Defense,Missile Defense Agency,DELIVERY ORDER
NOC,NORTHROP GRUMMAN SYSTEMS CORPORATION,N0038324FBH08,2026-02-17,0.0,Department of Defense,Department of the Navy,DELIVERY ORDER
NOC,NORTHROP GRUMMAN SYSTEMS CORPORATION,W58RGZ25F0074,2026-02-17,0.0,Department of Defense,Department of the Army,DELIVERY ORDER
RDW,"REDWIRE DEFENSE TECH SLO, LLC",N0001925P1000,2026-02-18,0.0,Department of Defense,Defense Contract Management Agency,PURCHASE ORDER
ACN,ACCENTURE FEDERAL SERVICES LLC,140D0425F0918,2026-02-19,-4201677.93,Department of the Interior,Departmental Offices,DELIVERY ORDER
ACN,ACCENTURE FEDERAL SERVICES LLC,FA701424F0309,2026-02-19,3425309.01,Department of Defense,Department of the Air Force,DELIVERY ORDER
CACI,"CACI, INC. - FEDERAL",FA852724F0001,2026-02-19,4683779.0,Department of Defense,Department of the Air Force,DELIVERY ORDER
TXT,TEXTRON SYSTEMS CORPORATION,W56KGY24F0103,2026-02-19,0.0,Department of Defense,Department of the Army,DELIVERY ORDER
GD,"GENERAL DYNAMICS MISSION SYSTEMS, INC.",FA229324CB001,2026-02-20,0.0,Department of Defense,Department of the Air Force,DEFINITIVE CONTRACT
GD,"GENERAL DYNAMICS MISSION SYSTEMS, INC.",N0003921F1014,2026-02-20,1187826.0,Department of Defense,Department of the Air Force,DELIVERY ORDER
HII,HUNTINGTON INGALLS INC,N0002421C2106,2026-02-20,0.0,Department of Defense,Department of the Navy,DEFINITIVE CONTRACT
HII,HUNTINGTON INGALLS INCORPORATED,N0002421C4205,2026-02-20,130555.0,Department of Defense,Department of the Navy,DEFINITIVE CONTRACT
HII,HUNTINGTON INGALLS INCORPORATED,N0002422C2300,2026-02-20,0.0,Department of Defense,Department of the Navy,DEFINITIVE CONTRACT
HII,HUNTINGTON INGALLS INC,N5523626F9934,2026-02-20,-153489.0,Department of Defense,Department of the Navy,DELIVERY ORDER
NOC,NORTHROP GRUMMAN SYSTEMS CORPORATION,N0010421CFA49,2026-02-20,0.0,Department of Defense,Department of the Navy,DEFINITIVE CONTRACT
VSEC,VSE CORPORATION,FA810821F0030,2026-02-20,-65137.8,Department of Defense,Department of the Air Force,DELIVERY ORDER
PLTR,PALANTIR USG INC,FA714625C0037,2026-02-21,0.0,Department of Defense,Department of the Air Force,DEFINITIVE CONTRACT
CAT,CATERPILLAR INC,SPE8EC24F0895,2026-02-23,0.0,Department of Defense,Defense Contract Management Agency,DELIVERY ORDER
GE,GENERAL ELECTRIC COMPANY,SPE4A223F8772,2026-02-23,0.0,Department of Defense,Defense Logistics Agency,DELIVERY ORDER
KTOS,"KRATOS TECHNOLOGY & TRAINING SOLUTIONS, INC.",FA882325FB009,2026-02-23,4250000.0,Department of Defense,Department of the Air Force,DELIVERY ORDER
NOC,NORTHROP GRUMMAN SYSTEMS CORP,FA822825F0006,2026-02-23,693390.96,Department of Defense,Department of the Air Force,DELIVERY ORDER
TXT,BELL TEXTRON INC,W58RGZ25F0272,2026-02-23,11298.0,Department of Defense,Department of the Army,DELIVERY ORDER
WWD,WOODWARD HRT INC,N0038325C002B,2026-02-23,0.0,Department of Defense,Department of the Navy,DEFINITIVE CONTRACT
HII,HUNTINGTON INGALLS INC,N0002409C2107,2026-02-24,0.0,Department of Defense,Department of the Navy,DEFINITIVE CONTRACT
IBM,INTERNATIONAL BUSINESS MACHINES CORPORATION,36C10B19C0059,2026-02-24,385882.29,Department of Veterans Affairs,Department of Veterans Affairs,DEFINITIVE CONTRACT
IBM,INTERNATIONAL BUSINESS MACHINES CORPORATION,47QPCA26F0005,2026-02-24,1810494.0,General Services Administration,Federal Acquisition Service,DELIVERY ORDER
LDOS,"LEIDOS, INC.",47QFCA23F0039,2026-02-24,1193553.59,General Services Administration,Federal Acquisition Service,DELIVERY ORDER
LDOS,LEIDOS BIOMEDICAL RESEARCH INC,75N91020F00040,2026-02-24,-491720.94,Department of Health and Human Services,National Institutes of Health,DELIVERY ORDER
LDOS,"LEIDOS, INC.",N0003925F7474,2026-02-24,523976.32,Department of Defense,Department of the Navy,DELIVERY ORDER
LDOS,"LEIDOS, INC.",N0016724F0024,2026-02-24,-80006.32,Department of Defense,Department of the Navy,DELIVERY ORDER
SPR,SPIRIT AEROSYSTEMS INC,FA865021C5222,2026-02-24,0.0,Department of Defense,Department of the Air Force,DEFINITIVE CONTRACT
GE,GENERAL ELECTRIC COMPANY,SPE4AX26F7774,2026-02-25,20756537.43,Department of Defense,Defense Logistics Agency,DELIVERY ORDER
PSN,PARSONS GOVERNMENT SERVICES INC.,W911QX26FA008,2026-02-25,580680.63,Department of Defense,Department of the Army,DELIVERY ORDER
BA,THE BOEING COMPANY,FA863418C2701,2026-02-26,165000.0,Department of Defense,Department of the Air Force,DEFINITIVE CONTRACT
BA,THE BOEING COMPANY,FA865121F1028,2026-02-26,0.0,Department of Defense,Department of the Air Force,DELIVERY ORDER
BA,THE BOEING COMPANY,N6134022F0051,2026-02-26,-305028.0,Department of Defense,Department of the Navy,DELIVERY ORDER
BA,THE BOEING COMPANY,N6833521F0427,2026-02-26,0.0,Department of Defense,Department of the Navy,DELIVERY ORDER
IBM,INTERNATIONAL BUSINESS MACHINES CORPORATION,70SBUR25F00000032,2026-02-26,-21018.0,Department of Homeland Security,U.S. Citizenship and Immigration Services,DELIVERY ORDER
TXT,BELL TEXTRON INC,N0001919F2628,2026-02-26,0.0,Department of Defense,Department of the Navy,DELIVERY ORDER
IBM,INTERNATIONAL BUSINESS MACHINES CORPORATION,W519TC24F0513,2026-02-27,219864.5,Department of Defense,Department of the Army,DELIVERY ORDER
KTOS,"KRATOS DEFENSE & ROCKET SUPPORT SERVICES, INC.",N6600125F0103,2026-02-27,525053.6,Department of Defense,Department of the Navy,DELIVERY ORDER
BAH,BOOZ ALLEN HAMILTON INC,N0016425F3009,2026-03-01,10125585.0,Department of Defense,Department of the Navy,DELIVERY ORDER
BAH,BOOZ ALLEN HAMILTON INC,FA807522F0020,2026-03-02,1115916.0,Department of Defense,Department of the Air Force,DELIVERY ORDER
BAH,BOOZ ALLEN HAMILTON INC,FA807523F0046,2026-03-02,601072.0,Department of Defense,Department of the Air Force,DELIVERY ORDER
HON,HONEYWELL INTERNATIONAL INC.,N0038325CD027,2026-03-02,0.0,Department of Defense,Department of the Navy,DEFINITIVE CONTRACT
HON,HONEYWELL INTERNATIONAL INC.,W56HZV22F0470,2026-03-02,-177819.0,Department of Defense,Department of the Army,DELIVERY ORDER
NOC,NORTHROP GRUMMAN SYSTEMS CORP,FA868124FB014,2026-03-02,0.0,Department of Defense,Department of the Air Force,DELIVERY ORDER
NOC,NORTHROP GRUMMAN SYSTEMS CORPORATION,W519TC24F0402,2026-03-02,0.0,Department of Defense,Department of the Army,DELIVERY ORDER
NOC,NORTHROP GRUMMAN SYSTEMS CORPORATION,W519TC24F0404,2026-03-02,0.0,Department of Defense,Department of the Army,DELIVERY ORDER
PLTR,PALANTIR TECHNOLOGIES INC.,36C10B25F0313,2026-03-02,11520958.18,Department of Veterans Affairs,Department of Veterans Affairs,DELIVERY ORDER
TXT,BELL TEXTRON INC,N0001919F2789,2026-03-03,0.0,Department of Defense,Defense Contract Management Agency,DELIVERY ORDER
ACN,ACCENTURE FEDERAL SERVICES LLC,70B04C23F00000074,2026-03-04,1804779.26,Department of Homeland Security,U.S. Customs and Border Protection,DELIVERY ORDER
AVAV,"AEROVIRONMENT, INC",W58RGZ26F0139,2026-03-04,10123096.92,Department of Defense,Department of the Army,DELIVERY ORDER
NOC,NORTHROP GRUMMAN SYSTEMS CORPORATION,FA863824FB005,2026-03-04,0.0,Department of Defense,Department of the Air Force,DELIVERY ORDER
NOC,NORTHROP GRUMMAN SYSTEMS CORPORATION,FA865023C9313,2026-03-04,16000000.0,Department of Defense,Department of the Air Force,DEFINITIVE CONTRACT
NOC,NORTHROP GRUMMAN SYSTEMS CORPORATION,HQ072722F1411,2026-03-04,0.0,Department of Defense,Defense Microelectronics Activity,DELIVERY ORDER
NOC,NORTHROP GRUMMAN SYSTEMS CORPORATION,N0003024C2038,2026-03-04,0.0,Department of Defense,Department of the Navy,DEFINITIVE CONTRACT
NOC,NORTHROP GRUMMAN SYSTEMS CORPORATION,N0038322PM099,2026-03-04,0.0,Department of Defense,Department of the Navy,PURCHASE ORDER
NOC,NORTHROP GRUMMAN SYSTEMS CORPORATION,N0038324FN301,2026-03-04,0.0,Department of Defense,Department of the Navy,DELIVERY ORDER
PLTR,PALANTIR TECHNOLOGIES INC.,70CTD022FR0000170,2026-03-04,5694902.0,Department of Homeland Security,U.S. Immigration and Customs Enforcement,DELIVERY ORDER
PSN,PARSONS GOVERNMENT SERVICES INC.,HQ085821C0015,2026-03-04,-53000.0,Department of Defense,Missile Defense Agency,DEFINITIVE CONTRACT
TXT,BELL TEXTRON INC,N0001917C0030,2026-03-04,0.0,Department of Defense,Defense Contract Management Agency,DEFINITIVE CONTRACT
ACN,ACCENTURE FEDERAL SERVICES LLC,89303022FIM000088,2026-03-05,200000.0,Department of Energy,Department of Energy,BPA CALL
GE,GENERAL ELECTRIC COMPANY,80AFRC21CA021,2026-03-05,4003318.15,National Aeronautics and Space Administration,National Aeronautics and Space Administration,DEFINITIVE CONTRACT
SATL,IRIDIUM SATELLITE LLC,HC101324F0112,2026-03-05,0.0,Department of Defense,Defense Information Systems Agency,DELIVERY ORDER
SATL,SATELLITE SERVICES INC,W912HP24F1063,2026-03-05,816218.59,Department of Defense,Department of the Army,DELIVERY ORDER
AVAV,"AEROVIRONMENT, INC",W91CRB25F0094,2026-03-06,0.0,Department of Defense,Department of the Army,DELIVERY ORDER
BAH,BOOZ ALLEN HAMILTON INC,1605TA24F00042,2026-03-06,-73.76,Department of Labor,Office of the Assistant Secretary for Administration and Management,BPA CALL
GE,GENERAL ELECTRIC COMPANY,FA862621F1100,2026-03-06,0.0,Department of Defense,Department of the Air Force,DELIVERY ORDER
GE,GENERAL ELECTRIC COMPANY,FA862626FB004,2026-03-06,75000.0,Department of Defense,Department of the Air Force,DELIVERY ORDER
HII,HUNTINGTON INGALLS INC,N0002418C4314,2026-03-06,0.0,Department of Defense,Department of the Navy,DEFINITIVE CONTRACT
HII,HUNTINGTON INGALLS INCORPORATED,N0002423C2307,2026-03-06,0.0,Department of Defense,Department of the Navy,DEFINITIVE CONTRACT
HII,HUNTINGTON INGALLS INCORPORATED,N0002425C4229,2026-03-06,146923.0,Department of Defense,Department of the Navy,DEFINITIVE CONTRACT
PSN,PARSONS GOVERNMENT SERVICES INC.,W911QX26FA008,2026-03-06,-140000.0,Department of Defense,Department of the Army,DELIVERY ORDER
PSN,PARSONS GOVERNMENT SERVICES INC.,W912DY24F0315,2026-03-06,0.0,Department of Defense,Department of the Army,DELIVERY ORDER
TXT,TEXTRON SYSTEMS CORP,N0002423C2452,2026-03-06,0.0,Department of Defense,Department of the Navy,DEFINITIVE CONTRACT
LDOS,"LEIDOS, INC.",HC102821F0002,2026-03-07,0.0,Department of Defense,Defense Information Systems Agency,DELIVERY ORDER
CACI,"CACI, INC. - FEDERAL",FA875024CB037,2026-03-09,186600.0,Department of Defense,Department of the Air Force,DEFINITIVE CONTRACT
CACI,"CACI, INC. - FEDERAL",N0042123F0669,2026-03-09,20408.16,Department of Defense,Department of the Navy,DELIVERY ORDER
GE,GENERAL ELECTRIC COMPANY,N0038326FTF04,2026-03-09,0.0,Department of Defense,Department of the Navy,DELIVERY ORDER
HON,HONEYWELL INTERNATIONAL INC.,N0038323FV62M,2026-03-09,0.0,Department of Defense,Department of the Navy,DELIVERY ORDER
NOC,NORTHROP GRUMMAN SYSTEMS CORPORATION,FA821421F0004,2026-03-09,11816965.0,Department of Defense,Department of the Air Force,DELIVERY ORDER
NOC,NORTHROP GRUMMAN SYSTEMS CORPORATION,N0001920F5008,2026-03-09,912990.65,Department of Defense,Department of the Navy,DELIVERY ORDER
TXT,TEXTRON AVIATION DEFENSE LLC,FA861721C6235,2026-03-09,0.0,Department of Defense,Department of the Air Force,DEFINITIVE CONTRACT
CAT,CATERPILLAR INC,SPE8EC24F0835,2026-03-10,0.0,Department of Defense,Defense Logistics Agency,DELIVERY ORDER
CAT,CATERPILLAR INC,SPE8EC25F0017,2026-03-10,0.0,Department of Defense,Defense Logistics Agency,DELIVERY ORDER
HON,"HONEYWELL FEDERAL MANUFACTURING & TECHNOLOGIES, LLC",DENA0002839,2026-03-10,0.0,Department of Energy,Department of Energy,DEFINITIVE CONTRACT
TXT,TEXTRON AVIATION DEFENSE LLC,FA810625F0001,2026-03-10,0.0,Department of Defense,Department of the Air Force,DELIVERY ORDER
GE,GENERAL ELECTRIC COMPANY,FA860426FB007,2026-03-11,2569816.8,Department of Defense,Department of the Air Force,DELIVERY ORDER
IBM,INTERNATIONAL BUSINESS MACHINES CORPORATION,205AE925F00081,2026-03-11,171817.07,Department of the Treasury,Internal Revenue Service,DELIVERY ORDER
IBM,INTERNATIONAL BUSINESS MACHINES CORPORATION,70B04C20F00001153,2026-03-11,0.0,Department of Homeland Security,U.S. Customs and Border Protection,DELIVERY ORDER
PLTR,PALANTIR USG INC,W519TC26F0058,2026-03-11,750000.0,Department of Defense,Department of the Army,DELIVERY ORDER
AVAV,"AEROVIRONMENT, INC",W91CRB25F0067,2026-03-12,0.0,Department of Defense,Department of the Army,DELIVERY ORDER
GE,GENERAL ELECTRIC COMPANY,N0002423C4115,2026-03-12,0.0,Department of Defense,Department of the Navy,DEFINITIVE CONTRACT
GE,GENERAL ELECTRIC COMPANY,W58RGZ19C0003,2026-03-12,0.0,Department of Defense,Department of the Army,DEFINITIVE CONTRACT
PSN,PARSONS GOVERNMENT SERVICES INC.,FA875018F0044,2026-03-12,0.0,Department of Defense,Defense Contract Management Agency,DELIVERY ORDER
PSN,PARSONS GOVERNMENT SERVICES INC.,W56KGU25F0014,2026-03-12,1190279.11,Department of Defense,Department of the Army,DELIVERY ORDER
SATL,IRIDIUM SATELLITE LLC,HC101325F0092,2026-03-12,1185596.91,Department of Defense,Defense Information Systems Agency,DELIVERY ORDER
TXT,BELL TEXTRON INC,SPRPA125F0025,2026-03-12,16496863.56,Department of Defense,Defense Logistics Agency,DELIVERY ORDER
LDOS,"LEIDOS, INC.",693KA721C00014,2026-03-13,32191131.36,Department of Transportation,Federal Aviation Administration,DEFINITIVE CONTRACT
LDOS,"LEIDOS, INC.",N6523625F3003,2026-03-13,458459.0,Department of Defense,Department of the Navy,DELIVERY ORDER
KTOS,"KRATOS TECHNOLOGY & TRAINING SOLUTIONS, INC.",FA240125C0004,2026-03-16,5949154.38,Department of Defense,Department of the Air Force,DEFINITIVE CONTRACT
KTOS,"KRATOS UNMANNED AERIAL SYSTEMS, INC",N0001923C0021,2026-03-16,0.0,Department of Defense,Department of the Navy,DEFINITIVE CONTRACT
KTOS,"KRATOS TECHNOLOGY & TRAINING SOLUTIONS, INC.",N6134025C0017,2026-03-16,0.0,Department of Defense,Department of the Navy,DEFINITIVE CONTRACT
PLTR,PALANTIR USG INC,W519TC25F0331,2026-03-16,18232671.0,Department of Defense,Department of the Army,DELIVERY ORDER
SATL,SATELLITE SERVICES INC,W912HP24F1057,2026-03-16,571491.46,Department of Defense,Department of the Army,DELIVERY ORDER
WWD,WOODWARD HRT INC,N0038324CB055,2026-03-16,-500.08,Department of Defense,Department of the Navy,DEFINITIVE CONTRACT
HON,HONEYWELL INTERNATIONAL INC.,W56HZV24F0103,2026-03-17,-945408.57,Department of Defense,Department of the Army,DELIVERY ORDER
NOC,NORTHROP GRUMMAN SYSTEMS CORPORATION,FA861222FB006,2026-03-17,4500000.0,Department of Defense,Department of the Air Force,DELIVERY ORDER
NOC,NORTHROP GRUMMAN SYSTEMS CORPORATION,M6785424F0023,2026-03-17,-34174.27,Department of Defense,Department of the Navy,DELIVERY ORDER
NOC,NORTHROP GRUMMAN SYSTEMS CORPORATION,N0010421FUD00,2026-03-17,0.0,Department of Defense,Department of the Navy,DELIVERY ORDER
NOC,NORTHROP GRUMMAN SYSTEMS CORPORATION,N0038319FK201,2026-03-17,0.0,Department of Defense,Department of the Navy,DELIVERY ORDER
NOC,NORTHROP GRUMMAN SYSTEMS CORPORATION,SPE4AX24F4378,2026-03-17,0.0,Department of Defense,Defense Logistics Agency,DELIVERY ORDER
NOC,NORTHROP GRUMMAN SYSTEMS CORPORATION,SPE4AX24F7468,2026-03-17,0.0,Department of Defense,Defense Logistics Agency,DELIVERY ORDER
NOC,NORTHROP GRUMMAN SYSTEMS CORPORATION,W519TC24F0368,2026-03-17,0.0,Department of Defense,Department of the Army,DELIVERY ORDER
PLTR,PALANTIR USG INC,W519TC26FA070,2026-03-17,334000.0,Department of Defense,Department of the Army,DELIVERY ORDER
BA,THE BOEING COMPANY,FA810721F1002,2026-03-18,0.0,Department of Defense,Department of the Air Force,DELIVERY ORDER
BA,THE BOEING COMPANY,FA811921F0035,2026-03-18,0.0,Department of Defense,Department of the Air Force,DELIVERY ORDER
BA,THE BOEING COMPANY,NNM07AB03C,2026-03-18,0.0,National Aeronautics and Space Administration,National Aeronautics and Space Administration,DEFINITIVE CONTRACT
ETN,EATON CORPORATION,2031JG22F00405,2026-03-18,-30.0,Department of the Treasury,United States Mint,DELIVERY ORDER
HON,HONEYWELL INTERNATIONAL INC.,70Z03826FD0000005,2026-03-18,1681788.59,Department of Homeland Security,U.S. Coast Guard,DELIVERY ORDER
ETN,"EATON AEROSPACE, LLC",SPRPA126CVA07,2026-03-19,5205680.0,Department of Defense,Defense Logistics Agency,DEFINITIVE CONTRACT
TXT,TEXTRON AVIATION DEFENSE LLC,FA810625F0001,2026-03-19,302394.9,Department of Defense,Department of the Air Force,DELIVERY ORDER
TXT,BELL TEXTRON INC,W58RGZ23C0001,2026-03-19,0.0,Department of Defense,Department of the Army,DEFINITIVE CONTRACT
CACI,"CACI NSS, LLC",FA855525FB006,2026-03-20,1610696.78,Department of Defense,Department of the Air Force,DELIVERY ORDER
CAT,CATERPILLAR INC,W912CH26F0173,2026-03-20,25314394.0,Department of Defense,Department of the Army,DELIVERY ORDER
GD,"GENERAL DYNAMICS-OTS, INC.",W31P4Q14C0154,2026-03-20,0.0,Department of Defense,Department of the Army,DEFINITIVE CONTRACT
HON,HONEYWELL INTERNATIONAL INC.,N0001924F1815,2026-03-20,13718056.0,Department of Defense,Department of the Navy,DELIVERY ORDER
LDOS,"LEIDOS, INC.",FA945124CX046,2026-03-20,700000.0,Department of Defense,Department of the Air Force,DEFINITIVE CONTRACT
PLTR,PALANTIR TECHNOLOGIES INC.,15JPSS25F00000911,2026-03-20,0.0,Department of Justice,"Offices, Boards and Divisions",DELIVERY ORDER
PLTR,PALANTIR TECHNOLOGIES INC.,36C10B25F0313,2026-03-20,5140011.33,Department of Veterans Affairs,Department of Veterans Affairs,DELIVERY ORDER
PLTR,PALANTIR USG INC,W9128Z25FA010,2026-03-20,480000.0,Department of Defense,Department of the Army,DELIVERY ORDER
ACN,ACCENTURE FEDERAL SERVICES LLC,15JPSS23F00000125,2026-03-23,-107118.29,Department of Justice,"Offices, Boards and Divisions",DELIVERY ORDER
CACI,ACACIA CENTER FOR JUSTICE,140D0422C0009,2026-03-23,-84957345.21,Department of the Interior,Departmental Offices,DEFINITIVE CONTRACT
CACI,"CACI NSS, LLC",19AQMM21F1762,2026-03-23,-61281.4,Department of State,Department of State,DELIVERY ORDER
CACI,"CACI, INC. - FEDERAL",80TECH24CA002,2026-03-23,2177957.29,National Aeronautics and Space Administration,National Aeronautics and Space Administration,DEFINITIVE CONTRACT
HII,HUNTINGTON INGALLS INC,N0002418C4314,2026-03-23,0.0,Department of Defense,Department of the Navy,DEFINITIVE CONTRACT
HII,HUNTINGTON INGALLS INC,N5523626F9935,2026-03-23,1244610.0,Department of Defense,Department of the Navy,DELIVERY ORDER
HON,HONEYWELL INTERNATIONAL INC.,W58RGZ23F0468,2026-03-23,-858500.0,Department of Defense,Department of the Army,DELIVERY ORDER
ONDS,"CONDOR RELIABILITY SERVICES, INC.",6973GH25F00949,2026-03-23,1578488.55,Department of Transportation,Federal Aviation Administration,DELIVERY ORDER
PLTR,PALANTIR USG INC,W9128Z26FA001,2026-03-23,150270461.18,Department of Defense,Department of the Army,DELIVERY ORDER
SATL,IRIDIUM SATELLITE LLC,HC101325F0092,2026-03-23,1500000.0,Department of Defense,Defense Information Systems Agency,DELIVERY ORDER
TXT,TEXTRON SYSTEMS CORP,N0002412C2401,2026-03-23,-22364.0,Department of Defense,Department of the Navy,DEFINITIVE CONTRACT
HON,HONEYWELL INTERNATIONAL INC.,70Z03826FD0000005,2026-03-24,0.0,Department of Homeland Security,U.S. Coast Guard,DELIVERY ORDER
HON,HONEYWELL INTERNATIONAL INC.,FA239125CB013,2026-03-24,181815.0,Department of Defense,Department of the Air Force,DEFINITIVE CONTRACT
PLTR,PALANTIR USG INC,W519TC26FA070,2026-03-24,666000.0,Department of Defense,Department of the Army,DELIVERY ORDER
BA,THE BOEING COMPANY,FA822024FB006,2026-03-25,0.0,Department of Defense,Department of the Air Force,DELIVERY ORDER
BA,THE BOEING COMPANY,FA852626CB001,2026-03-25,0.0,Department of Defense,Department of the Air Force,DEFINITIVE CONTRACT
BA,BELL BOEING JOINT PROJECT OFFICE,N0001921F0008,2026-03-25,0.0,Department of Defense,Department of the Navy,DELIVERY ORDER
GE,GENERAL ELECTRIC COMPANY,FA239124CB006,2026-03-25,234797.2,Department of Defense,Department of the Air Force,DEFINITIVE CONTRACT
HON,HONEYWELL INTERNATIONAL INC.,FA825226F0003,2026-03-25,13976.22,Department of Defense,Department of the Air Force,DELIVERY ORDER
PSN,PARSONS GOVERNMENT SERVICES INC.,89233123FNA000117,2026-03-25,945929.41,Department of Energy,Department of Energy,BPA CALL
ACN,ACCENTURE FEDERAL SERVICES LLC,19AQMM25F7037,2026-03-26,4368913.14,Department of State,Department of State,BPA CALL
ACN,ACCENTURE FEDERAL SERVICES LLC,19AQMM25F7091,2026-03-26,1621590.56,Department of State,Department of State,BPA CALL
ACN,ACCENTURE FEDERAL SERVICES LLC,W52P1J21C0025,2026-03-26,351142.7,Department of Defense,Department of the Army,DEFINITIVE CONTRACT
CACI,"CACI, INC. - FEDERAL",N0018925FZ057,2026-03-26,1605927.18,Department of Defense,Department of the Navy,DELIVERY ORDER
CACI,"CACI TECHNOLOGIES, LLC",W56KGU23F0009,2026-03-26,65545.5,Department of Defense,Department of the Army,DELIVERY ORDER
HII,HUNTINGTON INGALLS INC,N6279325F0003,2026-03-27,0.0,Department of Defense,Department of the Navy,DELIVERY ORDER
EMR,"EMERSON PROCESS MANAGEMENT POWER & WATER SOLUTIONS, INC.",W9127N23C0022,2026-03-30,9372.2,Department of Defense,Department of the Army,DEFINITIVE CONTRACT
GE,GENERAL ELECTRIC COMPANY,FA862622C0002,2026-03-30,-398223.0,Department of Defense,Defense Contract Management Agency,DEFINITIVE CONTRACT
GE,GENERAL ELECTRIC COMPANY,N0042125F0020,2026-03-31,7232232.0,Department of Defense,Department of the Navy,DELIVERY ORDER
HON,"HONEYWELL INTERNATIONAL, INC",80JSC022FA059,2026-03-31,216000.0,National Aeronautics and Space Administration,National Aeronautics and Space Administration,BPA CALL
HON,"HONEYWELL FEDERAL MANUFACTURING & TECHNOLOGIES, LLC",DENA0002839,2026-03-31,73379474.48,Department of Energy,Department of Energy,DEFINITIVE CONTRACT
HON,HONEYWELL INTERNATIONAL INC.,N0038326FA80B,2026-03-31,0.0,Department of Defense,Department of the Navy,DELIVERY ORDER
IBM,INTERNATIONAL BUSINESS MACHINES CORPORATION,273FCC26F0041,2026-03-31,1250860.53,Federal Communications Commission,Federal Communications Commission,DELIVERY ORDER
PLTR,PALANTIR USG INC,W900KK25FA125,2026-03-31,0.0,Department of Defense,Department of the Army,DELIVERY ORDER
PSN,PARSONS GOVERNMENT SERVICES INC.,47QFCA21F0042,2026-03-31,8211011.19,General Services Administration,Federal Acquisition Service,DELIVERY ORDER
PSN,PARSONS GOVERNMENT SERVICES INC.,HDTRA123F0080,2026-03-31,1650000.0,Department of Defense,Defense Threat Reduction Agency,DELIVERY ORDER
PSN,AMENTUM PARSONS LOGISTICS SERVICES LLC,W519TC24F0212,2026-03-31,3480076.62,Department of Defense,Department of the Army,DELIVERY ORDER
TXT,TEXTRON SYSTEMS CORPORATION,FA853323F0102,2026-03-31,0.0,Department of Defense,Department of the Air Force,DELIVERY ORDER
AVAV,"AEROVIRONMENT, INC",W58RGZ26F0238,2026-04-01,0.0,Department of Defense,Department of the Army,DELIVERY ORDER
AVAV,"AEROVIRONMENT, INC",W91CRB25FA299,2026-04-01,0.0,Department of Defense,Department of the Army,DELIVERY ORDER
GE,GENERAL ELECTRIC COMPANY,FA860426FB006,2026-04-01,0.0,Department of Defense,Department of the Air Force,DELIVERY ORDER
IBM,INTERNATIONAL BUSINESS MACHINES CORPORATION,W519TC24F0513,2026-04-01,0.0,Department of Defense,Department of the Army,DELIVERY ORDER
BA,THE BOEING COMPANY,FA300218F0101,2026-04-02,-63903.86,Department of Defense,Department of the Air Force,DELIVERY ORDER
BA,THE BOEING COMPANY,FA862511C6600,2026-04-02,12000000.0,Department of Defense,Department of the Air Force,DEFINITIVE CONTRACT
BA,THE BOEING COMPANY,N0001926F0221,2026-04-02,4255948.45,Department of Defense,Department of the Navy,DELIVERY ORDER
BA,THE BOEING COMPANY,N6893626F5001,2026-04-02,1000000.0,Department of Defense,Department of the Navy,DELIVERY ORDER
CACI,"CACI, INC. - FEDERAL",70B04C24F00001129,2026-04-03,95511.0,Department of Homeland Security,U.S. Customs and Border Protection,DELIVERY ORDER
CAT,CATERPILLAR INC,SPRDL125C0120,2026-04-03,0.0,Department of Defense,Defense Logistics Agency,DEFINITIVE CONTRACT
GD,"GENERAL DYNAMICS MISSION SYSTEMS, INC.",FA861225FB015,2026-04-03,19475380.0,Department of Defense,Department of the Air Force,DELIVERY ORDER
GD,"GENERAL DYNAMICS INFORMATION TECHNOLOGY, INC.",HT001422C0016,2026-04-03,4501402.36,Department of Defense,Defense Health Agency,DEFINITIVE CONTRACT
HON,"HONEYWELL FEDERAL MANUFACTURING & TECHNOLOGIES, LLC",DENA0002839,2026-04-03,0.0,Department of Energy,Department of Energy,DEFINITIVE CONTRACT
TXT,BELL TEXTRON INC,N0001925F0077,2026-04-03,0.0,Department of Defense,Department of the Navy,DELIVERY ORDER
NOC,NORTHROP GRUMMAN SYSTEMS CORPORATION,W519TC24F0158,2026-04-05,0.0,Department of Defense,Department of the Army,DELIVERY ORDER
CACI,"CACI, INC. - FEDERAL",N0016721F3009,2026-04-06,0.0,Department of Defense,Department of the Navy,DELIVERY ORDER
CACI,"CACI TECHNOLOGIES, LLC",W56KGU23F0014,2026-04-06,2154048.49,Department of Defense,Department of the Army,DELIVERY ORDER
GD,"GENERAL DYNAMICS INFORMATION TECHNOLOGY, INC.",692M1520F00529,2026-04-06,115000.0,Department of Transportation,Federal Aviation Administration,DELIVERY ORDER
GD,GENERAL DYNAMICS LAND SYSTEMS INC.,W912CH26F0102,2026-04-06,0.0,Department of Defense,Department of the Army,DELIVERY ORDER
NOC,NORTHROP GRUMMAN SYSTEMS CORPORATION,FA229124FB007,2026-04-06,0.0,Department of Defense,Department of the Air Force,DELIVERY ORDER
NOC,NORTHROP GRUMMAN SYSTEMS CORPORATION,FA852726FB003,2026-04-06,0.0,Department of Defense,Department of the Air Force,DELIVERY ORDER
NOC,NORTHROP GRUMMAN SYSTEMS CORPORATION,FA881925CB002,2026-04-06,0.0,Department of Defense,Department of the Air Force,DEFINITIVE CONTRACT
NOC,NORTHROP GRUMMAN SYSTEMS CORPORATION,N0010425FPC0U,2026-04-06,0.0,Department of Defense,Department of the Navy,DELIVERY ORDER
NOC,NORTHROP GRUMMAN SYSTEMS CORPORATION,W519TC24F0158,2026-04-06,0.0,Department of Defense,Department of the Army,DELIVERY ORDER
AVAV,"AEROVIRONMENT, INC",N6833526F0005,2026-04-07,2405553.88,Department of Defense,Department of the Navy,DELIVERY ORDER
CACI,"CACI, INC. - FEDERAL",FD10,2026-04-07,-33468.7,Department of Defense,Defense Contract Management Agency,DELIVERY ORDER
GE,GENERAL ELECTRIC COMPANY,70Z03826FJ0000021,2026-04-07,0.0,Department of Homeland Security,U.S. Coast Guard,DELIVERY ORDER
HII,HUNTINGTON INGALLS INC,N0002415C4301,2026-04-07,45000000.0,Department of Defense,Department of the Navy,DEFINITIVE CONTRACT
HII,HUNTINGTON INGALLS INCORPORATED,N0002418C2307,2026-04-07,8033.0,Department of Defense,Department of the Navy,DEFINITIVE CONTRACT
HII,HUNTINGTON INGALLS INCORPORATED,N0002418C2307,2026-04-07,26883.0,Department of Defense,Department of the Navy,DEFINITIVE CONTRACT
HII,HUNTINGTON INGALLS INCORPORATED,N0002422C2300,2026-04-07,0.0,Department of Defense,Department of the Navy,DEFINITIVE CONTRACT
HON,HONEYWELL INTERNATIONAL INC.,W15P7T24F0072,2026-04-07,0.0,Department of Defense,Department of the Army,DELIVERY ORDER
IBM,INTERNATIONAL BUSINESS MACHINES CORPORATION,205AE925F00081,2026-04-07,1049853.86,Department of the Treasury,Internal Revenue Service,DELIVERY ORDER
NOC,NORTHROP GRUMMAN SYSTEMS CORPORATION,N0038323FS52W,2026-04-07,0.0,Department of Defense,Department of the Navy,DELIVERY ORDER
NOC,NORTHROP GRUMMAN SYSTEMS CORPORATION,S1110A19F0199,2026-04-07,0.0,Department of Defense,Defense Contract Management Agency,DELIVERY ORDER
NOC,NORTHROP GRUMMAN SYSTEMS CORPORATION,SPRBL125F0152,2026-04-07,0.0,Department of Defense,Defense Logistics Agency,DELIVERY ORDER
CACI,"CACI, INC. - FEDERAL",70CMSD25FC0000007,2026-04-08,3000000.0,Department of Homeland Security,U.S. Immigration and Customs Enforcement,BPA CALL
CACI,"CACI, INC. - FEDERAL",HTC71126FE208,2026-04-08,1311079.0,Department of Defense,USTRANSCOM,DELIVERY ORDER
CACI,"CACI, INC. - FEDERAL",HTC71126FE212,2026-04-08,7266184.04,Department of Defense,USTRANSCOM,DELIVERY ORDER
CACI,"CACI, INC. - FEDERAL",W91CRB25C5007,2026-04-08,10771930.7,Department of Defense,Department of the Army,DEFINITIVE CONTRACT
GD,"GENERAL DYNAMICS GLOBAL FORCE, LLC",W15P7T25F0038,2026-04-08,3180618.63,Department of Defense,Department of the Army,DELIVERY ORDER
HII,HUNTINGTON INGALLS INC,N0002415C2114,2026-04-08,6749053.0,Department of Defense,Department of the Navy,DEFINITIVE CONTRACT
HII,HUNTINGTON INGALLS INC,N0002416C2116,2026-04-08,0.0,Department of Defense,Department of the Navy,DEFINITIVE CONTRACT
HII,HUNTINGTON INGALLS INCORPORATED,N0002422C2319,2026-04-08,5649846.0,Department of Defense,Department of the Navy,DEFINITIVE CONTRACT
HII,HUNTINGTON INGALLS INCORPORATED,N0002426C2443,2026-04-08,83523.0,Department of Defense,Department of the Navy,DEFINITIVE CONTRACT
TXT,BELL TEXTRON INC,FA855222C0002,2026-04-08,-44561.18,Department of Defense,Defense Contract Management Agency,DEFINITIVE CONTRACT
ACN,ACCENTURE FEDERAL SERVICES LLC,205AE925F00190,2026-04-09,15319325.35,Department of the Treasury,Internal Revenue Service,DELIVERY ORDER
ACN,ACCENTURE FEDERAL SERVICES LLC,FA820422F0001,2026-04-09,6133106.12,Department of Defense,Department of the Air Force,DELIVERY ORDER
ACN,ACCENTURE FEDERAL SERVICES LLC,W52P1J20C0005,2026-04-09,-1567653.42,Department of Defense,Department of the Army,DEFINITIVE CONTRACT
CACI,"CACI, INC. - FEDERAL",N6426724F3008,2026-04-09,1366590.0,Department of Defense,Department of the Navy,DELIVERY ORDER
GD,"GENERAL DYNAMICS MISSION SYSTEMS, INC.",N0003020C0003,2026-04-09,0.0,Department of Defense,Department of the Navy,DEFINITIVE CONTRACT
GD,"GENERAL DYNAMICS-OTS, INC.",SPE7L126C0060,2026-04-09,1281679.92,Department of Defense,Defense Logistics Agency,DEFINITIVE CONTRACT
GD,GENERAL DYNAMICS LAND SYSTEMS INC.,W56HZV19C0062,2026-04-09,-75482.37,Department of Defense,Department of the Army,DEFINITIVE CONTRACT
GD,GENERAL DYNAMICS LAND SYSTEMS INC.,W56HZV22F0137,2026-04-09,0.0,Department of Defense,Department of the Army,DELIVERY ORDER
GD,GENERAL DYNAMICS LAND SYSTEMS INC.,W56HZV23C0025,2026-04-09,0.0,Department of Defense,Department of the Army,DEFINITIVE CONTRACT
GD,GENERAL DYNAMICS LAND SYSTEMS INC.,W912CH24F0311,2026-04-09,-50083.52,Department of Defense,Department of the Army,DELIVERY ORDER
HON,HONEYWELL INTERNATIONAL INC.,N0038323FV62M,2026-04-09,0.0,Department of Defense,Department of the Navy,DELIVERY ORDER
IBM,INTERNATIONAL BUSINESS MACHINES CORPORATION,140D0424F1041,2026-04-09,0.0,Department of the Interior,Departmental Offices,DELIVERY ORDER
KTOS,"KRATOS TECHNOLOGY & TRAINING SOLUTIONS, INC.",1332KP23PNEEB0014,2026-04-09,456561.67,Department of Commerce,National Oceanic and Atmospheric Administration,PURCHASE ORDER
PSN,PARSONS GOVERNMENT SERVICES INC.,HB000123F1017,2026-04-09,4000000.0,Department of Defense,U.S. Cyber Command,DELIVERY ORDER
TXT,TEXTRON AVIATION INC,12639526P0113,2026-04-09,9000000.0,Department of Agriculture,Animal and Plant Health Inspection Service,PURCHASE ORDER
TXT,BELL TEXTRON INC,W58RGZ23C0001,2026-04-09,0.0,Department of Defense,Department of the Army,DEFINITIVE CONTRACT
BA,THE BOEING COMPANY,FA863420F0018,2026-04-10,0.0,Department of Defense,Department of the Air Force,DELIVERY ORDER
BA,THE BOEING COMPANY,FA868125FB033,2026-04-10,0.0,Department of Defense,Department of the Air Force,DELIVERY ORDER
BA,THE BOEING COMPANY,H9224125F0016,2026-04-10,0.0,Department of Defense,U.S. Special Operations Command,DELIVERY ORDER
BA,BELL BOEING JOINT PROJECT OFFICE,N0001926F0141,2026-04-10,76930000.0,Department of Defense,Department of the Navy,DELIVERY ORDER
BA,THE BOEING COMPANY,N0001926F0194,2026-04-10,2359958.01,Department of Defense,Department of the Navy,DELIVERY ORDER
HON,"HONEYWELL INTERNATIONAL, INC",SPRDL124F0141,2026-04-10,-749.97,Department of Defense,Defense Logistics Agency,DELIVERY ORDER
HON,HONEYWELL INTERNATIONAL INC.,W912CH24F0173,2026-04-10,0.0,Department of Defense,Department of the Army,DELIVERY ORDER
ACN,ACCENTURE FEDERAL SERVICES LLC,FA714624F0002,2026-04-13,0.0,Department of Defense,Department of the Air Force,DELIVERY ORDER
CACI,"CACI, INC. - FEDERAL",FA875023CB005,2026-04-13,678391.0,Department of Defense,Department of the Air Force,DEFINITIVE CONTRACT
CACI,"CACI, INC. - FEDERAL",N3220524C4115,2026-04-13,3063657.11,Department of Defense,Department of the Navy,DEFINITIVE CONTRACT
LDOS,"LEIDOS, INC.",FA873021F0113,2026-04-13,558294.1,Department of Defense,Department of the Air Force,DELIVERY ORDER
PSN,PARSONS GOVERNMENT SERVICES INC,FA853420C0001,2026-04-13,0.0,Department of Defense,Department of the Air Force,DEFINITIVE CONTRACT
TXT,BELL TEXTRON INC,SPE4A224F2235,2026-04-13,0.0,Department of Defense,Defense Logistics Agency,DELIVERY ORDER
CACI,"CACI NSS, LLC",47QFCA21F0057,2026-04-14,-2024378.05,General Services Administration,Federal Acquisition Service,DELIVERY ORDER
CAT,CATERPILLAR INC,SPE8EC25F0428,2026-04-14,0.0,Department of Defense,Defense Logistics Agency,DELIVERY ORDER
LDOS,"LEIDOS, INC.",36C77020C0002,2026-04-14,0.0,Department of Veterans Affairs,Department of Veterans Affairs,DEFINITIVE CONTRACT
LDOS,"LEIDOS, INC.",N6883625F7K0J,2026-04-14,12273.39,Department of Defense,Department of the Navy,DELIVERY ORDER
LDOS,"LEIDOS, INC.",W15P7T25F0234,2026-04-14,0.0,Department of Defense,Department of the Army,DELIVERY ORDER
LDOS,"LEIDOS, INC.",W15P7T25F0246,2026-04-14,0.0,Department of Defense,Department of the Army,DELIVERY ORDER
ONDS,CONDOR SECURITY OF AMERICA INC,68HE0722C0003,2026-04-14,292814.31,Environmental Protection Agency,Environmental Protection Agency,DEFINITIVE CONTRACT
PLTR,PALANTIR USG INC,HQ085426PE001,2026-04-14,4954847.58,Department of Defense,Missile Defense Agency,PURCHASE ORDER
BA,THE BOEING COMPANY,FA813423FB004,2026-04-15,0.0,Department of Defense,Defense Contract Management Agency,DELIVERY ORDER
BA,THE BOEING COMPANY,FA813424F4301,2026-04-15,0.0,Department of Defense,Defense Contract Management Agency,DELIVERY ORDER
BA,THE BOEING COMPANY,FA813826FB003,2026-04-15,0.0,Department of Defense,Department of the Air Force,DELIVERY ORDER
BA,THE BOEING COMPANY,FA855724F0001,2026-04-15,0.0,Department of Defense,Department of the Air Force,DELIVERY ORDER
BA,THE BOEING COMPANY,FA873018C0001,2026-04-15,0.0,Department of Defense,Department of the Air Force,DEFINITIVE CONTRACT
BA,THE BOEING COMPANY,W58RGZ23F0120,2026-04-15,0.0,Department of Defense,Department of the Army,DELIVERY ORDER
BAH,BOOZ ALLEN HAMILTON INC,1605TA26F00001,2026-04-15,768088.69,Department of Labor,Office of the Assistant Secretary for Administration and Management,BPA CALL
BAH,BOOZ ALLEN HAMILTON INC,47QFHA25F0004,2026-04-15,0.0,General Services Administration,Federal Acquisition Service,DELIVERY ORDER
BAH,BOOZ ALLEN HAMILTON INC,FA807524F0029,2026-04-15,0.0,Department of Defense,Department of the Air Force,DELIVERY ORDER
HII,HUNTINGTON INGALLS INC,N0002409C2116,2026-04-15,22406.0,Department of Defense,Department of the Navy,DEFINITIVE CONTRACT
HII,HUNTINGTON INGALLS INC,N0002415C2114,2026-04-15,-75000.0,Department of Defense,Department of the Navy,DEFINITIVE CONTRACT
NOC,NORTHROP GRUMMAN SYSTEMS CORPORATION,FA811919F0096,2026-04-15,730000.0,Department of Defense,Department of the Air Force,DELIVERY ORDER
NOC,NORTHROP GRUMMAN SYSTEMS CORPORATION,SPE4AX24F6001,2026-04-15,0.0,Department of Defense,Defense Logistics Agency,DELIVERY ORDER
PSN,PARSONS GOVERNMENT SERVICES INC.,HB000123F1013,2026-04-15,2721825.89,Department of Defense,U.S. Cyber Command,DELIVERY ORDER
ACN,ACCENTURE FEDERAL SERVICES LLC,89303026FIM000188,2026-04-16,3145442.64,Department of Energy,Department of Energy,BPA CALL
ACN,ACCENTURE FEDERAL SERVICES LLC,SP470123F0132,2026-04-16,-38035.78,Department of Defense,Defense Logistics Agency,BPA CALL
AVAV,"AEROVIRONMENT, INC",FA862926FB002,2026-04-16,0.0,Department of Defense,Department of the Air Force,DELIVERY ORDER
AVAV,"AEROVIRONMENT, INC.",W58RGZ22C0021,2026-04-16,188983.32,Department of Defense,Department of the Army,DEFINITIVE CONTRACT
CACI,"CACI, INC. - FEDERAL",47QFCA19F0006,2026-04-16,2549811.0,General Services Administration,Federal Acquisition Service,DELIVERY ORDER
CACI,"CACI, INC. - FEDERAL",FA807522F0033,2026-04-16,112000.0,Department of Defense,Department of the Air Force,DELIVERY ORDER
HII,HUNTINGTON INGALLS INC,N5523626F9934,2026-04-16,849451.0,Department of Defense,Department of the Navy,DELIVERY ORDER
IBM,INTERNATIONAL BUSINESS MACHINES CORPORATION,140D0425F0662,2026-04-16,0.0,Department of the Interior,Departmental Offices,DELIVERY ORDER
IBM,INTERNATIONAL BUSINESS MACHINES CORPORATION,47QFEA26F0003,2026-04-16,0.0,General Services Administration,Federal Acquisition Service,DELIVERY ORDER
TXT,TEXTRON AVIATION INC,6973GH23F01933,2026-04-16,-1871689.6,Department of Transportation,Federal Aviation Administration,DELIVERY ORDER
ACN,ACCENTURE FEDERAL SERVICES LLC,140D0424F1126,2026-04-17,-96.17,Department of the Interior,Departmental Offices,DELIVERY ORDER
ACN,ACCENTURE FEDERAL SERVICES LLC,SP470924F0077,2026-04-17,0.0,Department of Defense,Defense Logistics Agency,DELIVERY ORDER
ACN,ACCENTURE FEDERAL SERVICES LLC,SP470924F0077,2026-04-17,841885.96,Department of Defense,Defense Logistics Agency,DELIVERY ORDER
AVAV,"AEROVIRONMENT, INC",W91CRB25FA089,2026-04-17,25000.0,Department of Defense,Department of the Army,DELIVERY ORDER
BA,THE BOEING COMPANY,N6893624F0758,2026-04-17,0.0,Department of Defense,Department of the Navy,DELIVERY ORDER
BA,THE BOEING COMPANY,N6893626F5001,2026-04-17,1000000.0,Department of Defense,Department of the Navy,DELIVERY ORDER
BA,THE BOEING COMPANY,W58RGZ25F0039,2026-04-17,10000.0,Department of Defense,Department of the Army,DELIVERY ORDER
GD,"GENERAL DYNAMICS INFORMATION TECHNOLOGY, INC.",70RDA126FR0000001,2026-04-17,495906.93,Department of Homeland Security,Office of Procurement Operations,DELIVERY ORDER
GD,"GENERAL DYNAMICS INFORMATION TECHNOLOGY, INC.",HT942726FE030,2026-04-17,3525199.62,Department of Defense,Defense Health Agency,DELIVERY ORDER
GD,GENERAL DYNAMICS LAND SYSTEMS INC.,W912CH24F0007,2026-04-17,0.0,Department of Defense,Department of the Army,DELIVERY ORDER
IBM,INTERNATIONAL BUSINESS MACHINES CORPORATION,W15QKN21F0531,2026-04-17,13750601.48,Department of Defense,Department of the Army,DELIVERY ORDER
LDOS,"LEIDOS, INC.",47QFCA26C0001,2026-04-17,2955665.0,General Services Administration,Federal Acquisition Service,DEFINITIVE CONTRACT
LDOS,"LEIDOS, INC.",693KA721C00014,2026-04-17,12373523.68,Department of Transportation,Federal Aviation Administration,DEFINITIVE CONTRACT
LDOS,"LEIDOS, INC.",DTFAWA16C00021,2026-04-17,4380304.33,Department of Transportation,Federal Aviation Administration,DEFINITIVE CONTRACT
LDOS,"LEIDOS, INC.",FA231826FB011,2026-04-17,80780.0,Department of Defense,Department of the Air Force,DELIVERY ORDER
LDOS,"LEIDOS, INC.",N6660425F3012,2026-04-17,638062.0,Department of Defense,Department of the Navy,DELIVERY ORDER
LDOS,"LEIDOS, INC.",N6893623F0335,2026-04-17,0.0,Department of Defense,Department of the Navy,DELIVERY ORDER
PSN,PARSONS TECHNICAL SERVICES INC,FA881020C0002,2026-04-18,0.0,Department of Defense,Department of the Air Force,DEFINITIVE CONTRACT
ACN,ACCENTURE FEDERAL SERVICES LLC,89303025FEI000058,2026-04-20,0.0,Department of Energy,Department of Energy,BPA CALL
ACN,ACCENTURE FEDERAL SERVICES LLC,SP330025F0541,2026-04-20,15000.0,Department of Defense,Defense Logistics Agency,DELIVERY ORDER
BAH,BOOZ ALLEN HAMILTON INC,47QFWA21F0026,2026-04-20,243357.49,General Services Administration,Federal Acquisition Service,DELIVERY ORDER
BAH,BOOZ ALLEN HAMILTON INC,W56KGU24F0004,2026-04-20,0.0,Department of Defense,Department of the Army,DELIVERY ORDER
CACI,CACI INTERNATIONAL INC,FA873022F0038,2026-04-20,0.0,Department of Defense,Department of the Air Force,DELIVERY ORDER
CACI,"CACI, INC. - FEDERAL",SP470926F0033,2026-04-20,0.0,Department of Defense,Defense Logistics Agency,DELIVERY ORDER
IBM,INTERNATIONAL BUSINESS MACHINES CORPORATION,W52P1J17C0008,2026-04-20,1826.81,Department of Defense,Department of the Army,DEFINITIVE CONTRACT
LDOS,"LEIDOS, INC.",DTFA0101CA0065CALL0001,2026-04-20,-41000.0,Department of Transportation,Federal Aviation Administration,DELIVERY ORDER
LDOS,"LEIDOS, INC.",M0026426C0001,2026-04-20,6089829.3,Department of Defense,Department of the Navy,DEFINITIVE CONTRACT
LDOS,"LEIDOS, INC.",N6264522F0042,2026-04-20,55145.0,Department of Defense,Department of the Navy,DELIVERY ORDER
NOC,NORTHROP GRUMMAN SYSTEMS CORPORATION,FA237725CB031,2026-04-20,2050000.0,Department of Defense,Department of the Air Force,DEFINITIVE CONTRACT
NOC,NORTHROP GRUMMAN SYSTEMS CORP,FA811025F0003,2026-04-20,28586940.04,Department of Defense,Department of the Air Force,DELIVERY ORDER
NOC,NORTHROP GRUMMAN SYSTEMS CORPORATION,FA821421F0009,2026-04-20,0.0,Department of Defense,Department of the Air Force,DELIVERY ORDER
NOC,NORTHROP GRUMMAN SYSTEMS CORP,FA861624F2001,2026-04-20,1295646.0,Department of Defense,Department of the Air Force,DELIVERY ORDER
NOC,NORTHROP GRUMMAN SYSTEMS CORPORATION,FA865018C7841,2026-04-20,0.0,Department of Defense,Department of the Air Force,DEFINITIVE CONTRACT
NOC,NORTHROP GRUMMAN SYSTEMS CORPORATION,N6893622F0420,2026-04-20,-641958.14,Department of Defense,Department of the Navy,DELIVERY ORDER
PSN,PARSONS GOVERNMENT SERVICES INC.,47QFCA21F0042,2026-04-20,31388465.68,General Services Administration,Federal Acquisition Service,DELIVERY ORDER
PSN,PARSONS-COLAS UKP JV,N4008422F4165,2026-04-20,241135.7,Department of Defense,Department of the Navy,DELIVERY ORDER
TXT,TEXTRON SYSTEMS CORPORATION,N0002425C6309,2026-04-20,2161044.0,Department of Defense,Department of the Navy,DEFINITIVE CONTRACT
CACI,"CACI, INC. - FEDERAL",HTC71126FE209,2026-04-21,1571034.09,Department of Defense,USTRANSCOM,DELIVERY ORDER
GE,GENERAL ELECTRIC COMPANY,FA862626FB004,2026-04-21,2596260.03,Department of Defense,Department of the Air Force,DELIVERY ORDER
GE,GENERAL ELECTRIC COMPANY,FA862626FB004,2026-04-21,0.0,Department of Defense,Department of the Air Force,DELIVERY ORDER
HON,HONEYWELL INTERNATIONAL INC.,N0038325CD027,2026-04-21,-13698039.03,Department of Defense,Department of the Navy,DEFINITIVE CONTRACT
KTOS,"KRATOS S2, INC",47QFCA20C0019,2026-04-21,610667.45,General Services Administration,Federal Acquisition Service,DEFINITIVE CONTRACT
NOC,NORTHROP GRUMMAN SYSTEMS CORPORATION,6973GH24F01169,2026-04-21,0.0,Department of Transportation,Federal Aviation Administration,DELIVERY ORDER
NOC,NORTHROP GRUMMAN SYSTEMS CORPORATION,HQ072725FE026,2026-04-21,0.0,Department of Defense,Defense Microelectronics Activity,DELIVERY ORDER
NOC,NORTHROP GRUMMAN SYSTEMS CORPORATION,N0001918C1037,2026-04-21,96950.0,Department of Defense,Department of the Navy,DEFINITIVE CONTRACT
NOC,NORTHROP GRUMMAN SYSTEMS CORPORATION,N0002413C6412,2026-04-21,-904737.79,Department of Defense,Department of the Navy,DEFINITIVE CONTRACT
NOC,NORTHROP GRUMMAN SYSTEMS CORPORATION,N0038326FNF01,2026-04-21,-28587.2,Department of Defense,Department of the Navy,DELIVERY ORDER
NOC,NORTHROP GRUMMAN SYSTEMS CORPORATION,SPRHA125F0017,2026-04-21,-2563896.7,Department of Defense,Defense Logistics Agency,DELIVERY ORDER
ACN,ACCENTURE FEDERAL SERVICES LLC,89303026FIM000191,2026-04-22,0.0,Department of Energy,Department of Energy,BPA CALL
ACN,ACCENTURE FEDERAL SERVICES LLC,SP470923F0028,2026-04-22,735988.02,Department of Defense,Defense Logistics Agency,DELIVERY ORDER
AVAV,"AEROVIRONMENT, INC",W91CRB26FA079,2026-04-22,0.0,Department of Defense,Department of the Army,DELIVERY ORDER
CACI,"CACI, INC. - FEDERAL",FA807524F0042,2026-04-22,-254463.54,Department of Defense,Department of the Air Force,DELIVERY ORDER
CACI,"CACI TECHNOLOGIES, LLC",NW05,2026-04-22,-1808.99,Department of Defense,Defense Contract Management Agency,DELIVERY ORDER
GD,"GENERAL DYNAMICS INFORMATION TECHNOLOGY, INC.",692M1519F00469,2026-04-22,-2492.59,Department of Transportation,Federal Aviation Administration,DELIVERY ORDER
GD,"GENERAL DYNAMICS INFORMATION TECHNOLOGY, INC.",N6660423F3010,2026-04-22,102398.11,Department of Defense,Department of the Navy,DELIVERY ORDER
GD,"GENERAL DYNAMICS INFORMATION TECHNOLOGY, INC.",W31P4Q21FB006,2026-04-22,-20808.57,Department of Defense,Department of the Army,DELIVERY ORDER
HII,HUNTINGTON INGALLS INCORPORATED,N0002416C2427,2026-04-22,10000.0,Department of Defense,Department of the Navy,DEFINITIVE CONTRACT
NOC,NORTHROP GRUMMAN SYSTEMS CORPORATION,1280,2026-04-22,38936.0,Department of Defense,Department of the Navy,DELIVERY ORDER
NOC,NORTHROP GRUMMAN SYSTEMS CORPORATION,FA462525C0009,2026-04-22,1308257.93,Department of Defense,Department of the Air Force,DEFINITIVE CONTRACT
NOC,NORTHROP GRUMMAN SYSTEMS CORPORATION,HQ072726FE050,2026-04-22,0.0,Department of Defense,Defense Microelectronics Activity,DELIVERY ORDER
NOC,NORTHROP GRUMMAN SYSTEMS CORPORATION,N0001924C0005,2026-04-22,0.0,Department of Defense,Department of the Navy,DEFINITIVE CONTRACT
ACN,ACCENTURE FEDERAL SERVICES LLC,91003119F0003,2026-04-23,3447611.0,Department of Education,Department of Education,DELIVERY ORDER
CACI,"CACI, INC. - FEDERAL",HQ003424F0106,2026-04-23,1086295.72,Department of Defense,Washington Headquarters Services,DELIVERY ORDER
CAT,CATERPILLAR INC,SPE8EC24F0713,2026-04-23,0.0,Department of Defense,Defense Logistics Agency,DELIVERY ORDER
PLTR,PALANTIR USG INC,W9124P26FA179,2026-04-23,0.0,Department of Defense,Department of the Army,DELIVERY ORDER
PSN,PARSONS GOVERNMENT SERVICES INTERNATIONAL INC.,HDTRA120F0087,2026-04-23,-84709.13,Department of Defense,Defense Threat Reduction Agency,DELIVERY ORDER
SATL,IRIDIUM SATELLITE LLC,FA254125FB023,2026-04-23,0.0,Department of Defense,Department of the Air Force,DELIVERY ORDER
ACN,ACCENTURE FEDERAL SERVICES LLC,28321326FDS030056,2026-04-24,11899229.08,Social Security Administration,Social Security Administration,DELIVERY ORDER
ACN,ACCENTURE FEDERAL SERVICES LLC,91003125C0013,2026-04-24,0.0,Department of Education,Department of Education,DEFINITIVE CONTRACT
BA,THE BOEING COMPANY,FA860922F0007,2026-04-24,1350000.0,Department of Defense,Department of the Air Force,DELIVERY ORDER
BA,THE BOEING COMPANY,NNM12AA82C,2026-04-24,0.0,National Aeronautics and Space Administration,National Aeronautics and Space Administration,DEFINITIVE CONTRACT
CACI,"CACI, INC. - FEDERAL",HTC71126FE210,2026-04-24,80000.0,Department of Defense,USTRANSCOM,DELIVERY ORDER
CACI,"CACI TECHNOLOGIES, LLC",W909MY24F0002,2026-04-24,769593.0,Department of Defense,Department of the Army,DELIVERY ORDER
CAT,CATERPILLAR INC,SPE8EC26F0441,2026-04-24,1125831.0,Department of Defense,Defense Logistics Agency,DELIVERY ORDER
GE,GENERAL ELECTRIC COMPANY,70Z03826FR0000022,2026-04-24,0.0,Department of Homeland Security,U.S. Coast Guard,DELIVERY ORDER
HII,HUNTINGTON INGALLS INCORPORATED,N0002418C2406,2026-04-24,0.0,Department of Defense,Department of the Navy,DEFINITIVE CONTRACT
LDOS,"LEIDOS, INC.",693JJ324F00382N,2026-04-24,424878.0,Department of Transportation,Federal Highway Administration,DELIVERY ORDER
LDOS,LEIDOS BIOMEDICAL RESEARCH INC,75N91023F00020,2026-04-24,0.0,Department of Health and Human Services,National Institutes of Health,DELIVERY ORDER
LDOS,"LEIDOS, INC.",W15P7T24F0030,2026-04-24,0.0,Department of Defense,Department of the Army,DELIVERY ORDER
PSN,PARSONS GOVERNMENT SERVICES INC.,FA890325F0118,2026-04-24,0.0,Department of Defense,Department of the Air Force,DELIVERY ORDER
PSN,PARSONS GOVERNMENT SERVICES INC.,HQ085821C0015,2026-04-24,0.0,Department of Defense,Missile Defense Agency,DEFINITIVE CONTRACT
AVAV,"AEROVIRONMENT, INC",W58RGZ26F0222,2026-04-27,4457.88,Department of Defense,Department of the Army,DELIVERY ORDER
CACI,"CACI, INC. - FEDERAL",47QFCA24F0018,2026-04-27,6216634.09,General Services Administration,Federal Acquisition Service,DELIVERY ORDER
CACI,"CACI, INC. - FEDERAL",47QFRA24F0005,2026-04-27,8404850.62,General Services Administration,Federal Acquisition Service,DELIVERY ORDER
CACI,"CACI NSS, LLC",70FA3022F00000043,2026-04-27,515382.17,Department of Homeland Security,Federal Emergency Management Agency,BPA CALL
CACI,"CACI TECHNOLOGIES, LLC",W56KGU20F0012,2026-04-27,-662653.47,Department of Defense,Department of the Army,DELIVERY ORDER
PSN,PARSONS GOVERNMENT SERVICES INC.,N6247323F3000,2026-04-27,0.0,Department of Defense,Department of the Navy,DELIVERY ORDER
CAT,CATERPILLAR INC,SPE8EC26F0445,2026-04-28,4576079.0,Department of Defense,Defense Logistics Agency,DELIVERY ORDER
GE,GENERAL ELECTRIC COMPANY,FA862626FB006,2026-04-28,0.0,Department of Defense,Department of the Air Force,DELIVERY ORDER
LDOS,"LEIDOS, INC.",15PBJA23F00000005,2026-04-28,-26.33,Department of Justice,Office of Justice Programs,BPA CALL
LDOS,"LEIDOS, INC.",15PVCD22F00000007,2026-04-28,-45.92,Department of Justice,Office of Justice Programs,BPA CALL
LDOS,"LEIDOS, INC.",31310022F0113,2026-04-28,23686.42,Nuclear Regulatory Commission,Nuclear Regulatory Commission,BPA CALL
PLTR,PALANTIR TECHNOLOGIES INC.,75N95024F00003,2026-04-28,0.0,Department of Health and Human Services,National Institutes of Health,DELIVERY ORDER
TXT,BELL TEXTRON INC,W58RGZ23C0019,2026-04-28,0.0,Department of Defense,Department of the Army,DEFINITIVE CONTRACT
ACN,ACCENTURE FEDERAL SERVICES LLC,19AQMM26F7062,2026-04-29,403154.06,Department of State,Department of State,BPA CALL
ACN,ACCENTURE FEDERAL SERVICES LLC,28321321C00060001,2026-04-29,830984.99,Social Security Administration,Social Security Administration,DEFINITIVE CONTRACT
ACN,ACCENTURE FEDERAL SERVICES LLC,89303022FIM000088,2026-04-29,0.0,Department of Energy,Department of Energy,BPA CALL
ACN,ACCENTURE FEDERAL SERVICES LLC,FA830725FB032,2026-04-29,2367874.45,Department of Defense,Department of the Air Force,DELIVERY ORDER
ACN,ACCENTURE FEDERAL SERVICES LLC,SP470923F0016,2026-04-29,122441.9,Department of Defense,Defense Logistics Agency,DELIVERY ORDER
AVAV,"AEROVIRONMENT, INC",W91CRB26FA177,2026-04-29,28082019.4,Department of Defense,Department of the Army,DELIVERY ORDER
CACI,"CACI, INC. - FEDERAL",N0016425F3019,2026-04-29,6601700.0,Department of Defense,Department of the Navy,DELIVERY ORDER
HON,HONEYWELL INTERNATIONAL INC.,W58RGZ24F0425,2026-04-29,0.0,Department of Defense,Department of the Army,DELIVERY ORDER
PLTR,PALANTIR TECHNOLOGIES INC.,12314426F0158,2026-04-29,3913177.35,Department of Agriculture,Office of the Chief Financial Officer,DELIVERY ORDER
HII,HUNTINGTON INGALLS INCORPORATED,N0002423C2324,2026-04-30,0.0,Department of Defense,Department of the Navy,DEFINITIVE CONTRACT
HII,HUNTINGTON INGALLS INCORPORATED,N0002425C4229,2026-04-30,752553.0,Department of Defense,Department of the Navy,DEFINITIVE CONTRACT
HII,HUNTINGTON INGALLS INC,N0002498C2104,2026-04-30,0.0,Department of Defense,Department of the Navy,DEFINITIVE CONTRACT
HON,"HONEYWELL FEDERAL MANUFACTURING & TECHNOLOGIES, LLC",DENA0002839,2026-04-30,68875168.69,Department of Energy,Department of Energy,DEFINITIVE CONTRACT
IBM,INTERNATIONAL BUSINESS MACHINES CORPORATION,2032H524F00257,2026-04-30,0.0,Department of the Treasury,Internal Revenue Service,DELIVERY ORDER
PLTR,PALANTIR TECHNOLOGIES INC.,70CTD026FC0000012,2026-04-30,86271599.3,Department of Homeland Security,U.S. Immigration and Customs Enforcement,BPA CALL
TXT,TEXTRON SYSTEMS CORPORATION,N6893625F0494,2026-04-30,140092.72,Department of Defense,Department of the Navy,DELIVERY ORDER
TXT,TEXTRON SYSTEMS CORPORATION,N6893625F0575,2026-04-30,57049.0,Department of Defense,Department of the Navy,DELIVERY ORDER
ACN,ACCENTURE FEDERAL SERVICES LLC,89303024FIM000152,2026-05-01,27000.0,Department of Energy,Department of Energy,BPA CALL
IBM,INTERNATIONAL BUSINESS MACHINES CORPORATION,FA701424F0210,2026-05-01,380400.0,Department of Defense,Department of the Air Force,DELIVERY ORDER
KTOS,"KRATOS TECHNOLOGY & TRAINING SOLUTIONS, INC.",FA882324FB009,2026-05-01,-26690.29,Department of Defense,Department of the Air Force,DELIVERY ORDER
KTOS,"KRATOS UNMANNED AERIAL SYSTEMS, INC",W900KK23F0112,2026-05-01,0.0,Department of Defense,Department of the Army,DELIVERY ORDER
BAH,BOOZ ALLEN HAMILTON INC,2032H524F00155,2026-05-02,96198.23,Department of the Treasury,Internal Revenue Service,BPA CALL
BA,THE BOEING COMPANY,FA822017F0013,2026-05-04,-1184675.76,Department of Defense,Department of the Air Force,DELIVERY ORDER
BA,THE BOEING COMPANY,S2606A21F0034,2026-05-04,-66250.0,Department of Defense,Defense Contract Management Agency,DELIVERY ORDER
BAH,BOOZ ALLEN HAMILTON INC,47QFWA21F0008,2026-05-04,-927766.69,General Services Administration,Federal Acquisition Service,DELIVERY ORDER
BAH,BOOZ ALLEN HAMILTON INC,70B04C25F00001253,2026-05-04,0.0,Department of Homeland Security,U.S. Customs and Border Protection,BPA CALL
BAH,BOOZ ALLEN HAMILTON INC,N0018922FZ073,2026-05-04,-1379.8,Department of Defense,Defense Contract Management Agency,DELIVERY ORDER
BAH,BOOZ ALLEN HAMILTON INC,N0018922FZ228,2026-05-04,-88949.13,Department of Defense,Defense Contract Management Agency,DELIVERY ORDER
CACI,"CACI-ISS, LLC",FA877021FB002,2026-05-04,1465877.42,Department of Defense,Department of the Air Force,DELIVERY ORDER
CACI,"CACI NSS, LLC",FA882316C0004,2026-05-04,52023.34,Department of Defense,Department of the Air Force,DEFINITIVE CONTRACT
CACI,"CACI, INC. - FEDERAL",W911QY26FA090,2026-05-04,0.0,Department of Defense,Department of the Army,DELIVERY ORDER
EMR,"EMERSON CONSTRUCTION COMPANY, INC.",W9126G25C0010,2026-05-04,0.0,Department of Defense,Department of the Army,DEFINITIVE CONTRACT
GD,"GENERAL DYNAMICS MISSION SYSTEMS, INC.",FA880724F0003,2026-05-04,1839601.73,Department of Defense,Department of the Air Force,DELIVERY ORDER
GD,"GENERAL DYNAMICS INFORMATION TECHNOLOGY, INC.",HC102817F0643,2026-05-04,545841.58,Department of Defense,Defense Information Systems Agency,DELIVERY ORDER
GD,"GENERAL DYNAMICS MISSION SYSTEMS, INC.",N0002419C6102,2026-05-04,4030653.0,Department of Defense,Department of the Navy,DEFINITIVE CONTRACT
HII,HUNTINGTON INGALLS INCORPORATED,N0002416C2427,2026-05-04,0.0,Department of Defense,Department of the Navy,DEFINITIVE CONTRACT
LDOS,"LEIDOS, INC.",W15P7T26F0050,2026-05-04,0.0,Department of Defense,Department of the Army,DELIVERY ORDER
BA,THE BOEING COMPANY,FA862116C6390,2026-05-05,380000.0,Department of Defense,Department of the Air Force,DEFINITIVE CONTRACT
BA,THE BOEING COMPANY,W58RGZ12C0010,2026-05-05,0.0,Department of Defense,Department of the Army,DEFINITIVE CONTRACT
CACI,"CACI, INC. - FEDERAL",47QFCA24F0018,2026-05-05,22676115.73,General Services Administration,Federal Acquisition Service,DELIVERY ORDER
CAT,CATERPILLAR INC,SPE8EC26F0470,2026-05-05,1046658.0,Department of Defense,Defense Logistics Agency,DELIVERY ORDER
GD,"GENERAL DYNAMICS INFORMATION TECHNOLOGY, INC.",N6339423C0009,2026-05-05,0.0,Department of Defense,Department of the Navy,DEFINITIVE CONTRACT
GD,"GENERAL DYNAMICS GLOBAL FORCE, LLC",W15P7T22F0052,2026-05-05,257250.0,Department of Defense,Department of the Army,DELIVERY ORDER
GD,"GENERAL DYNAMICS MISSION SYSTEMS, INC.",W15P7T25F0185,2026-05-05,0.0,Department of Defense,Department of the Army,DELIVERY ORDER
GD,"GENERAL DYNAMICS INFORMATION TECHNOLOGY, INC.",W91RUS19F0174,2026-05-05,3049033.0,Department of Defense,Department of the Army,DELIVERY ORDER
GE,GENERAL ELECTRIC COMPANY,SPRTA126F0191,2026-05-05,2216011.36,Department of Defense,Defense Logistics Agency,DELIVERY ORDER
HII,HUNTINGTON INGALLS INC,N0002413C2108,2026-05-05,0.0,Department of Defense,Department of the Navy,DEFINITIVE CONTRACT
HII,HUNTINGTON INGALLS INC,N0002413C2112,2026-05-05,0.0,Department of Defense,Department of the Navy,DEFINITIVE CONTRACT
HII,HUNTINGTON INGALLS INCORPORATED,N0002419C4313,2026-05-05,840186.0,Department of Defense,Department of the Navy,DEFINITIVE CONTRACT
HII,HUNTINGTON INGALLS INC,N0002421C2106,2026-05-05,0.0,Department of Defense,Department of the Navy,DEFINITIVE CONTRACT
HII,HUNTINGTON INGALLS INC,N0002423F6102,2026-05-05,486652.0,Department of Defense,Department of the Navy,DELIVERY ORDER
IBM,INTERNATIONAL BUSINESS MACHINES CORPORATION,N0003921F3007,2026-05-05,-6547026.0,Department of Defense,Department of the Navy,DELIVERY ORDER
LDOS,LEIDOS BIOMEDICAL RESEARCH INC,75N91025F00014,2026-05-05,0.0,Department of Health and Human Services,National Institutes of Health,DELIVERY ORDER
LDOS,"LEIDOS, INC.",FA807524F0016,2026-05-05,633848.0,Department of Defense,Department of the Air Force,DELIVERY ORDER
LDOS,"LEIDOS, INC.",HC102826F0077,2026-05-05,614457.87,Department of Defense,Defense Information Systems Agency,DELIVERY ORDER
LDOS,"LEIDOS, INC.",N6523625F3003,2026-05-05,169922.55,Department of Defense,Department of the Navy,DELIVERY ORDER
PSN,PARSONS GOVERNMENT SERVICES INC.,W9128A24C0013,2026-05-05,0.0,Department of Defense,Department of the Army,DEFINITIVE CONTRACT
SPIR,"CORESPHERE, LLC",2032H524F00404,2026-05-05,631072.0,Department of the Treasury,Internal Revenue Service,DELIVERY ORDER
TXT,TEXTRON SYSTEMS CORPORATION,N0001924F5002,2026-05-05,2330503.32,Department of Defense,Department of the Navy,DELIVERY ORDER
BA,THE BOEING COMPANY,FA852626FB002,2026-05-06,1163317.57,Department of Defense,Department of the Air Force,DELIVERY ORDER
BA,THE BOEING COMPANY,N6893626F5019,2026-05-06,4346141.93,Department of Defense,Department of the Navy,DELIVERY ORDER
CAT,CATERPILLAR INC,SPE8EC25F0112,2026-05-06,0.0,Department of Defense,Defense Logistics Agency,DELIVERY ORDER
KTOS,"KRATOS DEFENSE & ROCKET SUPPORT SERVICES, INC.",HQ086022C0001,2026-05-06,0.0,Department of Defense,Missile Defense Agency,DEFINITIVE CONTRACT
NOC,NORTHROP GRUMMAN SYSTEMS CORPORATION,FA865923FB006,2026-05-06,0.0,Department of Defense,Department of the Air Force,DELIVERY ORDER
NOC,NORTHROP GRUMMAN SYSTEMS CORPORATION,FA875017C0041,2026-05-06,0.0,Department of Defense,Defense Contract Management Agency,DEFINITIVE CONTRACT
NOC,NORTHROP GRUMMAN SYSTEMS CORPORATION,HQ085223C0002,2026-05-06,0.0,Department of Defense,Missile Defense Agency,DEFINITIVE CONTRACT
ACN,ACCENTURE FEDERAL SERVICES LLC,1333BJ21F00280023,2026-05-07,34100.05,Department of Commerce,U.S. Patent and Trademark Office,DELIVERY ORDER
ACN,ACCENTURE FEDERAL SERVICES LLC,140D0424F1317,2026-05-07,0.0,Department of the Interior,Departmental Offices,DELIVERY ORDER
AVAV,"AEROVIRONMENT, INC",FA862926PB002,2026-05-07,0.0,Department of Defense,Department of the Air Force,PURCHASE ORDER
BA,THE BOEING COMPANY,FA852623F0012,2026-05-07,0.0,Department of Defense,Department of the Air Force,DELIVERY ORDER
BA,THE BOEING COMPANY,FA873020C0002,2026-05-07,-64731.39,Department of Defense,Department of the Air Force,DEFINITIVE CONTRACT
BA,THE BOEING COMPANY,SPRPA118F0LB5,2026-05-07,0.0,Department of Defense,Defense Logistics Agency,DELIVERY ORDER
BA,THE BOEING COMPANY,W58RGZ23F0272,2026-05-07,0.0,Department of Defense,Defense Contract Management Agency,DELIVERY ORDER
BAH,BOOZ ALLEN HAMILTON INC,1333BJ21F00280021,2026-05-07,36430.4,Department of Commerce,U.S. Patent and Trademark Office,DELIVERY ORDER
BAH,BOOZ ALLEN HAMILTON INC,36C10B19N10070015,2026-05-07,-16828565.06,Department of Veterans Affairs,Department of Veterans Affairs,DELIVERY ORDER
BAH,BOOZ ALLEN HAMILTON INC,47QFLA21F0126,2026-05-07,83990.87,General Services Administration,Federal Acquisition Service,DELIVERY ORDER
BAH,BOOZ ALLEN HAMILTON INC,68HERC23F0430,2026-05-07,95000.0,Environmental Protection Agency,Environmental Protection Agency,BPA CALL
BAH,BOOZ ALLEN HAMILTON INC,FA714626C0007,2026-05-07,6344400.0,Department of Defense,Department of the Air Force,DEFINITIVE CONTRACT
BAH,BOOZ ALLEN HAMILTON INC,FA863025CB014,2026-05-07,1779764.92,Department of Defense,Department of the Air Force,DEFINITIVE CONTRACT
GE,GENERAL ELECTRIC COMPANY,FA862626FB004,2026-05-07,0.0,Department of Defense,Department of the Air Force,DELIVERY ORDER
LUNR,"INTUITIVE MACHINES, LLC",80JSC026F7009,2026-05-07,0.0,National Aeronautics and Space Administration,National Aeronautics and Space Administration,DELIVERY ORDER
ACN,ACCENTURE FEDERAL SERVICES LLC,W52P1J21C0025,2026-05-08,43914.55,Department of Defense,Department of the Army,DEFINITIVE CONTRACT
BAH,BOOZ ALLEN HAMILTON INC,140D0426F0320,2026-05-08,1932251.91,Department of the Interior,Departmental Offices,DELIVERY ORDER
BAH,BOOZ ALLEN HAMILTON INC,N0018925FZ237,2026-05-08,991000.0,Department of Defense,Department of the Navy,DELIVERY ORDER
BAH,BOOZ ALLEN HAMILTON INC,W909MY22F7002,2026-05-08,0.0,Department of Defense,Department of the Army,DELIVERY ORDER
CACI,"CACI, INC. - FEDERAL",47QFMA24F0014,2026-05-08,58467833.44,General Services Administration,Federal Acquisition Service,DELIVERY ORDER
CACI,"CACI, INC. - FEDERAL",70B06C26F00000087,2026-05-08,9499476.99,Department of Homeland Security,U.S. Customs and Border Protection,BPA CALL
CACI,"CACI NSS, LLC",FA489021F0010,2026-05-08,-1156306.42,Department of Defense,Department of the Air Force,DELIVERY ORDER
CACI,"CACI, INC. - FEDERAL",FA865023C7318,2026-05-08,2050000.0,Department of Defense,Department of the Air Force,DEFINITIVE CONTRACT
GD,"GENERAL DYNAMICS INFORMATION TECHNOLOGY, INC.",N0017823F3012,2026-05-08,21612417.61,Department of Defense,Department of the Navy,DELIVERY ORDER
GD,GENERAL DYNAMICS LAND SYSTEMS INC.,W56HZV21F0403,2026-05-08,22549.99,Department of Defense,Department of the Army,DELIVERY ORDER
GD,GENERAL DYNAMICS LAND SYSTEMS INC.,W912CH24F0304,2026-05-08,12871.0,Department of Defense,Department of the Army,DELIVERY ORDER
GD,GENERAL DYNAMICS LAND SYSTEMS INC.,W912CH26F0088,2026-05-08,6905404.0,Department of Defense,Department of the Army,DELIVERY ORDER
IBM,INTERNATIONAL BUSINESS MACHINES CORPORATION,19AQMM26F0502,2026-05-08,0.0,Department of State,Department of State,DELIVERY ORDER
NOC,NORTHROP GRUMMAN SYSTEMS CORPORATION,HQ085624F0003,2026-05-08,2839062.0,Department of Defense,Missile Defense Agency,DELIVERY ORDER
NOC,NORTHROP GRUMMAN SYSTEMS CORPORATION,N0001426C1125,2026-05-08,1600000.0,Department of Defense,Department of the Navy,DEFINITIVE CONTRACT
PSN,PARSONS GOVERNMENT SERVICES INC.,N0017324C2010,2026-05-08,205000.0,Department of Defense,Department of the Navy,DEFINITIVE CONTRACT
TXT,BELL TEXTRON INC,SPRPA126FRN0J,2026-05-08,1897201.6,Department of Defense,Defense Logistics Agency,DELIVERY ORDER
BA,THE BOEING COMPANY,FA813826FB003,2026-05-11,500000.0,Department of Defense,Department of the Air Force,DELIVERY ORDER
BA,THE BOEING COMPANY,HQ014719C0004,2026-05-11,2778.0,Department of Defense,Missile Defense Agency,DEFINITIVE CONTRACT
BA,THE BOEING COMPANY,N0001923F2457,2026-05-11,52839.26,Department of Defense,Department of the Navy,DELIVERY ORDER
GD,"GENERAL DYNAMICS INFORMATION TECHNOLOGY, INC.",47QFDA21F0044,2026-05-11,2097654.37,General Services Administration,Federal Acquisition Service,DELIVERY ORDER
GD,GENERAL DYNAMICS LAND SYSTEMS INC.,W912CH25F0351,2026-05-11,0.0,Department of Defense,Department of the Army,DELIVERY ORDER
GE,GENERAL ELECTRIC COMPANY,FA862622C0002,2026-05-11,0.0,Department of Defense,Defense Contract Management Agency,DEFINITIVE CONTRACT
HII,HUNTINGTON INGALLS INC,N0002421C2106,2026-05-11,0.0,Department of Defense,Department of the Navy,DEFINITIVE CONTRACT
HII,HUNTINGTON INGALLS INCORPORATED,N0002425C4229,2026-05-11,1030616.0,Department of Defense,Department of the Navy,DEFINITIVE CONTRACT
IBM,INTERNATIONAL BUSINESS MACHINES CORPORATION,47QFEA26F0003,2026-05-11,1572572.0,General Services Administration,Federal Acquisition Service,DELIVERY ORDER
KTOS,"KRATOS TECHNOLOGY & TRAINING SOLUTIONS, INC.",FA240125C0004,2026-05-11,6824056.33,Department of Defense,Department of the Air Force,DEFINITIVE CONTRACT
KTOS,"KRATOS UNMANNED AERIAL SYSTEMS, INC",N0042123C0010,2026-05-11,0.0,Department of Defense,Department of the Navy,DEFINITIVE CONTRACT
ONDS,EAST RIO HONDO WATER SUPPLY CORP,70CMSW19P00000005,2026-05-11,50000.0,Department of Homeland Security,U.S. Immigration and Customs Enforcement,PURCHASE ORDER
ACN,ACCENTURE FEDERAL SERVICES LLC,SP470124F0180,2026-05-12,12069666.66,Department of Defense,Defense Logistics Agency,BPA CALL
BA,THE BOEING COMPANY,0008,2026-05-12,0.0,Department of Defense,Department of the Army,DELIVERY ORDER
BA,THE BOEING COMPANY,THNP,2026-05-12,0.0,Department of Defense,Defense Contract Management Agency,DELIVERY ORDER
BA,THE BOEING COMPANY,W58RGZ26F0056,2026-05-12,0.0,Department of Defense,Department of the Army,DELIVERY ORDER
BA,THE BOEING COMPANY,W58RGZ26F0123,2026-05-12,100000.0,Department of Defense,Department of the Army,DELIVERY ORDER
CAT,CATERPILLAR INC,SPRDL125C0120,2026-05-12,0.0,Department of Defense,Defense Logistics Agency,DEFINITIVE CONTRACT
GE,GENERAL ELECTRIC COMPANY,FA862624F3400,2026-05-12,0.0,Department of Defense,Department of the Air Force,DELIVERY ORDER
HII,HUNTINGTON INGALLS INCORPORATED,N0002420C4203,2026-05-12,114.0,Department of Defense,Department of the Navy,DEFINITIVE CONTRACT
PSN,PARSONS GOVERNMENT SERVICES INC.,HQ085821C0015,2026-05-12,429000.0,Department of Defense,Missile Defense Agency,DEFINITIVE CONTRACT
TXT,TEXTRON AVIATION INC,W58RGZ24F0055,2026-05-12,0.0,Department of Defense,Department of the Army,DELIVERY ORDER
GD,"GENERAL DYNAMICS MISSION SYSTEMS, INC.",70Z04421F21000700,2026-05-13,437500.0,Department of Homeland Security,U.S. Coast Guard,DELIVERY ORDER
PSN,PARSONS GOVERNMENT SERVICES INC.,47PA0321F0049,2026-05-13,0.0,General Services Administration,Public Buildings Service,BPA CALL
TXT,TEXTRON AVIATION INC,6973GH24F01335,2026-05-13,0.0,Department of Transportation,Federal Aviation Administration,DELIVERY ORDER
ACN,ACCENTURE FEDERAL SERVICES LLC,AG3144D170052,2026-05-14,334222.48,Department of Agriculture,Office of the Chief Financial Officer,DELIVERY ORDER
BAH,BOOZ ALLEN HAMILTON INC,47QFWA26F0004,2026-05-14,0.0,General Services Administration,Federal Acquisition Service,DELIVERY ORDER
BAH,BOOZ ALLEN HAMILTON INC,47QFWA26F0006,2026-05-14,0.0,General Services Administration,Federal Acquisition Service,DELIVERY ORDER
BAH,BOOZ ALLEN HAMILTON INC,75N95023F00001,2026-05-14,-2856.02,Department of Health and Human Services,National Institutes of Health,DELIVERY ORDER
CACI,"CACI NSS, LLC",36C10B26F0143,2026-05-14,11777174.4,Department of Veterans Affairs,Department of Veterans Affairs,DELIVERY ORDER
KTOS,"KRATOS S2, INC",47QFCA20C0019,2026-05-14,2856804.45,General Services Administration,Federal Acquisition Service,DEFINITIVE CONTRACT
LDOS,LEIDOS DIGITAL SOLUTIONS INC,11316023F0051OAS,2026-05-14,682830.92,Executive Office of the President,Executive Office of the President,DELIVERY ORDER
LDOS,"LEIDOS, INC.",70T04021F7672N019,2026-05-14,784220.04,Department of Homeland Security,Transportation Security Administration,DELIVERY ORDER
NOC,NORTHROP GRUMMAN SYSTEMS CORPORATION,47QFWA21F0007,2026-05-14,566.58,General Services Administration,Federal Acquisition Service,DELIVERY ORDER
IBM,INTERNATIONAL BUSINESS MACHINES CORPORATION,GSQ0017AJ0007,2026-05-15,5208209.93,General Services Administration,Federal Acquisition Service,DELIVERY ORDER
LDOS,"LEIDOS, INC.",70T01022F7668N016,2026-05-15,1983918.31,Department of Homeland Security,Transportation Security Administration,DELIVERY ORDER
LDOS,"LEIDOS SECURITY DETECTION & AUTOMATION, INC.",70T04023F7672N029,2026-05-15,0.0,Department of Homeland Security,Transportation Security Administration,DELIVERY ORDER
LDOS,"LEIDOS, INC.",DTFAWA16C00021,2026-05-15,535422.52,Department of Transportation,Federal Aviation Administration,DEFINITIVE CONTRACT
BAH,BOOZ ALLEN HAMILTON INC,15F06724F0001022,2026-05-17,-0.03,Department of Justice,Federal Bureau of Investigation,DELIVERY ORDER
PLTR,PALANTIR TECHNOLOGIES INC.,15JPSS25F00000911,2026-05-18,0.0,Department of Justice,"Offices, Boards and Divisions",DELIVERY ORDER
BA,THE BOEING COMPANY,80MSFC20C0052,2026-05-19,0.0,National Aeronautics and Space Administration,National Aeronautics and Space Administration,DEFINITIVE CONTRACT
GD,"GENERAL DYNAMICS INFORMATION TECHNOLOGY, INC.",75FCMC22F0001,2026-05-19,895211.0,Department of Health and Human Services,Centers for Medicare and Medicaid Services,DELIVERY ORDER
GD,"GENERAL DYNAMICS INFORMATION TECHNOLOGY, INC.",HHSP233201800008C,2026-05-19,-10908847.21,Department of Health and Human Services,Office of the Assistant Secretary for Administration,DEFINITIVE CONTRACT
PSN,PARSONS GOVERNMENT SERVICES INC.,47QFCA21F0042,2026-05-19,5261774.5,General Services Administration,Federal Acquisition Service,DELIVERY ORDER
ACN,ACCENTURE FEDERAL SERVICES LLC,2032H522F00006,2026-05-20,2884572.58,Department of the Treasury,Internal Revenue Service,DELIVERY ORDER
ACN,ACCENTURE FEDERAL SERVICES LLC,89243423FEE000260,2026-05-20,314578.67,Department of Energy,Department of Energy,BPA CALL
BAH,BOOZ ALLEN HAMILTON INC,47QFCA23F0058,2026-05-20,0.0,General Services Administration,Federal Acquisition Service,DELIVERY ORDER
CACI,"CACI, LLC - COMMERCIAL",15JPSS21F00000549,2026-05-20,1623638.78,Department of Justice,"Offices, Boards and Divisions",DELIVERY ORDER
CACI,"CACI, INC. - FEDERAL",47QFCA25F0014,2026-05-20,2866289.0,General Services Administration,Federal Acquisition Service,DELIVERY ORDER
GD,"GENERAL DYNAMICS INFORMATION TECHNOLOGY, INC.",47QFCA19F0035,2026-05-20,-3.14,General Services Administration,Federal Acquisition Service,DELIVERY ORDER
GD,"GENERAL DYNAMICS INFORMATION TECHNOLOGY, INC.",47QFSA21F0112,2026-05-20,551386.97,General Services Administration,Federal Acquisition Service,DELIVERY ORDER
GD,GENERAL DYNAMICS ONE SOURCE LLC,70B02C23F00000876,2026-05-20,180000.0,Department of Homeland Security,U.S. Customs and Border Protection,DELIVERY ORDER
IBM,INTERNATIONAL BUSINESS MACHINES CORPORATION,273FCC23F0070,2026-05-20,0.0,Federal Communications Commission,Federal Communications Commission,DELIVERY ORDER
LDOS,"LEIDOS, INC.",29FTC122F0038,2026-05-20,4666999.9,Federal Trade Commission,Federal Trade Commission,BPA CALL
LDOS,"LEIDOS, INC.",DTFA0101CA0065CALL0001,2026-05-20,1755329.76,Department of Transportation,Federal Aviation Administration,DELIVERY ORDER
CACI,"CACI, INC. - FEDERAL",80TECH24CA002,2026-05-21,3463923.8,National Aeronautics and Space Administration,National Aeronautics and Space Administration,DEFINITIVE CONTRACT
LDOS,"LEIDOS, INC.",DTFA0101CA0065CALL0001,2026-05-21,109000.0,Department of Transportation,Federal Aviation Administration,DELIVERY ORDER
PSN,PARSONS GOVERNMENT SERVICES INTERNATIONAL INC.,89233124FNA400648,2026-05-21,270970.0,Department of Energy,Department of Energy,DELIVERY ORDER
ACN,ACCENTURE FEDERAL SERVICES LLC,12314418F0020,2026-05-22,163776.07,Department of Agriculture,Office of the Chief Financial Officer,DELIVERY ORDER
BAH,BOOZ ALLEN HAMILTON INC,47QFEA24F0001,2026-05-22,0.0,General Services Administration,Federal Acquisition Service,DELIVERY ORDER
IBM,INTERNATIONAL BUSINESS MACHINES CORPORATION,2033H625F00095,2026-05-22,635537.16,Department of the Treasury,Bureau of the Fiscal Service,DELIVERY ORDER
BAH,BOOZ ALLEN HAMILTON INC,75N92018F00253,2026-05-26,-44800.16,Department of Health and Human Services,National Institutes of Health,DELIVERY ORDER
BAH,BOOZ ALLEN HAMILTON INC,80JSC025FA191,2026-05-26,-386594.0,National Aeronautics and Space Administration,National Aeronautics and Space Administration,BPA CALL
GD,"GENERAL DYNAMICS INFORMATION TECHNOLOGY, INC.",36C10B24N10160014,2026-05-26,2234617.68,Department of Veterans Affairs,Department of Veterans Affairs,DELIVERY ORDER
GD,"GENERAL DYNAMICS INFORMATION TECHNOLOGY, INC.",47QFCA23F0040,2026-05-26,-4907.68,General Services Administration,Federal Acquisition Service,DELIVERY ORDER
GD,"GENERAL DYNAMICS INFORMATION TECHNOLOGY, INC.",692M1525F00109,2026-05-26,0.0,Department of Transportation,Federal Aviation Administration,DELIVERY ORDER
GD,"GENERAL DYNAMICS INFORMATION TECHNOLOGY, INC.",70RDA126FR0000001,2026-05-26,-120026.83,Department of Homeland Security,Office of Procurement Operations,DELIVERY ORDER
IBM,INTERNATIONAL BUSINESS MACHINES CORPORATION,75F40120F19008,2026-05-26,-52522.33,Department of Health and Human Services,Food and Drug Administration,BPA CALL
TXT,TEXTRON AVIATION INC,6973GH26F00864,2026-05-26,-27264649.2,Department of Transportation,Federal Aviation Administration,DELIVERY ORDER
ACN,ACCENTURE FEDERAL SERVICES LLC,89303026FIM000188,2026-05-27,920221.5,Department of Energy,Department of Energy,BPA CALL
BA,THE BOEING COMPANY,NNM12AA82C,2026-05-27,10184000.0,National Aeronautics and Space Administration,National Aeronautics and Space Administration,DEFINITIVE CONTRACT
BAH,BOOZ ALLEN HAMILTON INC,47QFCA23F0014,2026-05-27,11423600.0,General Services Administration,Federal Acquisition Service,DELIVERY ORDER
LDOS,"LEIDOS, INC.",31310020F0052,2026-05-27,4262389.82,Nuclear Regulatory Commission,Nuclear Regulatory Commission,BPA CALL
LDOS,"LEIDOS, INC.",GSQ0017AJ0079,2026-05-27,-36804.05,General Services Administration,Federal Acquisition Service,DELIVERY ORDER
LDOS,"LEIDOS, INC.",NSFDACS1219442,2026-05-27,7961988.11,National Science Foundation,National Science Foundation,DEFINITIVE CONTRACT
BAH,BOOZ ALLEN HAMILTON INC,693KA823F00202,2026-05-28,862000.0,Department of Transportation,Federal Aviation Administration,DELIVERY ORDER
BAH,BOOZ ALLEN HAMILTON INC,75F40125F19011,2026-05-28,0.0,Department of Health and Human Services,Food and Drug Administration,BPA CALL
CACI,"CACI, INC. - FEDERAL",47QFMA24F0014,2026-05-28,2311099.43,General Services Administration,Federal Acquisition Service,DELIVERY ORDER
CACI,"CACI NSS, LLC",70RTAC26FC0000011,2026-05-28,0.0,Department of Homeland Security,Office of Procurement Operations,BPA CALL
GD,GENERAL DYNAMICS INFORMATION TECHNOLOGY INC.,19AQMM24F0170,2026-05-28,88333.7,Department of State,Department of State,DELIVERY ORDER
GD,"GENERAL DYNAMICS MISSION SYSTEMS, INC.",70Z04421F21002700,2026-05-28,4222277.0,Department of Homeland Security,U.S. Coast Guard,DELIVERY ORDER
LDOS,"LEIDOS, INC.",70T04021F7672N023,2026-05-28,2799400.0,Department of Homeland Security,Transportation Security Administration,DELIVERY ORDER
LDOS,"LEIDOS, INC.",75N97025F00001,2026-05-28,0.0,Department of Health and Human Services,National Institutes of Health,DELIVERY ORDER
PLTR,PALANTIR TECHNOLOGIES INC.,2023H225F00144,2026-05-28,0.0,Department of the Treasury,Internal Revenue Service,BPA CALL
PLTR,PALANTIR TECHNOLOGIES INC.,2023H225F00145,2026-05-28,0.0,Department of the Treasury,Internal Revenue Service,BPA CALL
SPIR,"CORESPHERE, LLC",1605TA22F00120,2026-05-28,0.0,Department of Labor,Office of the Assistant Secretary for Administration and Management,DELIVERY ORDER
BA,THE BOEING COMPANY,80MSFC20C0052,2026-05-29,69500000.0,National Aeronautics and Space Administration,National Aeronautics and Space Administration,DEFINITIVE CONTRACT
CACI,"CACI, LLC - COMMERCIAL",15JPSS21F00000353,2026-05-29,375000.0,Department of Justice,"Offices, Boards and Divisions",DELIVERY ORDER
CACI,"CACI NSS, LLC",70FA5020F00000111,2026-05-29,91831.58,Department of Homeland Security,Federal Emergency Management Agency,DELIVERY ORDER
LDOS,"LEIDOS, INC.",75A50323F80001,2026-05-30,-2712214.7,Department of Health and Human Services,Office of Assistant Secretary for Preparedness and Response,DELIVERY ORDER
CACI,"CACI, LLC - COMMERCIAL",15JPSS20F00000967,2026-05-31,1275250.0,Department of Justice,"Offices, Boards and Divisions",DELIVERY ORDER
LDOS,"LEIDOS, INC.",15JPSS20F00000873,2026-05-31,240000.0,Department of Justice,"Offices, Boards and Divisions",DELIVERY ORDER
LDOS,"LEIDOS, INC.",15JPSS20F00000971,2026-05-31,735000.0,Department of Justice,"Offices, Boards and Divisions",DELIVERY ORDER
LDOS,"LEIDOS, INC.",15JPSS21F00000460,2026-05-31,918000.0,Department of Justice,"Offices, Boards and Divisions",DELIVERY ORDER
BAH,BOOZ ALLEN HAMILTON INC,47QFRA24F0006,2026-06-01,1474284.28,General Services Administration,Federal Acquisition Service,DELIVERY ORDER
CACI,"CACI, LLC - COMMERCIAL",15JPSS20F00000853,2026-06-01,3100000.0,Department of Justice,"Offices, Boards and Divisions",DELIVERY ORDER
CACI,"CACI, LLC - COMMERCIAL",15JPSS21F00000531,2026-06-01,202500.0,Department of Justice,"Offices, Boards and Divisions",DELIVERY ORDER
GD,GENERAL DYNAMICS ONE SOURCE LLC,70B02C26F00000257,2026-06-01,71419226.0,Department of Homeland Security,U.S. Customs and Border Protection,DELIVERY ORDER
GD,"GENERAL DYNAMICS MISSION SYSTEMS, INC.",70Z04421F21000700,2026-06-01,90000.0,Department of Homeland Security,U.S. Coast Guard,DELIVERY ORDER
IBM,INTERNATIONAL BUSINESS MACHINES CORPORATION,75F40125F80175,2026-06-01,0.0,Department of Health and Human Services,Food and Drug Administration,DELIVERY ORDER
LDOS,"LEIDOS, INC.",29FTC121F0002,2026-06-01,0.0,Federal Trade Commission,Federal Trade Commission,BPA CALL
ACN,ACCENTURE FEDERAL SERVICES LLC,12314418F0020,2026-06-02,0.0,Department of Agriculture,Office of the Chief Financial Officer,DELIVERY ORDER
CACI,"CACI NSS, LLC",70RTAC22FC0000025,2026-06-02,5401985.05,Department of Homeland Security,Office of Procurement Operations,BPA CALL
GD,"GENERAL DYNAMICS INFORMATION TECHNOLOGY, INC.",47QFMA25F0016,2026-06-02,2515463.19,General Services Administration,Federal Acquisition Service,DELIVERY ORDER
GD,"GENERAL DYNAMICS INFORMATION TECHNOLOGY, INC.",68HERD24F0097,2026-06-02,106750.22,Environmental Protection Agency,Environmental Protection Agency,BPA CALL
HON,HONEYWELL INTERNATIONAL INC.,36C24123F0208,2026-06-02,468794.67,Department of Veterans Affairs,Department of Veterans Affairs,DELIVERY ORDER
ACN,ACCENTURE FEDERAL SERVICES LLC,91003119F0003,2026-06-03,0.0,Department of Education,Department of Education,DELIVERY ORDER
IBM,INTERNATIONAL BUSINESS MACHINES CORPORATION,70FA6023F00000039,2026-06-04,2542634.73,Department of Homeland Security,Federal Emergency Management Agency,DELIVERY ORDER
IBM,INTERNATIONAL BUSINESS MACHINES CORPORATION,GS11Q17BJP0005,2026-06-04,0.0,General Services Administration,Federal Acquisition Service,DELIVERY ORDER
NOC,NORTHROP GRUMMAN SYSTEMS CORPORATION,47QFWA21F0007,2026-06-04,0.0,General Services Administration,Federal Acquisition Service,DELIVERY ORDER
TXT,TEXTRON AVIATION INC,6973GH24F01335,2026-06-04,0.0,Department of Transportation,Federal Aviation Administration,DELIVERY ORDER
ACN,ACCENTURE FEDERAL SERVICES LLC,140D0424F1257,2026-06-05,2606671.11,Department of the Interior,Departmental Offices,DELIVERY ORDER
GD,"GENERAL DYNAMICS INFORMATION TECHNOLOGY, INC.",19AQMM25F0678,2026-06-05,224653.6,Department of State,Department of State,DELIVERY ORDER
GD,"GENERAL DYNAMICS INFORMATION TECHNOLOGY, INC.",2032H526F00019,2026-06-05,2126705.88,Department of the Treasury,Internal Revenue Service,DELIVERY ORDER
GD,"GENERAL DYNAMICS INFORMATION TECHNOLOGY, INC.",75N92019F00193,2026-06-05,-490361.67,Department of Health and Human Services,National Institutes of Health,DELIVERY ORDER
LDOS,"LEIDOS, INC.",15PVCD22F00000007,2026-06-05,0.0,Department of Justice,Office of Justice Programs,BPA CALL
LDOS,"LEIDOS, INC.",70RTAC26FR0000001,2026-06-05,0.0,Department of Homeland Security,Office of Procurement Operations,DELIVERY ORDER
GD,"GENERAL DYNAMICS INFORMATION TECHNOLOGY, INC.",692M1519F00044,2026-06-08,795126.98,Department of Transportation,Federal Aviation Administration,DELIVERY ORDER
GD,"GENERAL DYNAMICS INFORMATION TECHNOLOGY, INC.",89303020FCF000013,2026-06-08,0.0,Department of Energy,Department of Energy,BPA CALL
LDOS,"LEIDOS, INC.",HSTS0117CHRM072,2026-06-08,0.0,Department of Homeland Security,Transportation Security Administration,DEFINITIVE CONTRACT
BA,THE BOEING COMPANY,NNM07AB03C,2026-06-09,0.0,National Aeronautics and Space Administration,National Aeronautics and Space Administration,DEFINITIVE CONTRACT
IBM,INTERNATIONAL BUSINESS MACHINES CORPORATION,2032H523F00409,2026-06-09,358569.8,Department of the Treasury,Internal Revenue Service,DELIVERY ORDER
NOC,NORTHROP GRUMMAN SYSTEMS CORPORATION,75D30121C11923,2026-06-09,0.0,Department of Health and Human Services,Centers for Disease Control and Prevention,DEFINITIVE CONTRACT
ACN,ACCENTURE FEDERAL SERVICES LLC,15BNAS22F00000405,2026-06-10,65000.0,Department of Justice,Federal Prison System / Bureau of Prisons,DELIVERY ORDER
BAH,BOOZ ALLEN HAMILTON INC,47QFCA23F0014,2026-06-10,-3278688.93,General Services Administration,Federal Acquisition Service,DELIVERY ORDER
IBM,INTERNATIONAL BUSINESS MACHINES CORPORATION,SS001730048,2026-06-10,0.0,Social Security Administration,Social Security Administration,DELIVERY ORDER
LDOS,"LEIDOS, INC.",47QFMA25F0015,2026-06-10,200000.0,General Services Administration,Federal Acquisition Service,BPA CALL
LDOS,"LEIDOS, INC.",693JJ325F00149N,2026-06-10,1620000.0,Department of Transportation,Federal Highway Administration,DELIVERY ORDER
LDOS,"LEIDOS, INC.",70T01022F7668N016,2026-06-10,0.0,Department of Homeland Security,Transportation Security Administration,DELIVERY ORDER
BAH,BOOZ ALLEN HAMILTON INC,36C10B21N10150057,2026-06-11,1706044.8,Department of Veterans Affairs,Department of Veterans Affairs,DELIVERY ORDER
BAH,BOOZ ALLEN HAMILTON INC,47QFCA25F0033,2026-06-11,6751327.0,General Services Administration,Federal Acquisition Service,DELIVERY ORDER
GD,"GENERAL DYNAMICS INFORMATION TECHNOLOGY, INC.",47QFCA24F0007,2026-06-11,25727844.0,General Services Administration,Federal Acquisition Service,DELIVERY ORDER
GE,GENERAL ELECTRIC COMPANY,80LARC24F0040,2026-06-11,0.0,National Aeronautics and Space Administration,National Aeronautics and Space Administration,DELIVERY ORDER
HON,"HONEYWELL FEDERAL MANUFACTURING & TECHNOLOGIES, LLC",DENA0002839,2026-06-11,0.0,Department of Energy,Department of Energy,DEFINITIVE CONTRACT
ACN,ACCENTURE FEDERAL SERVICES LLC,DJJ26820015,2026-06-12,-382804.27,Department of Justice,"Offices, Boards and Divisions",DELIVERY ORDER
BAH,BOOZ ALLEN HAMILTON INC,70B03C25F00001199,2026-06-12,4828395.64,Department of Homeland Security,U.S. Customs and Border Protection,DELIVERY ORDER
CACI,ESTUDIOS EDIFICACIONES E INTERVENTORIAS EN INGENIERIA EEII S A S,SAQMMA17C0087,2026-06-12,0.0,Department of State,Department of State,DEFINITIVE CONTRACT
GE,GENERAL ELECTRIC COMPANY,70Z03825FA0000219,2026-06-12,0.0,Department of Homeland Security,U.S. Coast Guard,DELIVERY ORDER
GE,GENERAL ELECTRIC COMPANY,70Z03825FA0000227,2026-06-12,0.0,Department of Homeland Security,U.S. Coast Guard,DELIVERY ORDER
BAH,BOOZ ALLEN HAMILTON INC,47QFCA23F0014,2026-06-15,3398058.0,General Services Administration,Federal Acquisition Service,DELIVERY ORDER
BAH,BOOZ ALLEN HAMILTON INC,50310220F0017,2026-06-15,3250850.9,Securities and Exchange Commission,Securities and Exchange Commission,DELIVERY ORDER
BA,THE BOEING COMPANY,80MSFC20C0052,2026-06-16,0.0,National Aeronautics and Space Administration,National Aeronautics and Space Administration,DEFINITIVE CONTRACT
BAH,BOOZ ALLEN HAMILTON INC,1605TA22F00096,2026-06-16,0.0,Department of Labor,Office of the Assistant Secretary for Administration and Management,BPA CALL
NOC,NORTHROP GRUMMAN SYSTEMS CORPORATION,86615321C00018,2026-06-16,807952.0,Department of Housing and Urban Development,Department of Housing and Urban Development,DEFINITIVE CONTRACT
SPIR,"CORESPHERE, LLC",9531CB26F0023,2026-06-16,2099835.45,Consumer Financial Protection Bureau,Consumer Financial Protection Bureau,DELIVERY ORDER
ACN,ACCENTURE FEDERAL SERVICES LLC,19AQMM23F3426,2026-06-17,-58003.2,Department of State,Department of State,BPA CALL
ACN,ACCENTURE FEDERAL SERVICES LLC,89303023FHC000043,2026-06-17,0.0,Department of Energy,Department of Energy,BPA CALL
ACN,ACCENTURE FEDERAL SERVICES LLC,91003119F0003,2026-06-17,993548.0,Department of Education,Department of Education,DELIVERY ORDER
CACI,"CACI, INC. - FEDERAL",47QFCA24F0018,2026-06-17,18575610.0,General Services Administration,Federal Acquisition Service,DELIVERY ORDER
LDOS,"LEIDOS, INC.",47QFDA26F0006,2026-06-17,0.0,General Services Administration,Federal Acquisition Service,DELIVERY ORDER
PSN,PARSONS GOVERNMENT SERVICES INC.,89233123FNA000122,2026-06-17,150350.0,Department of Energy,Department of Energy,BPA CALL
BA,THE BOEING COMPANY,NNM07AB03C,2026-06-18,14600000.0,National Aeronautics and Space Administration,National Aeronautics and Space Administration,DEFINITIVE CONTRACT
BAH,BOOZ ALLEN HAMILTON INC,47QFCA24F0003,2026-06-18,36004911.0,General Services Administration,Federal Acquisition Service,DELIVERY ORDER
BAH,BOOZ ALLEN HAMILTON INC,47QFCA24F0037,2026-06-18,14561758.0,General Services Administration,Federal Acquisition Service,DELIVERY ORDER
BAH,BOOZ ALLEN HAMILTON INC,47QFWA26F0004,2026-06-18,0.0,General Services Administration,Federal Acquisition Service,DELIVERY ORDER
BAH,BOOZ ALLEN HAMILTON INC,70B04C26F00000039,2026-06-18,5708004.98,Department of Homeland Security,U.S. Customs and Border Protection,BPA CALL
BAH,BOOZ ALLEN HAMILTON INC,75F40122F19010,2026-06-18,-2040.79,Department of Health and Human Services,Food and Drug Administration,BPA CALL
CACI,"CACI, LLC - COMMERCIAL",15JENR26P00000056,2026-06-18,0.0,Department of Justice,"Offices, Boards and Divisions",PURCHASE ORDER
GD,"GENERAL DYNAMICS INFORMATION TECHNOLOGY, INC.",1305M425F0144,2026-06-18,0.0,Department of Commerce,National Oceanic and Atmospheric Administration,DELIVERY ORDER
IBM,INTERNATIONAL BUSINESS MACHINES CORPORATION,SS001730048,2026-06-18,0.0,Social Security Administration,Social Security Administration,DELIVERY ORDER
NOC,NORTHROP GRUMMAN SYSTEMS CORPORATION,80GSFC22CA018,2026-06-18,0.0,National Aeronautics and Space Administration,National Aeronautics and Space Administration,DEFINITIVE CONTRACT
PLTR,PALANTIR TECHNOLOGIES INC.,12314426F0217,2026-06-18,27921024.0,Department of Agriculture,Office of the Chief Financial Officer,BPA CALL
PLTR,PALANTIR TECHNOLOGIES INC.,47QACA26F0278,2026-06-18,6746802.0,General Services Administration,Federal Acquisition Service,DELIVERY ORDER
ACN,ACCENTURE FEDERAL SERVICES LLC,1333BJ21F00280045,2026-06-22,-116012.02,Department of Commerce,U.S. Patent and Trademark Office,DELIVERY ORDER
BAH,BOOZ ALLEN HAMILTON INC,47QFMA25F0006,2026-06-22,-262292.45,General Services Administration,Federal Acquisition Service,DELIVERY ORDER
BAH,BOOZ ALLEN HAMILTON INC,47QFWA26F0005,2026-06-22,203490.41,General Services Administration,Federal Acquisition Service,DELIVERY ORDER
LDOS,"LEIDOS, INC.",75FCMC22F0131,2026-06-22,124873.0,Department of Health and Human Services,Centers for Medicare and Medicaid Services,DELIVERY ORDER
ACN,ACCENTURE FEDERAL SERVICES LLC,89303026FIM000191,2026-06-23,0.0,Department of Energy,Department of Energy,BPA CALL
GD,"GENERAL DYNAMICS INFORMATION TECHNOLOGY, INC.",68HERC25F0151,2026-06-23,122271.66,Environmental Protection Agency,Environmental Protection Agency,DELIVERY ORDER
GD,"GENERAL DYNAMICS INFORMATION TECHNOLOGY, INC.",692M1523F00022,2026-06-23,0.0,Department of Transportation,Federal Aviation Administration,DELIVERY ORDER
IBM,INTERNATIONAL BUSINESS MACHINES CORPORATION,19AQMM26F0502,2026-06-23,0.0,Department of State,Department of State,DELIVERY ORDER
IBM,INTERNATIONAL BUSINESS MACHINES CORPORATION,273FCC23F0070,2026-06-23,2665120.92,Federal Communications Commission,Federal Communications Commission,DELIVERY ORDER
PSN,PARSONS GOVERNMENT SERVICES INC.,47QFCA21F0042,2026-06-23,10225144.28,General Services Administration,Federal Acquisition Service,DELIVERY ORDER
ACN,ACCENTURE FEDERAL SERVICES LLC,12760421F0181,2026-06-24,2939812.33,Department of Agriculture,Forest Service,BPA CALL
CACI,"CACI ENTERPRISE SOLUTIONS, LLC",75D30121F12679,2026-06-24,0.0,Department of Health and Human Services,Centers for Disease Control and Prevention,DELIVERY ORDER
GD,"GENERAL DYNAMICS INFORMATION TECHNOLOGY, INC.",95332A25F00018,2026-06-24,0.0,Corporation for National and Community Service,Corporation for National and Community Service,BPA CALL
LDOS,"LEIDOS, INC.",29FTC122F0017,2026-06-24,1259984.0,Federal Trade Commission,Federal Trade Commission,BPA CALL
LDOS,"LEIDOS, INC.",DTFAWA16C00021,2026-06-24,816432.0,Department of Transportation,Federal Aviation Administration,DEFINITIVE CONTRACT
GD,"GENERAL DYNAMICS INFORMATION TECHNOLOGY, INC.",70SBUR26F00000121,2026-06-25,5659567.21,Department of Homeland Security,U.S. Citizenship and Immigration Services,DELIVERY ORDER
HON,HONEYWELL INTERNATIONAL INC.,80MSFC21CA010,2026-06-25,0.0,National Aeronautics and Space Administration,National Aeronautics and Space Administration,DEFINITIVE CONTRACT
LDOS,"LEIDOS, INC.",15PBJS22F00000002,2026-06-25,-65.74,Department of Justice,Office of Justice Programs,BPA CALL
NOC,NORTHROP GRUMMAN SYSTEMS CORP,80GSFC21C0041,2026-06-25,0.0,National Aeronautics and Space Administration,National Aeronautics and Space Administration,DEFINITIVE CONTRACT
BA,THE BOEING COMPANY,NAS1510000,2026-06-26,0.0,National Aeronautics and Space Administration,National Aeronautics and Space Administration,DEFINITIVE CONTRACT
IBM,INTERNATIONAL BUSINESS MACHINES CORPORATION,273FCC26F0041,2026-06-26,1250860.53,Federal Communications Commission,Federal Communications Commission,DELIVERY ORDER
LDOS,"LEIDOS, INC.",31310022F0060,2026-06-26,117787.77,Nuclear Regulatory Commission,Nuclear Regulatory Commission,BPA CALL
LDOS,"LEIDOS, INC.",89243318CFE000003,2026-06-26,3162333.0,Department of Energy,Department of Energy,DEFINITIVE CONTRACT
VSEC,"VSEE LAB, INC.",75A50324F63001,2026-06-26,0.0,Department of Health and Human Services,Office of Assistant Secretary for Preparedness and Response,DELIVERY ORDER
ACN,ACCENTURE FEDERAL SERVICES LLC,70T03026F7667N018,2026-06-27,4467409.44,Department of Homeland Security,Transportation Security Administration,BPA CALL
ACN,ACCENTURE FEDERAL SERVICES LLC,1333BJ21F00280023,2026-06-29,12277068.39,Department of Commerce,U.S. Patent and Trademark Office,DELIVERY ORDER
ACN,ACCENTURE FEDERAL SERVICES LLC,19AQMM25F7037,2026-06-29,1793792.92,Department of State,Department of State,BPA CALL
BAH,BOOZ ALLEN HAMILTON INC,1333BJ21F00280021,2026-06-29,29698459.12,Department of Commerce,U.S. Patent and Trademark Office,DELIVERY ORDER
BAH,BOOZ ALLEN HAMILTON INC,47QFHA25F0003,2026-06-29,1322770.86,General Services Administration,Federal Acquisition Service,DELIVERY ORDER
BAH,BOOZ ALLEN HAMILTON INC,47QFWA26F0005,2026-06-29,819032.23,General Services Administration,Federal Acquisition Service,DELIVERY ORDER
LDOS,"LEIDOS, INC.",15JPSS21F00000536,2026-06-29,0.0,Department of Justice,"Offices, Boards and Divisions",DELIVERY ORDER
LDOS,"LEIDOS, INC.",47QFRA23F0004,2026-06-29,0.0,General Services Administration,Federal Acquisition Service,DELIVERY ORDER
LDOS,"LEIDOS, INC.",70T01022F7668N016,2026-06-29,9746162.97,Department of Homeland Security,Transportation Security Administration,DELIVERY ORDER
PSN,PARSONS GOVERNMENT SERVICES INC.,89233122FNA000107,2026-06-29,11864416.3,Department of Energy,Department of Energy,BPA CALL
ACN,ACCENTURE FEDERAL SERVICES LLC,47QFCA21F0065,2026-06-30,207228.0,General Services Administration,Federal Acquisition Service,DELIVERY ORDER
ACN,ACCENTURE FEDERAL SERVICES LLC,693JJ325F00101N,2026-06-30,312166.0,Department of Transportation,Federal Highway Administration,BPA CALL
ACN,ACCENTURE FEDERAL SERVICES LLC,89243423FEE000261,2026-06-30,750000.0,Department of Energy,Department of Energy,BPA CALL
ACN,ACCENTURE FEDERAL SERVICES LLC,89243423FEE000268,2026-06-30,55457.64,Department of Energy,Department of Energy,BPA CALL
GD,"GENERAL DYNAMICS INFORMATION TECHNOLOGY, INC.",70B01C25F00000528,2026-06-30,411683.5,Department of Homeland Security,U.S. Customs and Border Protection,BPA CALL
GD,"GENERAL DYNAMICS INFORMATION TECHNOLOGY, INC.",70B01C25F00000531,2026-06-30,650783.39,Department of Homeland Security,U.S. Customs and Border Protection,BPA CALL
LDOS,"LEIDOS, INC.",75N92023F00001,2026-06-30,6742364.78,Department of Health and Human Services,National Institutes of Health,DELIVERY ORDER
LDOS,"LEIDOS, INC.",89243318CFE000003,2026-06-30,1219172.0,Department of Energy,Department of Energy,DEFINITIVE CONTRACT
LUNR,"INTUITIVE MACHINES, LLC",80HQTR26C0001,2026-06-30,0.0,National Aeronautics and Space Administration,National Aeronautics and Space Administration,DEFINITIVE CONTRACT
NOC,NORTHROP GRUMMAN SYSTEMS CORPORATION,NNH15CN76C,2026-06-30,0.0,National Aeronautics and Space Administration,National Aeronautics and Space Administration,DEFINITIVE CONTRACT
ACN,ACCENTURE FEDERAL SERVICES LLC,19AQMM23F3426,2026-07-01,359658.25,Department of State,Department of State,BPA CALL
ACN,ACCENTURE FEDERAL SERVICES LLC,89303024FIM000144,2026-07-01,2612281.68,Department of Energy,Department of Energy,BPA CALL
BAH,BOOZ ALLEN HAMILTON INC,47QFAA24F0006,2026-07-01,0.0,General Services Administration,Federal Acquisition Service,DELIVERY ORDER
BAH,BOOZ ALLEN HAMILTON INC,47QFCA22F0047,2026-07-01,5748496.0,General Services Administration,Federal Acquisition Service,DELIVERY ORDER
CACI,"CACI NSS, LLC",47QFCA21F0087,2026-07-01,2269576.0,General Services Administration,Federal Acquisition Service,DELIVERY ORDER
GD,"GENERAL DYNAMICS INFORMATION TECHNOLOGY, INC.",HHSP233201800008C,2026-07-01,0.0,Department of Health and Human Services,Office of the Assistant Secretary for Administration,DEFINITIVE CONTRACT
HON,HONEYWELL INTERNATIONAL INC,697DCK19F00084,2026-07-01,4239580.0,Department of Transportation,Federal Aviation Administration,DELIVERY ORDER
IBM,INTERNATIONAL BUSINESS MACHINES CORPORATION,47QFEA26F0003,2026-07-01,725000.0,General Services Administration,Federal Acquisition Service,DELIVERY ORDER
PSN,PARSONS GOVERNMENT SERVICES INC.,89233221FNA000001,2026-07-01,-330451.45,Department of Energy,Department of Energy,BPA CALL
ACN,ACCENTURE FEDERAL SERVICES LLC,89303022FIM000088,2026-07-02,3484493.71,Department of Energy,Department of Energy,BPA CALL
CACI,"CACI, INC. - FEDERAL",47QFRA24F0005,2026-07-02,631737.97,General Services Administration,Federal Acquisition Service,DELIVERY ORDER
CACI,"CACI, INC. - FEDERAL",70FA5024F00000100,2026-07-02,3279383.31,Department of Homeland Security,Federal Emergency Management Agency,DELIVERY ORDER
PLTR,PALANTIR USG INC,19AQMM25F7270,2026-07-07,897025.26,Department of State,Department of State,BPA CALL
BAH,BOOZ ALLEN HAMILTON INC,2032H524F00155,2026-07-08,0.0,Department of the Treasury,Internal Revenue Service,BPA CALL
LDOS,LEIDOS BIOMEDICAL RESEARCH INC,75N91025F00014,2026-07-08,44176296.0,Department of Health and Human Services,National Institutes of Health,DELIVERY ORDER
GD,"GENERAL DYNAMICS INFORMATION TECHNOLOGY, INC.",1333BJ18F00280067,2026-07-09,-2198.17,Department of Commerce,U.S. Patent and Trademark Office,DELIVERY ORDER
GD,"GENERAL DYNAMICS INFORMATION TECHNOLOGY, INC.",692M1519F00574,2026-07-09,-75000.0,Department of Transportation,Federal Aviation Administration,DELIVERY ORDER
GD,"GENERAL DYNAMICS MISSION SYSTEMS, INC.",DTFAWA12C00040,2026-07-09,10794.75,Department of Transportation,Federal Aviation Administration,DEFINITIVE CONTRACT
IBM,INTERNATIONAL BUSINESS MACHINES CORPORATION,47QPCA26F0005,2026-07-09,2374957.24,General Services Administration,Federal Acquisition Service,DELIVERY ORDER
NOC,NORTHROP GRUMMAN SYSTEMS CORPORATION,140D0424C0061,2026-07-09,0.0,Department of the Interior,Departmental Offices,DEFINITIVE CONTRACT
CACI,"CACI, INC. - FEDERAL",47QFMA24F0014,2026-07-10,1046676.0,General Services Administration,Federal Acquisition Service,DELIVERY ORDER
LDOS,"LEIDOS, INC.",31310023F0028,2026-07-10,0.0,Nuclear Regulatory Commission,Nuclear Regulatory Commission,BPA CALL
LDOS,"LEIDOS, INC.",47QFMA23F0020,2026-07-10,3396152.84,General Services Administration,Federal Acquisition Service,DELIVERY ORDER
LDOS,LEIDOS BIOMEDICAL RESEARCH INC,75N91020F00022,2026-07-10,5253331.0,Department of Health and Human Services,National Institutes of Health,DELIVERY ORDER
LDOS,"LEIDOS, INC.",DTFAWA16C00021,2026-07-10,1000000.0,Department of Transportation,Federal Aviation Administration,DEFINITIVE CONTRACT
ACN,ACCENTURE FEDERAL SERVICES LLC,19AQMM23F3429,2026-07-13,1457448.8,Department of State,Department of State,BPA CALL
CACI,"CACI NSS, LLC",47QFCA24F0051,2026-07-13,3748772.0,General Services Administration,Federal Acquisition Service,DELIVERY ORDER
BAH,BOOZ ALLEN HAMILTON INC,47QFRA24F0006,2026-07-14,559787.96,General Services Administration,Federal Acquisition Service,DELIVERY ORDER
GD,"GENERAL DYNAMICS INFORMATION TECHNOLOGY, INC.",47QFCA24F0007,2026-07-14,4770339.0,General Services Administration,Federal Acquisition Service,DELIVERY ORDER
LDOS,"LEIDOS, INC.",70T04021F7672N023,2026-07-14,4789371.14,Department of Homeland Security,Transportation Security Administration,DELIVERY ORDER
BAH,BOOZ ALLEN HAMILTON INC,47QFCA24F0013,2026-07-15,0.0,General Services Administration,Federal Acquisition Service,DELIVERY ORDER
CACI,"CACI, INC. - FEDERAL",70RCSJ26FR0000004,2026-07-15,5265776.07,Department of Homeland Security,Office of Procurement Operations,DELIVERY ORDER
IBM,INTERNATIONAL BUSINESS MACHINES CORPORATION,19AQMM26F0502,2026-07-15,0.0,Department of State,Department of State,DELIVERY ORDER
ACN,ACCENTURE FEDERAL SERVICES LLC,205AE925F00173,2026-07-16,7920268.71,Department of the Treasury,Internal Revenue Service,BPA CALL
BAH,BOOZ ALLEN HAMILTON INC,36C10B21N10150057,2026-07-16,3259374.4,Department of Veterans Affairs,Department of Veterans Affairs,DELIVERY ORDER
BAH,BOOZ ALLEN HAMILTON INC,36C24E25N0260,2026-07-16,-61769.87,Department of Veterans Affairs,Department of Veterans Affairs,DELIVERY ORDER
BAH,BOOZ ALLEN HAMILTON INC,47QFPA22F0007,2026-07-16,1955954.0,General Services Administration,Federal Acquisition Service,DELIVERY ORDER
BAH,BOOZ ALLEN HAMILTON INC,47QFSA24F0018,2026-07-16,29488.28,General Services Administration,Federal Acquisition Service,DELIVERY ORDER
BAH,BOOZ ALLEN HAMILTON INC,47QFWA26F0004,2026-07-16,0.0,General Services Administration,Federal Acquisition Service,DELIVERY ORDER
CACI,"CACI, INC. - FEDERAL",47QFCA19F0006,2026-07-16,9374042.53,General Services Administration,Federal Acquisition Service,DELIVERY ORDER
LDOS,"LEIDOS, INC.",47QFMA25F0015,2026-07-16,0.0,General Services Administration,Federal Acquisition Service,BPA CALL
ACN,ACCENTURE FEDERAL SERVICES LLC,12314418F0020,2026-07-17,193326.76,Department of Agriculture,Office of the Chief Financial Officer,DELIVERY ORDER
BAH,BOOZ ALLEN HAMILTON INC,1605TA23F00001,2026-07-17,1808229.44,Department of Labor,Office of the Assistant Secretary for Administration and Management,DELIVERY ORDER
CACI,"CACI NSS, LLC",36C10B20F0250,2026-07-17,618662.92,Department of Veterans Affairs,Department of Veterans Affairs,DELIVERY ORDER
GD,"GENERAL DYNAMICS INFORMATION TECHNOLOGY, INC.",75N91024F00001,2026-07-17,0.0,Department of Health and Human Services,National Institutes of Health,BPA CALL
LDOS,"LEIDOS, INC.",NSFDACS1219442,2026-07-17,27318011.55,National Science Foundation,National Science Foundation,DEFINITIVE CONTRACT
CACI,"CACI, INC. - FEDERAL",47QFMA25F0003,2026-07-20,116855.19,General Services Administration,Federal Acquisition Service,DELIVERY ORDER
ACN,ACCENTURE FEDERAL SERVICES LLC,89243423FEE000263,2026-07-21,973206.09,Department of Energy,Department of Energy,BPA CALL
GD,"GENERAL DYNAMICS INFORMATION TECHNOLOGY, INC.",75N98026F00001,2026-07-21,6460956.92,Department of Health and Human Services,National Institutes of Health,BPA CALL
LDOS,"LEIDOS, INC.",47QFPA26F0006,2026-07-21,3220163.05,General Services Administration,Federal Acquisition Service,DELIVERY ORDER
LDOS,"LEIDOS SECURITY DETECTION & AUTOMATION, INC.",IND16PC00217,2026-07-21,-1616106.08,Department of the Interior,Departmental Offices,DEFINITIVE CONTRACT
BAH,BOOZ ALLEN HAMILTON INC,693KA824F00025,2026-07-22,471000.0,Department of Transportation,Federal Aviation Administration,DELIVERY ORDER
BAH,BOOZ ALLEN HAMILTON INC,75F40125F19006,2026-07-22,647454.64,Department of Health and Human Services,Food and Drug Administration,BPA CALL
LDOS,"LEIDOS, INC.",20340922C00008,2026-07-22,0.0,Department of the Treasury,Bureau of the Fiscal Service,DEFINITIVE CONTRACT
LDOS,LEIDOS BIOMEDICAL RESEARCH INC,75N91024F00021,2026-07-22,2487934.0,Department of Health and Human Services,National Institutes of Health,DELIVERY ORDER
ACN,ACCENTURE FEDERAL SERVICES LLC,19AQMM21F3625,2026-07-23,0.0,Department of State,Department of State,DELIVERY ORDER
BAH,BOOZ ALLEN HAMILTON INC,47QFWA26F0011,2026-07-23,249920.53,General Services Administration,Federal Acquisition Service,DELIVERY ORDER
IBM,INTERNATIONAL BUSINESS MACHINES CORPORATION,205AE925F00081,2026-07-23,0.0,Department of the Treasury,Internal Revenue Service,DELIVERY ORDER
LDOS,"LEIDOS, INC.",15F06720F0003239,2026-07-23,0.0,Department of Justice,Federal Bureau of Investigation,DELIVERY ORDER
BA,THE BOEING COMPANY,80MSFC20C0052,2026-07-24,0.0,National Aeronautics and Space Administration,National Aeronautics and Space Administration,DEFINITIVE CONTRACT
BAH,BOOZ ALLEN HAMILTON INC,HSFE5017F0045,2026-07-24,-118599.92,Department of Homeland Security,Federal Emergency Management Agency,DELIVERY ORDER
IBM,INTERNATIONAL BUSINESS MACHINES CORPORATION,70SBUR25F00000032,2026-07-24,0.0,Department of Homeland Security,U.S. Citizenship and Immigration Services,DELIVERY ORDER
LDOS,"LEIDOS, INC.",31310021F0020,2026-07-24,163060.56,Nuclear Regulatory Commission,Nuclear Regulatory Commission,BPA CALL
LDOS,LEIDOS BIOMEDICAL RESEARCH INC,75N91025F00011,2026-07-24,462046.0,Department of Health and Human Services,National Institutes of Health,DELIVERY ORDER
SATL,KONGSBERG SATELLITE SERVICES AS,80GSFC25CA008,2026-07-27,300000.0,National Aeronautics and Space Administration,National Aeronautics and Space Administration,DEFINITIVE CONTRACT
BAH,BOOZ ALLEN HAMILTON INC,47QFSA21F0009,2026-07-28,50240.54,General Services Administration,Federal Acquisition Service,DELIVERY ORDER
GD,"GENERAL DYNAMICS INFORMATION TECHNOLOGY, INC.",68HERD24F0089,2026-07-28,869175.79,Environmental Protection Agency,Environmental Protection Agency,BPA CALL
ACN,ACCENTURE FEDERAL SERVICES LLC,15JPSS23F00000125,2026-07-29,808500.0,Department of Justice,"Offices, Boards and Divisions",DELIVERY ORDER
ACN,ACCENTURE FEDERAL SERVICES LLC,47QFCA26F0004,2026-07-29,0.0,General Services Administration,Federal Acquisition Service,DELIVERY ORDER
IBM,INTERNATIONAL BUSINESS MACHINES CORPORATION,89603025F0013,2026-07-29,452783.65,Department of Energy,Federal Energy Regulatory Commission,BPA CALL
IBM,INTERNATIONAL BUSINESS MACHINES CORPORATION,HSTS0210JTTC169,2026-07-29,0.0,Department of Homeland Security,Transportation Security Administration,BPA CALL
LDOS,"LEIDOS, INC.",70FA2022F00000037,2026-07-29,-49883.96,Department of Homeland Security,Federal Emergency Management Agency,DELIVERY ORDER
ACN,ACCENTURE FEDERAL SERVICES LLC,89233124FNA000152,2026-07-30,0.0,Department of Energy,Department of Energy,BPA CALL
ACN,ACCENTURE FEDERAL SERVICES LLC,89303026FIM000188,2026-07-30,3235530.39,Department of Energy,Department of Energy,BPA CALL
BA,THE BOEING COMPANY,80MSFC20C0039,2026-07-30,-1121912.48,National Aeronautics and Space Administration,National Aeronautics and Space Administration,DEFINITIVE CONTRACT
BA,THE BOEING COMPANY,80MSFC20C0052,2026-07-30,0.0,National Aeronautics and Space Administration,National Aeronautics and Space Administration,DEFINITIVE CONTRACT
BA,THE BOEING COMPANY,NAS1510000,2026-07-30,0.0,National Aeronautics and Space Administration,National Aeronautics and Space Administration,DEFINITIVE CONTRACT
CACI,"CACI, INC. - FEDERAL",70B04C24F00001129,2026-07-30,9210903.13,Department of Homeland Security,U.S. Customs and Border Protection,DELIVERY ORDER
GD,"GENERAL DYNAMICS INFORMATION TECHNOLOGY, INC.",15PTDD26F00000011,2026-07-30,1601020.8,Department of Justice,Office of Justice Programs,DELIVERY ORDER
GD,GENERAL DYNAMICS INFORMATION TECHNOLOGY INC.,19AQMM25F0003,2026-07-30,0.0,Department of State,Department of State,DELIVERY ORDER
GD,"GENERAL DYNAMICS INFORMATION TECHNOLOGY, INC.",692M1520F00338,2026-07-30,-90167.45,Department of Transportation,Federal Aviation Administration,DELIVERY ORDER
GD,"GENERAL DYNAMICS INFORMATION TECHNOLOGY, INC.",692M1520F00529,2026-07-30,47000.0,Department of Transportation,Federal Aviation Administration,DELIVERY ORDER
PSN,PARSONS GOVERNMENT SERVICES INC.,89233123FNA000121,2026-07-30,344895.84,Department of Energy,Department of Energy,BPA CALL
BA,THE BOEING COMPANY,NNM12AA82C,2026-07-31,49000000.0,National Aeronautics and Space Administration,National Aeronautics and Space Administration,DEFINITIVE CONTRACT
BAH,BOOZ ALLEN HAMILTON INC,70CTD022FR0000002,2026-07-31,-1210297.41,Department of Homeland Security,U.S. Immigration and Customs Enforcement,DELIVERY ORDER
BAH,BOOZ ALLEN HAMILTON INC,75F40123F19020,2026-07-31,-2644699.33,Department of Health and Human Services,Food and Drug Administration,BPA CALL
CACI,"CACI, LLC - COMMERCIAL",15JPSS20F00000853,2026-07-31,250000.0,Department of Justice,"Offices, Boards and Divisions",DELIVERY ORDER
ACN,ACCENTURE FEDERAL SERVICES LLC,89303026FIM000198,2026-08-03,835134.72,Department of Energy,Department of Energy,BPA CALL
BA,THE BOEING COMPANY,NAS1510000,2026-08-03,0.0,National Aeronautics and Space Administration,National Aeronautics and Space Administration,DEFINITIVE CONTRACT
BAH,BOOZ ALLEN HAMILTON INC,693KA824F00037,2026-08-03,79258.38,Department of Transportation,Federal Aviation Administration,DELIVERY ORDER
BAH,BOOZ ALLEN HAMILTON INC,HSFE5017F0044,2026-08-03,-454409.26,Department of Homeland Security,Federal Emergency Management Agency,DELIVERY ORDER
GD,"GENERAL DYNAMICS INFORMATION TECHNOLOGY, INC.",692M1520F00014,2026-08-03,113832.0,Department of Transportation,Federal Aviation Administration,DELIVERY ORDER
GD,"GENERAL DYNAMICS INFORMATION TECHNOLOGY, INC.",692M1525F00109,2026-08-03,-165462.87,Department of Transportation,Federal Aviation Administration,DELIVERY ORDER
GD,"GENERAL DYNAMICS INFORMATION TECHNOLOGY, INC.",75FCMC25FJ022,2026-08-03,3381563.0,Department of Health and Human Services,Centers for Medicare and Medicaid Services,DELIVERY ORDER
IBM,INTERNATIONAL BUSINESS MACHINES CORPORATION,2032H520F00469,2026-08-03,-184879.72,Department of the Treasury,Internal Revenue Service,DELIVERY ORDER
LDOS,"LEIDOS, INC.",70B04C24F00000739,2026-08-03,89237414.89,Department of Homeland Security,U.S. Customs and Border Protection,BPA CALL
PSN,PARSONS GOVERNMENT SERVICES INC.,47QFCA21F0042,2026-08-03,7277295.93,General Services Administration,Federal Acquisition Service,DELIVERY ORDER
WWD,COUNTY OF WOODWARD,140A0323C0009,2026-08-03,112184.0,Department of the Interior,Bureau of Indian Affairs and Bureau of Indian Education,DEFINITIVE CONTRACT
BA,THE BOEING COMPANY,NAS1510000,2026-08-04,0.0,National Aeronautics and Space Administration,National Aeronautics and Space Administration,DEFINITIVE CONTRACT
BAH,BOOZ ALLEN HAMILTON INC,140D0423F0341,2026-08-04,-2270404.48,Department of the Interior,Departmental Offices,DELIVERY ORDER
CACI,"CACI, INC. - FEDERAL",80TECH24CA002,2026-08-04,0.0,National Aeronautics and Space Administration,National Aeronautics and Space Administration,DEFINITIVE CONTRACT
IBM,INTERNATIONAL BUSINESS MACHINES CORPORATION,70FA6022F00000004,2026-08-04,-3312851.11,Department of Homeland Security,Federal Emergency Management Agency,DELIVERY ORDER
BAH,BOOZ ALLEN HAMILTON INC,47QFCA22F0047,2026-08-05,8003607.0,General Services Administration,Federal Acquisition Service,DELIVERY ORDER
GD,"GENERAL DYNAMICS INFORMATION TECHNOLOGY, INC.",692M1520F00338,2026-08-05,-114738.75,Department of Transportation,Federal Aviation Administration,DELIVERY ORDER
GD,"GENERAL DYNAMICS INFORMATION TECHNOLOGY, INC.",692M1520F00338,2026-08-05,-4057.25,Department of Transportation,Federal Aviation Administration,DELIVERY ORDER
GD,"GENERAL DYNAMICS INFORMATION TECHNOLOGY, INC.",91003122C0003,2026-08-05,0.0,Department of Education,Department of Education,DEFINITIVE CONTRACT
IBM,INTERNATIONAL BUSINESS MACHINES CORPORATION,15JPSS19F00000879,2026-08-05,-12928.41,Department of Justice,"Offices, Boards and Divisions",DELIVERY ORDER
ONDS,RIO HONDO COMMUNITY COLLEGE DISTRICT,70B03C24P00000458,2026-08-05,0.0,Department of Homeland Security,U.S. Customs and Border Protection,PURCHASE ORDER
ACN,ACCENTURE FEDERAL SERVICES LLC,89303022FIM000081,2026-08-06,95312.35,Department of Energy,Department of Energy,BPA CALL
ACN,ACCENTURE FEDERAL SERVICES LLC,89303024FIM000144,2026-08-06,3070464.83,Department of Energy,Department of Energy,BPA CALL
BAH,BOOZ ALLEN HAMILTON INC,47QFCA25F0036,2026-08-06,-1000000.0,General Services Administration,Federal Acquisition Service,DELIVERY ORDER
GD,GENERAL DYNAMICS INFORMATION TECHNOLOGY INC.,19AQMM25F0062,2026-08-06,0.0,Department of State,Department of State,DELIVERY ORDER
BAH,BOOZ ALLEN HAMILTON INC,47QFWA26F0005,2026-08-07,0.0,General Services Administration,Federal Acquisition Service,DELIVERY ORDER
BAH,BOOZ ALLEN HAMILTON INC,68HE0921F0035,2026-08-07,-58.86,Environmental Protection Agency,Environmental Protection Agency,DELIVERY ORDER
GD,"GENERAL DYNAMICS INFORMATION TECHNOLOGY, INC.",70B05C26F00000057,2026-08-07,0.0,Department of Homeland Security,U.S. Customs and Border Protection,DELIVERY ORDER
LDOS,"LEIDOS, INC.",DTFA0101CA0065CALL0001,2026-08-07,74000.0,Department of Transportation,Federal Aviation Administration,DELIVERY ORDER
ACN,ACCENTURE FEDERAL SERVICES LLC,140D0424F1126,2026-08-10,3721498.03,Department of the Interior,Departmental Offices,DELIVERY ORDER
