scan_utc,ticker,recipient,award_id,detected_date,date_match_modes,signed_date,start_date,end_date,award_amount,potential_amount,award_type,agency,subagency,description,framework_like,consumer_alert,buy_scored,reason,scanner_version
2026-08-19T03:11:21.483090+00:00,WWD,JAMES E WOODWARD INC,12569R26T7230,2026-08-19,last_modified_date,,2026-02-06,,0.0,,INDEFINITE DELIVERY / DEFINITE QUANTITY,Department of Agriculture,Forest Service,"WEST ZONE HEAVY EQUIPMENT WITH WATER FOR REGIONS 3, 5 AND 6",1,1,0,AWARD_LEVEL_SHADOW_WATCH_NOT_FROZEN_TRANSACTION_MODEL,RECON_LIVE_V4.4_MD14_MD11_SPLIT_CONTRACT_IDV_WATCH
2026-08-19T15:10:23.461716+00:00,ACN,ACCENTURE FEDERAL SERVICES LLC,70B04C23F00000074,2026-08-19,"action_date,last_modified_date",,2023-01-25,2026-10-24,272979002.12,,DELIVERY ORDER,Department of Homeland Security,U.S. Customs and Border Protection,CBP'S DATA CENTER SUPPORT SERVICES (DCSS).,0,1,0,AWARD_LEVEL_SHADOW_WATCH_NOT_FROZEN_TRANSACTION_MODEL,RECON_LIVE_V4.7_MD14_MD11_STRICT_AWARD_RECIPIENT_MATCH
2026-08-19T15:10:23.461716+00:00,ACN,ACCENTURE FEDERAL SERVICES LLC,70T03026F7667N084,2026-08-19,"action_date,last_modified_date",,2026-08-24,2027-01-23,799797.6,,BPA CALL,Department of Homeland Security,Transportation Security Administration,DEPLOYMENT OF DATABRICKS SOLUTION WITHIN THE TRANSPORTATION SECURITY ADMINISTRATION ENTERPRISE.,0,0,0,AWARD_LEVEL_SHADOW_WATCH_NOT_FROZEN_TRANSACTION_MODEL,RECON_LIVE_V4.7_MD14_MD11_STRICT_AWARD_RECIPIENT_MATCH
2026-08-19T15:10:23.461716+00:00,ACN,ACCENTURE FEDERAL SERVICES LLC,SP470125F0199,2026-08-19,last_modified_date,,2025-08-15,2026-08-14,2184303.32,,BPA CALL,Department of Defense,Defense Logistics Agency,WMS/FLIS DISPOSITION IDOC-RECON,0,0,0,AWARD_LEVEL_SHADOW_WATCH_NOT_FROZEN_TRANSACTION_MODEL,RECON_LIVE_V4.7_MD14_MD11_STRICT_AWARD_RECIPIENT_MATCH
2026-08-19T15:10:23.461716+00:00,BA,THE BOEING COMPANY,NAS1510000,2026-08-19,"action_date,last_modified_date",,1993-11-15,2026-09-30,22442309468.27,,DEFINITIVE CONTRACT,National Aeronautics and Space Administration,National Aeronautics and Space Administration,INTERNATIONAL SPACE STATION,0,1,0,AWARD_LEVEL_SHADOW_WATCH_NOT_FROZEN_TRANSACTION_MODEL,RECON_LIVE_V4.7_MD14_MD11_STRICT_AWARD_RECIPIENT_MATCH
2026-08-19T15:10:23.461716+00:00,BA,THE BOEING COMPANY,NNM12AA82C,2026-08-19,last_modified_date,,2012-10-01,2027-12-31,1336720376.0,,DEFINITIVE CONTRACT,National Aeronautics and Space Administration,National Aeronautics and Space Administration,INTERIM CRYOGENIC PROPULSION STAGE FOR SLS,0,1,0,AWARD_LEVEL_SHADOW_WATCH_NOT_FROZEN_TRANSACTION_MODEL,RECON_LIVE_V4.7_MD14_MD11_STRICT_AWARD_RECIPIENT_MATCH
2026-08-19T15:10:23.461716+00:00,BA,THE BOEING COMPANY,NNM15AA03C,2026-08-19,last_modified_date,,2015-04-01,2020-06-30,2365603.31,,DEFINITIVE CONTRACT,National Aeronautics and Space Administration,National Aeronautics and Space Administration,IGF::OT::IGF BOEING COMPANY SANTA SUSANA FIELD LABORATORY (SSFL) ELECTRICAL SERVICES AND CONTINGENCY ITEMS,0,0,0,AWARD_LEVEL_SHADOW_WATCH_NOT_FROZEN_TRANSACTION_MODEL,RECON_LIVE_V4.7_MD14_MD11_STRICT_AWARD_RECIPIENT_MATCH
2026-08-19T15:10:23.461716+00:00,BA,THE BOEING COMPANY,FA861724FB001,2026-08-19,last_modified_date,,2024-03-27,2025-03-26,185070.0,,DELIVERY ORDER,Department of Defense,Department of the Air Force,DEPOT ACTIVATION PLANNING AND TYPE 1 TRAINING,0,0,0,AWARD_LEVEL_SHADOW_WATCH_NOT_FROZEN_TRANSACTION_MODEL,RECON_LIVE_V4.7_MD14_MD11_STRICT_AWARD_RECIPIENT_MATCH
2026-08-19T15:10:23.461716+00:00,BAH,BOOZ ALLEN HAMILTON INC,47QFPA22F0007,2026-08-19,"action_date,last_modified_date",,2022-01-11,2027-06-18,217276565.36,,DELIVERY ORDER,General Services Administration,Federal Acquisition Service,REMOTE SENSING SE&I,0,1,0,AWARD_LEVEL_SHADOW_WATCH_NOT_FROZEN_TRANSACTION_MODEL,RECON_LIVE_V4.7_MD14_MD11_STRICT_AWARD_RECIPIENT_MATCH
2026-08-19T15:10:23.461716+00:00,BAH,BOOZ ALLEN HAMILTON INC,47QFMA21F0015,2026-08-19,"action_date,last_modified_date",,2021-03-23,2026-03-22,30270013.37,,DELIVERY ORDER,General Services Administration,Federal Acquisition Service,PROFESSIONAL SERVICES P2,0,0,0,AWARD_LEVEL_SHADOW_WATCH_NOT_FROZEN_TRANSACTION_MODEL,RECON_LIVE_V4.7_MD14_MD11_STRICT_AWARD_RECIPIENT_MATCH
2026-08-19T15:10:23.461716+00:00,BAH,BOOZ ALLEN HAMILTON INC,47QFCA25F0029,2026-08-19,"action_date,last_modified_date",,2025-08-28,2026-08-27,28441168.02,,DELIVERY ORDER,General Services Administration,Federal Acquisition Service,US ARMY RAPID EQUIPPING FORCE BRIDGE MISSION SUPPORT,0,0,0,AWARD_LEVEL_SHADOW_WATCH_NOT_FROZEN_TRANSACTION_MODEL,RECON_LIVE_V4.7_MD14_MD11_STRICT_AWARD_RECIPIENT_MATCH
2026-08-19T15:10:23.461716+00:00,BAH,BOOZ ALLEN HAMILTON INC,47QFDA22F0027,2026-08-19,"action_date,last_modified_date",,2022-08-15,2027-02-28,25914672.75,,DELIVERY ORDER,General Services Administration,Federal Acquisition Service,USAF JWAC JCCE SUPPORT SERVICES,0,0,0,AWARD_LEVEL_SHADOW_WATCH_NOT_FROZEN_TRANSACTION_MODEL,RECON_LIVE_V4.7_MD14_MD11_STRICT_AWARD_RECIPIENT_MATCH
2026-08-19T15:10:23.461716+00:00,BAH,BOOZ ALLEN HAMILTON INC,140D0426F0095,2026-08-19,"action_date,last_modified_date",,2026-02-27,2026-10-26,1597459.72,,DELIVERY ORDER,Department of the Interior,Departmental Offices,NIH NIAID CYBER SECURITY PROGRAM RISK MANAGEMENT FRAMEWORK (CSP-RMF) SUPPORT BRIDGE,0,0,0,AWARD_LEVEL_SHADOW_WATCH_NOT_FROZEN_TRANSACTION_MODEL,RECON_LIVE_V4.7_MD14_MD11_STRICT_AWARD_RECIPIENT_MATCH
2026-08-19T15:10:23.461716+00:00,BAH,BOOZ ALLEN HAMILTON INC,47QFCA23F0014,2026-08-19,last_modified_date,,2023-02-20,2027-02-23,504967758.09,,DELIVERY ORDER,General Services Administration,Federal Acquisition Service,ENGINEERING DEVELOPMENT INTEGRATION AND TECHNOLOGYBASED SOLUTIONS EDITS,0,1,0,AWARD_LEVEL_SHADOW_WATCH_NOT_FROZEN_TRANSACTION_MODEL,RECON_LIVE_V4.7_MD14_MD11_STRICT_AWARD_RECIPIENT_MATCH
2026-08-19T15:10:23.461716+00:00,BAH,BOOZ ALLEN HAMILTON INC,47QFCA23F0047,2026-08-19,last_modified_date,,2023-09-08,2027-09-07,230956031.17,,DELIVERY ORDER,General Services Administration,Federal Acquisition Service,AWARD OF DSCU ICB TO SUPPORT THE MISSION SETS AND PROGRAMS.,0,1,0,AWARD_LEVEL_SHADOW_WATCH_NOT_FROZEN_TRANSACTION_MODEL,RECON_LIVE_V4.7_MD14_MD11_STRICT_AWARD_RECIPIENT_MATCH
2026-08-19T15:10:23.461716+00:00,BAH,BOOZ ALLEN HAMILTON INC,70FA6020F00000023,2026-08-19,last_modified_date,,2020-09-18,2022-09-17,705203.45,,DELIVERY ORDER,Department of Homeland Security,Federal Emergency Management Agency,"THE CONTRACTOR SHALL PROVIDE TECHNICAL ASSISTANCE TO THE FEDERAL EMERGENCY MANAGEMENT AGENCY (FEMA), FEDERAL INSURANCE MITIGATION ADMINISTRATION (FIMA) FOR ENDANGERED SPECIES ACT (ESA) SECTION 7(A)(1) AND 7(A)(2) FOR COMPLIANCE WITH THE NATIONAL FLOO",0,0,0,AWARD_LEVEL_SHADOW_WATCH_NOT_FROZEN_TRANSACTION_MODEL,RECON_LIVE_V4.7_MD14_MD11_STRICT_AWARD_RECIPIENT_MATCH
2026-08-19T15:10:23.461716+00:00,CACI,"CACI, INC. - FEDERAL",N3220524C4115,2026-08-19,last_modified_date,,2024-11-07,2026-10-17,22623946.32,,DEFINITIVE CONTRACT,Department of Defense,Department of the Navy,N102D/N4/V.PRINCIPE/WORLDWIDE LOGISTICS SERVICES,0,0,0,AWARD_LEVEL_SHADOW_WATCH_NOT_FROZEN_TRANSACTION_MODEL,RECON_LIVE_V4.7_MD14_MD11_STRICT_AWARD_RECIPIENT_MATCH
2026-08-19T15:10:23.461716+00:00,CAT,CATERPILLAR INC,140FS326F0185,2026-08-19,"action_date,last_modified_date",,2026-08-17,2027-08-17,195958.0,,DELIVERY ORDER,Department of the Interior,U.S. Fish and Wildlife Service,"CTL 2, VANDENBERG AFB, WILDLAND FIRE BRANCH, CA  HEAVY EQUIPMENT IDIQ",0,0,0,AWARD_LEVEL_SHADOW_WATCH_NOT_FROZEN_TRANSACTION_MODEL,RECON_LIVE_V4.7_MD14_MD11_STRICT_AWARD_RECIPIENT_MATCH
2026-08-19T15:10:23.461716+00:00,CAT,CATERPILLAR INC,140FS326F0184,2026-08-19,"action_date,last_modified_date",,2026-08-17,2027-08-17,172342.0,,DELIVERY ORDER,Department of the Interior,U.S. Fish and Wildlife Service,"CTL, CAMP BULLIS, JBSA WSM, WILDLAND FIRE BRANCH, TX  HEAVY EQUIPMENT IDIQ",0,0,0,AWARD_LEVEL_SHADOW_WATCH_NOT_FROZEN_TRANSACTION_MODEL,RECON_LIVE_V4.7_MD14_MD11_STRICT_AWARD_RECIPIENT_MATCH
2026-08-19T15:10:23.461716+00:00,CAT,CATERPILLAR INC,140FS126F0079,2026-08-19,"action_date,last_modified_date",,2026-08-17,2026-12-17,116241.0,,DELIVERY ORDER,Department of the Interior,U.S. Fish and Wildlife Service,CA-MODOC NWR-CAT 415L LOADER,0,0,0,AWARD_LEVEL_SHADOW_WATCH_NOT_FROZEN_TRANSACTION_MODEL,RECON_LIVE_V4.7_MD14_MD11_STRICT_AWARD_RECIPIENT_MATCH
2026-08-19T15:10:23.461716+00:00,CAT,CATERPILLAR INC,SPE8EC25F1091,2026-08-19,last_modified_date,,2025-09-18,2026-06-17,1040043.0,,DELIVERY ORDER,Department of Defense,Defense Logistics Agency,8511648888!SCRAPER,0,0,0,AWARD_LEVEL_SHADOW_WATCH_NOT_FROZEN_TRANSACTION_MODEL,RECON_LIVE_V4.7_MD14_MD11_STRICT_AWARD_RECIPIENT_MATCH
2026-08-19T15:10:23.461716+00:00,CAT,CATERPILLAR INC,SPE8EC25F0753,2026-08-19,last_modified_date,,2025-06-24,2026-06-26,630202.0,,DELIVERY ORDER,Department of Defense,Defense Logistics Agency,8511458776!10K AT NUCLEAR CERTIFIED FORK,0,0,0,AWARD_LEVEL_SHADOW_WATCH_NOT_FROZEN_TRANSACTION_MODEL,RECON_LIVE_V4.7_MD14_MD11_STRICT_AWARD_RECIPIENT_MATCH
2026-08-19T15:10:23.461716+00:00,CAT,CATERPILLAR INC,GS30F0018U,2026-08-19,"action_date,last_modified_date",,2008-06-04,,0.0,,FSS,General Services Administration,Federal Acquisition Service,FEDERAL SUPPLY SCHEDULE CONTRACT.,1,1,0,AWARD_LEVEL_SHADOW_WATCH_NOT_FROZEN_TRANSACTION_MODEL,RECON_LIVE_V4.7_MD14_MD11_STRICT_AWARD_RECIPIENT_MATCH
2026-08-19T15:10:23.461716+00:00,DE,"JOHN DEERE SHARED SERVICES, LLC",1232SA26F0473,2026-08-19,"action_date,last_modified_date",,2026-08-17,2026-10-30,120495.4,,DELIVERY ORDER,Department of Agriculture,Agricultural Research Service,SKID STEER,0,0,0,AWARD_LEVEL_SHADOW_WATCH_NOT_FROZEN_TRANSACTION_MODEL,RECON_LIVE_V4.7_MD14_MD11_STRICT_AWARD_RECIPIENT_MATCH
2026-08-19T15:10:23.461716+00:00,DE,DEERE & COMPANY,140F1G26F0063,2026-08-19,"action_date,last_modified_date",,2026-08-17,2027-02-26,171013.48,,DELIVERY ORDER,Department of the Interior,U.S. Fish and Wildlife Service,FL-EVERGALDES NWR-H4EV0-AG TRACTOR,0,0,0,AWARD_LEVEL_SHADOW_WATCH_NOT_FROZEN_TRANSACTION_MODEL,RECON_LIVE_V4.7_MD14_MD11_STRICT_AWARD_RECIPIENT_MATCH
2026-08-19T15:10:23.461716+00:00,DE,DEERE & COMPANY,12405B24F0300,2026-08-19,last_modified_date,,2024-08-23,2025-08-22,339003.93,,DELIVERY ORDER,Department of Agriculture,Agricultural Research Service,JOHN DEERE 6R 215 TRACTOR AND IMPLEMENTS.,0,0,0,AWARD_LEVEL_SHADOW_WATCH_NOT_FROZEN_TRANSACTION_MODEL,RECON_LIVE_V4.7_MD14_MD11_STRICT_AWARD_RECIPIENT_MATCH
2026-08-19T15:10:23.461716+00:00,DE,DEERE & COMPANY,12905B24F0105,2026-08-19,last_modified_date,,2024-07-27,2025-07-26,182267.28,,DELIVERY ORDER,Department of Agriculture,Agricultural Research Service,AGRICULTURAL TRACTOR,0,0,0,AWARD_LEVEL_SHADOW_WATCH_NOT_FROZEN_TRANSACTION_MODEL,RECON_LIVE_V4.7_MD14_MD11_STRICT_AWARD_RECIPIENT_MATCH
2026-08-19T15:10:23.461716+00:00,DE,DEERE & COMPANY,12305B25F0029,2026-08-19,last_modified_date,,2025-05-06,2025-07-07,28452.0,,DELIVERY ORDER,Department of Agriculture,Agricultural Research Service,FLEX WING ROTARY,0,0,0,AWARD_LEVEL_SHADOW_WATCH_NOT_FROZEN_TRANSACTION_MODEL,RECON_LIVE_V4.7_MD14_MD11_STRICT_AWARD_RECIPIENT_MATCH
2026-08-19T15:10:23.461716+00:00,DE,DEERE & COMPANY,12905B24F0096,2026-08-19,last_modified_date,,2024-09-12,2025-09-30,27802.92,,DELIVERY ORDER,Department of Agriculture,Agricultural Research Service,UTV'S,0,0,0,AWARD_LEVEL_SHADOW_WATCH_NOT_FROZEN_TRANSACTION_MODEL,RECON_LIVE_V4.7_MD14_MD11_STRICT_AWARD_RECIPIENT_MATCH
2026-08-19T15:10:23.461716+00:00,DE,DEERE & COMPANY,12305B25F0042,2026-08-19,last_modified_date,,2025-06-23,2025-08-23,19705.5,,DELIVERY ORDER,Department of Agriculture,Agricultural Research Service,PURCHASE OF ROTARY CUTTER FOR APU.  FC15E FLEX WING ROTARY CUTTER,0,0,0,AWARD_LEVEL_SHADOW_WATCH_NOT_FROZEN_TRANSACTION_MODEL,RECON_LIVE_V4.7_MD14_MD11_STRICT_AWARD_RECIPIENT_MATCH
2026-08-19T15:10:23.461716+00:00,DE,DEERE & COMPANY,47QMCA26D000V,2026-08-19,"action_date,last_modified_date",,2026-05-28,,0.0,,FSS,General Services Administration,Federal Acquisition Service,FEDERAL SUPPLY SCHEDULE CONTRACT,1,1,0,AWARD_LEVEL_SHADOW_WATCH_NOT_FROZEN_TRANSACTION_MODEL,RECON_LIVE_V4.7_MD14_MD11_STRICT_AWARD_RECIPIENT_MATCH
2026-08-19T15:10:23.461716+00:00,GD,"GENERAL DYNAMICS INFORMATION TECHNOLOGY, INC.",75FCMC24F0065,2026-08-19,"action_date,last_modified_date",,2024-04-25,2027-05-08,189874484.23,,DELIVERY ORDER,Department of Health and Human Services,Centers for Medicare and Medicaid Services,BENEFITS COORDINATION & RECOVERY CENTER (BCRC),0,1,0,AWARD_LEVEL_SHADOW_WATCH_NOT_FROZEN_TRANSACTION_MODEL,RECON_LIVE_V4.7_MD14_MD11_STRICT_AWARD_RECIPIENT_MATCH
2026-08-19T15:10:23.461716+00:00,GD,"GENERAL DYNAMICS INFORMATION TECHNOLOGY, INC.",70B01C24F00000727,2026-08-19,"action_date,last_modified_date",,2024-09-12,2027-09-12,10740181.35,,BPA CALL,Department of Homeland Security,U.S. Customs and Border Protection,OPERATIONS AND MAINTENANCE TASK ORDER FOR OFFICE OF FINANCE,0,0,0,AWARD_LEVEL_SHADOW_WATCH_NOT_FROZEN_TRANSACTION_MODEL,RECON_LIVE_V4.7_MD14_MD11_STRICT_AWARD_RECIPIENT_MATCH
2026-08-19T15:10:23.461716+00:00,GD,"GENERAL DYNAMICS INFORMATION TECHNOLOGY, INC.",693KA724F00018,2026-08-19,"action_date,last_modified_date",,2024-09-06,2027-09-08,5087669.0,,DELIVERY ORDER,Department of Transportation,Federal Aviation Administration,"THE PURPOSE OF THIS TASK ORDER IS TO PROVIDE HARDWARE MAINTENANCE SUPPORT FOR THE SUSTAINMENT OF TFMS HARDWARE, AT ALL LOCATIONS SPECIFIED IN SECTION F.5.1 PLACES OF PERFORMANCE.  ADDITIONALLY, THE CONTRACTOR MUST PROCURE HARDWARE (HW) ASSETS AS APPR",0,0,0,AWARD_LEVEL_SHADOW_WATCH_NOT_FROZEN_TRANSACTION_MODEL,RECON_LIVE_V4.7_MD14_MD11_STRICT_AWARD_RECIPIENT_MATCH
2026-08-19T15:10:23.461716+00:00,GD,"GENERAL DYNAMICS INFORMATION TECHNOLOGY, INC.",68HERD24F0087,2026-08-19,"action_date,last_modified_date",,2024-07-02,2027-07-02,1858662.0,,BPA CALL,Environmental Protection Agency,Environmental Protection Agency,24267AE009. SMAVCS4 - RAPID AND ORDAI - TASK ORDER 4 - TO BE COMPLETED UNDER SMAVCS4 BPA 68HERD24A000 1-4.,0,0,0,AWARD_LEVEL_SHADOW_WATCH_NOT_FROZEN_TRANSACTION_MODEL,RECON_LIVE_V4.7_MD14_MD11_STRICT_AWARD_RECIPIENT_MATCH
2026-08-19T15:10:23.461716+00:00,GD,"GENERAL DYNAMICS INFORMATION TECHNOLOGY, INC.",47QFCA24F0014,2026-08-19,last_modified_date,,2024-07-19,2027-07-18,70283287.0,,DELIVERY ORDER,General Services Administration,Federal Acquisition Service,THE PURPOSE OF MOD 00 IS TO AWARD TASK ORDER 47QFCA24F0014 FOR THE ASSISTED SERVICE SHARED INFORMATION SYSTEM (ASSIST) MODERNIZATION AND MAINTENANCE SERVICES ACQUISITION.,0,1,0,AWARD_LEVEL_SHADOW_WATCH_NOT_FROZEN_TRANSACTION_MODEL,RECON_LIVE_V4.7_MD14_MD11_STRICT_AWARD_RECIPIENT_MATCH
2026-08-19T15:10:23.461716+00:00,GD,"GENERAL DYNAMICS INFORMATION TECHNOLOGY, INC.",HC102823F1020,2026-08-19,last_modified_date,,2023-08-09,2024-08-09,154657.22,,BPA CALL,Department of Defense,Defense Information Systems Agency,ENTERPRISE TRANSPORT MANAGEMENT NEXT GENERATION,0,0,0,AWARD_LEVEL_SHADOW_WATCH_NOT_FROZEN_TRANSACTION_MODEL,RECON_LIVE_V4.7_MD14_MD11_STRICT_AWARD_RECIPIENT_MATCH
2026-08-19T15:10:23.461716+00:00,GD,"GENERAL DYNAMICS MISSION SYSTEMS, INC.",693JF724C000014,2026-08-19,last_modified_date,,2024-06-21,2024-09-30,66510.0,,DEFINITIVE CONTRACT,Department of Transportation,Maritime Administration,THE PURPOSE OF THIS REQUISITION IS TO ORDER 18 VIPER PHONES FROM GENERAL DYNAMICS,0,0,0,AWARD_LEVEL_SHADOW_WATCH_NOT_FROZEN_TRANSACTION_MODEL,RECON_LIVE_V4.7_MD14_MD11_STRICT_AWARD_RECIPIENT_MATCH
2026-08-19T15:10:23.461716+00:00,GE,GENERAL ELECTRIC COMPANY,70Z03826FA0000154,2026-08-19,"action_date,last_modified_date",,2026-08-17,2027-12-13,53561.4,,DELIVERY ORDER,Department of Homeland Security,U.S. Coast Guard,CT7-9C3 ENGINE ASSEMBLY AND SPARE COMPONENTS FOR THE HC-144 AIRCRAFT.,0,0,0,AWARD_LEVEL_SHADOW_WATCH_NOT_FROZEN_TRANSACTION_MODEL,RECON_LIVE_V4.7_MD14_MD11_STRICT_AWARD_RECIPIENT_MATCH
2026-08-19T15:10:23.461716+00:00,HON,HONEYWELL INTERNATIONAL INC.,FA825124F0060,2026-08-19,last_modified_date,,2024-05-01,2025-01-13,1282791.74,,DELIVERY ORDER,Department of Defense,Department of the Air Force,F-16 REPAIRS OF THE COMMON COLOR MULTIFUNCTIONAL DISPLAY (CCMFD) ITEMS.,0,0,0,AWARD_LEVEL_SHADOW_WATCH_NOT_FROZEN_TRANSACTION_MODEL,RECON_LIVE_V4.7_MD14_MD11_STRICT_AWARD_RECIPIENT_MATCH
2026-08-19T15:10:23.461716+00:00,IBM,INTERNATIONAL BUSINESS MACHINES CORPORATION,2032H524F00441,2026-08-19,"action_date,last_modified_date",,2024-09-19,2027-08-31,99037.0,,DELIVERY ORDER,Department of the Treasury,Internal Revenue Service,THIS IS A DELIVERY ORDER TO ACQUIRE INTERNATIONAL BUSINESS MACHINES (IBM) GEOGRAPHICALLY DISPERSED PARALLEL SYSPLEX (GDPS) SOFTWARE MAINTENANCE.,0,0,0,AWARD_LEVEL_SHADOW_WATCH_NOT_FROZEN_TRANSACTION_MODEL,RECON_LIVE_V4.7_MD14_MD11_STRICT_AWARD_RECIPIENT_MATCH
2026-08-19T15:10:23.461716+00:00,IBM,INTERNATIONAL BUSINESS MACHINES CORPORATION,15JPSS25F00000578,2026-08-19,last_modified_date,,2025-07-01,2026-12-31,14319528.97,,DELIVERY ORDER,Department of Justice,"Offices, Boards and Divisions",9/11 VICTIM'S COMPENSATION FUND CLAIMS MANAGEMENT SYSTEM,0,0,0,AWARD_LEVEL_SHADOW_WATCH_NOT_FROZEN_TRANSACTION_MODEL,RECON_LIVE_V4.7_MD14_MD11_STRICT_AWARD_RECIPIENT_MATCH
2026-08-19T15:10:23.461716+00:00,IBM,INTERNATIONAL BUSINESS MACHINES CORPORATION,47QACB26F0011,2026-08-19,last_modified_date,,2025-12-31,2026-12-30,353707.2,,DELIVERY ORDER,General Services Administration,Federal Acquisition Service,"OASIS LICENSING, HOSTING & INFRASTRUCTURE SUPPORT",0,0,0,AWARD_LEVEL_SHADOW_WATCH_NOT_FROZEN_TRANSACTION_MODEL,RECON_LIVE_V4.7_MD14_MD11_STRICT_AWARD_RECIPIENT_MATCH
2026-08-19T15:10:23.461716+00:00,LDOS,"LEIDOS, INC.",47QFCA21C0002,2026-08-19,"action_date,last_modified_date",,2021-02-01,2027-01-31,1109643464.2,,DEFINITIVE CONTRACT,General Services Administration,Federal Acquisition Service,MILITARY AND FAMILY LIFE COUNSELING. REQUIREMENT FOR WORLDWIDE NON MEDICAL CONFIDENTIAL COUNSELING SERVICES.,0,1,0,AWARD_LEVEL_SHADOW_WATCH_NOT_FROZEN_TRANSACTION_MODEL,RECON_LIVE_V4.7_MD14_MD11_STRICT_AWARD_RECIPIENT_MATCH
2026-08-19T15:10:23.461716+00:00,LDOS,"LEIDOS, INC.",89243318CFE000003,2026-08-19,"action_date,last_modified_date",,2018-12-31,2028-12-30,1049590211.0,,DEFINITIVE CONTRACT,Department of Energy,Department of Energy,RESEARCH SUPPORT SERVICES (RSS),0,1,0,AWARD_LEVEL_SHADOW_WATCH_NOT_FROZEN_TRANSACTION_MODEL,RECON_LIVE_V4.7_MD14_MD11_STRICT_AWARD_RECIPIENT_MATCH
2026-08-19T15:10:23.461716+00:00,LDOS,"LEIDOS, INC.",DTFA0101CA0065CALL0001,2026-08-19,"action_date,last_modified_date",,2001-06-18,2033-07-31,684840950.34,,DELIVERY ORDER,Department of Transportation,Federal Aviation Administration,ADVANCED TECHNOLOGIES AND OCEANIC PROCEDURES (ATOP),0,1,0,AWARD_LEVEL_SHADOW_WATCH_NOT_FROZEN_TRANSACTION_MODEL,RECON_LIVE_V4.7_MD14_MD11_STRICT_AWARD_RECIPIENT_MATCH
2026-08-19T15:10:23.461716+00:00,LDOS,"LEIDOS, INC.",31310020F0052,2026-08-19,"action_date,last_modified_date",,2020-09-22,2027-09-21,45172033.2,,BPA CALL,Nuclear Regulatory Commission,Nuclear Regulatory Commission,GLINDA BPA CALL FOR INTEGRATED SOURCE MANAGEMENT PORTFOLIO (ISMP) SUPPORT,0,0,0,AWARD_LEVEL_SHADOW_WATCH_NOT_FROZEN_TRANSACTION_MODEL,RECON_LIVE_V4.7_MD14_MD11_STRICT_AWARD_RECIPIENT_MATCH
2026-08-19T15:10:23.461716+00:00,LDOS,"LEIDOS, INC.",70B03C26F00000621,2026-08-19,"action_date,last_modified_date",,2026-08-17,2028-08-16,18816749.0,,DELIVERY ORDER,Department of Homeland Security,U.S. Customs and Border Protection,LOW ENERGY PORTAL SYSTEM,0,0,0,AWARD_LEVEL_SHADOW_WATCH_NOT_FROZEN_TRANSACTION_MODEL,RECON_LIVE_V4.7_MD14_MD11_STRICT_AWARD_RECIPIENT_MATCH
2026-08-19T15:10:23.461716+00:00,LDOS,LEIDOS DIGITAL SOLUTIONS INC,11316023F0051OAS,2026-08-19,"action_date,last_modified_date",,2023-09-11,2027-09-11,2748686.88,,DELIVERY ORDER,Executive Office of the President,Executive Office of the President,SOFTWARE LICENSING,0,0,0,AWARD_LEVEL_SHADOW_WATCH_NOT_FROZEN_TRANSACTION_MODEL,RECON_LIVE_V4.7_MD14_MD11_STRICT_AWARD_RECIPIENT_MATCH
2026-08-19T15:10:23.461716+00:00,LDOS,"LEIDOS, INC.",693KA720C00002,2026-08-19,last_modified_date,,2019-11-26,2034-11-30,666810964.33,,DEFINITIVE CONTRACT,Department of Transportation,Federal Aviation Administration,FUTURE FLIGHT SERVICES PROGRAM,0,1,0,AWARD_LEVEL_SHADOW_WATCH_NOT_FROZEN_TRANSACTION_MODEL,RECON_LIVE_V4.7_MD14_MD11_STRICT_AWARD_RECIPIENT_MATCH
2026-08-19T15:10:23.461716+00:00,LDOS,"LEIDOS, INC.",47QFCA23F0039,2026-08-19,last_modified_date,,2023-09-11,2030-12-31,313502663.72,,DELIVERY ORDER,General Services Administration,Federal Acquisition Service,HOMELAND ENTERPRISE INFORMATION TECHNOLOGY SECURE SERVICES AND SUPPORT (HEITS) TASK ORDER (47QFCA23F0039) AWARD FROM TASK ORDER REQUEST (47QFCA23R0021) IN SUPPORT OF THE DHS.,0,1,0,AWARD_LEVEL_SHADOW_WATCH_NOT_FROZEN_TRANSACTION_MODEL,RECON_LIVE_V4.7_MD14_MD11_STRICT_AWARD_RECIPIENT_MATCH
2026-08-19T15:10:23.461716+00:00,LDOS,"LEIDOS, INC.",15JPSS21F00000357,2026-08-19,last_modified_date,,2021-06-01,2027-05-31,787214.48,,DELIVERY ORDER,Department of Justice,"Offices, Boards and Divisions",MEGA5 LITIGATION SUPPORT SERVICES,0,0,0,AWARD_LEVEL_SHADOW_WATCH_NOT_FROZEN_TRANSACTION_MODEL,RECON_LIVE_V4.7_MD14_MD11_STRICT_AWARD_RECIPIENT_MATCH
2026-08-19T15:10:23.461716+00:00,LDOS,"LEIDOS, INC.",693KA921D00008,2026-08-19,"action_date,last_modified_date",,2020-12-08,,1731901505.23,,INDEFINITE DELIVERY / INDEFINITE QUANTITY,Department of Transportation,Federal Aviation Administration,CONTRACT TO PROVIDE ENGINEERING AND TECHNICAL SUPPORT SERVICES AS REQUIRED TO VARIOUS FAA ORGANIZATIONS.,1,1,0,AWARD_LEVEL_SHADOW_WATCH_NOT_FROZEN_TRANSACTION_MODEL,RECON_LIVE_V4.7_MD14_MD11_STRICT_AWARD_RECIPIENT_MATCH
2026-08-19T15:10:23.461716+00:00,LDOS,"LEIDOS, INC.",75N93021D00030,2026-08-19,"action_date,last_modified_date",,2021-09-01,,0.0,,INDEFINITE DELIVERY / INDEFINITE QUANTITY,Department of Health and Human Services,National Institutes of Health,COMPREHENSIVE AND RAPID RESPONSE FOR NIAID RESEARCH PROGRAMS,1,1,0,AWARD_LEVEL_SHADOW_WATCH_NOT_FROZEN_TRANSACTION_MODEL,RECON_LIVE_V4.7_MD14_MD11_STRICT_AWARD_RECIPIENT_MATCH
2026-08-19T15:10:23.461716+00:00,LUNR,"INTUITIVE MACHINES, LLC",80JSC021F0004,2026-08-19,"action_date,last_modified_date",,2020-10-16,2026-07-31,56284342.79,,DELIVERY ORDER,National Aeronautics and Space Administration,National Aeronautics and Space Administration,COMMERCIAL LUNAR PAYLOAD SERVICES (CLPS) TASK ORDER (TO) POLAR RESOURCE ICE-MINING EXPERIMENT-1 (PRIME-1) LUNAR SURFACE PAYLOAD DELIVERY -LUNAR POLE,0,1,0,AWARD_LEVEL_SHADOW_WATCH_NOT_FROZEN_TRANSACTION_MODEL,RECON_LIVE_V4.7_MD14_MD11_STRICT_AWARD_RECIPIENT_MATCH
2026-08-19T15:10:23.461716+00:00,NOC,NORTHROP GRUMMAN SYSTEMS CORPORATION,70Z04423FC2PL0007,2026-08-19,"action_date,last_modified_date",,2023-09-04,2025-09-03,428254.04,,DELIVERY ORDER,Department of Homeland Security,U.S. Coast Guard,TASK ORDER FOR TIME-AND-MATERIALS (T&M) TIER III TECHNICAL SUPPORT/ENGINEERING SUPPORT SERVICES FOR VEGA NAVIGATION SOFTWARE APPLICATION.,0,0,0,AWARD_LEVEL_SHADOW_WATCH_NOT_FROZEN_TRANSACTION_MODEL,RECON_LIVE_V4.7_MD14_MD11_STRICT_AWARD_RECIPIENT_MATCH
2026-08-19T15:10:23.461716+00:00,NOC,NORTHROP GRUMMAN SYSTEMS CORPORATION,70Z04421F21004700,2026-08-19,"action_date,last_modified_date",,2021-09-04,2022-09-03,29275.19,,DELIVERY ORDER,Department of Homeland Security,U.S. Coast Guard,TASK ORDER 3 FOR T&M TIER III TECHNICAL SUPPORT/ENGINEERING SUPPORT SERVICES FOR VEGA NAVIGATION SOFTWARE APPLICATION.,0,0,0,AWARD_LEVEL_SHADOW_WATCH_NOT_FROZEN_TRANSACTION_MODEL,RECON_LIVE_V4.7_MD14_MD11_STRICT_AWARD_RECIPIENT_MATCH
2026-08-19T15:10:23.461716+00:00,PSN,PARSONS GOVERNMENT SERVICES INC.,47QFCA23F0024,2026-08-19,"action_date,last_modified_date",,2023-04-27,2027-04-26,531809155.05,,DELIVERY ORDER,General Services Administration,Federal Acquisition Service,BOLD VENTURE,0,1,0,AWARD_LEVEL_SHADOW_WATCH_NOT_FROZEN_TRANSACTION_MODEL,RECON_LIVE_V4.7_MD14_MD11_STRICT_AWARD_RECIPIENT_MATCH
2026-08-19T15:10:23.461716+00:00,SATL,SATELLITE SERVICES INC,70CMSW19FR0000044,2026-08-19,"action_date,last_modified_date",,2019-07-15,2027-08-15,12665916.93,,DELIVERY ORDER,Department of Homeland Security,U.S. Immigration and Customs Enforcement,OPERATIONS AND MAINTENANCE SERVICES AT FLORENCE SERVICE PROCESSING CENTER (SPC),0,0,0,AWARD_LEVEL_SHADOW_WATCH_NOT_FROZEN_TRANSACTION_MODEL,RECON_LIVE_V4.7_MD14_MD11_STRICT_AWARD_RECIPIENT_MATCH
2026-08-19T15:10:23.461716+00:00,SATL,SATELLITE SERVICES INC,47PD5326F0264,2026-08-19,last_modified_date,,2026-07-07,2026-09-05,45633.75,,BPA CALL,General Services Administration,Public Buildings Service,"NAVY COOLING TOWER & GEAR BOX REPAIR AT 2306 EAST BANNISTER ROAD KANSAS CITY, MISSOURI 64131-3061",0,0,0,AWARD_LEVEL_SHADOW_WATCH_NOT_FROZEN_TRANSACTION_MODEL,RECON_LIVE_V4.7_MD14_MD11_STRICT_AWARD_RECIPIENT_MATCH
2026-08-20T15:14:39.323517+00:00,ACN,ACCENTURE FEDERAL SERVICES LLC,89303026FIM000188,2026-08-20,"action_date,last_modified_date",,2025-12-18,2026-12-17,64893770.66,,BPA CALL,Department of Energy,Department of Energy,BLANKET PURCHASE AGREEMENT (BPA) ORDER FOR CHIEF INFORMATION OFFICER (CIO) BUSINESS OPERATIONS SUPPORT SERVICES (CBOSS) 2.0. ORDER LEVEL MATERIALS (OLM),0,1,0,AWARD_LEVEL_SHADOW_WATCH_NOT_FROZEN_TRANSACTION_MODEL,RECON_LIVE_V4.7_MD14_MD11_STRICT_AWARD_RECIPIENT_MATCH
2026-08-20T15:14:39.323517+00:00,ACN,ACCENTURE FEDERAL SERVICES LLC,89303324FEM000034,2026-08-20,"action_date,last_modified_date",,2024-08-21,2027-08-23,12887284.56,,BPA CALL,Department of Energy,Department of Energy,INFORMATION TECHNOLOGY SUPPORT SERVICES (ITSS) FOR THE DEPARTMENT OF ENERGY (DOE) OFFICE OF ENVIRONMENTAL MANAGEMENT (EM),0,0,0,AWARD_LEVEL_SHADOW_WATCH_NOT_FROZEN_TRANSACTION_MODEL,RECON_LIVE_V4.7_MD14_MD11_STRICT_AWARD_RECIPIENT_MATCH
2026-08-20T15:14:39.323517+00:00,ACN,ACCENTURE FEDERAL SERVICES LLC,2032H524F00365,2026-08-20,"action_date,last_modified_date",,2024-06-29,2026-06-28,11200545.89,,BPA CALL,Department of the Treasury,Internal Revenue Service,"TASK ORDER AWARD FOR THE ROBOTICS PROCESS AUTOMATION (RPA) OPERATIONS AND MAINTENANCE (O&M) MANAGEMENT, DELIVERY, OPERATIONS, AND PLATFORM SUPPORT.",0,0,0,AWARD_LEVEL_SHADOW_WATCH_NOT_FROZEN_TRANSACTION_MODEL,RECON_LIVE_V4.7_MD14_MD11_STRICT_AWARD_RECIPIENT_MATCH
2026-08-20T15:14:39.323517+00:00,ACN,ACCENTURE FEDERAL SERVICES LLC,693JJ323F00223N,2026-08-20,"action_date,last_modified_date",,2023-09-12,2024-09-23,1525936.2,,BPA CALL,Department of Transportation,Federal Highway Administration,NEW BPA CALL FOR DRUPAL CMS OPERATIONS AND MAINTENANCE PLATFORM FOR ALL DOT OA WEBSITES ON THE PLATFORM,0,0,0,AWARD_LEVEL_SHADOW_WATCH_NOT_FROZEN_TRANSACTION_MODEL,RECON_LIVE_V4.7_MD14_MD11_STRICT_AWARD_RECIPIENT_MATCH
2026-08-20T15:14:39.323517+00:00,ACN,ACCENTURE FEDERAL SERVICES LLC,15F06725F0000990,2026-08-20,last_modified_date,,2025-08-21,2027-08-20,73727468.54,,BPA CALL,Department of Justice,Federal Bureau of Investigation,EADSS SERVICES - ITSSS-2 SCOR 13,0,1,0,AWARD_LEVEL_SHADOW_WATCH_NOT_FROZEN_TRANSACTION_MODEL,RECON_LIVE_V4.7_MD14_MD11_STRICT_AWARD_RECIPIENT_MATCH
2026-08-20T15:14:39.323517+00:00,ACN,ACCENTURE FEDERAL SERVICES LLC,SP470926F0026,2026-08-20,last_modified_date,,2026-04-25,2026-12-24,2112628.82,,DELIVERY ORDER,Department of Defense,Defense Logistics Agency,SUBSISTENCE TOTAL ORDER AND RECEIPT ELECTRONIC SYSTEM SUSTAINMENT SERVICES,0,0,0,AWARD_LEVEL_SHADOW_WATCH_NOT_FROZEN_TRANSACTION_MODEL,RECON_LIVE_V4.7_MD14_MD11_STRICT_AWARD_RECIPIENT_MATCH
2026-08-20T15:14:39.323517+00:00,BA,THE BOEING COMPANY,80MSFC20C0039,2026-08-20,"action_date,last_modified_date",,2020-07-17,2026-08-17,3382471.17,,DEFINITIVE CONTRACT,National Aeronautics and Space Administration,National Aeronautics and Space Administration,REIMBURSABLE SERVICES AT SANTA SUSANA FIELD LABORATORY (SSFL),0,0,0,AWARD_LEVEL_SHADOW_WATCH_NOT_FROZEN_TRANSACTION_MODEL,RECON_LIVE_V4.7_MD14_MD11_STRICT_AWARD_RECIPIENT_MATCH
2026-08-20T15:14:39.323517+00:00,BA,THE BOEING COMPANY,FA861718F8001,2026-08-20,last_modified_date,,2018-09-27,2026-07-30,923084290.62,,DELIVERY ORDER,Department of Defense,Department of the Air Force,ADVANCED PILOT TRAINING,0,1,0,AWARD_LEVEL_SHADOW_WATCH_NOT_FROZEN_TRANSACTION_MODEL,RECON_LIVE_V4.7_MD14_MD11_STRICT_AWARD_RECIPIENT_MATCH
2026-08-20T15:14:39.323517+00:00,BA,THE BOEING COMPANY,NNM15AA03C,2026-08-20,last_modified_date,,2015-04-01,2020-06-30,2365603.31,,DEFINITIVE CONTRACT,National Aeronautics and Space Administration,National Aeronautics and Space Administration,IGF::OT::IGF BOEING COMPANY SANTA SUSANA FIELD LABORATORY (SSFL) ELECTRICAL SERVICES AND CONTINGENCY ITEMS,0,0,0,AWARD_LEVEL_SHADOW_WATCH_NOT_FROZEN_TRANSACTION_MODEL,RECON_LIVE_V4.7_MD14_MD11_STRICT_AWARD_RECIPIENT_MATCH
2026-08-20T15:14:39.323517+00:00,BA,THE BOEING COMPANY,SPE7L126F5518,2026-08-20,last_modified_date,,2026-03-30,2027-03-31,13319.67,,DELIVERY ORDER,Department of Defense,Defense Logistics Agency,"8512003943!COVER,BOX,ACCESSORI",0,0,0,AWARD_LEVEL_SHADOW_WATCH_NOT_FROZEN_TRANSACTION_MODEL,RECON_LIVE_V4.7_MD14_MD11_STRICT_AWARD_RECIPIENT_MATCH
2026-08-20T15:14:39.323517+00:00,BA,THE BOEING COMPANY,N0038324FDU2U,2026-08-20,last_modified_date,,2024-04-03,2026-03-30,0.0,,DELIVERY ORDER,Department of Defense,Department of the Navy,"SLAT BOX SUB-ASSY,A",0,0,0,AWARD_LEVEL_SHADOW_WATCH_NOT_FROZEN_TRANSACTION_MODEL,RECON_LIVE_V4.7_MD14_MD11_STRICT_AWARD_RECIPIENT_MATCH
2026-08-20T15:14:39.323517+00:00,BAH,BOOZ ALLEN HAMILTON INC,70B04C26F00000039,2026-08-20,"action_date,last_modified_date",,2026-01-12,2027-01-11,12361369.77,,BPA CALL,Department of Homeland Security,U.S. Customs and Border Protection,ENTERPRISE CLOUD AND INTEGRATION SERVICES (ECIS) BPA TASK ORDER NO. 05 FOR INFORMATION TECHNOLOGY MODERNIZATION SUPPORT SERVICES (ITMSS),0,0,0,AWARD_LEVEL_SHADOW_WATCH_NOT_FROZEN_TRANSACTION_MODEL,RECON_LIVE_V4.7_MD14_MD11_STRICT_AWARD_RECIPIENT_MATCH
2026-08-20T15:14:39.323517+00:00,BAH,BOOZ ALLEN HAMILTON INC,140D0426F0797,2026-08-20,"action_date,last_modified_date",,2026-08-26,2027-08-25,1936368.09,,BPA CALL,Department of the Interior,Departmental Offices,"NATIONAL INSTITUTES OF HEALTH (NIH), NATIONAL INSTITUTES OF ALLERGY AND INFECTIOUS DISEASES (NIAID) ENABLING AND ADVANCING TECHNOLOGY (NEAT) BLANKET PURCHASE AGREEMENT (BPA) FULL & OPEN (F&O) ORDER 4, ENTERPRISE CONTENT MANAGEMENT SUPPORT SER",0,0,0,AWARD_LEVEL_SHADOW_WATCH_NOT_FROZEN_TRANSACTION_MODEL,RECON_LIVE_V4.7_MD14_MD11_STRICT_AWARD_RECIPIENT_MATCH
2026-08-20T15:14:39.323517+00:00,BAH,BOOZ ALLEN HAMILTON INC,693JJ322F00267N,2026-08-20,last_modified_date,,2022-09-12,2025-09-11,670429.26,,BPA CALL,Department of Transportation,Federal Highway Administration,ROAD WEATHER MANAGEMENT PROGRAM OUTREACH AND TECHNICAL SERVICES SUPPORT,0,0,0,AWARD_LEVEL_SHADOW_WATCH_NOT_FROZEN_TRANSACTION_MODEL,RECON_LIVE_V4.7_MD14_MD11_STRICT_AWARD_RECIPIENT_MATCH
2026-08-20T15:14:39.323517+00:00,BAH,BOOZ ALLEN HAMILTON INC,693JJ322F00242N,2026-08-20,last_modified_date,,2022-09-01,2026-08-31,236342.6,,BPA CALL,Department of Transportation,Federal Highway Administration,NEW ORDER CONTINUED ASSISTANCE WITH THE MAINTENANCE OF THE US DOT MOBILITY DATA BUSINESS PLAN,0,0,0,AWARD_LEVEL_SHADOW_WATCH_NOT_FROZEN_TRANSACTION_MODEL,RECON_LIVE_V4.7_MD14_MD11_STRICT_AWARD_RECIPIENT_MATCH
2026-08-20T15:14:39.323517+00:00,BAH,BOOZ ALLEN HAMILTON INC,HSHQPA05A00018,2026-08-20,"action_date,last_modified_date",,2005-01-05,,0.0,,BPA,Department of Homeland Security,Office of Procurement Operations,"SERVICE SUPPORT FOR DHS INFORMATION SECURITY DIRECTIVES, TRAINING AND TECHNICAL SUPPORT",0,0,0,AWARD_LEVEL_SHADOW_WATCH_NOT_FROZEN_TRANSACTION_MODEL,RECON_LIVE_V4.7_MD14_MD11_STRICT_AWARD_RECIPIENT_MATCH
2026-08-20T15:14:39.323517+00:00,BAH,BOOZ ALLEN HAMILTON INC,693JJ322A000002,2026-08-20,"action_date,last_modified_date",,2022-03-28,,0.0,,BPA,Department of Transportation,Federal Highway Administration,FIRM FIXED PRICE (FFP)/ TIME AND MATERIALS (T&M) BLANKET PURCHASE AGREEMENT IS ESTABLISHED BETWEEN THE FEDERAL HIGHWAY ADMINISTRATION (FHWA) AND BOOZ ALLEN HAMILTON.   THIS BPA WILL PROVIDE FUNDING FOR BOOZ ALLEN HAMILTON TO SUPPORT FHWA IN ACC,0,0,0,AWARD_LEVEL_SHADOW_WATCH_NOT_FROZEN_TRANSACTION_MODEL,RECON_LIVE_V4.7_MD14_MD11_STRICT_AWARD_RECIPIENT_MATCH
2026-08-20T15:14:39.323517+00:00,CACI,"CACI NSS, LLC",70FA3126F00000043,2026-08-20,"action_date,last_modified_date",,2026-07-01,2027-06-30,3163024.1,,BPA CALL,Department of Homeland Security,Federal Emergency Management Agency,ENTERPRISE SERVICE DESK AND END USER COMPUTING FOR EMPLOYEE INFORMATION TECHNOLOGY,0,0,0,AWARD_LEVEL_SHADOW_WATCH_NOT_FROZEN_TRANSACTION_MODEL,RECON_LIVE_V4.7_MD14_MD11_STRICT_AWARD_RECIPIENT_MATCH
2026-08-20T15:14:39.323517+00:00,CACI,"CACI NSS, LLC",15JA4823F00000010,2026-08-20,"action_date,last_modified_date",,2023-09-28,2027-09-27,307142.4,,DELIVERY ORDER,Department of Justice,"Offices, Boards and Divisions",LEGAL ASSISTANT CONTRACT SUPPORT,0,0,0,AWARD_LEVEL_SHADOW_WATCH_NOT_FROZEN_TRANSACTION_MODEL,RECON_LIVE_V4.7_MD14_MD11_STRICT_AWARD_RECIPIENT_MATCH
2026-08-20T15:14:39.323517+00:00,CACI,"CACI ENTERPRISE SOLUTIONS, LLC",SP470924F0062,2026-08-20,last_modified_date,,2024-06-29,2026-07-15,37755027.9,,DELIVERY ORDER,Department of Defense,Defense Logistics Agency,PROCUREMENT INTEGRATED ENTERPRISE ENVIRONMENT (PIEE) SUPPORT SERVICES,0,0,0,AWARD_LEVEL_SHADOW_WATCH_NOT_FROZEN_TRANSACTION_MODEL,RECON_LIVE_V4.7_MD14_MD11_STRICT_AWARD_RECIPIENT_MATCH
2026-08-20T15:14:39.323517+00:00,CACI,"CACI IDT, LLC",GS35F300DA,2026-08-20,"action_date,last_modified_date",,2016-05-02,,0.0,,FSS,General Services Administration,Federal Acquisition Service,FEDERAL SUPPLY SCHEDULE CONTRACT,1,1,0,AWARD_LEVEL_SHADOW_WATCH_NOT_FROZEN_TRANSACTION_MODEL,RECON_LIVE_V4.7_MD14_MD11_STRICT_AWARD_RECIPIENT_MATCH
2026-08-20T15:14:39.323517+00:00,CAT,CATERPILLAR INC,12444026P0155,2026-08-20,"action_date,last_modified_date",,2026-09-01,2027-05-29,219380.0,,PURCHASE ORDER,Department of Agriculture,Forest Service,"FIRE DOZER WITH 20"" TRACKS, INCREASED HORSEPOWER ENGINE AND A REAR RIPPER BASED ON SPECIFICATIONS PROVIDED.",0,0,0,AWARD_LEVEL_SHADOW_WATCH_NOT_FROZEN_TRANSACTION_MODEL,RECON_LIVE_V4.7_MD14_MD11_STRICT_AWARD_RECIPIENT_MATCH
2026-08-20T15:14:39.323517+00:00,DE,DEERE & COMPANY,140FS326F0156,2026-08-20,"action_date,last_modified_date",,2026-07-22,2027-07-22,72503.63,,DELIVERY ORDER,Department of the Interior,U.S. Fish and Wildlife Service,AR-FWS HOLLA BEND NWR-TRACTOR,0,0,0,AWARD_LEVEL_SHADOW_WATCH_NOT_FROZEN_TRANSACTION_MODEL,RECON_LIVE_V4.7_MD14_MD11_STRICT_AWARD_RECIPIENT_MATCH
2026-08-20T15:14:39.323517+00:00,GD,"GENERAL DYNAMICS INFORMATION TECHNOLOGY, INC.",47QFCA24F0009,2026-08-20,"action_date,last_modified_date",,2024-02-05,2027-02-04,323428246.0,,DELIVERY ORDER,General Services Administration,Federal Acquisition Service,THE PURPOSE OF THIS IS TO INCREMENTALLY FUND AND AWARD THE CITS TASK ORDER.,0,1,0,AWARD_LEVEL_SHADOW_WATCH_NOT_FROZEN_TRANSACTION_MODEL,RECON_LIVE_V4.7_MD14_MD11_STRICT_AWARD_RECIPIENT_MATCH
2026-08-20T15:14:39.323517+00:00,GD,"GENERAL DYNAMICS INFORMATION TECHNOLOGY, INC.",47QFCA24F0007,2026-08-20,"action_date,last_modified_date",,2023-12-18,2027-06-17,212505229.0,,DELIVERY ORDER,General Services Administration,Federal Acquisition Service,TECHNICAL SUPPORT SERVICES TSS,0,1,0,AWARD_LEVEL_SHADOW_WATCH_NOT_FROZEN_TRANSACTION_MODEL,RECON_LIVE_V4.7_MD14_MD11_STRICT_AWARD_RECIPIENT_MATCH
2026-08-20T15:14:39.323517+00:00,GD,"GENERAL DYNAMICS INFORMATION TECHNOLOGY, INC.",75P00123F37001,2026-08-20,"action_date,last_modified_date",,2023-02-01,2026-12-31,15000486.6,,BPA CALL,Department of Health and Human Services,Office of the Assistant Secretary for Administration,NGITS FEDRESPONSE CUSTOMER CONTACT CENTER,0,0,0,AWARD_LEVEL_SHADOW_WATCH_NOT_FROZEN_TRANSACTION_MODEL,RECON_LIVE_V4.7_MD14_MD11_STRICT_AWARD_RECIPIENT_MATCH
2026-08-20T15:14:39.323517+00:00,GD,"GENERAL DYNAMICS INFORMATION TECHNOLOGY, INC.",1333BJ23C00280007,2026-08-20,"action_date,last_modified_date",,2023-04-14,2027-01-13,4777938.96,,DEFINITIVE CONTRACT,Department of Commerce,U.S. Patent and Trademark Office,ENTERPRISE INFRASTRUCTURE PRODUCT LINE RAPID PHASED PRODUCTION - EUS,0,0,0,AWARD_LEVEL_SHADOW_WATCH_NOT_FROZEN_TRANSACTION_MODEL,RECON_LIVE_V4.7_MD14_MD11_STRICT_AWARD_RECIPIENT_MATCH
2026-08-20T15:14:39.323517+00:00,GD,"GENERAL DYNAMICS INFORMATION TECHNOLOGY, INC.",15PTDD23F00000006,2026-08-20,"action_date,last_modified_date",,2023-04-01,2024-03-31,3014349.27,,BPA CALL,Department of Justice,Office of Justice Programs,IDENTITY AND ACCESS MANAGEMENT TASK 6 BPA ORDER,0,0,0,AWARD_LEVEL_SHADOW_WATCH_NOT_FROZEN_TRANSACTION_MODEL,RECON_LIVE_V4.7_MD14_MD11_STRICT_AWARD_RECIPIENT_MATCH
2026-08-20T15:14:39.323517+00:00,GD,"GENERAL DYNAMICS INFORMATION TECHNOLOGY, INC.",692M1521F00198,2026-08-20,"action_date,last_modified_date",,2021-07-01,2026-08-31,2418099.95,,DELIVERY ORDER,Department of Transportation,Federal Aviation Administration,FCS TAG 0165 - AIS300 SPLUNK,0,0,0,AWARD_LEVEL_SHADOW_WATCH_NOT_FROZEN_TRANSACTION_MODEL,RECON_LIVE_V4.7_MD14_MD11_STRICT_AWARD_RECIPIENT_MATCH
2026-08-20T15:14:39.323517+00:00,GD,"GENERAL DYNAMICS INFORMATION TECHNOLOGY, INC.",692M1525F00095,2026-08-20,"action_date,last_modified_date",,2025-06-10,2026-12-31,206629.5,,DELIVERY ORDER,Department of Transportation,Federal Aviation Administration,AUTONOMOUSLY DEPLOYED SUAS FOR ON-AIRPORT APPLICATIONS,0,0,0,AWARD_LEVEL_SHADOW_WATCH_NOT_FROZEN_TRANSACTION_MODEL,RECON_LIVE_V4.7_MD14_MD11_STRICT_AWARD_RECIPIENT_MATCH
2026-08-20T15:14:39.323517+00:00,GD,"GENERAL DYNAMICS MISSION SYSTEMS, INC.",70Z04426FCMPL0014,2026-08-20,"action_date,last_modified_date",,2026-08-01,2027-03-31,152700.0,,DELIVERY ORDER,Department of Homeland Security,U.S. Coast Guard,R21-C ENGINEERING SERVICES TASK ORDER#2 BASE PERIOD AWARD.,0,0,0,AWARD_LEVEL_SHADOW_WATCH_NOT_FROZEN_TRANSACTION_MODEL,RECON_LIVE_V4.7_MD14_MD11_STRICT_AWARD_RECIPIENT_MATCH
2026-08-20T15:14:39.323517+00:00,GD,"GENERAL DYNAMICS INFORMATION TECHNOLOGY, INC.",HC102824F0329,2026-08-20,last_modified_date,,2024-03-07,2025-03-11,206385.88,,BPA CALL,Department of Defense,Defense Information Systems Agency,ENTERPRISE TRANSPORT MANAGEMENT - NEXT GENERATION,0,0,0,AWARD_LEVEL_SHADOW_WATCH_NOT_FROZEN_TRANSACTION_MODEL,RECON_LIVE_V4.7_MD14_MD11_STRICT_AWARD_RECIPIENT_MATCH
2026-08-20T15:14:39.323517+00:00,GD,"GENERAL DYNAMICS INFORMATION TECHNOLOGY, INC.",692M1521D00009,2026-08-20,"action_date,last_modified_date",,2021-09-24,,0.0,,INDEFINITE DELIVERY / INDEFINITE QUANTITY,Department of Transportation,Federal Aviation Administration,"OPERATION AND MAINTENANCE OF THE NATIONAL AIRPORT PAVEMENT TEST FACILITY, NATIONAL AIRPORT PAVEMENT AND MATERIALS RESEARCH CENTER, AND THE REFLECTIVE CRACKING PROGRAMS.",1,1,0,AWARD_LEVEL_SHADOW_WATCH_NOT_FROZEN_TRANSACTION_MODEL,RECON_LIVE_V4.7_MD14_MD11_STRICT_AWARD_RECIPIENT_MATCH
2026-08-20T15:14:39.323517+00:00,GE,GENERAL ELECTRIC COMPANY,NNC14CA39C,2026-08-20,last_modified_date,,2015-06-02,,2587596.04,,INDEFINITE DELIVERY / DEFINITE QUANTITY,National Aeronautics and Space Administration,National Aeronautics and Space Administration,IGF::OT::IGF ADVANCE CASING TREATMENTS FOR SMALL AXIAL COMPRESSOR REAR STAGES,1,1,0,AWARD_LEVEL_SHADOW_WATCH_NOT_FROZEN_TRANSACTION_MODEL,RECON_LIVE_V4.7_MD14_MD11_STRICT_AWARD_RECIPIENT_MATCH
2026-08-20T15:14:39.323517+00:00,HON,HONEYWELL INTERNATIONAL INC,697DCK19F00084,2026-08-20,"action_date,last_modified_date",,2019-07-26,2034-11-28,224406282.9,,DELIVERY ORDER,Department of Transportation,Federal Aviation Administration,ARCHITECTURE AND ENGINEERING SERVICES TO THE ENROUTE FACILITIES MODERNIZATION PROGRAM.,0,1,0,AWARD_LEVEL_SHADOW_WATCH_NOT_FROZEN_TRANSACTION_MODEL,RECON_LIVE_V4.7_MD14_MD11_STRICT_AWARD_RECIPIENT_MATCH
2026-08-20T15:14:39.323517+00:00,HON,HONEYWELL INTERNATIONAL INC.,47PM0525F0042,2026-08-20,"action_date,last_modified_date",,2025-01-17,2047-06-30,15727111.7,,DELIVERY ORDER,General Services Administration,Public Buildings Service,INSTALLATION OF THE BATTERY ENERGY STORAGE SYSTEM (BESS),0,0,0,AWARD_LEVEL_SHADOW_WATCH_NOT_FROZEN_TRANSACTION_MODEL,RECON_LIVE_V4.7_MD14_MD11_STRICT_AWARD_RECIPIENT_MATCH
2026-08-20T15:14:39.323517+00:00,HON,HONEYWELL INTERNATIONAL INC.,70Z03826PZ0000098,2026-08-20,"action_date,last_modified_date",,2026-08-18,2028-12-30,167480.0,,PURCHASE ORDER,Department of Homeland Security,U.S. Coast Guard,REPAIR OF THE EGI 764+429+JAIC THAT WILL BE USED ON UNITED STATES COAST GUARD MH-60T HELICOPTERS.,0,0,0,AWARD_LEVEL_SHADOW_WATCH_NOT_FROZEN_TRANSACTION_MODEL,RECON_LIVE_V4.7_MD14_MD11_STRICT_AWARD_RECIPIENT_MATCH
2026-08-20T15:14:39.323517+00:00,HON,HONEYWELL INTERNATIONAL INC.,SPRTA123F0014,2026-08-20,last_modified_date,,2022-11-08,2024-10-01,299250.0,,DELIVERY ORDER,Department of Defense,Defense Logistics Agency,AIRCRAFT SCROLL HOUSING,0,0,0,AWARD_LEVEL_SHADOW_WATCH_NOT_FROZEN_TRANSACTION_MODEL,RECON_LIVE_V4.7_MD14_MD11_STRICT_AWARD_RECIPIENT_MATCH
2026-08-20T15:14:39.323517+00:00,HON,HONEYWELL INTERNATIONAL INC.,N0038323F0XP0,2026-08-20,last_modified_date,,2023-03-16,2024-12-17,38390.0,,DELIVERY ORDER,Department of Defense,Department of the Navy,REPAIR OF NIIN 016578001,0,0,0,AWARD_LEVEL_SHADOW_WATCH_NOT_FROZEN_TRANSACTION_MODEL,RECON_LIVE_V4.7_MD14_MD11_STRICT_AWARD_RECIPIENT_MATCH
2026-08-20T15:14:39.323517+00:00,IBM,INTERNATIONAL BUSINESS MACHINES CORPORATION,47QMCB25C0001,2026-08-20,"action_date,last_modified_date",,2024-11-26,2027-11-25,117337406.51,,DEFINITIVE CONTRACT,General Services Administration,Federal Acquisition Service,"E-GOV TRAVEL SERVICE, NEXT GENERATION (ETSNEXT) TRAVEL AND EXPENSE (T&E) TECHNOLOGY MANAGED SERVICE",0,1,0,AWARD_LEVEL_SHADOW_WATCH_NOT_FROZEN_TRANSACTION_MODEL,RECON_LIVE_V4.7_MD14_MD11_STRICT_AWARD_RECIPIENT_MATCH
2026-08-20T15:14:39.323517+00:00,IBM,INTERNATIONAL BUSINESS MACHINES CORPORATION,GSQ0017AJ0007,2026-08-20,"action_date,last_modified_date",,2016-11-18,2026-11-17,116416851.37,,DELIVERY ORDER,General Services Administration,Federal Acquisition Service,IGF::OT::IGF - AWARD OF TASK ORDER TO SUPPORT GSA OFFICE OF HUMAN RESOURCE MANAGEMENT.,0,1,0,AWARD_LEVEL_SHADOW_WATCH_NOT_FROZEN_TRANSACTION_MODEL,RECON_LIVE_V4.7_MD14_MD11_STRICT_AWARD_RECIPIENT_MATCH
2026-08-20T15:14:39.323517+00:00,IBM,INTERNATIONAL BUSINESS MACHINES CORPORATION,47QFEA25F0004,2026-08-20,"action_date,last_modified_date",,2025-03-27,2026-09-26,44461848.41,,DELIVERY ORDER,General Services Administration,Federal Acquisition Service,OCIO FAS IT SYSTEM OM HALLEYS FOLLOWON,0,0,0,AWARD_LEVEL_SHADOW_WATCH_NOT_FROZEN_TRANSACTION_MODEL,RECON_LIVE_V4.7_MD14_MD11_STRICT_AWARD_RECIPIENT_MATCH
2026-08-20T15:14:39.323517+00:00,IBM,INTERNATIONAL BUSINESS MACHINES CORPORATION,7200AA24M00002,2026-08-20,last_modified_date,,2023-12-29,2025-08-01,29750000.0,,DELIVERY ORDER,Agency for International Development,Agency for International Development,"THE NEW CYBER SECURITY ACTIVITY WILL SUPPORT HOST GOVERNMENT AND OPERATORS TO DEVELOP AND IMPLEMENT POLICIES, PROCEDURES, AND HARDWARE/SOFTWARE SOLUTIONS, AS WELL AS WORKFORCE DEVELOPMENT, AIMED AT IMPROVING PREVENTION, PROTECTION, PREPAREDNESS, RESP",0,0,0,AWARD_LEVEL_SHADOW_WATCH_NOT_FROZEN_TRANSACTION_MODEL,RECON_LIVE_V4.7_MD14_MD11_STRICT_AWARD_RECIPIENT_MATCH
2026-08-20T15:14:39.323517+00:00,IBM,INTERNATIONAL BUSINESS MACHINES CORPORATION,80TECH26D2079,2026-08-20,last_modified_date,,2026-11-01,,0.0,,GWAC,National Aeronautics and Space Administration,National Aeronautics and Space Administration,NASA ITPO SEWP VI GWAC SOLICITATION. THE PRINCIPAL PURPOSE OF THIS REQUIREMENT IS TO PROVIDE THE FEDERAL GOVERNMENT WITH AN ALL-ENCOMPASSING ONE-STOP ACQUISITION VEHICLE FOR INFORMATION TECHNOLOGY PRODUCT AND SERVICE SOLUTIONS.,1,1,0,AWARD_LEVEL_SHADOW_WATCH_NOT_FROZEN_TRANSACTION_MODEL,RECON_LIVE_V4.7_MD14_MD11_STRICT_AWARD_RECIPIENT_MATCH
2026-08-20T15:14:39.323517+00:00,LDOS,"LEIDOS, INC.",28321322FDS030130,2026-08-20,"action_date,last_modified_date",,2022-06-30,2026-12-31,1063049268.31,,DELIVERY ORDER,Social Security Administration,Social Security Administration,ITSSC TASK ORDER FOR SYSTEMS,0,1,0,AWARD_LEVEL_SHADOW_WATCH_NOT_FROZEN_TRANSACTION_MODEL,RECON_LIVE_V4.7_MD14_MD11_STRICT_AWARD_RECIPIENT_MATCH
2026-08-20T15:14:39.323517+00:00,LDOS,LEIDOS BIOMEDICAL RESEARCH INC,75N91025F00016,2026-08-20,"action_date,last_modified_date",,2025-08-31,2026-08-30,371787375.31,,DELIVERY ORDER,Department of Health and Human Services,National Institutes of Health,"NCI OPERATIONAL TASK ORDER, FY26-FY27",0,1,0,AWARD_LEVEL_SHADOW_WATCH_NOT_FROZEN_TRANSACTION_MODEL,RECON_LIVE_V4.7_MD14_MD11_STRICT_AWARD_RECIPIENT_MATCH
2026-08-20T15:14:39.323517+00:00,LDOS,"LEIDOS, INC.",80JSC024CA005,2026-08-20,"action_date,last_modified_date",,2024-10-01,2026-09-30,93708564.15,,DEFINITIVE CONTRACT,National Aeronautics and Space Administration,National Aeronautics and Space Administration,CARGO MISSION CONTRACT 4 (CMC4),0,1,0,AWARD_LEVEL_SHADOW_WATCH_NOT_FROZEN_TRANSACTION_MODEL,RECON_LIVE_V4.7_MD14_MD11_STRICT_AWARD_RECIPIENT_MATCH
2026-08-20T15:14:39.323517+00:00,LDOS,"LEIDOS, INC.",31310023F0028,2026-08-20,"action_date,last_modified_date",,2023-04-09,2027-04-08,21126363.17,,BPA CALL,Nuclear Regulatory Commission,Nuclear Regulatory Commission,GLINDA BPA CALL FOR END USER COMPUTING (EUC) SERVICES,0,0,0,AWARD_LEVEL_SHADOW_WATCH_NOT_FROZEN_TRANSACTION_MODEL,RECON_LIVE_V4.7_MD14_MD11_STRICT_AWARD_RECIPIENT_MATCH
2026-08-20T15:14:39.323517+00:00,LDOS,"LEIDOS, INC.",70Z05326FENVI0016,2026-08-20,"action_date,last_modified_date",,2026-08-18,2027-08-31,359095.13,,DELIVERY ORDER,Department of Homeland Security,U.S. Coast Guard,"FY26 ENVIRONMENTAL COMPLIANCE EVALUATION (ECE) PROGRAM AT USCG SELECTED SITES IN NEW JERSEY, CALIFORNIA, CONNECTICUT, VIRGINIA, PUERTO RICO AND ALASKA.",0,0,0,AWARD_LEVEL_SHADOW_WATCH_NOT_FROZEN_TRANSACTION_MODEL,RECON_LIVE_V4.7_MD14_MD11_STRICT_AWARD_RECIPIENT_MATCH
2026-08-20T15:14:39.323517+00:00,LDOS,"LEIDOS, INC.",693KA720C00002,2026-08-20,last_modified_date,,2019-11-26,2034-11-30,666810964.33,,DEFINITIVE CONTRACT,Department of Transportation,Federal Aviation Administration,FUTURE FLIGHT SERVICES PROGRAM,0,1,0,AWARD_LEVEL_SHADOW_WATCH_NOT_FROZEN_TRANSACTION_MODEL,RECON_LIVE_V4.7_MD14_MD11_STRICT_AWARD_RECIPIENT_MATCH
2026-08-20T15:14:39.323517+00:00,LDOS,"LEIDOS MANAGEMENT SYSTEMS DESIGNERS, INC.",EPG11D00081,2026-08-20,last_modified_date,,2011-04-20,2017-03-31,25334914.06,,DELIVERY ORDER,Environmental Protection Agency,Environmental Protection Agency,FUNDING FOR NEWLY AWARDED HIGHEND SUPERCOMPUTING TASK ORDER FUNDING SHOULD BE 50% CSC00023 AND 50% CTS00057,0,0,0,AWARD_LEVEL_SHADOW_WATCH_NOT_FROZEN_TRANSACTION_MODEL,RECON_LIVE_V4.7_MD14_MD11_STRICT_AWARD_RECIPIENT_MATCH
2026-08-20T15:14:39.323517+00:00,LDOS,"LEIDOS, INC.",693JJ322F00355N,2026-08-20,last_modified_date,,2022-09-26,2024-09-25,1794626.57,,BPA CALL,Department of Transportation,Federal Highway Administration,THE PURPOSE OF THIS ORDER IS TO PROVIDE SUPPORT FOR THE INTELLIGENT TRANSPORTATION SYSTEMS JOINT PROGRAM OFFICE (ITS JPO) DATA ACCESS AND EXCHANGES PROGRAM.,0,0,0,AWARD_LEVEL_SHADOW_WATCH_NOT_FROZEN_TRANSACTION_MODEL,RECON_LIVE_V4.7_MD14_MD11_STRICT_AWARD_RECIPIENT_MATCH
2026-08-20T15:14:39.323517+00:00,LDOS,"LEIDOS, INC.",693JJ323F00123N,2026-08-20,last_modified_date,,2023-06-01,2025-05-31,1294176.34,,BPA CALL,Department of Transportation,Federal Highway Administration,DEVELOPMENT AND IMPLEMENTATION OF DATA STRATEGIES,0,0,0,AWARD_LEVEL_SHADOW_WATCH_NOT_FROZEN_TRANSACTION_MODEL,RECON_LIVE_V4.7_MD14_MD11_STRICT_AWARD_RECIPIENT_MATCH
2026-08-20T15:14:39.323517+00:00,LDOS,"LEIDOS, INC.",693JJ322F00362N,2026-08-20,last_modified_date,,2022-09-26,2025-09-25,1149999.83,,BPA CALL,Department of Transportation,Federal Highway Administration,INTEGRATED MODELING FOR ROAD CONDITION PREDICTION (IMRCP) - PHASE 5,0,0,0,AWARD_LEVEL_SHADOW_WATCH_NOT_FROZEN_TRANSACTION_MODEL,RECON_LIVE_V4.7_MD14_MD11_STRICT_AWARD_RECIPIENT_MATCH
2026-08-20T15:14:39.323517+00:00,LDOS,"LEIDOS, INC.",693JJ322F00287N,2026-08-20,last_modified_date,,2022-09-26,2025-03-25,1139135.0,,BPA CALL,Department of Transportation,Federal Highway Administration,DEVELOPMENT OF PORT COMMUNITY INFORMATION SHARING (PCIS) PROOF OF CONCEPT (POC) SYSTEM,0,0,0,AWARD_LEVEL_SHADOW_WATCH_NOT_FROZEN_TRANSACTION_MODEL,RECON_LIVE_V4.7_MD14_MD11_STRICT_AWARD_RECIPIENT_MATCH
2026-08-20T15:14:39.323517+00:00,LDOS,"LEIDOS, INC.",693JJ324F00431N,2026-08-20,last_modified_date,,2024-09-23,2027-09-22,848563.19,,BPA CALL,Department of Transportation,Federal Highway Administration,THIS BPA CALL IS FOR A NATIONAL ROADWAY ELECTRONIC NAVIGATION CHART (RENC) TO ENABLE AUTOMATION KEY ISSUES AND OPPORTUNITIES.,0,0,0,AWARD_LEVEL_SHADOW_WATCH_NOT_FROZEN_TRANSACTION_MODEL,RECON_LIVE_V4.7_MD14_MD11_STRICT_AWARD_RECIPIENT_MATCH
2026-08-20T15:14:39.323517+00:00,LDOS,"LEIDOS, INC.",693JJ322F00475N,2026-08-20,last_modified_date,,2022-09-29,2026-09-28,569175.36,,BPA CALL,Department of Transportation,Federal Highway Administration,MANAGING DISRUPTIONS FOR OPERATIONS DATA ENVIRONMENT NEEDS AND OPPORTUNITIES,0,0,0,AWARD_LEVEL_SHADOW_WATCH_NOT_FROZEN_TRANSACTION_MODEL,RECON_LIVE_V4.7_MD14_MD11_STRICT_AWARD_RECIPIENT_MATCH
2026-08-20T15:14:39.323517+00:00,LDOS,"LEIDOS, INC.",693JJ322F00472N,2026-08-20,last_modified_date,,2022-09-29,2025-02-28,499985.37,,BPA CALL,Department of Transportation,Federal Highway Administration,FHWA BPA CALL FOR AUTOMATED DRIVING SYSTEMS AND TRAFFIC REGULATIONS VOLUNTARY SPECIFICATIONS DEVELOPMENT PLAYBOOK,0,0,0,AWARD_LEVEL_SHADOW_WATCH_NOT_FROZEN_TRANSACTION_MODEL,RECON_LIVE_V4.7_MD14_MD11_STRICT_AWARD_RECIPIENT_MATCH
2026-08-20T15:14:39.323517+00:00,LDOS,"LEIDOS, INC.",693JJ323F00212N,2026-08-20,last_modified_date,,2023-09-01,2026-08-28,499868.7,,BPA CALL,Department of Transportation,Federal Highway Administration,"ROAD FEATURES FOR AUTOMATED DRIVING SYSTEMS READINESS FRAMEWORK, INVENTORY, AND CONDITION ASSESSMENT DEVELOPMENT ORDER",0,0,0,AWARD_LEVEL_SHADOW_WATCH_NOT_FROZEN_TRANSACTION_MODEL,RECON_LIVE_V4.7_MD14_MD11_STRICT_AWARD_RECIPIENT_MATCH
2026-08-20T15:14:39.323517+00:00,LDOS,"LEIDOS, INC.",693JJ324F00428N,2026-08-20,last_modified_date,,2024-10-14,2026-07-13,499780.17,,BPA CALL,Department of Transportation,Federal Highway Administration,DEVELOP TRAINING ON THE INTELLIGENT TRANSPORTATION SYSTEMS (ITS) CYBERSECURITY FRAMEWORK PROFILE AND THREE CONTROL SETS,0,0,0,AWARD_LEVEL_SHADOW_WATCH_NOT_FROZEN_TRANSACTION_MODEL,RECON_LIVE_V4.7_MD14_MD11_STRICT_AWARD_RECIPIENT_MATCH
2026-08-20T15:14:39.323517+00:00,LDOS,"LEIDOS, INC.",693JJ324F00270N,2026-08-20,last_modified_date,,2024-11-04,2027-07-03,477949.45,,BPA CALL,Department of Transportation,Federal Highway Administration,"""EMERGING DATA AND APPLICATIONS FOR WORK ZONE SAFETY - PHASE 2""",0,0,0,AWARD_LEVEL_SHADOW_WATCH_NOT_FROZEN_TRANSACTION_MODEL,RECON_LIVE_V4.7_MD14_MD11_STRICT_AWARD_RECIPIENT_MATCH
2026-08-20T15:14:39.323517+00:00,LDOS,"LEIDOS, INC.",693JJ322F00436N,2026-08-20,last_modified_date,,2022-09-29,2025-09-28,440739.24,,BPA CALL,Department of Transportation,Federal Highway Administration,EMERGING DATA AND APPLICATIONS FOR WORK ZONE SAFETY,0,0,0,AWARD_LEVEL_SHADOW_WATCH_NOT_FROZEN_TRANSACTION_MODEL,RECON_LIVE_V4.7_MD14_MD11_STRICT_AWARD_RECIPIENT_MATCH
2026-08-20T15:14:39.323517+00:00,LDOS,"LEIDOS, INC.",693JJ323F00345N,2026-08-20,last_modified_date,,2023-09-27,2026-12-26,404037.75,,BPA CALL,Department of Transportation,Federal Highway Administration,"BLANKET PURCHASE AGREEMENT (BPA) ORDER TO PROVIDE COMPLETE TRIP DATA ANALYSIS, ACQUISITION AND MULTIMODAL MEASURE TESTING. THE OBJECTIVE OF THIS TASK IS TO ACQUIRE SAMPLE COMPLETE TRIP DATA SETS; ANALYZE THE DATA SET AND ACQUIRE ONE FOR TESTING; TEST",0,0,0,AWARD_LEVEL_SHADOW_WATCH_NOT_FROZEN_TRANSACTION_MODEL,RECON_LIVE_V4.7_MD14_MD11_STRICT_AWARD_RECIPIENT_MATCH
2026-08-20T15:14:39.323517+00:00,LDOS,"LEIDOS, INC.",693JJ322F00456N,2026-08-20,last_modified_date,,2022-10-03,2024-10-02,398096.91,,BPA CALL,Department of Transportation,Federal Highway Administration,NEW ORDER FOR ARTIFICIAL INTELLIGENCE (AI)-ENABLED INTELLIGENT TRANSPORTATION SYSTEMS (ITS) CAPABILITY MATURITY MODEL (CMM) AND READINESS CHECKLISTS,0,0,0,AWARD_LEVEL_SHADOW_WATCH_NOT_FROZEN_TRANSACTION_MODEL,RECON_LIVE_V4.7_MD14_MD11_STRICT_AWARD_RECIPIENT_MATCH
2026-08-20T15:14:39.323517+00:00,LDOS,"LEIDOS, INC.",693JJ325F00192N,2026-08-20,last_modified_date,,2025-11-03,2027-11-02,378100.59,,BPA CALL,Department of Transportation,Federal Highway Administration,"ACTIVE TRANSPORTATION AND DEMAND MANAGEMENT (ATDM) AND QUEUE WARNING DEPLOYMENTS, BENEFITS, LESSONS LEARNED, AND PROVEN PRACTICES",0,0,0,AWARD_LEVEL_SHADOW_WATCH_NOT_FROZEN_TRANSACTION_MODEL,RECON_LIVE_V4.7_MD14_MD11_STRICT_AWARD_RECIPIENT_MATCH
2026-08-20T15:14:39.323517+00:00,LDOS,"LEIDOS, INC.",693JJ323F00292N,2026-08-20,last_modified_date,,2023-09-08,2026-09-07,358120.54,,BPA CALL,Department of Transportation,Federal Highway Administration,PREPARATION OF A FREIGHT AND LAND USE HANDBOOK.,0,0,0,AWARD_LEVEL_SHADOW_WATCH_NOT_FROZEN_TRANSACTION_MODEL,RECON_LIVE_V4.7_MD14_MD11_STRICT_AWARD_RECIPIENT_MATCH
2026-08-20T15:14:39.323517+00:00,LDOS,"LEIDOS, INC.",693JJ323F00388N,2026-08-20,last_modified_date,,2023-09-22,2025-11-22,353943.89,,BPA CALL,Department of Transportation,Federal Highway Administration,TRAFFIC ANALYSIS TOOLBOX UPDATES,0,0,0,AWARD_LEVEL_SHADOW_WATCH_NOT_FROZEN_TRANSACTION_MODEL,RECON_LIVE_V4.7_MD14_MD11_STRICT_AWARD_RECIPIENT_MATCH
2026-08-20T15:14:39.323517+00:00,LDOS,"LEIDOS, INC.",693JJ322F00207N,2026-08-20,last_modified_date,,2022-07-29,2026-01-28,322743.73,,BPA CALL,Department of Transportation,Federal Highway Administration,THIS IS A BPA CALL ORDER TO PROVIDE THE FHWA OFFICE OF FREIGHT MANAGEMENT AND OPERATIONS WITH TECHNICAL SUPPORT IN IMPLEMENTING THE RECOMMENDATIONS OF THE EMERGENCY ROUTE WORKING GROUP (ERWG).,0,0,0,AWARD_LEVEL_SHADOW_WATCH_NOT_FROZEN_TRANSACTION_MODEL,RECON_LIVE_V4.7_MD14_MD11_STRICT_AWARD_RECIPIENT_MATCH
2026-08-20T15:14:39.323517+00:00,LDOS,"LEIDOS, INC.",693JJ324F00392N,2026-08-20,last_modified_date,,2024-09-19,2026-12-18,308760.79,,BPA CALL,Department of Transportation,Federal Highway Administration,"NEW ORDER UNDER THE OPS V BPA, TOOLS TO IMPROVE OPERATIONS PROJECT PLANNING AND PROJECT DEVELOPMENT. TO DEVELOP A RESOURCE PACKET ILLUSTRATING OPERATIONS PROJECT PLANNING AND DEVELOPMENT.",0,0,0,AWARD_LEVEL_SHADOW_WATCH_NOT_FROZEN_TRANSACTION_MODEL,RECON_LIVE_V4.7_MD14_MD11_STRICT_AWARD_RECIPIENT_MATCH
2026-08-20T15:14:39.323517+00:00,LDOS,"LEIDOS, INC.",693JJ324F00335N,2026-08-20,last_modified_date,,2024-09-09,2027-03-09,302985.04,,BPA CALL,Department of Transportation,Federal Highway Administration,ROAD WEATHER MANAGEMENT DATA SUPPORT.,0,0,0,AWARD_LEVEL_SHADOW_WATCH_NOT_FROZEN_TRANSACTION_MODEL,RECON_LIVE_V4.7_MD14_MD11_STRICT_AWARD_RECIPIENT_MATCH
2026-08-20T15:14:39.323517+00:00,LDOS,"LEIDOS, INC.",693JJ322F00111N,2026-08-20,last_modified_date,,2022-08-09,2025-08-01,290510.03,,BPA CALL,Department of Transportation,Federal Highway Administration,THIS IS A NEW FIRM FIXED PRICE BPA CALL ORDER WITH A 24 MONTH PERIOD OF PERFORMANCE ISSUED TO UPDATE/DEVELOP PRIMER ON THE ROLE OF OPERATIONS IN COMPLETE STREETS,0,0,0,AWARD_LEVEL_SHADOW_WATCH_NOT_FROZEN_TRANSACTION_MODEL,RECON_LIVE_V4.7_MD14_MD11_STRICT_AWARD_RECIPIENT_MATCH
2026-08-20T15:14:39.323517+00:00,LDOS,"LEIDOS, INC.",693JJ323F00392N,2026-08-20,last_modified_date,,2023-09-25,2025-11-24,276065.74,,BPA CALL,Department of Transportation,Federal Highway Administration,SHORT-TERM PREDICTION FOR PROACTIVE TRANSPORTATION MANAGEMENT,0,0,0,AWARD_LEVEL_SHADOW_WATCH_NOT_FROZEN_TRANSACTION_MODEL,RECON_LIVE_V4.7_MD14_MD11_STRICT_AWARD_RECIPIENT_MATCH
2026-08-20T15:14:39.323517+00:00,LDOS,"LEIDOS, INC.",693JJ322F00126N,2026-08-20,last_modified_date,,2022-08-09,2025-05-09,256324.83,,BPA CALL,Department of Transportation,Federal Highway Administration,THE PURPOSE OF THIS TASK ORDER IS TO SUPPORT THE TRAFFIC ANALYSIS TOOLS VOLUME 3 UPDATE PROOF OF CONCEPT CASE STUDIES EFFORT.,0,0,0,AWARD_LEVEL_SHADOW_WATCH_NOT_FROZEN_TRANSACTION_MODEL,RECON_LIVE_V4.7_MD14_MD11_STRICT_AWARD_RECIPIENT_MATCH
2026-08-20T15:14:39.323517+00:00,LDOS,"LEIDOS, INC.",693JJ325F00195N,2026-08-20,last_modified_date,,2025-10-06,2027-09-17,249782.96,,BPA CALL,Department of Transportation,Federal Highway Administration,"THIS IS A NEW BPA CALL ORDER TITLED ""PART-TIME SHOULDER USE TECHNICAL REFERENCE"".",0,0,0,AWARD_LEVEL_SHADOW_WATCH_NOT_FROZEN_TRANSACTION_MODEL,RECON_LIVE_V4.7_MD14_MD11_STRICT_AWARD_RECIPIENT_MATCH
2026-08-20T15:14:39.323517+00:00,LDOS,"LEIDOS, INC.",693JJ322F00090N,2026-08-20,last_modified_date,,2022-04-22,2025-04-21,246891.0,,BPA CALL,Department of Transportation,Federal Highway Administration,A NEW TASK ORDER FOR MAINTENANCE AND OPERATIONS OF THE WEATHER DATA ENVIRONMENT.,0,0,0,AWARD_LEVEL_SHADOW_WATCH_NOT_FROZEN_TRANSACTION_MODEL,RECON_LIVE_V4.7_MD14_MD11_STRICT_AWARD_RECIPIENT_MATCH
2026-08-20T15:14:39.323517+00:00,LDOS,"LEIDOS, INC.",693JJ322F00315N,2026-08-20,last_modified_date,,2022-09-20,2024-09-19,223234.79,,BPA CALL,Department of Transportation,Federal Highway Administration,ADAPTIVE ROUTE OPTIMIZATION: FEASIBILITY AND READINESS RESEARCH WITH PRACTITIONER ENGAGEMENT.,0,0,0,AWARD_LEVEL_SHADOW_WATCH_NOT_FROZEN_TRANSACTION_MODEL,RECON_LIVE_V4.7_MD14_MD11_STRICT_AWARD_RECIPIENT_MATCH
2026-08-20T15:14:39.323517+00:00,LDOS,"LEIDOS, INC.",693JJ322F00467N,2026-08-20,last_modified_date,,2022-09-29,2025-12-29,197599.23,,BPA CALL,Department of Transportation,Federal Highway Administration,THE TRAVEL TIME RELIABILITY PRODUCTS ARE AIMED AT ASSISTING STATE AND LOCAL TRANSPORTATION AGENCIES AND PRACTITIONERS IN HOW TO INCORPORATE EFFECTIVE TRAVEL TIME RELIABILITY ANALYSIS INTO THEIR ROADWAY MANAGEMENT AND OPERATIONS PRACTICES.,0,0,0,AWARD_LEVEL_SHADOW_WATCH_NOT_FROZEN_TRANSACTION_MODEL,RECON_LIVE_V4.7_MD14_MD11_STRICT_AWARD_RECIPIENT_MATCH
2026-08-20T15:14:39.323517+00:00,LDOS,"LEIDOS, INC.",693JJ322F00185N,2026-08-20,last_modified_date,,2022-07-22,2024-06-21,197560.9,,BPA CALL,Department of Transportation,Federal Highway Administration,"THE CONTRACTOR SHALL PROVIDE SYNTHESIS REVIEW OF PLANNING, DESIGN, AND OPERATIONAL CHALLENGES IN PROJECT DEVELOPMENT FOR PART-TIME SHOULDER LANE (PTSU) APPLICATIONS.",0,0,0,AWARD_LEVEL_SHADOW_WATCH_NOT_FROZEN_TRANSACTION_MODEL,RECON_LIVE_V4.7_MD14_MD11_STRICT_AWARD_RECIPIENT_MATCH
2026-08-20T15:14:39.323517+00:00,LDOS,"LEIDOS, INC.",693JJ324F00418N,2026-08-20,last_modified_date,,2024-10-01,2027-03-27,190405.49,,BPA CALL,Department of Transportation,Federal Highway Administration,MULTIMODAL INTEGRATION FOR TSMO,0,0,0,AWARD_LEVEL_SHADOW_WATCH_NOT_FROZEN_TRANSACTION_MODEL,RECON_LIVE_V4.7_MD14_MD11_STRICT_AWARD_RECIPIENT_MATCH
2026-08-20T15:14:39.323517+00:00,LDOS,"LEIDOS, INC.",693KA921D00008,2026-08-20,"action_date,last_modified_date",,2020-12-08,,1731433186.87,,INDEFINITE DELIVERY / INDEFINITE QUANTITY,Department of Transportation,Federal Aviation Administration,CONTRACT TO PROVIDE ENGINEERING AND TECHNICAL SUPPORT SERVICES AS REQUIRED TO VARIOUS FAA ORGANIZATIONS.,1,1,0,AWARD_LEVEL_SHADOW_WATCH_NOT_FROZEN_TRANSACTION_MODEL,RECON_LIVE_V4.7_MD14_MD11_STRICT_AWARD_RECIPIENT_MATCH
2026-08-20T15:14:39.323517+00:00,LDOS,"LEIDOS, INC.",693JJ322A000005,2026-08-20,"action_date,last_modified_date",,2022-03-28,,0.0,,BPA,Department of Transportation,Federal Highway Administration,"FIRM FIXED PRICE (FFP)/ TIME AND MATERIALS (T&M) BLANKET PURCHASE AGREEMENT IS ESTABLISHED BETWEEN THE FEDERAL HIGHWAY ADMINISTRATION (FHWA) AND LEIDOS, INC.   THIS BPA WILL PROVIDE FUNDING FOR LEIDOS, INC. TO SUPPORT FHWA IN ACCORDANCE WITH TH",0,0,0,AWARD_LEVEL_SHADOW_WATCH_NOT_FROZEN_TRANSACTION_MODEL,RECON_LIVE_V4.7_MD14_MD11_STRICT_AWARD_RECIPIENT_MATCH
2026-08-20T15:14:39.323517+00:00,NOC,NORTHROP GRUMMAN SYSTEMS CORPORATION,NNM07AA75C,2026-08-20,"action_date,last_modified_date",,2006-04-17,2026-12-31,4430784857.0,,DEFINITIVE CONTRACT,National Aeronautics and Space Administration,National Aeronautics and Space Administration,"FIRST DDT AND E, ARES I-X, AND FLIGHT TESTS.  FIRST STAGE WILL BE A FIVE SEGMENT, SOLID ROCKET BOOSTER DERIVED FROM THE SPACE SHUTTLE PROGRAM (SSP) SOLID ROCKET BOOSTER (SRB)/REUSABLE SOLID ROCKET MOTOR (RSRM). THE CONTRACTOR SHALL FURNISH THE NECESSARY MANAGEMENT, ENGINEERING, LABOR, FACILITIES, TOOLS, EQUIPMENT, AND MATERIALS REQUIRED FOR FIRST STAGE DEVELOPMENT, QUALIFICATION, CERTIFICATION AND ACCEPTANCE PROGRAM. ACTIVITIES INCLUDE:  REDESIGN AND TESTING OF THE MOTOR TO INCORPORATE THE FIFTH SEGMENT AND PRODUCTION OF FIVE FULL SCALE GROUND STATIC TEST MOTORS: TWO DEVELOPMENT MOTORS (DMS)-AND THREE QUALIFICATION MOTORS (QMS); STRUCTURAL TEST ARTICLE (STA), GROUND VIBRATION TEST MOTORS (GVTMS) AND OTHER DEVELOPMENT TESTING; REDESIGN OF THE AVIONICS, DECELERATION, SEPARATION, AND FLIGHT TERMINATION SYSTEM (FTS) SUBSYSTEMS; ARES I-X: SIMULATED ARES I OUTER MOLD LINE/MASS PROPERTIES USING MODIFIED SRB/RSRM; AND THREE FLIGHT TEST VEHICLES. TAS::80 0124::TAS",0,1,0,AWARD_LEVEL_SHADOW_WATCH_NOT_FROZEN_TRANSACTION_MODEL,RECON_LIVE_V4.7_MD14_MD11_STRICT_AWARD_RECIPIENT_MATCH
2026-08-20T15:14:39.323517+00:00,NOC,NORTHROP GRUMMAN SYSTEMS CORPORATION,NNG11XA04C,2026-08-20,last_modified_date,,2011-09-13,2029-03-01,585578959.78,,DEFINITIVE CONTRACT,National Aeronautics and Space Administration,National Aeronautics and Space Administration,"THE CONTRACTOR SHALL PROVIDE ALL PERSONNEL, FACILITIES, EQUIPMENT, MATERIAL, AND SERVICES NECESSARY TO DESIGN, DEVELOP, MANUFACTURE, INTEGRATE, TEST, AND DELIVER THE HARDWARE, DOCUMENTATION, AND SERVICES SPECIFIED HEREIN. THE CONTRACTOR SHALL ALSO PROVIDE SUPPORT, AS REQUIRED, FOR PRE-DELIVERY MISSION INTEGRATION ACTIVITIES, SUCH AS NPP MISSION OPERATIONS REVIEW AND JPSS DELTA-PDR. DOCUMENTATION AND OTHER TASKS SHOULD BE IN ACCORDANCE WITH THE REQUIREMENTS OF THIS SOW AND THE APPLICABLE DOCUMENTATION REFERENCED IN SECTION 2.3 HEREIN. COMPLIANCE WITH THE REQUIREMENTS STATED HEREIN, SHALL BE THE RESPONSIBILITY OF THE CONTRACTOR.",0,1,0,AWARD_LEVEL_SHADOW_WATCH_NOT_FROZEN_TRANSACTION_MODEL,RECON_LIVE_V4.7_MD14_MD11_STRICT_AWARD_RECIPIENT_MATCH
2026-08-20T15:14:39.323517+00:00,NOC,NORTHROP GRUMMAN SYSTEMS CORPORATION,N0003014C0011,2026-08-20,last_modified_date,,2013-10-01,2015-09-30,243848834.28,,DEFINITIVE CONTRACT,Department of Defense,Department of the Navy,FY 14 UK LAUNCHER SUBSYSTEM SUPPORT,0,1,0,AWARD_LEVEL_SHADOW_WATCH_NOT_FROZEN_TRANSACTION_MODEL,RECON_LIVE_V4.7_MD14_MD11_STRICT_AWARD_RECIPIENT_MATCH
2026-08-20T15:14:39.323517+00:00,NOC,NORTHROP GRUMMAN SYSTEMS CORPORATION,80MSFC20D0008,2026-08-20,"action_date,last_modified_date",,2020-06-29,,1493068292.88,,INDEFINITE DELIVERY / INDEFINITE QUANTITY,National Aeronautics and Space Administration,National Aeronautics and Space Administration,SPACE LAUNCH SYSTEM (SLS) BOOSTER PRODUCTION AND OPERATIONS CONTRACT (BPOC),1,1,0,AWARD_LEVEL_SHADOW_WATCH_NOT_FROZEN_TRANSACTION_MODEL,RECON_LIVE_V4.7_MD14_MD11_STRICT_AWARD_RECIPIENT_MATCH
2026-08-20T15:14:39.323517+00:00,ONDS,"CONDOR RELIABILITY SERVICES, INC.",6973GH26F00979,2026-08-20,"action_date,last_modified_date",,2026-07-06,2027-05-31,2684101.27,,DELIVERY ORDER,Department of Transportation,Federal Aviation Administration,CONTRACT WEATHER (CWO) PROGRAM AREA 1 OPTION YEAR 3,0,0,0,AWARD_LEVEL_SHADOW_WATCH_NOT_FROZEN_TRANSACTION_MODEL,RECON_LIVE_V4.7_MD14_MD11_STRICT_AWARD_RECIPIENT_MATCH
2026-08-20T15:14:39.323517+00:00,PLTR,PALANTIR TECHNOLOGIES INC.,47QACA26F0278,2026-08-20,"action_date,last_modified_date",,2026-06-18,2027-06-17,7746801.56,,DELIVERY ORDER,General Services Administration,Federal Acquisition Service,COVID RELIEF LOANS AND GRANTS ANALYSIS AND ADJUDICATION AND GCBD CERTIFICATION COMPLIANCE AND FRAUD ANALYSIS,0,0,0,AWARD_LEVEL_SHADOW_WATCH_NOT_FROZEN_TRANSACTION_MODEL,RECON_LIVE_V4.7_MD14_MD11_STRICT_AWARD_RECIPIENT_MATCH
2026-08-20T15:14:39.323517+00:00,SATL,SATELLITE SERVICES INC,47PE5526F0594,2026-08-20,"action_date,last_modified_date",,2026-08-24,2026-11-22,49995.26,,BPA CALL,General Services Administration,Public Buildings Service,"AWARD PURPOSE: INSTALL NEW FIRE PANEL  LOCATION: TALLAHASSEE US BANKRUPTCY COURTHOUSE, 110 E. PARK AVE. TALLAHASSEE, FL. 32301-7750  AMOUNT: $49,995.26",0,0,0,AWARD_LEVEL_SHADOW_WATCH_NOT_FROZEN_TRANSACTION_MODEL,RECON_LIVE_V4.7_MD14_MD11_STRICT_AWARD_RECIPIENT_MATCH
2026-08-20T15:14:39.323517+00:00,SATL,SATELLITE SERVICES INC,47PE5526F0627,2026-08-20,"action_date,last_modified_date",,2026-08-31,2026-12-29,14790.4,,BPA CALL,General Services Administration,Public Buildings Service,"TITLE: RESTRIPE PARKING LOTS.  LOCATION:GAINESVILLE US CH 401 SE 1ST AVE GAINESVILLE, FL 32601.",0,0,0,AWARD_LEVEL_SHADOW_WATCH_NOT_FROZEN_TRANSACTION_MODEL,RECON_LIVE_V4.7_MD14_MD11_STRICT_AWARD_RECIPIENT_MATCH
2026-08-20T15:14:39.323517+00:00,SATL,SATELLITE SERVICES INC,47PD5326F0221,2026-08-20,last_modified_date,,2026-06-11,2026-08-10,16300.17,,BPA CALL,General Services Administration,Public Buildings Service,"CAMERA DRAINAGE SYSTEM PROJECT BANNISTER LEVEE SYSTEM AT 2312/2306 E. BANNISTER RD, KANSAS CITY MO 64131",0,0,0,AWARD_LEVEL_SHADOW_WATCH_NOT_FROZEN_TRANSACTION_MODEL,RECON_LIVE_V4.7_MD14_MD11_STRICT_AWARD_RECIPIENT_MATCH
2026-08-21T15:12:34.359576+00:00,ACN,ACCENTURE FEDERAL SERVICES LLC,89303026FIM000213,2026-08-21,"action_date,last_modified_date",,2026-08-19,2032-07-27,22451532.38,,BPA CALL,Department of Energy,Department of Energy,"BLANKET PURCHASE AGREEMENT (BPA) ORDER FOR EITS OPERATIONS, SHARED SERVICES AND MODERNIZATION PROJECTS",0,0,0,AWARD_LEVEL_SHADOW_WATCH_NOT_FROZEN_TRANSACTION_MODEL,RECON_LIVE_V4.7_MD14_MD11_STRICT_AWARD_RECIPIENT_MATCH
2026-08-21T15:12:34.359576+00:00,ACN,ACCENTURE FEDERAL SERVICES LLC,1305M226F0385,2026-08-21,"action_date,last_modified_date",,2026-09-01,2028-08-31,20204516.88,,BPA CALL,Department of Commerce,National Oceanic and Atmospheric Administration,"HYDROMETEOROLOGICAL INTERACTIVE VIRTUAL ENVIRONMENT (HIVE) FULL OPERATING CAPABILITY (FOC) PHASE 2 CAPABILITIES.  THIS EFFORT SUPPORTS THE NOAA/NWS BY ADVANCING THE MIGRATION AND DEPLOYMENT OF CLOUD-NATIVE APPLICATION CAPABILITIES, PLATFORM ARCHITECT",0,0,0,AWARD_LEVEL_SHADOW_WATCH_NOT_FROZEN_TRANSACTION_MODEL,RECON_LIVE_V4.7_MD14_MD11_STRICT_AWARD_RECIPIENT_MATCH
2026-08-21T15:12:34.359576+00:00,ACN,ACCENTURE FEDERAL SERVICES LLC,15BNAS22F00000405,2026-08-21,"action_date,last_modified_date",,2022-09-28,2027-09-27,19907969.07,,DELIVERY ORDER,Department of Justice,Federal Prison System / Bureau of Prisons,BIDDING PROCUREMENT SUBMISSION FOR NATIONAL RECRUITMENT OFFICE MARKETING AND BRANDING,0,0,0,AWARD_LEVEL_SHADOW_WATCH_NOT_FROZEN_TRANSACTION_MODEL,RECON_LIVE_V4.7_MD14_MD11_STRICT_AWARD_RECIPIENT_MATCH
2026-08-21T15:12:34.359576+00:00,ACN,ACCENTURE FEDERAL SERVICES LLC,89233124FNA000152,2026-08-21,"action_date,last_modified_date",,2024-07-31,2027-07-30,17449907.88,,BPA CALL,Department of Energy,Department of Energy,RISK MANAGEMENT FRAMEWORK CALL WILL PROVIDE STRATEGIC AND ADAPTIVE CYBERSECURITY GOVERNANCE AND PROGRAM MANAGEMENT CYBERSECURITY ARCHITECTURE AND INFORMATION ASSURANCE ENGINEERING SERVICES,0,0,0,AWARD_LEVEL_SHADOW_WATCH_NOT_FROZEN_TRANSACTION_MODEL,RECON_LIVE_V4.7_MD14_MD11_STRICT_AWARD_RECIPIENT_MATCH
2026-08-21T15:12:34.359576+00:00,ACN,ACCENTURE FEDERAL SERVICES LLC,75A50125C00004,2026-08-21,"action_date,last_modified_date",,2025-09-30,2027-09-29,12000.0,,DEFINITIVE CONTRACT,Department of Health and Human Services,Office of the Assistant Secretary for Financial Resources,ACCENTURE LEVEL 1 SUPPORT AND MAINTENANCE WHICH INCLUDES ACCESS TO STARTING POINT FOR UP TO 75 USERS,0,0,0,AWARD_LEVEL_SHADOW_WATCH_NOT_FROZEN_TRANSACTION_MODEL,RECON_LIVE_V4.7_MD14_MD11_STRICT_AWARD_RECIPIENT_MATCH
2026-08-21T15:12:34.359576+00:00,ACN,ACCENTURE FEDERAL SERVICES LLC,19AQMM26F7062,2026-08-21,last_modified_date,,2026-04-01,2027-03-31,13860882.51,,BPA CALL,Department of State,Department of State,INTEGRATED LOGISTICS MANAGEMENT SYSTEM (ILMS) SYSTEMS INTEGRATION SERVICES - POOL 18 - DIPLOMATIC SECURITY (DS),0,0,0,AWARD_LEVEL_SHADOW_WATCH_NOT_FROZEN_TRANSACTION_MODEL,RECON_LIVE_V4.7_MD14_MD11_STRICT_AWARD_RECIPIENT_MATCH
2026-08-21T15:12:34.359576+00:00,ACN,ACCENTURE FEDERAL SERVICES LLC,19AQMM23F3426,2026-08-21,last_modified_date,,2023-09-30,2026-09-29,8713666.12,,BPA CALL,Department of State,Department of State,INTEGRATED LOGISTICS MANAGEMENT SYSTEM (ILMS) SYSTEMS INTEGRATION SERVICES - POOL 10 - OBO - CHANGE,0,0,0,AWARD_LEVEL_SHADOW_WATCH_NOT_FROZEN_TRANSACTION_MODEL,RECON_LIVE_V4.7_MD14_MD11_STRICT_AWARD_RECIPIENT_MATCH
2026-08-21T15:12:34.359576+00:00,ACN,ACCENTURE FEDERAL SERVICES LLC,89603022A0001,2026-08-21,"action_date,last_modified_date",,2022-01-07,,0.0,,BPA,Department of Energy,Federal Energy Regulatory Commission,DATA SUPPORT SERVICE (DSS),0,0,0,AWARD_LEVEL_SHADOW_WATCH_NOT_FROZEN_TRANSACTION_MODEL,RECON_LIVE_V4.7_MD14_MD11_STRICT_AWARD_RECIPIENT_MATCH
2026-08-21T15:12:34.359576+00:00,BA,THE BOEING COMPANY,47QSWC25F0076,2026-08-21,"action_date,last_modified_date",,2025-05-01,2028-01-25,5144207.0,,DELIVERY ORDER,General Services Administration,Federal Acquisition Service,DELIVERY ORDER 7 P8A AIRCRAFT SPARE COMPONENTS  NORWAY,0,0,0,AWARD_LEVEL_SHADOW_WATCH_NOT_FROZEN_TRANSACTION_MODEL,RECON_LIVE_V4.7_MD14_MD11_STRICT_AWARD_RECIPIENT_MATCH
2026-08-21T15:12:34.359576+00:00,BA,THE BOEING COMPANY,80MSFC20C0052,2026-08-21,last_modified_date,,2019-10-16,2029-02-28,2744085731.0,,DEFINITIVE CONTRACT,National Aeronautics and Space Administration,National Aeronautics and Space Administration,SPACE LAUNCH SYSTEM (SLS) STAGES PRODUCTION AND EVOLUTION CONTRACT (SPEC),0,1,0,AWARD_LEVEL_SHADOW_WATCH_NOT_FROZEN_TRANSACTION_MODEL,RECON_LIVE_V4.7_MD14_MD11_STRICT_AWARD_RECIPIENT_MATCH
2026-08-21T15:12:34.359576+00:00,BA,THE BOEING COMPANY,FA868126CB001,2026-08-21,last_modified_date,,2026-02-20,2028-09-30,61548900.0,,DEFINITIVE CONTRACT,Department of Defense,Department of the Air Force,MASSIVE ORDNANCE PENETRATOR UCA FOR 27 TAILKITS AND 15 COMPONENTS,0,1,0,AWARD_LEVEL_SHADOW_WATCH_NOT_FROZEN_TRANSACTION_MODEL,RECON_LIVE_V4.7_MD14_MD11_STRICT_AWARD_RECIPIENT_MATCH
2026-08-21T15:12:34.359576+00:00,BA,THE BOEING COMPANY,N0038318FA306,2026-08-21,last_modified_date,,2017-11-02,2022-06-30,402241.64,,DELIVERY ORDER,Department of Defense,Department of the Navy,"CABLE ASSEMBLY,SPEC",0,0,0,AWARD_LEVEL_SHADOW_WATCH_NOT_FROZEN_TRANSACTION_MODEL,RECON_LIVE_V4.7_MD14_MD11_STRICT_AWARD_RECIPIENT_MATCH
2026-08-21T15:12:34.359576+00:00,BA,THE BOEING COMPANY,SPE4A523F5643,2026-08-21,last_modified_date,,2023-02-22,2025-04-30,33295.02,,DELIVERY ORDER,Department of Defense,Defense Logistics Agency,8509718425!CABLE AND CONDUIT A,0,0,0,AWARD_LEVEL_SHADOW_WATCH_NOT_FROZEN_TRANSACTION_MODEL,RECON_LIVE_V4.7_MD14_MD11_STRICT_AWARD_RECIPIENT_MATCH
2026-08-21T15:12:34.359576+00:00,BA,THE BOEING COMPANY,SPE4A223F7590,2026-08-21,last_modified_date,,2023-08-14,2026-09-23,17278.8,,DELIVERY ORDER,Department of Defense,Defense Logistics Agency,"8510076992!PLATE,MOUNTING",0,0,0,AWARD_LEVEL_SHADOW_WATCH_NOT_FROZEN_TRANSACTION_MODEL,RECON_LIVE_V4.7_MD14_MD11_STRICT_AWARD_RECIPIENT_MATCH
2026-08-21T15:12:34.359576+00:00,BA,BELL BOEING JOINT PROJECT OFFICE,SPE4A526F0337,2026-08-21,last_modified_date,,2025-10-09,2027-03-31,3999.03,,DELIVERY ORDER,Department of Defense,Defense Logistics Agency,"8511694459!SUPPORT,STRUCTURAL",0,0,0,AWARD_LEVEL_SHADOW_WATCH_NOT_FROZEN_TRANSACTION_MODEL,RECON_LIVE_V4.7_MD14_MD11_STRICT_AWARD_RECIPIENT_MATCH
2026-08-21T15:12:34.359576+00:00,BA,THE BOEING COMPANY,SPE4A125F1367,2026-08-21,last_modified_date,,2025-08-14,2026-11-30,842.94,,DELIVERY ORDER,Department of Defense,Defense Logistics Agency,"8511572611!BUSHING,SLEEVE",0,0,0,AWARD_LEVEL_SHADOW_WATCH_NOT_FROZEN_TRANSACTION_MODEL,RECON_LIVE_V4.7_MD14_MD11_STRICT_AWARD_RECIPIENT_MATCH
2026-08-21T15:12:34.359576+00:00,BAH,BOOZ ALLEN HAMILTON INC,47QFRA24F0006,2026-08-21,"action_date,last_modified_date",,2024-05-01,2027-04-30,663100864.75,,DELIVERY ORDER,General Services Administration,Federal Acquisition Service,CDM DEFEND GROUP BD  BRIDGE TASK ORDER,0,1,0,AWARD_LEVEL_SHADOW_WATCH_NOT_FROZEN_TRANSACTION_MODEL,RECON_LIVE_V4.7_MD14_MD11_STRICT_AWARD_RECIPIENT_MATCH
2026-08-21T15:12:34.359576+00:00,BAH,BOOZ ALLEN HAMILTON INC,47QFEA25F0005,2026-08-21,"action_date,last_modified_date",,2025-03-27,2026-09-26,22577368.92,,DELIVERY ORDER,General Services Administration,Federal Acquisition Service,HALE BOPP BRIDGE CONTRACT,0,0,0,AWARD_LEVEL_SHADOW_WATCH_NOT_FROZEN_TRANSACTION_MODEL,RECON_LIVE_V4.7_MD14_MD11_STRICT_AWARD_RECIPIENT_MATCH
2026-08-21T15:12:34.359576+00:00,BAH,BOOZ ALLEN HAMILTON INC,47QFCA25F0033,2026-08-21,last_modified_date,,2025-09-12,2026-09-11,156860391.0,,DELIVERY ORDER,General Services Administration,Federal Acquisition Service,AFRL SHADOW RAPTOR,0,1,0,AWARD_LEVEL_SHADOW_WATCH_NOT_FROZEN_TRANSACTION_MODEL,RECON_LIVE_V4.7_MD14_MD11_STRICT_AWARD_RECIPIENT_MATCH
2026-08-21T15:12:34.359576+00:00,BAH,BOOZ ALLEN HAMILTON INC,693KA823F00267,2026-08-21,last_modified_date,,2023-09-15,2026-09-14,10575234.1,,DELIVERY ORDER,Department of Transportation,Federal Aviation Administration,"TORFP 2337 NAS ENTERPRISE ENGINEERING, PLANNING AND ANALYSIS",0,0,0,AWARD_LEVEL_SHADOW_WATCH_NOT_FROZEN_TRANSACTION_MODEL,RECON_LIVE_V4.7_MD14_MD11_STRICT_AWARD_RECIPIENT_MATCH
2026-08-21T15:12:34.359576+00:00,BAH,BOOZ ALLEN HAMILTON INC,693KA823F00213,2026-08-21,last_modified_date,,2023-08-08,2026-08-07,2881840.81,,DELIVERY ORDER,Department of Transportation,Federal Aviation Administration,TORFP 2201 NAS SYSTEMS ENGINEERING AND INTEGRATION STRATEGIC INITIATIVES,0,0,0,AWARD_LEVEL_SHADOW_WATCH_NOT_FROZEN_TRANSACTION_MODEL,RECON_LIVE_V4.7_MD14_MD11_STRICT_AWARD_RECIPIENT_MATCH
2026-08-21T15:12:34.359576+00:00,BAH,BOOZ ALLEN HAMILTON INC,80JSC025FA130,2026-08-21,last_modified_date,,2025-05-28,2026-05-29,758977.0,,BPA CALL,National Aeronautics and Space Administration,National Aeronautics and Space Administration,"TASK ORDER 148, BASE - ATMOSPHERIC SCIENCE DATA CENTER (ASDC) ASSESSMENT",0,0,0,AWARD_LEVEL_SHADOW_WATCH_NOT_FROZEN_TRANSACTION_MODEL,RECON_LIVE_V4.7_MD14_MD11_STRICT_AWARD_RECIPIENT_MATCH
2026-08-21T15:12:34.359576+00:00,BAH,BOOZ ALLEN HAMILTON INC,80JSC025FA111,2026-08-21,last_modified_date,,2025-05-01,2026-04-30,252627.0,,BPA CALL,National Aeronautics and Space Administration,National Aeronautics and Space Administration,STRATEGIC PROFESSIONAL ENGINEERING ASSESSMENT CONTRACT II (SPEACII) - TASK ORDER 141 BASE - MACHINE LEARNING FOR ADVANCING RISK PRECURSOR IDENTIFICATION TOOLS IN COMMERCIAL AIRLINE OPERATIONS ASSESSMENT,0,0,0,AWARD_LEVEL_SHADOW_WATCH_NOT_FROZEN_TRANSACTION_MODEL,RECON_LIVE_V4.7_MD14_MD11_STRICT_AWARD_RECIPIENT_MATCH
2026-08-21T15:12:34.359576+00:00,CACI,"CACI, INC. - FEDERAL",70B04C24F00001129,2026-08-21,"action_date,last_modified_date",,2024-09-30,2026-09-30,486919632.54,,DELIVERY ORDER,Department of Homeland Security,U.S. Customs and Border Protection,BORDER ENFORCEMENT APPLICATIONS FOR GOVERNMENT LEADING-EDGE INFORMATION TECHNOLOGY,0,1,0,AWARD_LEVEL_SHADOW_WATCH_NOT_FROZEN_TRANSACTION_MODEL,RECON_LIVE_V4.7_MD14_MD11_STRICT_AWARD_RECIPIENT_MATCH
2026-08-21T15:12:34.359576+00:00,CACI,"CACI NSS, LLC",70RFP320FREH00021,2026-08-21,"action_date,last_modified_date",,2020-06-22,2021-02-28,6324630.14,,DELIVERY ORDER,Department of Homeland Security,Office of Procurement Operations,DESKTOP SUPPORT SERVICE,0,0,0,AWARD_LEVEL_SHADOW_WATCH_NOT_FROZEN_TRANSACTION_MODEL,RECON_LIVE_V4.7_MD14_MD11_STRICT_AWARD_RECIPIENT_MATCH
2026-08-21T15:12:34.359576+00:00,CACI,"CACI, INC. - FEDERAL",47QFMA19F0013,2026-08-21,last_modified_date,,2019-06-01,2024-05-31,674443628.74,,DELIVERY ORDER,General Services Administration,Federal Acquisition Service,COMMUNICATION AND INFORMATION TECHNOLOGY SERVICES III,0,1,0,AWARD_LEVEL_SHADOW_WATCH_NOT_FROZEN_TRANSACTION_MODEL,RECON_LIVE_V4.7_MD14_MD11_STRICT_AWARD_RECIPIENT_MATCH
2026-08-21T15:12:34.359576+00:00,CACI,"CACI, LLC - COMMERCIAL",15JPSS21F00000464,2026-08-21,last_modified_date,,2021-06-01,2027-05-31,24577866.82,,DELIVERY ORDER,Department of Justice,"Offices, Boards and Divisions",MEGA5 LITIGATION SUPPORT SERVICES,0,0,0,AWARD_LEVEL_SHADOW_WATCH_NOT_FROZEN_TRANSACTION_MODEL,RECON_LIVE_V4.7_MD14_MD11_STRICT_AWARD_RECIPIENT_MATCH
2026-08-21T15:12:34.359576+00:00,CACI,"CACI, INC. - FEDERAL",80JSC023DA010,2026-08-21,"action_date,last_modified_date",,2023-03-01,,139768979.47,,INDEFINITE DELIVERY / INDEFINITE QUANTITY,National Aeronautics and Space Administration,National Aeronautics and Space Administration,"SIMULATION AND SOFTWARE TECHNOLOGY SUPPORT AND RELATED SERVICES PRIMARILY FOR NASA JOHNSON SPACE CENTER (JSC) ENGINEERING DIRECTORATE'S SOFTWARE, ROBOTICS, AND SIMULATION DIVISION (ER),",1,1,0,AWARD_LEVEL_SHADOW_WATCH_NOT_FROZEN_TRANSACTION_MODEL,RECON_LIVE_V4.7_MD14_MD11_STRICT_AWARD_RECIPIENT_MATCH
2026-08-21T15:12:34.359576+00:00,DE,"JOHN DEERE SHARED SERVICES, LLC",1240LR26F0036,2026-08-21,"action_date,last_modified_date",,2026-08-14,2027-01-29,440745.56,,DELIVERY ORDER,Department of Agriculture,Forest Service,GRADER,0,0,0,AWARD_LEVEL_SHADOW_WATCH_NOT_FROZEN_TRANSACTION_MODEL,RECON_LIVE_V4.7_MD14_MD11_STRICT_AWARD_RECIPIENT_MATCH
2026-08-21T15:12:34.359576+00:00,GD,"GENERAL DYNAMICS INFORMATION TECHNOLOGY, INC.",36C10D22N0007,2026-08-21,"action_date,last_modified_date",,2022-09-23,2026-09-22,66358214.41,,DELIVERY ORDER,Department of Veterans Affairs,Department of Veterans Affairs,"TO FROM MULTIPLE AWARD IDIQ CONTRACT FOR THE VETERANS INTAKE, CONVERSION, AND COMMUNICATION SERVICES (VICCS) PROGRAM.  INCORPORATE DCMA APPROVED NOVATION AGREEMENT.",0,1,0,AWARD_LEVEL_SHADOW_WATCH_NOT_FROZEN_TRANSACTION_MODEL,RECON_LIVE_V4.7_MD14_MD11_STRICT_AWARD_RECIPIENT_MATCH
2026-08-21T15:12:34.359576+00:00,GD,"GENERAL DYNAMICS INFORMATION TECHNOLOGY, INC.",1331L524F13ES0024,2026-08-21,"action_date,last_modified_date",,2023-11-01,2027-02-28,15914644.79,,BPA CALL,Department of Commerce,Office of the Secretary,ES NON-HR CONTACT CENTER - CONTACTS,0,0,0,AWARD_LEVEL_SHADOW_WATCH_NOT_FROZEN_TRANSACTION_MODEL,RECON_LIVE_V4.7_MD14_MD11_STRICT_AWARD_RECIPIENT_MATCH
2026-08-21T15:12:34.359576+00:00,GD,"GENERAL DYNAMICS MISSION SYSTEMS, INC.",140G0125F0192,2026-08-21,"action_date,last_modified_date",,2025-07-02,2026-07-24,12412748.0,,DELIVERY ORDER,Department of the Interior,U.S. Geological Survey,TASK ORDER 15 - LANDSAT FLIGHT OPERATIONS AND MAINTENANCE,0,0,0,AWARD_LEVEL_SHADOW_WATCH_NOT_FROZEN_TRANSACTION_MODEL,RECON_LIVE_V4.7_MD14_MD11_STRICT_AWARD_RECIPIENT_MATCH
2026-08-21T15:12:34.359576+00:00,GD,"GENERAL DYNAMICS INFORMATION TECHNOLOGY, INC.",692M1521F00060,2026-08-21,"action_date,last_modified_date",,2020-12-18,2026-08-31,5389773.64,,DELIVERY ORDER,Department of Transportation,Federal Aviation Administration,FCS TAG 0150 - BESPIN,0,0,0,AWARD_LEVEL_SHADOW_WATCH_NOT_FROZEN_TRANSACTION_MODEL,RECON_LIVE_V4.7_MD14_MD11_STRICT_AWARD_RECIPIENT_MATCH
2026-08-21T15:12:34.359576+00:00,GD,"GENERAL DYNAMICS MISSION SYSTEMS, INC.",70Z04426FCMPL0014,2026-08-21,"action_date,last_modified_date",,2026-08-01,2027-03-31,202881.0,,DELIVERY ORDER,Department of Homeland Security,U.S. Coast Guard,R21-C ENGINEERING SERVICES TASK ORDER#2 BASE PERIOD AWARD.,0,0,0,AWARD_LEVEL_SHADOW_WATCH_NOT_FROZEN_TRANSACTION_MODEL,RECON_LIVE_V4.7_MD14_MD11_STRICT_AWARD_RECIPIENT_MATCH
2026-08-21T15:12:34.359576+00:00,GD,"GENERAL DYNAMICS INFORMATION TECHNOLOGY, INC.",692M1525F00064,2026-08-21,"action_date,last_modified_date",,2025-05-15,2026-08-31,63248.4,,DELIVERY ORDER,Department of Transportation,Federal Aviation Administration,ITAR-25-1663  SLI # - 56717 EFA-25-FAVES-4309   THE FAA ADMINISTRATIVE VOICE ENTERPRISE SERVICES (FAVES) PROGRAM IS IMPLEMENTING AN ENTERPRISE 911 (E911) SOLUTION FOR THE FAA ENTERPRISE WHICH WILL SUPPLANT THE EXISTING MANAGED SOLUTION.  THE NEW SOLU,0,0,0,AWARD_LEVEL_SHADOW_WATCH_NOT_FROZEN_TRANSACTION_MODEL,RECON_LIVE_V4.7_MD14_MD11_STRICT_AWARD_RECIPIENT_MATCH
2026-08-21T15:12:34.359576+00:00,GD,"GENERAL DYNAMICS MISSION SYSTEMS, INC.",N0003020C0003,2026-08-21,last_modified_date,,2020-06-10,2027-11-30,166188723.61,,DEFINITIVE CONTRACT,Department of Defense,Department of the Navy,COST NO FEE CLIN ON US01 CONTRACT.,0,1,0,AWARD_LEVEL_SHADOW_WATCH_NOT_FROZEN_TRANSACTION_MODEL,RECON_LIVE_V4.7_MD14_MD11_STRICT_AWARD_RECIPIENT_MATCH
2026-08-21T15:12:34.359576+00:00,GD,"GENERAL DYNAMICS INFORMATION TECHNOLOGY, INC.",HC102822F0825,2026-08-21,last_modified_date,,2022-08-01,2023-08-01,142907.54,,BPA CALL,Department of Defense,Defense Information Systems Agency,ENTERPRISE TRANSPORT MANAGEMENT - NEXT GENERATION,0,0,0,AWARD_LEVEL_SHADOW_WATCH_NOT_FROZEN_TRANSACTION_MODEL,RECON_LIVE_V4.7_MD14_MD11_STRICT_AWARD_RECIPIENT_MATCH
2026-08-21T15:12:34.359576+00:00,GE,GENERAL ELECTRIC COMPANY,70Z03826FA0000053,2026-08-21,"action_date,last_modified_date",,2026-01-20,2026-09-24,4083575.0,,DELIVERY ORDER,Department of Homeland Security,U.S. Coast Guard,REPAIR/OVERHAUL OF VARIOUS ENGINE COMPONENTS FOR USE ON THE HC-144 AIRCRAFT.,0,0,0,AWARD_LEVEL_SHADOW_WATCH_NOT_FROZEN_TRANSACTION_MODEL,RECON_LIVE_V4.7_MD14_MD11_STRICT_AWARD_RECIPIENT_MATCH
2026-08-21T15:12:34.359576+00:00,GE,GENERAL ELECTRIC COMPANY,70Z03826FA0000153,2026-08-21,"action_date,last_modified_date",,2026-08-19,2027-09-30,1789182.0,,DELIVERY ORDER,Department of Homeland Security,U.S. Coast Guard,OVERHAUL OF ENGINE AND ENGINE COMPONENTS.,0,0,0,AWARD_LEVEL_SHADOW_WATCH_NOT_FROZEN_TRANSACTION_MODEL,RECON_LIVE_V4.7_MD14_MD11_STRICT_AWARD_RECIPIENT_MATCH
2026-08-21T15:12:34.359576+00:00,GE,GENERAL ELECTRIC COMPANY,36C26123P0593,2026-08-21,"action_date,last_modified_date",,2023-03-01,2027-02-28,733392.36,,PURCHASE ORDER,Department of Veterans Affairs,Department of Veterans Affairs,GE MRI PREVENTATIVE AND CORRECTIVE MAINTENANCE,0,0,0,AWARD_LEVEL_SHADOW_WATCH_NOT_FROZEN_TRANSACTION_MODEL,RECON_LIVE_V4.7_MD14_MD11_STRICT_AWARD_RECIPIENT_MATCH
2026-08-21T15:12:34.359576+00:00,GE,GENERAL ELECTRIC COMPANY,15F06726F0000345,2026-08-21,last_modified_date,,2026-03-29,2027-03-28,2282571.74,,DELIVERY ORDER,Department of Justice,Federal Bureau of Investigation,GE T701D PARTS AND SERVICES SUPPORT,0,0,0,AWARD_LEVEL_SHADOW_WATCH_NOT_FROZEN_TRANSACTION_MODEL,RECON_LIVE_V4.7_MD14_MD11_STRICT_AWARD_RECIPIENT_MATCH
2026-08-21T15:12:34.359576+00:00,HON,"HONEYWELL FEDERAL MANUFACTURING & TECHNOLOGIES, LLC",DENA0002839,2026-08-21,"action_date,last_modified_date",,2015-07-09,2030-09-30,17573487504.69,,DEFINITIVE CONTRACT,Department of Energy,Department of Energy,"IGF::CL,CT::IGF MANAGEMENT AND OPERATION OF THE NATIONAL SECURITY CAMPUS -- CONTRACT NO. DE-NA0002839",0,1,0,AWARD_LEVEL_SHADOW_WATCH_NOT_FROZEN_TRANSACTION_MODEL,RECON_LIVE_V4.7_MD14_MD11_STRICT_AWARD_RECIPIENT_MATCH
2026-08-21T15:12:34.359576+00:00,HON,HONEYWELL INTERNATIONAL INC.,SPE4AX25F9272,2026-08-21,last_modified_date,,2025-09-16,2026-10-09,133022.5,,DELIVERY ORDER,Department of Defense,Defense Logistics Agency,"8511643596!BEARING,BALL,ANNULAR",0,0,0,AWARD_LEVEL_SHADOW_WATCH_NOT_FROZEN_TRANSACTION_MODEL,RECON_LIVE_V4.7_MD14_MD11_STRICT_AWARD_RECIPIENT_MATCH
2026-08-21T15:12:34.359576+00:00,HON,HONEYWELL INTERNATIONAL INC.,SPE4A525F071N,2026-08-21,last_modified_date,,2025-08-11,2026-10-13,52696.88,,DELIVERY ORDER,Department of Defense,Defense Logistics Agency,"8511551815!ADAPTER,HOISTING",0,0,0,AWARD_LEVEL_SHADOW_WATCH_NOT_FROZEN_TRANSACTION_MODEL,RECON_LIVE_V4.7_MD14_MD11_STRICT_AWARD_RECIPIENT_MATCH
2026-08-21T15:12:34.359576+00:00,HON,HONEYWELL INTERNATIONAL INC.,SPE4A525F048F,2026-08-21,last_modified_date,,2025-07-21,2026-08-13,14058.96,,DELIVERY ORDER,Department of Defense,Defense Logistics Agency,8511518325!FUEL ATOMIZER,0,0,0,AWARD_LEVEL_SHADOW_WATCH_NOT_FROZEN_TRANSACTION_MODEL,RECON_LIVE_V4.7_MD14_MD11_STRICT_AWARD_RECIPIENT_MATCH
2026-08-21T15:12:34.359576+00:00,HON,HONEYWELL INTERNATIONAL INC.,SPE4AX22D0015,2026-08-21,last_modified_date,,2022-09-27,,0.0,,INDEFINITE DELIVERY / INDEFINITE QUANTITY,Department of Defense,Defense Logistics Agency,4610085264!,1,1,0,AWARD_LEVEL_SHADOW_WATCH_NOT_FROZEN_TRANSACTION_MODEL,RECON_LIVE_V4.7_MD14_MD11_STRICT_AWARD_RECIPIENT_MATCH
2026-08-21T15:12:34.359576+00:00,HON,HONEYWELL INTERNATIONAL INC.,SPE4AX22D0014,2026-08-21,last_modified_date,,2022-09-27,,0.0,,INDEFINITE DELIVERY / INDEFINITE QUANTITY,Department of Defense,Defense Logistics Agency,"4610085235!WEIGHT,BALANCE",1,1,0,AWARD_LEVEL_SHADOW_WATCH_NOT_FROZEN_TRANSACTION_MODEL,RECON_LIVE_V4.7_MD14_MD11_STRICT_AWARD_RECIPIENT_MATCH
2026-08-21T15:12:34.359576+00:00,HON,HONEYWELL INTERNATIONAL INC.,SPE4AX22D0013,2026-08-21,last_modified_date,,2022-09-27,,0.0,,INDEFINITE DELIVERY / INDEFINITE QUANTITY,Department of Defense,Defense Logistics Agency,4610085145!,1,1,0,AWARD_LEVEL_SHADOW_WATCH_NOT_FROZEN_TRANSACTION_MODEL,RECON_LIVE_V4.7_MD14_MD11_STRICT_AWARD_RECIPIENT_MATCH
2026-08-21T15:12:34.359576+00:00,HON,HONEYWELL INTERNATIONAL INC.,SPE4AX22D0010,2026-08-21,last_modified_date,,2022-09-27,,0.0,,INDEFINITE DELIVERY / INDEFINITE QUANTITY,Department of Defense,Defense Logistics Agency,4610085270!,1,1,0,AWARD_LEVEL_SHADOW_WATCH_NOT_FROZEN_TRANSACTION_MODEL,RECON_LIVE_V4.7_MD14_MD11_STRICT_AWARD_RECIPIENT_MATCH
2026-08-21T15:12:34.359576+00:00,HON,"HONEYWELL INTERNATIONAL, INC",SPE4AX22D0009,2026-08-21,last_modified_date,,2022-09-27,,0.0,,INDEFINITE DELIVERY / INDEFINITE QUANTITY,Department of Defense,Defense Logistics Agency,"4610085255!DIAPHRAGM,ACTUATOR",1,1,0,AWARD_LEVEL_SHADOW_WATCH_NOT_FROZEN_TRANSACTION_MODEL,RECON_LIVE_V4.7_MD14_MD11_STRICT_AWARD_RECIPIENT_MATCH
2026-08-21T15:12:34.359576+00:00,HON,HONEYWELL INTERNATIONAL INC.,SPE4AX22D0008,2026-08-21,last_modified_date,,2022-09-27,,0.0,,INDEFINITE DELIVERY / INDEFINITE QUANTITY,Department of Defense,Defense Logistics Agency,"4610085173!RING,PISTON",1,1,0,AWARD_LEVEL_SHADOW_WATCH_NOT_FROZEN_TRANSACTION_MODEL,RECON_LIVE_V4.7_MD14_MD11_STRICT_AWARD_RECIPIENT_MATCH
2026-08-21T15:12:34.359576+00:00,HON,HONEYWELL INTERNATIONAL INC.,SPE4AX22D0007,2026-08-21,last_modified_date,,2022-09-27,,0.0,,INDEFINITE DELIVERY / INDEFINITE QUANTITY,Department of Defense,Defense Logistics Agency,4610085183!,1,1,0,AWARD_LEVEL_SHADOW_WATCH_NOT_FROZEN_TRANSACTION_MODEL,RECON_LIVE_V4.7_MD14_MD11_STRICT_AWARD_RECIPIENT_MATCH
2026-08-21T15:12:34.359576+00:00,HON,HONEYWELL INTERNATIONAL INC.,SPE4AX22D0006,2026-08-21,last_modified_date,,2022-09-27,,0.0,,INDEFINITE DELIVERY / INDEFINITE QUANTITY,Department of Defense,Defense Logistics Agency,"4610085139!SCREW,SHOULDER",1,1,0,AWARD_LEVEL_SHADOW_WATCH_NOT_FROZEN_TRANSACTION_MODEL,RECON_LIVE_V4.7_MD14_MD11_STRICT_AWARD_RECIPIENT_MATCH
2026-08-21T15:12:34.359576+00:00,HON,HONEYWELL INTERNATIONAL INC.,SPE4AX22D0005,2026-08-21,last_modified_date,,2022-09-27,,0.0,,INDEFINITE DELIVERY / INDEFINITE QUANTITY,Department of Defense,Defense Logistics Agency,"4610085242!KNOB,AIRCRAFT,MATER",1,1,0,AWARD_LEVEL_SHADOW_WATCH_NOT_FROZEN_TRANSACTION_MODEL,RECON_LIVE_V4.7_MD14_MD11_STRICT_AWARD_RECIPIENT_MATCH
2026-08-21T15:12:34.359576+00:00,IBM,INTERNATIONAL BUSINESS MACHINES CORPORATION,140D0425F0534,2026-08-21,"action_date,last_modified_date",,2025-06-01,2026-05-31,1204256.74,,DELIVERY ORDER,Department of the Interior,Departmental Offices,IBM Z/OS MAINFRAME SOFTWARE LICENSES AND MAINTENANCE,0,0,0,AWARD_LEVEL_SHADOW_WATCH_NOT_FROZEN_TRANSACTION_MODEL,RECON_LIVE_V4.7_MD14_MD11_STRICT_AWARD_RECIPIENT_MATCH
2026-08-21T15:12:34.359576+00:00,LDOS,"LEIDOS, INC.",DTFAWA16C00021,2026-08-21,"action_date,last_modified_date",,2016-06-28,2028-06-29,580559196.04,,DEFINITIVE CONTRACT,Department of Transportation,Federal Aviation Administration,TERMINAL FLIGHT DATA MANAGER IGF::OT::IGF,0,1,0,AWARD_LEVEL_SHADOW_WATCH_NOT_FROZEN_TRANSACTION_MODEL,RECON_LIVE_V4.7_MD14_MD11_STRICT_AWARD_RECIPIENT_MATCH
2026-08-21T15:12:34.359576+00:00,LDOS,"LEIDOS, INC.",693KA720C00013,2026-08-21,"action_date,last_modified_date",,2020-08-17,2026-08-19,127046741.88,,DEFINITIVE CONTRACT,Department of Transportation,Federal Aviation Administration,ENTERPRISE INFORMATION DISPLAY SYSTEM (E-IDS),0,1,0,AWARD_LEVEL_SHADOW_WATCH_NOT_FROZEN_TRANSACTION_MODEL,RECON_LIVE_V4.7_MD14_MD11_STRICT_AWARD_RECIPIENT_MATCH
2026-08-21T15:12:34.359576+00:00,LDOS,LEIDOS BIOMEDICAL RESEARCH INC,75N91025F00005,2026-08-21,"action_date,last_modified_date",,2025-08-31,2026-08-30,28441174.0,,DELIVERY ORDER,Department of Health and Human Services,National Institutes of Health,FY26 FFRDC LEASES,0,0,0,AWARD_LEVEL_SHADOW_WATCH_NOT_FROZEN_TRANSACTION_MODEL,RECON_LIVE_V4.7_MD14_MD11_STRICT_AWARD_RECIPIENT_MATCH
2026-08-21T15:12:34.359576+00:00,LDOS,"LEIDOS, INC.",2032H524F00495,2026-08-21,"action_date,last_modified_date",,2024-09-01,2026-08-31,16820463.6,,DELIVERY ORDER,Department of the Treasury,Internal Revenue Service,THIS IS A DELIVERY ORDER TO ACQUIRE COMPUTER ASSISTED PUBLISHING SYSTEM (CAPS). THE CAPS INFRASTRUCTURE CONSISTS OF A SERIES OF INTERCONNECTED COMPUTING PLATFORMS INCLUDING TIER 2 (INTEL-BASED) VIRTUAL WINDOWS AND LINUX SERVERS.,0,0,0,AWARD_LEVEL_SHADOW_WATCH_NOT_FROZEN_TRANSACTION_MODEL,RECON_LIVE_V4.7_MD14_MD11_STRICT_AWARD_RECIPIENT_MATCH
2026-08-21T15:12:34.359576+00:00,LDOS,LEIDOS BIOMEDICAL RESEARCH INC,75N91021F00019,2026-08-21,"action_date,last_modified_date",,2021-09-20,2027-01-26,7763273.0,,DELIVERY ORDER,Department of Health and Human Services,National Institutes of Health,WEDGEWOOD EXPANSION DESIGN SUITES M & N,0,0,0,AWARD_LEVEL_SHADOW_WATCH_NOT_FROZEN_TRANSACTION_MODEL,RECON_LIVE_V4.7_MD14_MD11_STRICT_AWARD_RECIPIENT_MATCH
2026-08-21T15:12:34.359576+00:00,LDOS,"LEIDOS SECURITY DETECTION & AUTOMATION, INC.",70T04025F7672N016,2026-08-21,"action_date,last_modified_date",,2025-09-24,2027-09-23,495985.82,,DELIVERY ORDER,Department of Homeland Security,Transportation Security Administration,7.3A ALGORITHM DEPLOYMENT ON EXAMINER EXPLOSIVE DETECTION SYSTEM (EDS) UNITS,0,0,0,AWARD_LEVEL_SHADOW_WATCH_NOT_FROZEN_TRANSACTION_MODEL,RECON_LIVE_V4.7_MD14_MD11_STRICT_AWARD_RECIPIENT_MATCH
2026-08-21T15:12:34.359576+00:00,LDOS,"LEIDOS, INC.",693JJ318F000362,2026-08-21,"action_date,last_modified_date",,2018-09-19,2020-12-31,351584.08,,DELIVERY ORDER,Department of Transportation,Federal Highway Administration,"PURPOSE: THIS IS A NON-PERSONAL SERVICE TASK ORDER.  THE OBLIGATED AMOUNT OF THE AWARD: $300,000.  THE TOTAL FOR THIS AWARD IS SHOWN IN BOX 17(I).  THIS TASK ORDER IS (1) TO REVIEW AND EVALUATE THE EXISTING ANALYSIS, MODELING AND SIMULATION (AMS) TOOLS AVAILABLE FOR ROAD WEATHER MANAGEMENT APPLICATIONS, PARTICULARLY TRAFFIC MANAGEMENT AND WINTER MAINTENANCE ACTIVITIES, THAT USE CONNECTED VEHICLE DATA, (2) IDENTIFY TRANSPORTATION AGENCIES THAT CURRENTLY USE OR PLAN TO USE CONNECTED VEHICLE DATA FOR TRAFFIC MANAGEMENT AND WINTER MAINTENANCE, AND WANT TO BE ABLE TO EVALUATE THEIR EXISTING/ENHANCED PRACTICES WITH CONNECTED VEHICLE DATA, (3) APPLY AND INCORPORATE THE AMS TOOLS TO THE AGENCY'S CONNECTED-VEHICLE ENABLED TRAFFIC MANAGEMENT AND WINTER MAINTENANCE STRATEGIES, AND (4) SUMMARIZE THE AMS APPLICATION RESULTS AND PROVIDE RECOMMENDATIONS/GUIDANCE ON THE USE OF THE AMS TOOLS FOR EVALUATING CV-ENABLED ROAD WEATHER MANAGEMENT STRATEGIES.",0,0,0,AWARD_LEVEL_SHADOW_WATCH_NOT_FROZEN_TRANSACTION_MODEL,RECON_LIVE_V4.7_MD14_MD11_STRICT_AWARD_RECIPIENT_MATCH
2026-08-21T15:12:34.359576+00:00,LDOS,"LEIDOS SECURITY DETECTION & AUTOMATION, INC.",70CDCR25P00000022,2026-08-21,"action_date,last_modified_date",,2025-08-01,2026-07-31,8000.0,,PURCHASE ORDER,Department of Homeland Security,U.S. Immigration and Customs Enforcement,"THIS IS A PURCHASE ORDER OBLIGATES FUNDS FOR SERVICING AND MAINTENANCE OF THE BAGGAGE X-RAY MACHINE LOCATED AT KROME SERVICE PROCESSING CENTER IN MIAMI, FL, TO SUPPORT ENFORCEMENT AND REMOVAL OPERATIONS.",0,0,0,AWARD_LEVEL_SHADOW_WATCH_NOT_FROZEN_TRANSACTION_MODEL,RECON_LIVE_V4.7_MD14_MD11_STRICT_AWARD_RECIPIENT_MATCH
2026-08-21T15:12:34.359576+00:00,LDOS,"LEIDOS, INC.",47QFCA24F0039,2026-08-21,last_modified_date,,2024-09-06,2027-03-05,191590164.65,,DELIVERY ORDER,General Services Administration,Federal Acquisition Service,ARMY GLOBAL UNIFIED NETWORK  INCREMENT 1,0,1,0,AWARD_LEVEL_SHADOW_WATCH_NOT_FROZEN_TRANSACTION_MODEL,RECON_LIVE_V4.7_MD14_MD11_STRICT_AWARD_RECIPIENT_MATCH
2026-08-21T15:12:34.359576+00:00,LDOS,"LEIDOS, INC.",693JJ323F00298N,2026-08-21,last_modified_date,,2023-09-01,2027-08-31,594925.53,,DELIVERY ORDER,Department of Transportation,Federal Highway Administration,"THIS IS A HYBRID, COST PLUS FIXED FEE AND FIRM FIXED PRICE TASK ORDER ENTITLED, ""EVALUATION OF CROSSWALKS WITH SURFACE TREATMENTS PHASE II"". WORK SHALL BE PERFORMED IN ACCORDANCE WITH THE ATTACHED PERFORMANCE WORK STATEMENT.",0,0,0,AWARD_LEVEL_SHADOW_WATCH_NOT_FROZEN_TRANSACTION_MODEL,RECON_LIVE_V4.7_MD14_MD11_STRICT_AWARD_RECIPIENT_MATCH
2026-08-21T15:12:34.359576+00:00,LDOS,"LEIDOS, INC.",693KA921D00008,2026-08-21,"action_date,last_modified_date",,2020-12-08,,1730246462.27,,INDEFINITE DELIVERY / INDEFINITE QUANTITY,Department of Transportation,Federal Aviation Administration,CONTRACT TO PROVIDE ENGINEERING AND TECHNICAL SUPPORT SERVICES AS REQUIRED TO VARIOUS FAA ORGANIZATIONS.,1,1,0,AWARD_LEVEL_SHADOW_WATCH_NOT_FROZEN_TRANSACTION_MODEL,RECON_LIVE_V4.7_MD14_MD11_STRICT_AWARD_RECIPIENT_MATCH
2026-08-21T15:12:34.359576+00:00,LDOS,"LEIDOS, INC.",80TECH21DA002,2026-08-21,"action_date,last_modified_date",,2022-05-01,,942895316.96,,INDEFINITE DELIVERY / INDEFINITE QUANTITY,National Aeronautics and Space Administration,National Aeronautics and Space Administration,"ADVANCED ENTERPRISE GLOBAL INFORMATION TECHNOLOGY SOLUTIONS CONTRACT.  AS THE AGENCY WIDE COMMUNICATIONS SERVICES CONTRACT, AEGIS IS THE AGENCY SOLUTION FOR PROVING TELECOMMUNICATIONS SERVICES, CLOUD COMPUTING SERVICES AND DATA CENTER SERVICES.",1,1,0,AWARD_LEVEL_SHADOW_WATCH_NOT_FROZEN_TRANSACTION_MODEL,RECON_LIVE_V4.7_MD14_MD11_STRICT_AWARD_RECIPIENT_MATCH
2026-08-21T15:12:34.359576+00:00,LDOS,"LEIDOS, INC.",HSHQPA05A00009,2026-08-21,"action_date,last_modified_date",,2004-10-05,,0.0,,BPA,Department of Homeland Security,Office of Procurement Operations,SUPPORT FOR WIRELESS TO THE DHS WMO,0,0,0,AWARD_LEVEL_SHADOW_WATCH_NOT_FROZEN_TRANSACTION_MODEL,RECON_LIVE_V4.7_MD14_MD11_STRICT_AWARD_RECIPIENT_MATCH
2026-08-21T15:12:34.359576+00:00,LDOS,"LEIDOS, INC.",HDTRA119D0004,2026-08-21,last_modified_date,,2019-02-20,,0.0,,INDEFINITE DELIVERY / INDEFINITE QUANTITY,Department of Defense,Defense Threat Reduction Agency,KNOWLEDGE MGMT SOLUTIONS&SUPPORT,1,1,0,AWARD_LEVEL_SHADOW_WATCH_NOT_FROZEN_TRANSACTION_MODEL,RECON_LIVE_V4.7_MD14_MD11_STRICT_AWARD_RECIPIENT_MATCH
2026-08-21T15:12:34.359576+00:00,NOC,NORTHROP GRUMMAN SYSTEMS CORPORATION,80ARC024CA007,2026-08-21,"action_date,last_modified_date",,2024-10-01,2026-10-31,87235504.05,,DEFINITIVE CONTRACT,National Aeronautics and Space Administration,National Aeronautics and Space Administration,HELIOSWARM PROGRAM SUPPORT,0,1,0,AWARD_LEVEL_SHADOW_WATCH_NOT_FROZEN_TRANSACTION_MODEL,RECON_LIVE_V4.7_MD14_MD11_STRICT_AWARD_RECIPIENT_MATCH
2026-08-21T15:12:34.359576+00:00,NOC,NORTHROP GRUMMAN SYSTEMS CORPORATION,47QFWA21F0007,2026-08-21,"action_date,last_modified_date",,2021-02-12,2026-08-27,63189068.68,,DELIVERY ORDER,General Services Administration,Federal Acquisition Service,B1 RADAR SUSTAINING ENGINEERING SUPPORT,0,1,0,AWARD_LEVEL_SHADOW_WATCH_NOT_FROZEN_TRANSACTION_MODEL,RECON_LIVE_V4.7_MD14_MD11_STRICT_AWARD_RECIPIENT_MATCH
2026-08-21T15:12:34.359576+00:00,NOC,NORTHROP GRUMMAN SYSTEMS CORPORATION,DTFAWA17C00023,2026-08-21,"action_date,last_modified_date",,2017-06-08,2027-06-08,57052796.9,,DEFINITIVE CONTRACT,Department of Transportation,Federal Aviation Administration,"IGF::OT::IGF NORTHRUP GRUMMAN MISSION SYSTEMS (NGMS)SUPPORT FOR RAPID DEPLOYMENT VOICE SWITCH IIA (RDVS IIA), ENHANCED TERMINAL VOICE SWITCH (ETVS) OR SMALL TOWER VOICE SWITCH (STVS).",0,1,0,AWARD_LEVEL_SHADOW_WATCH_NOT_FROZEN_TRANSACTION_MODEL,RECON_LIVE_V4.7_MD14_MD11_STRICT_AWARD_RECIPIENT_MATCH
2026-08-21T15:12:34.359576+00:00,NOC,NORTHROP GRUMMAN SYSTEMS CORPORATION,80GSFC26F0006,2026-08-21,"action_date,last_modified_date",,2026-01-04,2027-01-03,1000358.0,,DELIVERY ORDER,National Aeronautics and Space Administration,National Aeronautics and Space Administration,"THE OBJECTIVE OF THIS EFFORT IS TO ENHANCE, BUILD UPON, AND MAINTAIN THE ATMOSPHERIC MODELING AND SIMULATION CAPABILITIES DEVELOPED IN PREVIOUS CONTRACT ITERATIONS.",0,0,0,AWARD_LEVEL_SHADOW_WATCH_NOT_FROZEN_TRANSACTION_MODEL,RECON_LIVE_V4.7_MD14_MD11_STRICT_AWARD_RECIPIENT_MATCH
2026-08-21T15:12:34.359576+00:00,NOC,NORTHROP GRUMMAN SYSTEMS CORPORATION,SPE4A525F8951,2026-08-21,last_modified_date,,2025-05-20,2028-02-14,450.0,,DELIVERY ORDER,Department of Defense,Defense Logistics Agency,"8511392258!NRP,COUPLING,QDISK",0,0,0,AWARD_LEVEL_SHADOW_WATCH_NOT_FROZEN_TRANSACTION_MODEL,RECON_LIVE_V4.7_MD14_MD11_STRICT_AWARD_RECIPIENT_MATCH
2026-08-21T15:12:34.359576+00:00,PLTR,PALANTIR TECHNOLOGIES INC.,70CTD026FC0000012,2026-08-21,"action_date,last_modified_date",,2026-05-05,2027-05-04,86271599.3,,BPA CALL,Department of Homeland Security,U.S. Immigration and Customs Enforcement,THIS ORDER PROVIDES ENFORCEMENT REMOVAL OPERATIONS MODERNIZATION AND OPERATIONAL CAPABILITY FOR THE ENFORCEMENT CASE MANAGEMENT SYSTEM ON THE CASE MANAGEMENT AND ANALYTICS PLATFORM IN SUPPORT OF THE U.S. IMMIGRATIONS CUSTOMS ENFORCEMENT MISSION.,0,1,0,AWARD_LEVEL_SHADOW_WATCH_NOT_FROZEN_TRANSACTION_MODEL,RECON_LIVE_V4.7_MD14_MD11_STRICT_AWARD_RECIPIENT_MATCH
2026-08-21T15:12:34.359576+00:00,PLTR,PALANTIR TECHNOLOGIES INC.,70CTD026FC0000018,2026-08-21,"action_date,last_modified_date",,2026-06-26,2027-06-25,45848616.8,,BPA CALL,Department of Homeland Security,U.S. Immigration and Customs Enforcement,THIS ORDER PROVIDES HOMELAND SECURITY INVESTIGATIONS SYSTEM MODERNIZATION FOR THE INVESTIGATIVE CASE MANAGEMENT AND INVESTIGATIVE ANALYTICS ON THE CASE MANAGEMENT AND ANALYTICS PLATFORM IN SUPPORT OF THE U.S. IMMIGRATIONS CUSTOMS ENFORCEMENT MISSION.,0,0,0,AWARD_LEVEL_SHADOW_WATCH_NOT_FROZEN_TRANSACTION_MODEL,RECON_LIVE_V4.7_MD14_MD11_STRICT_AWARD_RECIPIENT_MATCH
2026-08-21T15:12:34.359576+00:00,PLTR,PALANTIR TECHNOLOGIES INC.,GS35F0086U,2026-08-21,"action_date,last_modified_date",,2007-11-14,,0.0,,FSS,General Services Administration,Federal Acquisition Service,FEDERAL SUPPLY SCHEDULE CONTRACT,1,1,0,AWARD_LEVEL_SHADOW_WATCH_NOT_FROZEN_TRANSACTION_MODEL,RECON_LIVE_V4.7_MD14_MD11_STRICT_AWARD_RECIPIENT_MATCH
2026-08-21T15:12:34.359576+00:00,SATL,SATELLITE SERVICES INC,47PE5526F0125,2026-08-21,"action_date,last_modified_date",,2026-05-05,2026-10-30,49786.63,,BPA CALL,General Services Administration,Public Buildings Service,"REPAIRS TO LOADING DOCK & PARKING AREA IN TALLAHASSEE, FL.",0,0,0,AWARD_LEVEL_SHADOW_WATCH_NOT_FROZEN_TRANSACTION_MODEL,RECON_LIVE_V4.7_MD14_MD11_STRICT_AWARD_RECIPIENT_MATCH
2026-08-21T15:12:34.359576+00:00,TXT,TEXTRON AVIATION DEFENSE LLC,FA810621D0001,2026-08-21,last_modified_date,,2021-04-13,,0.0,,INDEFINITE DELIVERY / INDEFINITE QUANTITY,Department of Defense,Department of the Air Force,T-6 SUSTAINING ENGINEERING AND PROGRAM MANAGEMENT SERVICES,1,1,0,AWARD_LEVEL_SHADOW_WATCH_NOT_FROZEN_TRANSACTION_MODEL,RECON_LIVE_V4.7_MD14_MD11_STRICT_AWARD_RECIPIENT_MATCH
2026-08-21T15:12:34.359576+00:00,TXT,BELL TEXTRON INC,SPE4A624F111Z,2026-08-21,last_modified_date,,2024-05-18,2025-09-02,72191.25,,DELIVERY ORDER,Department of Defense,Defense Logistics Agency,"8510632155!CONNECTING LINK,RIG",0,0,0,AWARD_LEVEL_SHADOW_WATCH_NOT_FROZEN_TRANSACTION_MODEL,RECON_LIVE_V4.7_MD14_MD11_STRICT_AWARD_RECIPIENT_MATCH
2026-08-21T15:12:34.359576+00:00,TXT,BELL TEXTRON INC,SPE4A725F8220,2026-08-21,last_modified_date,,2025-08-15,2027-06-07,35862.75,,DELIVERY ORDER,Department of Defense,Defense Logistics Agency,"8511569419!GLARE SHIELD,AIRCRA",0,0,0,AWARD_LEVEL_SHADOW_WATCH_NOT_FROZEN_TRANSACTION_MODEL,RECON_LIVE_V4.7_MD14_MD11_STRICT_AWARD_RECIPIENT_MATCH
2026-08-21T15:12:34.359576+00:00,TXT,BELL TEXTRON INC,SPE4A525F3474,2026-08-21,last_modified_date,,2024-12-25,2026-06-18,34731.28,,DELIVERY ORDER,Department of Defense,Defense Logistics Agency,"8511085932!TOOL KIT,CYLINDER C",0,0,0,AWARD_LEVEL_SHADOW_WATCH_NOT_FROZEN_TRANSACTION_MODEL,RECON_LIVE_V4.7_MD14_MD11_STRICT_AWARD_RECIPIENT_MATCH
2026-08-21T15:12:34.359576+00:00,TXT,BELL TEXTRON INC,SPE4A525F5673,2026-08-21,last_modified_date,,2025-02-26,2026-09-30,8791.16,,DELIVERY ORDER,Department of Defense,Defense Logistics Agency,"8511212469!TUBE ASSEMBLY,METAL",0,0,0,AWARD_LEVEL_SHADOW_WATCH_NOT_FROZEN_TRANSACTION_MODEL,RECON_LIVE_V4.7_MD14_MD11_STRICT_AWARD_RECIPIENT_MATCH
2026-08-21T15:12:34.359576+00:00,TXT,BELL TEXTRON INC,SPE4A225F3589,2026-08-21,last_modified_date,,2025-04-24,2026-07-27,4556.14,,DELIVERY ORDER,Department of Defense,Defense Logistics Agency,8511339914!BELL CRANK,0,0,0,AWARD_LEVEL_SHADOW_WATCH_NOT_FROZEN_TRANSACTION_MODEL,RECON_LIVE_V4.7_MD14_MD11_STRICT_AWARD_RECIPIENT_MATCH
2026-08-21T15:12:34.359576+00:00,VSEC,"VSE AVIATION, INC.",70Z03826FN0000026,2026-08-21,"action_date,last_modified_date",,2026-08-19,2027-02-22,62502.2,,DELIVERY ORDER,Department of Homeland Security,U.S. Coast Guard,PROCUREMENT OF TIRES IN SUPPORT OF THE HC-27J AIRCRAFT.,0,0,0,AWARD_LEVEL_SHADOW_WATCH_NOT_FROZEN_TRANSACTION_MODEL,RECON_LIVE_V4.7_MD14_MD11_STRICT_AWARD_RECIPIENT_MATCH
2026-08-21T15:12:34.359576+00:00,WWD,"WOODWARD, INC.",70Z08026PIODV0022,2026-08-21,"action_date,last_modified_date",,2026-09-15,2026-09-17,6000.0,,PURCHASE ORDER,Department of Homeland Security,U.S. Coast Guard,IOD - EASYGENXT TRAINING COURSE FOR (4) USCG MEMBERS,0,0,0,AWARD_LEVEL_SHADOW_WATCH_NOT_FROZEN_TRANSACTION_MODEL,RECON_LIVE_V4.7_MD14_MD11_STRICT_AWARD_RECIPIENT_MATCH
