ticker,company,award_id,award_date,transaction_amount,agency,subagency,award_type
ACN,ACCENTURE FEDERAL SERVICES LLC,70T03026F7667N084,2026-08-17,799797.6,Department of Homeland Security,Transportation Security Administration,BPA CALL
ACN,ACCENTURE FEDERAL SERVICES LLC,70B04C23F00000074,2026-08-17,-1739247.07,Department of Homeland Security,U.S. Customs and Border Protection,DELIVERY ORDER
BA,THE BOEING COMPANY,NAS1510000,2026-08-17,1378971.52,National Aeronautics and Space Administration,National Aeronautics and Space Administration,DEFINITIVE CONTRACT
BAH,THUNDERYARD LIBERTY JV LLC,36C10B23N10360003,2026-08-17,6070852.48,Department of Veterans Affairs,Department of Veterans Affairs,DELIVERY ORDER
BAH,BOOZ ALLEN HAMILTON INC,140D0426F0095,2026-08-17,404433.37,Department of the Interior,Departmental Offices,DELIVERY ORDER
BAH,BOOZ ALLEN HAMILTON INC,47QFDA22F0027,2026-08-17,0.0,General Services Administration,Federal Acquisition Service,DELIVERY ORDER
BAH,BOOZ ALLEN HAMILTON INC,47QFPA22F0007,2026-08-17,0.0,General Services Administration,Federal Acquisition Service,DELIVERY ORDER
BAH,BOOZ ALLEN HAMILTON INC,47QFMA21F0015,2026-08-17,-8.64,General Services Administration,Federal Acquisition Service,DELIVERY ORDER
BAH,BOOZ ALLEN HAMILTON INC,47QFCA25F0029,2026-08-17,-4961783.23,General Services Administration,Federal Acquisition Service,DELIVERY ORDER
CAT,CATERPILLAR INC,140FS326F0185,2026-08-17,195958.0,Department of the Interior,U.S. Fish and Wildlife Service,DELIVERY ORDER
CAT,CATERPILLAR INC,140FS326F0184,2026-08-17,172342.0,Department of the Interior,U.S. Fish and Wildlife Service,DELIVERY ORDER
CAT,CATERPILLAR INC,140FS126F0079,2026-08-17,116241.0,Department of the Interior,U.S. Fish and Wildlife Service,DELIVERY ORDER
DE,"JOHN DEERE SHARED SERVICES, LLC",1232SA26F0473,2026-08-17,120495.4,Department of Agriculture,Agricultural Research Service,DELIVERY ORDER
DE,DEERE & COMPANY,140F1G26F0063,2026-08-17,171013.48,Department of the Interior,U.S. Fish and Wildlife Service,DELIVERY ORDER
GD,"GENERAL DYNAMICS INFORMATION TECHNOLOGY, INC.",70B01C24F00000727,2026-08-17,3455125.8,Department of Homeland Security,U.S. Customs and Border Protection,BPA CALL
GD,"GENERAL DYNAMICS INFORMATION TECHNOLOGY, INC.",75FCMC24F0065,2026-08-17,2390923.04,Department of Health and Human Services,Centers for Medicare and Medicaid Services,DELIVERY ORDER
GD,"GENERAL DYNAMICS INFORMATION TECHNOLOGY, INC.",693KA724F00018,2026-08-17,210000.0,Department of Transportation,Federal Aviation Administration,DELIVERY ORDER
GD,"GENERAL DYNAMICS INFORMATION TECHNOLOGY, INC.",68HERD24F0087,2026-08-17,0.0,Environmental Protection Agency,Environmental Protection Agency,BPA CALL
GE,GENERAL ELECTRIC COMPANY,70Z03826FA0000154,2026-08-17,53561.4,Department of Homeland Security,U.S. Coast Guard,DELIVERY ORDER
IBM,INTERNATIONAL BUSINESS MACHINES CORPORATION,2032H524F00441,2026-08-17,0.0,Department of the Treasury,Internal Revenue Service,DELIVERY ORDER
LDOS,"LEIDOS, INC.",70B03C26F00000621,2026-08-17,18816749.0,Department of Homeland Security,U.S. Customs and Border Protection,DELIVERY ORDER
LDOS,"LEIDOS, INC.",89243318CFE000003,2026-08-17,17457166.0,Department of Energy,Department of Energy,DEFINITIVE CONTRACT
LDOS,"LEIDOS, INC.",31310020F0052,2026-08-17,883000.0,Nuclear Regulatory Commission,Nuclear Regulatory Commission,BPA CALL
LDOS,"LEIDOS, INC.",DTFA0101CA0065CALL0001,2026-08-17,600000.0,Department of Transportation,Federal Aviation Administration,DELIVERY ORDER
LDOS,"LEIDOS, INC.",DTFA0101CA0065CALL0001,2026-08-17,70000.0,Department of Transportation,Federal Aviation Administration,DELIVERY ORDER
LDOS,"LEIDOS, INC.",DTFA0101CA0065CALL0001,2026-08-17,-16671.88,Department of Transportation,Federal Aviation Administration,DELIVERY ORDER
LDOS,LEIDOS DIGITAL SOLUTIONS INC,11316023F0051OAS,2026-08-17,-27838.88,Executive Office of the President,Executive Office of the President,DELIVERY ORDER
LDOS,"LEIDOS, INC.",DTFA0101CA0065CALL0001,2026-08-17,-70000.0,Department of Transportation,Federal Aviation Administration,DELIVERY ORDER
LDOS,"LEIDOS, INC.",47QFCA21C0002,2026-08-17,-41000000.0,General Services Administration,Federal Acquisition Service,DEFINITIVE CONTRACT
LUNR,"INTUITIVE MACHINES, LLC",80JSC021F0004,2026-08-17,-3300.0,National Aeronautics and Space Administration,National Aeronautics and Space Administration,DELIVERY ORDER
NOC,NORTHROP GRUMMAN SYSTEMS CORPORATION,70Z04423FC2PL0007,2026-08-17,-100982.7,Department of Homeland Security,U.S. Coast Guard,DELIVERY ORDER
NOC,NORTHROP GRUMMAN SYSTEMS CORPORATION,70Z04421F21004700,2026-08-17,-138787.55,Department of Homeland Security,U.S. Coast Guard,DELIVERY ORDER
PSN,"AMENTUM SERVICES, INC.",47QFCA23F0046,2026-08-17,16439350.0,General Services Administration,Federal Acquisition Service,DELIVERY ORDER
PSN,IDAHO ENVIRONMENTAL COALITION LLC,89304223FEM400000,2026-08-17,6361697.0,Department of Energy,Department of Energy,DELIVERY ORDER
PSN,PARSONS GOVERNMENT SERVICES INC.,47QFCA23F0024,2026-08-17,5223666.88,General Services Administration,Federal Acquisition Service,DELIVERY ORDER
PSN,WILLIAMS ELECTRIC CO INC,15M10522FA47NPH03,2026-08-17,826982.56,Department of Justice,U.S. Marshals Service,BPA CALL
PSN,"AMENTUM SERVICES, INC.",80MSFC26F7006,2026-08-17,6613.0,National Aeronautics and Space Administration,National Aeronautics and Space Administration,DELIVERY ORDER
PSN,"AMENTUM SERVICES, INC.",80MSFC26F7004,2026-08-17,0.0,National Aeronautics and Space Administration,National Aeronautics and Space Administration,DELIVERY ORDER
PSN,"AMENTUM SERVICES, INC.",80MSFC26F7005,2026-08-17,0.0,National Aeronautics and Space Administration,National Aeronautics and Space Administration,DELIVERY ORDER
SATL,SATELLITE SERVICES INC,70CMSW19FR0000044,2026-08-17,1577110.2,Department of Homeland Security,U.S. Immigration and Customs Enforcement,DELIVERY ORDER
ACN,ACCENTURE FEDERAL SERVICES LLC,89303026FIM000188,2026-08-18,2047213.46,Department of Energy,Department of Energy,BPA CALL
ACN,ACCENTURE FEDERAL SERVICES LLC,89303324FEM000034,2026-08-18,875000.0,Department of Energy,Department of Energy,BPA CALL
ACN,ACCENTURE FEDERAL SERVICES LLC,2032H524F00365,2026-08-18,0.0,Department of the Treasury,Internal Revenue Service,BPA CALL
ACN,ACCENTURE FEDERAL SERVICES LLC,693JJ323F00223N,2026-08-18,-7184.38,Department of Transportation,Federal Highway Administration,BPA CALL
BA,THE BOEING COMPANY,80MSFC20C0039,2026-08-18,-1121932.48,National Aeronautics and Space Administration,National Aeronautics and Space Administration,DEFINITIVE CONTRACT
BAH,BOOZ ALLEN HAMILTON INC,70B04C26F00000039,2026-08-18,1961371.26,Department of Homeland Security,U.S. Customs and Border Protection,BPA CALL
BAH,BOOZ ALLEN HAMILTON INC,140D0426F0797,2026-08-18,1936368.09,Department of the Interior,Departmental Offices,BPA CALL
CACI,"CACI NSS, LLC",70FA3126F00000043,2026-08-18,127923.9,Department of Homeland Security,Federal Emergency Management Agency,BPA CALL
CACI,"CACI NSS, LLC",15JA4823F00000010,2026-08-18,82438.4,Department of Justice,"Offices, Boards and Divisions",DELIVERY ORDER
CAT,CATERPILLAR INC,12444026P0155,2026-08-18,219380.0,Department of Agriculture,Forest Service,PURCHASE ORDER
DE,DEERE & COMPANY,140FS326F0156,2026-08-18,-5.63,Department of the Interior,U.S. Fish and Wildlife Service,DELIVERY ORDER
GD,"GENERAL DYNAMICS INFORMATION TECHNOLOGY, INC.",47QFCA24F0009,2026-08-18,13170732.0,General Services Administration,Federal Acquisition Service,DELIVERY ORDER
GD,"GENERAL DYNAMICS INFORMATION TECHNOLOGY, INC.",47QFCA24F0007,2026-08-18,5264895.0,General Services Administration,Federal Acquisition Service,DELIVERY ORDER
GD,"GENERAL DYNAMICS INFORMATION TECHNOLOGY, INC.",75P00123F37001,2026-08-18,589575.77,Department of Health and Human Services,Office of the Assistant Secretary for Administration,BPA CALL
GD,"GENERAL DYNAMICS MISSION SYSTEMS, INC.",70Z04426FCMPL0014,2026-08-18,57000.0,Department of Homeland Security,U.S. Coast Guard,DELIVERY ORDER
GD,"GENERAL DYNAMICS INFORMATION TECHNOLOGY, INC.",1333BJ23C00280007,2026-08-18,0.0,Department of Commerce,U.S. Patent and Trademark Office,DEFINITIVE CONTRACT
GD,"GENERAL DYNAMICS INFORMATION TECHNOLOGY, INC.",692M1525F00095,2026-08-18,0.0,Department of Transportation,Federal Aviation Administration,DELIVERY ORDER
GD,"GENERAL DYNAMICS INFORMATION TECHNOLOGY, INC.",15PTDD23F00000006,2026-08-18,0.0,Department of Justice,Office of Justice Programs,BPA CALL
GD,"GENERAL DYNAMICS INFORMATION TECHNOLOGY, INC.",692M1521F00198,2026-08-18,0.0,Department of Transportation,Federal Aviation Administration,DELIVERY ORDER
HON,HONEYWELL INTERNATIONAL INC.,70Z03826PZ0000098,2026-08-18,167480.0,Department of Homeland Security,U.S. Coast Guard,PURCHASE ORDER
HON,HONEYWELL INTERNATIONAL INC.,47PM0525F0042,2026-08-18,0.0,General Services Administration,Public Buildings Service,DELIVERY ORDER
HON,"NATIONAL TECHNOLOGY & ENGINEERING SOLUTIONS OF SANDIA, LLC",DENA0003525,2026-08-18,0.0,Department of Energy,Department of Energy,DEFINITIVE CONTRACT
HON,HONEYWELL INTERNATIONAL INC,697DCK19F00084,2026-08-18,0.0,Department of Transportation,Federal Aviation Administration,DELIVERY ORDER
IBM,INTERNATIONAL BUSINESS MACHINES CORPORATION,47QFEA25F0004,2026-08-18,2387410.84,General Services Administration,Federal Acquisition Service,DELIVERY ORDER
IBM,INTERNATIONAL BUSINESS MACHINES CORPORATION,GSQ0017AJ0007,2026-08-18,351213.06,General Services Administration,Federal Acquisition Service,DELIVERY ORDER
IBM,INTERNATIONAL BUSINESS MACHINES CORPORATION,47QMCB25C0001,2026-08-18,0.0,General Services Administration,Federal Acquisition Service,DEFINITIVE CONTRACT
LDOS,LEIDOS BIOMEDICAL RESEARCH INC,75N91025F00016,2026-08-18,29536535.09,Department of Health and Human Services,National Institutes of Health,DELIVERY ORDER
LDOS,"LEIDOS, INC.",80JSC024CA005,2026-08-18,4122742.65,National Aeronautics and Space Administration,National Aeronautics and Space Administration,DEFINITIVE CONTRACT
LDOS,"LEIDOS, INC.",70Z05326FENVI0016,2026-08-18,359095.13,Department of Homeland Security,U.S. Coast Guard,DELIVERY ORDER
LDOS,"LEIDOS, INC.",31310023F0028,2026-08-18,146000.0,Nuclear Regulatory Commission,Nuclear Regulatory Commission,BPA CALL
LDOS,"LEIDOS, INC.",28321322FDS030130,2026-08-18,0.0,Social Security Administration,Social Security Administration,DELIVERY ORDER
NOC,NORTHROP GRUMMAN SYSTEMS CORPORATION,NNM07AA75C,2026-08-18,0.0,National Aeronautics and Space Administration,National Aeronautics and Space Administration,DEFINITIVE CONTRACT
ONDS,"CONDOR RELIABILITY SERVICES, INC.",6973GH26F00979,2026-08-18,209666.4,Department of Transportation,Federal Aviation Administration,DELIVERY ORDER
PLTR,PALANTIR TECHNOLOGIES INC.,47QACA26F0278,2026-08-18,999999.56,General Services Administration,Federal Acquisition Service,DELIVERY ORDER
PSN,INCADENCE STRATEGIC SOLUTIONS LLC,70Z0G326FOIPL0029,2026-08-18,824477.86,Department of Homeland Security,U.S. Coast Guard,DELIVERY ORDER
PSN,"AMENTUM ENVIRONMENT & ENERGY, INC.",692M1526F00094,2026-08-18,80031.47,Department of Transportation,Federal Aviation Administration,DELIVERY ORDER
PSN,"AMENTUM ENVIRONMENT & ENERGY, INC.",692M1526F00230,2026-08-18,78063.19,Department of Transportation,Federal Aviation Administration,DELIVERY ORDER
PSN,"AMENTUM SERVICES, INC.",80MSFC26F7028,2026-08-18,28816.0,National Aeronautics and Space Administration,National Aeronautics and Space Administration,DELIVERY ORDER
PSN,"AMENTUM SERVICES, INC.",2032H824C00001,2026-08-18,23903.91,Department of the Treasury,Internal Revenue Service,DEFINITIVE CONTRACT
PSN,"AMENTUM TECHNOLOGY, INC.",80ARC023FA047,2026-08-18,15000.0,National Aeronautics and Space Administration,National Aeronautics and Space Administration,DELIVERY ORDER
PSN,IDAHO ENVIRONMENTAL COALITION LLC,89304223FEM400000,2026-08-18,0.0,Department of Energy,Department of Energy,DELIVERY ORDER
PSN,"AMENTUM TECHNOLOGY, INC.",1333BJ20F00280036,2026-08-18,-936.64,Department of Commerce,U.S. Patent and Trademark Office,DELIVERY ORDER
PSN,INCADENCE STRATEGIC SOLUTIONS LLC,70CMSD23P00000160,2026-08-18,-17580.55,Department of Homeland Security,U.S. Immigration and Customs Enforcement,PURCHASE ORDER
SATL,SATELLITE SERVICES INC,47PE5526F0594,2026-08-18,49995.26,General Services Administration,Public Buildings Service,BPA CALL
SATL,SATELLITE SERVICES INC,47PE5526F0627,2026-08-18,14790.4,General Services Administration,Public Buildings Service,BPA CALL
ACN,ACCENTURE FEDERAL SERVICES LLC,89303026FIM000213,2026-08-19,22451532.38,Department of Energy,Department of Energy,BPA CALL
ACN,ACCENTURE FEDERAL SERVICES LLC,15BNAS22F00000405,2026-08-19,3624589.99,Department of Justice,Federal Prison System / Bureau of Prisons,DELIVERY ORDER
ACN,ACCENTURE FEDERAL SERVICES LLC,1305M226F0385,2026-08-19,2933239.0,Department of Commerce,National Oceanic and Atmospheric Administration,BPA CALL
ACN,ACCENTURE FEDERAL SERVICES LLC,89233124FNA000152,2026-08-19,412000.0,Department of Energy,Department of Energy,BPA CALL
ACN,ACCENTURE FEDERAL SERVICES LLC,75A50125C00004,2026-08-19,6000.0,Department of Health and Human Services,Office of the Assistant Secretary for Financial Resources,DEFINITIVE CONTRACT
BA,THE BOEING COMPANY,47QSWC25F0076,2026-08-19,0.0,General Services Administration,Federal Acquisition Service,DELIVERY ORDER
BAH,BOOZ ALLEN HAMILTON INC,47QFRA24F0006,2026-08-19,1320508.68,General Services Administration,Federal Acquisition Service,DELIVERY ORDER
BAH,BOOZ ALLEN HAMILTON INC,47QFEA25F0005,2026-08-19,150567.75,General Services Administration,Federal Acquisition Service,DELIVERY ORDER
CACI,"CACI, INC. - FEDERAL",70B04C24F00001129,2026-08-19,8738970.84,Department of Homeland Security,U.S. Customs and Border Protection,DELIVERY ORDER
CACI,"CACI NSS, LLC",70RFP320FREH00021,2026-08-19,-56725.06,Department of Homeland Security,Office of Procurement Operations,DELIVERY ORDER
DE,"JOHN DEERE SHARED SERVICES, LLC",1240LR26F0036,2026-08-19,440745.56,Department of Agriculture,Forest Service,DELIVERY ORDER
GD,"GENERAL DYNAMICS INFORMATION TECHNOLOGY, INC.",1331L524F13ES0024,2026-08-19,446891.07,Department of Commerce,Office of the Secretary,BPA CALL
GD,"GENERAL DYNAMICS INFORMATION TECHNOLOGY, INC.",692M1521F00060,2026-08-19,200000.0,Department of Transportation,Federal Aviation Administration,DELIVERY ORDER
GD,"GENERAL DYNAMICS INFORMATION TECHNOLOGY, INC.",36C10D22N0007,2026-08-19,102373.9,Department of Veterans Affairs,Department of Veterans Affairs,DELIVERY ORDER
GD,"GENERAL DYNAMICS MISSION SYSTEMS, INC.",70Z04426FCMPL0014,2026-08-19,50181.0,Department of Homeland Security,U.S. Coast Guard,DELIVERY ORDER
GD,"GENERAL DYNAMICS INFORMATION TECHNOLOGY, INC.",692M1525F00064,2026-08-19,4200.0,Department of Transportation,Federal Aviation Administration,DELIVERY ORDER
GD,"GENERAL DYNAMICS MISSION SYSTEMS, INC.",140G0125F0192,2026-08-19,0.0,Department of the Interior,U.S. Geological Survey,DELIVERY ORDER
GE,GENERAL ELECTRIC COMPANY,70Z03826FA0000153,2026-08-19,1789182.0,Department of Homeland Security,U.S. Coast Guard,DELIVERY ORDER
GE,GENERAL ELECTRIC COMPANY,70Z03826FA0000053,2026-08-19,0.0,Department of Homeland Security,U.S. Coast Guard,DELIVERY ORDER
GE,GENERAL ELECTRIC COMPANY,36C26123P0593,2026-08-19,0.0,Department of Veterans Affairs,Department of Veterans Affairs,PURCHASE ORDER
HON,"NATIONAL TECHNOLOGY & ENGINEERING SOLUTIONS OF SANDIA, LLC",DENA0003525,2026-08-19,0.0,Department of Energy,Department of Energy,DEFINITIVE CONTRACT
HON,"HONEYWELL FEDERAL MANUFACTURING & TECHNOLOGIES, LLC",DENA0002839,2026-08-19,0.0,Department of Energy,Department of Energy,DEFINITIVE CONTRACT
IBM,INTERNATIONAL BUSINESS MACHINES CORPORATION,140D0425F0534,2026-08-19,-141013.55,Department of the Interior,Departmental Offices,DELIVERY ORDER
LDOS,LEIDOS BIOMEDICAL RESEARCH INC,75N91025F00005,2026-08-19,647872.0,Department of Health and Human Services,National Institutes of Health,DELIVERY ORDER
LDOS,"LEIDOS SECURITY DETECTION & AUTOMATION, INC.",70T04025F7672N016,2026-08-19,0.0,Department of Homeland Security,Transportation Security Administration,DELIVERY ORDER
LDOS,"LEIDOS SECURITY DETECTION & AUTOMATION, INC.",70CDCR25P00000022,2026-08-19,0.0,Department of Homeland Security,U.S. Immigration and Customs Enforcement,PURCHASE ORDER
LDOS,"LEIDOS, INC.",693KA720C00013,2026-08-19,0.0,Department of Transportation,Federal Aviation Administration,DEFINITIVE CONTRACT
LDOS,"LEIDOS, INC.",DTFAWA16C00021,2026-08-19,0.0,Department of Transportation,Federal Aviation Administration,DEFINITIVE CONTRACT
LDOS,LEIDOS BIOMEDICAL RESEARCH INC,75N91021F00019,2026-08-19,0.0,Department of Health and Human Services,National Institutes of Health,DELIVERY ORDER
LDOS,"LEIDOS, INC.",693JJ318F000362,2026-08-19,-25000.3,Department of Transportation,Federal Highway Administration,DELIVERY ORDER
LDOS,"LEIDOS, INC.",2032H524F00495,2026-08-19,-1701206.76,Department of the Treasury,Internal Revenue Service,DELIVERY ORDER
NOC,NORTHROP GRUMMAN SYSTEMS CORPORATION,80GSFC26F0006,2026-08-19,300358.0,National Aeronautics and Space Administration,National Aeronautics and Space Administration,DELIVERY ORDER
NOC,NORTHROP GRUMMAN SYSTEMS CORPORATION,DTFAWA17C00023,2026-08-19,34533.97,Department of Transportation,Federal Aviation Administration,DEFINITIVE CONTRACT
NOC,NORTHROP GRUMMAN SYSTEMS CORPORATION,80ARC024CA007,2026-08-19,0.0,National Aeronautics and Space Administration,National Aeronautics and Space Administration,DEFINITIVE CONTRACT
NOC,NORTHROP GRUMMAN SYSTEMS CORPORATION,47QFWA21F0007,2026-08-19,-1360790.25,General Services Administration,Federal Acquisition Service,DELIVERY ORDER
PLTR,PALANTIR TECHNOLOGIES INC.,70CTD026FC0000018,2026-08-19,0.0,Department of Homeland Security,U.S. Immigration and Customs Enforcement,BPA CALL
PLTR,PALANTIR TECHNOLOGIES INC.,70CTD026FC0000012,2026-08-19,0.0,Department of Homeland Security,U.S. Immigration and Customs Enforcement,BPA CALL
PSN,"AMENTUM SERVICES, INC.",80ARC026FA004,2026-08-19,9188.9,National Aeronautics and Space Administration,National Aeronautics and Space Administration,DELIVERY ORDER
PSN,IDAHO ENVIRONMENTAL COALITION LLC,89304223FEM400000,2026-08-19,0.0,Department of Energy,Department of Energy,DELIVERY ORDER
PSN,INCADENCE STRATEGIC SOLUTIONS LLC,15F06721F0000771,2026-08-19,-9292.54,Department of Justice,Federal Bureau of Investigation,DELIVERY ORDER
PSN,SYNCOM SPACE SERVICES LLC,NNS15AA75T,2026-08-19,-23806.26,National Aeronautics and Space Administration,National Aeronautics and Space Administration,DELIVERY ORDER
SATL,SATELLITE SERVICES INC,47PE5526F0125,2026-08-19,0.0,General Services Administration,Public Buildings Service,BPA CALL
VSEC,"VSE AVIATION, INC.",70Z03826FN0000026,2026-08-19,62502.2,Department of Homeland Security,U.S. Coast Guard,DELIVERY ORDER
WWD,"WOODWARD, INC.",70Z08026PIODV0022,2026-08-19,6000.0,Department of Homeland Security,U.S. Coast Guard,PURCHASE ORDER
ACN,ACCENTURE FEDERAL SERVICES LLC,70RCSJ23FR0000071,2026-08-21,20332874.23,Department of Homeland Security,Office of Procurement Operations,DELIVERY ORDER
ACN,ACCENTURE FEDERAL SERVICES LLC,140D0421F0253,2026-08-20,7753601.3,Department of the Interior,Departmental Offices,DELIVERY ORDER
ACN,ACCENTURE FEDERAL SERVICES LLC,70T03026F7667N027,2026-08-21,755144.76,Department of Homeland Security,Transportation Security Administration,BPA CALL
ACN,ACCENTURE FEDERAL SERVICES LLC,70T03026F7667N066,2026-08-20,714132.24,Department of Homeland Security,Transportation Security Administration,BPA CALL
ACN,ACCENTURE FEDERAL SERVICES LLC,12314418F0020,2026-08-20,660255.99,Department of Agriculture,Office of the Chief Financial Officer,DELIVERY ORDER
ACN,ACCENTURE FEDERAL SERVICES LLC,47QFRA21F0029,2026-08-20,60000.0,General Services Administration,Federal Acquisition Service,DELIVERY ORDER
ACN,ACCENTURE FEDERAL SERVICES LLC,6973GH26F00005,2026-08-20,10314.94,Department of Transportation,Federal Aviation Administration,BPA CALL
ACN,ACCENTURE FEDERAL SERVICES LLC,2032H524F00365,2026-08-20,0.0,Department of the Treasury,Internal Revenue Service,BPA CALL
ACN,ACCENTURE FEDERAL SERVICES LLC,91003125C0013,2026-08-20,-196812.0,Department of Education,Department of Education,DEFINITIVE CONTRACT
ACN,ACCENTURE FEDERAL SERVICES LLC,19AQMM23F7220,2026-08-21,-200328.8,Department of State,Department of State,BPA CALL
ACN,ACCENTURE FEDERAL SERVICES LLC,1333BJ24C00280005,2026-08-20,-624728.99,Department of Commerce,U.S. Patent and Trademark Office,DEFINITIVE CONTRACT
BA,THE BOEING COMPANY,80MSFC20C0052,2026-08-20,0.0,National Aeronautics and Space Administration,National Aeronautics and Space Administration,DEFINITIVE CONTRACT
BA,THE BOEING COMPANY,NNM12AA82C,2026-08-20,0.0,National Aeronautics and Space Administration,National Aeronautics and Space Administration,DEFINITIVE CONTRACT
BA,"JEPPESEN FOREFLIGHT, INC.",80NSSC26P0838,2026-08-20,0.0,National Aeronautics and Space Administration,National Aeronautics and Space Administration,PURCHASE ORDER
BA,THE BOEING COMPANY,80MSFC20C0039,2026-08-20,0.0,National Aeronautics and Space Administration,National Aeronautics and Space Administration,DEFINITIVE CONTRACT
BA,THE BOEING COMPANY,NNM07AB03C,2026-08-21,-388944.0,National Aeronautics and Space Administration,National Aeronautics and Space Administration,DEFINITIVE CONTRACT
BAH,BOOZ ALLEN HAMILTON INC,47QFCA24F0003,2026-08-20,15616052.0,General Services Administration,Federal Acquisition Service,DELIVERY ORDER
BAH,BOOZ ALLEN HAMILTON INC,47QFWA26F0015,2026-08-21,11024262.87,General Services Administration,Federal Acquisition Service,DELIVERY ORDER
BAH,BOOZ ALLEN HAMILTON INC,50310220F0017,2026-08-21,7254485.05,Securities and Exchange Commission,Securities and Exchange Commission,DELIVERY ORDER
BAH,BOOZ ALLEN HAMILTON INC,47QFCA26F0010,2026-08-20,4811995.0,General Services Administration,Federal Acquisition Service,DELIVERY ORDER
BAH,BOOZ ALLEN HAMILTON INC,36C10B21N10150057,2026-08-20,2552148.8,Department of Veterans Affairs,Department of Veterans Affairs,DELIVERY ORDER
BAH,BOOZ ALLEN HAMILTON INC,89303019FET000003,2026-08-21,1650000.0,Department of Energy,Department of Energy,BPA CALL
BAH,BOOZ ALLEN HAMILTON INC,75FCMC22F0114,2026-08-20,1122037.5,Department of Health and Human Services,Centers for Medicare and Medicaid Services,DELIVERY ORDER
BAH,BOOZ ALLEN HAMILTON INC,68HERF26F0120,2026-08-20,750000.0,Environmental Protection Agency,Environmental Protection Agency,BPA CALL
BAH,BOOZ ALLEN HAMILTON INC,693KA923F00103,2026-08-21,18001.0,Department of Transportation,Federal Aviation Administration,DELIVERY ORDER
BAH,BOOZ ALLEN HAMILTON INC,15JPSS19F00000490,2026-08-21,0.0,Department of Justice,"Offices, Boards and Divisions",BPA CALL
BAH,BOOZ ALLEN HAMILTON INC,47QFSA23F0028,2026-08-21,0.0,General Services Administration,Federal Acquisition Service,DELIVERY ORDER
BAH,BOOZ ALLEN HAMILTON INC,693KA922F00192,2026-08-21,-1721.27,Department of Transportation,Federal Aviation Administration,DELIVERY ORDER
BAH,BOOZ ALLEN HAMILTON INC,693KA922F00106,2026-08-21,-4537.3,Department of Transportation,Federal Aviation Administration,DELIVERY ORDER
BAH,BOOZ ALLEN HAMILTON INC,47QFSA20F0031,2026-08-21,-5000.0,General Services Administration,Federal Acquisition Service,DELIVERY ORDER
BAH,BOOZ ALLEN HAMILTON INC,HSFE6016J0246,2026-08-21,-47010.69,Department of Homeland Security,Federal Emergency Management Agency,DELIVERY ORDER
BAH,BOOZ ALLEN HAMILTON INC,693KA923F00129,2026-08-21,-272948.47,Department of Transportation,Federal Aviation Administration,DELIVERY ORDER
CACI,"CACI, INC. - FEDERAL",80TECH24CA002,2026-08-20,22146996.96,National Aeronautics and Space Administration,National Aeronautics and Space Administration,DEFINITIVE CONTRACT
CACI,"CACI NSS, LLC",70RTAC26FC0000008,2026-08-20,976698.78,Department of Homeland Security,Office of Procurement Operations,BPA CALL
CACI,"CACI, LLC - COMMERCIAL",15JPSS21F00000459,2026-08-20,58960.0,Department of Justice,"Offices, Boards and Divisions",DELIVERY ORDER
CACI,ESTUDIOS EDIFICACIONES E INTERVENTORIAS EN INGENIERIA EEII S A S,19AQMM26F0994,2026-08-20,0.0,Department of State,Department of State,DELIVERY ORDER
CACI,ESTUDIOS EDIFICACIONES E INTERVENTORIAS EN INGENIERIA EEII S A S,19AQMM26F0993,2026-08-20,0.0,Department of State,Department of State,DELIVERY ORDER
CACI,"CACI NSS, LLC",70FA3126F00000043,2026-08-20,0.0,Department of Homeland Security,Federal Emergency Management Agency,BPA CALL
CAT,CATERPILLAR INC,36C24126F0149,2026-08-20,224033.0,Department of Veterans Affairs,Department of Veterans Affairs,DELIVERY ORDER
CAT,CATERPILLAR INC,36C24126F0146,2026-08-21,218294.0,Department of Veterans Affairs,Department of Veterans Affairs,DELIVERY ORDER
DE,DEERE & COMPANY,15B31526F00000093,2026-08-21,87654.0,Department of Justice,Federal Prison System / Bureau of Prisons,DELIVERY ORDER
GD,"GENERAL DYNAMICS INFORMATION TECHNOLOGY, INC.",140D0425F0725,2026-08-21,24469767.82,Department of the Interior,Departmental Offices,DELIVERY ORDER
GD,GENERAL DYNAMICS INFORMATION TECHNOLOGY INC.,19AQMM25F0096,2026-08-20,1956330.5,Department of State,Department of State,DELIVERY ORDER
GD,"GENERAL DYNAMICS INFORMATION TECHNOLOGY, INC.",47QFCA23F0040,2026-08-20,566498.55,General Services Administration,Federal Acquisition Service,DELIVERY ORDER
GD,"GENERAL DYNAMICS INFORMATION TECHNOLOGY, INC.",68HERW26F0158,2026-08-20,400000.0,Environmental Protection Agency,Environmental Protection Agency,DELIVERY ORDER
GD,"GENERAL DYNAMICS INFORMATION TECHNOLOGY, INC.",70B06C26P00000309,2026-08-20,106906.0,Department of Homeland Security,U.S. Customs and Border Protection,PURCHASE ORDER
GD,"GENERAL DYNAMICS MISSION SYSTEMS, INC.",70Z04426FCMPL0014,2026-08-20,99400.0,Department of Homeland Security,U.S. Coast Guard,DELIVERY ORDER
GD,"GENERAL DYNAMICS MISSION SYSTEMS, INC.",70Z04426FCMPL0014,2026-08-21,47800.0,Department of Homeland Security,U.S. Coast Guard,DELIVERY ORDER
GD,"GENERAL DYNAMICS INFORMATION TECHNOLOGY, INC.",692M1519F00283,2026-08-20,3000.0,Department of Transportation,Federal Aviation Administration,DELIVERY ORDER
GD,"GENERAL DYNAMICS INFORMATION TECHNOLOGY, INC.",692M1520F00194,2026-08-20,2500.0,Department of Transportation,Federal Aviation Administration,DELIVERY ORDER
GD,"GENERAL DYNAMICS INFORMATION TECHNOLOGY, INC.",692M1519F00620,2026-08-20,650.0,Department of Transportation,Federal Aviation Administration,DELIVERY ORDER
GD,"GENERAL DYNAMICS INFORMATION TECHNOLOGY, INC.",70T01021F7663N013,2026-08-21,0.0,Department of Homeland Security,Transportation Security Administration,DELIVERY ORDER
GD,"GENERAL DYNAMICS INFORMATION TECHNOLOGY, INC.",47QFCA25F0013,2026-08-20,0.0,General Services Administration,Federal Acquisition Service,DELIVERY ORDER
GD,"GENERAL DYNAMICS MISSION SYSTEMS, INC.",70T03021P7667N001,2026-08-21,0.0,Department of Homeland Security,Transportation Security Administration,PURCHASE ORDER
GE,GENERAL ELECTRIC COMPANY,70Z03826FR0000128,2026-08-21,769735.16,Department of Homeland Security,U.S. Coast Guard,DELIVERY ORDER
GE,GE AVIATION SYSTEMS LLC,70Z03826FC0000037,2026-08-20,60383.16,Department of Homeland Security,U.S. Coast Guard,DELIVERY ORDER
GE,GENERAL ELECTRIC COMPANY,70Z03826FA0000157,2026-08-20,13030.5,Department of Homeland Security,U.S. Coast Guard,DELIVERY ORDER
GE,GE AVIATION SYSTEMS LLC,70Z03826FC0000035,2026-08-20,1.8,Department of Homeland Security,U.S. Coast Guard,DELIVERY ORDER
GE,GENERAL ELECTRIC COMPANY,70Z03826FR0000107,2026-08-20,0.0,Department of Homeland Security,U.S. Coast Guard,DELIVERY ORDER
GE,GENERAL ELECTRIC COMPANY,70Z03826FR0000106,2026-08-20,0.0,Department of Homeland Security,U.S. Coast Guard,DELIVERY ORDER
HII,HII MISSION TECHNOLOGIES CORP,1331L525P13350074,2026-08-20,4000.0,Department of Commerce,Office of the Secretary,PURCHASE ORDER
HON,HONEYWELL INTERNATIONAL INC.,36C26225F0545,2026-08-20,3808249.49,Department of Veterans Affairs,Department of Veterans Affairs,DELIVERY ORDER
HON,HONEYWELL ANALYTICS INC.,70Z04026PSBPL0092,2026-08-20,27005.0,Department of Homeland Security,U.S. Coast Guard,PURCHASE ORDER
IBM,INTERNATIONAL BUSINESS MACHINES CORPORATION,47QPCA26F0005,2026-08-20,0.0,General Services Administration,Federal Acquisition Service,DELIVERY ORDER
KTOS,"KRATOS SRE, INC.",80MSFC25F0051,2026-08-20,0.0,National Aeronautics and Space Administration,National Aeronautics and Space Administration,DELIVERY ORDER
LDOS,LEIDOS BIOMEDICAL RESEARCH INC,75N91021F00017,2026-08-21,11687557.83,Department of Health and Human Services,National Institutes of Health,DELIVERY ORDER
LDOS,"LEIDOS, INC.",2032H524F00495,2026-08-20,8768524.14,Department of the Treasury,Internal Revenue Service,DELIVERY ORDER
LDOS,"LEIDOS, INC.",31310020F0052,2026-08-20,1086000.0,Nuclear Regulatory Commission,Nuclear Regulatory Commission,BPA CALL
LDOS,QTC MEDICAL SERVICES INC,140D0426F0886,2026-08-20,420733.0,Department of the Interior,Departmental Offices,DELIVERY ORDER
LDOS,QTC MEDICAL SERVICES INC,140D0426F0885,2026-08-20,324680.0,Department of the Interior,Departmental Offices,DELIVERY ORDER
LDOS,LEIDOS BIOMEDICAL RESEARCH INC,75N91025F00013,2026-08-20,91581.0,Department of Health and Human Services,National Institutes of Health,DELIVERY ORDER
LDOS,"LEIDOS, INC.",70RTAC26FR0000001,2026-08-20,0.0,Department of Homeland Security,Office of Procurement Operations,DELIVERY ORDER
LDOS,"LEIDOS, INC.",70RTAC26FR0000001,2026-08-21,0.0,Department of Homeland Security,Office of Procurement Operations,DELIVERY ORDER
LDOS,"LEIDOS, INC.",47QFCA26C0001,2026-08-20,0.0,General Services Administration,Federal Acquisition Service,DEFINITIVE CONTRACT
LDOS,LEIDOS BIOMEDICAL RESEARCH INC,75N91025F00009,2026-08-20,0.0,Department of Health and Human Services,National Institutes of Health,DELIVERY ORDER
LDOS,"LEIDOS, INC.",15JPSS21F00000387,2026-08-21,-8109.47,Department of Justice,"Offices, Boards and Divisions",DELIVERY ORDER
LDOS,"LEIDOS, INC.",15JPSS21F00000545,2026-08-21,-616954.45,Department of Justice,"Offices, Boards and Divisions",DELIVERY ORDER
LDOS,LEIDOS BIOMEDICAL RESEARCH INC,75N91020F00014,2026-08-21,-40507782.34,Department of Health and Human Services,National Institutes of Health,DELIVERY ORDER
NOC,NORTHROP GRUMMAN SYSTEMS CORPORATION,NNH15CN76C,2026-08-20,33000000.0,National Aeronautics and Space Administration,National Aeronautics and Space Administration,DEFINITIVE CONTRACT
NOC,NORTHROP GRUMMAN SYSTEMS CORPORATION,NNM07AA75C,2026-08-21,0.0,National Aeronautics and Space Administration,National Aeronautics and Space Administration,DEFINITIVE CONTRACT
NOC,NORTHROP GRUMMAN SYSTEMS CORPORATION,NNM07AA75C,2026-08-21,-4254000.0,National Aeronautics and Space Administration,National Aeronautics and Space Administration,DEFINITIVE CONTRACT
PLTR,PALANTIR TECHNOLOGIES INC.,36C10B25F0313,2026-08-20,484706.63,Department of Veterans Affairs,Department of Veterans Affairs,DELIVERY ORDER
PSN,PARSONS GOVERNMENT SERVICES INC.,89233123FNA000121,2026-08-21,3291792.41,Department of Energy,Department of Energy,BPA CALL
PSN,"AMENTUM SERVICES, INC.",47QFWA23F0004,2026-08-21,2898870.14,General Services Administration,Federal Acquisition Service,DELIVERY ORDER
PSN,PARSONS GOVERNMENT SERVICES INC.,89233122FNA000107,2026-08-21,1314241.85,Department of Energy,Department of Energy,BPA CALL
PSN,PARSONS GOVERNMENT SERVICES INC.,1305M424F0026,2026-08-20,750000.0,Department of Commerce,National Oceanic and Atmospheric Administration,DELIVERY ORDER
PSN,"AMENTUM TECHNOLOGY, INC.",80ARC026FA012,2026-08-20,647555.51,National Aeronautics and Space Administration,National Aeronautics and Space Administration,DELIVERY ORDER
PSN,PARSONS GOVERNMENT SERVICES INC.,89233126FNA000205,2026-08-21,250000.0,Department of Energy,Department of Energy,BPA CALL
PSN,"MICHAEL BAKER INTERNATIONAL, INC.",693JJ326F00125N,2026-08-20,200000.0,Department of Transportation,Federal Highway Administration,DELIVERY ORDER
PSN,"AMENTUM TECHNOLOGY, INC.",80ARC023FA056,2026-08-20,85000.0,National Aeronautics and Space Administration,National Aeronautics and Space Administration,DELIVERY ORDER
PSN,"DELTA BRIDGE, INC.",140R6026F0045,2026-08-21,45925.32,Department of the Interior,Bureau of Reclamation,BPA CALL
PSN,"AMENTUM SERVICES, INC.",80MSFC26F7027,2026-08-20,25000.0,National Aeronautics and Space Administration,National Aeronautics and Space Administration,DELIVERY ORDER
PSN,"AMENTUM SERVICES, INC.",80MSFC26F7027,2026-08-20,20000.0,National Aeronautics and Space Administration,National Aeronautics and Space Administration,DELIVERY ORDER
PSN,"AMENTUM SERVICES, INC.",47QSCC26F6CAB,2026-08-20,1260.24,General Services Administration,Federal Acquisition Service,DELIVERY ORDER
PSN,IDAHO ENVIRONMENTAL COALITION LLC,89304223FEM400000,2026-08-20,0.0,Department of Energy,Department of Energy,DELIVERY ORDER
PSN,"AMENTUM SERVICES, INC.",80MSFC26F7006,2026-08-20,-285539.0,National Aeronautics and Space Administration,National Aeronautics and Space Administration,DELIVERY ORDER
SATL,SATELLITE SERVICES INC,47PE5526F0640,2026-08-20,49934.94,General Services Administration,Public Buildings Service,BPA CALL
SATL,SATELLITE SERVICES INC,47PE5526F0641,2026-08-20,47439.93,General Services Administration,Public Buildings Service,BPA CALL
SATL,SATELLITE SERVICES INC,47PE5526F0659,2026-08-20,36267.68,General Services Administration,Public Buildings Service,BPA CALL
SATL,SATELLITE SERVICES INC,47PE5526F0649,2026-08-20,29653.98,General Services Administration,Public Buildings Service,BPA CALL
SATL,SATELLITE SERVICES INC,47PE5526F0645,2026-08-20,19709.19,General Services Administration,Public Buildings Service,BPA CALL
SATL,SATELLITE SERVICES INC,47PD5326F0344,2026-08-21,13139.13,General Services Administration,Public Buildings Service,DELIVERY ORDER
SATL,SATELLITE SERVICES INC,47PE5526F0652,2026-08-20,10282.42,General Services Administration,Public Buildings Service,BPA CALL
SATL,SATELLITE SERVICES INC,47PE5526F0655,2026-08-20,9960.72,General Services Administration,Public Buildings Service,BPA CALL
SATL,SATELLITE SERVICES INC,47PE5526F0660,2026-08-21,7766.12,General Services Administration,Public Buildings Service,BPA CALL
ACN,ACCENTURE FEDERAL SERVICES LLC,70T03026F7667N085,2026-08-24,84560.0,Department of Homeland Security,Transportation Security Administration,BPA CALL
ACN,ACCENTURE FEDERAL SERVICES LLC,140D0424F1317,2026-08-24,0.0,Department of the Interior,Departmental Offices,DELIVERY ORDER
ACN,ACCENTURE FEDERAL SERVICES LLC,692M1525F00027,2026-08-24,-10314.94,Department of Transportation,Federal Aviation Administration,BPA CALL
AVAV,BLUEHALO LLC,80NSSC26P1421,2026-08-24,25100.0,National Aeronautics and Space Administration,National Aeronautics and Space Administration,PURCHASE ORDER
BA,BELL BOEING JOINT PROJECT OFFICE,47QFWA20C0004,2026-08-24,0.0,General Services Administration,Federal Acquisition Service,DEFINITIVE CONTRACT
BAH,BOOZ ALLEN HAMILTON INC,80JSC026FA136,2026-08-24,328750.0,National Aeronautics and Space Administration,National Aeronautics and Space Administration,BPA CALL
BAH,BOOZ ALLEN HAMILTON INC,75D30122F15136,2026-08-24,-55070.4,Department of Health and Human Services,Centers for Disease Control and Prevention,BPA CALL
BAH,BOOZ ALLEN HAMILTON INC,47QFCA20F0014,2026-08-24,-1292201.7,General Services Administration,Federal Acquisition Service,DELIVERY ORDER
CACI,"CACI NSS, LLC",70US0926F1DHS2600,2026-08-24,6863122.41,Department of Homeland Security,U.S. Secret Service,BPA CALL
CACI,"CACI, INC. - FEDERAL",47QFRA24F0005,2026-08-24,6528289.56,General Services Administration,Federal Acquisition Service,DELIVERY ORDER
CACI,"CACI NSS, LLC",70RTAC26FC0000018,2026-08-24,215524.0,Department of Homeland Security,Office of Procurement Operations,BPA CALL
CACI,"CACI NSS, LLC",70RDA126FC0000014,2026-08-24,0.0,Department of Homeland Security,Office of Procurement Operations,BPA CALL
CACI,"CACI NSS, LLC",HSBP1017J00112,2026-08-24,-93552.81,Department of Homeland Security,U.S. Customs and Border Protection,DELIVERY ORDER
DE,DEERE & COMPANY,1232SA26F0497,2026-08-24,195559.03,Department of Agriculture,Agricultural Research Service,DELIVERY ORDER
DE,DEERE & COMPANY,1232SA26F0450,2026-08-24,-124.2,Department of Agriculture,Agricultural Research Service,DELIVERY ORDER
ETN,EATON CORPORATION,6973GH26F01308,2026-08-24,145626.35,Department of Transportation,Federal Aviation Administration,DELIVERY ORDER
ETN,EATON CORPORATION,6973GH26F01309,2026-08-24,98994.47,Department of Transportation,Federal Aviation Administration,DELIVERY ORDER
ETN,EATON CORPORATION,6973GH26F00265,2026-08-24,20045.44,Department of Transportation,Federal Aviation Administration,DELIVERY ORDER
ETN,EATON CORPORATION,6973GH26F00637,2026-08-24,-149500.0,Department of Transportation,Federal Aviation Administration,DELIVERY ORDER
GD,"GENERAL DYNAMICS INFORMATION TECHNOLOGY, INC.",75FCMC25FJ031,2026-08-24,5836485.0,Department of Health and Human Services,Centers for Medicare and Medicaid Services,DELIVERY ORDER
GD,"GENERAL DYNAMICS INFORMATION TECHNOLOGY, INC.",70B01C26F00000616,2026-08-24,2746727.79,Department of Homeland Security,U.S. Customs and Border Protection,BPA CALL
GD,"GENERAL DYNAMICS INFORMATION TECHNOLOGY, INC.",140D0426F0370,2026-08-24,1725402.91,Department of the Interior,Departmental Offices,DELIVERY ORDER
GD,"GENERAL DYNAMICS INFORMATION TECHNOLOGY, INC.",70RDA124FR0000005,2026-08-24,120000.0,Department of Homeland Security,Office of Procurement Operations,DELIVERY ORDER
GD,"GENERAL DYNAMICS INFORMATION TECHNOLOGY, INC.",692M1522F00011,2026-08-24,0.0,Department of Transportation,Federal Aviation Administration,DELIVERY ORDER
GE,GENERAL ELECTRIC COMPANY,70Z03826FR0000130,2026-08-24,1396072.74,Department of Homeland Security,U.S. Coast Guard,DELIVERY ORDER
GE,GE AVIATION SYSTEMS LLC,70Z03826FC0000040,2026-08-24,338954.55,Department of Homeland Security,U.S. Coast Guard,DELIVERY ORDER
GE,GENERAL ELECTRIC COMPANY,75H71119P00864,2026-08-24,-1414.46,Department of Health and Human Services,Indian Health Service,PURCHASE ORDER
GE,GENERAL ELECTRIC COMPANY,75H71022P01172,2026-08-24,-6968.84,Department of Health and Human Services,Indian Health Service,PURCHASE ORDER
HII,HII MISSION TECHNOLOGIES CORP,47QFSA21F0018,2026-08-24,-155875.34,General Services Administration,Federal Acquisition Service,DELIVERY ORDER
HON,"HONEYWELL INTERNATIONAL, INC",47PC5426P0019,2026-08-24,0.0,General Services Administration,Public Buildings Service,PURCHASE ORDER
IBM,INTERNATIONAL BUSINESS MACHINES CORPORATION,70SBUR25F00000032,2026-08-24,0.0,Department of Homeland Security,U.S. Citizenship and Immigration Services,DELIVERY ORDER
LDOS,"LEIDOS, INC.",70B03C26F00000633,2026-08-24,39650533.0,Department of Homeland Security,U.S. Customs and Border Protection,DELIVERY ORDER
LDOS,LEIDOS BIOMEDICAL RESEARCH INC,75N91026F00025,2026-08-24,880989.0,Department of Health and Human Services,National Institutes of Health,DELIVERY ORDER
LDOS,LEIDOS BIOMEDICAL RESEARCH INC,75N91026F00022,2026-08-24,559073.0,Department of Health and Human Services,National Institutes of Health,DELIVERY ORDER
LDOS,QTC MEDICAL SERVICES INC,140D0425F0208,2026-08-24,0.0,Department of the Interior,Departmental Offices,DELIVERY ORDER
LDOS,LEIDOS BIOMEDICAL RESEARCH INC,75N91025F00017,2026-08-24,0.0,Department of Health and Human Services,National Institutes of Health,DELIVERY ORDER
LDOS,"LEIDOS, INC.",47QFMA25F0015,2026-08-24,-40000.0,General Services Administration,Federal Acquisition Service,BPA CALL
NOC,NORTHROP GRUMMAN SYSTEMS CORPORATION,80ARC024CA007,2026-08-24,2895264.0,National Aeronautics and Space Administration,National Aeronautics and Space Administration,DEFINITIVE CONTRACT
NOC,NORTHROP GRUMMAN SYSTEMS CORPORATION,70B02C20C00000024,2026-08-24,-1814469.86,Department of Homeland Security,U.S. Customs and Border Protection,DEFINITIVE CONTRACT
PLTR,PALANTIR USG INC,19AQMM26F7166,2026-08-24,20439958.0,Department of State,Department of State,BPA CALL
PSN,SOUTHERN OHIO CLEANUP COMPANY LLC,89303125FEM400428,2026-08-24,24567000.0,Department of Energy,Department of Energy,DELIVERY ORDER
PSN,FOUR RIVERS NUCLEAR PARTNERSHIP LLC,89303123FEM400244,2026-08-24,1600000.0,Department of Energy,Department of Energy,DELIVERY ORDER
PSN,"AMENTUM SERVICES, INC.",47QSCC26F6EES,2026-08-23,452.07,General Services Administration,Federal Acquisition Service,DELIVERY ORDER
PSN,"AMENTUM SERVICES, INC.",47QSCC26F6EDS,2026-08-23,236.6,General Services Administration,Federal Acquisition Service,DELIVERY ORDER
PSN,"AMENTUM SERVICES, INC.",47QSCC26F6EEQ,2026-08-23,52.31,General Services Administration,Federal Acquisition Service,DELIVERY ORDER
PSN,"AMENTUM SERVICES, INC.",47QSCC26F6EEN,2026-08-23,13.4,General Services Administration,Federal Acquisition Service,DELIVERY ORDER
PSN,"PAE GOVERNMENT SERVICES, INC.",19AQMM24F1629,2026-08-24,0.0,Department of State,Department of State,DELIVERY ORDER
PSN,"MICHAEL BAKER INTERNATIONAL, INC.",693JJ326F00125N,2026-08-24,0.0,Department of Transportation,Federal Highway Administration,DELIVERY ORDER
ACN,ACCENTURE FEDERAL SERVICES LLC,70CTD021FR0000232,2026-08-25,6733051.0,Department of Homeland Security,U.S. Immigration and Customs Enforcement,DELIVERY ORDER
ACN,ACCENTURE FEDERAL SERVICES LLC,89303026FIM000198,2026-08-25,2994326.6,Department of Energy,Department of Energy,BPA CALL
ACN,ACCENTURE FEDERAL SERVICES LLC,75FCMC26F0129,2026-08-25,235304.0,Department of Health and Human Services,Centers for Medicare and Medicaid Services,DELIVERY ORDER
ACN,ACCENTURE FEDERAL SERVICES LLC,1305M226F0385,2026-08-25,0.0,Department of Commerce,National Oceanic and Atmospheric Administration,BPA CALL
ACN,ACCENTURE FEDERAL SERVICES LLC,89233122FNA000099,2026-08-25,-31206.66,Department of Energy,Department of Energy,BPA CALL
ACN,ACCENTURE FEDERAL SERVICES LLC,89303024FIM000147,2026-08-25,-237515.0,Department of Energy,Department of Energy,BPA CALL
BAH,BOOZ ALLEN HAMILTON INC,80JSC025FA184,2026-08-25,20054.0,National Aeronautics and Space Administration,National Aeronautics and Space Administration,BPA CALL
BAH,BOOZ ALLEN HAMILTON INC,693KA922F00137,2026-08-25,0.0,Department of Transportation,Federal Aviation Administration,DELIVERY ORDER
BAH,BOOZ ALLEN HAMILTON INC,47QFMA21F0015,2026-08-25,0.0,General Services Administration,Federal Acquisition Service,DELIVERY ORDER
BAH,BOOZ ALLEN HAMILTON INC,80JSC025FA191,2026-08-25,0.0,National Aeronautics and Space Administration,National Aeronautics and Space Administration,BPA CALL
CAT,CATERPILLAR INC,140FS326F0189,2026-08-25,156582.0,Department of the Interior,U.S. Fish and Wildlife Service,DELIVERY ORDER
CAT,CATERPILLAR INC,140FS326F0172,2026-08-25,0.0,Department of the Interior,U.S. Fish and Wildlife Service,DELIVERY ORDER
CAT,CATERPILLAR INC,140FS326F0184,2026-08-25,0.0,Department of the Interior,U.S. Fish and Wildlife Service,DELIVERY ORDER
CAT,CATERPILLAR INC,140FS326F0173,2026-08-25,0.0,Department of the Interior,U.S. Fish and Wildlife Service,DELIVERY ORDER
CAT,CATERPILLAR INC,140FS326F0174,2026-08-25,0.0,Department of the Interior,U.S. Fish and Wildlife Service,DELIVERY ORDER
CAT,CATERPILLAR INC,140FS326F0176,2026-08-25,0.0,Department of the Interior,U.S. Fish and Wildlife Service,DELIVERY ORDER
CAT,CATERPILLAR INC,140FS326F0177,2026-08-25,0.0,Department of the Interior,U.S. Fish and Wildlife Service,DELIVERY ORDER
DE,DEERE & COMPANY,140FS226F0133,2026-08-25,284094.75,Department of the Interior,U.S. Fish and Wildlife Service,DELIVERY ORDER
GD,GENERAL DYNAMICS INFORMATION TECHNOLOGY INC.,19AQMM25F0003,2026-08-25,8275295.0,Department of State,Department of State,DELIVERY ORDER
GD,"GENERAL DYNAMICS INFORMATION TECHNOLOGY, INC.",75FCMC25FJ027,2026-08-25,7752059.0,Department of Health and Human Services,Centers for Medicare and Medicaid Services,DELIVERY ORDER
GD,"GENERAL DYNAMICS INFORMATION TECHNOLOGY, INC.",47QFMA25F0014,2026-08-25,1295340.13,General Services Administration,Federal Acquisition Service,BPA CALL
GD,"GENERAL DYNAMICS INFORMATION TECHNOLOGY, INC.",693KA726F00016,2026-08-25,640000.0,Department of Transportation,Federal Aviation Administration,DELIVERY ORDER
GD,"GENERAL DYNAMICS INFORMATION TECHNOLOGY, INC.",47QFMA21F0041,2026-08-25,397260.0,General Services Administration,Federal Acquisition Service,BPA CALL
GD,"GENERAL DYNAMICS INFORMATION TECHNOLOGY, INC.",692M1518F00742,2026-08-25,10000.0,Department of Transportation,Federal Aviation Administration,DELIVERY ORDER
HII,HII MISSION TECHNOLOGIES CORP,47QFEA20F0016,2026-08-25,-1240132.65,General Services Administration,Federal Acquisition Service,DELIVERY ORDER
IBM,INTERNATIONAL BUSINESS MACHINES CORPORATION,36C10B19C0059,2026-08-25,0.0,Department of Veterans Affairs,Department of Veterans Affairs,DEFINITIVE CONTRACT
KTOS,KRATOS ANALYTICAL INC,1333ND24PNB640345,2026-08-25,28663.0,Department of Commerce,National Institute of Standards and Technology,PURCHASE ORDER
KTOS,ROGERSON KRATOS,70Z03826PA0000450,2026-08-25,24000.0,Department of Homeland Security,U.S. Coast Guard,PURCHASE ORDER
PSN,WILLIAMS ELECTRIC CO INC,15M10626FA4700821,2026-08-25,1243850.69,Department of Justice,U.S. Marshals Service,BPA CALL
PSN,"AMENTUM SERVICES, INC.",80MSFC26F7037,2026-08-25,0.0,National Aeronautics and Space Administration,National Aeronautics and Space Administration,DELIVERY ORDER
SATL,SATELLITE SERVICES INC,1305M423FNAAJ0066,2026-08-25,1433583.03,Department of Commerce,National Oceanic and Atmospheric Administration,DELIVERY ORDER
SATL,SATELLITE SERVICES INC,47PE5526F0574,2026-08-25,29897.86,General Services Administration,Public Buildings Service,BPA CALL
ACN,ACCENTURE FEDERAL SERVICES LLC,89303026FIM000188,2026-08-27,7685322.02,Department of Energy,Department of Energy,BPA CALL
ACN,ACCENTURE FEDERAL SERVICES LLC,12760422F0398,2026-08-28,7344833.5,Department of Agriculture,Forest Service,BPA CALL
ACN,ACCENTURE FEDERAL SERVICES LLC,89303026FIM000213,2026-08-28,7223803.5,Department of Energy,Department of Energy,BPA CALL
ACN,ACCENTURE FEDERAL SERVICES LLC,89303026FIM000209,2026-08-27,4628105.21,Department of Energy,Department of Energy,BPA CALL
ACN,ACCENTURE FEDERAL SERVICES LLC,28321321C00060001,2026-08-28,2947627.27,Social Security Administration,Social Security Administration,DEFINITIVE CONTRACT
ACN,ACCENTURE FEDERAL SERVICES LLC,70T03026F7667N065,2026-08-27,2141352.84,Department of Homeland Security,Transportation Security Administration,BPA CALL
ACN,ACCENTURE FEDERAL SERVICES LLC,15F06724F0000128,2026-08-28,1525663.79,Department of Justice,Federal Bureau of Investigation,DELIVERY ORDER
ACN,ACCENTURE FEDERAL SERVICES LLC,1331L526F13OS0097,2026-08-27,840000.0,Department of Commerce,Office of the Secretary,DELIVERY ORDER
ACN,ACCENTURE FEDERAL SERVICES LLC,1331L526F13OS0097,2026-08-27,600000.0,Department of Commerce,Office of the Secretary,DELIVERY ORDER
ACN,ACCENTURE FEDERAL SERVICES LLC,89303026FIM000198,2026-08-27,280524.0,Department of Energy,Department of Energy,BPA CALL
ACN,ACCENTURE FEDERAL SERVICES LLC,89303022FIM000088,2026-08-28,164114.66,Department of Energy,Department of Energy,BPA CALL
ACN,ACCENTURE FEDERAL SERVICES LLC,89303026FIM000191,2026-08-28,155000.0,Department of Energy,Department of Energy,BPA CALL
ACN,ACCENTURE FEDERAL SERVICES LLC,28321326C00060006,2026-08-28,0.0,Social Security Administration,Social Security Administration,DEFINITIVE CONTRACT
ACN,ACCENTURE FEDERAL SERVICES LLC,693JJ324F00457N,2026-08-27,0.0,Department of Transportation,Federal Highway Administration,BPA CALL
ACN,ACCENTURE FEDERAL SERVICES LLC,91003119F0003,2026-08-27,0.0,Department of Education,Department of Education,DELIVERY ORDER
BA,"VEROCEL, INC",693KA825F00092,2026-08-27,1104083.36,Department of Transportation,Federal Aviation Administration,DELIVERY ORDER
BA,THE BOEING COMPANY,80MSFC20C0052,2026-08-28,0.0,National Aeronautics and Space Administration,National Aeronautics and Space Administration,DEFINITIVE CONTRACT
BAH,BOOZ ALLEN HAMILTON INC,89703025FAR400021,2026-08-27,12000000.0,Department of Energy,Department of Energy,DELIVERY ORDER
BAH,BOOZ ALLEN HAMILTON INC,36C24E26N0237,2026-08-27,3394998.5,Department of Veterans Affairs,Department of Veterans Affairs,DELIVERY ORDER
BAH,BOOZ ALLEN HAMILTON INC,47QFCA24F0013,2026-08-27,1316239.0,General Services Administration,Federal Acquisition Service,DELIVERY ORDER
BAH,BOOZ ALLEN HAMILTON INC,1605DC19F00268,2026-08-27,0.0,Department of Labor,Office of the Assistant Secretary for Administration and Management,DELIVERY ORDER
BAH,BOOZ ALLEN HAMILTON INC,75N98026F00010,2026-08-28,0.0,Department of Health and Human Services,National Institutes of Health,DELIVERY ORDER
BAH,BOOZ ALLEN HAMILTON INC,1605TA22F00021,2026-08-28,0.0,Department of Labor,Office of the Assistant Secretary for Administration and Management,BPA CALL
BAH,BOOZ ALLEN HAMILTON INC,75N98023F00162,2026-08-28,0.0,Department of Health and Human Services,National Institutes of Health,DELIVERY ORDER
BAH,"AQUILENT, INC.",HHSP23337046,2026-08-27,-13.83,Department of Health and Human Services,Office of the Assistant Secretary for Administration,BPA CALL
BAH,BOOZ ALLEN HAMILTON INC,140D0425F0583,2026-08-27,-2285.68,Department of the Interior,Departmental Offices,DELIVERY ORDER
BAH,BOOZ ALLEN HAMILTON INC,140P2125F0051,2026-08-27,-3000.01,Department of the Interior,National Park Service,DELIVERY ORDER
BAH,BOOZ ALLEN HAMILTON INC,HSFE6015J0002,2026-08-27,-11647.6,Department of Homeland Security,Federal Emergency Management Agency,DELIVERY ORDER
BAH,BOOZ ALLEN HAMILTON INC,75N98022F00003,2026-08-28,-218623.84,Department of Health and Human Services,National Institutes of Health,DELIVERY ORDER
BAH,BOOZ ALLEN HAMILTON INC,75N98024F00001,2026-08-28,-529269.99,Department of Health and Human Services,National Institutes of Health,DELIVERY ORDER
BAH,BOOZ ALLEN HAMILTON INC,75N98023F00002,2026-08-28,-4191607.58,Department of Health and Human Services,National Institutes of Health,DELIVERY ORDER
BAH,BOOZ ALLEN HAMILTON INC,47QFCA23F0058,2026-08-28,-19859388.97,General Services Administration,Federal Acquisition Service,DELIVERY ORDER
CACI,"CACI, INC. - FEDERAL",47QFRA24F0005,2026-08-27,2266902.5,General Services Administration,Federal Acquisition Service,DELIVERY ORDER
CACI,"CACI NSS, LLC",70RTAC26FC0000029,2026-08-28,557596.8,Department of Homeland Security,Office of Procurement Operations,BPA CALL
CACI,ACACIA INVESTMENTS LLC,140FS326P0235,2026-08-27,26988.0,Department of the Interior,U.S. Fish and Wildlife Service,PURCHASE ORDER
CACI,CONSORCIO ECUATORIANO DE TELECOMUNICACIONES S.A. CONECEL,19EC7526F0172,2026-08-27,19271.25,Department of State,Department of State,DELIVERY ORDER
CACI,"CACI, INC. - FEDERAL",70FA5022F00000084,2026-08-27,-409097.2,Department of Homeland Security,Federal Emergency Management Agency,DELIVERY ORDER
CAT,CATERPILLAR INC,70Z04026F62009B00,2026-08-27,2271143.0,Department of Homeland Security,U.S. Coast Guard,DELIVERY ORDER
CAT,CATERPILLAR INC,140FS326F0190,2026-08-27,197325.0,Department of the Interior,U.S. Fish and Wildlife Service,DELIVERY ORDER
CAT,CATERPILLAR INC,12639526F0827,2026-08-28,138908.0,Department of Agriculture,Animal and Plant Health Inspection Service,DELIVERY ORDER
DE,DEERE & COMPANY,1232SA26F0545,2026-08-28,218041.71,Department of Agriculture,Agricultural Research Service,DELIVERY ORDER
DE,DEERE & COMPANY,1232SA26F0546,2026-08-28,184297.94,Department of Agriculture,Agricultural Research Service,DELIVERY ORDER
DE,DEERE & COMPANY,1232SA26F0538,2026-08-28,126343.12,Department of Agriculture,Agricultural Research Service,DELIVERY ORDER
DE,DEERE & COMPANY,15B31526F00000102,2026-08-27,29213.28,Department of Justice,Federal Prison System / Bureau of Prisons,DELIVERY ORDER
DE,DEERE & COMPANY,140F1S26P0061,2026-08-27,24801.7,Department of the Interior,U.S. Fish and Wildlife Service,PURCHASE ORDER
ETN,EATON CORPORATION,1333MF26P0104,2026-08-27,5998.86,Department of Commerce,National Oceanic and Atmospheric Administration,PURCHASE ORDER
GD,"GENERAL DYNAMICS INFORMATION TECHNOLOGY, INC.",19AQMM18C0185,2026-08-28,146142541.94,Department of State,Department of State,DEFINITIVE CONTRACT
GD,"GENERAL DYNAMICS INFORMATION TECHNOLOGY, INC.",75FCMC25FJ022,2026-08-27,74368865.0,Department of Health and Human Services,Centers for Medicare and Medicaid Services,DELIVERY ORDER
GD,"GENERAL DYNAMICS INFORMATION TECHNOLOGY, INC.",140D0426F0813,2026-08-27,7280657.82,Department of the Interior,Departmental Offices,BPA CALL
GD,"GENERAL DYNAMICS INFORMATION TECHNOLOGY, INC.",140D0425F0827,2026-08-27,6400664.36,Department of the Interior,Departmental Offices,DELIVERY ORDER
GD,"GENERAL DYNAMICS INFORMATION TECHNOLOGY, INC.",47QFMA25F0016,2026-08-27,2671577.64,General Services Administration,Federal Acquisition Service,DELIVERY ORDER
GD,"GENERAL DYNAMICS INFORMATION TECHNOLOGY, INC.",1331L523FNAAJ0696,2026-08-27,275604.96,Department of Commerce,Office of the Secretary,BPA CALL
GD,"GENERAL DYNAMICS INFORMATION TECHNOLOGY, INC.",1331L524F13230004,2026-08-27,163936.17,Department of Commerce,Office of the Secretary,BPA CALL
GD,"GENERAL DYNAMICS INFORMATION TECHNOLOGY, INC.",91990026F0033,2026-08-27,150506.01,Department of Education,Department of Education,DELIVERY ORDER
GD,"GENERAL DYNAMICS INFORMATION TECHNOLOGY, INC.",1331L524F13500027,2026-08-27,27114.31,Department of Commerce,Office of the Secretary,BPA CALL
GD,"GENERAL DYNAMICS INFORMATION TECHNOLOGY, INC.",1331L524F13OS0030,2026-08-27,20960.88,Department of Commerce,Office of the Secretary,BPA CALL
GD,"GENERAL DYNAMICS INFORMATION TECHNOLOGY, INC.",1331L524F13350034,2026-08-27,11963.64,Department of Commerce,Office of the Secretary,BPA CALL
GD,"GENERAL DYNAMICS INFORMATION TECHNOLOGY, INC.",1331L524F13210026,2026-08-27,11571.39,Department of Commerce,Office of the Secretary,BPA CALL
GD,"GENERAL DYNAMICS INFORMATION TECHNOLOGY, INC.",1331L524F0002,2026-08-27,8776.6,Department of Commerce,Office of the Secretary,BPA CALL
GD,"GENERAL DYNAMICS INFORMATION TECHNOLOGY, INC.",1331L525F13OS1238,2026-08-27,5368.93,Department of Commerce,Office of the Secretary,BPA CALL
GD,"GENERAL DYNAMICS INFORMATION TECHNOLOGY, INC.",1331L524F0001,2026-08-27,4878.61,Department of Commerce,Office of the Secretary,BPA CALL
GD,"GENERAL DYNAMICS INFORMATION TECHNOLOGY, INC.",1331L524F13520029,2026-08-27,1029.66,Department of Commerce,Office of the Secretary,BPA CALL
GD,"GENERAL DYNAMICS INFORMATION TECHNOLOGY, INC.",91003122C0003,2026-08-27,0.0,Department of Education,Department of Education,DEFINITIVE CONTRACT
GD,"GENERAL DYNAMICS INFORMATION TECHNOLOGY, INC.",1305M425F0144,2026-08-27,0.0,Department of Commerce,National Oceanic and Atmospheric Administration,DELIVERY ORDER
GD,"GENERAL DYNAMICS MISSION SYSTEMS, INC.",15JA5226P00000051,2026-08-27,0.0,Department of Justice,"Offices, Boards and Divisions",PURCHASE ORDER
GD,"GENERAL DYNAMICS INFORMATION TECHNOLOGY, INC.",DOC56PAPT1500571,2026-08-28,-688.61,Department of Commerce,U.S. Patent and Trademark Office,DELIVERY ORDER
GD,GULFSTREAM AEROSPACE CORPORATION,1305M219CNMAN0018,2026-08-27,-391999.99,Department of Commerce,National Oceanic and Atmospheric Administration,DEFINITIVE CONTRACT
GD,"GENERAL DYNAMICS INFORMATION TECHNOLOGY, INC.",91003122C0003,2026-08-27,-455889.92,Department of Education,Department of Education,DEFINITIVE CONTRACT
GD,"GENERAL DYNAMICS INFORMATION TECHNOLOGY, INC.",47QFMA21F0003,2026-08-28,-1455882.22,General Services Administration,Federal Acquisition Service,DELIVERY ORDER
GE,GENERAL ELECTRIC COMPANY,70Z03826FA0000161,2026-08-28,414934.17,Department of Homeland Security,U.S. Coast Guard,DELIVERY ORDER
GE,GENERAL ELECTRIC COMPANY,70Z03826FA0000163,2026-08-28,384562.02,Department of Homeland Security,U.S. Coast Guard,DELIVERY ORDER
GE,"REUTER-STOKES, LLC",80NSSC26P1474,2026-08-28,31037.99,National Aeronautics and Space Administration,National Aeronautics and Space Administration,PURCHASE ORDER
GE,"DATEX-OHMEDA, INC.",36C25922P0003,2026-08-28,-4374.0,Department of Veterans Affairs,Department of Veterans Affairs,PURCHASE ORDER
HII,HII MISSION TECHNOLOGIES CORP,47QFCA23F0036,2026-08-27,8512998.0,General Services Administration,Federal Acquisition Service,DELIVERY ORDER
HII,NEWPORT NEWS NUCLEAR BWXT-LOS ALAMOS LLC,89303425FEM400027,2026-08-28,3784596.0,Department of Energy,Department of Energy,DELIVERY ORDER
HON,"NATIONAL TECHNOLOGY & ENGINEERING SOLUTIONS OF SANDIA, LLC",DENA0003525,2026-08-28,222649364.32,Department of Energy,Department of Energy,DEFINITIVE CONTRACT
HON,"NATIONAL TECHNOLOGY & ENGINEERING SOLUTIONS OF SANDIA, LLC",DENA0003525,2026-08-28,201748856.42,Department of Energy,Department of Energy,DEFINITIVE CONTRACT
HON,"HONEYWELL FEDERAL MANUFACTURING & TECHNOLOGIES, LLC",DENA0002839,2026-08-28,58640858.67,Department of Energy,Department of Energy,DEFINITIVE CONTRACT
HON,"HONEYWELL FEDERAL MANUFACTURING & TECHNOLOGIES, LLC",DENA0002839,2026-08-28,22634969.83,Department of Energy,Department of Energy,DEFINITIVE CONTRACT
IBM,INTERNATIONAL BUSINESS MACHINES CORPORATION,15DDHQ23F00001237,2026-08-28,8781.72,Department of Justice,Drug Enforcement Administration,DELIVERY ORDER
IBM,INTERNATIONAL BUSINESS MACHINES CORPORATION,19AQMM26F0502,2026-08-29,0.0,Department of State,Department of State,DELIVERY ORDER
LDOS,LEIDOS BIOMEDICAL RESEARCH INC,75N91021F00013,2026-08-28,11231388.0,Department of Health and Human Services,National Institutes of Health,DELIVERY ORDER
LDOS,LEIDOS BIOMEDICAL RESEARCH INC,75N91026F00030,2026-08-27,1511990.0,Department of Health and Human Services,National Institutes of Health,DELIVERY ORDER
LDOS,LEIDOS BIOMEDICAL RESEARCH INC,75N91026F00017,2026-08-28,1102374.0,Department of Health and Human Services,National Institutes of Health,DELIVERY ORDER
LDOS,LEIDOS BIOMEDICAL RESEARCH INC,75N91026F00011,2026-08-28,1064983.0,Department of Health and Human Services,National Institutes of Health,DELIVERY ORDER
LDOS,"LEIDOS, INC.",47QFMA25F0015,2026-08-27,695000.0,General Services Administration,Federal Acquisition Service,BPA CALL
LDOS,"LEIDOS, INC.",693JJ323F00292N,2026-08-27,0.0,Department of Transportation,Federal Highway Administration,BPA CALL
LDOS,"LEIDOS, INC.",191NLE25P0061,2026-08-27,0.0,Department of State,Department of State,PURCHASE ORDER
LDOS,LEIDOS BIOMEDICAL RESEARCH INC,75N91025F00014,2026-08-27,0.0,Department of Health and Human Services,National Institutes of Health,DELIVERY ORDER
LDOS,"LEIDOS, INC.",693JJ322F00126N,2026-08-28,-9.81,Department of Transportation,Federal Highway Administration,BPA CALL
LUNR,"INTUITIVE MACHINES, LLC",80GSFC25C0006,2026-08-27,1395902.0,National Aeronautics and Space Administration,National Aeronautics and Space Administration,DEFINITIVE CONTRACT
PLTR,PALANTIR TECHNOLOGIES INC.,89233126FNA400763,2026-08-27,4112500.0,Department of Energy,Department of Energy,DELIVERY ORDER
PSN,WILLIAMS ELECTRIC CO INC,15M10523FA47NPH01,2026-08-28,358111.45,Department of Justice,U.S. Marshals Service,BPA CALL
TXT,"TEXTRON, INC",15B21526F00000138,2026-08-27,31218.35,Department of Justice,Federal Prison System / Bureau of Prisons,DELIVERY ORDER
HON,"HONEYWELL INTERNATIONAL, INC",47PC5426P0057,2026-08-30,11029.12,General Services Administration,Public Buildings Service,PURCHASE ORDER
ACN,ACCENTURE FEDERAL SERVICES LLC,140D0424F1031,2026-08-31,6921240.52,Department of the Interior,Departmental Offices,DELIVERY ORDER
ACN,ACCENTURE FEDERAL SERVICES LLC,70T03026F7667N088,2026-08-31,2310110.4,Department of Homeland Security,Transportation Security Administration,BPA CALL
ACN,ACCENTURE FEDERAL SERVICES LLC,89303026FIM000203,2026-08-31,1050000.0,Department of Energy,Department of Energy,BPA CALL
ACN,ACCENTURE FEDERAL SERVICES LLC,89303025FIM000170,2026-08-31,93727.34,Department of Energy,Department of Energy,BPA CALL
ACN,ACCENTURE FEDERAL SERVICES LLC,89303026FIM000203,2026-08-31,0.0,Department of Energy,Department of Energy,BPA CALL
ACN,ACCENTURE FEDERAL SERVICES LLC,89243423FEE000249,2026-08-31,0.0,Department of Energy,Department of Energy,BPA CALL
ACN,ACCENTURE FEDERAL SERVICES LLC,89243426FEE000580,2026-08-31,0.0,Department of Energy,Department of Energy,BPA CALL
AVAV,BLUEHALO LLC,80TECH26P0020,2026-08-31,843326.0,National Aeronautics and Space Administration,National Aeronautics and Space Administration,PURCHASE ORDER
BA,THE BOEING COMPANY,47QSWC23F0180,2026-08-31,0.0,General Services Administration,Federal Acquisition Service,DELIVERY ORDER
BA,THE BOEING COMPANY,47QSWC23F0179,2026-08-31,0.0,General Services Administration,Federal Acquisition Service,DELIVERY ORDER
BAH,BOOZ ALLEN HAMILTON INC,47QFCA26F0010,2026-08-31,13024707.36,General Services Administration,Federal Acquisition Service,DELIVERY ORDER
BAH,BOOZ ALLEN HAMILTON INC,15F06726F0000524,2026-08-31,7190384.0,Department of Justice,Federal Bureau of Investigation,BPA CALL
BAH,BOOZ ALLEN HAMILTON INC,47QFPA22F0007,2026-08-31,3272640.0,General Services Administration,Federal Acquisition Service,DELIVERY ORDER
BAH,BOOZ ALLEN HAMILTON INC,47QFCA26F0025,2026-08-31,2713789.86,General Services Administration,Federal Acquisition Service,DELIVERY ORDER
BAH,BOOZ ALLEN HAMILTON INC,75F40125F19009,2026-08-31,862503.1,Department of Health and Human Services,Food and Drug Administration,BPA CALL
BAH,BOOZ ALLEN HAMILTON INC,47QFMA26F0001,2026-08-31,15000.0,General Services Administration,Federal Acquisition Service,DELIVERY ORDER
BAH,BOOZ ALLEN HAMILTON INC,47QFRA20F0003,2026-08-31,-331135.32,General Services Administration,Federal Acquisition Service,DELIVERY ORDER
BAH,BOOZ ALLEN HAMILTON INC,1605TA22F00025,2026-08-31,-526220.87,Department of Labor,Office of the Assistant Secretary for Administration and Management,BPA CALL
BAH,BOOZ ALLEN HAMILTON INC,70FA2023F00000045,2026-08-31,-1886761.5,Department of Homeland Security,Federal Emergency Management Agency,DELIVERY ORDER
CAT,CATERPILLAR INC,12444026F0086,2026-08-31,472520.0,Department of Agriculture,Forest Service,DELIVERY ORDER
CAT,CATERPILLAR INC,140FS326F0170,2026-08-31,0.0,Department of the Interior,U.S. Fish and Wildlife Service,DELIVERY ORDER
CAT,CATERPILLAR INC,140FS326F0185,2026-08-31,0.0,Department of the Interior,U.S. Fish and Wildlife Service,DELIVERY ORDER
GD,"GENERAL DYNAMICS INFORMATION TECHNOLOGY, INC.",75FCMC26F0147,2026-08-31,8804300.7,Department of Health and Human Services,Centers for Medicare and Medicaid Services,DELIVERY ORDER
GD,"GENERAL DYNAMICS INFORMATION TECHNOLOGY, INC.",68HERD24F0089,2026-08-31,196340.62,Environmental Protection Agency,Environmental Protection Agency,BPA CALL
GD,"GENERAL DYNAMICS INFORMATION TECHNOLOGY, INC.",70RDA226FR0000048,2026-08-31,190619.71,Department of Homeland Security,Office of Procurement Operations,DELIVERY ORDER
GD,"GENERAL DYNAMICS INFORMATION TECHNOLOGY, INC.",1305M425F0145,2026-08-31,17105.51,Department of Commerce,National Oceanic and Atmospheric Administration,DELIVERY ORDER
IBM,INTERNATIONAL BUSINESS MACHINES CORPORATION,2033H625F00095,2026-08-31,944472.08,Department of the Treasury,Bureau of the Fiscal Service,DELIVERY ORDER
IBM,INTERNATIONAL BUSINESS MACHINES CORPORATION,15BNAS21FRCA00031,2026-08-31,-2231.29,Department of Justice,Federal Prison System / Bureau of Prisons,DELIVERY ORDER
KTOS,"KRATOS S2, INC",47QFCA20C0019,2026-08-31,724637.0,General Services Administration,Federal Acquisition Service,DEFINITIVE CONTRACT
LDOS,"LEIDOS, INC.",70T04021F7672N028,2026-08-31,159084891.19,Department of Homeland Security,Transportation Security Administration,DELIVERY ORDER
LDOS,LEIDOS BIOMEDICAL RESEARCH INC,75N91025F00016,2026-08-31,113704172.74,Department of Health and Human Services,National Institutes of Health,DELIVERY ORDER
LDOS,"LEIDOS, INC.",75FCMC23F0076,2026-08-31,51451246.06,Department of Health and Human Services,Centers for Medicare and Medicaid Services,DELIVERY ORDER
LDOS,"LEIDOS, INC.",89243318CFE000003,2026-08-31,6991900.0,Department of Energy,Department of Energy,DEFINITIVE CONTRACT
LDOS,LEIDOS BIOMEDICAL RESEARCH INC,75N91024F00021,2026-08-31,1488074.0,Department of Health and Human Services,National Institutes of Health,DELIVERY ORDER
LDOS,"KAHU, A LEIDOS AND PUEO JV, LLC",47QFNA26F0023,2026-08-31,473045.43,General Services Administration,Federal Acquisition Service,DELIVERY ORDER
LDOS,"LEIDOS, INC.",693JJ325F00186N,2026-08-31,332381.0,Department of Transportation,Federal Highway Administration,DELIVERY ORDER
LDOS,"LEIDOS, INC.",693JJ322F00185N,2026-08-31,-498.18,Department of Transportation,Federal Highway Administration,BPA CALL
NOC,NORTHROP GRUMMAN SYSTEMS CORPORATION,15F06725F0001825,2026-08-31,826041.0,Department of Justice,Federal Bureau of Investigation,DELIVERY ORDER
PLTR,PALANTIR USG INC,19AQMM25F7362,2026-08-31,11414951.25,Department of State,Department of State,BPA CALL
PLTR,PALANTIR USG INC,19AQMM26F7194,2026-08-31,5431250.0,Department of State,Department of State,BPA CALL
PLTR,PALANTIR USG INC,19AQMM25F7356,2026-08-31,824656.56,Department of State,Department of State,BPA CALL
PSN,"MICHAEL BAKER INTERNATIONAL, INC.",693JJ326F00087N,2026-08-31,547260.93,Department of Transportation,Federal Highway Administration,BPA CALL
PSN,INCADENCE STRATEGIC SOLUTIONS LLC,19AQMM21F2713,2026-08-31,246648.57,Department of State,Department of State,DELIVERY ORDER
PSN,"MICHAEL BAKER INTERNATIONAL, INC.",47PC0123F0253,2026-08-31,0.0,General Services Administration,Public Buildings Service,DELIVERY ORDER
PSN,PARSONS GOVERNMENT SERVICES INC.,47PA0325F0018,2026-08-31,0.0,General Services Administration,Public Buildings Service,BPA CALL
SATL,SATELLITE SERVICES INC,47PE5526F0537,2026-08-31,33054.61,General Services Administration,Public Buildings Service,BPA CALL
ACN,ACCENTURE FEDERAL SERVICES LLC,15JPSS23F00000125,2026-09-01,800000.0,Department of Justice,"Offices, Boards and Divisions",DELIVERY ORDER
ACN,ACCENTURE FEDERAL SERVICES LLC,15BNAS22F00000405,2026-09-01,5000.0,Department of Justice,Federal Prison System / Bureau of Prisons,DELIVERY ORDER
ACN,ACCENTURE FEDERAL SERVICES LLC,693JF718F000021,2026-09-01,0.0,Department of Transportation,Maritime Administration,BPA CALL
ACN,ACCENTURE FEDERAL SERVICES LLC,91003119F0003,2026-09-01,0.0,Department of Education,Department of Education,DELIVERY ORDER
ACN,ACCENTURE FEDERAL SERVICES LLC,1333BJ23C00280006,2026-09-01,-10000.0,Department of Commerce,U.S. Patent and Trademark Office,DEFINITIVE CONTRACT
BA,"HRL LABORATORIES, LLC",IND15PC00153,2026-09-01,0.0,Department of the Interior,Departmental Offices,DEFINITIVE CONTRACT
BAH,BOOZ ALLEN HAMILTON INC,70CTD022FR0000002,2026-09-01,7135104.4,Department of Homeland Security,U.S. Immigration and Customs Enforcement,DELIVERY ORDER
BAH,BOOZ ALLEN HAMILTON INC,70B04C25F00000223,2026-09-01,2959539.2,Department of Homeland Security,U.S. Customs and Border Protection,BPA CALL
BAH,BOOZ ALLEN HAMILTON INC,70FA2023F00000045,2026-09-01,1886761.5,Department of Homeland Security,Federal Emergency Management Agency,DELIVERY ORDER
BAH,BOOZ ALLEN HAMILTON INC,47QFSA23F0008,2026-09-01,335576.92,General Services Administration,Federal Acquisition Service,DELIVERY ORDER
BAH,BOOZ ALLEN HAMILTON INC,47QFWA26F0011,2026-09-01,164862.69,General Services Administration,Federal Acquisition Service,DELIVERY ORDER
BAH,BOOZ ALLEN HAMILTON INC,GST0010AJ0063,2026-09-01,-69.69,General Services Administration,Federal Acquisition Service,DELIVERY ORDER
CAT,CATERPILLAR INC,140FS126F0078,2026-09-01,6.0,Department of the Interior,U.S. Fish and Wildlife Service,DELIVERY ORDER
DE,DEERE & COMPANY,12444026F0085,2026-09-01,183499.06,Department of Agriculture,Forest Service,DELIVERY ORDER
ETN,EATON CORPORATION,12639526P0239,2026-09-01,18720.35,Department of Agriculture,Animal and Plant Health Inspection Service,PURCHASE ORDER
GD,"GENERAL DYNAMICS INFORMATION TECHNOLOGY, INC.",75F40126F80149,2026-09-01,6708018.6,Department of Health and Human Services,Food and Drug Administration,DELIVERY ORDER
GD,"GENERAL DYNAMICS INFORMATION TECHNOLOGY, INC.",47QFMA25F0016,2026-09-01,4300247.54,General Services Administration,Federal Acquisition Service,DELIVERY ORDER
GD,"GENERAL DYNAMICS INFORMATION TECHNOLOGY, INC.",DTFAWA10D00003CALL0004,2026-09-01,2547846.4,Department of Transportation,Federal Aviation Administration,DELIVERY ORDER
GD,"GENERAL DYNAMICS INFORMATION TECHNOLOGY, INC.",47QFSA21F0112,2026-09-01,1302150.67,General Services Administration,Federal Acquisition Service,DELIVERY ORDER
GD,"GENERAL DYNAMICS INFORMATION TECHNOLOGY, INC.",70B06C26F00000605,2026-09-01,623277.99,Department of Homeland Security,U.S. Customs and Border Protection,DELIVERY ORDER
GD,"GENERAL DYNAMICS INFORMATION TECHNOLOGY, INC.",DTFAWA10D00003CALL0002,2026-09-01,502627.24,Department of Transportation,Federal Aviation Administration,DELIVERY ORDER
GD,GULFSTREAM AEROSPACE CORPORATION,1305M219CNMAN0018,2026-09-01,420106.83,Department of Commerce,National Oceanic and Atmospheric Administration,DEFINITIVE CONTRACT
GD,"GENERAL DYNAMICS INFORMATION TECHNOLOGY, INC.",DTFAWA10D00003CALL0005,2026-09-01,369848.46,Department of Transportation,Federal Aviation Administration,DELIVERY ORDER
GD,"GENERAL DYNAMICS INFORMATION TECHNOLOGY, INC.",1333BJ21F00280024,2026-09-01,361251.62,Department of Commerce,U.S. Patent and Trademark Office,DELIVERY ORDER
GD,"GENERAL DYNAMICS MISSION SYSTEMS, INC.",70Z04426FCMPL0014,2026-09-01,90000.0,Department of Homeland Security,U.S. Coast Guard,DELIVERY ORDER
GD,"GENERAL DYNAMICS INFORMATION TECHNOLOGY, INC.",68HERH25F0348,2026-09-01,0.0,Environmental Protection Agency,Environmental Protection Agency,BPA CALL
GD,"GENERAL DYNAMICS INFORMATION TECHNOLOGY, INC.",692M1518F00721,2026-09-01,0.0,Department of Transportation,Federal Aviation Administration,DELIVERY ORDER
GD,"GENERAL DYNAMICS INFORMATION TECHNOLOGY, INC.",692M1522F00208,2026-09-01,0.0,Department of Transportation,Federal Aviation Administration,DELIVERY ORDER
GD,"GENERAL DYNAMICS MISSION SYSTEMS, INC.",140G0125F0161,2026-09-01,0.0,Department of the Interior,U.S. Geological Survey,DELIVERY ORDER
GD,"GENERAL DYNAMICS INFORMATION TECHNOLOGY, INC.",36C10D22N0007,2026-09-01,-0.04,Department of Veterans Affairs,Department of Veterans Affairs,DELIVERY ORDER
GD,"GENERAL DYNAMICS INFORMATION TECHNOLOGY, INC.",70RFP321FREH00022,2026-09-01,-46965.83,Department of Homeland Security,Office of Procurement Operations,DELIVERY ORDER
GD,"GENERAL DYNAMICS INFORMATION TECHNOLOGY, INC.",70US0924F2GSA2280,2026-09-01,-96695.27,Department of Homeland Security,U.S. Secret Service,BPA CALL
GE,GENERAL ELECTRIC COMPANY,70Z03826FA0000160,2026-09-01,866783.0,Department of Homeland Security,U.S. Coast Guard,DELIVERY ORDER
HON,MISSION SUPPORT & TEST SERVICES LLC,DENA0003624,2026-09-01,0.0,Department of Energy,Department of Energy,DEFINITIVE CONTRACT
LDOS,"LEIDOS, INC.",693KA721C00014,2026-09-01,14643719.22,Department of Transportation,Federal Aviation Administration,DEFINITIVE CONTRACT
LDOS,"LEIDOS, INC.",693KA726T00011,2026-09-01,100000.0,Department of Transportation,Federal Aviation Administration,DEFINITIVE CONTRACT
LDOS,"LEIDOS, INC.",693KA726T00011,2026-09-01,0.0,Department of Transportation,Federal Aviation Administration,DEFINITIVE CONTRACT
LDOS,"LEIDOS, INC.",70B03C21F00001130,2026-09-01,0.0,Department of Homeland Security,U.S. Customs and Border Protection,DELIVERY ORDER
LDOS,"LEIDOS, INC.",NRCHQ12T330011,2026-09-01,-950.55,Nuclear Regulatory Commission,Nuclear Regulatory Commission,DELIVERY ORDER
LDOS,"LEIDOS, INC.",75N92021F00001,2026-09-01,-11230.95,Department of Health and Human Services,National Institutes of Health,DELIVERY ORDER
PSN,PARSONS GOVERNMENT SERVICES INC.,89233123FNA000132,2026-09-01,0.0,Department of Energy,Department of Energy,BPA CALL
SATL,SATELLITE SERVICES INC,47PE5526F0656,2026-09-01,99919.71,General Services Administration,Public Buildings Service,BPA CALL
SATL,SATELLITE SERVICES INC,47PE5526F0668,2026-09-01,38010.35,General Services Administration,Public Buildings Service,BPA CALL
TXT,"ABLE AEROSPACE SERVICES, INC.",70Z03826FF0000571,2026-09-01,42137.63,Department of Homeland Security,U.S. Coast Guard,DELIVERY ORDER
ACN,ACCENTURE FEDERAL SERVICES LLC,70T03026F7667N071,2026-09-02,5598360.0,Department of Homeland Security,Transportation Security Administration,BPA CALL
ACN,ACCENTURE FEDERAL SERVICES LLC,89303026FIM000188,2026-09-02,2284608.64,Department of Energy,Department of Energy,BPA CALL
ACN,ACCENTURE FEDERAL SERVICES LLC,70T03026F7667N064,2026-09-02,1921781.64,Department of Homeland Security,Transportation Security Administration,BPA CALL
ACN,ACCENTURE FEDERAL SERVICES LLC,91003119F0003,2026-09-02,371715.0,Department of Education,Department of Education,DELIVERY ORDER
ACN,ACCENTURE FEDERAL SERVICES LLC,89303024FIM000152,2026-09-02,172449.13,Department of Energy,Department of Energy,BPA CALL
ACN,ACCENTURE FEDERAL SERVICES LLC,15BNAS22F00000405,2026-09-02,55000.0,Department of Justice,Federal Prison System / Bureau of Prisons,DELIVERY ORDER
ACN,ACCENTURE FEDERAL SERVICES LLC,89243423FEE000260,2026-09-02,0.0,Department of Energy,Department of Energy,BPA CALL
ACN,ACCENTURE FEDERAL SERVICES LLC,89303023FSE000002,2026-09-02,0.0,Department of Energy,Department of Energy,BPA CALL
ACN,ACCENTURE FEDERAL SERVICES LLC,89603024F0002,2026-09-02,0.0,Department of Energy,Federal Energy Regulatory Commission,BPA CALL
ACN,ACCENTURE FEDERAL SERVICES LLC,89303021FCR000002,2026-09-02,-310715.04,Department of Energy,Department of Energy,BPA CALL
BA,THE BOEING COMPANY,80MSFC20C0052,2026-09-02,0.0,National Aeronautics and Space Administration,National Aeronautics and Space Administration,DEFINITIVE CONTRACT
BA,THE BOEING COMPANY,47QSWC25F0076,2026-09-02,0.0,General Services Administration,Federal Acquisition Service,DELIVERY ORDER
BAH,BOOZ ALLEN HAMILTON INC,47QFCA26F0018,2026-09-02,50403647.0,General Services Administration,Federal Acquisition Service,DELIVERY ORDER
BAH,BOOZ ALLEN HAMILTON INC,1305M226F0401,2026-09-02,14130377.43,Department of Commerce,National Oceanic and Atmospheric Administration,BPA CALL
BAH,BOOZ ALLEN HAMILTON INC,75F40126F19015,2026-09-02,3550589.55,Department of Health and Human Services,Food and Drug Administration,BPA CALL
BAH,BOOZ ALLEN HAMILTON INC,47QFMA25F0006,2026-09-02,440821.41,General Services Administration,Federal Acquisition Service,DELIVERY ORDER
BAH,BOOZ ALLEN HAMILTON INC,693KA922F00203,2026-09-02,0.0,Department of Transportation,Federal Aviation Administration,DELIVERY ORDER
BAH,BOOZ ALLEN HAMILTON INC,693KA924F00189,2026-09-02,0.0,Department of Transportation,Federal Aviation Administration,DELIVERY ORDER
BAH,BOOZ ALLEN HAMILTON INC,693KA925F00130,2026-09-02,0.0,Department of Transportation,Federal Aviation Administration,DELIVERY ORDER
BAH,BOOZ ALLEN HAMILTON INC,75N98122F00001,2026-09-02,-400000.0,Department of Health and Human Services,National Institutes of Health,DELIVERY ORDER
BAH,BOOZ ALLEN HAMILTON INC,47QFMA24F0029,2026-09-02,-1272317.07,General Services Administration,Federal Acquisition Service,DELIVERY ORDER
DE,DEERE & COMPANY,140F1G26F0074,2026-09-02,74485.52,Department of the Interior,U.S. Fish and Wildlife Service,DELIVERY ORDER
GD,"GENERAL DYNAMICS INFORMATION TECHNOLOGY, INC.",140D0425F0958,2026-09-02,13051615.78,Department of the Interior,Departmental Offices,DELIVERY ORDER
GD,"GENERAL DYNAMICS INFORMATION TECHNOLOGY, INC.",7571MN26F80008,2026-09-02,5212394.85,Department of Health and Human Services,Office of the Assistant Secretary for Financial Resources,DELIVERY ORDER
GD,"GENERAL DYNAMICS INFORMATION TECHNOLOGY, INC.",75R60226F34002,2026-09-02,2928333.2,Department of Health and Human Services,Health Resources and Services Administration,DELIVERY ORDER
GD,"GENERAL DYNAMICS INFORMATION TECHNOLOGY, INC.",15JPSS25F00000385,2026-09-02,2580268.74,Department of Justice,"Offices, Boards and Divisions",DELIVERY ORDER
GD,"GENERAL DYNAMICS INFORMATION TECHNOLOGY, INC.",70SBUR26F00000153,2026-09-02,0.0,Department of Homeland Security,U.S. Citizenship and Immigration Services,DELIVERY ORDER
GD,"GENERAL DYNAMICS INFORMATION TECHNOLOGY, INC.",75N98019F01239,2026-09-02,-30542.56,Department of Health and Human Services,National Institutes of Health,DELIVERY ORDER
GD,"GENERAL DYNAMICS INFORMATION TECHNOLOGY, INC.",70B06C18F00000655,2026-09-02,-166062.11,Department of Homeland Security,U.S. Customs and Border Protection,DELIVERY ORDER
IBM,INTERNATIONAL BUSINESS MACHINES CORPORATION,SS001730048,2026-09-02,0.0,Social Security Administration,Social Security Administration,DELIVERY ORDER
LDOS,"LEIDOS, INC.",89243318CFE000003,2026-09-02,4601090.0,Department of Energy,Department of Energy,DEFINITIVE CONTRACT
LDOS,"LEIDOS, INC.",47QFPA26F0006,2026-09-02,1376720.9,General Services Administration,Federal Acquisition Service,DELIVERY ORDER
LDOS,"LEIDOS, INC.",DTFAWA16C00021,2026-09-02,544978.96,Department of Transportation,Federal Aviation Administration,DEFINITIVE CONTRACT
LDOS,"LEIDOS, INC.",70T04025C7672N001,2026-09-02,0.0,Department of Homeland Security,Transportation Security Administration,DEFINITIVE CONTRACT
LDOS,"DYNETICS, INC.",47QFSA23F0018,2026-09-02,-6264.11,General Services Administration,Federal Acquisition Service,DELIVERY ORDER
LDOS,"LEIDOS, INC.",75N92023F00001,2026-09-02,-342373.34,Department of Health and Human Services,National Institutes of Health,DELIVERY ORDER
LDOS,"LEIDOS, INC.",47QFMA22F0002,2026-09-02,-1799448.59,General Services Administration,Federal Acquisition Service,DELIVERY ORDER
NOC,NORTHROP GRUMMAN SYSTEMS CORPORATION,NNM07AA75C,2026-09-02,3000000.0,National Aeronautics and Space Administration,National Aeronautics and Space Administration,DEFINITIVE CONTRACT
PSN,XATOR LLC,140E0119C0006,2026-09-02,223770.24,Department of the Interior,Bureau of Safety and Environmental Enforcement,DEFINITIVE CONTRACT
PSN,WILLIAMS ELECTRIC CO INC,15M10625FA47NSA01,2026-09-02,16407.62,Department of Justice,U.S. Marshals Service,BPA CALL
PSN,GSIA-PARSONS JV LLC,70Z05326FPCNI0001,2026-09-02,0.0,Department of Homeland Security,U.S. Coast Guard,DELIVERY ORDER
RDW,"REDWIRE SPACE TECHNOLOGIES, INC.",80JSC026F0009,2026-09-02,109157.6,National Aeronautics and Space Administration,National Aeronautics and Space Administration,DELIVERY ORDER
SATL,SATELLITE SERVICES INC,47PC5326F0034,2026-09-02,0.0,General Services Administration,Public Buildings Service,DELIVERY ORDER
TXT,"TEXTRON, INC",15B21526F00000138,2026-09-02,215.0,Department of Justice,Federal Prison System / Bureau of Prisons,DELIVERY ORDER
ACN,ACCENTURE FEDERAL SERVICES LLC,89303026FIM000213,2026-09-03,8182558.44,Department of Energy,Department of Energy,BPA CALL
ACN,ACCENTURE FEDERAL SERVICES LLC,91003125C0013,2026-09-04,963009.0,Department of Education,Department of Education,DEFINITIVE CONTRACT
ACN,ACCENTURE FEDERAL SERVICES LLC,89303022FIM000081,2026-09-03,3888.75,Department of Energy,Department of Energy,BPA CALL
ACN,ACCENTURE FEDERAL SERVICES LLC,47QFRA21F0029,2026-09-03,450.0,General Services Administration,Federal Acquisition Service,DELIVERY ORDER
ACN,ACCENTURE FEDERAL SERVICES LLC,89243426FEE000581,2026-09-03,0.0,Department of Energy,Department of Energy,BPA CALL
ACN,ACCENTURE FEDERAL SERVICES LLC,89243423FEE000261,2026-09-03,0.0,Department of Energy,Department of Energy,BPA CALL
ACN,ACCENTURE FEDERAL SERVICES LLC,70T03026F7667N043,2026-09-04,0.0,Department of Homeland Security,Transportation Security Administration,BPA CALL
ACN,ACCENTURE FEDERAL SERVICES LLC,89243426FEE000582,2026-09-03,0.0,Department of Energy,Department of Energy,BPA CALL
ACN,ACCENTURE FEDERAL SERVICES LLC,19AQMM23F3428,2026-09-03,0.0,Department of State,Department of State,BPA CALL
ACN,ACCENTURE FEDERAL SERVICES LLC,89303023FEE000014,2026-09-03,0.0,Department of Energy,Department of Energy,BPA CALL
ACN,ACCENTURE FEDERAL SERVICES LLC,89303024FIM000147,2026-09-03,-769990.9,Department of Energy,Department of Energy,BPA CALL
BA,THE BOEING COMPANY,NNM07AB03C,2026-09-03,-635555.0,National Aeronautics and Space Administration,National Aeronautics and Space Administration,DEFINITIVE CONTRACT
BAH,BOOZ ALLEN HAMILTON INC,47QDCB22F0006,2026-09-04,10829898.86,General Services Administration,Federal Acquisition Service,BPA CALL
BAH,BOOZ ALLEN HAMILTON INC,47QFHA25F0003,2026-09-03,3989192.44,General Services Administration,Federal Acquisition Service,DELIVERY ORDER
BAH,BOOZ ALLEN HAMILTON INC,140D0426F0990,2026-09-03,3594474.12,Department of the Interior,Departmental Offices,BPA CALL
BAH,BOOZ ALLEN HAMILTON INC,75F40125F19008,2026-09-04,2158044.8,Department of Health and Human Services,Food and Drug Administration,BPA CALL
BAH,BOOZ ALLEN HAMILTON INC,75F40125F19010,2026-09-04,748805.2,Department of Health and Human Services,Food and Drug Administration,BPA CALL
BAH,BOOZ ALLEN HAMILTON INC,75N98026F00010,2026-09-04,0.0,Department of Health and Human Services,National Institutes of Health,DELIVERY ORDER
BAH,BOOZ ALLEN HAMILTON INC,47QFPA22F0007,2026-09-03,0.0,General Services Administration,Federal Acquisition Service,DELIVERY ORDER
BAH,BOOZ ALLEN HAMILTON INC,47QFWA26F0006,2026-09-03,-6205.29,General Services Administration,Federal Acquisition Service,DELIVERY ORDER
BAH,BOOZ ALLEN HAMILTON INC,89243422FEE400297,2026-09-03,-128640.04,Department of Energy,Department of Energy,DELIVERY ORDER
BAH,BOOZ ALLEN HAMILTON INC,47QFHA25F0004,2026-09-03,-4319993.03,General Services Administration,Federal Acquisition Service,DELIVERY ORDER
CACI,"CACI NSS, LLC",70RTAC26FC0000021,2026-09-04,9594158.38,Department of Homeland Security,Office of Procurement Operations,BPA CALL
CACI,"CACI, INC. - FEDERAL",47QFRA24F0005,2026-09-03,4388279.09,General Services Administration,Federal Acquisition Service,DELIVERY ORDER
CACI,"CACI NSS, LLC",70FA3126F00000048,2026-09-04,733444.4,Department of Homeland Security,Federal Emergency Management Agency,BPA CALL
CACI,"CACI, INC. - FEDERAL",70CMSD26FR0000026,2026-09-03,0.0,Department of Homeland Security,U.S. Immigration and Customs Enforcement,DELIVERY ORDER
CACI,"CACI NSS, LLC",70RTAC26FC0000029,2026-09-03,0.0,Department of Homeland Security,Office of Procurement Operations,BPA CALL
CACI,"EMERGINT TECHNOLOGIES, LLC",0002,2026-09-04,-175810.28,Environmental Protection Agency,Environmental Protection Agency,DELIVERY ORDER
CAT,CATERPILLAR INC,140FS326F0171,2026-09-03,248954.0,Department of the Interior,U.S. Fish and Wildlife Service,DELIVERY ORDER
DE,DEERE & COMPANY,140F1G26F0075,2026-09-03,196014.25,Department of the Interior,U.S. Fish and Wildlife Service,DELIVERY ORDER
DE,DEERE & COMPANY,140FS326F0193,2026-09-03,81265.85,Department of the Interior,U.S. Fish and Wildlife Service,DELIVERY ORDER
DE,DEERE & COMPANY,140F1G26F0077,2026-09-04,67867.41,Department of the Interior,U.S. Fish and Wildlife Service,DELIVERY ORDER
DE,DEERE & COMPANY,140FS326F0026,2026-09-04,-1754.73,Department of the Interior,U.S. Fish and Wildlife Service,DELIVERY ORDER
ETN,EATON CORPORATION,6973GH26F01323,2026-09-03,443521.0,Department of Transportation,Federal Aviation Administration,DELIVERY ORDER
ETN,EATON CORPORATION,1605C426P00045,2026-09-03,20874.91,Department of Labor,Office of the Assistant Secretary for Administration and Management,PURCHASE ORDER
ETN,EATON CORPORATION,1333ND25FNB190012,2026-09-04,0.0,Department of Commerce,National Institute of Standards and Technology,DELIVERY ORDER
ETN,EATON CORPORATION,6973GH26F01032,2026-09-03,0.0,Department of Transportation,Federal Aviation Administration,DELIVERY ORDER
GD,"GENERAL DYNAMICS INFORMATION TECHNOLOGY, INC.",75FCMC24F0029,2026-09-03,13302195.02,Department of Health and Human Services,Centers for Medicare and Medicaid Services,DELIVERY ORDER
GD,"GENERAL DYNAMICS INFORMATION TECHNOLOGY, INC.",75FCMC22F0001,2026-09-03,7214218.0,Department of Health and Human Services,Centers for Medicare and Medicaid Services,DELIVERY ORDER
GD,GENERAL DYNAMICS ONE SOURCE LLC,70B02C26F00000257,2026-09-03,1363444.0,Department of Homeland Security,U.S. Customs and Border Protection,DELIVERY ORDER
GD,"GENERAL DYNAMICS INFORMATION TECHNOLOGY, INC.",75N91023F00003,2026-09-03,698983.0,Department of Health and Human Services,National Institutes of Health,DELIVERY ORDER
GD,"GENERAL DYNAMICS INFORMATION TECHNOLOGY, INC.",89303022FCF000025,2026-09-03,120000.0,Department of Energy,Department of Energy,BPA CALL
GD,"GENERAL DYNAMICS ORDNANCE AND TACTICAL SYSTEMS - SIMUNITION OPERATIONS, INC.",70LCHE26FPFB00050,2026-09-03,56269.64,Department of Homeland Security,Federal Law Enforcement Training Center,DELIVERY ORDER
GD,"GENERAL DYNAMICS ORDNANCE AND TACTICAL SYSTEMS - SIMUNITION OPERATIONS, INC.",15DDHQ26F00000804,2026-09-03,33954.6,Department of Justice,Drug Enforcement Administration,DELIVERY ORDER
GD,"GENERAL DYNAMICS INFORMATION TECHNOLOGY, INC.",692M1525F00063,2026-09-03,4000.0,Department of Transportation,Federal Aviation Administration,DELIVERY ORDER
GD,"GENERAL DYNAMICS INFORMATION TECHNOLOGY, INC.",692M1519F00664,2026-09-03,2000.0,Department of Transportation,Federal Aviation Administration,DELIVERY ORDER
GD,"GENERAL DYNAMICS INFORMATION TECHNOLOGY, INC.",1331L521F13520106,2026-09-04,-121.96,Department of Commerce,Office of the Secretary,BPA CALL
GD,DYNPORT VACCINE COMPANY LLC,HHSN27200003,2026-09-03,-639.45,Department of Health and Human Services,National Institutes of Health,DELIVERY ORDER
GD,"GENERAL DYNAMICS INFORMATION TECHNOLOGY, INC.",1331L521F13350136,2026-09-04,-726.19,Department of Commerce,Office of the Secretary,BPA CALL
GD,"GENERAL DYNAMICS INFORMATION TECHNOLOGY, INC.",693KA919F00188,2026-09-03,-2892.71,Department of Transportation,Federal Aviation Administration,DELIVERY ORDER
GD,"GENERAL DYNAMICS INFORMATION TECHNOLOGY, INC.",68HERC24F0320,2026-09-03,-11164.41,Environmental Protection Agency,Environmental Protection Agency,DELIVERY ORDER
GE,GENERAL ELECTRIC COMPANY,70Z03826FA0000157,2026-09-03,0.0,Department of Homeland Security,U.S. Coast Guard,DELIVERY ORDER
HII,HII MISSION TECHNOLOGIES CORP,47QFCA22F0039,2026-09-04,21650605.04,General Services Administration,Federal Acquisition Service,DELIVERY ORDER
IBM,INTERNATIONAL BUSINESS MACHINES CORPORATION,47QFEA26F0003,2026-09-04,60000.0,General Services Administration,Federal Acquisition Service,DELIVERY ORDER
IBM,INTERNATIONAL BUSINESS MACHINES CORPORATION,2032H524F00205,2026-09-03,0.0,Department of the Treasury,Internal Revenue Service,DELIVERY ORDER
IBM,INTERNATIONAL BUSINESS MACHINES CORPORATION,2032H524F00199,2026-09-03,0.0,Department of the Treasury,Internal Revenue Service,DELIVERY ORDER
IBM,INTERNATIONAL BUSINESS MACHINES CORPORATION,75F40125F80175,2026-09-04,0.0,Department of Health and Human Services,Food and Drug Administration,DELIVERY ORDER
LDOS,LEIDOS BIOMEDICAL RESEARCH INC,75N91019F00139,2026-09-03,17907031.0,Department of Health and Human Services,National Institutes of Health,DELIVERY ORDER
LDOS,"LEIDOS, INC.",70RTAC26FR0000001,2026-09-04,5259253.0,Department of Homeland Security,Office of Procurement Operations,DELIVERY ORDER
LDOS,LEIDOS BIOMEDICAL RESEARCH INC,75N91026F00028,2026-09-03,1912753.0,Department of Health and Human Services,National Institutes of Health,DELIVERY ORDER
LDOS,LEIDOS BIOMEDICAL RESEARCH INC,75N91026F00031,2026-09-03,806968.0,Department of Health and Human Services,National Institutes of Health,DELIVERY ORDER
LDOS,"DYNETICS, INC.",47QFMA23F0009,2026-09-03,327343.42,General Services Administration,Federal Acquisition Service,DELIVERY ORDER
LDOS,"LEIDOS, INC.",70LGLY21CSSB00008,2026-09-03,113988.05,Department of Homeland Security,Federal Law Enforcement Training Center,DEFINITIVE CONTRACT
LDOS,LEIDOS BIOMEDICAL RESEARCH INC,75N91025F00005,2026-09-04,89208.0,Department of Health and Human Services,National Institutes of Health,DELIVERY ORDER
LDOS,"KAHU, A LEIDOS AND PUEO JV, LLC",47QFNA26F0023,2026-09-03,80799.46,General Services Administration,Federal Acquisition Service,DELIVERY ORDER
LDOS,"LEIDOS, INC.",29FTC122F0038,2026-09-03,17539.54,Federal Trade Commission,Federal Trade Commission,BPA CALL
LDOS,"LEIDOS, INC.",70B04C24C00000115,2026-09-03,0.0,Department of Homeland Security,U.S. Customs and Border Protection,DEFINITIVE CONTRACT
LDOS,LEIDOS BIOMEDICAL RESEARCH INC,75N91026F00011,2026-09-04,0.0,Department of Health and Human Services,National Institutes of Health,DELIVERY ORDER
LDOS,"LEIDOS, INC.",29FTC123F0026,2026-09-03,0.0,Federal Trade Commission,Federal Trade Commission,DELIVERY ORDER
LDOS,"LEIDOS, INC.",DTFAWA16C00017,2026-09-03,-1148.3,Department of Transportation,Federal Aviation Administration,DEFINITIVE CONTRACT
LDOS,"NORTH WIND PORTAGE, INC.",DEDT0011049,2026-09-03,-10660.38,Department of Energy,Department of Energy,DELIVERY ORDER
LDOS,LEIDOS BIOMEDICAL RESEARCH INC,75N91021F00001,2026-09-03,-63681191.0,Department of Health and Human Services,National Institutes of Health,DELIVERY ORDER
NOC,NORTHROP GRUMMAN SYSTEMS CORPORATION,80GSFC23CA021,2026-09-03,1265948.0,National Aeronautics and Space Administration,National Aeronautics and Space Administration,DEFINITIVE CONTRACT
PLTR,PALANTIR TECHNOLOGIES INC.,692M1524F00208,2026-09-03,321413.0,Department of Transportation,Federal Aviation Administration,DELIVERY ORDER
PSN,PARSONS GOVERNMENT SERVICES INC.,1305M426F0044,2026-09-04,1000000.0,Department of Commerce,National Oceanic and Atmospheric Administration,DELIVERY ORDER
TXT,BELL TEXTRON INC,15F06726F0000046,2026-09-03,250000.0,Department of Justice,Federal Bureau of Investigation,BPA CALL
GE,"DATEX-OHMEDA, INC.",36C24526F0386,2026-09-06,3199498.08,Department of Veterans Affairs,Department of Veterans Affairs,DELIVERY ORDER
ACN,ACCENTURE FEDERAL SERVICES LLC,91990024F0051,2026-09-08,5346012.03,Department of Education,Department of Education,DELIVERY ORDER
ACN,ACCENTURE FEDERAL SERVICES LLC,89303026FIM000198,2026-09-08,2945427.37,Department of Energy,Department of Energy,BPA CALL
ACN,ACCENTURE FEDERAL SERVICES LLC,89303026FIM000213,2026-09-08,2101540.67,Department of Energy,Department of Energy,BPA CALL
ACN,ACCENTURE FEDERAL SERVICES LLC,70T03026F7667N085,2026-09-08,1200000.0,Department of Homeland Security,Transportation Security Administration,BPA CALL
ACN,ACCENTURE FEDERAL SERVICES LLC,89233125FNA000176,2026-09-08,1142432.0,Department of Energy,Department of Energy,BPA CALL
ACN,ACCENTURE FEDERAL SERVICES LLC,140D0424F1210,2026-09-08,774078.2,Department of the Interior,Departmental Offices,DELIVERY ORDER
ACN,ACCENTURE FEDERAL SERVICES LLC,89303026FIM000221,2026-09-08,263753.5,Department of Energy,Department of Energy,BPA CALL
ACN,ACCENTURE FEDERAL SERVICES LLC,70RCSJ24FR0000081,2026-09-08,118383.56,Department of Homeland Security,Office of Procurement Operations,DELIVERY ORDER
ACN,ACCENTURE FEDERAL SERVICES LLC,75F40121F19001,2026-09-08,0.0,Department of Health and Human Services,Food and Drug Administration,BPA CALL
ACN,ACCENTURE FEDERAL SERVICES LLC,47QFCA21F0065,2026-09-08,0.0,General Services Administration,Federal Acquisition Service,DELIVERY ORDER
ACN,ACCENTURE FEDERAL SERVICES LLC,89303024FIM000150,2026-09-08,0.0,Department of Energy,Department of Energy,BPA CALL
ACN,ACCENTURE FEDERAL SERVICES LLC,HSBP1017C00137,2026-09-08,-125558.17,Department of Homeland Security,U.S. Customs and Border Protection,DEFINITIVE CONTRACT
BA,"JEPPESEN FOREFLIGHT, INC.",80NSSC26P1230,2026-09-08,0.0,National Aeronautics and Space Administration,National Aeronautics and Space Administration,PURCHASE ORDER
BAH,BOOZ ALLEN HAMILTON INC,47QFCA26F0010,2026-09-08,3448274.16,General Services Administration,Federal Acquisition Service,DELIVERY ORDER
BAH,BOOZ ALLEN HAMILTON INC,75F40126F19012,2026-09-08,2739847.0,Department of Health and Human Services,Food and Drug Administration,BPA CALL
BAH,BOOZ ALLEN HAMILTON INC,7571MN26F80081,2026-09-08,1911284.54,Department of Health and Human Services,Office of the Assistant Secretary for Financial Resources,DELIVERY ORDER
BAH,BOOZ ALLEN HAMILTON INC,693KA926F00075,2026-09-08,329593.28,Department of Transportation,Federal Aviation Administration,DELIVERY ORDER
BAH,THUNDERYARD LIBERTY JV LLC,205AE926F00072,2026-09-08,0.0,Department of the Treasury,Internal Revenue Service,BPA CALL
CACI,"CACI, INC. - FEDERAL",70US0926F2GSA2342,2026-09-08,735591.98,Department of Homeland Security,U.S. Secret Service,DELIVERY ORDER
CACI,CONSORCIO ECUATORIANO DE TELECOMUNICACIONES S.A. CONECEL,19EC7526F0177,2026-09-08,18600.0,Department of State,Department of State,DELIVERY ORDER
CAT,CATERPILLAR INC,70Z04026F62009B00,2026-09-08,0.0,Department of Homeland Security,U.S. Coast Guard,DELIVERY ORDER
DE,DEERE & COMPANY,140FS126F0085,2026-09-08,28382.17,Department of the Interior,U.S. Fish and Wildlife Service,DELIVERY ORDER
GD,"GENERAL DYNAMICS INFORMATION TECHNOLOGY, INC.",70FBTX26F00000003,2026-09-08,7726320.0,Department of Homeland Security,Federal Emergency Management Agency,BPA CALL
GD,"GENERAL DYNAMICS INFORMATION TECHNOLOGY, INC.",75N91024F00001,2026-09-08,2580565.92,Department of Health and Human Services,National Institutes of Health,BPA CALL
GD,"GENERAL DYNAMICS INFORMATION TECHNOLOGY, INC.",36C10B24F0413,2026-09-08,1637497.13,Department of Veterans Affairs,Department of Veterans Affairs,DELIVERY ORDER
GD,"GENERAL DYNAMICS INFORMATION TECHNOLOGY, INC.",2032H526F00019,2026-09-08,1540762.8,Department of the Treasury,Internal Revenue Service,DELIVERY ORDER
GD,"GENERAL DYNAMICS INFORMATION TECHNOLOGY, INC.",692M1521F00028,2026-09-08,0.0,Department of Transportation,Federal Aviation Administration,DELIVERY ORDER
GD,"GENERAL DYNAMICS INFORMATION TECHNOLOGY, INC.",75FCMC25FJ031,2026-09-08,0.0,Department of Health and Human Services,Centers for Medicare and Medicaid Services,DELIVERY ORDER
GD,"GENERAL DYNAMICS INFORMATION TECHNOLOGY, INC.",68HERD24F0094,2026-09-08,-7612.37,Environmental Protection Agency,Environmental Protection Agency,BPA CALL
HII,HII MISSION TECHNOLOGIES CORP,47QFNA23F0098,2026-09-08,1100.13,General Services Administration,Federal Acquisition Service,DELIVERY ORDER
HON,"EMS TECHNOLOGIES CANADA, LTD",DOCAB133E16CN0134,2026-09-08,98210.12,Department of Commerce,National Oceanic and Atmospheric Administration,DEFINITIVE CONTRACT
HON,HONEYWELL AEROSPACE US LLC,80NSSC26P1521,2026-09-08,43320.0,National Aeronautics and Space Administration,National Aeronautics and Space Administration,PURCHASE ORDER
HON,"NATIONAL TECHNOLOGY & ENGINEERING SOLUTIONS OF SANDIA, LLC",DENA0003525,2026-09-08,0.0,Department of Energy,Department of Energy,DEFINITIVE CONTRACT
IBM,INTERNATIONAL BUSINESS MACHINES CORPORATION,70Z03826FM0000026,2026-09-08,130651.0,Department of Homeland Security,U.S. Coast Guard,DELIVERY ORDER
LDOS,"LEIDOS, INC.",47QFCA23F0039,2026-09-08,6794684.0,General Services Administration,Federal Acquisition Service,DELIVERY ORDER
LDOS,QTC MEDICAL SERVICES INC,140D0426F1053,2026-09-08,2471598.0,Department of the Interior,Departmental Offices,DELIVERY ORDER
LDOS,"LEIDOS, INC.",89243318CFE000003,2026-09-08,2423715.0,Department of Energy,Department of Energy,DEFINITIVE CONTRACT
LDOS,LEIDOS BIOMEDICAL RESEARCH INC,75N91026F00021,2026-09-08,1291828.0,Department of Health and Human Services,National Institutes of Health,DELIVERY ORDER
LDOS,"LEIDOS, INC.",47QFPA26F0006,2026-09-08,1081115.4,General Services Administration,Federal Acquisition Service,DELIVERY ORDER
LDOS,"LEIDOS, INC.",47QFMA25F0015,2026-09-08,0.0,General Services Administration,Federal Acquisition Service,BPA CALL
LDOS,"LEIDOS SECURITY DETECTION & AUTOMATION, INC.",70RWMD24F00000009,2026-09-08,0.0,Department of Homeland Security,Office of Procurement Operations,DELIVERY ORDER
LDOS,LEIDOS BIOMEDICAL RESEARCH INC,75N91019F00140,2026-09-08,-1654198.0,Department of Health and Human Services,National Institutes of Health,DELIVERY ORDER
PLTR,PALANTIR USG INC,19AQMM26F7208,2026-09-08,1437192.2,Department of State,Department of State,BPA CALL
ROK,ROCKWELL AUTOMATION INC,80NSSC26P1553,2026-09-08,48079.0,National Aeronautics and Space Administration,National Aeronautics and Space Administration,PURCHASE ORDER
SATL,SATELLITE SERVICES INC,47PE5526F0699,2026-09-08,6810.35,General Services Administration,Public Buildings Service,BPA CALL
TXT,"ABLE AEROSPACE SERVICES, INC.",70Z03825FF0000314,2026-09-08,0.0,Department of Homeland Security,U.S. Coast Guard,DELIVERY ORDER
TXT,"ABLE AEROSPACE SERVICES, INC.",70Z03825FF0000274,2026-09-08,0.0,Department of Homeland Security,U.S. Coast Guard,DELIVERY ORDER
TXT,"ABLE AEROSPACE SERVICES, INC.",70Z03823FF0000477,2026-09-08,0.0,Department of Homeland Security,U.S. Coast Guard,DELIVERY ORDER
ACN,ACCENTURE FEDERAL SERVICES LLC,89303026FIM000188,2026-09-09,2000000.0,Department of Energy,Department of Energy,BPA CALL
ACN,ACCENTURE FEDERAL SERVICES LLC,89303026FIM000195,2026-09-09,424485.47,Department of Energy,Department of Energy,BPA CALL
ACN,ACCENTURE FEDERAL SERVICES LLC,75N98026F00001,2026-09-09,135918.02,Department of Health and Human Services,National Institutes of Health,DELIVERY ORDER
ACN,ACCENTURE FEDERAL SERVICES LLC,89303026FIM000203,2026-09-09,10000.0,Department of Energy,Department of Energy,BPA CALL
ACN,ACCENTURE FEDERAL SERVICES LLC,89303026FIM000198,2026-09-09,0.0,Department of Energy,Department of Energy,BPA CALL
ACN,ACCENTURE FEDERAL SERVICES LLC,140D0424F1315,2026-09-09,-365726.26,Department of the Interior,Departmental Offices,DELIVERY ORDER
BA,THE BOEING COMPANY,80MSFC20C0052,2026-09-09,0.0,National Aeronautics and Space Administration,National Aeronautics and Space Administration,DEFINITIVE CONTRACT
BAH,BOOZ ALLEN HAMILTON INC,75F40126F19013,2026-09-09,2799943.1,Department of Health and Human Services,Food and Drug Administration,BPA CALL
BAH,BOOZ ALLEN HAMILTON INC,75D30126F21445,2026-09-09,1188001.87,Department of Health and Human Services,Centers for Disease Control and Prevention,DELIVERY ORDER
BAH,BOOZ ALLEN HAMILTON INC,693KA823F00268,2026-09-09,161785.0,Department of Transportation,Federal Aviation Administration,DELIVERY ORDER
BAH,BOOZ ALLEN HAMILTON INC,80JSC025FA015,2026-09-09,36021.0,National Aeronautics and Space Administration,National Aeronautics and Space Administration,BPA CALL
BAH,BOOZ ALLEN HAMILTON INC,89703026FAR400024,2026-09-09,0.0,Department of Energy,Department of Energy,DELIVERY ORDER
BAH,BOOZ ALLEN HAMILTON INC,89703019CAR000004,2026-09-09,-463002.53,Department of Energy,Department of Energy,DEFINITIVE CONTRACT
CACI,"CACI, INC. - FEDERAL",47QFRA24F0005,2026-09-09,13765769.05,General Services Administration,Federal Acquisition Service,DELIVERY ORDER
CACI,"CACI NSS, LLC",70RTAC26FC0000033,2026-09-09,3600000.0,Department of Homeland Security,Office of Procurement Operations,BPA CALL
CACI,"CACI, INC. - FEDERAL",70FA5026C00000004,2026-09-09,2162935.18,Department of Homeland Security,Federal Emergency Management Agency,DEFINITIVE CONTRACT
CACI,"CACI NSS, LLC",75D30124F19872,2026-09-09,1082255.3,Department of Health and Human Services,Office of the Assistant Secretary for Financial Resources,DELIVERY ORDER
CACI,ACACIA HERITAGE CONSULTING LLC,12444025F0124,2026-09-09,0.0,Department of Agriculture,Forest Service,BPA CALL
CAT,CATERPILLAR INC,140F1G26F0078,2026-09-09,278275.0,Department of the Interior,U.S. Fish and Wildlife Service,DELIVERY ORDER
DE,"JOHN DEERE SHARED SERVICES, LLC",140F0S26F0026,2026-09-09,468938.54,Department of the Interior,U.S. Fish and Wildlife Service,DELIVERY ORDER
ETN,EATON CORPORATION,6973GH26F01366,2026-09-09,154673.47,Department of Transportation,Federal Aviation Administration,DELIVERY ORDER
GD,"GENERAL DYNAMICS INFORMATION TECHNOLOGY, INC.",19AQMM18C0185,2026-09-09,24195965.79,Department of State,Department of State,DEFINITIVE CONTRACT
GD,"GENERAL DYNAMICS INFORMATION TECHNOLOGY, INC.",89303020FCF000016,2026-09-09,1826487.0,Department of Energy,Department of Energy,BPA CALL
GD,"GENERAL DYNAMICS INFORMATION TECHNOLOGY, INC.",89303020FCF000013,2026-09-09,1040553.0,Department of Energy,Department of Energy,BPA CALL
GD,"GENERAL DYNAMICS INFORMATION TECHNOLOGY, INC.",89303020FCF000012,2026-09-09,595595.0,Department of Energy,Department of Energy,BPA CALL
GD,"GENERAL DYNAMICS MISSION SYSTEMS, INC.",70Z04426FCMPL0014,2026-09-09,40000.0,Department of Homeland Security,U.S. Coast Guard,DELIVERY ORDER
GD,"GENERAL DYNAMICS ORDNANCE AND TACTICAL SYSTEMS - SIMUNITION OPERATIONS, INC.",15F06726F0001506,2026-09-09,19146.18,Department of Justice,Federal Bureau of Investigation,DELIVERY ORDER
GD,"GENERAL DYNAMICS INFORMATION TECHNOLOGY, INC.",36C10D22N0007,2026-09-09,3135.0,Department of Veterans Affairs,Department of Veterans Affairs,DELIVERY ORDER
GD,"GENERAL DYNAMICS INFORMATION TECHNOLOGY, INC.",692M1519F00283,2026-09-09,2500.0,Department of Transportation,Federal Aviation Administration,DELIVERY ORDER
GD,"GENERAL DYNAMICS INFORMATION TECHNOLOGY, INC.",1331L523F13OS0765,2026-09-09,0.0,Department of Commerce,Office of the Secretary,BPA CALL
GD,"GENERAL DYNAMICS INFORMATION TECHNOLOGY, INC.",12314425F0150,2026-09-09,-149.45,Department of Agriculture,Office of the Chief Financial Officer,DELIVERY ORDER
GD,"GENERAL DYNAMICS INFORMATION TECHNOLOGY, INC.",DTFACT15D00003CALL0002,2026-09-09,-33064.28,Department of Transportation,Federal Aviation Administration,DELIVERY ORDER
GE,"DATEX-OHMEDA, INC.",75H70926P00137,2026-09-09,22806.0,Department of Health and Human Services,Indian Health Service,PURCHASE ORDER
HON,HONEYWELL INTERNATIONAL INC.,70Z03826PR0000360,2026-09-09,192284.52,Department of Homeland Security,U.S. Coast Guard,PURCHASE ORDER
HON,"HONEYWELL INTERNATIONAL, INC",47PC5426P0058,2026-09-09,10968.05,General Services Administration,Public Buildings Service,PURCHASE ORDER
IBM,INTERNATIONAL BUSINESS MACHINES CORPORATION,15DDHQ23F00001237,2026-09-09,740727.01,Department of Justice,Drug Enforcement Administration,DELIVERY ORDER
LDOS,"LEIDOS, INC.",47QFCA22F0051,2026-09-09,59346319.0,General Services Administration,Federal Acquisition Service,DELIVERY ORDER
LDOS,"LEIDOS, INC.",DTFAWA16C00021,2026-09-09,6409766.0,Department of Transportation,Federal Aviation Administration,DEFINITIVE CONTRACT
LDOS,"LEIDOS, INC.",70B04C24C00000115,2026-09-09,921443.29,Department of Homeland Security,U.S. Customs and Border Protection,DEFINITIVE CONTRACT
LDOS,"LEIDOS, INC.",NSFDACS1219442,2026-09-09,0.0,National Science Foundation,National Science Foundation,DEFINITIVE CONTRACT
LDOS,"LEIDOS, INC.",28321322FDS030130,2026-09-09,0.0,Social Security Administration,Social Security Administration,DELIVERY ORDER
LDOS,LEIDOS BIOMEDICAL RESEARCH INC,75N91020F00039,2026-09-09,-74466450.0,Department of Health and Human Services,National Institutes of Health,DELIVERY ORDER
NOC,NORTHROP GRUMMAN SYSTEMS CORPORATION,80GSFC26C0013,2026-09-09,3009903.0,National Aeronautics and Space Administration,National Aeronautics and Space Administration,DEFINITIVE CONTRACT
NOC,NORTHROP GRUMMAN SYSTEMS CORPORATION,80AFRC21F0031,2026-09-09,-287282.0,National Aeronautics and Space Administration,National Aeronautics and Space Administration,DELIVERY ORDER
PSN,PARSONS GOVERNMENT SERVICES INC.,89233122FNA000107,2026-09-09,-53000.0,Department of Energy,Department of Energy,BPA CALL
RKLB,ROCKET LAB USA INC,80KSC023FA107,2026-09-09,6553000.0,National Aeronautics and Space Administration,National Aeronautics and Space Administration,DELIVERY ORDER
SATL,SATELLITE SERVICES INC,47PD5326F0359,2026-09-09,44225.79,General Services Administration,Public Buildings Service,DELIVERY ORDER
SATL,SATELLITE SERVICES INC,47PD5326F0360,2026-09-09,29820.94,General Services Administration,Public Buildings Service,DELIVERY ORDER
SATL,SATELLITE SERVICES INC,47PG0122F0005,2026-09-09,0.0,General Services Administration,Public Buildings Service,BPA CALL
TXT,BELL TEXTRON INC,15F06726F0001262,2026-09-09,11700.0,Department of Justice,Federal Bureau of Investigation,BPA CALL
TXT,"ABLE AEROSPACE SERVICES, INC.",70Z03826FF0000250,2026-09-09,-7760.0,Department of Homeland Security,U.S. Coast Guard,DELIVERY ORDER
ACN,ACCENTURE FEDERAL SERVICES LLC,70T03026F7667N067,2026-09-11,7989260.42,Department of Homeland Security,Transportation Security Administration,BPA CALL
ACN,ACCENTURE FEDERAL SERVICES LLC,140G0224F0336,2026-09-11,3651111.3,Department of the Interior,U.S. Geological Survey,DELIVERY ORDER
ACN,ACCENTURE FEDERAL SERVICES LLC,47QFCA21F0065,2026-09-10,3195507.0,General Services Administration,Federal Acquisition Service,DELIVERY ORDER
ACN,ACCENTURE FEDERAL SERVICES LLC,13CHFN26F0007,2026-09-10,2487855.39,Department of Commerce,U.S. Census Bureau,DELIVERY ORDER
ACN,ACCENTURE FEDERAL SERVICES LLC,15BNAS23F00000224,2026-09-12,1680970.05,Department of Justice,Federal Prison System / Bureau of Prisons,DELIVERY ORDER
ACN,ACCENTURE FEDERAL SERVICES LLC,89303026FIM000188,2026-09-10,1559870.8,Department of Energy,Department of Energy,BPA CALL
ACN,ACCENTURE FEDERAL SERVICES LLC,2043FY25F00111,2026-09-11,1343815.17,Department of the Treasury,Internal Revenue Service,DELIVERY ORDER
ACN,ACCENTURE FEDERAL SERVICES LLC,205AE926P00015,2026-09-11,348999.85,Department of the Treasury,Internal Revenue Service,PURCHASE ORDER
ACN,ACCENTURE FEDERAL SERVICES LLC,19AQMM26F7227,2026-09-10,200328.8,Department of State,Department of State,BPA CALL
ACN,ACCENTURE FEDERAL SERVICES LLC,70B04C23F00000074,2026-09-10,140103.68,Department of Homeland Security,U.S. Customs and Border Protection,DELIVERY ORDER
ACN,ACCENTURE FEDERAL SERVICES LLC,70T03026F7667N065,2026-09-11,90000.0,Department of Homeland Security,Transportation Security Administration,BPA CALL
ACN,ACCENTURE FEDERAL SERVICES LLC,75FCMC25FJ032,2026-09-10,0.0,Department of Health and Human Services,Centers for Medicare and Medicaid Services,DELIVERY ORDER
ACN,ACCENTURE FEDERAL SERVICES LLC,2032H822F00118,2026-09-11,0.0,Department of the Treasury,Internal Revenue Service,DELIVERY ORDER
ACN,ACCENTURE FEDERAL SERVICES LLC,693JJ324F00323N,2026-09-11,-122.47,Department of Transportation,Federal Highway Administration,BPA CALL
BA,THE BOEING COMPANY,NAS1510000,2026-09-11,210564973.85,National Aeronautics and Space Administration,National Aeronautics and Space Administration,DEFINITIVE CONTRACT
BA,THE BOEING COMPANY,80MSFC20C0052,2026-09-11,0.0,National Aeronautics and Space Administration,National Aeronautics and Space Administration,DEFINITIVE CONTRACT
BA,THE BOEING COMPANY,80ARC020F0100,2026-09-10,-11487.72,National Aeronautics and Space Administration,National Aeronautics and Space Administration,DELIVERY ORDER
BA,THE BOEING COMPANY,NNA14AA44C,2026-09-10,-106506.99,National Aeronautics and Space Administration,National Aeronautics and Space Administration,DEFINITIVE CONTRACT
BAH,BOOZ ALLEN HAMILTON INC,47QFHA26F0005,2026-09-11,23924017.97,General Services Administration,Federal Acquisition Service,DELIVERY ORDER
BAH,BOOZ ALLEN HAMILTON INC,49100424F0001,2026-09-10,15400000.0,National Science Foundation,National Science Foundation,DELIVERY ORDER
BAH,BOOZ ALLEN HAMILTON INC,75D30122F15449,2026-09-11,2957539.53,Department of Health and Human Services,Centers for Disease Control and Prevention,DELIVERY ORDER
BAH,BOOZ ALLEN HAMILTON INC,75D30126F21551,2026-09-11,2820403.4,Department of Health and Human Services,Centers for Disease Control and Prevention,BPA CALL
BAH,BOOZ ALLEN HAMILTON INC,75N98026F00001,2026-09-11,2370402.1,Department of Health and Human Services,National Institutes of Health,BPA CALL
BAH,BOOZ ALLEN HAMILTON INC,47QFHA25F0003,2026-09-10,1266045.82,General Services Administration,Federal Acquisition Service,DELIVERY ORDER
BAH,BOOZ ALLEN HAMILTON INC,47QFCA26F0025,2026-09-11,1150323.83,General Services Administration,Federal Acquisition Service,DELIVERY ORDER
BAH,BOOZ ALLEN HAMILTON INC,47QFSA22F0136,2026-09-10,201417.22,General Services Administration,Federal Acquisition Service,DELIVERY ORDER
BAH,BOOZ ALLEN HAMILTON INC,693KA924F00198,2026-09-10,135164.03,Department of Transportation,Federal Aviation Administration,DELIVERY ORDER
BAH,BOOZ ALLEN HAMILTON INC,693KA925F00106,2026-09-10,116250.0,Department of Transportation,Federal Aviation Administration,DELIVERY ORDER
BAH,BOOZ ALLEN HAMILTON INC,693KA925F00106,2026-09-10,0.0,Department of Transportation,Federal Aviation Administration,DELIVERY ORDER
BAH,BOOZ ALLEN HAMILTON INC,47QFEA25F0005,2026-09-10,0.0,General Services Administration,Federal Acquisition Service,DELIVERY ORDER
BAH,BOOZ ALLEN HAMILTON INC,693KA923F00127,2026-09-10,-5508.33,Department of Transportation,Federal Aviation Administration,DELIVERY ORDER
BAH,BOOZ ALLEN HAMILTON INC,89703020CAR000005,2026-09-10,-16505.74,Department of Energy,Department of Energy,DEFINITIVE CONTRACT
BAH,BOOZ ALLEN HAMILTON INC,693KA925F00054,2026-09-10,-89730.62,Department of Transportation,Federal Aviation Administration,DELIVERY ORDER
CACI,"CACI NSS, LLC",36C10B26F0367,2026-09-10,40822791.12,Department of Veterans Affairs,Department of Veterans Affairs,DELIVERY ORDER
CACI,"CACI, INC. - FEDERAL",70CTD026FR0000063,2026-09-11,13955094.02,Department of Homeland Security,U.S. Immigration and Customs Enforcement,DELIVERY ORDER
CACI,"CACI, INC. - FEDERAL",47QFRA24F0005,2026-09-11,9445113.5,General Services Administration,Federal Acquisition Service,DELIVERY ORDER
CACI,"CACI NSS, LLC",70RTAC26FC0000033,2026-09-10,4974313.29,Department of Homeland Security,Office of Procurement Operations,BPA CALL
CACI,"CACI, LLC - COMMERCIAL",15JPSS26F00001647,2026-09-11,1088484.16,Department of Justice,"Offices, Boards and Divisions",DELIVERY ORDER
CACI,ESTUDIOS EDIFICACIONES E INTERVENTORIAS EN INGENIERIA EEII S A S,19C02026C0004,2026-09-10,220205.98,Department of State,Department of State,DEFINITIVE CONTRACT
CACI,"CACI, INC. - FEDERAL",70CMSW21FR0000115,2026-09-11,91113.25,Department of Homeland Security,U.S. Immigration and Customs Enforcement,DELIVERY ORDER
CACI,"CACI NSS, LLC",70RTAC26FC0000018,2026-09-11,55719.59,Department of Homeland Security,Office of Procurement Operations,BPA CALL
CAT,CATERPILLAR INC,140A1526F0006,2026-09-10,461523.0,Department of the Interior,Bureau of Indian Affairs and Bureau of Indian Education,DELIVERY ORDER
CAT,CATERPILLAR INC,140F1S26F0045,2026-09-10,177006.0,Department of the Interior,U.S. Fish and Wildlife Service,DELIVERY ORDER
CAT,CATERPILLAR INC,70Z04026F62009B00,2026-09-11,0.0,Department of Homeland Security,U.S. Coast Guard,DELIVERY ORDER
DE,DEERE & COMPANY,70Z08126FELIZ0037,2026-09-11,198281.76,Department of Homeland Security,U.S. Coast Guard,DELIVERY ORDER
DE,DEERE & COMPANY,1232SA26F0580,2026-09-11,126347.93,Department of Agriculture,Agricultural Research Service,DELIVERY ORDER
DE,DEERE & COMPANY,140FS226F0111,2026-09-11,0.0,Department of the Interior,U.S. Fish and Wildlife Service,DELIVERY ORDER
DE,DEERE & COMPANY,140F1G26F0061,2026-09-11,0.0,Department of the Interior,U.S. Fish and Wildlife Service,DELIVERY ORDER
DE,DEERE & COMPANY,1232SA26F0497,2026-09-10,-21.37,Department of Agriculture,Agricultural Research Service,DELIVERY ORDER
EMR,"K. W. EMERSON, INC.",12363N26F4057,2026-09-10,0.0,Department of Agriculture,Forest Service,BPA CALL
EMR,"EMERSON PROCESS MANAGEMENT POWER & WATER SOLUTIONS, INC.",140R4026P0099,2026-09-10,90114.0,Department of the Interior,Bureau of Reclamation,PURCHASE ORDER
ETN,EATON CORPORATION,6973GH25F00851,2026-09-10,149500.0,Department of Transportation,Federal Aviation Administration,DELIVERY ORDER
ETN,EATON CORPORATION,6973GH26C00215,2026-09-10,18464.4,Department of Transportation,Federal Aviation Administration,DEFINITIVE CONTRACT
ETN,EATON CORPORATION,6973GH19F00551,2026-09-11,-43689.6,Department of Transportation,Federal Aviation Administration,DELIVERY ORDER
GD,"GENERAL DYNAMICS INFORMATION TECHNOLOGY, INC.",75N94025F00103,2026-09-10,10000000.0,Department of Health and Human Services,National Institutes of Health,DELIVERY ORDER
GD,"GENERAL DYNAMICS INFORMATION TECHNOLOGY, INC.",47QFCA23F0040,2026-09-11,7476104.78,General Services Administration,Federal Acquisition Service,DELIVERY ORDER
GD,"GENERAL DYNAMICS INFORMATION TECHNOLOGY, INC.",75FCMC26F0089,2026-09-11,4727247.31,Department of Health and Human Services,Centers for Medicare and Medicaid Services,DELIVERY ORDER
GD,"GENERAL DYNAMICS INFORMATION TECHNOLOGY, INC.",36C10D24N0035,2026-09-11,4496525.32,Department of Veterans Affairs,Department of Veterans Affairs,DELIVERY ORDER
GD,"GENERAL DYNAMICS INFORMATION TECHNOLOGY, INC.",47QFMA25F0016,2026-09-10,2802287.13,General Services Administration,Federal Acquisition Service,DELIVERY ORDER
GD,"GENERAL DYNAMICS INFORMATION TECHNOLOGY, INC.",7571TE26F66022,2026-09-11,1609000.0,Department of Health and Human Services,Office of the Assistant Secretary for Financial Resources,BPA CALL
GD,"GENERAL DYNAMICS INFORMATION TECHNOLOGY, INC.",47QFSA25F0052,2026-09-11,884250.0,General Services Administration,Federal Acquisition Service,BPA CALL
GD,"GENERAL DYNAMICS INFORMATION TECHNOLOGY, INC.",68HE0P25F0005,2026-09-10,318000.0,Environmental Protection Agency,Environmental Protection Agency,BPA CALL
GD,"GENERAL DYNAMICS MISSION SYSTEMS, INC.",70Z04426FCMPL0014,2026-09-10,93000.0,Department of Homeland Security,U.S. Coast Guard,DELIVERY ORDER
GD,"GENERAL DYNAMICS MISSION SYSTEMS, INC.",70Z04426FCMPL0014,2026-09-11,45000.0,Department of Homeland Security,U.S. Coast Guard,DELIVERY ORDER
GD,"GENERAL DYNAMICS ORDNANCE AND TACTICAL SYSTEMS - SIMUNITION OPERATIONS, INC.",70LART26FPFB00061,2026-09-10,38759.34,Department of Homeland Security,Federal Law Enforcement Training Center,DELIVERY ORDER
GD,"GENERAL DYNAMICS INFORMATION TECHNOLOGY, INC.",692M1521F00008,2026-09-10,68.05,Department of Transportation,Federal Aviation Administration,DELIVERY ORDER
GD,"GENERAL DYNAMICS INFORMATION TECHNOLOGY, INC.",692M1520F00136,2026-09-10,0.0,Department of Transportation,Federal Aviation Administration,DELIVERY ORDER
GD,"GENERAL DYNAMICS INFORMATION TECHNOLOGY, INC.",47QFCA24F0014,2026-09-10,0.0,General Services Administration,Federal Acquisition Service,DELIVERY ORDER
GD,"GENERAL DYNAMICS INFORMATION TECHNOLOGY, INC.",693KA723F00010,2026-09-11,0.0,Department of Transportation,Federal Aviation Administration,DELIVERY ORDER
GD,"GENERAL DYNAMICS INFORMATION TECHNOLOGY, INC.",70B01C25F00000760,2026-09-11,0.0,Department of Homeland Security,U.S. Customs and Border Protection,BPA CALL
GD,"GENERAL DYNAMICS INFORMATION TECHNOLOGY, INC.",692M1518F00742,2026-09-10,0.0,Department of Transportation,Federal Aviation Administration,DELIVERY ORDER
GD,"GENERAL DYNAMICS INFORMATION TECHNOLOGY, INC.",70B01C25F00000528,2026-09-11,0.0,Department of Homeland Security,U.S. Customs and Border Protection,BPA CALL
GD,"GENERAL DYNAMICS INFORMATION TECHNOLOGY, INC.",692M1524F00057,2026-09-10,0.0,Department of Transportation,Federal Aviation Administration,DELIVERY ORDER
GD,"GENERAL DYNAMICS INFORMATION TECHNOLOGY, INC.",47QFMA25F0016,2026-09-11,0.0,General Services Administration,Federal Acquisition Service,DELIVERY ORDER
GD,"GENERAL DYNAMICS INFORMATION TECHNOLOGY, INC.",70B01C25F00000702,2026-09-11,0.0,Department of Homeland Security,U.S. Customs and Border Protection,BPA CALL
GD,"GENERAL DYNAMICS INFORMATION TECHNOLOGY, INC.",692M1522F00025,2026-09-11,0.0,Department of Transportation,Federal Aviation Administration,DELIVERY ORDER
GD,"GENERAL DYNAMICS MISSION SYSTEMS, INC.",1331L523P13OS0163,2026-09-11,-2000.0,Department of Commerce,Office of the Secretary,PURCHASE ORDER
GD,"GENERAL DYNAMICS INFORMATION TECHNOLOGY, INC.",1333BJ18F00280007,2026-09-11,-4272.27,Department of Commerce,U.S. Patent and Trademark Office,DELIVERY ORDER
GD,"GENERAL DYNAMICS INFORMATION TECHNOLOGY, INC.",692M1521F00018,2026-09-10,-5850.55,Department of Transportation,Federal Aviation Administration,DELIVERY ORDER
GD,"GENERAL DYNAMICS INFORMATION TECHNOLOGY, INC.",692M1521F00018,2026-09-10,-13368.97,Department of Transportation,Federal Aviation Administration,DELIVERY ORDER
GD,"GENERAL DYNAMICS INFORMATION TECHNOLOGY, INC.",692M1521F00018,2026-09-10,-43001.75,Department of Transportation,Federal Aviation Administration,DELIVERY ORDER
GD,"GENERAL DYNAMICS INFORMATION TECHNOLOGY, INC.",692M1521F00018,2026-09-10,-48747.77,Department of Transportation,Federal Aviation Administration,DELIVERY ORDER
GD,"GENERAL DYNAMICS INFORMATION TECHNOLOGY, INC.",80HQTR18F0082,2026-09-11,-82746.33,National Aeronautics and Space Administration,National Aeronautics and Space Administration,DELIVERY ORDER
GD,"GENERAL DYNAMICS INFORMATION TECHNOLOGY, INC.",140D0426F0160,2026-09-11,-1314762.8,Department of the Interior,Departmental Offices,DELIVERY ORDER
GE,GENERAL ELECTRIC COMPANY,70Z03826FA0000179,2026-09-11,3633767.96,Department of Homeland Security,U.S. Coast Guard,DELIVERY ORDER
GE,GENERAL ELECTRIC COMPANY,70Z03826FA0000172,2026-09-10,1023641.42,Department of Homeland Security,U.S. Coast Guard,DELIVERY ORDER
GE,GENERAL ELECTRIC COMPANY,70Z03826FA0000176,2026-09-11,932572.99,Department of Homeland Security,U.S. Coast Guard,DELIVERY ORDER
GE,GENERAL ELECTRIC COMPANY,70Z03826FR0000144,2026-09-10,359115.0,Department of Homeland Security,U.S. Coast Guard,DELIVERY ORDER
GE,GE AVIATION SYSTEMS LLC,70Z03826PC0000139,2026-09-10,150694.0,Department of Homeland Security,U.S. Coast Guard,PURCHASE ORDER
GE,GENERAL ELECTRIC COMPANY,36C25022P1783,2026-09-10,4402.0,Department of Veterans Affairs,Department of Veterans Affairs,PURCHASE ORDER
GE,GENERAL ELECTRIC COMPANY,36C25522P0211,2026-09-10,0.0,Department of Veterans Affairs,Department of Veterans Affairs,PURCHASE ORDER
HON,HONEYWELL INTERNATIONAL INC.,70Z03826PR0000354,2026-09-10,167480.0,Department of Homeland Security,U.S. Coast Guard,PURCHASE ORDER
HON,HONEYWELL BUILDING SOLUTIONS SES CORP,36C24922P0040,2026-09-11,680.13,Department of Veterans Affairs,Department of Veterans Affairs,PURCHASE ORDER
IBM,INTERNATIONAL BUSINESS MACHINES CORPORATION,47QMCB25C0001,2026-09-11,34168194.25,General Services Administration,Federal Acquisition Service,DEFINITIVE CONTRACT
IBM,INTERNATIONAL BUSINESS MACHINES CORPORATION,47HAA024F0018,2026-09-11,1047009.34,General Services Administration,Office of Administrative Services,DELIVERY ORDER
IBM,INTERNATIONAL BUSINESS MACHINES CORPORATION,36C10B26F0013,2026-09-10,18115.26,Department of Veterans Affairs,Department of Veterans Affairs,DELIVERY ORDER
IBM,INTERNATIONAL BUSINESS MACHINES CORPORATION,15BNAS21FRCA00031,2026-09-10,0.0,Department of Justice,Federal Prison System / Bureau of Prisons,DELIVERY ORDER
IBM,INTERNATIONAL BUSINESS MACHINES CORPORATION,693KA721C00022,2026-09-10,0.0,Department of Transportation,Federal Aviation Administration,DEFINITIVE CONTRACT
IBM,INTERNATIONAL BUSINESS MACHINES CORPORATION,1332KP24F0036,2026-09-10,0.0,Department of Commerce,National Oceanic and Atmospheric Administration,DELIVERY ORDER
IBM,INTERNATIONAL BUSINESS MACHINES CORPORATION,75F40125F80175,2026-09-10,0.0,Department of Health and Human Services,Food and Drug Administration,DELIVERY ORDER
LDOS,"LEIDOS, INC.",15JPSS21F00000536,2026-09-10,1635000.0,Department of Justice,"Offices, Boards and Divisions",DELIVERY ORDER
LDOS,LEIDOS BIOMEDICAL RESEARCH INC,75N91026F00024,2026-09-10,1323885.0,Department of Health and Human Services,National Institutes of Health,DELIVERY ORDER
LDOS,"LEIDOS, INC.",2032H526F00054,2026-09-11,318696.21,Department of the Treasury,Internal Revenue Service,DELIVERY ORDER
LDOS,"LEIDOS, INC.",DTFA0101CA0065CALL0001,2026-09-10,238837.0,Department of Transportation,Federal Aviation Administration,DELIVERY ORDER
LDOS,"LEIDOS, INC.",31310021F0150,2026-09-11,230000.0,Nuclear Regulatory Commission,Nuclear Regulatory Commission,BPA CALL
LDOS,"LEIDOS, INC.",75FCMC22F0131,2026-09-10,75000.0,Department of Health and Human Services,Centers for Medicare and Medicaid Services,DELIVERY ORDER
LDOS,"LEIDOS, INC.",15JPSS26F00001683,2026-09-11,66308.48,Department of Justice,"Offices, Boards and Divisions",DELIVERY ORDER
LDOS,"LEIDOS, INC.",31310023F0028,2026-09-10,21000.0,Nuclear Regulatory Commission,Nuclear Regulatory Commission,BPA CALL
LDOS,"LEIDOS, INC.",70RWMD23C00000002,2026-09-10,0.0,Department of Homeland Security,Office of Procurement Operations,DEFINITIVE CONTRACT
LDOS,LEIDOS BIOMEDICAL RESEARCH INC,75N91018F00080,2026-09-11,0.0,Department of Health and Human Services,National Institutes of Health,DELIVERY ORDER
LDOS,"LEIDOS, INC.",70RTAC25FR0000018,2026-09-11,0.0,Department of Homeland Security,Office of Procurement Operations,DELIVERY ORDER
LDOS,"LEIDOS, INC.",693JJ323F00096N,2026-09-11,-23457.73,Department of Transportation,Federal Highway Administration,DELIVERY ORDER
LDOS,"LEIDOS SECURITY DETECTION & AUTOMATION, INC.",HSTS0415JCT8504,2026-09-10,-106254.67,Department of Homeland Security,Transportation Security Administration,DELIVERY ORDER
NOC,NORTHROP GRUMMAN SYSTEMS CORP,140G0122C0003,2026-09-10,47500.0,Department of the Interior,U.S. Geological Survey,DEFINITIVE CONTRACT
NOC,NORTHROP GRUMMAN SYSTEMS CORPORATION,70Z04425FC2PL0011,2026-09-10,0.0,Department of Homeland Security,U.S. Coast Guard,DELIVERY ORDER
NOC,NORTHROP GRUMMAN SYSTEMS CORPORATION,47QFMA19F0025,2026-09-10,-7616.33,General Services Administration,Federal Acquisition Service,DELIVERY ORDER
PLTR,PALANTIR USG INC,19AQMM25F7364,2026-09-11,2832152.31,Department of State,Department of State,BPA CALL
PSN,PARSONS GOVERNMENT SERVICES INTERNATIONAL INC.,89233125FNA400705,2026-09-10,3942974.81,Department of Energy,Department of Energy,DELIVERY ORDER
PSN,PARSONS GOVERNMENT SERVICES INC.,47PA0325F0024,2026-09-10,339964.0,General Services Administration,Public Buildings Service,BPA CALL
PSN,XATOR LLC,140E0119C0006,2026-09-11,85627.14,Department of the Interior,Bureau of Safety and Environmental Enforcement,DEFINITIVE CONTRACT
PSN,PARSONS GOVERNMENT SERVICES INC.,89233123FNA000111,2026-09-11,85435.84,Department of Energy,Department of Energy,BPA CALL
SATL,SATELLITE SERVICES INC,47QFRA25F0009,2026-09-10,110502.55,General Services Administration,Federal Acquisition Service,BPA CALL
SATL,SATELLITE SERVICES INC,47PE5526F0738,2026-09-10,49998.09,General Services Administration,Public Buildings Service,BPA CALL
SATL,SATELLITE SERVICES INC,47PE5126F0009,2026-09-11,24948.99,General Services Administration,Public Buildings Service,BPA CALL
SPIR,"CORESPHERE, LLC",83310124F0125,2026-09-10,525500.0,Export-Import Bank of the United States,Export-Import Bank of the United States,DELIVERY ORDER
WWD,JAMES E WOODWARD INC,12569R26M0893,2026-09-12,3450.0,Department of Agriculture,Forest Service,DELIVERY ORDER
GD,"GENERAL DYNAMICS ORDNANCE AND TACTICAL SYSTEMS - SIMUNITION OPERATIONS, INC.",70LART26FPFB00068,2026-09-13,157737.1,Department of Homeland Security,Federal Law Enforcement Training Center,DELIVERY ORDER
WWD,JAMES E WOODWARD INC,12569R26M0893,2026-09-13,6900.0,Department of Agriculture,Forest Service,DELIVERY ORDER
ACN,ACCENTURE FEDERAL SERVICES LLC,19AQMM26F7062,2026-09-14,1381881.56,Department of State,Department of State,BPA CALL
ACN,ACCENTURE FEDERAL SERVICES LLC,89303026FIM000198,2026-09-15,923961.5,Department of Energy,Department of Energy,BPA CALL
ACN,ACCENTURE FEDERAL SERVICES LLC,1331L520C13OS0005,2026-09-14,563485.14,Department of Commerce,Office of the Secretary,DEFINITIVE CONTRACT
ACN,ACCENTURE FEDERAL SERVICES LLC,49100419F1050,2026-09-14,0.0,National Science Foundation,National Science Foundation,DELIVERY ORDER
ACN,ACCENTURE FEDERAL SERVICES LLC,70T03026F7667N088,2026-09-15,0.0,Department of Homeland Security,Transportation Security Administration,BPA CALL
ACN,ACCENTURE FEDERAL SERVICES LLC,1333BJ24F00184003,2026-09-15,-11.9,Department of Commerce,U.S. Patent and Trademark Office,BPA CALL
ACN,ACCENTURE FEDERAL SERVICES LLC,1333BJ23F00184027,2026-09-15,-33.68,Department of Commerce,U.S. Patent and Trademark Office,BPA CALL
ACN,ACCENTURE FEDERAL SERVICES LLC,140D0426F0048,2026-09-14,-4814.55,Department of the Interior,Departmental Offices,DELIVERY ORDER
ACN,ACCENTURE FEDERAL SERVICES LLC,1333BJ22F00184018,2026-09-15,-9054.64,Department of Commerce,U.S. Patent and Trademark Office,BPA CALL
BA,THE BOEING COMPANY,80KSC026F0009,2026-09-14,511615.65,National Aeronautics and Space Administration,National Aeronautics and Space Administration,BPA CALL
BA,THE BOEING COMPANY,89233123CNA000303,2026-09-14,197800.0,Department of Energy,Department of Energy,DEFINITIVE CONTRACT
BA,"BOEING AEROSPACE OPERATIONS, INC.",80LARC21F0100,2026-09-14,0.0,National Aeronautics and Space Administration,National Aeronautics and Space Administration,DELIVERY ORDER
BA,THE BOEING COMPANY,80LARC19F0056,2026-09-14,-606.4,National Aeronautics and Space Administration,National Aeronautics and Space Administration,DELIVERY ORDER
BAH,BOOZ ALLEN HAMILTON INC,47QFCA26F0018,2026-09-14,18034598.0,General Services Administration,Federal Acquisition Service,DELIVERY ORDER
BAH,BOOZ ALLEN HAMILTON INC,47QFWA26F0015,2026-09-15,8564647.78,General Services Administration,Federal Acquisition Service,DELIVERY ORDER
BAH,BOOZ ALLEN HAMILTON INC,140D0426F0797,2026-09-15,8110361.17,Department of the Interior,Departmental Offices,BPA CALL
BAH,BOOZ ALLEN HAMILTON INC,75N98026F00001,2026-09-14,5359912.41,Department of Health and Human Services,National Institutes of Health,DELIVERY ORDER
BAH,BOOZ ALLEN HAMILTON INC,47QFRA24F0006,2026-09-14,3989582.49,General Services Administration,Federal Acquisition Service,DELIVERY ORDER
BAH,BOOZ ALLEN HAMILTON INC,70B04C25F00000951,2026-09-14,967620.82,Department of Homeland Security,U.S. Customs and Border Protection,BPA CALL
BAH,BOOZ ALLEN HAMILTON INC,47QFSA23F0008,2026-09-14,967526.02,General Services Administration,Federal Acquisition Service,DELIVERY ORDER
BAH,BOOZ ALLEN HAMILTON INC,89303019FET000005,2026-09-15,495000.0,Department of Energy,Department of Energy,BPA CALL
BAH,BOOZ ALLEN HAMILTON INC,80HQTR26FA049,2026-09-14,282243.0,National Aeronautics and Space Administration,National Aeronautics and Space Administration,BPA CALL
BAH,BOOZ ALLEN HAMILTON INC,75N94026F00001,2026-09-15,199975.78,Department of Health and Human Services,National Institutes of Health,DELIVERY ORDER
BAH,BOOZ ALLEN HAMILTON INC,80JSC026FA140,2026-09-14,122139.0,National Aeronautics and Space Administration,National Aeronautics and Space Administration,BPA CALL
BAH,BOOZ ALLEN HAMILTON INC,47QFMA26F0001,2026-09-14,113248.82,General Services Administration,Federal Acquisition Service,DELIVERY ORDER
BAH,BOOZ ALLEN HAMILTON INC,68HERF26F0083,2026-09-15,0.0,Environmental Protection Agency,Environmental Protection Agency,BPA CALL
BAH,BOOZ ALLEN HAMILTON INC,89703026FAR400026,2026-09-15,0.0,Department of Energy,Department of Energy,DELIVERY ORDER
BAH,BOOZ ALLEN HAMILTON INC,89703026FAR400027,2026-09-15,0.0,Department of Energy,Department of Energy,DELIVERY ORDER
BAH,BOOZ ALLEN HAMILTON INC,89703026FAR400023,2026-09-15,0.0,Department of Energy,Department of Energy,DELIVERY ORDER
BAH,BOOZ ALLEN HAMILTON INC,89703026FAR400022,2026-09-15,0.0,Department of Energy,Department of Energy,DELIVERY ORDER
BAH,BOOZ ALLEN HAMILTON INC,80HQTR19F0250,2026-09-15,-20.15,National Aeronautics and Space Administration,National Aeronautics and Space Administration,BPA CALL
BAH,BOOZ ALLEN HAMILTON INC,80HQTR20F0107,2026-09-14,-39722.7,National Aeronautics and Space Administration,National Aeronautics and Space Administration,BPA CALL
BAH,BOOZ ALLEN HAMILTON INC,75D30123F18268,2026-09-15,-113206.2,Department of Health and Human Services,Centers for Disease Control and Prevention,DELIVERY ORDER
CACI,"CACI, INC. - FEDERAL",70CMSD25FR0000031,2026-09-15,3206762.28,Department of Homeland Security,U.S. Immigration and Customs Enforcement,DELIVERY ORDER
CACI,"CACI, INC. - FEDERAL",47QFRA24F0005,2026-09-14,1649630.62,General Services Administration,Federal Acquisition Service,DELIVERY ORDER
CACI,"CACI NSS, LLC",75S20323F80016,2026-09-14,383527.89,Department of Health and Human Services,Office of the Assistant Secretary for Financial Resources,DELIVERY ORDER
CACI,"CACI, LLC - COMMERCIAL",15JPSS21F00000353,2026-09-15,131865.6,Department of Justice,"Offices, Boards and Divisions",DELIVERY ORDER
CACI,CONSORCIO ECUATORIANO DE TELECOMUNICACIONES S.A. CONECEL,19EC7526F0186,2026-09-14,93733.04,Department of State,Department of State,DELIVERY ORDER
CACI,"CACI, LLC - COMMERCIAL",9523ZY21F0070,2026-09-14,0.0,Commodity Futures Trading Commission,Commodity Futures Trading Commission,DELIVERY ORDER
CACI,"CACI NSS, LLC",140D0423F1328,2026-09-14,-145009.18,Department of the Interior,Departmental Offices,DELIVERY ORDER
CAT,CATERPILLAR INC,140FS126F0093,2026-09-15,170448.0,Department of the Interior,U.S. Fish and Wildlife Service,DELIVERY ORDER
DE,DEERE & COMPANY,1232SA26P0737,2026-09-15,165353.57,Department of Agriculture,Agricultural Research Service,PURCHASE ORDER
DE,DEERE & COMPANY,140F1S26P0072,2026-09-14,14999.5,Department of the Interior,U.S. Fish and Wildlife Service,PURCHASE ORDER
DE,DEERE & COMPANY,12444026F0085,2026-09-15,6000.0,Department of Agriculture,Forest Service,DELIVERY ORDER
DE,DEERE & COMPANY,12444026F0085,2026-09-15,0.0,Department of Agriculture,Forest Service,DELIVERY ORDER
ETN,EATON BROTHERS CORP.,12639526P0250,2026-09-14,330233.74,Department of Agriculture,Animal and Plant Health Inspection Service,PURCHASE ORDER
ETN,EATON CORPORATION,6973GH26F01413,2026-09-15,37272.0,Department of Transportation,Federal Aviation Administration,DELIVERY ORDER
ETN,EATON CORPORATION,692M1526P00116,2026-09-14,31725.0,Department of Transportation,Federal Aviation Administration,PURCHASE ORDER
ETN,WRIGHT LINE LLC,692M1526P00088,2026-09-15,31056.37,Department of Transportation,Federal Aviation Administration,PURCHASE ORDER
ETN,EATON CORPORATION,6973GH26F00501,2026-09-14,10276.86,Department of Transportation,Federal Aviation Administration,DELIVERY ORDER
ETN,EATON CORPORATION,36C24525P0284,2026-09-14,-0.01,Department of Veterans Affairs,Department of Veterans Affairs,PURCHASE ORDER
GD,"GENERAL DYNAMICS INFORMATION TECHNOLOGY, INC.",75FCMC19F0001,2026-09-15,3934970.0,Department of Health and Human Services,Centers for Medicare and Medicaid Services,DELIVERY ORDER
GD,"GENERAL DYNAMICS INFORMATION TECHNOLOGY, INC.",70SBUR21F00000089,2026-09-15,1686000.0,Department of Homeland Security,U.S. Citizenship and Immigration Services,DELIVERY ORDER
GD,"GENERAL DYNAMICS INFORMATION TECHNOLOGY, INC.",70B06C26F00000882,2026-09-15,1598603.78,Department of Homeland Security,U.S. Customs and Border Protection,DELIVERY ORDER
GD,"GENERAL DYNAMICS MISSION SYSTEMS, INC.",140G0126F0309,2026-09-15,1380715.0,Department of the Interior,U.S. Geological Survey,DELIVERY ORDER
GD,"GENERAL DYNAMICS INFORMATION TECHNOLOGY, INC.",140D0426F0160,2026-09-15,1314762.8,Department of the Interior,Departmental Offices,DELIVERY ORDER
GD,"GENERAL DYNAMICS INFORMATION TECHNOLOGY, INC.",47QFMA25F0014,2026-09-15,628576.97,General Services Administration,Federal Acquisition Service,BPA CALL
GD,"GENERAL DYNAMICS MISSION SYSTEMS, INC.",15M10226PA4700457,2026-09-14,17760.0,Department of Justice,U.S. Marshals Service,PURCHASE ORDER
GD,"GENERAL DYNAMICS ORDNANCE AND TACTICAL SYSTEMS - SIMUNITION OPERATIONS, INC.",70B06C26F00000922,2026-09-15,10457.4,Department of Homeland Security,U.S. Customs and Border Protection,DELIVERY ORDER
GD,"GENERAL DYNAMICS INFORMATION TECHNOLOGY, INC.",140A1626P0004,2026-09-15,5121.9,Department of the Interior,Bureau of Indian Affairs and Bureau of Indian Education,PURCHASE ORDER
GD,"GENERAL DYNAMICS INFORMATION TECHNOLOGY, INC.",1605TA26F00006,2026-09-15,0.0,Department of Labor,Office of the Assistant Secretary for Administration and Management,DELIVERY ORDER
GD,"GENERAL DYNAMICS INFORMATION TECHNOLOGY, INC.",692M1525F00166,2026-09-14,0.0,Department of Transportation,Federal Aviation Administration,DELIVERY ORDER
GD,"GENERAL DYNAMICS INFORMATION TECHNOLOGY, INC.",692M1519F00341,2026-09-15,0.0,Department of Transportation,Federal Aviation Administration,DELIVERY ORDER
GD,"GENERAL DYNAMICS INFORMATION TECHNOLOGY, INC.",692M1519F00087,2026-09-15,0.0,Department of Transportation,Federal Aviation Administration,DELIVERY ORDER
GD,"GENERAL DYNAMICS INFORMATION TECHNOLOGY, INC.",75FCMC25FJ076,2026-09-14,0.0,Department of Health and Human Services,Centers for Medicare and Medicaid Services,DELIVERY ORDER
GD,"GENERAL DYNAMICS INFORMATION TECHNOLOGY, INC.",1305M424F0261,2026-09-15,0.0,Department of Commerce,National Oceanic and Atmospheric Administration,DELIVERY ORDER
GD,"GENERAL DYNAMICS INFORMATION TECHNOLOGY, INC.",1331L525F13350336,2026-09-15,0.0,Department of Commerce,Office of the Secretary,BPA CALL
GD,"GENERAL DYNAMICS ORDNANCE AND TACTICAL SYSTEMS - SIMUNITION OPERATIONS, INC.",70LART26FPFB00061,2026-09-14,0.0,Department of Homeland Security,Federal Law Enforcement Training Center,DELIVERY ORDER
GD,"GENERAL DYNAMICS INFORMATION TECHNOLOGY, INC.",DTFACT15D00003CALL0002,2026-09-14,-823.43,Department of Transportation,Federal Aviation Administration,DELIVERY ORDER
GD,GENERAL DYNAMICS ONE SOURCE LLC,70T01019F5NFDO010,2026-09-14,-1810.12,Department of Homeland Security,Transportation Security Administration,DELIVERY ORDER
GD,"GENERAL DYNAMICS INFORMATION TECHNOLOGY, INC.",692M1520F00338,2026-09-14,-27000.0,Department of Transportation,Federal Aviation Administration,DELIVERY ORDER
GD,"GENERAL DYNAMICS INFORMATION TECHNOLOGY, INC.",75N92021F00003,2026-09-14,-36100.88,Department of Health and Human Services,National Institutes of Health,BPA CALL
GD,"GENERAL DYNAMICS INFORMATION TECHNOLOGY, INC.",HHSN26100004,2026-09-14,-67549.4,Department of Health and Human Services,National Institutes of Health,DELIVERY ORDER
GD,"GENERAL DYNAMICS INFORMATION TECHNOLOGY, INC.",DTFACT15D00003CALL0002,2026-09-14,-71880.25,Department of Transportation,Federal Aviation Administration,DELIVERY ORDER
GE,GENERAL ELECTRIC COMPANY,80GRC024CA001,2026-09-14,8500000.0,National Aeronautics and Space Administration,National Aeronautics and Space Administration,DEFINITIVE CONTRACT
GE,GE AVIATION SYSTEMS LLC,70Z03826FC0000045,2026-09-15,155325.67,Department of Homeland Security,U.S. Coast Guard,DELIVERY ORDER
GE,"DATEX-OHMEDA, INC.",75H70926P00137,2026-09-15,0.0,Department of Health and Human Services,Indian Health Service,PURCHASE ORDER
GE,GENERAL ELECTRIC COMPANY,36C24521P0272,2026-09-15,-1.16,Department of Veterans Affairs,Department of Veterans Affairs,PURCHASE ORDER
GE,GENERAL ELECTRIC COMPANY,36C24621P0164,2026-09-15,-9041.36,Department of Veterans Affairs,Department of Veterans Affairs,PURCHASE ORDER
HII,NEWPORT NEWS NUCLEAR BWXT-LOS ALAMOS LLC,89303425FEM400025,2026-09-15,0.0,Department of Energy,Department of Energy,DELIVERY ORDER
HII,NEWPORT NEWS NUCLEAR BWXT-LOS ALAMOS LLC,89303425FEM400025,2026-09-14,-62823.0,Department of Energy,Department of Energy,DELIVERY ORDER
HON,"HONEYWELL INTERNATIONAL, INC",47PC5426P0056,2026-09-14,25875.98,General Services Administration,Public Buildings Service,PURCHASE ORDER
IBM,INTERNATIONAL BUSINESS MACHINES CORPORATION,36C10B23F0039,2026-09-15,488240.04,Department of Veterans Affairs,Department of Veterans Affairs,DELIVERY ORDER
IBM,INTERNATIONAL BUSINESS MACHINES CORPORATION,47QACA26F0414,2026-09-15,16779.0,General Services Administration,Federal Acquisition Service,DELIVERY ORDER
KTOS,KRATOS ANALYTICAL INC,1333ND24PNB640345,2026-09-14,0.0,Department of Commerce,National Institute of Standards and Technology,PURCHASE ORDER
LDOS,"LEIDOS, INC.",75N94024F00001,2026-09-15,27632758.0,Department of Health and Human Services,National Institutes of Health,DELIVERY ORDER
LDOS,"LEIDOS, INC.",70B04C26F00000246,2026-09-15,7968986.51,Department of Homeland Security,U.S. Customs and Border Protection,DELIVERY ORDER
LDOS,LEIDOS BIOMEDICAL RESEARCH INC,75N91021F00015,2026-09-14,6520799.0,Department of Health and Human Services,National Institutes of Health,DELIVERY ORDER
LDOS,LEIDOS BIOMEDICAL RESEARCH INC,75N91026F00020,2026-09-15,4538288.0,Department of Health and Human Services,National Institutes of Health,DELIVERY ORDER
LDOS,"LEIDOS, INC.",89243318CFE000003,2026-09-14,3198939.0,Department of Energy,Department of Energy,DEFINITIVE CONTRACT
LDOS,"LEIDOS, INC.",70FA2022F00000016,2026-09-14,2026562.02,Department of Homeland Security,Federal Emergency Management Agency,DELIVERY ORDER
LDOS,LEIDOS BIOMEDICAL RESEARCH INC,75N91026F00027,2026-09-14,1088780.0,Department of Health and Human Services,National Institutes of Health,DELIVERY ORDER
LDOS,"LEIDOS, INC.",68HERD25F0001,2026-09-14,449778.65,Environmental Protection Agency,Environmental Protection Agency,DELIVERY ORDER
LDOS,LEIDOS DIGITAL SOLUTIONS INC,47QACA25F0272,2026-09-15,364289.68,General Services Administration,Federal Acquisition Service,DELIVERY ORDER
LDOS,"LEIDOS, INC.",47QFRA23F0004,2026-09-15,334469.12,General Services Administration,Federal Acquisition Service,DELIVERY ORDER
LDOS,"LEIDOS, INC.",70B03C26F00000621,2026-09-15,0.0,Department of Homeland Security,U.S. Customs and Border Protection,DELIVERY ORDER
LDOS,"LEIDOS, INC.",70B03C26F00000633,2026-09-15,0.0,Department of Homeland Security,U.S. Customs and Border Protection,DELIVERY ORDER
LDOS,"LEIDOS, INC.",70B03C26F00000371,2026-09-15,0.0,Department of Homeland Security,U.S. Customs and Border Protection,DELIVERY ORDER
LDOS,"LEIDOS, INC.",12445023F0029,2026-09-14,0.0,Department of Agriculture,Forest Service,DELIVERY ORDER
LDOS,"LEIDOS, INC.",NSFDACS1219442,2026-09-14,0.0,National Science Foundation,National Science Foundation,DEFINITIVE CONTRACT
LDOS,"LEIDOS, INC.",140D0423F0622,2026-09-15,0.0,Department of the Interior,Departmental Offices,DELIVERY ORDER
LDOS,LEIDOS BIOMEDICAL RESEARCH INC,75N91023F00021,2026-09-14,0.0,Department of Health and Human Services,National Institutes of Health,DELIVERY ORDER
LDOS,"NORTH WIND PORTAGE, INC.",89303322FEM400259,2026-09-14,-77.12,Department of Energy,Department of Energy,DELIVERY ORDER
LDOS,"LEIDOS, INC.",70T04018F5DAP4054,2026-09-14,-36662.1,Department of Homeland Security,Transportation Security Administration,DELIVERY ORDER
LDOS,"LEIDOS, INC.",GSQ0017AJ0079,2026-09-14,-144786.38,General Services Administration,Federal Acquisition Service,DELIVERY ORDER
LDOS,"LEIDOS, INC.",HSTS0415JCT4055,2026-09-14,-193902.04,Department of Homeland Security,Transportation Security Administration,DELIVERY ORDER
PLTR,PALANTIR TECHNOLOGIES INC.,75P00124F37005,2026-09-15,2000000.0,Department of Health and Human Services,Office of the Assistant Secretary for Financial Resources,BPA CALL
PLTR,PALANTIR TECHNOLOGIES INC.,75P00122F37003,2026-09-14,1302718.0,Department of Health and Human Services,Office of the Assistant Secretary for Financial Resources,BPA CALL
PLTR,PALANTIR USG INC,80MSFC26F0010,2026-09-15,0.0,National Aeronautics and Space Administration,National Aeronautics and Space Administration,DELIVERY ORDER
PSN,PARSONS GOVERNMENT SERVICES INC.,47QFCA21F0042,2026-09-15,9924364.59,General Services Administration,Federal Acquisition Service,DELIVERY ORDER
PSN,PARSONS GOVERNMENT SERVICES INC.,6913G624P800061,2026-09-14,-0.08,Department of Transportation,Immediate Office of the Secretary of Transportation,PURCHASE ORDER
PSN,XATOR LLC,HHSP23337003,2026-09-15,-56231.11,Department of Health and Human Services,Office of the Assistant Secretary for Administration,BPA CALL
SATL,SATELLITE SERVICES INC,47PE5526F0681,2026-09-15,30531.36,General Services Administration,Public Buildings Service,BPA CALL
SATL,SATELLITE SERVICES INC,47PE5526F0743,2026-09-14,21477.83,General Services Administration,Public Buildings Service,BPA CALL
SATL,SATELLITE SERVICES INC,47PE5526F0740,2026-09-14,14049.85,General Services Administration,Public Buildings Service,BPA CALL
SATL,SATELLITE SERVICES INC,47PE5526F0741,2026-09-14,11999.67,General Services Administration,Public Buildings Service,BPA CALL
SPIR,"CORESPHERE, LLC",1605TA22F00120,2026-09-15,0.0,Department of Labor,Office of the Assistant Secretary for Administration and Management,DELIVERY ORDER
TXT,"ABLE AEROSPACE SERVICES, INC.",70Z03826FF0000375,2026-09-14,3796.51,Department of Homeland Security,U.S. Coast Guard,DELIVERY ORDER
ACN,ACCENTURE FEDERAL SERVICES LLC,140D0426F1064,2026-09-16,5285190.4,Department of the Interior,Departmental Offices,BPA CALL
ACN,ACCENTURE FEDERAL SERVICES LLC,70T03026F7667N100,2026-09-18,2970793.2,Department of Homeland Security,Transportation Security Administration,BPA CALL
ACN,ACCENTURE FEDERAL SERVICES LLC,12314418F0020,2026-09-18,2352677.08,Department of Agriculture,Office of the Chief Financial Officer,DELIVERY ORDER
ACN,ACCENTURE FEDERAL SERVICES LLC,89303026FLP000028,2026-09-18,594285.0,Department of Energy,Department of Energy,BPA CALL
ACN,ACCENTURE FEDERAL SERVICES LLC,91003125C0013,2026-09-18,580041.0,Department of Education,Department of Education,DEFINITIVE CONTRACT
ACN,ACCENTURE FEDERAL SERVICES LLC,15F06725F0000990,2026-09-17,527222.46,Department of Justice,Federal Bureau of Investigation,BPA CALL
ACN,ACCENTURE FEDERAL SERVICES LLC,47QFRA21F0029,2026-09-18,250643.28,General Services Administration,Federal Acquisition Service,DELIVERY ORDER
ACN,ACCENTURE FEDERAL SERVICES LLC,140G0224F0359,2026-09-18,104408.87,Department of the Interior,U.S. Geological Survey,DELIVERY ORDER
ACN,ACCENTURE FEDERAL SERVICES LLC,12314418F0020,2026-09-18,0.0,Department of Agriculture,Office of the Chief Financial Officer,DELIVERY ORDER
ACN,ACCENTURE FEDERAL SERVICES LLC,70T03026F7667N067,2026-09-17,0.0,Department of Homeland Security,Transportation Security Administration,BPA CALL
ACN,ACCENTURE FEDERAL SERVICES LLC,693JJ322F00305N,2026-09-18,-64.35,Department of Transportation,Immediate Office of the Secretary of Transportation,BPA CALL
ACN,ACCENTURE FEDERAL SERVICES LLC,1331L519F13350093,2026-09-18,-8535.68,Department of Commerce,Office of the Secretary,BPA CALL
ACN,ACCENTURE FEDERAL SERVICES LLC,75N91023F00001,2026-09-17,-60991.31,Department of Health and Human Services,National Institutes of Health,BPA CALL
BA,THE BOEING COMPANY,80MSFC20C0052,2026-09-17,9597350.0,National Aeronautics and Space Administration,National Aeronautics and Space Administration,DEFINITIVE CONTRACT
BA,THE BOEING COMPANY,NAS1510000,2026-09-17,644376.13,National Aeronautics and Space Administration,National Aeronautics and Space Administration,DEFINITIVE CONTRACT
BA,THE BOEING COMPANY,80AFRC26P0010,2026-09-17,194529.0,National Aeronautics and Space Administration,National Aeronautics and Space Administration,PURCHASE ORDER
BA,"VEROCEL, INC",693KA824F00074,2026-09-17,115000.0,Department of Transportation,Federal Aviation Administration,DELIVERY ORDER
BA,THE BOEING COMPANY,NAS1510000,2026-09-16,0.0,National Aeronautics and Space Administration,National Aeronautics and Space Administration,DEFINITIVE CONTRACT
BAH,BOOZ ALLEN HAMILTON INC,47QFCA23F0014,2026-09-17,10432558.89,General Services Administration,Federal Acquisition Service,DELIVERY ORDER
BAH,BOOZ ALLEN HAMILTON INC,47QFCA22F0047,2026-09-16,4329046.53,General Services Administration,Federal Acquisition Service,DELIVERY ORDER
BAH,BOOZ ALLEN HAMILTON INC,75D30126F21182,2026-09-18,3441598.15,Department of Health and Human Services,Centers for Disease Control and Prevention,BPA CALL
BAH,BOOZ ALLEN HAMILTON INC,692M1526F00289,2026-09-17,2738019.69,Department of Transportation,Federal Aviation Administration,DELIVERY ORDER
BAH,BOOZ ALLEN HAMILTON INC,75D30124F20255,2026-09-18,2710510.01,Department of Health and Human Services,Centers for Disease Control and Prevention,DELIVERY ORDER
BAH,BOOZ ALLEN HAMILTON INC,75FCMC21F0068,2026-09-18,2512331.0,Department of Health and Human Services,Centers for Medicare and Medicaid Services,DELIVERY ORDER
BAH,BOOZ ALLEN HAMILTON INC,75F40125F19005,2026-09-17,2174920.0,Department of Health and Human Services,Food and Drug Administration,BPA CALL
BAH,BOOZ ALLEN HAMILTON INC,140D0426F0283,2026-09-18,1215500.64,Department of the Interior,Departmental Offices,DELIVERY ORDER
BAH,BOOZ ALLEN HAMILTON INC,75N98122F00001,2026-09-18,400000.0,Department of Health and Human Services,National Institutes of Health,DELIVERY ORDER
BAH,THUNDERYARD SOLUTIONS LLC,2099AC26F00005,2026-09-18,183064.0,Department of the Treasury,Treasury Common Services Center,DELIVERY ORDER
BAH,BOOZ ALLEN HAMILTON INC,693KA926F00144,2026-09-18,99845.69,Department of Transportation,Federal Aviation Administration,DELIVERY ORDER
BAH,BOOZ ALLEN HAMILTON INC,693KA823F00267,2026-09-16,7500.0,Department of Transportation,Federal Aviation Administration,DELIVERY ORDER
BAH,BOOZ ALLEN HAMILTON INC,1605TA21F00009,2026-09-17,-386.83,Department of Labor,Office of the Assistant Secretary for Administration and Management,BPA CALL
BAH,BOOZ ALLEN HAMILTON INC,47QFHA25F0004,2026-09-16,-100000.0,General Services Administration,Federal Acquisition Service,DELIVERY ORDER
BAH,BOOZ ALLEN HAMILTON INC,1333ND24FNB030110,2026-09-18,-840383.42,Department of Commerce,National Institute of Standards and Technology,BPA CALL
BAH,BOOZ ALLEN HAMILTON INC,47QFCA20F0028,2026-09-17,-1691305.97,General Services Administration,Federal Acquisition Service,DELIVERY ORDER
BAH,BOOZ ALLEN HAMILTON INC,GSQ0016AJ0020,2026-09-17,-2157602.44,General Services Administration,Federal Acquisition Service,DELIVERY ORDER
CACI,"CACI, LLC - COMMERCIAL",15JPSS21F00000623,2026-09-17,5232900.0,Department of Justice,"Offices, Boards and Divisions",DELIVERY ORDER
CACI,"CACI, INC. - FEDERAL",47QFRA24F0005,2026-09-17,4768894.93,General Services Administration,Federal Acquisition Service,DELIVERY ORDER
CACI,"CACI, INC. - FEDERAL",47QFRA24F0005,2026-09-18,3822780.3,General Services Administration,Federal Acquisition Service,DELIVERY ORDER
CACI,"CACI, INC. - FEDERAL",140D0426F0114,2026-09-17,1500000.0,Department of the Interior,Departmental Offices,DELIVERY ORDER
CACI,"CACI NSS, LLC",70FA3022F00000043,2026-09-16,474569.1,Department of Homeland Security,Federal Emergency Management Agency,BPA CALL
CACI,"CACI NSS, LLC",70RCSJ26FC0000016,2026-09-17,223073.04,Department of Homeland Security,Office of Procurement Operations,BPA CALL
CACI,"CACI, INC. - FEDERAL",47QFCA21F0019,2026-09-17,106501.0,General Services Administration,Federal Acquisition Service,DELIVERY ORDER
CACI,SERVICIOS ENERGIA CONSTRUCCION Y TELECOMUNICACIONES SA DE CV,19H08026P0422,2026-09-17,54910.63,Department of State,Department of State,PURCHASE ORDER
CACI,ESTUDIOS EDIFICACIONES E INTERVENTORIAS EN INGENIERIA EEII S A S,19AQMM25C0087,2026-09-16,0.0,Department of State,Department of State,DEFINITIVE CONTRACT
CACI,"CACI, INC. - FEDERAL",70RCSJ26FR0000004,2026-09-17,0.0,Department of Homeland Security,Office of Procurement Operations,DELIVERY ORDER
CACI,"CACI NSS, LLC",70RTAC26FC0000033,2026-09-18,0.0,Department of Homeland Security,Office of Procurement Operations,BPA CALL
CACI,"CACI NSS, LLC",70RTAC26FC0000022,2026-09-18,0.0,Department of Homeland Security,Office of Procurement Operations,BPA CALL
CAT,CATERPILLAR INC,140F0S26F0028,2026-09-18,363172.0,Department of the Interior,U.S. Fish and Wildlife Service,DELIVERY ORDER
CAT,CATERPILLAR INC,140R6026P0092,2026-09-17,283955.0,Department of the Interior,Bureau of Reclamation,PURCHASE ORDER
CAT,CATERPILLAR INC,140F0S26F0029,2026-09-18,186393.0,Department of the Interior,U.S. Fish and Wildlife Service,DELIVERY ORDER
CAT,CATERPILLAR INC,140FS326F0203,2026-09-17,164785.0,Department of the Interior,U.S. Fish and Wildlife Service,DELIVERY ORDER
CAT,CATERPILLAR INC,140FS326F0205,2026-09-18,156582.0,Department of the Interior,U.S. Fish and Wildlife Service,DELIVERY ORDER
CAT,CATERPILLAR INC,140F1S26F0053,2026-09-17,142192.0,Department of the Interior,U.S. Fish and Wildlife Service,DELIVERY ORDER
CAT,CATERPILLAR INC,140FS326F0199,2026-09-17,132712.0,Department of the Interior,U.S. Fish and Wildlife Service,DELIVERY ORDER
DE,DEERE & COMPANY,1240LR26F0041,2026-09-17,139946.28,Department of Agriculture,Forest Service,DELIVERY ORDER
DE,DEERE & COMPANY,12FPC126F0144,2026-09-18,18729.04,Department of Agriculture,Under Secretary for Farm and Foreign Agricultural Services,DELIVERY ORDER
DE,DEERE & COMPANY,140FS326F0202,2026-09-17,15749.87,Department of the Interior,U.S. Fish and Wildlife Service,DELIVERY ORDER
ETN,EATON CORPORATION,6973GH26F01432,2026-09-17,139732.89,Department of Transportation,Federal Aviation Administration,DELIVERY ORDER
ETN,EATON CORPORATION,6973GH26F01434,2026-09-17,137724.16,Department of Transportation,Federal Aviation Administration,DELIVERY ORDER
ETN,EATON CORPORATION,6973GH26F01433,2026-09-17,107556.68,Department of Transportation,Federal Aviation Administration,DELIVERY ORDER
ETN,EATON CORPORATION,6973GH26F01428,2026-09-17,56708.95,Department of Transportation,Federal Aviation Administration,DELIVERY ORDER
ETN,EATON CORPORATION,6973GH26F01431,2026-09-17,48691.09,Department of Transportation,Federal Aviation Administration,DELIVERY ORDER
ETN,EATON CORPORATION,6973GH25F01118,2026-09-17,985.71,Department of Transportation,Federal Aviation Administration,DELIVERY ORDER
GD,"GENERAL DYNAMICS INFORMATION TECHNOLOGY, INC.",70RDA124FR0000005,2026-09-17,35660614.72,Department of Homeland Security,Office of Procurement Operations,DELIVERY ORDER
GD,"GENERAL DYNAMICS INFORMATION TECHNOLOGY, INC.",19AQMM18C0185,2026-09-17,14481579.15,Department of State,Department of State,DEFINITIVE CONTRACT
GD,"GENERAL DYNAMICS INFORMATION TECHNOLOGY, INC.",47QFMA25F0016,2026-09-18,8735287.78,General Services Administration,Federal Acquisition Service,DELIVERY ORDER
GD,"GENERAL DYNAMICS INFORMATION TECHNOLOGY, INC.",70B01C26F00000780,2026-09-18,6422318.6,Department of Homeland Security,U.S. Customs and Border Protection,BPA CALL
GD,"GENERAL DYNAMICS INFORMATION TECHNOLOGY, INC.",91990026F0084,2026-09-17,3722358.0,Department of Education,Department of Education,DELIVERY ORDER
GD,"GENERAL DYNAMICS INFORMATION TECHNOLOGY, INC.",70B06C26F00000735,2026-09-17,3143889.42,Department of Homeland Security,U.S. Customs and Border Protection,DELIVERY ORDER
GD,"GENERAL DYNAMICS INFORMATION TECHNOLOGY, INC.",47QFCA24F0009,2026-09-17,2574261.0,General Services Administration,Federal Acquisition Service,DELIVERY ORDER
GD,"GENERAL DYNAMICS INFORMATION TECHNOLOGY, INC.",47QFCA24F0007,2026-09-17,2560986.0,General Services Administration,Federal Acquisition Service,DELIVERY ORDER
GD,"GENERAL DYNAMICS INFORMATION TECHNOLOGY, INC.",140D0426F0730,2026-09-18,2477966.77,Department of the Interior,Departmental Offices,BPA CALL
GD,"GENERAL DYNAMICS INFORMATION TECHNOLOGY, INC.",15JPSS25F00000385,2026-09-17,1400000.0,Department of Justice,"Offices, Boards and Divisions",DELIVERY ORDER
GD,"GENERAL DYNAMICS INFORMATION TECHNOLOGY, INC.",70T01026F7670N011,2026-09-18,903754.7,Department of Homeland Security,Transportation Security Administration,DELIVERY ORDER
GD,"GENERAL DYNAMICS INFORMATION TECHNOLOGY, INC.",75FCMC26F0045,2026-09-18,664739.22,Department of Health and Human Services,Centers for Medicare and Medicaid Services,DELIVERY ORDER
GD,"GENERAL DYNAMICS MISSION SYSTEMS, INC.",70SBUR26P00000032,2026-09-18,37740.0,Department of Homeland Security,U.S. Citizenship and Immigration Services,PURCHASE ORDER
GD,"GENERAL DYNAMICS ORDNANCE AND TACTICAL SYSTEMS - SIMUNITION OPERATIONS, INC.",15M10226PA4700453,2026-09-17,25032.0,Department of Justice,U.S. Marshals Service,PURCHASE ORDER
GD,"GENERAL DYNAMICS INFORMATION TECHNOLOGY, INC.",1331L526F13OS0471,2026-09-17,22563.0,Department of Commerce,Office of the Secretary,BPA CALL
GD,"GENERAL DYNAMICS INFORMATION TECHNOLOGY, INC.",DTFAWA10D00003CALL0003,2026-09-17,19414.19,Department of Transportation,Federal Aviation Administration,DELIVERY ORDER
GD,"GENERAL DYNAMICS MISSION SYSTEMS, INC.",HC101326FC098,2026-09-17,2515.0,Department of Defense,Defense Information Systems Agency,DELIVERY ORDER
GD,GENERAL DYNAMICS ONE SOURCE LLC,70B02C23F00000876,2026-09-17,0.0,Department of Homeland Security,U.S. Customs and Border Protection,DELIVERY ORDER
GD,"GENERAL DYNAMICS INFORMATION TECHNOLOGY, INC.",692M1524F00017,2026-09-17,0.0,Department of Transportation,Federal Aviation Administration,DELIVERY ORDER
GD,"GENERAL DYNAMICS INFORMATION TECHNOLOGY, INC.",70FBTX26F00000003,2026-09-17,0.0,Department of Homeland Security,Federal Emergency Management Agency,BPA CALL
GD,"GENERAL DYNAMICS INFORMATION TECHNOLOGY, INC.",1305M424F0020,2026-09-19,0.0,Department of Commerce,National Oceanic and Atmospheric Administration,DELIVERY ORDER
GD,"GENERAL DYNAMICS INFORMATION TECHNOLOGY, INC.",693KA724F00010,2026-09-17,0.0,Department of Transportation,Federal Aviation Administration,DELIVERY ORDER
GD,"GENERAL DYNAMICS INFORMATION TECHNOLOGY, INC.",1331L521F13FN0151,2026-09-18,-585.96,Department of Commerce,Office of the Secretary,BPA CALL
GD,"GENERAL DYNAMICS INFORMATION TECHNOLOGY, INC.",1331L525F13OS1148,2026-09-18,-902.58,Department of Commerce,Office of the Secretary,BPA CALL
GD,"GENERAL DYNAMICS MISSION SYSTEMS, INC.",140D0425P0136,2026-09-17,-5990.0,Department of the Interior,Departmental Offices,PURCHASE ORDER
GD,"GENERAL DYNAMICS INFORMATION TECHNOLOGY, INC.",HHSD2002010372220016,2026-09-17,-13147.12,Department of Health and Human Services,Centers for Disease Control and Prevention,DELIVERY ORDER
GD,"GENERAL DYNAMICS INFORMATION TECHNOLOGY, INC.",12314424F0160,2026-09-17,-31361.76,Department of Agriculture,Office of the Chief Financial Officer,DELIVERY ORDER
GD,GENERAL DYNAMICS ONE SOURCE LLC,70T01019F5NFDO010,2026-09-18,-212862.09,Department of Homeland Security,Transportation Security Administration,DELIVERY ORDER
GE,GENERAL ELECTRIC COMPANY,70Z03826FA0000177,2026-09-17,348271.0,Department of Homeland Security,U.S. Coast Guard,DELIVERY ORDER
GE,GENERAL ELECTRIC COMPANY,70Z03826FA0000188,2026-09-17,101396.82,Department of Homeland Security,U.S. Coast Guard,DELIVERY ORDER
HII,NEWPORT NEWS NUCLEAR BWXT-LOS ALAMOS LLC,89303423FEM400018,2026-09-17,0.0,Department of Energy,Department of Energy,DELIVERY ORDER
HON,"HONEYWELL INTERNATIONAL, INC",80JSC022FA059,2026-09-17,213534.49,National Aeronautics and Space Administration,National Aeronautics and Space Administration,BPA CALL
HON,HONEYWELL INTERNATIONAL INC.,70Z03821FR0000094,2026-09-17,-33459.24,Department of Homeland Security,U.S. Coast Guard,DELIVERY ORDER
HON,HONEYWELL INTERNATIONAL INC.,70Z03821FR0000180,2026-09-17,-33459.24,Department of Homeland Security,U.S. Coast Guard,DELIVERY ORDER
HON,HONEYWELL INTERNATIONAL INC.,70Z03821FR0000062,2026-09-17,-66918.48,Department of Homeland Security,U.S. Coast Guard,DELIVERY ORDER
IBM,INTERNATIONAL BUSINESS MACHINES CORPORATION,2032H524F00257,2026-09-18,0.0,Department of the Treasury,Internal Revenue Service,DELIVERY ORDER
IBM,INTERNATIONAL BUSINESS MACHINES CORPORATION,205AE925F00081,2026-09-18,0.0,Department of the Treasury,Internal Revenue Service,DELIVERY ORDER
IBM,INTERNATIONAL BUSINESS MACHINES CORPORATION,47PB0023F0203,2026-09-16,0.0,General Services Administration,Public Buildings Service,DELIVERY ORDER
IBM,INTERNATIONAL BUSINESS MACHINES CORPORATION,47QFLA25F0017,2026-09-17,-200200.0,General Services Administration,Federal Acquisition Service,DELIVERY ORDER
IBM,INTERNATIONAL BUSINESS MACHINES CORPORATION,70T02020F2KCOO198,2026-09-18,-364352.13,Department of Homeland Security,Transportation Security Administration,DELIVERY ORDER
KTOS,"KRATOS SRE, INC.",80NSSC26P1659,2026-09-17,216000.0,National Aeronautics and Space Administration,National Aeronautics and Space Administration,PURCHASE ORDER
LDOS,"LEIDOS, INC.",47QFCA21C0002,2026-09-18,41000000.0,General Services Administration,Federal Acquisition Service,DEFINITIVE CONTRACT
LDOS,"LEIDOS, INC.",47QFCA22F0051,2026-09-16,13757594.0,General Services Administration,Federal Acquisition Service,DELIVERY ORDER
LDOS,"LEIDOS, INC.",47QFCA24F0039,2026-09-17,9756098.0,General Services Administration,Federal Acquisition Service,DELIVERY ORDER
LDOS,LEIDOS BIOMEDICAL RESEARCH INC,75N91018F00071,2026-09-17,5250000.0,Department of Health and Human Services,National Institutes of Health,DELIVERY ORDER
LDOS,LEIDOS BIOMEDICAL RESEARCH INC,75N91019F00138,2026-09-17,4167482.0,Department of Health and Human Services,National Institutes of Health,DELIVERY ORDER
LDOS,"LEIDOS, INC.",15A00020FAQA00189,2026-09-17,3615375.42,Department of Justice,"Bureau of Alcohol, Tobacco, Firearms and Explosives Acquisition and Property Management Division",DELIVERY ORDER
LDOS,"LEIDOS, INC.",89243318CFE000003,2026-09-18,2399544.0,Department of Energy,Department of Energy,DEFINITIVE CONTRACT
LDOS,"LEIDOS, INC.",15JPSS21F00000525,2026-09-18,739000.0,Department of Justice,"Offices, Boards and Divisions",DELIVERY ORDER
LDOS,"LEIDOS, INC.",DTFAWA16C00021,2026-09-18,446780.0,Department of Transportation,Federal Aviation Administration,DEFINITIVE CONTRACT
LDOS,"LEIDOS, INC.",70Z05326FENVI0016,2026-09-17,113845.97,Department of Homeland Security,U.S. Coast Guard,DELIVERY ORDER
LDOS,QTC MEDICAL SERVICES INC,140D0426F1079,2026-09-18,70000.0,Department of the Interior,Departmental Offices,DELIVERY ORDER
LDOS,"LEIDOS, INC.",70B04C26F00000246,2026-09-17,12500.0,Department of Homeland Security,U.S. Customs and Border Protection,DELIVERY ORDER
LDOS,"LEIDOS, INC.",86615321C00011,2026-09-17,0.0,Department of Housing and Urban Development,Department of Housing and Urban Development,DEFINITIVE CONTRACT
LDOS,"LEIDOS, INC.",75N92023F00253,2026-09-18,0.0,Department of Health and Human Services,National Institutes of Health,DELIVERY ORDER
LDOS,"LEIDOS, INC.",15PAAM24F00000002,2026-09-18,-0.13,Department of Justice,Office of Justice Programs,BPA CALL
LDOS,"LEIDOS, INC.",15JPSS21F00000572,2026-09-17,-60.72,Department of Justice,"Offices, Boards and Divisions",DELIVERY ORDER
LDOS,QTC MEDICAL SERVICES INC,36C10X20N0021,2026-09-17,-811681.62,Department of Veterans Affairs,Department of Veterans Affairs,DELIVERY ORDER
LDOS,"LEIDOS SECURITY DETECTION & AUTOMATION, INC.",70T04019F5CAP1135,2026-09-18,-846208.07,Department of Homeland Security,Transportation Security Administration,DELIVERY ORDER
LDOS,QTC MEDICAL SERVICES INC,36C10X20N0025,2026-09-17,-1109602.99,Department of Veterans Affairs,Department of Veterans Affairs,DELIVERY ORDER
LDOS,"LEIDOS, INC.",15F06725F0000117,2026-09-18,-1116959.2,Department of Justice,Federal Bureau of Investigation,DELIVERY ORDER
LDOS,QTC MEDICAL SERVICES INC,36C10X20N0032,2026-09-17,-1594890.34,Department of Veterans Affairs,Department of Veterans Affairs,DELIVERY ORDER
LDOS,QTC MEDICAL SERVICES INC,36C10X23N0149,2026-09-17,-35400606.27,Department of Veterans Affairs,Department of Veterans Affairs,DELIVERY ORDER
LDOS,"LEIDOS, INC.",19CS8026P1003,2026-09-17,-77426.0,Department of State,Department of State,PURCHASE ORDER
NOC,NORTHROP GRUMMAN SYSTEMS CORPORATION,6933A226P000011,2026-09-18,0.0,Department of Transportation,Maritime Administration,PURCHASE ORDER
NOC,NORTHROP GRUMMAN SYSTEMS CORPORATION,80GRC025CA001,2026-09-17,0.0,National Aeronautics and Space Administration,National Aeronautics and Space Administration,DEFINITIVE CONTRACT
NOC,NORTHROP GRUMMAN SYSTEMS CORPORATION,DTFAWA17C00023,2026-09-17,-3195.43,Department of Transportation,Federal Aviation Administration,DEFINITIVE CONTRACT
NOC,NORTHROP GRUMMAN SYSTEMS CORPORATION,DTFAWA17C00023,2026-09-17,-213573.45,Department of Transportation,Federal Aviation Administration,DEFINITIVE CONTRACT
NOC,NORTHROP GRUMMAN SYSTEMS CORPORATION,DTFAWA17C00023,2026-09-17,-1070007.84,Department of Transportation,Federal Aviation Administration,DEFINITIVE CONTRACT
PSN,PARSONS GOVERNMENT SERVICES INTERNATIONAL INC.,89233124FNA400580,2026-09-17,8531007.0,Department of Energy,Department of Energy,DELIVERY ORDER
PSN,PARSONS GOVERNMENT SERVICES INC.,89233123FNA000117,2026-09-17,100000.0,Department of Energy,Department of Energy,BPA CALL
PSN,WILLIAMS ELECTRIC CO INC,15M10625FA47NSA01,2026-09-17,16407.62,Department of Justice,U.S. Marshals Service,BPA CALL
PSN,WILLIAMS ELECTRIC CO INC,15M10625FA47NSA01,2026-09-18,0.0,Department of Justice,U.S. Marshals Service,BPA CALL
PSN,PARSONS GOVERNMENT SERVICES INC.,89233123FNA000111,2026-09-17,0.0,Department of Energy,Department of Energy,BPA CALL
SATL,SATELLITE SERVICES INC,47PD5326F0145,2026-09-17,11763.93,General Services Administration,Public Buildings Service,DELIVERY ORDER
SATL,SATELLITE SERVICES INC,47PE5526F0753,2026-09-17,7990.49,General Services Administration,Public Buildings Service,BPA CALL
SATL,SATELLITE SERVICES INC,47QFRA25F0009,2026-09-17,0.0,General Services Administration,Federal Acquisition Service,BPA CALL
TXT,TEXTRON AVIATION INC,1305M226F0274,2026-09-17,15031.45,Department of Commerce,National Oceanic and Atmospheric Administration,DELIVERY ORDER
TXT,"ABLE AEROSPACE SERVICES, INC.",70Z03826FF0000339,2026-09-17,2622.0,Department of Homeland Security,U.S. Coast Guard,DELIVERY ORDER
TXT,"ABLE AEROSPACE SERVICES, INC.",70Z03826FF0000556,2026-09-17,0.0,Department of Homeland Security,U.S. Coast Guard,DELIVERY ORDER
TXT,"ABLE AEROSPACE SERVICES, INC.",70Z03826FF0000443,2026-09-17,0.0,Department of Homeland Security,U.S. Coast Guard,DELIVERY ORDER
TXT,"ABLE AEROSPACE SERVICES, INC.",70Z03826FF0000571,2026-09-17,-12899.39,Department of Homeland Security,U.S. Coast Guard,DELIVERY ORDER
WWD,JAMES E WOODWARD INC,12569R26M0893,2026-09-17,20700.0,Department of Agriculture,Forest Service,DELIVERY ORDER
GD,"GENERAL DYNAMICS INFORMATION TECHNOLOGY, INC.",70T01026F7663N008,2026-09-20,1571791.4,Department of Homeland Security,Transportation Security Administration,DELIVERY ORDER
GD,"GENERAL DYNAMICS INFORMATION TECHNOLOGY, INC.",70T01026F5300N002,2026-09-20,998989.7,Department of Homeland Security,Transportation Security Administration,DELIVERY ORDER
IBM,INTERNATIONAL BUSINESS MACHINES CORPORATION,75F40124F19038,2026-09-20,-145.16,Department of Health and Human Services,Food and Drug Administration,BPA CALL
ACN,ACCENTURE FEDERAL SERVICES LLC,205AE925F00007,2026-09-21,9475183.23,Department of the Treasury,Internal Revenue Service,BPA CALL
ACN,ACCENTURE FEDERAL SERVICES LLC,140D0426F0975,2026-09-21,7879515.25,Department of the Interior,Departmental Offices,DELIVERY ORDER
ACN,ACCENTURE FEDERAL SERVICES LLC,140D0425F0918,2026-09-21,2818762.27,Department of the Interior,Departmental Offices,DELIVERY ORDER
ACN,ACCENTURE FEDERAL SERVICES LLC,1333BJ21F00280023,2026-09-21,773510.47,Department of Commerce,U.S. Patent and Trademark Office,DELIVERY ORDER
ACN,ACCENTURE FEDERAL SERVICES LLC,89303023FSE000002,2026-09-21,59361.28,Department of Energy,Department of Energy,BPA CALL
ACN,ACCENTURE FEDERAL SERVICES LLC,89603024F0002,2026-09-21,0.0,Department of Energy,Federal Energy Regulatory Commission,BPA CALL
ACN,ACCENTURE FEDERAL SERVICES LLC,91003119F0003,2026-09-21,0.0,Department of Education,Department of Education,DELIVERY ORDER
ACN,ACCENTURE FEDERAL SERVICES LLC,70T01020F5EHRM048,2026-09-21,-112393.13,Department of Homeland Security,Transportation Security Administration,DELIVERY ORDER
BAH,BOOZ ALLEN HAMILTON INC,47QFMA24F0029,2026-09-21,17821390.83,General Services Administration,Federal Acquisition Service,DELIVERY ORDER
BAH,BOOZ ALLEN HAMILTON INC,140D0426F0597,2026-09-21,9837617.92,Department of the Interior,Departmental Offices,BPA CALL
BAH,BOOZ ALLEN HAMILTON INC,47QFCA24F0003,2026-09-21,5827920.0,General Services Administration,Federal Acquisition Service,DELIVERY ORDER
BAH,BOOZ ALLEN HAMILTON INC,47QFMA25F0012,2026-09-21,1052043.95,General Services Administration,Federal Acquisition Service,BPA CALL
BAH,BOOZ ALLEN HAMILTON INC,693KA926F00136,2026-09-21,342939.29,Department of Transportation,Federal Aviation Administration,DELIVERY ORDER
BAH,BOOZ ALLEN HAMILTON INC,693KA926F00154,2026-09-21,201339.76,Department of Transportation,Federal Aviation Administration,DELIVERY ORDER
BAH,BOOZ ALLEN HAMILTON INC,1605TA22F00096,2026-09-21,46012.8,Department of Labor,Office of the Assistant Secretary for Administration and Management,BPA CALL
BAH,BOOZ ALLEN HAMILTON INC,693KA923F00103,2026-09-21,-649.71,Department of Transportation,Federal Aviation Administration,DELIVERY ORDER
BAH,BOOZ ALLEN HAMILTON INC,693KA923F00103,2026-09-21,-2301.1,Department of Transportation,Federal Aviation Administration,DELIVERY ORDER
BAH,BOOZ ALLEN HAMILTON INC,HHSF22301002T,2026-09-21,-5931.12,Department of Health and Human Services,Food and Drug Administration,DELIVERY ORDER
BAH,BOOZ ALLEN HAMILTON INC,693KA923F00103,2026-09-21,-10038.11,Department of Transportation,Federal Aviation Administration,DELIVERY ORDER
CACI,"CACI NSS, LLC",70RTAC26FC0000020,2026-09-21,3244502.98,Department of Homeland Security,Office of Procurement Operations,BPA CALL
CACI,"CACI NSS, LLC",70FA3126F00000069,2026-09-21,1694396.97,Department of Homeland Security,Federal Emergency Management Agency,BPA CALL
CACI,"CACI, LLC - COMMERCIAL",15JPSS21F00000456,2026-09-21,561349.2,Department of Justice,"Offices, Boards and Divisions",DELIVERY ORDER
CACI,"CACI, INC. - FEDERAL",70US0926F2GSA2342,2026-09-21,245197.33,Department of Homeland Security,U.S. Secret Service,DELIVERY ORDER
CACI,"CACI NSS, LLC",70FA3126F00000075,2026-09-21,71289.6,Department of Homeland Security,Federal Emergency Management Agency,BPA CALL
CACI,"CACI NSS, LLC",1232SA25F0538,2026-09-21,9732.99,Department of Agriculture,Agricultural Research Service,DELIVERY ORDER
DE,DEERE & COMPANY,1232SA26F0621,2026-09-21,16616.13,Department of Agriculture,Agricultural Research Service,DELIVERY ORDER
GD,"GENERAL DYNAMICS INFORMATION TECHNOLOGY, INC.",75FCMC25FJ022,2026-09-21,24360480.0,Department of Health and Human Services,Centers for Medicare and Medicaid Services,DELIVERY ORDER
GD,"GENERAL DYNAMICS INFORMATION TECHNOLOGY, INC.",70T01026F6100N004,2026-09-21,9248819.96,Department of Homeland Security,Transportation Security Administration,DELIVERY ORDER
GD,"GENERAL DYNAMICS INFORMATION TECHNOLOGY, INC.",70T01026F7670N014,2026-09-21,4939257.04,Department of Homeland Security,Transportation Security Administration,DELIVERY ORDER
GD,"GENERAL DYNAMICS INFORMATION TECHNOLOGY, INC.",140D0426F0813,2026-09-21,3580446.87,Department of the Interior,Departmental Offices,BPA CALL
GD,"GENERAL DYNAMICS INFORMATION TECHNOLOGY, INC.",140D0426F0596,2026-09-21,1309965.28,Department of the Interior,Departmental Offices,BPA CALL
GD,"GENERAL DYNAMICS INFORMATION TECHNOLOGY, INC.",70RDA126FR0000001,2026-09-21,40000.0,Department of Homeland Security,Office of Procurement Operations,DELIVERY ORDER
GD,"GENERAL DYNAMICS INFORMATION TECHNOLOGY, INC.",75N98026F00001,2026-09-21,0.0,Department of Health and Human Services,National Institutes of Health,BPA CALL
GD,"GENERAL DYNAMICS INFORMATION TECHNOLOGY, INC.",1305M426F0041,2026-09-21,0.0,Department of Commerce,National Oceanic and Atmospheric Administration,DELIVERY ORDER
GD,"GENERAL DYNAMICS INFORMATION TECHNOLOGY, INC.",692M1519F00044,2026-09-21,0.0,Department of Transportation,Federal Aviation Administration,DELIVERY ORDER
GD,"GENERAL DYNAMICS INFORMATION TECHNOLOGY, INC.",692M1524F00188,2026-09-21,0.0,Department of Transportation,Federal Aviation Administration,DELIVERY ORDER
GD,"GENERAL DYNAMICS INFORMATION TECHNOLOGY, INC.",47QFLA22F0075,2026-09-21,0.0,General Services Administration,Federal Acquisition Service,DELIVERY ORDER
GD,"GENERAL DYNAMICS MISSION SYSTEMS, INC.",140G0126F0309,2026-09-21,0.0,Department of the Interior,U.S. Geological Survey,DELIVERY ORDER
GD,"GENERAL DYNAMICS MISSION SYSTEMS, INC.",HC101326FC098,2026-09-21,0.0,Department of Defense,Defense Information Systems Agency,DELIVERY ORDER
GD,"GENERAL DYNAMICS INFORMATION TECHNOLOGY, INC.",TIRNO11D000200008,2026-09-21,-3099.52,Department of the Treasury,Internal Revenue Service,DELIVERY ORDER
GD,"GENERAL DYNAMICS INFORMATION TECHNOLOGY, INC.",140D0425F0775,2026-09-21,-7646.03,Department of the Interior,Departmental Offices,DELIVERY ORDER
HII,HII MISSION TECHNOLOGIES CORP,47QFCA24F0043,2026-09-21,8075751.0,General Services Administration,Federal Acquisition Service,DELIVERY ORDER
HON,HONEYWELL INTERNATIONAL INC.,6923G226F00037N,2026-09-21,15410.73,Department of Transportation,Maritime Administration,DELIVERY ORDER
LDOS,"LEIDOS, INC.",89243318CFE000003,2026-09-21,13000750.0,Department of Energy,Department of Energy,DEFINITIVE CONTRACT
LDOS,"LEIDOS SECURITY DETECTION & AUTOMATION, INC.",19CS8026P1031,2026-09-21,77426.0,Department of State,Department of State,PURCHASE ORDER
LDOS,"LEIDOS, INC.",70T04020F5DAP4038,2026-09-21,-709380.67,Department of Homeland Security,Transportation Security Administration,DELIVERY ORDER
PSN,PARSONS GOVERNMENT SERVICES INTERNATIONAL INC.,89233124FNA400580,2026-09-21,392017.0,Department of Energy,Department of Energy,DELIVERY ORDER
PSN,WILLIAMS ELECTRIC CO INC,15M10522FA47NPH04,2026-09-21,0.0,Department of Justice,U.S. Marshals Service,BPA CALL
SATL,SATELLITE SERVICES INC,47PE5526F0763,2026-09-21,58054.34,General Services Administration,Public Buildings Service,BPA CALL
SATL,SATELLITE SERVICES INC,47PD5326F0369,2026-09-21,8290.24,General Services Administration,Public Buildings Service,DELIVERY ORDER
TXT,TEXTRON SYSTEMS CORPORATION,70Z03826PJ0000027,2026-09-21,1026219.0,Department of Homeland Security,U.S. Coast Guard,PURCHASE ORDER
