ticker,company,award_id,award_date,transaction_amount,agency,subagency,award_type,event_trading_day,event_price,pre_price,pre_to_event_pct,valley_price,valley_date,award_to_valley_days,event_to_valley_pct,peak_price,peak_date,award_to_peak_days,event_to_peak_pct,valley_to_peak_pct,days_to_5pct,days_to_10pct,days_to_15pct,days_to_20pct,days_to_30pct,days_to_50pct,days_to_100pct,return_day_1pct,return_day_3pct,return_day_5pct,return_day_7pct,return_day_10pct,return_day_14pct,return_day_21pct,return_day_30pct,return_day_45pct,return_day_60pct,return_day_90pct
CACI,"CACI, INC. - FEDERAL",47QFMA25F0003,2026-01-29,282388.97,General Services Administration,Federal Acquisition Service,DELIVERY ORDER,2026-01-29,623.13,638.24,-2.37,480.99,2026-05-08,69,-22.81,637.27,2026-02-09,7,2.27,32.49,,,,,,,,-0.41,-0.69,-3.98,2.27,-9.91,-5.12,0.29,-2.63,-8.22,-19.46,-15.74
GD,"GENERAL DYNAMICS MISSION SYSTEMS, INC.",FA830720F0008,2026-03-11,0.0,Department of Defense,Department of the Air Force,DELIVERY ORDER,2026-03-11,350.6707,352.395,-0.49,311.1606,2026-04-27,32,-11.27,376.88,2026-07-06,79,7.47,21.12,78.0,,,,,,,0.39,0.14,-0.14,-2.28,-0.38,-3.0,-4.84,-9.51,-3.29,-1.64,4.86
NOC,NORTHROP GRUMMAN SYSTEMS CORPORATION,W58RGZ23F0107,2025-09-30,0.0,Department of Defense,Department of the Army,DELIVERY ORDER,2025-09-30,602.2722,587.1196,2.58,541.3857,2025-12-01,43,-10.11,703.7488,2026-02-06,89,16.85,29.99,73.0,78.0,86.0,,,,,-0.64,0.04,2.02,4.22,2.89,-1.2,-3.99,-6.99,-8.82,-4.04,15.02
LMT,LOCKHEED MARTIN CORP,N0003019C0025,2025-11-25,0.0,Department of Defense,Defense Contract Management Agency,DEFINITIVE CONTRACT,2025-11-25,443.7422,442.4181,0.3,434.0461,2025-12-01,3,-2.19,672.2988,2026-03-02,64,51.51,54.89,11.0,25.0,27.0,30.0,37.0,64.0,,0.39,-2.19,-0.49,0.71,4.22,6.25,7.58,20.92,41.65,47.98,40.72
NOC,NORTHROP GRUMMAN SYSTEMS CORPORATION,FA857926C0004,2026-04-01,1837336.0,Department of Defense,Department of the Air Force,DEFINITIVE CONTRACT,2026-04-01,693.9458,679.2505,2.16,496.02,2026-06-29,60,-28.52,699.4217,2026-04-02,1,0.79,41.01,,,,,,,,0.79,-0.93,-0.92,-2.25,-3.48,-15.41,-18.49,-21.28,-21.55,-28.52,-17.04
BA,THE BOEING COMPANY,HQ085623F0006,2025-11-20,22300000.0,Department of Defense,Missile Defense Agency,DELIVERY ORDER,2025-11-20,179.38,185.7,-3.4,179.12,2025-11-24,2,-0.14,252.15,2026-01-23,42,40.57,40.77,5.0,7.0,17.0,21.0,33.0,,,0.18,1.71,5.36,14.49,12.55,11.89,20.88,28.13,34.68,30.29,16.08
PLTR,PALANTIR USG INC,HQ085426PE001,2026-02-06,3950000.0,Department of Defense,Missile Defense Agency,PURCHASE ORDER,2026-02-06,135.9,130.01,4.53,127.99,2026-06-12,87,-5.82,160.84,2026-03-23,30,18.35,25.67,1.0,17.0,19.0,,,,,5.16,-0.16,-3.3,-0.38,-3.9,0.95,11.21,18.35,-0.15,0.01,-3.88
CACI,ESTUDIOS EDIFICACIONES E INTERVENTORIAS EN INGENIERIA EEII S A S,W9127825F0164,2025-09-05,1625676.83,Department of Defense,Department of the Army,DELIVERY ORDER,2025-09-05,474.45,460.1,3.12,474.04,2025-09-08,1,-0.09,617.97,2025-11-25,57,30.25,30.36,10.0,20.0,34.0,34.0,57.0,,,-0.09,2.48,4.53,3.57,5.13,0.38,11.5,8.72,24.2,29.04,28.85
BAH,BOOZ ALLEN HAMILTON INC,FA238525CB017,2025-09-08,200000.0,Department of Defense,Department of the Air Force,DEFINITIVE CONTRACT,2025-09-08,99.5116,100.2553,-0.74,78.7024,2025-11-20,53,-20.91,102.3789,2025-09-12,4,2.88,30.08,,,,,,,,1.41,2.11,-0.07,-0.11,-1.87,-2.57,2.31,-0.73,-14.15,-19.19,-3.88
BA,THE BOEING COMPANY,N6134026F0002,2025-10-16,21902611.0,Department of Defense,Department of the Navy,DELIVERY ORDER,2025-10-16,211.89,214.0,-0.99,179.12,2025-11-24,27,-15.47,252.15,2026-01-23,67,19.0,40.77,7.0,58.0,60.0,,,,,0.5,2.53,2.78,5.24,-5.57,-6.73,-8.2,-10.8,1.03,15.41,8.27
LMT,LOCKHEED MARTIN CORPORATION,N0001923F0198,2026-01-29,0.0,Department of Defense,Department of the Navy,DELIVERY ORDER,2026-01-29,615.2189,590.2746,4.23,503.2157,2026-05-08,69,-18.21,672.2988,2026-03-02,21,9.28,33.6,14.0,,,,,,,1.88,0.92,-2.14,2.53,2.4,7.07,9.28,4.32,3.01,-17.1,-13.83
LMT,LOCKHEED MARTIN CORP,FA862523FB023,2026-03-17,17817527.01,Department of Defense,Department of the Air Force,DELIVERY ORDER,2026-03-17,632.1913,641.0037,-1.37,491.64,2026-06-24,68,-22.23,638.1027,2026-03-18,1,0.94,29.79,,,,,,,,0.94,-1.4,-4.11,-1.41,-5.02,-1.36,-4.53,-19.88,-17.87,-13.21,-8.26
LDOS,"LEIDOS, INC.",47QFRA23F0004,2025-12-16,340853.79,General Services Administration,Federal Acquisition Service,DELIVERY ORDER,2025-12-16,181.0699,184.8372,-2.04,143.7323,2026-04-27,89,-20.62,197.153,2026-01-09,16,8.88,37.17,12.0,,,,,,,-0.44,1.38,2.28,2.03,-0.97,7.93,6.88,3.36,-5.58,-7.85,-19.57
LDOS,"LEIDOS, INC.",N0003925F7710,2025-09-26,324572.6,Department of Defense,Department of the Navy,DELIVERY ORDER,2025-09-26,183.3769,180.8578,1.39,179.3204,2025-12-31,66,-2.21,197.9062,2025-11-04,27,7.92,10.36,5.0,,,,,,,0.38,3.64,5.78,6.54,1.69,-0.27,2.28,6.53,1.9,0.85,0.87
LDOS,"LEIDOS, INC.",89303021FEI400087,2026-02-17,0.0,Department of Energy,Department of Energy,DELIVERY ORDER,2026-02-17,160.5633,175.2449,-8.38,100.0,2026-06-25,89,-37.72,179.5689,2026-03-03,10,11.84,79.57,1.0,9.0,,,,,,6.19,7.41,7.8,8.87,11.84,11.15,3.49,-3.48,-6.47,-22.94,-36.62
BAH,BOOZ ALLEN HAMILTON INC,89303019FET000003,2025-12-11,200000.0,Department of Energy,Department of Energy,BPA CALL,2025-12-11,92.9654,91.6258,1.46,73.705,2026-02-23,48,-20.72,100.6977,2026-01-23,28,8.32,36.62,28.0,,,,,,,-1.7,-9.51,-8.87,-8.36,-9.53,-10.06,0.99,-5.11,-16.42,-18.92,-15.65
PSN,PARSONS GOVERNMENT SERVICES INC,W9123623C4007,2026-03-19,535906.0,Department of Defense,Department of the Army,DEFINITIVE CONTRACT,2026-03-19,50.16,51.11,-1.86,40.32,2026-07-29,88,-19.62,62.03,2026-07-28,87,23.66,53.84,4.0,10.0,13.0,50.0,,,,-0.24,0.54,6.9,4.09,12.28,13.9,9.49,1.42,7.08,10.63,-5.08
GD,GENERAL DYNAMICS ONE SOURCE LLC,FA824026F5001,2026-01-30,0.0,Department of Defense,Department of the Air Force,DELIVERY ORDER,2026-01-30,347.9355,346.8057,0.33,311.1606,2026-04-27,59,-10.57,362.8304,2026-03-04,22,4.28,16.61,,,,,,,,-1.34,0.65,2.56,2.2,-0.98,0.09,3.88,0.93,-0.76,-10.24,-2.4
BA,THE BOEING COMPANY,FA863422F0044,2026-02-11,4000000.0,Department of Defense,Department of the Air Force,DELIVERY ORDER,2026-02-11,236.26,242.59,-2.61,189.21,2026-03-30,32,-19.91,244.04,2026-02-17,3,3.29,28.98,,,,,,,,1.31,3.29,-1.08,-2.46,-2.9,-3.79,-11.16,-17.73,-5.45,0.47,-8.27
LDOS,LEIDOS DIGITAL SOLUTIONS INC,1333BJ21F00280044,2025-12-23,92066.36,Department of Commerce,U.S. Patent and Trademark Office,DELIVERY ORDER,2025-12-23,185.205,184.9267,0.15,136.7071,2026-05-05,90,-26.19,197.153,2026-01-09,11,6.45,44.22,8.0,,,,,,,0.17,-0.45,-3.18,4.92,4.78,2.42,1.71,3.58,-3.71,-12.55,-26.19
LMT,LOCKHEED MARTIN CORPORATION,H9225424F2848,2025-09-15,100000.0,Department of Defense,U.S. Special Operations Command,DELIVERY ORDER,2025-09-15,464.1829,462.2801,0.41,434.0461,2025-12-01,54,-6.49,586.9539,2026-01-22,89,26.45,35.23,11.0,78.0,81.0,84.0,,,,0.23,0.08,1.51,2.75,3.96,6.6,6.75,2.89,-0.52,-0.59,25.79
CACI,"CACI NSS, LLC",FA855525FB008,2026-03-18,12000.0,Department of Defense,Department of the Air Force,DELIVERY ORDER,2026-03-18,608.73,612.93,-0.69,440.76,2026-07-21,85,-27.59,612.93,2026-03-19,1,0.69,39.06,,,,,,,,0.69,-3.2,-4.89,-7.4,-7.82,-4.97,-13.4,-14.65,-19.49,-14.67,-16.21
IBM,INTERNATIONAL BUSINESS MACHINES CORPORATION,140D0425F0662,2026-01-14,0.0,Department of the Interior,Departmental Offices,DELIVERY ORDER,2026-01-14,302.8604,297.1076,1.94,213.1113,2026-05-13,82,-29.63,308.4467,2026-02-02,12,1.84,44.74,,,,,,,,-3.59,-5.72,-4.65,-4.11,0.07,-6.47,-14.61,-21.83,-21.32,-22.6,-17.82
IBM,INTERNATIONAL BUSINESS MACHINES CORPORATION,W15QKN21F0531,2025-12-17,5540052.69,Department of Defense,Department of the Army,DELIVERY ORDER,2025-12-17,297.2644,297.1272,0.05,220.139,2026-02-23,44,-25.95,308.4467,2026-02-02,30,3.76,40.11,,,,,,,,-0.95,-0.17,0.41,0.8,-3.9,-0.2,-3.95,3.76,-23.97,-15.08,-24.7
CACI,"CACI, INC. - FEDERAL",N3904025F3001,2026-01-08,1500000.0,Department of Defense,Department of the Navy,DELIVERY ORDER,2026-01-08,584.09,562.79,3.78,480.99,2026-05-08,83,-17.65,662.19,2026-01-23,10,13.37,37.67,5.0,9.0,,,,,,2.54,3.51,7.43,7.71,13.37,6.68,9.1,-2.24,3.64,-2.56,-15.54
ACN,ACCENTURE FEDERAL SERVICES LLC,SP470125F0282,2025-11-20,9194283.0,Department of Defense,Defense Logistics Agency,BPA CALL,2025-11-20,235.9283,236.2125,-0.12,187.6335,2026-02-25,64,-20.47,282.7142,2026-01-14,36,19.83,50.67,6.0,8.0,32.0,,,,,4.59,3.51,3.82,8.4,10.71,12.28,12.41,14.59,12.31,-10.73,-16.39
LDOS,"LEIDOS, INC.",HC102825F0354,2026-02-12,0.0,Department of Defense,Defense Information Systems Agency,DELIVERY ORDER,2026-02-12,170.414,171.9647,-0.9,104.32,2026-06-24,90,-38.78,179.5689,2026-03-03,12,5.37,72.13,12.0,,,,,,,2.83,0.05,1.2,1.57,2.13,2.46,-2.09,-9.06,-9.47,-25.34,-38.78
BA,THE BOEING COMPANY,FA880819C0001,2025-08-18,0.0,Department of Defense,Department of the Air Force,DEFINITIVE CONTRACT,2025-08-18,232.41,235.26,-1.21,179.12,2025-11-24,69,-22.93,237.38,2025-09-02,10,2.14,32.53,,,,,,,,-3.19,-3.42,-2.38,1.38,2.14,-0.63,-7.65,-7.13,-6.52,-16.01,-6.13
NOC,NORTHROP GRUMMAN SYSTEMS CORPORATION,N0016422CWM28,2025-09-18,2263755.96,Department of Defense,Department of the Navy,DEFINITIVE CONTRACT,2025-09-18,567.1136,570.4052,-0.58,541.3857,2025-12-01,51,-4.54,683.9199,2026-01-28,90,20.6,26.33,8.0,14.0,83.0,90.0,,,,-0.13,0.58,2.09,3.53,5.45,11.19,3.62,0.85,-1.12,-0.29,20.6
LMT,LOCKHEED MARTIN CORPORATION,H9225425F2877,2025-11-24,0.0,Department of Defense,U.S. Special Operations Command,DELIVERY ORDER,2025-11-24,442.4181,451.9518,-2.11,434.0461,2025-12-01,4,-1.89,672.2988,2026-03-02,65,51.96,54.89,12.0,26.0,28.0,31.0,36.0,65.0,,0.3,1.51,-1.3,0.15,4.3,8.21,8.51,15.81,41.67,47.57,40.96
NOC,NORTHROP GRUMMAN SYSTEMS CORPORATION,FA875023F0501,2025-08-28,8446054.0,Department of Defense,Department of the Air Force,DELIVERY ORDER,2025-08-28,578.825,577.5548,0.22,541.3857,2025-12-01,65,-6.47,630.571,2025-10-08,28,8.94,16.47,26.0,,,,,,,0.36,-0.78,-0.82,-2.39,-1.65,-2.02,1.43,6.47,-0.37,-3.23,-1.07
IBM,INTERNATIONAL BUSINESS MACHINES CORPORATION,47HAA025F0047,2025-09-26,0.0,General Services Administration,Office of Administrative Services,DELIVERY ORDER,2025-09-26,277.1061,274.3088,1.02,268.9774,2025-10-16,14,-2.93,308.6917,2025-11-12,33,11.4,14.76,20.0,21.0,,,,,,-1.59,0.77,1.43,3.36,-2.28,-2.93,10.12,7.76,8.11,7.09,2.52
NOC,NORTHROP GRUMMAN SYSTEMS CORPORATION,SPE4AX25F1627,2025-10-27,0.0,Department of Defense,Defense Logistics Agency,DELIVERY ORDER,2025-10-27,589.0569,598.5754,-1.59,541.3857,2025-12-01,24,-8.09,764.6547,2026-03-02,85,29.81,41.24,52.0,54.0,63.0,77.0,,,,-0.15,-2.91,-3.45,-4.27,-5.53,-6.37,-4.45,-7.23,-3.93,13.38,26.31
NOC,NORTHROP GRUMMAN SYSTEMS CORPORATION,NNM07AA75C,2026-01-15,1200000.0,National Aeronautics and Space Administration,National Aeronautics and Space Administration,DEFINITIVE CONTRACT,2026-01-15,649.6609,648.202,0.23,538.3207,2026-05-15,83,-17.14,764.6547,2026-03-02,30,17.7,42.04,8.0,22.0,30.0,,,,,1.88,1.46,2.8,3.69,5.75,6.4,7.1,17.7,4.21,4.23,-15.51
LMT,LOCKHEED MARTIN CORPORATION,N0001925F2007,2025-09-25,2685952.0,Department of Defense,Department of the Navy,DELIVERY ORDER,2025-09-25,475.0605,476.9339,-0.39,434.0461,2025-12-01,46,-8.63,628.551,2026-02-02,88,32.31,44.81,7.0,73.0,75.0,77.0,87.0,,,0.64,3.07,3.1,6.17,4.84,3.11,0.22,-3.18,-5.47,-1.36,25.39
LMT,LOCKHEED MARTIN CORPORATION,N0001924C0011,2025-09-25,30334259.68,Department of Defense,Department of the Navy,DEFINITIVE CONTRACT,2025-09-25,475.0605,476.9339,-0.39,434.0461,2025-12-01,46,-8.63,628.551,2026-02-02,88,32.31,44.81,7.0,73.0,75.0,77.0,87.0,,,0.64,3.07,3.1,6.17,4.84,3.11,0.22,-3.18,-5.47,-1.36,25.39
BAH,BOOZ ALLEN HAMILTON INC,80JSC025FA065,2025-12-17,139517.0,National Aeronautics and Space Administration,National Aeronautics and Space Administration,BPA CALL,2025-12-17,85.2528,84.12,1.35,73.705,2026-02-23,44,-13.55,100.6977,2026-01-23,24,18.12,36.62,14.0,15.0,24.0,,,,,-0.62,-0.07,-1.62,-1.65,-1.92,8.86,7.98,1.1,-11.87,-10.22,-11.0
LMT,LOCKHEED MARTIN CORPORATION,FA861125FB001,2025-09-29,4500980.0,Department of Defense,Department of the Air Force,DELIVERY ORDER,2025-09-29,482.5541,478.1011,0.93,434.0461,2025-12-01,44,-10.05,628.5509,2026-02-02,86,30.26,44.81,68.0,71.0,74.0,78.0,86.0,,,1.47,1.5,4.52,4.48,2.41,0.64,-1.26,-8.11,-9.51,-1.17,27.71
LMT,LOCKHEED MARTIN CORPORATION,H9225424F2785,2025-12-05,0.0,Department of Defense,U.S. Special Operations Command,DELIVERY ORDER,2025-12-05,446.9037,443.0988,0.86,446.9037,2025-12-05,0,0.0,672.2988,2026-03-02,57,50.43,50.43,4.0,19.0,20.0,23.0,31.0,57.0,,2.91,3.48,6.2,5.5,4.85,6.82,9.88,29.64,39.03,45.61,31.65
GE,GENERAL ELECTRIC COMPANY,SPE4AX26F1590,2025-10-27,27675383.24,Department of Defense,Defense Logistics Agency,DELIVERY ORDER,2025-10-27,311.6396,302.704,2.95,282.5118,2025-12-10,31,-9.35,344.8073,2026-03-02,85,10.64,22.05,77.0,81.0,,,,,,-0.97,-0.67,-1.35,-2.47,-0.29,-2.56,-6.2,-8.8,-1.42,-5.96,3.17
AVAV,"AEROVIRONMENT, INC",W58RGZ23C0039,2025-11-06,0.0,Department of Defense,Department of the Army,DEFINITIVE CONTRACT,2025-11-06,328.23,350.7,-6.41,207.07,2026-03-13,86,-36.91,392.86,2026-01-16,48,19.69,89.72,42.0,43.0,46.0,,,,,0.43,-0.04,-9.97,-13.58,-16.53,-14.94,-13.94,-25.96,10.86,-21.61,-35.61
LDOS,"LEIDOS, INC.",N6600124F0736,2026-02-09,185000.0,Department of Defense,Department of the Navy,DELIVERY ORDER,2026-02-09,193.4155,191.8351,0.82,107.12,2026-06-18,90,-44.62,193.5547,2026-02-10,1,0.07,80.69,,,,,,,,0.07,-11.89,-16.99,-9.41,-10.51,-7.8,-10.9,-18.09,-18.06,-30.5,-44.62
HII,HUNTINGTON INGALLS INC,N0002424C2106,2025-11-19,0.0,Department of Defense,Department of the Navy,DEFINITIVE CONTRACT,2025-11-19,306.0974,305.5242,0.19,298.2804,2025-11-20,1,-2.55,451.7788,2026-03-02,68,47.59,51.46,15.0,22.0,24.0,33.0,36.0,,,-2.55,0.06,1.48,-0.56,2.43,4.79,9.16,17.87,37.1,37.78,27.94
LMT,LOCKHEED MARTIN CORPORATION,HQ072719F1105,2025-08-27,-757.29,Department of Defense,Defense Contract Management Agency,DELIVERY ORDER,2025-08-27,442.5342,443.4982,-0.22,434.0461,2025-12-01,66,-1.92,515.9257,2026-01-06,90,16.58,18.86,13.0,23.0,90.0,,,,,0.38,0.29,1.26,1.76,4.33,4.86,8.04,12.54,8.54,3.79,16.58
HII,HUNTINGTON INGALLS INC,N0002418C4314,2026-03-06,0.0,Department of Defense,Department of the Navy,DEFINITIVE CONTRACT,2026-03-06,427.2646,419.3588,1.89,271.05,2026-07-16,90,-36.56,427.7326,2026-03-09,1,0.11,57.81,,,,,,,,0.11,-3.59,-3.12,-1.44,-4.92,-10.33,-6.25,-8.6,-25.95,-31.27,-36.56
NOC,NORTHROP GRUMMAN SYSTEMS CORP,FA852225F0001,2025-10-02,-102380.0,Department of Defense,Department of the Air Force,DELIVERY ORDER,2025-10-02,598.0121,598.4173,-0.07,541.3857,2025-12-01,41,-9.47,703.7488,2026-02-06,87,17.68,29.99,4.0,73.0,81.0,,,,,0.75,2.75,4.96,2.29,-1.0,-1.41,-3.56,-7.77,-8.89,-4.11,12.66
LMT,LOCKHEED MARTIN CORPORATION,HQ072724F1101,2025-10-23,0.0,Department of Defense,Defense Microelectronics Activity,DELIVERY ORDER,2025-10-23,478.6993,477.8069,0.19,434.0461,2025-12-01,26,-9.33,672.2988,2026-03-02,87,40.44,54.89,49.0,53.0,55.0,58.0,67.0,,,-0.54,-0.47,0.34,-0.02,-3.92,-6.35,-5.59,-6.64,0.93,21.03,35.94
TXT,BELL TEXTRON INC,N0038319FBA02,2025-09-08,36547.57,Department of Defense,Department of the Navy,DELIVERY ORDER,2025-09-08,82.6651,81.3763,1.58,79.3674,2025-10-30,38,-3.99,94.1293,2026-01-14,89,13.87,18.6,20.0,85.0,,,,,,-2.67,-0.6,-0.59,-0.01,0.93,0.93,2.79,-0.39,-0.8,-0.35,13.13
ACN,ACCENTURE FEDERAL SERVICES LLC,19AQMM23F3430,2025-12-19,71977.12,Department of State,Department of State,BPA CALL,2025-12-19,266.7531,264.5094,0.85,174.8674,2026-04-27,86,-34.45,282.7143,2026-01-14,16,5.98,61.67,16.0,,,,,,,-0.58,-0.83,-0.33,-1.45,1.35,3.2,4.72,-11.24,-23.83,-25.23,-33.39
GE,GENERAL ELECTRIC COMPANY,SPE4A526F3625,2026-02-13,3098531.16,Department of Defense,Defense Logistics Agency,DELIVERY ORDER,2026-02-13,314.5591,312.0459,0.81,272.9098,2026-03-30,30,-13.24,370.8976,2026-06-25,90,17.91,35.9,3.0,84.0,89.0,,,,,3.7,6.13,7.48,8.71,9.62,2.44,-4.08,-13.24,-8.96,-5.56,17.91
HII,HUNTINGTON INGALLS INCORPORATED,N0002425C4229,2026-01-28,40456.0,Department of Defense,Department of the Navy,DEFINITIVE CONTRACT,2026-01-28,422.2412,419.6605,0.61,287.54,2026-06-03,87,-31.9,451.7788,2026-03-02,22,7.0,57.12,18.0,,,,,,,0.57,-1.2,-2.88,-6.49,-7.68,-0.12,4.82,-2.24,-6.47,-15.27,-30.78
BA,THE BOEING COMPANY,N0038323FDU1L,2025-09-15,0.0,Department of Defense,Defense Contract Management Agency,DELIVERY ORDER,2025-09-15,215.75,215.94,-0.09,179.12,2025-11-24,50,-16.98,252.15,2026-01-23,90,16.87,40.77,76.0,82.0,87.0,,,,,-0.34,-0.04,-1.7,-0.3,0.62,0.25,-0.67,3.36,-11.1,-7.13,16.87
LDOS,"LEIDOS, INC.",N6883625F7MJL,2025-11-25,621074.9,Department of Defense,Department of the Navy,DELIVERY ORDER,2025-11-25,189.9225,185.2712,2.51,153.6473,2026-03-30,84,-19.1,197.153,2026-01-09,30,3.81,28.32,,,,,,,,-0.6,-1.61,-1.6,-2.44,-1.67,-4.66,-2.72,3.81,-1.58,-8.86,-15.72
HII,HUNTINGTON INGALLS INC,N0002421C2106,2026-02-27,0.0,Department of Defense,Department of the Navy,DEFINITIVE CONTRACT,2026-02-27,442.6084,439.7209,0.66,277.39,2026-06-29,83,-37.33,451.7788,2026-03-02,1,2.07,62.87,,,,,,,,2.07,-1.68,-3.47,-6.08,-6.48,-5.87,-16.97,-11.26,-18.26,-27.8,-35.34
BA,"BOEING AEROSPACE OPERATIONS, INC.",FA231824FB011,2026-02-25,34914.88,Department of Defense,Department of the Air Force,DELIVERY ORDER,2026-02-25,230.36,233.39,-1.3,189.21,2026-03-30,23,-17.86,240.6,2026-05-13,54,4.45,27.16,,,,,,,,-0.41,-0.27,-1.32,0.33,-7.06,-8.48,-15.63,-4.47,-0.58,-4.67,0.57
LMT,LOCKHEED MARTIN CORPORATION,W31P4Q23C0052,2025-12-16,0.0,Department of Defense,Department of the Army,DEFINITIVE CONTRACT,2025-12-16,471.4725,478.7463,-1.52,464.6335,2025-12-18,2,-1.45,672.2988,2026-03-02,50,42.6,44.69,12.0,16.0,17.0,19.0,29.0,,,-0.48,-0.61,1.15,1.25,1.39,4.15,22.09,32.94,38.48,35.96,7.95
BA,THE BOEING COMPANY,FA205725FB015,2026-02-25,0.0,Department of Defense,Department of the Air Force,DELIVERY ORDER,2026-02-25,230.36,233.39,-1.3,189.21,2026-03-30,23,-17.86,240.6,2026-05-13,54,4.45,27.16,,,,,,,,-0.41,-0.27,-1.32,0.33,-7.06,-8.48,-15.63,-4.47,-0.58,-4.67,0.57
IBM,INTERNATIONAL BUSINESS MACHINES CORPORATION,DJJ21580001,2026-02-04,-317276.36,Department of Justice,"Offices, Boards and Divisions",DELIVERY ORDER,2026-02-04,283.2793,288.4343,-1.79,213.1113,2026-05-13,68,-24.77,326.8851,2026-06-02,81,15.39,53.39,80.0,80.0,81.0,,,,,0.29,2.52,-5.08,-8.71,-10.83,-17.35,-9.94,-12.89,-19.71,-19.21,-5.82
HII,HUNTINGTON INGALLS INC,N0002409C2116,2026-02-17,90000.0,Department of Defense,Department of the Navy,DEFINITIVE CONTRACT,2026-02-17,414.7372,415.6801,-0.23,278.19,2026-06-22,86,-32.92,451.7788,2026-03-02,9,8.93,62.4,2.0,,,,,,,1.69,4.72,7.16,6.02,5.71,3.13,2.75,-8.79,-11.92,-19.76,-32.01
GD,GENERAL DYNAMICS ONE SOURCE LLC,FA824025F5002,2025-08-15,223223.82,Department of Defense,Department of the Air Force,DELIVERY ORDER,2025-08-15,308.2519,310.3646,-0.68,308.1438,2025-08-18,1,-0.04,349.165,2025-10-27,50,13.27,13.31,18.0,35.0,,,,,,-0.04,1.21,1.89,2.71,3.47,2.92,4.05,5.89,7.96,11.9,10.09
CACI,"CACI, INC. - FEDERAL",80TECH24CA002,2025-11-26,65713.77,National Aeronautics and Space Administration,National Aeronautics and Space Administration,DEFINITIVE CONTRACT,2025-11-26,615.35,617.97,-0.42,532.81,2025-12-31,23,-13.41,662.19,2026-01-23,38,7.61,24.28,37.0,,,,,,,0.28,-1.46,-1.58,-3.56,-4.69,-8.87,-12.33,-1.71,0.57,-4.11,-8.47
LMT,LOCKHEED MARTIN CORPORATION,W31P4Q15C0082,2025-12-17,0.0,Department of Defense,Department of the Army,DEFINITIVE CONTRACT,2025-12-17,469.2291,471.4725,-0.48,464.6335,2025-12-18,1,-0.98,672.2988,2026-03-02,49,43.28,44.69,11.0,15.0,16.0,18.0,28.0,,,-0.98,1.85,2.31,2.97,4.69,9.19,21.33,33.95,39.94,34.73,7.94
GE,GENERAL ELECTRIC COMPANY,W58RGZ25F0239,2025-08-15,369818.68,Department of Defense,Department of the Army,DELIVERY ORDER,2025-08-15,266.4966,268.3373,-0.69,264.5863,2025-08-19,2,-0.72,314.3193,2025-12-23,90,17.94,18.8,13.0,23.0,50.0,,,,,0.22,-0.53,-0.49,2.27,2.74,4.25,9.38,9.76,13.14,16.6,17.94
PSN,AMENTUM PARSONS LOGISTICS SERVICES LLC,W52P1J19F0404,2025-09-25,271803.66,Department of Defense,Department of the Army,DELIVERY ORDER,2025-09-25,79.7,80.67,-1.2,60.2,2025-12-17,58,-24.47,89.29,2025-10-08,9,12.03,48.32,4.0,7.0,,,,,,2.21,4.04,9.67,10.83,9.67,5.53,5.6,2.99,6.25,-22.99,-14.04
BAH,BOOZ ALLEN HAMILTON INC,N0017820F3006,2026-03-27,0.0,Department of Defense,Department of the Navy,DELIVERY ORDER,2026-03-27,77.9034,79.7296,-2.29,59.71,2026-06-25,61,-23.35,83.4516,2026-04-07,6,7.12,39.76,4.0,,,,,,,0.59,2.4,6.65,3.96,4.23,4.18,-2.87,-4.51,2.34,-19.54,-5.1
GE,GENERAL ELECTRIC COMPANY,SPRTA126F0100,2026-02-12,3192706.09,Department of Defense,Defense Logistics Agency,DELIVERY ORDER,2026-02-12,312.0459,312.8836,-0.27,272.9098,2026-03-30,31,-12.54,365.4245,2026-06-24,90,17.11,33.9,3.0,7.0,90.0,,,,,0.81,5.33,9.69,10.47,9.39,4.51,-2.7,-9.48,-2.83,-3.73,17.11
GD,"GENERAL DYNAMICS INFORMATION TECHNOLOGY, INC.",N6134021F0043,2025-08-20,0.0,Department of Defense,Department of the Navy,DELIVERY ORDER,2025-08-20,311.9761,310.9149,0.34,311.0426,2025-08-21,1,-0.3,349.165,2025-10-27,47,11.92,12.26,28.0,46.0,,,,,,-0.3,0.76,2.51,2.23,1.56,1.75,2.08,7.42,8.04,8.85,7.72
BA,THE BOEING COMPANY,FA810725FB001,2025-09-10,0.0,Department of Defense,Department of the Air Force,DELIVERY ORDER,2025-09-10,227.52,229.52,-0.87,179.12,2025-11-24,53,-21.27,249.0,2026-01-20,90,9.44,39.01,85.0,,,,,,,-3.31,-5.17,-5.67,-5.22,-5.46,-5.14,-5.06,-4.8,-14.07,-11.27,9.44
HII,HUNTINGTON INGALLS INCORPORATED,N0002420C2437,2026-02-17,0.0,Department of Defense,Department of the Navy,DEFINITIVE CONTRACT,2026-02-17,414.7372,415.6801,-0.23,278.19,2026-06-22,86,-32.92,451.7788,2026-03-02,9,8.93,62.4,2.0,,,,,,,1.69,4.72,7.16,6.02,5.71,3.13,2.75,-8.79,-11.92,-19.76,-32.01
CACI,"CACI, INC. - FEDERAL",70FA5024F00000100,2026-02-23,0.0,Department of Homeland Security,Federal Emergency Management Agency,DELIVERY ORDER,2026-02-23,570.99,586.03,-2.57,443.26,2026-06-25,85,-22.37,633.21,2026-03-09,10,10.9,42.85,4.0,6.0,,,,,,2.63,4.58,9.45,9.38,10.9,6.26,1.0,-0.33,-10.91,-13.6,-11.94
ACN,ACCENTURE FEDERAL SERVICES LLC,15F06720F0001599,2025-09-19,0.0,Department of Justice,Federal Bureau of Investigation,BPA CALL,2025-09-19,234.8604,234.7134,0.06,227.8645,2025-09-25,4,-2.98,282.7143,2026-01-14,80,20.38,24.07,13.0,52.0,74.0,80.0,,,,0.12,-0.26,-0.3,2.88,2.34,5.15,1.03,4.34,5.07,14.58,8.98
BA,THE BOEING COMPANY,FA852625F0003,2025-12-03,0.0,Department of Defense,Department of the Air Force,DELIVERY ORDER,2025-12-03,202.54,205.38,-1.38,189.21,2026-03-30,79,-6.58,252.15,2026-01-23,34,24.49,33.26,12.0,20.0,25.0,27.0,,,,-0.33,1.84,-1.89,0.91,1.87,7.07,12.63,22.29,20.82,10.65,10.56
LMT,LOCKHEED MARTIN CORPORATION,W31P4Q22F0106,2025-09-17,0.0,Department of Defense,Department of the Army,DELIVERY ORDER,2025-09-17,464.0554,465.2324,-0.25,434.0461,2025-12-01,52,-6.47,587.9818,2026-01-27,90,26.71,35.47,9.0,76.0,79.0,82.0,,,,0.11,1.54,2.78,3.03,5.47,8.02,4.25,2.58,-0.68,1.13,26.71
NOC,NORTHROP GRUMMAN SYSTEMS CORPORATION,N0001924F2597,2026-03-19,2641045.89,Department of Defense,Department of the Navy,DELIVERY ORDER,2026-03-19,711.0207,721.6639,-1.47,496.02,2026-06-29,69,-30.24,711.0207,2026-03-19,0,0.0,43.35,,,,,,,,-1.01,-4.48,-3.1,-5.96,-1.63,-3.3,-8.01,-20.45,-22.2,-23.39,-24.75
LMT,LOCKHEED MARTIN CORPORATION,W31P4Q23C0006,2025-10-16,0.0,Department of Defense,Department of the Army,DEFINITIVE CONTRACT,2025-10-16,483.7997,489.8417,-1.23,434.0461,2025-12-01,31,-10.28,658.7036,2026-02-19,85,36.15,51.76,55.0,58.0,61.0,66.0,78.0,,,0.39,-0.76,-1.05,-1.29,-0.72,-4.08,-5.57,-7.17,-3.15,14.05,31.07
LDOS,"LEIDOS, INC.",HC102826F0010,2026-03-02,230000.0,Department of Defense,Defense Information Systems Agency,DELIVERY ORDER,2026-03-02,178.3264,174.0521,2.46,100.0,2026-06-25,80,-43.92,179.5689,2026-03-03,1,0.7,79.57,,,,,,,,0.7,-2.08,0.08,-3.36,-6.43,-7.31,-13.1,-12.73,-23.34,-27.01,-39.99
BAH,BOOZ ALLEN HAMILTON INC,FA701424F0404,2025-09-10,0.0,Department of Defense,Department of the Air Force,DELIVERY ORDER,2025-09-10,100.3043,100.911,-0.6,78.7024,2025-11-20,51,-21.54,102.3789,2025-09-12,2,2.07,30.08,,,,,,,,1.31,-0.86,-0.9,-0.35,-3.14,-2.49,-2.7,-3.67,-17.22,-13.93,-8.22
LMT,LOCKHEED MARTIN CORP,N0003018C0023,2025-10-29,0.0,Department of Defense,Department of the Navy,DEFINITIVE CONTRACT,2025-10-29,476.0315,476.463,-0.09,434.0461,2025-12-01,22,-8.82,672.2988,2026-03-02,83,41.23,54.89,45.0,49.0,51.0,54.0,63.0,,,0.9,0.54,-2.51,-5.56,-5.83,-2.19,-5.66,-1.41,6.21,23.52,35.55
LMT,LOCKHEED MARTIN CORPORATION,H9225425FE052,2026-03-24,187000.0,Department of Defense,U.S. Special Operations Command,DELIVERY ORDER,2026-03-24,606.2015,612.2419,-0.99,491.64,2026-06-24,63,-18.9,633.7512,2026-04-06,8,4.54,28.91,,,,,,,,2.3,0.93,-0.95,2.07,3.0,0.23,-13.17,-15.72,-11.96,-15.71,-3.28
ACN,ACCENTURE FEDERAL SERVICES LLC,SP470924F0021,2025-12-09,-3010.7,Department of Defense,Defense Logistics Agency,DELIVERY ORDER,2025-12-09,264.088,261.1192,1.14,177.3969,2026-04-10,83,-32.83,282.7142,2026-01-14,24,7.05,59.37,24.0,,,,,,,1.0,0.75,0.93,0.16,0.46,0.17,4.13,4.28,-16.81,-22.32,-27.26
ACN,ACCENTURE FEDERAL SERVICES LLC,12760422F0398,2025-09-26,7130902.79,Department of Agriculture,Forest Service,BPA CALL,2025-09-26,234.1451,227.8645,2.76,228.8639,2026-02-05,90,-2.26,282.7143,2026-01-14,75,20.74,23.53,7.0,47.0,69.0,75.0,,,,3.36,1.98,2.66,5.13,0.82,-2.07,4.94,2.84,7.72,13.27,-2.26
PSN,PARSONS GOVERNMENT SERVICES INC.,HQ085821C0015,2025-12-05,45915373.75,Department of Defense,Missile Defense Agency,DEFINITIVE CONTRACT,2025-12-05,66.65,84.46,-21.09,50.04,2026-03-20,71,-24.92,72.73,2026-01-23,32,9.12,45.34,26.0,,,,,,,-5.22,0.56,-4.98,-7.44,-7.91,-6.14,-1.35,9.08,-9.6,-1.8,-16.35
NOC,NORTHROP GRUMMAN SYSTEMS CORPORATION,N0038326FTQ02,2025-11-28,4089028.2,Department of Defense,Department of the Navy,DELIVERY ORDER,2025-11-28,565.631,560.5505,0.91,541.3857,2025-12-01,1,-4.29,764.6547,2026-03-02,62,35.19,41.24,24.0,29.0,33.0,40.0,62.0,,,-4.29,-2.92,-3.68,-3.39,-0.03,-1.83,0.81,9.75,21.02,25.13,18.59
BAH,BOOZ ALLEN HAMILTON INC,HC102824F2000,2025-09-03,0.0,Department of Defense,Defense Information Systems Agency,DELIVERY ORDER,2025-09-03,104.4632,107.7219,-3.03,78.7024,2025-11-20,56,-24.66,104.4632,2025-09-03,0,0.0,32.73,,,,,,,,-3.33,-4.74,-3.98,-2.0,-4.84,-7.89,-3.41,-9.74,-18.87,-21.5,-8.75
BA,THE BOEING COMPANY,NAS1510000,2025-08-18,0.0,National Aeronautics and Space Administration,National Aeronautics and Space Administration,DEFINITIVE CONTRACT,2025-08-18,232.41,235.26,-1.21,179.12,2025-11-24,69,-22.93,237.38,2025-09-02,10,2.14,32.53,,,,,,,,-3.19,-3.42,-2.38,1.38,2.14,-0.63,-7.65,-7.13,-6.52,-16.01,-6.13
LDOS,"LEIDOS, INC.",HC104724F0043,2025-11-20,4546130.91,Department of Defense,Defense Information Systems Agency,DELIVERY ORDER,2025-11-20,184.1307,187.6217,-1.86,153.6473,2026-03-30,87,-16.56,197.153,2026-01-09,33,7.07,28.32,29.0,,,,,,,0.45,3.15,2.93,0.76,0.62,2.62,0.43,6.62,1.37,-4.84,-14.05
WWD,WOODWARD HRT INC,SPRTA125C0021,2025-08-14,0.0,Department of Defense,Defense Logistics Agency,DEFINITIVE CONTRACT,2025-08-14,244.3673,245.8913,-0.62,236.6678,2025-09-09,17,-3.15,314.6602,2025-12-22,90,28.77,32.95,35.0,61.0,72.0,73.0,,,,-0.01,-0.16,1.14,0.39,1.73,-0.19,-2.11,1.65,1.0,8.68,28.77
BAH,BOOZ ALLEN HAMILTON INC,70RCSA20FR0000085,2025-09-15,-133900.61,Department of Homeland Security,Office of Procurement Operations,DELIVERY ORDER,2025-09-15,99.4431,102.3789,-2.87,78.7024,2025-11-20,48,-20.86,101.8113,2025-10-07,16,2.38,29.36,,,,,,,,0.21,-0.4,-1.8,-2.3,-2.69,2.36,-3.76,-14.85,-19.11,-10.33,1.26
BAH,BOOZ ALLEN HAMILTON INC,75FCMC21F0068,2025-09-09,24869514.0,Department of Health and Human Services,Centers for Medicare and Medicaid Services,DELIVERY ORDER,2025-09-09,100.911,99.5116,1.41,78.7024,2025-11-20,52,-22.01,102.3789,2025-09-12,3,1.45,30.08,,,,,,,,-0.6,1.45,-1.25,-1.85,-4.65,-4.1,-0.18,-2.4,-15.56,-19.48,-4.93
ACN,ACCENTURE FEDERAL SERVICES LLC,89303026FIM000188,2026-02-11,40000.0,Department of Energy,Department of Energy,BPA CALL,2026-02-11,225.7775,235.9969,-4.33,123.3469,2026-06-22,89,-45.37,225.7775,2026-02-11,0,0.0,83.04,,,,,,,,-3.64,-4.57,-6.72,-12.69,-10.0,-8.87,-14.66,-14.76,-13.5,-21.04,-44.41
NOC,NORTHROP GRUMMAN SYSTEMS CORPORATION,N3225324C0002,2026-03-10,39083.0,Department of Defense,Department of the Navy,DEFINITIVE CONTRACT,2026-03-10,731.7594,744.0652,-1.65,496.02,2026-06-29,76,-32.22,733.0736,2026-03-12,2,0.18,47.79,,,,,,,,-0.24,-0.17,-1.49,-2.83,-7.19,-8.62,-6.04,-19.78,-24.92,-25.5,-28.4
LMT,LOCKHEED MARTIN CORPORATION,FA854022F0013,2026-01-27,0.0,Department of Defense,Department of the Air Force,DELIVERY ORDER,2026-01-27,587.9818,574.8474,2.28,503.2157,2026-05-08,71,-14.42,672.2988,2026-03-02,23,14.34,33.6,3.0,16.0,,,,,,0.39,6.6,5.6,2.39,5.82,9.18,7.85,9.74,4.36,-10.48,-10.92
GD,"GENERAL DYNAMICS INFORMATION TECHNOLOGY, INC.",692M1522F00011,2025-08-22,36000.0,Department of Transportation,Federal Aviation Administration,DELIVERY ORDER,2025-08-22,314.0692,311.0426,0.97,314.0692,2025-08-22,0,0.0,349.165,2025-10-27,45,11.17,11.17,26.0,44.0,,,,,,0.09,1.83,1.55,1.0,0.97,2.05,1.12,8.41,11.17,7.41,5.8
SATL,SATELLITE SERVICES INC,47PE0720F0001,2025-09-26,787848.0,General Services Administration,Public Buildings Service,BPA CALL,2025-09-26,3.355,3.36,-0.15,1.27,2025-11-20,39,-62.15,5.5,2026-01-27,83,63.93,333.07,6.0,6.0,8.0,8.0,80.0,81.0,,-1.04,-0.75,4.32,8.2,1.04,-13.26,-39.2,-50.82,-52.31,-36.21,1.04
LMT,LOCKHEED MARTIN CORPORATION,W31P4Q22F0106,2025-08-26,0.0,Department of Defense,Department of the Army,DELIVERY ORDER,2025-08-26,443.4982,435.9615,1.73,434.0461,2025-12-01,67,-2.13,505.5783,2026-01-05,90,14.0,16.48,18.0,24.0,,,,,,-0.22,0.04,-0.69,2.6,2.59,4.9,7.12,13.68,7.34,3.93,14.0
BA,THE BOEING COMPANY,N6134025F0143,2025-08-14,1976234.0,Department of Defense,Department of the Navy,DELIVERY ORDER,2025-08-14,233.19,233.37,-0.08,179.12,2025-11-24,71,-23.19,237.38,2025-09-02,12,1.8,32.53,,,,,,,,0.89,-3.51,-3.74,-2.71,1.27,-1.05,-7.48,-5.12,-8.68,-16.54,-7.01
ETN,"EATON AEROSPACE, LLC",SPRPA126CVA07,2026-03-19,5205680.0,Department of Defense,Defense Logistics Agency,DEFINITIVE CONTRACT,2026-03-19,358.3556,358.6639,-0.09,341.7425,2026-03-30,7,-4.64,434.7104,2026-06-22,64,21.31,27.2,13.0,14.0,24.0,29.0,,,,-0.95,3.85,-0.87,-4.64,0.24,11.16,13.14,18.13,8.94,13.31,0.74
CACI,"CACI NSS, LLC",70CMSD20FR0000219,2026-01-23,532700.64,Department of Homeland Security,U.S. Immigration and Customs Enforcement,DELIVERY ORDER,2026-01-23,662.19,655.46,1.03,480.99,2026-05-08,73,-27.36,662.19,2026-01-23,0,0.0,37.67,,,,,,,,-2.93,-3.62,-6.28,-6.55,-6.6,-15.22,-11.5,-4.38,-15.66,-21.72,-20.25
BA,THE BOEING COMPANY,N0001920F0875,2026-01-14,0.0,Department of Defense,Defense Contract Management Agency,DELIVERY ORDER,2026-01-14,242.61,244.55,-0.79,189.21,2026-03-30,51,-22.01,252.15,2026-01-23,6,3.93,33.26,,,,,,,,2.11,2.63,3.63,2.4,-3.53,-2.75,0.14,-6.22,-19.57,-8.44,-9.77
LMT,LOCKHEED MARTIN CORPORATION,N0002413C6292,2025-08-22,-149000.0,Department of Defense,Department of the Navy,DEFINITIVE CONTRACT,2025-08-22,434.4814,435.4551,-0.22,434.0461,2025-12-01,69,-0.1,504.3876,2025-10-06,30,16.09,16.21,13.0,24.0,30.0,,,,,0.34,1.85,2.11,1.38,3.64,6.4,9.87,16.09,9.92,6.28,10.02
LMT,LOCKHEED MARTIN CORP,HQ085325FE002,2026-03-30,7655873.0,Department of Defense,Missile Defense Agency,DELIVERY ORDER,2026-03-30,594.6769,611.8347,-2.8,491.64,2026-06-24,59,-17.33,633.7512,2026-04-06,4,6.57,28.91,4.0,,,,,,,0.97,4.05,4.87,4.23,2.17,-2.89,-14.83,-12.96,-13.9,-15.08,-1.13
BAH,BOOZ ALLEN HAMILTON INC,47QFCA22F0047,2026-01-14,9608260.0,General Services Administration,Federal Acquisition Service,DELIVERY ORDER,2026-01-14,94.9059,93.8815,1.09,71.0549,2026-05-13,82,-25.13,100.6977,2026-01-23,6,6.1,41.72,6.0,,,,,,,0.79,-3.0,-0.61,-2.51,-7.91,-11.74,-17.05,-17.56,-16.39,-14.44,-16.43
GD,"GENERAL DYNAMICS ORDNANCE & TACTICAL SYSTEMS, INC.",W15QKN25F0264,2025-12-05,0.0,Department of Defense,Department of the Army,DELIVERY ORDER,2025-12-05,332.9193,337.2521,-1.28,329.9188,2025-12-09,2,-0.9,364.0791,2026-01-16,28,9.36,10.35,19.0,,,,,,,-0.39,1.46,0.05,0.05,0.61,1.45,2.47,8.59,3.1,7.37,0.57
NOC,NORTHROP GRUMMAN SYSTEMS CORPORATION,N0003025C1010,2026-03-25,511304.0,Department of Defense,Department of the Navy,DEFINITIVE CONTRACT,2026-03-25,688.1812,679.1708,1.33,496.02,2026-06-29,65,-27.92,699.4217,2026-04-02,6,1.63,41.01,,,,,,,,0.11,-2.84,0.84,0.66,-0.09,-1.83,-16.8,-20.1,-18.45,-26.28,-19.85
LMT,LOCKHEED MARTIN CORP,HQ014719C5001,2025-09-25,1164447.65,Department of Defense,Missile Defense Agency,DEFINITIVE CONTRACT,2025-09-25,475.0605,476.9339,-0.39,434.0461,2025-12-01,46,-8.63,628.551,2026-02-02,88,32.31,44.81,7.0,73.0,75.0,77.0,87.0,,,0.64,3.07,3.1,6.17,4.84,3.11,0.22,-3.18,-5.47,-1.36,25.39
NOC,NORTHROP GRUMMAN SYSTEMS CORPORATION,80ARC024CA007,2026-01-05,2040845.0,National Aeronautics and Space Administration,National Aeronautics and Space Administration,DEFINITIVE CONTRACT,2026-01-05,606.6982,581.2321,4.38,545.8078,2026-05-11,87,-10.04,764.6547,2026-03-02,38,26.04,40.1,7.0,13.0,20.0,31.0,,,,-0.12,-3.36,2.94,6.84,7.52,8.12,12.83,18.57,20.32,14.38,-9.96
GD,GENERAL DYNAMICS LAND SYSTEMS INC.,W912CH24F0069,2026-01-14,0.0,Department of Defense,Department of the Army,DELIVERY ORDER,2026-01-14,361.2358,358.571,0.74,311.1606,2026-04-27,70,-13.86,364.0791,2026-01-16,2,0.79,17.01,,,,,,,,0.73,-1.47,0.36,-0.27,-3.99,-3.06,-4.63,-2.05,-5.14,-6.08,-5.01
NOC,NORTHROP GRUMMAN SYSTEMS CORPORATION,N0001925F2063,2026-02-15,0.0,Department of Defense,Department of the Navy,DELIVERY ORDER,2026-02-17,695.8192,697.2582,-0.21,499.33,2026-06-25,89,-28.24,764.6547,2026-03-02,9,9.89,53.14,2.0,,,,,,,3.38,3.2,4.13,1.72,8.62,6.93,3.71,-2.38,-15.63,-21.05,-28.14
NOC,NORTHROP GRUMMAN SYSTEMS CORP,N0001922F2021,2025-11-26,0.0,Department of Defense,Department of the Navy,DELIVERY ORDER,2025-11-26,560.5504,562.8337,-0.41,541.3857,2025-12-01,2,-3.42,764.6547,2026-03-02,63,36.41,41.24,25.0,30.0,32.0,40.0,56.0,,,0.91,-3.16,-2.09,-1.99,-0.85,-0.11,2.29,11.42,24.81,24.98,22.66
LMT,LOCKHEED MARTIN CORPORATION,FA861519C6050,2026-01-30,0.0,Department of Defense,Department of the Air Force,DEFINITIVE CONTRACT,2026-01-30,626.7917,615.2189,1.88,503.2157,2026-05-08,68,-19.72,672.2988,2026-03-02,20,7.26,33.6,13.0,,,,,,,0.28,-4.96,-1.68,-0.73,2.89,3.79,5.85,2.27,-0.51,-18.8,-16.24
LDOS,"LEIDOS, INC.",W56JSR24F0004,2025-09-24,37755.67,Department of Defense,Department of the Army,DELIVERY ORDER,2025-09-24,185.8563,185.5687,0.15,179.3204,2025-12-31,68,-3.52,197.9062,2025-11-04,29,6.48,10.36,8.0,,,,,,,-2.69,-0.96,2.26,4.36,5.78,-0.07,2.13,4.09,1.58,-3.09,1.51
GD,"GENERAL DYNAMICS INFORMATION TECHNOLOGY, INC.",HC101324F0165,2025-12-31,0.0,Department of Defense,Defense Information Systems Agency,BPA CALL,2025-12-31,332.2777,335.0512,-0.83,311.1606,2026-04-27,79,-6.36,364.0791,2026-01-16,11,9.57,17.01,2.0,,,,,,,2.0,7.14,4.39,7.21,9.51,9.11,3.3,3.68,7.96,1.64,3.81
LMT,LOCKHEED MARTIN CORPORATION,N0002421C6113,2025-08-18,0.0,Department of Defense,Department of the Navy,DEFINITIVE CONTRACT,2025-08-18,429.0674,426.0683,0.7,429.0674,2025-08-18,0,0.0,504.3876,2025-10-06,34,17.55,17.55,13.0,25.0,33.0,,,,,0.1,1.49,1.61,3.14,3.44,4.95,8.15,14.12,11.9,4.49,11.88
BAH,BOOZ ALLEN HAMILTON INC,N6852022F0180,2025-08-21,3227019.2,Department of Defense,Department of the Navy,DELIVERY ORDER,2025-08-21,106.6357,106.8705,-0.22,78.7024,2025-11-20,64,-26.2,108.3971,2025-08-27,4,1.65,37.73,,,,,,,,0.88,1.19,-0.69,1.02,-5.98,-4.71,-8.42,-4.54,-16.12,-23.41,-21.35
HII,HUNTINGTON INGALLS INC,N0002416C2116,2026-03-25,0.0,Department of Defense,Department of the Navy,DEFINITIVE CONTRACT,2026-03-25,400.8288,400.3509,0.12,269.13,2026-07-17,78,-32.86,409.581,2026-04-08,9,2.18,52.19,,,,,,,,-4.41,-8.32,-2.3,1.27,0.2,-1.1,-10.75,-21.82,-23.12,-30.6,-19.05
NOC,NORTHROP GRUMMAN SYSTEMS CORPORATION,N6660424FC844,2025-08-28,891000.0,Department of Defense,Department of the Navy,DELIVERY ORDER,2025-08-28,578.825,577.5548,0.22,541.3857,2025-12-01,65,-6.47,630.571,2025-10-08,28,8.94,16.47,26.0,,,,,,,0.36,-0.78,-0.82,-2.39,-1.65,-2.02,1.43,6.47,-0.37,-3.23,-1.07
CACI,"CACI, INC. - FEDERAL",FA852724F0001,2026-04-01,1236153.0,Department of Defense,Department of the Air Force,DELIVERY ORDER,2026-04-01,561.15,543.87,3.18,440.76,2026-07-21,75,-21.45,667.57,2026-08-11,90,18.96,51.46,87.0,87.0,89.0,,,,,2.58,1.42,0.37,-3.8,-5.53,-8.71,-8.53,-10.15,-5.3,-18.55,18.96
CACI,"CACI, INC. - FEDERAL",FA875023CB005,2025-12-04,70000.0,Department of Defense,Department of the Air Force,DEFINITIVE CONTRACT,2025-12-04,605.6,592.88,2.15,530.1,2026-04-16,90,-12.47,662.19,2026-01-23,33,9.34,24.92,32.0,,,,,,,-1.64,-2.71,-3.15,-6.31,-9.35,-10.1,-7.62,3.89,3.34,3.13,-12.47
BAH,BOOZ ALLEN HAMILTON INC,47QFWA19F0051,2025-09-11,-332650.59,General Services Administration,Federal Acquisition Service,DELIVERY ORDER,2025-09-11,101.6156,100.3043,1.31,78.7024,2025-11-20,50,-22.55,102.3789,2025-09-12,1,0.75,30.08,,,,,,,,0.75,-1.94,-2.53,-3.9,-6.08,-1.19,-6.45,-3.42,-18.9,-14.69,-7.36
LMT,LOCKHEED MARTIN CORP,FA862922F3051,2026-03-18,0.0,Department of Defense,Department of the Air Force,DELIVERY ORDER,2026-03-18,638.1027,632.1913,0.94,491.64,2026-06-24,67,-22.95,638.1027,2026-03-18,0,0.0,29.79,,,,,,,,-0.74,-4.05,-2.81,-4.12,-3.84,-2.15,-7.8,-19.35,-18.6,-15.32,-8.9
LMT,LOCKHEED MARTIN CORP,N0003022C1025,2026-03-06,9331244.0,Department of Defense,Department of the Navy,DEFINITIVE CONTRACT,2026-03-06,667.4009,650.7399,2.56,491.64,2026-06-24,75,-26.34,667.4009,2026-03-06,0,0.0,35.75,,,,,,,,-1.13,-3.32,-3.84,-5.28,-6.6,-6.62,-6.56,-13.47,-23.75,-23.07,-23.06
BAH,BOOZ ALLEN HAMILTON INC,FA800323F0001,2025-09-29,99.65,Department of Defense,Department of the Air Force,DELIVERY ORDER,2025-09-29,96.7716,96.9575,-0.19,78.7024,2025-11-20,38,-18.67,101.8113,2025-10-07,6,5.21,29.36,4.0,,,,,,,1.07,4.27,4.8,4.09,-2.63,-0.86,-13.48,-11.72,-16.9,-13.84,-9.4
NOC,NORTHROP GRUMMAN SYSTEMS CORPORATION,N6893626F5064,2026-01-27,300000.0,Department of Defense,Department of the Navy,DELIVERY ORDER,2026-01-27,673.6084,655.9727,2.69,526.06,2026-06-03,88,-21.9,764.6547,2026-03-02,23,13.52,45.36,15.0,23.0,,,,,,1.53,1.99,3.87,2.62,0.92,3.3,5.07,8.37,3.02,-13.14,-19.18
NOC,NORTHROP GRUMMAN SYSTEMS CORPORATION,W519TC25F0378,2025-12-09,0.0,Department of Defense,Defense Contract Management Agency,DELIVERY ORDER,2025-12-09,546.467,549.3748,-0.53,546.467,2025-12-09,0,0.0,764.6547,2026-03-02,55,39.93,39.93,9.0,17.0,24.0,26.0,47.0,,,0.86,3.47,3.29,1.61,5.34,4.35,12.38,22.21,27.59,36.16,11.34
BAH,BOOZ ALLEN HAMILTON INC,N0017821F3011,2025-10-21,-4637.77,Department of Defense,Department of the Navy,DELIVERY ORDER,2025-10-21,98.4939,98.7875,-0.3,73.705,2026-02-23,84,-25.17,100.6977,2026-01-23,64,2.24,36.62,,,,,,,,-1.9,-9.19,-14.99,-17.71,-15.09,-13.26,-19.56,-17.5,-14.84,-2.59,-20.19
HII,HUNTINGTON INGALLS INCORPORATED,N0002418C2307,2025-10-03,18002.0,Department of Defense,Department of the Navy,DEFINITIVE CONTRACT,2025-10-03,280.8972,278.901,0.72,276.7269,2025-10-17,10,-1.48,426.4598,2026-02-03,83,51.82,54.11,15.0,19.0,48.0,55.0,66.0,72.0,,1.5,2.32,-0.44,2.71,-1.48,2.06,11.72,10.46,11.62,20.84,43.74
BA,BELL BOEING JOINT PROJECT OFFICE,N0001917C0015,2025-08-14,0.0,Department of Defense,Defense Contract Management Agency,DEFINITIVE CONTRACT,2025-08-14,233.19,233.37,-0.08,179.12,2025-11-24,71,-23.19,237.38,2025-09-02,12,1.8,32.53,,,,,,,,0.89,-3.51,-3.74,-2.71,1.27,-1.05,-7.48,-5.12,-8.68,-16.54,-7.01
BAH,BOOZ ALLEN HAMILTON INC,N0042125F3008,2026-01-23,0.0,Department of Defense,Department of the Navy,DELIVERY ORDER,2026-01-23,100.6977,94.3247,6.76,71.0549,2026-05-13,76,-29.44,100.6977,2026-01-23,0,0.0,41.72,,,,,,,,-8.12,-10.89,-13.51,-18.81,-12.93,-23.77,-25.39,-19.74,-22.18,-20.16,-22.63
GD,"GENERAL DYNAMICS INFORMATION TECHNOLOGY, INC.",68HERD24F0097,2025-08-14,192000.0,Environmental Protection Agency,Environmental Protection Agency,BPA CALL,2025-08-14,310.3646,311.986,-0.52,308.1438,2025-08-18,2,-0.72,349.165,2025-10-27,51,12.5,13.31,31.0,50.0,,,,,,-0.68,0.18,0.22,1.28,2.87,2.09,3.53,4.59,5.31,10.14,9.77
IBM,INTERNATIONAL BUSINESS MACHINES CORPORATION,47QFLA25F0017,2026-03-24,171755.0,General Services Administration,Federal Acquisition Service,DELIVERY ORDER,2026-03-24,237.1311,244.8683,-3.16,204.3044,2026-07-22,82,-13.84,326.8851,2026-06-02,48,37.85,60.0,17.0,45.0,46.0,46.0,47.0,,,0.33,-1.77,0.75,3.15,0.48,-0.13,-3.95,-6.17,10.63,4.3,-5.24
LMT,LOCKHEED MARTIN CORPORATION,FA820524F0617,2025-10-21,0.0,Department of Defense,Department of the Air Force,DELIVERY ORDER,2025-10-21,480.1216,496.2074,-3.24,434.0461,2025-12-01,28,-9.6,672.2988,2026-03-02,89,40.03,54.89,51.0,55.0,58.0,62.0,69.0,,,-0.48,-0.84,-0.76,0.04,-0.92,-7.64,-4.0,-8.03,-0.01,19.89,38.19
GD,"GENERAL DYNAMICS MISSION SYSTEMS, INC.",FA873523FB011,2025-11-06,60000.0,Department of Defense,Department of the Air Force,DELIVERY ORDER,2025-11-06,335.8703,338.4464,-0.76,328.0534,2025-12-01,16,-2.33,364.0791,2026-01-16,48,8.4,10.98,40.0,,,,,,,1.77,3.56,1.1,0.43,-0.25,-0.08,-1.26,-0.28,6.76,4.26,3.16
LMT,LOCKHEED MARTIN CORPORATION,N0001920C0009,2026-03-03,0.0,Department of Defense,Defense Contract Management Agency,DEFINITIVE CONTRACT,2026-03-03,663.4766,672.2988,-1.31,491.64,2026-06-24,78,-25.9,667.4009,2026-03-06,3,0.59,35.75,,,,,,,,-0.5,0.59,-2.49,-2.24,-4.72,-7.72,-7.51,-8.49,-22.99,-19.56,-21.52
CACI,"CACI, INC. - FEDERAL",FA807524F0042,2026-03-10,665000.0,Department of Defense,Department of the Air Force,DELIVERY ORDER,2026-03-10,591.71,633.21,-6.55,443.26,2026-06-25,74,-25.09,612.93,2026-03-17,5,3.59,38.28,,,,,,,,2.14,2.54,3.59,3.59,-2.54,-5.62,-4.82,-13.43,-14.85,-10.07,-23.72
LMT,LOCKHEED MARTIN CORPORATION,W31P4Q25F0256,2026-01-29,1000000.0,Department of Defense,Department of the Army,DELIVERY ORDER,2026-01-29,615.2189,590.2745,4.23,503.2157,2026-05-08,69,-18.21,672.2988,2026-03-02,21,9.28,33.6,14.0,,,,,,,1.88,0.92,-2.14,2.53,2.4,7.07,9.28,4.32,3.01,-17.1,-13.83
LMT,LOCKHEED MARTIN CORPORATION,N0003024C0100,2025-08-15,-39071.0,Department of Defense,Department of the Navy,DEFINITIVE CONTRACT,2025-08-15,426.0683,425.8346,0.05,426.0683,2025-08-15,0,0.0,504.3876,2025-10-06,35,18.38,18.38,13.0,25.0,34.0,,,,,0.7,1.93,1.97,4.09,4.13,6.79,9.19,13.26,16.46,4.08,11.93
ACN,ACCENTURE FEDERAL SERVICES LLC,12760421F0181,2025-12-31,339924.52,Department of Agriculture,Forest Service,BPA CALL,2025-12-31,262.8829,264.5486,-0.63,167.7529,2026-05-12,90,-36.19,282.7143,2026-01-14,9,7.54,68.53,5.0,,,,,,,-3.11,2.84,5.04,4.72,7.26,6.26,-0.56,-16.43,-21.97,-26.37,-36.19
LMT,LOCKHEED MARTIN CORPORATION,W31P4Q24F0165,2025-09-12,481501423.72,Department of Defense,Department of the Army,DELIVERY ORDER,2025-09-12,462.2801,461.7112,0.12,434.0461,2025-12-01,55,-6.11,586.9539,2026-01-22,90,26.97,35.23,12.0,79.0,82.0,85.0,,,,0.41,0.38,0.35,3.26,3.42,5.95,6.9,2.99,-1.18,-0.51,26.97
LDOS,"LEIDOS, INC.",DTFA0101CA0065CALL0001,2026-03-12,3790522.0,Department of Transportation,Federal Aviation Administration,DELIVERY ORDER,2026-03-12,172.7698,172.3325,0.25,100.0,2026-06-25,72,-42.12,172.8195,2026-03-13,1,0.03,72.82,,,,,,,,0.03,-2.54,-4.29,-6.25,-9.11,-10.02,-9.11,-15.76,-28.66,-29.17,-37.92
BAH,BOOZ ALLEN HAMILTON INC,47QFAA24F0006,2025-10-28,465089.53,General Services Administration,Federal Acquisition Service,DELIVERY ORDER,2025-10-28,83.7271,84.6764,-1.12,73.705,2026-02-23,79,-11.97,100.6977,2026-01-23,59,20.27,36.62,28.0,31.0,59.0,59.0,,,,-3.19,1.87,-0.12,0.01,1.76,-3.93,-2.06,9.43,-0.13,10.5,-8.11
LDOS,"LEIDOS, INC.",HT001126FE001,2026-03-31,1013377.34,Department of Defense,Defense Health Agency,DELIVERY ORDER,2026-03-31,154.9726,153.6473,0.86,100.0,2026-06-25,59,-35.47,160.0746,2026-04-08,5,3.29,60.07,,,,,,,,0.32,2.54,3.29,-1.7,2.26,-1.49,-4.05,-20.16,-19.9,-34.34,-10.24
BA,THE BOEING COMPANY,FA852626FB003,2025-11-25,47571273.52,Department of Defense,Department of the Air Force,DELIVERY ORDER,2025-11-25,182.44,179.12,1.85,182.44,2025-11-25,0,0.0,252.15,2026-01-23,39,38.21,38.21,4.0,4.0,17.0,25.0,31.0,,,2.46,2.2,11.02,10.66,8.92,13.3,18.64,28.55,27.72,27.93,19.38
TXT,TEXTRON SYSTEMS CORPORATION,FA851723F0050,2025-08-15,-147444.0,Department of Defense,Department of the Air Force,DELIVERY ORDER,2025-08-15,78.8186,80.2473,-1.78,78.8186,2025-08-15,0,0.0,90.8408,2025-12-22,89,15.25,15.25,21.0,34.0,89.0,,,,,0.23,0.51,3.35,3.16,1.61,3.24,5.78,6.54,4.47,4.04,14.77
LMT,LOCKHEED MARTIN CORPORATION,FA875023C1505,2025-12-10,65000.0,Department of Defense,Department of the Air Force,DEFINITIVE CONTRACT,2025-12-10,462.4593,461.4216,0.22,462.4593,2025-12-10,0,0.0,672.2988,2026-03-02,54,45.37,45.37,15.0,17.0,20.0,23.0,33.0,,,1.48,3.52,1.46,1.32,3.81,3.36,17.8,24.3,38.82,39.9,19.32
CACI,"CACI, INC. - FEDERAL",FD09,2026-03-10,-95684.33,Department of Defense,Defense Contract Management Agency,DELIVERY ORDER,2026-03-10,591.71,633.21,-6.55,443.26,2026-06-25,74,-25.09,612.93,2026-03-17,5,3.59,38.28,,,,,,,,2.14,2.54,3.59,3.59,-2.54,-5.62,-4.82,-13.43,-14.85,-10.07,-23.72
LDOS,"LEIDOS, INC.",N0003925F7516,2026-01-05,177379.91,Department of Defense,Department of the Navy,DELIVERY ORDER,2026-01-05,194.3201,182.372,6.55,123.7329,2026-05-13,89,-36.33,197.153,2026-01-09,4,1.46,59.34,,,,,,,,1.03,-0.14,0.06,-2.39,-2.34,-3.06,-3.61,-12.26,-11.32,-20.0,-35.62
BAH,BOOZ ALLEN HAMILTON INC,FA807518F1622,2026-01-15,-74980.35,Department of Defense,Department of the Air Force,DELIVERY ORDER,2026-01-15,95.6545,94.9059,0.79,71.0549,2026-05-13,81,-25.72,100.6977,2026-01-23,5,5.27,41.72,5.0,,,,,,,0.3,-1.59,5.27,-7.77,-8.95,-12.96,-20.71,-19.26,-17.09,-15.52,-15.97
BAH,BOOZ ALLEN HAMILTON INC,80JSC025FA015,2026-03-19,599503.0,National Aeronautics and Space Administration,National Aeronautics and Space Administration,BPA CALL,2026-03-19,80.2259,78.0721,2.76,59.71,2026-06-25,67,-25.57,83.4516,2026-04-07,12,4.02,39.76,,,,,,,,-1.09,-2.41,-0.62,-2.33,2.85,-1.61,-0.15,-3.12,-2.66,-7.07,-12.53
GD,"GENERAL DYNAMICS INFORMATION TECHNOLOGY, INC.",HTC71121FD055,2025-12-09,18.25,Department of Defense,USTRANSCOM,DELIVERY ORDER,2025-12-09,329.9188,331.6362,-0.52,324.0936,2026-04-21,90,-1.77,364.0791,2026-01-16,26,10.35,12.34,17.0,25.0,,,,,,2.38,0.96,0.96,0.92,2.86,1.56,5.87,9.12,4.42,8.73,-1.77
LDOS,"LEIDOS, INC.",FA873024FB003,2026-01-15,242118.35,Department of Defense,Department of the Air Force,DELIVERY ORDER,2026-01-15,192.2028,189.6781,1.33,122.6069,2026-05-21,87,-36.21,193.5547,2026-02-10,17,0.7,57.87,,,,,,,,0.69,-0.64,-1.1,-3.21,-2.63,-3.76,-16.46,-7.22,-15.73,-19.03,-32.28
GD,"GENERAL DYNAMICS INFORMATION TECHNOLOGY, INC.",N6449825F3092,2025-09-03,9297396.02,Department of Defense,Department of the Navy,DELIVERY ORDER,2025-09-03,317.2137,318.7664,-0.49,315.7594,2025-09-09,4,-0.46,356.2417,2026-01-12,90,12.3,12.82,19.0,38.0,,,,,,-0.11,-0.03,0.07,1.03,0.77,0.12,5.65,3.31,6.69,5.8,12.3
LMT,LOCKHEED MARTIN CORPORATION,N0001920C0009,2025-12-22,0.0,Department of Defense,Defense Contract Management Agency,DEFINITIVE CONTRACT,2025-12-22,477.9062,468.5768,1.99,476.8982,2025-12-23,1,-0.21,672.2988,2026-03-02,46,40.68,40.97,8.0,12.0,14.0,17.0,26.0,,,-0.21,-0.11,0.92,2.79,2.75,15.45,22.18,25.98,36.09,30.43,7.72
HII,HUNTINGTON INGALLS INC,N0002409C2116,2026-03-20,30675.0,Department of Defense,Department of the Navy,DEFINITIVE CONTRACT,2026-03-20,406.2255,416.6206,-2.5,268.76,2026-07-21,83,-33.84,409.581,2026-04-08,12,0.83,52.4,,,,,,,,-2.8,-1.33,-6.42,-6.88,-0.08,-3.33,-7.3,-10.93,-21.33,-26.52,-21.25
LMT,LOCKHEED MARTIN CORPORATION,H9225421F2463,2026-01-20,-482690.01,Department of Defense,U.S. Special Operations Command,DELIVERY ORDER,2026-01-20,569.313,575.6083,-1.09,503.2157,2026-05-08,76,-11.61,672.2988,2026-03-02,28,18.09,33.6,7.0,8.0,21.0,,,,,1.77,2.56,3.28,8.06,9.06,10.8,15.7,15.96,8.93,6.01,-7.43
LMT,LOCKHEED MARTIN CORPORATION,0017,2025-08-20,-18055.77,Department of Defense,Missile Defense Agency,DELIVERY ORDER,2025-08-20,434.2867,429.5154,1.11,434.0461,2025-12-01,71,-0.06,504.3876,2025-10-06,32,16.14,16.21,15.0,26.0,32.0,,,,,0.27,0.39,1.9,2.16,3.18,4.77,6.81,12.78,10.23,2.95,11.25
HII,HUNTINGTON INGALLS INC,N0002425C2127,2025-12-10,5375000.0,Department of Defense,Department of the Navy,DEFINITIVE CONTRACT,2025-12-10,320.7481,312.6187,2.6,318.9118,2025-12-17,5,-0.57,451.7788,2026-03-02,54,40.85,41.66,8.0,16.0,19.0,21.0,25.0,,,1.11,1.86,-0.57,4.18,10.0,5.24,23.24,27.98,29.3,29.61,13.89
NOC,NORTHROP GRUMMAN SYSTEMS CORPORATION,N6893625F0487,2025-11-06,107000.0,Department of Defense,Department of the Navy,DELIVERY ORDER,2025-11-06,565.3444,563.9012,0.26,541.3857,2025-12-01,16,-4.24,764.6547,2026-03-02,77,35.25,41.24,39.0,44.0,48.0,55.0,77.0,,,-0.59,-0.91,-2.44,-1.56,-0.81,-0.85,-2.82,-0.21,9.8,21.08,25.77
LMT,LOCKHEED MARTIN CORPORATION,FA820518F0022,2025-09-30,0.0,Department of Defense,Department of the Air Force,DELIVERY ORDER,2025-09-30,489.6456,482.5541,1.47,434.0461,2025-12-01,43,-11.36,630.8141,2026-02-09,90,28.83,45.33,67.0,71.0,73.0,81.0,,,,-0.04,1.06,2.38,1.71,1.2,1.34,-2.78,-8.44,-9.82,-1.96,28.83
BA,THE BOEING COMPANY,FA813424F0002,2026-02-09,0.0,Department of Defense,Defense Contract Management Agency,DELIVERY ORDER,2026-02-09,244.71,243.03,0.69,189.21,2026-03-30,34,-22.68,244.71,2026-02-09,0,0.0,29.33,,,,,,,,-0.87,-2.19,-0.27,-4.5,-4.63,-6.12,-12.51,-19.73,-8.49,-6.04,-8.99
GD,"GENERAL DYNAMICS INFORMATION TECHNOLOGY, INC.",68HERC23F0070,2026-01-28,50000.0,Environmental Protection Agency,Environmental Protection Agency,DELIVERY ORDER,2026-01-28,353.4752,363.3259,-2.71,311.1606,2026-04-27,61,-11.97,362.8304,2026-03-04,24,2.65,16.61,,,,,,,,-1.89,-2.89,-0.93,0.95,-2.9,-2.02,0.1,-0.41,-2.13,-11.78,-3.99
NOC,NORTHROP GRUMMAN SYSTEMS CORPORATION,HQ085624F0003,2025-10-24,0.0,Department of Defense,Missile Defense Agency,DELIVERY ORDER,2025-10-24,598.5754,598.7336,-0.03,541.3857,2025-12-01,25,-9.55,764.6547,2026-03-02,86,27.75,41.24,55.0,57.0,65.0,78.0,,,,-1.59,-3.4,-3.65,-4.7,-6.1,-7.86,-6.61,-8.22,-4.74,11.16,25.77
BAH,BOOZ ALLEN HAMILTON INC,N0017824F3009,2026-01-15,825546.0,Department of Defense,Department of the Navy,DELIVERY ORDER,2026-01-15,95.6545,94.9059,0.79,71.0549,2026-05-13,81,-25.72,100.6977,2026-01-23,5,5.27,41.72,5.0,,,,,,,0.3,-1.59,5.27,-7.77,-8.95,-12.96,-20.71,-19.26,-17.09,-15.52,-15.97
LDOS,"LEIDOS, INC.",FA807523F0051,2026-03-02,198807.0,Department of Defense,Department of the Air Force,DELIVERY ORDER,2026-03-02,178.3264,174.0521,2.46,100.0,2026-06-25,80,-43.92,179.5689,2026-03-03,1,0.7,79.57,,,,,,,,0.7,-2.08,0.08,-3.36,-6.43,-7.31,-13.1,-12.73,-23.34,-27.01,-39.99
GD,"GENERAL DYNAMICS INFORMATION TECHNOLOGY, INC.",FA714621FB009,2025-12-01,-425749.0,Department of Defense,Department of the Air Force,DELIVERY ORDER,2025-12-01,328.0535,337.183,-2.71,328.0535,2025-12-01,0,0.0,364.0791,2026-01-16,32,10.98,10.98,23.0,30.0,,,,,,1.03,2.8,1.09,2.96,2.5,2.1,1.29,10.11,6.35,7.86,3.42
GE,GENERAL ELECTRIC COMPANY,N0042125F0023,2025-09-02,1961855.59,Department of Defense,Department of the Navy,DELIVERY ORDER,2025-09-02,273.9986,273.8095,0.07,273.9986,2025-09-02,0,0.0,326.6564,2026-01-06,87,19.22,19.22,10.0,15.0,80.0,,,,,0.2,1.39,0.31,2.24,6.38,9.31,9.39,9.1,10.6,6.68,17.05
HON,HONEYWELL INTERNATIONAL INC.,N0001924F1815,2026-03-20,13718056.0,Department of Defense,Department of the Navy,DELIVERY ORDER,2026-03-20,231.0323,238.8864,-3.29,215.9203,2026-06-10,56,-6.54,249.4599,2026-05-29,48,7.98,15.53,13.0,,,,,,,0.68,1.94,0.73,2.05,3.03,6.11,0.33,-5.38,5.19,4.18,4.71
IBM,INTERNATIONAL BUSINESS MACHINES CORPORATION,36C10D23N0010,2025-09-08,86594.22,Department of Veterans Affairs,Department of Veterans Affairs,DELIVERY ORDER,2025-09-08,249.6012,242.2327,3.04,247.0183,2025-09-12,4,-1.03,308.6917,2025-11-12,47,23.67,24.97,10.0,14.0,34.0,34.0,,,,1.18,0.36,0.06,1.17,5.97,11.02,14.75,10.76,21.38,18.49,16.99
LDOS,"LEIDOS, INC.",0001,2026-02-24,0.0,Department of Defense,Defense Contract Management Agency,DELIVERY ORDER,2026-02-24,173.0879,170.9707,1.24,100.0,2026-06-25,84,-42.23,179.5689,2026-03-03,5,3.74,79.57,,,,,,,,-2.43,0.56,3.74,0.88,-0.93,-3.6,-8.53,-7.52,-16.0,-28.39,-37.19
BAH,BOOZ ALLEN HAMILTON INC,70RSAT18FR0000150,2025-09-30,576305.33,Department of Homeland Security,Office of Procurement Operations,DELIVERY ORDER,2025-09-30,97.8089,96.7716,1.07,78.7024,2025-11-20,37,-19.53,101.8113,2025-10-07,5,4.09,29.36,,,,,,,,2.65,4.07,4.09,-0.22,-2.15,1.0,-17.13,-12.89,-16.93,-14.25,-9.23
IBM,INTERNATIONAL BUSINESS MACHINES CORPORATION,15DDHQ23F00001237,2025-09-04,707589.64,Department of Justice,Drug Enforcement Administration,DELIVERY ORDER,2025-09-04,240.9169,237.915,1.26,240.9169,2025-09-04,0,0.0,308.6917,2025-11-12,49,28.13,28.13,10.0,13.0,16.0,36.0,,,,0.55,4.83,3.98,3.67,7.21,8.23,16.66,11.65,26.39,25.53,23.32
BA,THE BOEING COMPANY,FA813425F0006,2025-08-26,927167.0,Department of Defense,Department of the Air Force,DELIVERY ORDER,2025-08-26,234.83,226.87,3.51,179.12,2025-11-24,63,-23.72,237.38,2025-09-02,4,1.09,32.53,,,,,,,,0.34,-0.06,-1.04,-2.22,-3.11,-8.44,-9.07,-4.05,-9.05,-20.92,-2.85
ACN,ACCENTURE FEDERAL SERVICES LLC,W911NF25CA020,2025-09-15,2370882.77,Department of Defense,Department of the Army,DEFINITIVE CONTRACT,2025-09-15,233.0673,233.7238,-0.28,227.8645,2025-09-25,8,-2.23,282.7142,2026-01-14,84,21.3,24.07,16.0,56.0,64.0,84.0,,,,-0.45,0.71,0.89,0.51,3.84,3.13,2.66,5.42,1.45,13.31,18.16
BA,THE BOEING COMPANY,FA863424F0041,2025-09-23,0.0,Department of Defense,Department of the Air Force,DELIVERY ORDER,2025-09-23,216.34,212.09,2.0,179.12,2025-11-24,44,-17.2,252.15,2026-01-23,84,16.55,40.77,70.0,76.0,81.0,,,,,-0.57,2.27,-0.24,0.5,2.53,-0.36,0.12,-8.45,-15.67,-4.63,7.71
GD,"GENERAL DYNAMICS-OTS, INC.",W31P4Q14C0154,2026-03-04,0.0,Department of Defense,Department of the Army,DEFINITIVE CONTRACT,2026-03-04,362.8304,361.4232,0.39,311.1606,2026-04-27,37,-14.24,376.88,2026-07-06,84,3.87,21.12,,,,,,,,-1.48,-1.13,-3.35,-3.99,-3.49,-5.43,-4.65,-8.1,-4.57,-4.83,1.84
LMT,LOCKHEED MARTIN CORPORATION,W56KGY19F0005,2026-03-23,0.0,Department of Defense,Defense Contract Management Agency,DELIVERY ORDER,2026-03-23,612.2419,623.3492,-1.78,491.64,2026-06-24,64,-19.7,633.7512,2026-04-06,9,3.51,28.91,,,,,,,,-0.99,1.8,-2.87,0.23,1.86,0.56,-9.87,-17.42,-13.81,-13.05,-4.82
GD,"GENERAL DYNAMICS INFORMATION TECHNOLOGY, INC.",N0003926F7821,2026-01-30,4046716.0,Department of Defense,Department of the Navy,DELIVERY ORDER,2026-01-30,347.9355,346.8057,0.33,311.1606,2026-04-27,59,-10.57,362.8304,2026-03-04,22,4.28,16.61,,,,,,,,-1.34,0.65,2.56,2.2,-0.98,0.09,3.88,0.93,-0.76,-10.24,-2.4
CACI,"CACI, INC. - FEDERAL",FA251824F0006,2026-03-11,52000.0,Department of Defense,Department of the Air Force,DELIVERY ORDER,2026-03-11,604.38,591.71,2.14,443.26,2026-06-25,73,-26.66,612.93,2026-03-17,4,1.41,38.28,,,,,,,,1.37,0.16,0.72,0.33,-4.21,-10.01,-11.56,-12.89,-16.58,-12.07,-20.48
GD,GENERAL DYNAMICS ONE SOURCE LLC,FA824025F5001,2025-10-28,0.0,Department of Defense,Department of the Air Force,DELIVERY ORDER,2025-10-28,342.1673,349.165,-2.0,328.0535,2025-12-01,23,-4.12,364.0791,2026-01-16,55,6.4,10.98,53.0,,,,,,,-0.92,-0.51,-0.93,-1.84,1.66,-1.41,-1.92,-1.28,-0.95,5.29,2.99
CACI,"CACI, INC. - FEDERAL",70FA5025F00000091,2025-09-24,3488692.81,Department of Homeland Security,Federal Emergency Management Agency,DELIVERY ORDER,2025-09-24,497.23,492.95,0.87,476.24,2025-09-25,1,-4.22,662.19,2026-01-23,83,33.18,39.05,7.0,21.0,21.0,39.0,82.0,,,-4.22,-1.84,3.61,6.64,5.93,3.44,17.57,18.37,23.76,10.4,24.46
NOC,NORTHROP GRUMMAN SYSTEMS CORPORATION,N0002423C5234,2025-09-04,7042638.0,Department of Defense,Department of the Navy,DEFINITIVE CONTRACT,2025-09-04,573.0541,574.2897,-0.22,541.3857,2025-12-01,61,-5.53,630.571,2025-10-08,24,10.04,16.47,18.0,24.0,,,,,,0.18,-1.4,0.55,-0.9,-1.04,1.12,5.14,3.32,-1.35,-1.3,8.33
GD,GENERAL DYNAMICS ONE SOURCE LLC,HC102820F6180,2026-02-26,-1516.71,Department of Defense,Defense Information Systems Agency,DELIVERY ORDER,2026-02-26,347.5688,340.0569,2.21,311.1606,2026-04-27,41,-10.48,376.88,2026-07-06,88,8.43,21.12,87.0,,,,,,,1.8,3.99,2.85,3.21,1.29,0.75,-1.13,-4.0,-0.93,-1.78,7.69
LMT,LOCKHEED MARTIN CORPORATION,H9225425F2916,2026-01-08,458900.0,Department of Defense,U.S. Special Operations Command,DELIVERY ORDER,2026-01-08,512.3678,491.0505,4.34,503.2157,2026-05-08,83,-1.79,672.2988,2026-03-02,35,31.21,33.6,2.0,4.0,13.0,14.0,35.0,,,4.72,7.69,11.47,11.11,13.96,20.07,23.12,27.42,25.11,21.71,2.12
BAH,BOOZ ALLEN HAMILTON INC,FA807517F1512,2026-03-09,-211.99,Department of Defense,Department of the Air Force,DELIVERY ORDER,2026-03-09,80.8214,81.278,-0.56,59.71,2026-06-25,75,-26.12,83.4516,2026-04-07,20,3.25,39.76,,,,,,,,-4.8,-5.31,-6.96,-3.4,-1.88,-3.61,0.21,-0.53,-7.37,-3.6,-19.32
BA,THE BOEING COMPANY,S1110A26F0002,2026-03-17,105376.0,Department of Defense,Defense Contract Management Agency,DELIVERY ORDER,2026-03-17,210.82,213.47,-1.24,189.21,2026-03-30,9,-10.25,240.6,2026-05-13,40,14.13,27.16,18.0,26.0,,,,,,-2.29,-7.45,-6.83,-7.81,-5.59,-0.39,3.82,6.3,5.4,5.13,0.32
LMT,LOCKHEED MARTIN CORPORATION,H9225423F2706,2025-09-26,0.0,Department of Defense,U.S. Special Operations Command,DELIVERY ORDER,2025-09-26,478.1011,475.0605,0.64,434.0461,2025-12-01,45,-9.21,628.5509,2026-02-02,87,31.47,44.81,6.0,72.0,74.0,77.0,86.0,,,0.93,2.37,3.5,4.85,3.61,1.19,-0.11,-5.97,-9.21,-0.04,25.92
BA,THE BOEING COMPANY,FA863423F0400,2025-12-11,14504687.05,Department of Defense,Department of the Air Force,DELIVERY ORDER,2025-12-11,200.71,198.72,1.0,189.21,2026-03-30,73,-5.73,252.15,2026-01-23,28,25.63,33.26,6.0,14.0,19.0,21.0,,,,1.83,2.99,3.77,8.04,7.84,13.48,21.84,21.85,19.04,6.67,16.66
BA,THE BOEING COMPANY,W58RGZ23F0241,2025-10-29,200000.0,Department of Defense,Department of the Army,DELIVERY ORDER,2025-10-29,213.58,223.33,-4.37,179.12,2025-11-24,18,-16.13,252.15,2026-01-23,58,18.06,40.77,44.0,50.0,53.0,,,,,-6.32,-4.23,-7.47,-8.88,-8.47,-11.21,-11.51,-6.03,6.81,14.51,0.24
CAT,CATERPILLAR INC,W911RQ24F0027,2026-03-11,0.0,Department of Defense,Department of the Army,DELIVERY ORDER,2026-03-11,704.9377,713.9937,-1.27,664.9282,2026-03-30,13,-5.68,1062.9282,2026-06-30,76,50.78,59.86,19.0,20.0,30.0,35.0,39.0,76.0,,-0.98,-1.1,-1.97,-3.77,1.62,0.12,11.74,18.26,30.3,28.04,26.25
NOC,NORTHROP GRUMMAN SYSTEMS CORPORATION,NNG11XA04C,2026-03-19,0.0,National Aeronautics and Space Administration,National Aeronautics and Space Administration,DEFINITIVE CONTRACT,2026-03-19,711.0207,721.6639,-1.47,496.02,2026-06-29,69,-30.24,711.0207,2026-03-19,0,0.0,43.35,,,,,,,,-1.01,-4.48,-3.1,-5.96,-1.63,-3.3,-8.01,-20.45,-22.2,-23.39,-24.75
LMT,LOCKHEED MARTIN CORPORATION,W31P4Q22F0106,2026-01-12,0.0,Department of Defense,Department of the Army,DELIVERY ORDER,2026-01-12,544.7837,536.5611,1.53,503.2157,2026-05-08,81,-7.63,672.2988,2026-03-02,33,23.41,33.6,4.0,12.0,13.0,26.0,,,,1.28,4.83,4.5,7.74,7.93,15.38,14.05,17.46,17.13,13.77,-4.66
NOC,NORTHROP GRUMMAN SYSTEMS CORPORATION,SPRPA119FE31N,2025-12-02,0.0,Department of Defense,Defense Logistics Agency,DELIVERY ORDER,2025-12-02,542.8347,541.3857,0.27,542.8347,2025-12-02,0,0.0,764.6547,2026-03-02,60,40.86,40.86,9.0,22.0,27.0,31.0,52.0,,,1.16,0.37,0.67,2.39,3.98,6.89,7.07,19.68,29.64,40.86,24.74
NOC,NORTHROP GRUMMAN SYSTEMS CORPORATION,HQ072723F1404,2025-09-22,0.0,Department of Defense,Defense Microelectronics Activity,DELIVERY ORDER,2025-09-22,569.4859,566.402,0.54,541.3857,2025-12-01,49,-4.93,690.0928,2026-01-29,89,21.18,27.47,6.0,12.0,81.0,88.0,,,,0.16,1.67,3.1,5.08,7.35,8.22,4.03,-0.13,-1.84,-0.89,20.64
BA,THE BOEING COMPANY,FA852626FB003,2025-12-12,2559452.0,Department of Defense,Department of the Air Force,DELIVERY ORDER,2025-12-12,204.38,200.71,1.83,189.21,2026-03-30,72,-7.42,252.15,2026-01-23,27,23.37,33.26,6.0,13.0,19.0,22.0,,,,0.55,0.95,4.75,6.1,6.3,11.62,18.71,18.21,14.35,0.19,13.73
NOC,NORTHROP GRUMMAN SYSTEMS CORPORATION,W58RGZ25F0088,2026-01-29,0.0,Department of Defense,Department of the Army,DELIVERY ORDER,2026-01-29,690.0928,683.9199,0.9,526.06,2026-06-03,86,-23.77,764.6547,2026-03-02,21,10.8,45.36,14.0,21.0,,,,,,-0.44,1.38,0.17,0.38,-0.04,5.97,10.8,5.85,0.38,-17.0,-20.49
PSN,PARSONS GOVERNMENT SERVICES INC.,FA875023F0507,2025-12-17,1500000.0,Department of Defense,Department of the Air Force,DELIVERY ORDER,2025-12-17,60.2,61.69,-2.42,50.04,2026-03-20,63,-16.88,72.73,2026-01-23,24,20.81,45.34,11.0,11.0,15.0,20.0,,,,0.58,3.27,4.39,4.17,3.34,13.24,18.34,13.52,7.46,-10.0,-16.45
BAH,BOOZ ALLEN HAMILTON INC,HQ042323F0088,2026-01-29,4409355.28,Department of Defense,Defense Finance and Accounting Service,DELIVERY ORDER,2026-01-29,87.4001,89.7346,-2.6,71.0549,2026-05-13,72,-18.7,88.7791,2026-02-09,7,1.58,24.94,,,,,,,,-0.35,-6.46,-4.74,1.58,-12.17,-9.22,-11.64,-11.12,-4.94,-13.48,-10.35
LDOS,"LEIDOS, INC.",N6600123C4512,2025-09-03,5584000.0,Department of Defense,Department of the Navy,DEFINITIVE CONTRACT,2025-09-03,175.8627,179.0096,-1.76,175.8627,2025-09-03,0,0.0,197.9062,2025-11-04,44,12.53,12.53,11.0,22.0,,,,,,0.49,0.39,1.5,3.46,3.65,5.52,8.78,5.21,10.01,7.35,10.56
BAH,BOOZ ALLEN HAMILTON INC,FA807521F0068,2026-01-15,0.0,Department of Defense,Department of the Air Force,DELIVERY ORDER,2026-01-15,95.6545,94.9059,0.79,71.0549,2026-05-13,81,-25.72,100.6977,2026-01-23,5,5.27,41.72,5.0,,,,,,,0.3,-1.59,5.27,-7.77,-8.95,-12.96,-20.71,-19.26,-17.09,-15.52,-15.97
BAH,BOOZ ALLEN HAMILTON INC,N0042125F3008,2025-11-05,811275.18,Department of Defense,Department of the Navy,DELIVERY ORDER,2025-11-05,84.7547,83.6293,1.35,73.705,2026-02-23,73,-13.04,100.6977,2026-01-23,53,18.81,36.62,22.0,44.0,53.0,,,,,-1.2,0.8,-2.03,-3.64,-6.52,-2.78,2.28,-0.04,12.47,-3.54,-7.88
LMT,LOCKHEED MARTIN CORPORATION,N0001924F1049,2025-09-25,0.0,Department of Defense,Department of the Navy,DELIVERY ORDER,2025-09-25,475.0605,476.9339,-0.39,434.0461,2025-12-01,46,-8.63,628.5509,2026-02-02,88,32.31,44.81,7.0,73.0,75.0,77.0,87.0,,,0.64,3.07,3.1,6.17,4.84,3.11,0.22,-3.18,-5.47,-1.36,25.39
BAH,BOOZ ALLEN HAMILTON INC,FA807525F0022,2026-02-12,1590203.98,Department of Defense,Department of the Air Force,DELIVERY ORDER,2026-02-12,76.762,78.5941,-2.33,62.68,2026-06-24,90,-18.34,83.4516,2026-04-07,36,8.71,33.14,15.0,,,,,,,2.56,1.23,-0.17,-2.12,1.93,3.18,-2.04,1.49,4.36,-3.09,-18.34
BAH,BOOZ ALLEN HAMILTON INC,36C10B24N10070025,2026-02-09,2350762.32,Department of Veterans Affairs,Department of Veterans Affairs,DELIVERY ORDER,2026-02-09,88.7791,87.6759,1.26,66.36,2026-06-18,90,-25.25,88.7791,2026-02-09,0,0.0,33.78,,,,,,,,-0.2,-13.54,-14.56,-10.63,-15.37,-13.01,-15.1,-11.81,-7.99,-14.72,-25.25
CACI,"CACI NSS, LLC",FA872625FB048,2025-12-15,6547607.61,Department of Defense,Department of the Air Force,BPA CALL,2025-12-15,567.41,572.45,-0.88,501.9,2026-04-27,90,-11.55,662.19,2026-01-23,26,16.7,31.94,17.0,21.0,25.0,,,,,-1.27,-3.25,-3.07,-4.05,-5.01,-1.4,10.59,9.82,3.28,6.93,-11.55
LMT,LOCKHEED MARTIN CORPORATION,W31P4Q25F0082,2025-10-31,80255119.41,Department of Defense,Department of the Army,DELIVERY ORDER,2025-10-31,482.456,480.3374,0.44,434.0461,2025-12-01,20,-10.03,672.2988,2026-03-02,81,39.35,54.89,44.0,47.0,50.0,54.0,62.0,,,-0.8,-3.81,-6.82,-7.08,-5.31,-4.8,-9.5,-0.77,1.78,27.52,33.03
LMT,LOCKHEED MARTIN CORPORATION,H9225422F2562,2025-11-26,-203947.38,Department of Defense,U.S. Special Operations Command,DELIVERY ORDER,2025-11-26,445.4587,443.7422,0.39,434.0461,2025-12-01,2,-2.56,672.2988,2026-03-02,63,50.92,54.89,10.0,24.0,26.0,29.0,36.0,63.0,,0.81,-1.98,-0.53,3.25,5.36,5.34,8.46,22.3,39.38,43.65,39.14
NOC,NORTHROP GRUMMAN SYSTEMS CORPORATION,M6785424F0009,2025-08-15,2904008.37,Department of Defense,Department of the Navy,DELIVERY ORDER,2025-08-15,574.9457,574.7095,0.04,541.3857,2025-12-01,74,-5.84,630.571,2025-10-08,37,9.67,16.47,35.0,,,,,,,0.15,1.47,1.45,1.55,1.04,-0.15,-0.4,2.12,3.49,-3.21,0.13
GD,"GENERAL DYNAMICS INFORMATION TECHNOLOGY, INC.",FA238425CB045,2025-09-04,983030.15,Department of Defense,Department of the Air Force,DEFINITIVE CONTRACT,2025-09-04,316.8502,317.2138,-0.11,315.7594,2025-09-09,3,-0.34,358.571,2026-01-13,90,13.17,13.56,18.0,37.0,,,,,,0.13,-0.34,2.23,1.41,0.66,0.37,6.57,2.98,6.0,6.42,13.17
GD,"GENERAL DYNAMICS INFORMATION TECHNOLOGY, INC.",N0042119F0683,2025-10-14,-132142.86,Department of Defense,Defense Contract Management Agency,DELIVERY ORDER,2025-10-14,331.1328,330.0373,0.33,326.2867,2025-10-16,2,-1.46,364.0791,2026-01-16,65,9.95,11.58,9.0,,,,,,,-1.03,-1.3,1.55,1.79,3.33,1.9,4.16,1.66,0.27,5.48,5.1
BAH,BOOZ ALLEN HAMILTON INC,89703022CAR000008,2025-08-29,172391.0,Department of Energy,Department of Energy,DEFINITIVE CONTRACT,2025-08-29,106.391,105.9017,0.46,78.7024,2025-11-20,58,-26.03,107.7219,2025-09-02,1,1.25,36.87,,,,,,,,1.25,-5.08,-6.47,-5.72,-6.53,-6.05,-8.07,-11.43,-21.36,-25.23,-12.77
LMT,LOCKHEED MARTIN CORPORATION,W31P4Q23C0008,2026-02-24,-853398.0,Department of Defense,Department of the Army,DEFINITIVE CONTRACT,2026-02-24,656.6479,652.8826,0.58,491.64,2026-06-24,83,-25.13,672.2988,2026-03-02,4,2.38,36.75,,,,,,,,-2.55,-0.96,1.04,-0.9,-1.47,-2.38,-5.56,-4.91,-22.87,-20.93,-18.07
LMT,LOCKHEED MARTIN CORPORATION,N0001923F0002,2026-01-08,-3.0,Department of Defense,Department of the Navy,DELIVERY ORDER,2026-01-08,512.3678,491.0505,4.34,503.2157,2026-05-08,83,-1.79,672.2988,2026-03-02,35,31.21,33.6,2.0,4.0,13.0,14.0,35.0,,,4.72,7.69,11.47,11.11,13.96,20.07,23.12,27.42,25.11,21.71,2.12
BA,THE BOEING COMPANY,SPRPA125F0017,2025-12-10,3423480.12,Department of Defense,Defense Logistics Agency,DELIVERY ORDER,2025-12-10,198.72,200.37,-0.82,189.21,2026-03-30,74,-4.79,252.15,2026-01-23,29,26.89,33.26,7.0,15.0,17.0,21.0,,,,1.0,3.41,3.83,7.73,9.78,9.26,20.68,25.02,22.81,9.58,16.38
BA,THE BOEING COMPANY,FA863418C2701,2025-08-26,1470000.0,Department of Defense,Department of the Air Force,DEFINITIVE CONTRACT,2025-08-26,234.83,226.87,3.51,179.12,2025-11-24,63,-23.72,237.38,2025-09-02,4,1.09,32.53,,,,,,,,0.34,-0.06,-1.04,-2.22,-3.11,-8.44,-9.07,-4.05,-9.05,-20.92,-2.85
LMT,LOCKHEED MARTIN CORPORATION,N0002424F6213,2026-02-09,0.0,Department of Defense,Department of the Navy,DELIVERY ORDER,2026-02-09,630.8141,616.2764,2.36,503.2157,2026-05-08,62,-20.23,672.2988,2026-03-02,14,6.58,33.6,14.0,,,,,,,-1.37,-0.13,1.77,4.42,4.1,6.58,2.29,-3.9,-3.76,-19.01,-19.0
LMT,LOCKHEED MARTIN CORPORATION,H9225426FE026,2026-02-17,228000.0,Department of Defense,U.S. Special Operations Command,DELIVERY ORDER,2026-02-17,641.9719,644.9368,-0.46,491.64,2026-06-24,88,-23.42,672.2988,2026-03-02,9,4.72,36.75,,,,,,,,0.04,1.34,2.29,-1.22,3.35,2.78,-0.6,-6.47,-14.04,-19.54,-20.96
IBM,INTERNATIONAL BUSINESS MACHINES CORPORATION,70B04C20F00001153,2025-10-22,-1928.68,Department of Homeland Security,U.S. Customs and Border Protection,DELIVERY ORDER,2025-10-22,280.225,274.9034,1.94,220.139,2026-02-23,83,-21.44,308.6917,2025-11-12,15,10.16,40.23,2.0,15.0,,,,,,-0.87,8.9,7.2,6.92,6.7,9.72,1.56,7.71,6.7,1.89,-12.05
BAH,BOOZ ALLEN HAMILTON INC,75F40124F19008,2026-01-08,0.0,Department of Health and Human Services,Food and Drug Administration,BPA CALL,2026-01-08,92.8078,88.9072,4.39,71.0549,2026-05-13,86,-23.44,100.6977,2026-01-23,10,8.5,41.72,10.0,,,,,,,2.08,1.16,3.07,-0.81,8.5,-5.83,-4.34,-20.58,-18.98,-10.08,-17.65
LMT,LOCKHEED MARTIN CORPORATION,0008,2026-03-04,0.0,Department of Defense,Department of the Navy,DELIVERY ORDER,2026-03-04,660.1583,663.4766,-0.5,491.64,2026-06-24,77,-25.53,667.4009,2026-03-06,2,1.1,35.75,,,,,,,,-1.43,-0.05,-2.26,-2.78,-3.34,-8.17,-6.27,-8.58,-22.89,-20.17,-21.99
LMT,LOCKHEED MARTIN CORPORATION,N0001921F0511,2025-11-24,0.0,Department of Defense,Department of the Navy,DELIVERY ORDER,2025-11-24,442.4181,451.9518,-2.11,434.0461,2025-12-01,4,-1.89,672.2988,2026-03-02,65,51.96,54.89,12.0,26.0,28.0,31.0,36.0,65.0,,0.3,1.51,-1.3,0.15,4.3,8.21,8.51,15.81,41.67,47.57,40.96
CAT,CATERPILLAR INC,W91CRB26FA009,2026-01-27,2787898.72,Department of Defense,Department of the Army,DELIVERY ORDER,2026-01-27,636.5151,633.5364,0.47,636.5151,2026-01-27,0,0.0,938.7385,2026-06-04,89,47.48,47.48,4.0,5.0,9.0,11.0,60.0,,,0.68,2.89,10.01,6.17,16.19,19.7,17.85,10.75,14.31,30.98,41.8
BA,THE BOEING COMPANY,N6893625F5092,2025-09-23,3675391.46,Department of Defense,Department of the Navy,DELIVERY ORDER,2025-09-23,216.34,212.09,2.0,179.12,2025-11-24,44,-17.2,252.15,2026-01-23,84,16.55,40.77,70.0,76.0,81.0,,,,,-0.57,2.27,-0.24,0.5,2.53,-0.36,0.12,-8.45,-15.67,-4.63,7.71
PLTR,PALANTIR USG INC,FA880625FB009,2025-12-16,17170701.0,Department of Defense,Department of the Air Force,DELIVERY ORDER,2025-12-16,187.75,183.25,2.46,128.06,2026-04-10,78,-31.79,194.17,2025-12-24,6,3.42,51.62,,,,,,,,-5.57,3.0,3.4,0.51,-5.33,-3.23,-8.94,-21.92,-30.44,-18.66,-24.8
LMT,LOCKHEED MARTIN CORPORATION,N6833525F0424,2025-09-19,1057937.5,Department of Defense,Department of the Navy,DELIVERY ORDER,2025-09-19,463.8789,464.5458,-0.14,434.0461,2025-12-01,50,-6.43,615.2189,2026-01-29,90,32.62,41.74,7.0,74.0,77.0,80.0,90.0,,,1.58,2.81,3.07,5.55,6.67,7.36,6.97,4.0,-2.57,3.21,32.62
LDOS,"LEIDOS, INC.",FA873021F0113,2025-09-24,3531884.46,Department of Defense,Department of the Air Force,DELIVERY ORDER,2025-09-24,185.8563,185.5687,0.15,179.3204,2025-12-31,68,-3.52,197.9062,2025-11-04,29,6.48,10.36,8.0,,,,,,,-2.69,-0.96,2.26,4.36,5.78,-0.07,2.13,4.09,1.58,-3.09,1.51
BAH,BOOZ ALLEN HAMILTON INC,47QDCB22F0006,2025-09-16,0.0,General Services Administration,Federal Acquisition Service,BPA CALL,2025-09-16,99.6486,99.4431,0.21,78.7024,2025-11-20,47,-21.02,101.8113,2025-10-07,15,2.17,29.36,,,,,,,,-0.25,0.3,-3.44,-4.22,-1.85,1.78,-5.38,-15.98,-19.97,-8.05,-7.15
BA,THE BOEING COMPANY,N6833521F0427,2026-02-26,0.0,Department of Defense,Department of the Navy,DELIVERY ORDER,2026-02-26,229.41,230.36,-0.41,189.21,2026-03-30,22,-17.52,240.6,2026-05-13,53,4.88,27.16,,,,,,,,-0.82,-2.31,-3.2,-1.92,-10.74,-10.21,-16.95,-5.13,-0.88,-4.53,-1.94
NOC,NORTHROP GRUMMAN SYSTEMS CORPORATION,HR001117C0043,2025-09-30,-94718.0,Department of Defense,Defense Advanced Research Projects Agency,DEFINITIVE CONTRACT,2025-09-30,602.2722,587.1195,2.58,541.3857,2025-12-01,43,-10.11,703.7488,2026-02-06,89,16.85,29.99,73.0,78.0,86.0,,,,,-0.64,0.04,2.02,4.22,2.89,-1.2,-3.99,-6.99,-8.82,-4.04,15.02
BAH,BOOZ ALLEN HAMILTON INC,FA807525F0035,2025-08-19,0.0,Department of Defense,Department of the Air Force,DELIVERY ORDER,2025-08-19,107.2913,106.6944,0.56,78.7024,2025-11-20,66,-26.65,108.3971,2025-08-27,6,1.03,37.73,,,,,,,,-0.39,0.26,0.57,-1.3,-2.64,-5.95,-7.69,-6.42,-9.94,-22.61,-21.61
PSN,PARSONS GOVERNMENT SERVICES INTERNATIONAL INC.,89233124FNA400648,2025-11-19,0.0,Department of Energy,Department of Energy,DELIVERY ORDER,2025-11-19,83.29,82.62,0.81,50.04,2026-03-20,82,-39.92,84.68,2025-11-28,6,1.67,69.22,,,,,,,,-1.55,-0.28,1.01,-0.72,1.4,-19.53,-26.31,-20.12,-14.26,-23.5,-33.86
CACI,"CACI, INC. - FEDERAL",N0017824F3000,2026-02-20,267905.24,Department of Defense,Department of the Navy,DELIVERY ORDER,2026-02-20,586.03,591.2,-0.87,443.26,2026-06-25,86,-24.36,633.21,2026-03-09,11,8.05,42.85,6.0,,,,,,,-2.57,0.68,4.12,7.46,5.11,4.54,0.55,-2.41,-14.36,-15.55,-20.33
LDOS,"LEIDOS, INC.",31310021F0020,2025-09-08,350273.62,Nuclear Regulatory Commission,Nuclear Regulatory Commission,BPA CALL,2025-09-08,176.5554,177.1393,-0.33,176.5554,2025-09-08,0,0.0,197.9062,2025-11-04,41,12.09,12.09,8.0,20.0,,,,,,0.35,3.77,2.64,3.25,5.53,3.86,10.66,7.0,10.59,5.08,8.86
HII,HUNTINGTON INGALLS INCORPORATED,N0002416C2427,2025-12-16,0.0,Department of Defense,Department of the Navy,DEFINITIVE CONTRACT,2025-12-16,324.381,326.7235,-0.72,318.9118,2025-12-17,1,-1.69,451.7788,2026-03-02,50,39.27,41.66,4.0,12.0,15.0,17.0,21.0,,,-1.69,3.01,8.48,7.44,4.06,9.07,30.32,28.68,34.03,27.87,10.93
GD,GENERAL DYNAMICS ONE SOURCE LLC,FA824026F5006,2026-03-16,208468.38,Department of Defense,Department of the Air Force,DELIVERY ORDER,2026-03-16,351.1761,348.3616,0.81,311.1606,2026-04-27,29,-11.39,386.75,2026-07-24,90,10.13,24.29,75.0,90.0,,,,,,0.54,-1.33,-1.97,-0.52,-3.83,-0.84,-3.92,-11.07,-3.57,-3.3,10.13
AVAV,"AEROVIRONMENT, INC",N6833524F0079,2026-03-11,527500.0,Department of Defense,Department of the Navy,DELIVERY ORDER,2026-03-11,207.73,221.57,-6.25,136.68,2026-06-25,73,-34.2,222.51,2026-03-17,4,7.12,62.8,4.0,,,,,,,2.0,2.0,3.91,-4.82,-4.19,-11.88,-13.48,-2.8,-20.44,-10.5,-28.35
GE,GENERAL ELECTRIC COMPANY,SPE4A226F0776,2026-03-24,7584443.19,Department of Defense,Defense Logistics Agency,DELIVERY ORDER,2026-03-24,290.2682,291.1771,-0.31,272.9098,2026-03-30,4,-5.98,378.68,2026-07-06,70,30.46,38.76,10.0,45.0,56.0,58.0,70.0,,,2.04,-2.69,-2.36,-3.26,6.0,9.42,-2.85,5.23,10.39,23.06,27.1
NOC,NORTHROP GRUMMAN SYSTEMS CORPORATION,FA853325F0007,2025-12-17,1042356.0,Department of Defense,Department of the Air Force,DELIVERY ORDER,2025-12-17,559.9244,564.4202,-0.8,555.2898,2025-12-18,1,-0.83,764.6547,2026-03-02,49,36.56,37.7,11.0,16.0,18.0,26.0,42.0,,,-0.83,3.63,3.22,2.41,3.81,4.71,16.5,21.42,29.4,28.74,1.78
LMT,LOCKHEED MARTIN CORPORATION,W900KK23F0070,2026-03-03,2567928.0,Department of Defense,Department of the Army,DELIVERY ORDER,2026-03-03,663.4766,672.2988,-1.31,491.64,2026-06-24,78,-25.9,667.4009,2026-03-06,3,0.59,35.75,,,,,,,,-0.5,0.59,-2.49,-2.24,-4.72,-7.72,-7.51,-8.49,-22.99,-19.56,-21.52
LDOS,"LEIDOS, INC.",N0003925F7502,2025-10-31,141800.0,Department of Defense,Department of the Navy,DELIVERY ORDER,2025-10-31,188.901,189.3473,-0.24,160.5633,2026-02-17,72,-15.0,197.9062,2025-11-04,2,4.77,23.26,,,,,,,,1.35,2.42,3.42,4.08,0.49,-2.53,-1.79,-2.15,3.46,-1.5,-8.51
LMT,LOCKHEED MARTIN CORP,FA855326F0003,2025-10-28,5598057.78,Department of Defense,Department of the Air Force,DELIVERY ORDER,2025-10-28,476.463,477.5812,-0.23,434.0461,2025-12-01,23,-8.9,672.2988,2026-03-02,84,41.1,54.89,46.0,50.0,52.0,55.0,64.0,,,-0.09,1.26,-0.16,-3.47,-5.91,-3.09,-6.51,-2.94,3.1,20.65,35.79
GD,"GENERAL DYNAMICS-OTS, INC.",W31P4Q14C0154,2026-03-20,0.0,Department of Defense,Department of the Army,DEFINITIVE CONTRACT,2026-03-20,342.6732,346.4886,-1.1,311.1606,2026-04-27,25,-9.2,393.19,2026-07-28,88,14.74,26.36,60.0,85.0,,,,,,0.46,1.94,0.28,-0.74,1.62,-2.62,-5.42,1.42,0.13,5.79,11.53
LDOS,"LEIDOS, INC.",47QFPA22F0093,2025-09-08,0.0,General Services Administration,Federal Acquisition Service,DELIVERY ORDER,2025-09-08,176.5554,177.1393,-0.33,176.5554,2025-09-08,0,0.0,197.9062,2025-11-04,41,12.09,12.09,8.0,20.0,,,,,,0.35,3.77,2.64,3.25,5.53,3.86,10.66,7.0,10.59,5.08,8.86
TXT,BELL TEXTRON INC,SPE4A526F3534,2026-02-04,1413862.5,Department of Defense,Defense Logistics Agency,DELIVERY ORDER,2026-02-04,90.6908,88.5917,2.37,85.9317,2026-03-30,37,-5.25,100.7265,2026-02-20,11,11.07,17.22,2.0,9.0,,,,,,2.34,5.22,7.22,8.11,9.15,6.51,4.66,-2.23,0.75,4.42,3.37
PSN,PARSONS GOVERNMENT SERVICES INC.,W56KGU20F0011,2025-12-16,-1684268.57,Department of Defense,Department of the Army,DELIVERY ORDER,2025-12-16,61.69,61.61,0.13,50.04,2026-03-20,64,-18.88,72.73,2026-01-23,25,17.9,45.34,12.0,15.0,20.0,,,,,-2.42,-0.5,1.7,1.41,0.18,6.58,17.47,13.57,4.21,-14.73,-15.97
LMT,LOCKHEED MARTIN CORP,FA882323F2008,2025-12-04,0.0,Department of Defense,Department of the Air Force,DELIVERY ORDER,2025-12-04,443.0988,441.5669,0.35,443.0988,2025-12-04,0,0.0,672.2988,2026-03-02,58,51.73,51.73,5.0,19.0,21.0,24.0,31.0,58.0,,0.86,4.14,5.92,8.05,4.86,8.34,16.44,28.48,40.42,48.99,36.21
LDOS,"LEIDOS, INC.",2032H522F00064,2026-01-05,0.0,Department of the Treasury,Internal Revenue Service,DELIVERY ORDER,2026-01-05,194.3201,182.372,6.55,123.7329,2026-05-13,89,-36.33,197.153,2026-01-09,4,1.46,59.34,,,,,,,,1.03,-0.14,0.06,-2.39,-2.34,-3.06,-3.61,-12.26,-11.32,-20.0,-35.62
BA,THE BOEING COMPANY,NNH16CO96C,2025-12-08,0.0,National Aeronautics and Space Administration,National Aeronautics and Space Administration,DEFINITIVE CONTRACT,2025-12-08,206.27,201.89,2.17,189.21,2026-03-30,76,-8.27,252.15,2026-01-23,31,22.24,33.26,10.0,17.0,23.0,26.0,,,,-2.86,-2.7,-0.37,0.03,5.12,5.32,10.23,21.88,16.04,12.04,9.12
LDOS,"LEIDOS, INC.",W56KGY24F0095,2025-09-29,935387.08,Department of Defense,Department of the Army,DELIVERY ORDER,2025-09-29,184.0811,183.3769,0.38,179.3204,2025-12-31,65,-2.59,197.9062,2025-11-04,26,7.51,10.36,4.0,,,,,,,1.8,3.92,6.7,6.8,0.18,-0.59,1.19,6.07,0.79,0.61,4.21
GD,"GENERAL DYNAMICS ORDNANCE AND TACTICAL SYSTEMS, INC.",W15QKN25F0217,2025-09-10,0.0,Department of Defense,Department of the Army,DELIVERY ORDER,2025-09-10,317.4496,315.7594,0.54,317.0664,2025-09-22,8,-0.12,364.0791,2026-01-16,89,14.69,14.83,14.0,80.0,,,,,,2.03,1.22,0.69,0.32,0.18,5.56,6.1,5.16,8.65,6.24,12.13
GD,"GENERAL DYNAMICS INFORMATION TECHNOLOGY, INC.",47QFSA21F0023,2025-12-31,1106692.08,General Services Administration,Federal Acquisition Service,BPA CALL,2025-12-31,332.2777,335.0511,-0.83,311.1606,2026-04-27,79,-6.36,364.0791,2026-01-16,11,9.57,17.01,2.0,,,,,,,2.0,7.14,4.39,7.21,9.51,9.11,3.3,3.68,7.96,1.64,3.81
GD,"GENERAL DYNAMICS INFORMATION TECHNOLOGY, INC.",70CMSD24FR0000050,2026-01-15,0.0,Department of Homeland Security,U.S. Immigration and Customs Enforcement,DELIVERY ORDER,2026-01-15,363.8908,361.2358,0.73,311.1606,2026-04-27,69,-14.49,364.0791,2026-01-16,1,0.05,17.01,,,,,,,,0.05,-0.66,-1.07,-0.16,-4.38,-4.12,-6.72,-0.66,-5.4,-7.01,-6.24
LMT,LOCKHEED MARTIN CORPORATION,0008,2026-03-31,0.0,Department of Defense,Department of the Army,DELIVERY ORDER,2026-03-31,600.4591,594.6769,0.97,491.64,2026-06-24,58,-18.12,633.7512,2026-04-06,3,5.54,28.91,3.0,,,,,,,2.19,5.54,3.99,1.54,1.11,-5.37,-14.3,-13.97,-13.56,-15.5,0.45
CAT,CATERPILLAR INC,SPE8EC24F0895,2026-02-23,0.0,Department of Defense,Defense Contract Management Agency,DELIVERY ORDER,2026-02-23,753.6345,756.8922,-0.43,664.9283,2026-03-30,25,-11.77,1062.9282,2026-06-30,88,41.04,59.86,38.0,42.0,47.0,51.0,81.0,,,1.55,-0.47,-0.55,-3.24,-6.83,-8.26,-5.27,-4.23,8.32,13.92,27.61
LMT,LOCKHEED MARTIN CORPORATION,0007,2026-02-27,0.0,Department of Defense,Department of the Army,DELIVERY ORDER,2026-02-27,650.3723,634.115,2.56,491.64,2026-06-24,80,-24.41,672.2988,2026-03-02,1,3.37,36.75,,,,,,,,3.37,1.5,2.62,-0.52,-1.32,-2.62,-8.56,-5.34,-20.85,-18.6,-20.31
BAH,BOOZ ALLEN HAMILTON INC,FA875022C0188,2025-09-16,0.0,Department of Defense,Department of the Air Force,DEFINITIVE CONTRACT,2025-09-16,99.6486,99.4431,0.21,78.7024,2025-11-20,47,-21.02,101.8113,2025-10-07,15,2.17,29.36,,,,,,,,-0.25,0.3,-3.44,-4.22,-1.85,1.78,-5.38,-15.98,-19.97,-8.05,-7.15
IBM,INTERNATIONAL BUSINESS MACHINES CORPORATION,36C10B19C0059,2025-11-01,0.0,Department of Veterans Affairs,Department of Veterans Affairs,DEFINITIVE CONTRACT,2025-11-03,297.0087,299.6208,-0.87,220.139,2026-02-23,75,-25.88,308.6917,2025-11-12,7,3.93,40.23,,,,,,,,-1.27,2.52,2.0,3.93,-1.94,-1.85,-0.14,0.04,-0.11,1.2,-17.29
ACN,ACCENTURE FEDERAL SERVICES LLC,89303024FIM000140,2025-12-11,178221.12,Department of Energy,Department of Energy,BPA CALL,2025-12-11,264.9111,266.7238,-0.68,176.1618,2026-04-23,90,-33.5,282.7142,2026-01-14,22,6.72,60.49,22.0,,,,,,,0.44,0.62,-0.15,0.11,0.27,-3.85,2.38,2.01,-17.29,-25.48,-33.5
CACI,"CACI, INC. - FEDERAL",70RCSJ26FR0000004,2026-02-05,13209538.84,Department of Homeland Security,Office of Procurement Operations,DELIVERY ORDER,2026-02-05,598.32,605.08,-1.12,480.99,2026-05-08,64,-19.61,637.27,2026-02-09,2,6.51,32.49,2.0,,,,,,,3.37,4.59,-6.17,-5.65,-2.05,-0.19,5.83,1.35,-9.77,-14.16,-15.69
NOC,NORTHROP GRUMMAN SYSTEMS CORPORATION,FA873021F0119,2025-11-10,29029.0,Department of Defense,Department of the Air Force,DELIVERY ORDER,2025-11-10,556.4682,562.0331,-0.99,541.3857,2025-12-01,14,-2.71,764.6547,2026-03-02,75,37.41,41.24,37.0,41.0,44.0,50.0,68.0,,,0.67,-0.88,0.01,0.36,0.46,-2.71,-0.95,3.45,16.75,26.47,21.66
NOC,NORTHROP GRUMMAN SYSTEMS CORPORATION,W31P4Q24F0024,2025-12-22,0.0,Department of Defense,Department of the Army,DELIVERY ORDER,2025-12-22,580.2397,564.1622,2.85,564.5154,2026-05-04,90,-2.71,764.6547,2026-03-02,46,31.78,35.45,12.0,15.0,21.0,28.0,46.0,,,-0.79,-1.25,-1.73,0.17,-1.31,6.99,15.1,19.13,24.29,21.3,-2.71
LMT,LOCKHEED MARTIN CORP,N0003022C1025,2025-10-08,0.0,Department of Defense,Department of the Navy,DEFINITIVE CONTRACT,2025-10-08,504.1718,501.2783,0.58,434.0461,2025-12-01,37,-13.91,644.9368,2026-02-13,88,27.92,48.59,64.0,67.0,72.0,77.0,,,,-1.22,-1.98,-2.84,-3.67,-5.23,-5.5,-8.77,-8.58,-6.91,0.28,27.38
LMT,LOCKHEED MARTIN CORPORATION,N0001922F0010,2025-08-18,35000000.0,Department of Defense,Department of the Navy,DELIVERY ORDER,2025-08-18,429.0674,426.0683,0.7,429.0674,2025-08-18,0,0.0,504.3876,2025-10-06,34,17.55,17.55,13.0,25.0,33.0,,,,,0.1,1.49,1.61,3.14,3.44,4.95,8.15,14.12,11.9,4.49,11.88
BA,THE BOEING COMPANY,FA880724CB002,2025-09-08,0.0,Department of Defense,Department of the Air Force,DEFINITIVE CONTRACT,2025-09-08,230.95,229.61,0.58,179.12,2025-11-24,55,-22.44,247.74,2026-01-15,90,7.27,38.31,88.0,,,,,,,-0.62,-4.75,-6.58,-7.07,-8.17,-4.2,-3.95,-6.12,-15.65,-11.07,7.27
PSN,PARSONS GOVERNMENT SERVICES INC.,70RDA126FR0000005,2026-02-19,0.0,Department of Homeland Security,Office of Procurement Operations,DELIVERY ORDER,2026-02-19,65.93,63.72,3.47,47.05,2026-06-25,87,-28.64,67.86,2026-03-02,7,2.93,44.23,,,,,,,,-0.61,-1.88,0.58,2.93,-0.73,-10.94,-24.1,-14.58,-18.93,-23.59,-20.54
LMT,LOCKHEED MARTIN CORPORATION,N0003023C0100,2025-11-18,0.0,Department of Defense,Defense Contract Management Agency,DEFINITIVE CONTRACT,2025-11-18,465.6248,461.7603,0.84,434.0461,2025-12-01,8,-6.78,672.2988,2026-03-02,69,44.39,54.89,30.0,32.0,35.0,38.0,48.0,,,-1.01,-2.94,-4.7,-3.55,-5.17,-0.9,-0.21,5.5,23.46,37.87,28.96
BA,THE BOEING COMPANY,HQ014719C0004,2025-09-17,29441673.55,Department of Defense,Missile Defense Agency,DEFINITIVE CONTRACT,2025-09-17,214.63,215.02,-0.18,179.12,2025-11-24,48,-16.54,252.15,2026-01-23,88,17.48,40.77,74.0,80.0,83.0,,,,,0.48,-1.18,0.22,3.09,0.27,3.35,-1.28,-0.49,-13.48,-6.49,13.94
LMT,LOCKHEED MARTIN CORPORATION,FA820526FB005,2025-12-31,29693710.75,Department of Defense,Department of the Air Force,DELIVERY ORDER,2025-12-31,478.0051,482.2844,-0.89,478.0051,2025-12-31,0,0.0,672.2988,2026-03-02,40,40.65,40.65,2.0,6.0,8.0,11.0,20.0,,,2.77,7.93,7.19,13.97,19.48,22.79,31.49,34.92,38.04,24.41,8.29
TXT,TEXTRON SYSTEMS CORPORATION,N0001423C2006,2025-08-12,2320000.0,Department of Defense,Department of the Navy,DEFINITIVE CONTRACT,2025-08-12,78.4689,77.5098,1.24,78.4689,2025-08-12,0,0.0,87.922,2025-12-18,90,12.05,12.05,18.0,37.0,,,,,,3.58,0.45,1.45,1.2,3.62,1.26,4.71,5.4,5.08,2.23,12.05
BA,THE BOEING COMPANY,FA860919F0001,2026-01-15,0.0,Department of Defense,Department of the Air Force,DELIVERY ORDER,2026-01-15,247.74,242.61,2.11,189.21,2026-03-30,50,-23.63,252.15,2026-01-23,5,1.78,33.26,,,,,,,,-0.02,0.94,1.78,-1.28,-5.66,-4.36,-1.49,-7.27,-19.91,-9.68,-9.46
WWD,WOODWARD HRT INC,N0038324FYN00,2025-08-27,0.0,Department of Defense,Department of the Navy,DELIVERY ORDER,2025-08-27,248.9434,251.586,-1.05,236.6678,2025-09-09,8,-4.93,325.4117,2026-01-06,90,30.72,37.5,40.0,63.0,63.0,65.0,90.0,,,-0.14,-1.46,-2.02,-3.49,-3.87,-4.87,-0.22,0.84,6.35,3.69,30.72
NOC,NORTHROP GRUMMAN SYSTEMS CORPORATION,N0002422C5520,2025-09-26,2970698.27,Department of Defense,Department of the Navy,DEFINITIVE CONTRACT,2025-09-26,587.6434,578.9947,1.49,541.3857,2025-12-01,45,-7.87,699.65,2026-02-03,88,19.06,29.23,8.0,75.0,84.0,,,,,-0.09,1.83,2.53,4.56,4.87,0.75,0.24,-4.36,-7.87,-1.26,17.63
LDOS,"LEIDOS, INC.",N6600124F3515,2025-12-18,1215000.0,Department of Defense,Department of the Navy,DELIVERY ORDER,2025-12-18,180.1057,180.2747,-0.09,143.7323,2026-04-27,87,-20.2,197.153,2026-01-09,14,9.47,37.17,10.0,,,,,,,1.93,2.83,2.58,1.19,7.89,9.47,6.03,4.75,-6.24,-7.74,-17.44
GD,GENERAL DYNAMICS LAND SYSTEMS INC.,W912CH25F0161,2026-02-27,0.0,Department of Defense,Department of the Army,DELIVERY ORDER,2026-02-27,353.8419,347.5688,1.8,311.1606,2026-04-27,40,-12.06,376.88,2026-07-06,87,6.51,21.12,86.0,,,,,,,2.16,2.54,1.8,-0.41,-1.55,-2.08,-4.55,-4.12,-1.78,-3.03,5.87
NOC,NORTHROP GRUMMAN SYSTEMS CORPORATION,W519TC24F0190,2026-01-13,0.0,Department of Defense,Department of the Army,DELIVERY ORDER,2026-01-13,620.7709,624.562,-0.61,538.3207,2026-05-15,85,-13.28,764.6547,2026-03-02,32,23.18,42.04,3.0,10.0,24.0,32.0,,,,4.42,6.62,6.18,7.59,10.17,12.71,11.12,14.02,14.54,8.06,-10.89
LMT,LOCKHEED MARTIN CORPORATION,HQ014714C0004,2025-08-12,0.0,Department of Defense,Missile Defense Agency,DEFINITIVE CONTRACT,2025-08-12,420.2259,415.0651,1.24,420.2259,2025-08-12,0,0.0,504.3876,2025-10-06,38,20.03,20.03,10.0,22.0,34.0,38.0,,,,2.55,1.39,2.21,3.62,5.54,5.62,9.87,13.49,16.57,10.43,10.57
LDOS,"LEIDOS, INC.",N6883625F7K0Y,2025-09-14,1404158.29,Department of Defense,Department of the Navy,DELIVERY ORDER,2025-09-15,181.2248,181.9488,-0.4,179.3204,2025-12-31,75,-1.05,197.9062,2025-11-04,36,9.2,10.36,13.0,,,,,,,-0.08,2.42,2.81,2.56,1.58,7.03,2.48,3.49,3.32,1.21,4.89
BA,THE BOEING COMPANY,N0001922F2112,2026-01-29,207688.0,Department of Defense,Department of the Navy,DELIVERY ORDER,2026-01-29,234.04,241.59,-3.13,189.21,2026-03-30,41,-19.15,244.71,2026-02-09,7,4.56,29.33,,,,,,,,-0.14,-0.38,1.24,4.56,2.27,-0.14,-1.84,-10.32,-9.29,-1.16,-8.34
BAH,BOOZ ALLEN HAMILTON INC,47QFWA26F0005,2026-02-05,0.0,General Services Administration,Federal Acquisition Service,DELIVERY ORDER,2026-02-05,83.2532,83.7654,-0.61,71.0549,2026-05-13,67,-14.65,88.7791,2026-02-09,2,6.64,24.94,1.0,,,,,,,5.31,6.42,-7.8,-8.89,-7.95,-4.9,-2.92,-4.69,-2.47,-7.2,-11.14
NOC,NORTHROP GRUMMAN SYSTEMS CORPORATION,N0038322FS50A,2025-10-28,0.0,Department of Defense,Department of the Navy,DELIVERY ORDER,2025-10-28,588.1672,589.0569,-0.15,541.3857,2025-12-01,23,-7.95,764.6547,2026-03-02,84,30.01,41.24,51.0,53.0,62.0,76.0,84.0,,,-1.69,-1.95,-3.01,-3.88,-4.76,-5.38,-4.7,-6.29,-1.18,11.53,24.41
BA,THE BOEING COMPANY,FA880819C0001,2026-01-08,14264.5,Department of Defense,Department of the Air Force,DEFINITIVE CONTRACT,2026-01-08,227.38,228.12,-0.32,189.21,2026-03-30,55,-16.79,252.15,2026-01-23,10,10.89,33.26,2.0,9.0,,,,,,3.14,7.55,8.95,9.51,10.89,2.93,7.62,1.35,-6.12,-7.64,-5.44
LDOS,"LEIDOS, INC.",HR001120C0173,2026-03-06,-50272.5,Department of Defense,Defense Advanced Research Projects Agency,DEFINITIVE CONTRACT,2026-03-06,176.8254,174.6088,1.27,100.0,2026-06-25,76,-43.45,178.4655,2026-03-09,1,0.93,78.47,,,,,,,,0.93,-2.54,-2.27,-4.77,-6.53,-11.2,-10.47,-12.75,-28.05,-28.53,-38.76
BA,THE BOEING COMPANY,FA945124CX038,2025-12-09,145500.0,Department of Defense,Department of the Air Force,DEFINITIVE CONTRACT,2025-12-09,200.37,206.27,-2.86,189.21,2026-03-30,75,-5.57,252.15,2026-01-23,30,25.84,33.26,8.0,16.0,21.0,23.0,,,,-0.82,2.0,3.16,3.94,8.22,9.05,17.05,25.84,21.26,12.29,9.38
BAH,BOOZ ALLEN HAMILTON INC,FA807523F0041,2025-12-18,-3929.33,Department of Defense,Department of the Air Force,DELIVERY ORDER,2025-12-18,84.7209,85.2528,-0.62,73.705,2026-02-23,43,-13.0,100.6977,2026-01-23,23,18.86,36.62,13.0,14.0,23.0,,,,,-0.87,-1.58,-0.72,-1.0,3.87,11.82,11.11,-3.5,-12.01,-7.85,-8.89
ACN,ACCENTURE FEDERAL SERVICES LLC,89243423FEE000258,2026-03-06,81401.92,Department of Energy,Department of Energy,BPA CALL,2026-03-06,210.6591,209.6792,0.47,122.9615,2026-06-30,79,-41.63,210.6591,2026-03-06,0,0.0,71.32,,,,,,,,-2.62,-6.29,-8.53,-7.6,-6.98,-8.64,-8.23,-8.51,-19.16,-12.65,-31.35
GE,GENERAL ELECTRIC COMPANY,FA862626FB004,2025-12-23,0.0,Department of Defense,Department of the Air Force,DELIVERY ORDER,2025-12-23,314.3193,313.5224,0.25,272.9098,2026-03-30,65,-13.17,344.8073,2026-03-02,45,9.7,26.34,38.0,,,,,,,0.39,-1.14,-2.27,2.9,-0.23,1.18,-6.38,1.85,9.7,-7.36,-8.91
LMT,LOCKHEED MARTIN CORPORATION,HQ085125FE019,2025-12-18,0.0,Department of Defense,Missile Defense Agency,DELIVERY ORDER,2025-12-18,464.6336,469.2291,-0.98,464.6336,2025-12-18,0,0.0,672.2988,2026-03-02,48,44.69,44.69,9.0,11.0,14.0,17.0,27.0,,,0.85,2.64,2.74,3.8,8.81,15.48,24.69,33.63,37.72,37.33,10.75
GD,"GENERAL DYNAMICS INFORMATION TECHNOLOGY, INC.",47QFCA24F0014,2025-09-24,2076082.0,General Services Administration,Federal Acquisition Service,DELIVERY ORDER,2025-09-24,318.0097,317.597,0.13,318.0097,2025-09-24,0,0.0,364.0791,2026-01-16,79,14.49,14.49,4.0,70.0,,,,,,0.25,2.64,5.29,6.18,7.05,4.13,5.99,6.43,5.54,4.7,10.73
BAH,BOOZ ALLEN HAMILTON INC,75F40125F19010,2025-09-12,1499940.37,Department of Health and Human Services,Food and Drug Administration,BPA CALL,2025-09-12,102.3789,101.6156,0.75,78.7024,2025-11-20,49,-23.13,102.3789,2025-09-12,0,0.0,30.08,,,,,,,,-2.87,-2.91,-2.37,-6.01,-5.3,-1.44,-7.96,-12.64,-20.23,-12.12,-7.87
BAH,BOOZ ALLEN HAMILTON INC,FA236016F8039,2026-02-05,-50622.32,Department of Defense,Department of the Air Force,DELIVERY ORDER,2026-02-05,83.2532,83.7654,-0.61,71.0549,2026-05-13,67,-14.65,88.7791,2026-02-09,2,6.64,24.94,1.0,,,,,,,5.31,6.42,-7.8,-8.89,-7.95,-4.9,-2.92,-4.69,-2.47,-7.2,-11.14
NOC,NORTHROP GRUMMAN SYSTEMS CORPORATION,HQ072721F1410,2025-10-09,0.0,Department of Defense,Defense Microelectronics Activity,DELIVERY ORDER,2025-10-09,627.6651,630.571,-0.46,541.3857,2025-12-01,36,-13.75,731.299,2026-02-19,90,16.51,35.08,68.0,79.0,90.0,,,,,-1.81,-1.27,-5.67,-5.2,-4.61,-7.88,-10.46,-10.65,-9.91,-3.45,16.51
LMT,LOCKHEED MARTIN CORPORATION,FA873021C0022,2025-09-30,605937.0,Department of Defense,Department of the Air Force,DEFINITIVE CONTRACT,2025-09-30,489.6456,482.5541,1.47,434.0461,2025-12-01,43,-11.36,630.8141,2026-02-09,90,28.83,45.33,67.0,71.0,73.0,81.0,,,,-0.04,1.06,2.38,1.71,1.2,1.34,-2.78,-8.44,-9.82,-1.96,28.83
TXT,TEXTRON SYSTEMS CORPORATION,N0001922F2052,2025-12-05,3004776.0,Department of Defense,Department of the Navy,DELIVERY ORDER,2025-12-05,83.4147,83.085,0.4,83.4147,2025-12-05,0,0.0,100.7265,2026-02-20,51,20.75,20.75,6.0,23.0,30.0,49.0,,,,1.13,1.95,4.46,3.45,7.2,8.11,6.15,15.42,16.57,15.52,9.8
LDOS,"LEIDOS, INC.",N0003924F7300,2025-08-19,121204.59,Department of Defense,Department of the Navy,DELIVERY ORDER,2025-08-19,176.882,176.2684,0.35,175.8627,2025-09-03,10,-0.58,197.9062,2025-11-04,54,11.89,12.53,22.0,33.0,,,,,,0.79,1.68,2.02,1.47,-0.58,0.16,4.93,7.45,5.67,8.22,4.45
GD,GENERAL DYNAMICS ONE SOURCE LLC,N0003925FE068,2025-09-22,0.0,Department of Defense,Department of the Navy,DELIVERY ORDER,2025-09-22,317.0664,318.4617,-0.44,317.0664,2025-09-22,0,0.0,364.0791,2026-01-16,81,14.83,14.83,6.0,25.0,,,,,,0.17,0.55,2.95,5.61,7.39,3.64,6.05,6.42,5.26,5.06,9.74
AVAV,"AEROVIRONMENT, INC",W91CRB25F0094,2025-09-12,-2000000.0,Department of Defense,Department of the Army,DELIVERY ORDER,2025-09-12,243.0,241.81,0.49,229.1,2025-12-17,67,-5.72,409.83,2025-10-13,21,68.65,78.89,2.0,3.0,4.0,7.0,13.0,15.0,,3.31,11.96,14.63,22.88,23.95,48.26,68.65,55.78,19.84,16.24,28.44
TXT,BELL TEXTRON INC,N0001923F0043,2025-09-30,0.0,Department of Defense,Department of the Navy,DELIVERY ORDER,2025-09-30,84.4341,83.9744,0.55,79.3674,2025-10-30,22,-6.0,96.2784,2026-01-21,77,14.03,21.31,57.0,70.0,,,,,,0.85,2.79,0.64,0.18,-0.86,-2.47,-5.33,-2.41,-0.94,7.58,13.02
NOC,NORTHROP GRUMMAN SYSTEMS CORPORATION,HQ085622F0001,2025-09-24,0.0,Department of Defense,Missile Defense Agency,DELIVERY ORDER,2025-09-24,579.4888,570.4052,1.59,541.3857,2025-12-01,47,-6.58,699.65,2026-02-03,90,20.74,29.23,8.0,77.0,83.0,90.0,,,,-0.09,1.32,3.27,3.97,8.82,6.94,3.32,-2.69,-3.27,-4.18,20.74
PLTR,PALANTIR USG INC,W9128Z26FA001,2025-12-05,580877.69,Department of Defense,Department of the Army,DELIVERY ORDER,2025-12-05,181.76,177.92,2.16,128.06,2026-04-10,85,-29.54,194.17,2025-12-24,13,6.83,51.62,10.0,,,,,,,-0.15,3.38,1.0,3.3,6.39,3.82,-0.04,-9.04,-25.35,-16.0,-19.46
GD,"GENERAL DYNAMICS INFORMATION TECHNOLOGY, INC.",N6600125F0039,2025-11-21,130000.0,Department of Defense,Department of the Navy,DELIVERY ORDER,2025-11-21,335.9098,335.0216,0.27,328.0534,2025-12-01,5,-2.34,364.0791,2026-01-16,37,8.39,10.98,29.0,,,,,,,-0.65,-0.09,-2.34,-0.66,-1.27,-0.84,1.03,1.56,3.24,3.68,3.67
BAH,BOOZ ALLEN HAMILTON INC,HC108425F0324,2025-09-26,369649.88,Department of Defense,Defense Information Systems Agency,DELIVERY ORDER,2025-09-26,96.9575,95.4407,1.59,78.7024,2025-11-20,39,-18.83,101.8113,2025-10-07,7,5.01,29.36,7.0,,,,,,,-0.19,3.55,4.99,5.01,-1.96,-1.82,-12.67,-11.74,-16.25,-12.13,-14.13
LDOS,"LEIDOS, INC.",47QFDA21F0003,2026-02-20,0.0,General Services Administration,Federal Acquisition Service,DELIVERY ORDER,2026-02-20,172.4617,175.2151,-1.57,100.0,2026-06-25,86,-42.02,179.5689,2026-03-03,7,4.12,79.57,,,,,,,,-0.86,-2.08,0.92,4.12,2.53,0.18,-6.08,-7.86,-16.66,-27.87,-40.24
GD,"GENERAL DYNAMICS INFORMATION TECHNOLOGY, INC.",692M1520F00631,2025-12-15,140989.31,Department of Transportation,Federal Aviation Administration,DELIVERY ORDER,2025-12-15,336.2553,333.0969,0.95,311.1606,2026-04-27,90,-7.46,364.0791,2026-01-16,22,8.27,17.01,14.0,,,,,,,-0.94,-0.98,1.32,1.38,-0.36,5.88,8.22,3.14,3.57,3.6,-7.46
HII,HUNTINGTON INGALLS INCORPORATED,N0002418C2307,2025-11-21,2793.0,Department of Defense,Department of the Navy,DEFINITIVE CONTRACT,2025-11-21,301.8974,298.2804,1.21,301.8974,2025-11-21,0,0.0,451.7788,2026-03-02,66,49.65,49.65,12.0,19.0,20.0,29.0,33.0,,,1.45,2.89,0.82,1.67,3.86,7.49,16.56,17.2,40.66,43.87,34.45
LDOS,"LEIDOS, INC.",N0003922F9505,2025-09-22,38281.0,Department of Defense,Department of the Navy,DELIVERY ORDER,2025-09-22,186.3224,185.9059,0.22,179.3204,2025-12-31,70,-3.76,197.9062,2025-11-04,31,6.22,10.36,10.0,,,,,,,-0.4,-2.93,-1.2,2.0,5.41,0.09,2.82,2.76,-0.56,-2.82,0.45
ACN,ACCENTURE FEDERAL SERVICES LLC,91003119F0003,2026-01-16,46331.0,Department of Education,Department of Education,DELIVERY ORDER,2026-01-16,280.4313,281.9598,-0.54,157.7433,2026-05-13,80,-43.75,280.4313,2026-01-16,0,0.0,77.78,,,,,,,,-4.72,-0.39,-1.92,-5.51,-6.79,-15.93,-21.87,-26.67,-32.38,-31.64,-37.14
BA,THE BOEING COMPANY,FA852621F0021,2026-04-01,0.0,Department of Defense,Defense Contract Management Agency,DELIVERY ORDER,2026-04-01,207.32,199.03,4.17,204.8,2026-07-21,75,-1.22,240.6,2026-05-13,29,16.05,17.48,4.0,14.0,29.0,,,,,0.43,1.29,6.15,7.15,5.58,11.56,9.68,10.56,3.92,3.55,12.5
BAH,BOOZ ALLEN HAMILTON INC,N0042125F3014,2026-01-06,397976.62,Department of Defense,Department of the Navy,DELIVERY ORDER,2026-01-06,88.6905,88.0009,0.78,71.0549,2026-05-13,88,-19.88,100.6977,2026-01-23,12,13.54,41.72,3.0,12.0,,,,,,0.24,6.82,5.85,7.85,6.14,-0.53,-6.13,-10.54,-13.71,-6.97,-18.68
LMT,LOCKHEED MARTIN CORP,FA862523F3029,2025-09-02,24565675.27,Department of Defense,Department of the Air Force,DELIVERY ORDER,2025-09-02,443.8305,443.6637,0.04,434.0461,2025-12-01,63,-2.2,536.5611,2026-01-09,90,20.89,23.62,14.0,20.0,87.0,90.0,,,,-0.76,2.52,1.01,4.03,4.82,6.16,10.28,11.64,7.18,-0.02,20.89
GD,GENERAL DYNAMICS LAND SYSTEMS INC.,N0002425F5320,2025-11-19,0.0,Department of Defense,Department of the Navy,DELIVERY ORDER,2025-11-19,338.5945,336.8475,0.52,328.0535,2025-12-01,7,-3.11,364.0791,2026-01-16,39,7.53,10.98,31.0,,,,,,,-1.06,-1.44,-0.88,-3.11,-0.4,-0.24,-1.08,3.64,7.3,2.29,2.59
CACI,"CACI, INC. - FEDERAL",FA807524F0042,2025-08-28,0.0,Department of Defense,Department of the Air Force,DELIVERY ORDER,2025-08-28,479.71,487.07,-1.51,460.1,2025-09-04,4,-4.09,617.97,2025-11-25,62,28.82,34.31,23.0,25.0,39.0,39.0,,,,0.0,-2.14,-1.1,-0.02,3.39,3.5,1.74,6.39,17.21,25.06,17.32
LMT,LOCKHEED MARTIN CORPORATION,H9225424F2821,2025-12-29,55072.0,Department of Defense,U.S. Special Operations Command,DELIVERY ORDER,2025-12-29,483.1442,477.3726,1.21,478.0051,2025-12-31,2,-1.06,672.2988,2026-03-02,42,39.15,40.65,5.0,8.0,11.0,16.0,23.0,,,-0.18,1.68,6.79,6.05,14.2,17.84,27.34,28.6,34.69,29.0,4.15
ACN,ACCENTURE FEDERAL SERVICES LLC,91003119F0003,2025-12-16,0.0,Department of Education,Department of Education,DELIVERY ORDER,2025-12-16,266.5474,269.1145,-0.95,174.8674,2026-04-27,89,-34.4,282.7143,2026-01-14,19,6.07,61.67,19.0,,,,,,,0.62,0.08,-0.47,-0.35,-1.37,0.71,5.21,-3.09,-26.05,-26.74,-34.11
LDOS,"LEIDOS, INC.",68HERD25F0001,2026-01-28,500000.0,Environmental Protection Agency,Environmental Protection Agency,DELIVERY ORDER,2026-01-28,186.6463,186.03,0.33,122.3678,2026-06-08,90,-34.44,193.5547,2026-02-10,9,3.7,58.17,,,,,,,,-0.31,0.14,0.36,2.78,-7.87,-8.65,-6.75,-7.43,-15.21,-22.02,-34.44
LMT,"LOCKHEED MARTIN GLOBAL, INC.",FA873023C0006,2026-02-11,1169725.0,Department of Defense,Department of the Air Force,DEFINITIVE CONTRACT,2026-02-11,621.3365,622.1863,-0.14,493.6,2026-06-22,89,-20.56,672.2988,2026-03-02,12,8.2,36.2,5.0,,,,,,,1.39,3.32,6.01,5.08,2.06,6.25,3.29,0.31,-5.31,-19.01,-18.94
BA,THE BOEING COMPANY,S2606A25F0030,2025-08-20,0.0,Department of Defense,Defense Contract Management Agency,DELIVERY ORDER,2025-08-20,225.62,225.0,0.28,179.12,2025-11-24,67,-20.61,237.38,2025-09-02,8,5.21,32.53,8.0,,,,,,,-0.51,0.55,4.43,4.02,2.27,0.84,-4.42,-3.63,-3.48,-13.76,-3.71
LMT,LOCKHEED MARTIN CORPORATION,H9225425F2868,2026-01-26,2010908.52,Department of Defense,U.S. Special Operations Command,DELIVERY ORDER,2026-01-26,574.8474,583.9001,-1.55,503.2157,2026-05-08,72,-12.46,672.2988,2026-03-02,24,16.95,33.6,3.0,14.0,24.0,,,,,2.28,7.02,9.34,3.63,9.74,12.19,11.32,12.55,4.46,-4.01,-9.71
LMT,RAYTHEON/LOCKHEED MARTIN JAVELIN JV,W31P4Q19C0038,2026-03-25,0.0,Department of Defense,Department of the Army,DEFINITIVE CONTRACT,2026-03-25,620.1403,606.2015,2.3,491.64,2026-06-24,62,-20.72,633.7512,2026-04-06,7,2.19,28.91,,,,,,,,0.5,-4.11,-1.05,2.19,-0.05,-2.1,-17.74,-17.91,-15.02,-20.41,-4.97
BA,THE BOEING COMPANY,FA850523F0006,2025-10-27,0.0,Department of Defense,Department of the Air Force,DELIVERY ORDER,2025-10-27,223.0,221.35,0.75,179.12,2025-11-24,20,-19.68,252.15,2026-01-23,60,13.07,40.77,51.0,55.0,,,,,,0.15,-10.28,-8.27,-11.38,-12.64,-12.77,-18.19,-10.15,-2.64,13.07,0.9
BA,THE BOEING COMPANY,N0001919C0016,2026-01-14,-2000.0,Department of Defense,Department of the Navy,DEFINITIVE CONTRACT,2026-01-14,242.61,244.55,-0.79,189.21,2026-03-30,51,-22.01,252.15,2026-01-23,6,3.93,33.26,,,,,,,,2.11,2.63,3.63,2.4,-3.53,-2.75,0.14,-6.22,-19.57,-8.44,-9.77
ACN,ACCENTURE FEDERAL SERVICES LLC,89303022FIM000081,2025-11-18,37000.0,Department of Energy,Department of Energy,BPA CALL,2025-11-18,235.1543,236.4574,-0.55,187.6335,2026-02-25,66,-20.21,282.7143,2026-01-14,38,20.23,50.67,8.0,10.0,34.0,38.0,,,,0.45,4.94,3.85,4.17,13.69,12.3,12.48,8.31,16.96,-8.38,-17.38
LDOS,"LEIDOS, INC.",HC102826F0010,2026-02-27,1002528.09,Department of Defense,Defense Information Systems Agency,DELIVERY ORDER,2026-02-27,174.0521,174.8076,-0.43,100.0,2026-06-25,81,-42.55,179.5689,2026-03-03,2,3.17,79.57,,,,,,,,2.46,0.91,1.59,-1.48,-0.71,-4.99,-11.72,-9.78,-14.8,-26.65,-38.74
NOC,NORTHROP GRUMMAN SYSTEMS CORPORATION,FA881525FB001,2025-09-25,356237.88,Department of Defense,Department of the Air Force,DELIVERY ORDER,2025-09-25,578.9946,579.4888,-0.09,541.3857,2025-12-01,46,-6.5,699.65,2026-02-03,89,20.84,29.23,7.0,76.0,82.0,89.0,,,,1.49,4.02,3.28,5.59,8.41,3.95,3.38,-2.36,-2.31,-2.56,18.23
BA,THE BOEING COMPANY,SPE4A526F2507,2026-02-05,0.0,Department of Defense,Defense Logistics Agency,DELIVERY ORDER,2026-02-05,236.95,235.95,0.42,189.21,2026-03-30,36,-20.15,244.71,2026-02-09,2,3.27,29.33,,,,,,,,2.57,2.38,1.01,2.99,-2.08,-3.18,-5.04,-17.65,-6.25,-6.6,-3.99
BAH,BOOZ ALLEN HAMILTON INC,75F40125F19008,2026-01-22,6513143.92,Department of Health and Human Services,Food and Drug Administration,BPA CALL,2026-01-22,94.3247,94.1376,0.2,71.0549,2026-05-13,77,-24.67,100.6977,2026-01-23,1,6.76,41.72,1.0,,,,,,,6.76,-6.47,-7.34,-8.63,-11.74,-16.68,-21.86,-13.83,-17.41,-15.07,-15.47
GD,GENERAL DYNAMICS ONE SOURCE LLC,HSBP1013C00042,2025-11-19,0.0,Department of Homeland Security,U.S. Customs and Border Protection,DEFINITIVE CONTRACT,2025-11-19,338.5945,336.8475,0.52,328.0535,2025-12-01,7,-3.11,364.0791,2026-01-16,39,7.53,10.98,31.0,,,,,,,-1.06,-1.44,-0.88,-3.11,-0.4,-0.24,-1.08,3.64,7.3,2.29,2.59
LMT,LOCKHEED MARTIN CORP,FA862525FB002,2025-08-26,1047082.0,Department of Defense,Department of the Air Force,DELIVERY ORDER,2025-08-26,443.4982,435.9615,1.73,434.0461,2025-12-01,67,-2.13,505.5783,2026-01-05,90,14.0,16.48,18.0,24.0,,,,,,-0.22,0.04,-0.69,2.6,2.59,4.9,7.12,13.68,7.34,3.93,14.0
BAH,BOOZ ALLEN HAMILTON INC,HDTRA123F0021,2025-09-23,-2907120.94,Department of Defense,Defense Threat Reduction Agency,DELIVERY ORDER,2025-09-23,96.2236,97.6523,-1.46,78.7024,2025-11-20,42,-18.21,101.8113,2025-10-07,10,5.81,29.36,8.0,,,,,,,0.97,0.76,1.65,4.86,5.81,-2.07,0.42,-13.09,-14.37,-11.4,-10.43
CACI,"CACI NSS, LLC",FA872622F0035,2025-09-03,2195444.85,Department of Defense,Department of the Air Force,BPA CALL,2025-09-03,469.45,482.94,-2.79,460.1,2025-09-04,1,-1.99,617.97,2025-11-25,59,31.64,34.31,6.0,21.0,36.0,36.0,59.0,,,-1.99,0.98,3.58,5.65,5.58,5.01,10.57,10.15,25.37,31.08,28.84
CACI,"CACI TECHNOLOGIES, LLC",W909MY23F0055,2026-03-11,100000.0,Department of Defense,Department of the Army,DELIVERY ORDER,2026-03-11,604.38,591.71,2.14,440.76,2026-07-21,90,-27.07,612.93,2026-03-17,4,1.41,39.06,,,,,,,,1.37,0.16,0.72,0.33,-4.21,-10.01,-11.56,-12.89,-16.58,-12.07,-27.07
LMT,LOCKHEED MARTIN CORPORATION,N0002423C5123,2025-09-24,26234937.44,Department of Defense,Department of the Navy,DEFINITIVE CONTRACT,2025-09-24,476.9339,477.3458,-0.09,434.0461,2025-12-01,47,-8.99,628.5509,2026-02-02,89,31.79,44.81,8.0,74.0,76.0,79.0,88.0,,,-0.39,1.18,2.62,3.75,5.71,3.89,0.37,-2.7,-6.6,-2.58,30.19
LDOS,"LEIDOS, INC.",140D0425F1068,2025-09-25,1220166.0,Department of the Interior,Departmental Offices,DELIVERY ORDER,2025-09-25,180.8578,185.8563,-2.69,179.3204,2025-12-31,67,-0.85,197.9062,2025-11-04,28,9.43,10.36,4.0,,,,,,,1.39,3.62,5.77,8.6,6.41,2.31,4.17,6.8,4.79,1.5,3.57
CACI,"CACI, INC. - FEDERAL",FA805225C0014,2025-09-30,376046.6,Department of Defense,Department of the Air Force,DEFINITIVE CONTRACT,2025-09-30,498.78,488.06,2.2,498.78,2025-09-30,0,0.0,662.19,2026-01-23,79,32.76,32.76,3.0,17.0,17.0,36.0,78.0,,,3.28,6.31,5.45,2.51,3.11,5.63,12.71,17.86,18.87,9.15,27.77
CACI,"CACI, INC. - FEDERAL",N6523625F0400,2026-01-22,60529.52,Department of Defense,Department of the Navy,DELIVERY ORDER,2026-01-22,655.46,632.56,3.62,480.99,2026-05-08,74,-26.62,662.19,2026-01-23,1,1.03,37.67,,,,,,,,1.03,-1.87,-4.93,-6.57,-8.72,-12.61,-12.89,-6.02,-14.0,-20.35,-19.93
LDOS,"LEIDOS, INC.",FA873024FB003,2025-09-25,4310074.31,Department of Defense,Department of the Air Force,DELIVERY ORDER,2025-09-25,180.8578,185.8563,-2.69,179.3204,2025-12-31,67,-0.85,197.9062,2025-11-04,28,9.43,10.36,4.0,,,,,,,1.39,3.62,5.77,8.6,6.41,2.31,4.17,6.8,4.79,1.5,3.57
BAH,BOOZ ALLEN HAMILTON INC,N6523622F3007,2025-09-10,-41774.08,Department of Defense,Department of the Navy,DELIVERY ORDER,2025-09-10,100.3043,100.911,-0.6,78.7024,2025-11-20,51,-21.54,102.3789,2025-09-12,2,2.07,30.08,,,,,,,,1.31,-0.86,-0.9,-0.35,-3.14,-2.49,-2.7,-3.67,-17.22,-13.93,-8.22
LDOS,LEIDOS BIOMEDICAL RESEARCH INC,75N91025F00014,2025-09-25,36643441.0,Department of Health and Human Services,National Institutes of Health,DELIVERY ORDER,2025-09-25,180.8578,185.8563,-2.69,179.3204,2025-12-31,67,-0.85,197.9062,2025-11-04,28,9.43,10.36,4.0,,,,,,,1.39,3.62,5.77,8.6,6.41,2.31,4.17,6.8,4.79,1.5,3.57
LMT,LOCKHEED MARTIN CORPORATION,N0001925F0261,2025-10-30,0.0,Department of Defense,Defense Contract Management Agency,DELIVERY ORDER,2025-10-30,480.3374,476.0315,0.9,434.0461,2025-12-01,21,-9.64,672.2988,2026-03-02,82,39.96,54.89,44.0,48.0,51.0,55.0,62.0,,,0.44,-0.97,-4.25,-7.68,-6.92,-4.05,-9.64,-1.19,7.41,22.89,35.03
CACI,"CACI, INC. - FEDERAL",47QFMA25F0003,2026-02-26,1060810.0,General Services Administration,Federal Acquisition Service,DELIVERY ORDER,2026-02-26,597.16,590.03,1.21,443.26,2026-06-25,82,-25.77,633.21,2026-03-09,7,6.04,42.85,3.0,,,,,,,2.18,5.46,2.57,6.04,2.59,1.94,-5.61,-10.49,-14.04,-16.04,-17.31
GD,"GENERAL DYNAMICS INFORMATION TECHNOLOGY, INC.",70RDA124FR0000005,2026-02-13,17200000.0,Department of Homeland Security,Office of Procurement Operations,DELIVERY ORDER,2026-02-13,344.5164,337.6884,2.02,311.1606,2026-04-27,49,-9.68,362.8304,2026-03-04,12,5.32,16.61,12.0,,,,,,,-1.47,1.93,0.39,-1.29,4.93,4.56,2.49,-1.97,-5.93,0.12,-0.39
LDOS,"LEIDOS, INC.",FA945118C0014,2025-12-01,225000.0,Department of Defense,Department of the Air Force,DEFINITIVE CONTRACT,2025-12-01,186.8679,189.5258,-1.4,152.3419,2026-04-10,89,-18.48,197.153,2026-01-09,27,5.5,29.41,24.0,,,,,,,-0.72,2.12,-1.49,-0.06,-1.09,-1.76,-4.04,1.5,-1.02,-6.86,-15.96
GD,"GENERAL DYNAMICS INFORMATION TECHNOLOGY, INC.",HC101322F0007,2025-09-12,10048.86,Department of Defense,Defense Information Systems Agency,BPA CALL,2025-09-12,320.4958,323.9057,-1.05,317.0664,2025-09-22,6,-1.07,364.0791,2026-01-16,87,13.6,14.83,15.0,79.0,,,,,,0.25,-0.27,-0.63,-0.9,1.28,4.57,2.98,8.02,6.01,3.48,13.12
GE,GENERAL ELECTRIC COMPANY,SPRTA125F0330,2025-09-26,5484714.94,Department of Defense,Defense Logistics Agency,DELIVERY ORDER,2025-09-26,293.4896,295.6784,-0.74,282.5118,2025-12-10,52,-3.74,326.6564,2026-01-06,69,11.3,15.63,21.0,68.0,,,,,,-0.34,2.12,0.81,2.42,-1.06,1.77,6.18,4.29,-2.09,6.83,4.11
BA,"BOEING AEROSPACE OPERATIONS, INC.",FA231824FB011,2025-10-16,214338.12,Department of Defense,Department of the Air Force,DELIVERY ORDER,2025-10-16,211.89,214.0,-0.99,179.12,2025-11-24,27,-15.47,252.15,2026-01-23,67,19.0,40.77,7.0,58.0,60.0,,,,,0.5,2.53,2.78,5.24,-5.57,-6.73,-8.2,-10.8,1.03,15.41,8.27
BA,THE BOEING COMPANY,N0001921F0550,2026-02-13,30000.0,Department of Defense,Department of the Navy,DELIVERY ORDER,2026-02-13,242.96,239.35,1.51,189.21,2026-03-30,30,-22.12,244.04,2026-02-17,1,0.44,28.98,,,,,,,,0.44,-3.81,-5.15,-5.19,-5.44,-4.88,-13.23,-22.12,-9.8,-2.51,-10.22
CACI,"CACI, INC. - FEDERAL",FA875023CB005,2026-01-28,120000.0,Department of Defense,Department of the Air Force,DEFINITIVE CONTRACT,2026-01-28,638.24,643.21,-0.77,480.99,2026-05-08,70,-24.64,638.24,2026-01-28,0,0.0,32.69,,,,,,,,-2.37,-4.05,-5.2,-3.09,-10.25,-11.16,-4.4,-4.01,-9.81,-19.07,-18.66
GD,"GENERAL DYNAMICS MISSION SYSTEMS, INC.",N0001423C1035,2025-09-30,8579352.0,Department of Defense,Department of the Navy,DEFINITIVE CONTRACT,2025-09-30,335.0884,326.4115,2.66,326.2867,2025-10-16,12,-2.63,364.0791,2026-01-16,75,8.65,11.58,67.0,,,,,,,-0.07,0.77,0.71,0.52,-1.18,-0.68,1.17,3.8,-0.42,1.73,6.5
BAH,BOOZ ALLEN HAMILTON INC,N0017824F3009,2025-08-22,398500.0,Department of Defense,Department of the Navy,DELIVERY ORDER,2025-08-22,107.5751,106.6357,0.88,78.7024,2025-11-20,63,-26.84,108.3971,2025-08-27,3,0.76,37.73,,,,,,,,-0.45,0.76,-1.1,-2.89,-7.5,-4.83,-10.55,-5.72,-21.29,-25.23,-22.76
LUNR,"INTUITIVE MACHINES, LLC",FA945323CX010,2025-09-25,0.0,Department of Defense,Department of the Air Force,DEFINITIVE CONTRACT,2025-09-25,10.1,9.99,1.1,8.05,2025-11-20,40,-20.3,22.81,2026-01-28,85,125.84,183.35,4.0,5.0,7.0,9.0,13.0,61.0,78.0,-0.2,4.16,11.09,18.61,26.14,27.52,26.83,-5.35,-5.94,47.92,64.46
LDOS,"LEIDOS, INC.",HC102821F0049,2025-09-22,146734.28,Department of Defense,Defense Information Systems Agency,DELIVERY ORDER,2025-09-22,186.3224,185.9059,0.22,179.3204,2025-12-31,70,-3.76,197.9062,2025-11-04,31,6.22,10.36,10.0,,,,,,,-0.4,-2.93,-1.2,2.0,5.41,0.09,2.82,2.76,-0.56,-2.82,0.45
LDOS,"LEIDOS, INC.",70B03C20F00000451,2025-08-19,0.0,Department of Homeland Security,U.S. Customs and Border Protection,DELIVERY ORDER,2025-08-19,176.882,176.2684,0.35,175.8627,2025-09-03,10,-0.58,197.9062,2025-11-04,54,11.89,12.53,22.0,33.0,,,,,,0.79,1.68,2.02,1.47,-0.58,0.16,4.93,7.45,5.67,8.22,4.45
BA,THE BOEING COMPANY,N0001923F0341,2026-02-26,332331.0,Department of Defense,Department of the Navy,DELIVERY ORDER,2026-02-26,229.41,230.36,-0.41,189.21,2026-03-30,22,-17.52,240.6,2026-05-13,53,4.88,27.16,,,,,,,,-0.82,-2.31,-3.2,-1.92,-10.74,-10.21,-16.95,-5.13,-0.88,-4.53,-1.94
BA,THE BOEING COMPANY,FA862516C6599,2025-12-12,5000000.0,Department of Defense,Department of the Air Force,DEFINITIVE CONTRACT,2025-12-12,204.38,200.71,1.83,189.21,2026-03-30,72,-7.42,252.15,2026-01-23,27,23.37,33.26,6.0,13.0,19.0,22.0,,,,0.55,0.95,4.75,6.1,6.3,11.62,18.71,18.21,14.35,0.19,13.73
LDOS,"LEIDOS, INC.",W5J9CQ22F0012,2025-11-25,0.0,Department of Defense,Department of the Army,DELIVERY ORDER,2025-11-25,189.9225,185.2712,2.51,153.6473,2026-03-30,84,-19.1,197.153,2026-01-09,30,3.81,28.32,,,,,,,,-0.6,-1.61,-1.6,-2.44,-1.67,-4.66,-2.72,3.81,-1.58,-8.86,-15.72
GD,"GENERAL DYNAMICS INFORMATION TECHNOLOGY, INC.",SP470921F0107,2026-02-04,-58113.42,Department of Defense,Defense Logistics Agency,DELIVERY ORDER,2026-02-04,350.1949,352.1176,-0.55,311.1606,2026-04-27,56,-11.15,362.8304,2026-03-04,19,3.61,16.61,,,,,,,,-0.37,1.9,-1.99,-1.62,0.27,-2.89,2.86,-1.06,-4.72,-1.68,2.22
GE,GENERAL ELECTRIC COMPANY,N0042124F0064,2025-12-18,0.0,Department of Defense,Department of the Navy,DELIVERY ORDER,2025-12-18,300.5324,291.0589,3.25,272.9098,2026-03-30,68,-9.19,344.8073,2026-03-02,48,14.73,26.34,9.0,41.0,,,,,,1.83,4.59,4.46,3.47,7.62,6.72,5.69,2.85,13.79,0.02,-3.65
LMT,LOCKHEED MARTIN CORPORATION,FA882322C0001,2026-01-13,3572465.13,Department of Defense,Department of the Air Force,DEFINITIVE CONTRACT,2026-01-13,551.761,544.7837,1.28,503.2157,2026-05-08,80,-8.8,672.2988,2026-03-02,32,21.85,33.6,5.0,11.0,22.0,32.0,,,,2.58,4.32,5.0,5.82,6.98,12.53,14.17,14.93,14.79,10.51,-3.99
GD,"GENERAL DYNAMICS INFORMATION TECHNOLOGY, INC.",DTFAWA10D00003CALL0004,2026-03-13,1999782.4,Department of Transportation,Federal Aviation Administration,DELIVERY ORDER,2026-03-13,348.3616,352.0383,-1.04,311.1606,2026-04-27,30,-10.68,381.79,2026-07-23,90,9.6,22.7,76.0,,,,,,,0.81,0.52,-1.63,-1.5,-1.35,-0.69,-2.86,-10.68,-1.94,-1.2,9.6
BAH,BOOZ ALLEN HAMILTON INC,47QFAA24F0006,2026-03-31,7023260.77,General Services Administration,Federal Acquisition Service,DELIVERY ORDER,2026-03-31,77.4468,78.3599,-1.17,59.71,2026-06-25,59,-22.9,83.4516,2026-04-07,4,7.75,39.76,2.0,,,,,,,3.0,7.28,4.58,0.18,5.47,3.81,-0.33,-8.25,2.54,-19.66,0.59
NOC,NORTHROP GRUMMAN SYSTEMS CORPORATION,HY023325PE023,2026-04-02,0.0,Department of Defense,Immediate Office of the Secretary of Defense,PURCHASE ORDER,2026-04-02,699.4217,693.9458,0.79,496.02,2026-06-29,59,-29.08,699.4217,2026-04-02,0,0.0,41.01,,,,,,,,-0.96,-2.14,-4.1,-3.18,-5.3,-16.35,-19.29,-23.03,-22.68,-27.18,-17.48
LDOS,"LEIDOS, INC.",N6523625F3003,2025-08-18,2237169.23,Department of Defense,Department of the Navy,DELIVERY ORDER,2025-08-18,176.2684,175.7835,0.28,175.8627,2025-09-03,11,-0.23,197.9062,2025-11-04,55,12.28,12.53,22.0,33.0,,,,,,0.35,1.3,1.96,2.96,1.56,0.16,3.41,6.32,8.68,11.54,5.24
HON,HONEYWELL INTERNATIONAL INC.,FA853826C0002,2026-03-02,2362671.12,Department of Defense,Department of the Air Force,DEFINITIVE CONTRACT,2026-03-02,258.7145,254.073,1.83,215.9203,2026-06-10,70,-16.54,258.7145,2026-03-02,0,0.0,19.82,,,,,,,,-1.69,-3.89,-4.21,-3.47,-5.45,-10.7,-8.87,-5.97,-15.72,-6.14,-12.48
LDOS,"LEIDOS SECURITY DETECTION & AUTOMATION, INC.",70T04018F5DAP2068,2025-09-04,246595.38,Department of Homeland Security,Transportation Security Administration,DELIVERY ORDER,2025-09-04,176.7237,175.8627,0.49,176.5554,2025-09-08,2,-0.1,197.9062,2025-11-04,43,11.99,12.09,10.0,22.0,,,,,,0.24,0.25,3.67,2.55,5.03,5.17,9.76,3.49,9.3,7.24,10.22
LDOS,"LEIDOS, INC.",FA865022C1028,2025-12-08,365000.0,Department of Defense,Department of the Air Force,DEFINITIVE CONTRACT,2025-12-08,184.091,185.2811,-0.64,152.3419,2026-04-10,84,-17.25,197.153,2026-01-09,22,7.1,29.41,18.0,,,,,,,-0.36,2.65,0.41,-2.07,0.45,0.16,5.41,4.46,-7.43,-3.95,-16.2
BAH,BOOZ ALLEN HAMILTON INC,FA865023C1054,2026-02-10,471000.0,Department of Defense,Department of the Air Force,DEFINITIVE CONTRACT,2026-02-10,88.6018,88.7791,-0.2,63.33,2026-06-22,90,-28.52,88.6018,2026-02-10,0,0.0,39.9,,,,,,,,-11.3,-11.14,-12.3,-13.51,-15.86,-11.28,-13.62,-10.25,-7.37,-13.91,-28.52
LDOS,"LEIDOS, INC.",FA945124FX005,2025-08-21,0.0,Department of Defense,Department of the Air Force,DELIVERY ORDER,2025-08-21,178.5643,178.2872,0.16,175.8627,2025-09-03,8,-1.51,197.9062,2025-11-04,52,10.83,12.53,28.0,33.0,,,,,,0.72,1.06,0.51,0.25,-0.8,2.6,4.34,8.63,5.51,6.31,2.07
HII,HUNTINGTON INGALLS INCORPORATED,N0002425C4229,2025-12-02,1767660.0,Department of Defense,Department of the Navy,DEFINITIVE CONTRACT,2025-12-02,304.9261,304.3801,0.18,302.3254,2025-12-05,3,-0.85,451.7788,2026-03-02,60,48.16,49.43,6.0,14.0,14.0,25.0,28.0,,,0.66,-0.85,2.52,6.35,6.38,15.08,13.85,36.35,29.48,48.16,29.98
BAH,BOOZ ALLEN HAMILTON INC,693KA922F00137,2025-09-24,-62618.86,Department of Transportation,Federal Aviation Administration,DELIVERY ORDER,2025-09-24,97.1533,96.2236,0.97,78.7024,2025-11-20,41,-18.99,101.8113,2025-10-07,9,4.79,29.36,,,,,,,,-1.76,-0.39,3.34,4.77,3.68,-1.49,1.02,-12.76,-15.59,-12.8,-15.85
ACN,ACCENTURE FEDERAL SERVICES LLC,19AQMM25F7037,2025-09-30,5188558.82,Department of State,Department of State,BPA CALL,2025-09-30,241.621,242.013,-0.16,228.8639,2026-02-05,88,-5.28,282.7142,2026-01-14,73,17.01,23.53,44.0,45.0,73.0,,,,,-1.17,-0.52,1.88,2.21,-0.97,-1.79,0.47,-1.64,10.64,9.48,-3.99
GD,"GENERAL DYNAMICS INFORMATION TECHNOLOGY, INC.",70T01021F7670N011,2025-09-24,6360699.73,Department of Homeland Security,Transportation Security Administration,DELIVERY ORDER,2025-09-24,318.0097,317.597,0.13,318.0097,2025-09-24,0,0.0,364.0791,2026-01-16,79,14.49,14.49,4.0,70.0,,,,,,0.25,2.64,5.29,6.18,7.05,4.13,5.99,6.43,5.54,4.7,10.73
GD,"GENERAL DYNAMICS MISSION SYSTEMS, INC.",W15P7T21F0186,2025-08-25,400000.0,Department of Defense,Department of the Army,DELIVERY ORDER,2025-08-25,314.3444,314.0692,0.09,314.3444,2025-08-25,0,0.0,349.165,2025-10-27,44,11.08,11.08,25.0,43.0,,,,,,0.72,1.57,1.41,0.8,0.45,2.22,1.17,7.36,8.85,7.16,7.82
BAH,BOOZ ALLEN HAMILTON INC,FA807524F0020,2026-01-22,754205.0,Department of Defense,Department of the Air Force,DELIVERY ORDER,2026-01-22,94.3247,94.1376,0.2,71.0549,2026-05-13,77,-24.67,100.6977,2026-01-23,1,6.76,41.72,1.0,,,,,,,6.76,-6.47,-7.34,-8.63,-11.74,-16.68,-21.86,-13.83,-17.41,-15.07,-15.47
BA,THE BOEING COMPANY,FA865121F1028,2026-02-26,0.0,Department of Defense,Department of the Air Force,DELIVERY ORDER,2026-02-26,229.41,230.36,-0.41,189.21,2026-03-30,22,-17.52,240.6,2026-05-13,53,4.88,27.16,,,,,,,,-0.82,-2.31,-3.2,-1.92,-10.74,-10.21,-16.95,-5.13,-0.88,-4.53,-1.94
LDOS,"LEIDOS, INC.",N0016725F0078,2025-10-16,350000.0,Department of Defense,Department of the Navy,DELIVERY ORDER,2025-10-16,182.8909,185.0332,-1.16,160.5633,2026-02-17,83,-12.21,197.9062,2025-11-04,13,8.21,23.26,13.0,,,,,,,0.05,4.74,3.79,2.55,3.53,5.78,3.8,3.63,0.37,6.5,-4.42
PSN,PARSONS GOVERNMENT SERVICES INC.,47QFCA21F0042,2025-12-03,5443577.0,General Services Administration,Federal Acquisition Service,DELIVERY ORDER,2025-12-03,82.9,82.88,0.02,50.04,2026-03-20,73,-39.64,84.46,2025-12-04,1,1.88,68.78,,,,,,,,1.88,-23.8,-19.16,-23.61,-27.38,-24.32,-19.75,-12.58,-16.19,-19.59,-31.76
GE,GENERAL ELECTRIC COMPANY,FA862625FB006,2025-09-29,0.0,Department of Defense,Department of the Air Force,DELIVERY ORDER,2025-09-29,292.5034,293.4896,-0.34,282.5118,2025-12-10,51,-3.42,326.6564,2026-01-06,68,11.68,15.63,20.0,67.0,,,,,,2.45,1.98,1.56,3.04,1.33,2.22,5.5,6.24,-1.47,7.46,9.45
LDOS,"LEIDOS, INC.",N0016722F3005,2025-09-15,0.0,Department of Defense,Department of the Navy,DELIVERY ORDER,2025-09-15,181.2248,181.9488,-0.4,179.3204,2025-12-31,75,-1.05,197.9062,2025-11-04,36,9.2,10.36,13.0,,,,,,,-0.08,2.42,2.81,2.56,1.58,7.03,2.48,3.49,3.32,1.21,4.89
PSN,PARSONS GOVERNMENT SERVICES INC.,W911QX21F0013,2026-03-30,0.0,Department of Defense,Department of the Army,DELIVERY ORDER,2026-03-30,52.21,52.51,-0.57,40.32,2026-07-29,83,-22.77,62.03,2026-07-28,82,18.81,53.84,2.0,6.0,43.0,,,,,3.75,7.87,7.74,9.42,7.26,5.19,-3.66,0.94,14.82,-9.88,-8.93
LMT,LOCKHEED MARTIN CORPORATION,H9225425F2897,2025-10-30,0.0,Department of Defense,U.S. Special Operations Command,DELIVERY ORDER,2025-10-30,480.3374,476.0315,0.9,434.0461,2025-12-01,21,-9.64,672.2988,2026-03-02,82,39.96,54.89,44.0,48.0,51.0,55.0,62.0,,,0.44,-0.97,-4.25,-7.68,-6.92,-4.05,-9.64,-1.19,7.41,22.89,35.03
PSN,PARSONS GOVERNMENT SERVICES INC.,47QFCA21F0042,2026-01-29,11834332.0,General Services Administration,Federal Acquisition Service,DELIVERY ORDER,2026-01-29,70.9,71.71,-1.13,48.74,2026-05-11,70,-31.26,70.9,2026-01-29,0,0.0,45.47,,,,,,,,-1.18,-3.61,-4.77,-2.0,-11.61,-7.01,-4.29,-22.5,-20.48,-27.36,-17.48
ACN,ACCENTURE FEDERAL SERVICES LLC,89303025FCR000004,2025-08-22,0.0,Department of Energy,Department of Energy,BPA CALL,2025-08-22,253.9862,248.8618,2.06,227.8645,2025-09-25,23,-10.28,269.1145,2025-12-15,79,5.96,18.1,71.0,,,,,,,-1.22,-0.81,0.29,-1.96,-1.41,-7.98,-9.15,-4.26,-3.26,-6.9,3.5
NOC,NORTHROP GRUMMAN SYSTEMS CORPORATION,FA861517C6047,2025-11-12,0.0,Department of Defense,Department of the Air Force,DEFINITIVE CONTRACT,2025-11-12,552.1093,560.1848,-1.44,541.3857,2025-12-01,12,-1.94,764.6547,2026-03-02,73,38.5,41.24,27.0,39.0,42.0,47.0,65.0,,,-0.1,0.8,1.15,1.46,1.53,-0.54,2.42,3.78,18.15,23.13,24.65
LMT,LOCKHEED MARTIN CORPORATION,FA823222F0234,2025-09-29,113433.0,Department of Defense,Department of the Air Force,DELIVERY ORDER,2025-09-29,482.5541,478.1011,0.93,434.0461,2025-12-01,44,-10.05,628.5509,2026-02-02,86,30.26,44.81,68.0,71.0,74.0,78.0,86.0,,,1.47,1.5,4.52,4.48,2.41,0.64,-1.26,-8.11,-9.51,-1.17,27.71
LMT,LOCKHEED MARTIN CORPORATION,FA852721F0047,2026-03-24,0.0,Department of Defense,Defense Contract Management Agency,DELIVERY ORDER,2026-03-24,606.2015,612.2419,-0.99,491.64,2026-06-24,63,-18.9,633.7512,2026-04-06,8,4.54,28.91,,,,,,,,2.3,0.93,-0.95,2.07,3.0,0.23,-13.17,-15.72,-11.96,-15.71,-3.28
LDOS,"LEIDOS, INC.",FA823226FB021,2025-11-13,1075728.29,Department of Defense,Department of the Air Force,DELIVERY ORDER,2025-11-13,189.744,191.43,-0.88,157.0253,2026-03-26,90,-17.24,197.153,2026-01-09,38,3.9,25.55,,,,,,,,0.05,-1.16,-2.96,-2.36,-0.11,0.57,-2.59,-2.83,0.65,-9.37,-17.24
LDOS,"LEIDOS, INC.",70RTAC24FR0000105,2025-12-16,0.0,Department of Homeland Security,Office of Procurement Operations,DELIVERY ORDER,2025-12-16,181.0699,184.8372,-2.04,143.7323,2026-04-27,89,-20.62,197.153,2026-01-09,16,8.88,37.17,12.0,,,,,,,-0.44,1.38,2.28,2.03,-0.97,7.93,6.88,3.36,-5.58,-7.85,-19.57
CACI,"CACI, INC. - FEDERAL",N0018923F3020,2026-03-02,7455385.9,Department of Defense,Department of the Navy,DELIVERY ORDER,2026-03-02,624.96,610.17,2.42,443.26,2026-06-25,80,-29.07,633.21,2026-03-09,5,1.32,42.85,,,,,,,,0.77,-1.99,1.32,-3.29,-3.14,-2.97,-12.98,-14.62,-20.95,-18.26,-22.16
NOC,NORTHROP GRUMMAN SYSTEMS CORPORATION,N0038325FN32D,2026-03-24,0.0,Department of Defense,Department of the Navy,DELIVERY ORDER,2026-03-24,679.1708,677.0203,0.32,496.02,2026-06-29,66,-26.97,699.4217,2026-04-02,7,2.98,41.01,,,,,,,,1.33,-0.46,0.01,2.98,0.78,-0.3,-13.85,-17.97,-18.01,-23.22,-19.24
BAH,BOOZ ALLEN HAMILTON INC,FA807525F0041,2025-11-05,566733.0,Department of Defense,Department of the Air Force,DELIVERY ORDER,2025-11-05,84.7547,83.6293,1.35,73.705,2026-02-23,73,-13.04,100.6977,2026-01-23,53,18.81,36.62,22.0,44.0,53.0,,,,,-1.2,0.8,-2.03,-3.64,-6.52,-2.78,2.28,-0.04,12.47,-3.54,-7.88
BAH,BOOZ ALLEN HAMILTON INC,HC102825F0166,2026-02-06,317195.56,Department of Defense,Defense Information Systems Agency,BPA CALL,2026-02-06,87.6759,83.2532,5.31,71.0549,2026-05-13,66,-18.96,88.7791,2026-02-09,1,1.26,24.94,,,,,,,,1.26,-10.36,-10.21,-11.37,-15.93,-10.76,-12.24,-9.55,-7.83,-13.67,-18.91
BA,THE BOEING COMPANY,FA810720F0001,2026-01-29,50250000.0,Department of Defense,Department of the Air Force,DELIVERY ORDER,2026-01-29,234.04,241.59,-3.13,189.21,2026-03-30,41,-19.15,244.71,2026-02-09,7,4.56,29.33,,,,,,,,-0.14,-0.38,1.24,4.56,2.27,-0.14,-1.84,-10.32,-9.29,-1.16,-8.34
BA,THE BOEING COMPANY,N0001920F0647,2025-08-28,15649047.0,Department of Defense,Department of the Navy,DELIVERY ORDER,2025-08-28,236.16,235.62,0.23,179.12,2025-11-24,61,-24.15,237.38,2025-09-02,2,0.52,32.53,,,,,,,,-0.63,-1.6,-2.77,-2.81,-8.56,-8.68,-8.08,-10.77,-14.88,-23.91,-3.4
BA,THE BOEING COMPANY,N0042120F1134,2025-12-01,-247558.76,Department of Defense,Department of the Navy,DELIVERY ORDER,2025-12-01,186.46,189.0,-1.34,186.46,2025-12-01,0,0.0,252.15,2026-01-23,36,35.23,35.23,1.0,1.0,15.0,22.0,29.0,,,10.15,8.26,10.62,6.58,10.21,14.81,16.44,30.11,27.08,22.03,19.14
BAH,BOOZ ALLEN HAMILTON INC,47QFWA21F0008,2026-02-25,516723.85,General Services Administration,Federal Acquisition Service,DELIVERY ORDER,2026-02-25,74.5486,75.1342,-0.78,59.71,2026-06-25,83,-19.9,83.4516,2026-04-07,28,11.94,39.76,1.0,26.0,,,,,,6.2,3.59,4.31,9.03,1.11,2.68,6.95,5.88,3.54,1.65,-15.08
GD,"GENERAL DYNAMICS INFORMATION TECHNOLOGY, INC.",68HERD24F0097,2025-09-24,27648.0,Environmental Protection Agency,Environmental Protection Agency,BPA CALL,2025-09-24,318.0097,317.597,0.13,318.0097,2025-09-24,0,0.0,364.0791,2026-01-16,79,14.49,14.49,4.0,70.0,,,,,,0.25,2.64,5.29,6.18,7.05,4.13,5.99,6.43,5.54,4.7,10.73
LDOS,"LEIDOS, INC.",15JPSS21F00000421,2025-09-23,399000.0,Department of Justice,"Offices, Boards and Divisions",DELIVERY ORDER,2025-09-23,185.5687,186.3224,-0.4,179.3204,2025-12-31,69,-3.37,197.9062,2025-11-04,30,6.65,10.36,9.0,,,,,,,0.15,-1.18,0.99,3.09,5.29,-0.63,0.73,6.65,2.35,-2.85,0.73
CACI,"CACI, INC. - FEDERAL",80TECH24CA002,2026-02-12,6058228.2,National Aeronautics and Space Administration,National Aeronautics and Space Administration,DEFINITIVE CONTRACT,2026-02-12,561.39,572.83,-2.0,449.72,2026-06-22,88,-19.89,633.21,2026-03-09,16,12.79,40.8,4.0,11.0,,,,,,2.12,1.0,4.39,4.39,8.69,9.11,7.83,0.41,-7.0,-14.04,-17.7
CAT,CATERPILLAR INC,W911RQ26FA020,2026-01-06,1008000.0,Department of Defense,Department of the Army,DELIVERY ORDER,2026-01-06,619.3055,612.3579,1.13,592.8969,2026-01-07,1,-4.26,925.2136,2026-05-06,83,49.4,56.05,16.0,18.0,22.0,25.0,73.0,,,-4.26,-0.88,2.16,3.87,3.82,2.78,9.12,22.34,12.72,15.38,43.17
CACI,"CACI, INC. - FEDERAL",FA221725FB001,2026-03-25,200000.0,Department of Defense,Department of the Air Force,DELIVERY ORDER,2026-03-25,578.94,576.71,0.39,440.76,2026-07-21,80,-23.87,579.84,2026-03-26,1,0.16,31.55,,,,,,,,0.16,-3.53,-3.07,-1.21,-2.72,-8.16,-10.78,-15.38,-11.3,-22.32,-9.46
CACI,"CACI, INC. - FEDERAL",FA807524F0042,2026-01-29,830810.0,Department of Defense,Department of the Air Force,DELIVERY ORDER,2026-01-29,623.13,638.24,-2.37,480.99,2026-05-08,69,-22.81,637.27,2026-02-09,7,2.27,32.49,,,,,,,,-0.41,-0.69,-3.98,2.27,-9.91,-5.12,0.29,-2.63,-8.22,-19.46,-15.74
BA,BELL BOEING JOINT PROJECT OFFICE,N0001924F0014,2025-12-11,4198725.0,Department of Defense,Department of the Navy,DELIVERY ORDER,2025-12-11,200.71,198.72,1.0,189.21,2026-03-30,73,-5.73,252.15,2026-01-23,28,25.63,33.26,6.0,14.0,19.0,21.0,,,,1.83,2.99,3.77,8.04,7.84,13.48,21.84,21.85,19.04,6.67,16.66
NOC,NORTHROP GRUMMAN SYSTEMS CORPORATION,HR001125C0009,2025-09-15,519048.0,Department of Defense,Defense Advanced Research Projects Agency,DEFINITIVE CONTRACT,2025-09-15,567.8945,569.2981,-0.25,541.3857,2025-12-01,54,-4.67,667.8622,2026-01-23,90,17.6,23.36,11.0,17.0,86.0,,,,,0.84,-0.14,0.28,2.04,3.39,6.09,9.12,3.73,-2.0,-3.77,17.6
BAH,BOOZ ALLEN HAMILTON INC,FA807521F0005,2026-01-29,0.0,Department of Defense,Department of the Air Force,DELIVERY ORDER,2026-01-29,87.4001,89.7346,-2.6,71.0549,2026-05-13,72,-18.7,88.7791,2026-02-09,7,1.58,24.94,,,,,,,,-0.35,-6.46,-4.74,1.58,-12.17,-9.22,-11.64,-11.12,-4.94,-13.48,-10.35
GD,GENERAL DYNAMICS LAND SYSTEMS INC.,W56HZV24F0142,2025-09-05,-1500000.0,Department of Defense,Department of the Army,DELIVERY ORDER,2025-09-05,317.2629,316.8502,0.13,315.7594,2025-09-09,2,-0.47,361.2358,2026-01-14,90,13.86,14.4,17.0,36.0,,,,,,-0.04,0.06,1.02,1.1,0.38,0.49,7.32,3.02,7.74,3.4,13.86
NOC,NORTHROP GRUMMAN SYSTEMS CORPORATION,FA854026FB006,2025-12-23,0.0,Department of Defense,Department of the Air Force,DELIVERY ORDER,2025-12-23,575.6745,580.2397,-0.79,556.1522,2026-05-05,90,-3.39,764.6547,2026-03-02,45,32.83,37.49,7.0,14.0,19.0,27.0,45.0,,,0.39,-0.39,-1.7,5.39,1.85,12.6,13.95,22.25,32.83,17.6,-3.39
ACN,ACCENTURE FEDERAL SERVICES LLC,89303022FIM000081,2026-03-27,0.0,Department of Energy,Department of Energy,BPA CALL,2026-03-27,188.7113,192.4542,-1.94,122.9615,2026-06-30,64,-34.84,197.265,2026-04-02,4,4.53,60.43,,,,,,,,2.57,2.32,3.3,0.64,0.51,3.49,-6.93,-9.76,-2.49,-32.38,-9.33
NOC,NORTHROP GRUMMAN SYSTEMS CORPORATION,HR001124C0459,2025-12-12,0.0,Department of Defense,Defense Advanced Research Projects Agency,DEFINITIVE CONTRACT,2025-12-12,565.4523,555.8058,1.74,555.2898,2025-12-18,4,-1.8,764.6547,2026-03-02,52,35.23,37.7,14.0,19.0,23.0,30.0,52.0,,,1.06,-0.98,-0.23,1.81,1.41,7.29,14.63,20.95,29.33,29.64,1.26
BA,THE BOEING COMPANY,N0001924F2595,2025-09-25,1902388.45,Department of Defense,Department of the Navy,DELIVERY ORDER,2025-09-25,213.53,215.1,-0.73,179.12,2025-11-24,42,-16.11,252.15,2026-01-23,82,18.09,40.77,9.0,74.0,77.0,,,,,3.62,1.08,1.83,2.9,1.16,0.22,3.66,-7.98,-11.49,0.26,10.5
LDOS,"LEIDOS, INC.",NSFDACS1219442,2026-01-13,45000000.0,National Science Foundation,National Science Foundation,DEFINITIVE CONTRACT,2026-01-13,194.7873,194.4294,0.18,122.6069,2026-05-21,89,-37.06,194.7873,2026-01-13,0,0.0,58.87,,,,,,,,-2.62,-0.64,-1.96,-2.41,-4.18,-3.15,-12.51,-10.26,-15.1,-21.79,-35.54
PSN,PARSONS GOVERNMENT SERVICES INTERNATIONAL INC.,89233124FNA400574,2025-08-15,932572.08,Department of Energy,Department of Energy,DELIVERY ORDER,2025-08-15,79.55,79.64,-0.11,60.2,2025-12-17,86,-24.32,89.29,2025-10-08,37,12.24,48.32,32.0,35.0,,,,,,-0.18,-2.04,0.34,0.45,0.69,-4.9,-5.19,2.92,6.83,7.94,-21.13
BA,THE BOEING COMPANY,HQ014719C0004,2025-10-29,0.0,Department of Defense,Missile Defense Agency,DEFINITIVE CONTRACT,2025-10-29,213.58,223.33,-4.37,179.12,2025-11-24,18,-16.13,252.15,2026-01-23,58,18.06,40.77,44.0,50.0,53.0,,,,,-6.32,-4.23,-7.47,-8.88,-8.47,-11.21,-11.51,-6.03,6.81,14.51,0.24
BAH,BOOZ ALLEN HAMILTON INC,W15P7T25C0002,2025-09-16,600000.0,Department of Defense,Department of the Army,DEFINITIVE CONTRACT,2025-09-16,99.6486,99.4431,0.21,78.7024,2025-11-20,47,-21.02,101.8113,2025-10-07,15,2.17,29.36,,,,,,,,-0.25,0.3,-3.44,-4.22,-1.85,1.78,-5.38,-15.98,-19.97,-8.05,-7.15
HII,HUNTINGTON INGALLS INC,N0002416C2116,2025-11-14,0.0,Department of Defense,Department of the Navy,DEFINITIVE CONTRACT,2025-11-14,310.2776,308.993,0.42,298.2804,2025-11-20,4,-3.87,451.7788,2026-03-02,71,45.6,51.46,20.0,25.0,33.0,36.0,39.0,,,-1.35,-1.35,-2.7,0.24,-1.9,-2.56,4.55,9.4,35.69,30.13,22.52
LDOS,"LEIDOS, INC.",W56JSR24F0004,2025-12-17,2757041.1,Department of Defense,Department of the Army,DELIVERY ORDER,2025-12-17,180.2747,181.0699,-0.44,143.7323,2026-04-27,88,-20.27,197.153,2026-01-09,15,9.36,37.17,11.0,,,,,,,-0.09,2.58,2.91,2.28,1.16,7.64,5.27,3.68,-3.99,-6.6,-19.35
BA,THE BOEING COMPANY,FA865923FB001,2025-10-17,0.0,Department of Defense,Department of the Air Force,DELIVERY ORDER,2025-10-17,212.94,211.89,0.5,179.12,2025-11-24,26,-15.88,252.15,2026-01-23,66,18.41,40.77,52.0,57.0,61.0,,,,,1.82,1.71,3.95,4.88,-5.6,-7.72,-9.92,-12.44,1.83,13.93,6.85
GD,"GENERAL DYNAMICS OTS (WILKES BARRE), LLC",W52P1J22F0383,2025-09-30,3260036.0,Department of Defense,Department of the Army,DELIVERY ORDER,2025-09-30,335.0884,326.4115,2.66,326.2867,2025-10-16,12,-2.63,364.0791,2026-01-16,75,8.65,11.58,67.0,,,,,,,-0.07,0.77,0.71,0.52,-1.18,-0.68,1.17,3.8,-0.42,1.73,6.5
LMT,LOCKHEED MARTIN CORPORATION,0016,2026-03-04,0.0,Department of Defense,Department of the Navy,DELIVERY ORDER,2026-03-04,660.1583,663.4766,-0.5,491.64,2026-06-24,77,-25.53,667.4009,2026-03-06,2,1.1,35.75,,,,,,,,-1.43,-0.05,-2.26,-2.78,-3.34,-8.17,-6.27,-8.58,-22.89,-20.17,-21.99
GD,"GENERAL DYNAMICS MISSION SYSTEMS, INC.",W15P7T25F0185,2026-03-31,290983.96,Department of Defense,Department of the Army,DELIVERY ORDER,2026-03-31,340.1362,337.728,0.71,311.1606,2026-04-27,18,-8.52,395.97,2026-08-10,90,16.42,27.26,50.0,65.0,81.0,,,,,2.13,2.38,1.98,-1.9,-0.81,-4.72,0.78,-0.08,-0.04,1.49,16.42
HII,HUNTINGTON INGALLS INCORPORATED,N0002416C2427,2025-11-17,0.0,Department of Defense,Department of the Navy,DEFINITIVE CONTRACT,2025-11-17,306.0974,310.2776,-1.35,298.2804,2025-11-20,3,-2.55,451.7788,2026-03-02,70,47.59,51.46,17.0,24.0,26.0,35.0,38.0,,,-0.19,-2.55,0.06,1.48,-0.38,2.43,4.19,10.28,35.74,35.8,20.06
LDOS,"LEIDOS, INC.",W15P7T25F0236,2026-03-10,0.0,Department of Defense,Department of the Army,DELIVERY ORDER,2026-03-10,171.4776,178.4655,-3.92,100.0,2026-06-25,74,-41.68,172.8195,2026-03-13,3,0.78,72.82,,,,,,,,0.5,0.78,-1.8,-3.56,-7.61,-10.4,-9.56,-12.42,-27.84,-27.61,-37.59
NOC,NORTHROP GRUMMAN SYSTEMS CORPORATION,W58RGZ23F0107,2025-08-14,0.0,Department of Defense,Department of the Army,DELIVERY ORDER,2025-08-14,574.7094,573.1046,0.28,541.3857,2025-12-01,75,-5.8,630.571,2025-10-08,38,9.72,16.47,36.0,,,,,,,0.04,0.43,2.31,0.52,0.72,-0.29,-1.19,2.25,2.25,-2.21,0.96
HII,HUNTINGTON INGALLS INCORPORATED,N0002421C4205,2025-09-16,777869.0,Department of Defense,Department of the Navy,DEFINITIVE CONTRACT,2025-09-16,269.9772,269.8092,0.06,268.0601,2025-09-25,7,-0.71,422.7474,2026-01-16,85,56.59,57.71,10.0,29.0,32.0,61.0,69.0,82.0,,-0.27,0.71,1.03,-0.71,5.39,5.6,4.31,9.5,13.17,18.81,52.05
GD,"GENERAL DYNAMICS INFORMATION TECHNOLOGY, INC.",1333BJ20F00280037,2026-01-05,-15188.0,Department of Commerce,U.S. Patent and Trademark Office,DELIVERY ORDER,2026-01-05,350.9317,338.93,3.54,311.1606,2026-04-27,77,-11.33,364.0791,2026-01-16,9,3.75,17.01,,,,,,,,1.45,-1.16,1.51,2.94,1.43,2.66,-0.21,-1.31,-0.07,-1.01,-3.36
BA,THE BOEING COMPANY,H9224119F0015,2025-09-29,-6932.69,Department of Defense,U.S. Special Operations Command,DELIVERY ORDER,2025-09-29,217.08,221.26,-1.89,179.12,2025-11-24,40,-17.49,252.15,2026-01-23,80,16.16,40.77,67.0,72.0,78.0,,,,,-0.58,0.16,1.22,3.8,-0.7,-1.91,2.88,-10.26,-5.39,-0.11,11.95
CACI,"CACI, INC. - FEDERAL",N0018925F3025,2025-09-17,300000.0,Department of Defense,Department of the Navy,DELIVERY ORDER,2025-09-17,495.63,491.37,0.87,476.24,2025-09-25,6,-3.91,662.19,2026-01-23,88,33.61,39.05,12.0,26.0,26.0,44.0,87.0,,,0.18,1.24,0.32,-2.03,3.94,6.12,4.56,13.43,21.63,18.34,29.78
GD,"GENERAL DYNAMICS INFORMATION TECHNOLOGY, INC.",HT940214F0006,2026-03-05,0.0,Department of Defense,Defense Health Agency,DELIVERY ORDER,2026-03-05,357.4591,362.8304,-1.48,311.1606,2026-04-27,36,-12.95,376.88,2026-07-06,83,5.43,21.12,83.0,,,,,,,0.77,-1.42,-1.52,-1.76,-3.07,-2.27,-2.58,-6.33,-3.48,-5.52,2.29
BA,THE BOEING COMPANY,S2606A24F0030,2026-03-09,0.0,Department of Defense,Defense Contract Management Agency,DELIVERY ORDER,2026-03-09,225.0,231.11,-2.64,189.21,2026-03-30,15,-15.91,240.6,2026-05-13,46,6.93,27.16,43.0,,,,,,,-3.22,-9.0,-5.12,-8.45,-11.82,-15.32,-3.2,-2.6,5.28,-6.41,-4.88
BAH,BOOZ ALLEN HAMILTON INC,W519TC24F2229,2026-03-12,-89791.14,Department of Defense,Department of the Army,DELIVERY ORDER,2026-03-12,76.5337,75.3724,1.54,59.71,2026-06-25,72,-21.98,83.4516,2026-04-07,17,9.04,39.76,15.0,,,,,,,1.5,0.01,4.82,3.62,4.18,4.23,6.1,2.11,-5.76,2.75,-5.23
SATL,IRIDIUM SATELLITE LLC,FA254125FB022,2025-10-20,0.0,Department of Defense,Department of the Air Force,DELIVERY ORDER,2025-10-20,2.52,2.72,-7.35,1.27,2025-11-20,23,-49.6,5.5,2026-01-27,67,118.25,333.07,55.0,55.0,55.0,57.0,57.0,64.0,65.0,-7.94,-11.9,-19.05,-26.19,-25.4,-34.52,-46.03,-38.1,-19.84,38.49,25.79
LMT,LOCKHEED MARTIN CORPORATION,H9225418F2079,2025-08-28,-177719.25,Department of Defense,U.S. Special Operations Command,DELIVERY ORDER,2025-08-28,444.1993,442.5342,0.38,434.0461,2025-12-01,65,-2.29,515.9257,2026-01-06,89,16.15,18.86,16.0,22.0,89.0,,,,,-0.12,-0.84,2.43,0.92,4.07,4.58,8.63,11.52,8.61,1.75,10.55
BAH,BOOZ ALLEN HAMILTON INC,W56KGU24F0009,2026-03-25,1312947.28,Department of Defense,Department of the Army,DELIVERY ORDER,2026-03-25,79.5212,78.2905,1.57,59.71,2026-06-25,63,-24.91,83.4516,2026-04-07,8,4.94,39.76,,,,,,,,0.26,-1.46,0.31,4.48,-0.74,2.72,-1.72,-4.08,-1.17,-20.36,-7.46
BAH,BOOZ ALLEN HAMILTON INC,0001,2025-09-23,-33729.67,Department of Defense,Department of the Army,DELIVERY ORDER,2025-09-23,96.2236,97.6523,-1.46,78.7024,2025-11-20,42,-18.21,101.8113,2025-10-07,10,5.81,29.36,8.0,,,,,,,0.97,0.76,1.65,4.86,5.81,-2.07,0.42,-13.09,-14.37,-11.4,-10.43
LMT,LOCKHEED MARTIN CORP,N0003022C1025,2026-03-31,234075347.0,Department of Defense,Department of the Navy,DEFINITIVE CONTRACT,2026-03-31,600.4591,594.6769,0.97,491.64,2026-06-24,58,-18.12,633.7512,2026-04-06,3,5.54,28.91,3.0,,,,,,,2.19,5.54,3.99,1.54,1.11,-5.37,-14.3,-13.97,-13.56,-15.5,0.45
LMT,LOCKHEED MARTIN CORPORATION,W31P4Q22F0158,2025-12-11,-70894.43,Department of Defense,Department of the Army,DELIVERY ORDER,2025-12-11,469.3181,462.4593,1.48,464.6336,2025-12-18,5,-1.0,672.2988,2026-03-02,53,43.25,44.69,15.0,19.0,20.0,22.0,32.0,,,1.13,0.46,-1.0,1.83,1.72,4.67,17.57,25.28,36.84,37.49,12.15
PSN,PARSONS GOVERNMENT SERVICES INC.,HT942523F0316,2025-09-15,1331973.48,Department of Defense,Defense Health Agency,DELIVERY ORDER,2025-09-15,76.18,76.62,-0.57,60.2,2025-12-17,66,-20.98,89.29,2025-10-08,17,17.21,48.32,2.0,12.0,15.0,,,,,-1.0,6.89,6.76,5.89,7.47,14.83,12.9,10.17,7.02,-14.47,-4.53
IBM,INTERNATIONAL BUSINESS MACHINES CORPORATION,15BNAS21FRCA00031,2025-12-17,1556916.8,Department of Justice,Federal Prison System / Bureau of Prisons,DELIVERY ORDER,2025-12-17,297.2645,297.1272,0.05,220.139,2026-02-23,44,-25.95,308.4467,2026-02-02,30,3.76,40.11,,,,,,,,-0.95,-0.17,0.41,0.8,-3.9,-0.2,-3.95,3.76,-23.97,-15.08,-24.7
NOC,NORTHROP GRUMMAN SYSTEMS CORPORATION,N6833517F0213,2025-12-18,-8448.2,Department of Defense,Defense Contract Management Agency,DELIVERY ORDER,2025-12-18,555.2898,559.9244,-0.83,555.2898,2025-12-18,0,0.0,764.6547,2026-03-02,48,37.7,37.7,10.0,14.0,17.0,23.0,41.0,,,1.6,3.67,3.19,2.69,9.26,10.6,18.7,26.0,26.16,29.96,3.9
BA,THE BOEING COMPANY,W58RGZ26F0117,2026-01-23,9130739.0,Department of Defense,Department of the Army,DELIVERY ORDER,2026-01-23,252.15,251.41,0.29,189.21,2026-03-30,45,-24.96,252.15,2026-01-23,0,0.0,33.26,,,,,,,,-1.48,-4.19,-7.31,-7.54,-3.62,-5.08,-7.44,-10.77,-24.96,-13.08,-16.49
TXT,BELL TEXTRON INC,W58RGZ25F0272,2025-08-15,0.0,Department of Defense,Department of the Army,DELIVERY ORDER,2025-08-15,78.8186,80.2473,-1.78,78.8186,2025-08-15,0,0.0,90.8408,2025-12-22,89,15.25,15.25,21.0,34.0,89.0,,,,,0.23,0.51,3.35,3.16,1.61,3.25,5.78,6.54,4.47,4.04,14.77
LMT,LOCKHEED MARTIN CORP,FA880723F0007,2026-02-11,0.0,Department of Defense,Department of the Air Force,DELIVERY ORDER,2026-02-11,621.3365,622.1863,-0.14,493.6,2026-06-22,89,-20.56,672.2988,2026-03-02,12,8.2,36.2,5.0,,,,,,,1.39,3.32,6.01,5.08,2.06,6.25,3.29,0.31,-5.31,-19.01,-18.94
GD,"GENERAL DYNAMICS MISSION SYSTEMS, INC.",W900KK25FA010,2025-09-10,913312.23,Department of Defense,Department of the Army,DELIVERY ORDER,2025-09-10,317.4496,315.7594,0.54,317.0663,2025-09-22,8,-0.12,364.0791,2026-01-16,89,14.69,14.83,14.0,80.0,,,,,,2.03,1.22,0.69,0.32,0.18,5.56,6.1,5.16,8.65,6.24,12.13
LMT,LOCKHEED MARTIN CORPORATION,FA861522F0004,2025-09-26,-36581.24,Department of Defense,Department of the Air Force,DELIVERY ORDER,2025-09-26,478.1011,475.0605,0.64,434.0461,2025-12-01,45,-9.21,628.5509,2026-02-02,87,31.47,44.81,6.0,72.0,74.0,77.0,86.0,,,0.93,2.37,3.5,4.85,3.61,1.19,-0.11,-5.97,-9.21,-0.04,25.92
BA,THE BOEING COMPANY,FA820724F0010,2026-01-27,2000000.0,Department of Defense,Department of the Air Force,DELIVERY ORDER,2026-01-27,244.56,248.43,-1.56,189.21,2026-03-30,43,-22.63,244.71,2026-02-09,9,0.06,29.33,,,,,,,,-1.21,-4.43,-4.67,-3.11,-0.81,-0.21,-6.19,-12.46,-15.23,-4.26,-11.9
LDOS,"LEIDOS, INC.",W56KGU20F0017,2026-01-28,12600000.0,Department of Defense,Department of the Army,DELIVERY ORDER,2026-01-28,186.6463,186.03,0.33,122.3678,2026-06-08,90,-34.44,193.5547,2026-02-10,9,3.7,58.17,,,,,,,,-0.31,0.14,0.36,2.78,-7.87,-8.65,-6.75,-7.43,-15.21,-22.02,-34.44
BA,THE BOEING COMPANY,FA945124CX038,2026-02-12,80000.0,Department of Defense,Department of the Air Force,DEFINITIVE CONTRACT,2026-02-12,239.35,236.26,1.31,189.21,2026-03-30,31,-20.95,244.04,2026-02-17,2,1.96,28.98,,,,,,,,1.51,-0.18,-3.06,-2.49,-4.94,-7.22,-10.81,-20.4,-5.96,-0.48,-7.98
GD,GENERAL DYNAMICS LAND SYSTEMS INC.,W56HZV19F0221,2025-09-25,0.0,Department of Defense,Department of the Army,DELIVERY ORDER,2025-09-25,318.8057,318.0097,0.25,318.8057,2025-09-25,0,0.0,364.0791,2026-01-16,78,14.2,14.2,3.0,69.0,,,,,,1.82,5.11,5.12,6.8,5.65,2.8,8.59,5.35,5.76,5.06,9.85
NOC,NORTHROP GRUMMAN SYSTEMS CORPORATION,HR001123C0053,2025-12-09,0.0,Department of Defense,Defense Advanced Research Projects Agency,DEFINITIVE CONTRACT,2025-12-09,546.467,549.3748,-0.53,546.467,2025-12-09,0,0.0,764.6547,2026-03-02,55,39.93,39.93,9.0,17.0,24.0,26.0,47.0,,,0.86,3.47,3.29,1.61,5.34,4.35,12.38,22.21,27.59,36.16,11.34
GD,"GENERAL DYNAMICS MISSION SYSTEMS, INC.",N0002421C6425,2026-01-30,22090112.0,Department of Defense,Department of the Navy,DEFINITIVE CONTRACT,2026-01-30,347.9355,346.8057,0.33,311.1606,2026-04-27,59,-10.57,362.8304,2026-03-04,22,4.28,16.61,,,,,,,,-1.34,0.65,2.56,2.2,-0.98,0.09,3.88,0.93,-0.76,-10.24,-2.4
GD,"GENERAL DYNAMICS INFORMATION TECHNOLOGY, INC.",140D0425F0725,2025-08-27,72275184.79,Department of the Interior,Departmental Offices,DELIVERY ORDER,2025-08-27,319.8178,316.5947,1.02,315.7594,2025-09-09,8,-1.27,356.0147,2026-01-06,90,11.32,12.75,26.0,90.0,,,,,,-0.17,-0.33,-0.93,-0.84,1.28,-0.06,1.5,5.32,6.36,4.75,11.32
LMT,LOCKHEED MARTIN CORPORATION,W31P4Q21C0021,2025-09-09,0.0,Department of Defense,Department of the Army,DEFINITIVE CONTRACT,2025-09-09,448.3031,450.3138,-0.45,434.0461,2025-12-01,58,-3.18,575.6083,2026-01-16,90,28.4,32.61,9.0,18.0,82.0,86.0,,,,1.49,3.12,3.78,3.62,6.48,7.64,12.46,7.1,0.0,-1.5,28.4
NOC,NORTHROP GRUMMAN SYSTEMS CORPORATION,FA823221F0151,2025-12-11,-17000.0,Department of Defense,Defense Contract Management Agency,DELIVERY ORDER,2025-12-11,555.8058,551.1612,0.84,555.2898,2025-12-18,5,-0.09,764.6547,2026-03-02,53,37.58,37.7,15.0,19.0,22.0,28.0,46.0,,,1.74,1.55,-0.09,4.4,3.09,4.57,11.69,21.19,29.42,31.33,5.27
LMT,LOCKHEED MARTIN CORP,FA881018C0005,2025-12-08,44114990.0,Department of Defense,Department of the Air Force,DEFINITIVE CONTRACT,2025-12-08,459.9293,446.9037,2.91,459.9293,2025-12-08,0,0.0,672.2988,2026-03-02,56,46.17,46.17,14.0,19.0,22.0,25.0,35.0,,,0.32,2.04,4.09,2.02,3.91,5.05,11.4,27.62,36.97,45.11,25.56
NOC,NORTHROP GRUMMAN SYSTEMS CORP,FA811020F0009,2025-09-29,-380818.0,Department of Defense,Department of the Air Force,DELIVERY ORDER,2025-09-29,587.1196,587.6434,-0.09,541.3857,2025-12-01,44,-7.79,703.7488,2026-02-06,90,19.86,29.99,7.0,74.0,83.0,,,,,2.58,1.86,4.13,7.4,4.19,0.09,0.18,-5.22,-7.54,-1.95,19.86
BA,THE BOEING COMPANY,N0001914C0067,2026-01-21,0.0,Department of Defense,Defense Contract Management Agency,DEFINITIVE CONTRACT,2026-01-21,250.07,249.0,0.43,189.21,2026-03-30,47,-24.34,252.15,2026-01-23,2,0.83,33.26,,,,,,,,0.54,-0.66,-3.39,-6.54,-5.65,-2.99,-7.21,-11.2,-22.28,-10.67,-10.31
GD,GENERAL DYNAMICS LAND SYSTEMS INC.,W912CH24F0001,2026-03-27,0.0,Department of Defense,Department of the Army,DELIVERY ORDER,2026-03-27,343.6444,352.0878,-2.4,311.1606,2026-04-27,20,-9.45,395.97,2026-08-10,90,15.23,27.26,55.0,78.0,90.0,,,,,-1.72,1.09,1.34,0.94,-1.27,-2.57,-9.12,-0.33,-2.19,-0.24,15.23
LMT,LOCKHEED MARTIN CORPORATION,W31P4Q22C0060,2026-01-21,52382136.0,Department of Defense,Department of the Army,DEFINITIVE CONTRACT,2026-01-21,579.3639,569.313,1.77,503.2157,2026-05-08,75,-13.14,672.2988,2026-03-02,27,16.04,33.6,6.0,17.0,27.0,,,,,1.31,-0.78,1.88,8.19,2.82,7.39,12.29,12.32,7.57,1.55,-10.85
GD,"GENERAL DYNAMICS MISSION SYSTEMS, INC.",N0002420C6112,2025-10-24,-80522.0,Department of Defense,Department of the Navy,DEFINITIVE CONTRACT,2025-10-24,346.2041,337.0547,2.71,328.0534,2025-12-01,25,-5.24,364.0791,2026-01-16,57,5.16,10.98,56.0,,,,,,,0.86,-2.08,-1.67,-2.08,-1.26,-1.91,-3.6,-4.21,-3.22,4.72,4.05
NOC,NORTHROP GRUMMAN SYSTEMS CORP,FA811025F0001,2026-02-04,96443.0,Department of Defense,Department of the Air Force,DELIVERY ORDER,2026-02-04,684.5352,699.65,-2.16,526.06,2026-06-03,82,-23.15,764.6547,2026-03-02,17,11.7,45.36,9.0,17.0,,,,,,0.98,1.2,-1.58,1.86,6.83,2.34,9.97,3.87,-2.01,-17.37,-20.42
ETN,"EATON AEROSPACE, LLC",SPRRA224C0012,2025-10-20,0.0,Department of Defense,Defense Logistics Agency,DEFINITIVE CONTRACT,2025-10-20,373.5255,369.1839,1.18,313.2,2025-12-17,41,-16.15,392.8041,2026-02-11,78,5.16,25.42,78.0,,,,,,,-1.12,-1.4,0.54,2.66,2.35,-0.76,-10.18,-11.56,-14.29,-11.47,0.2
ACN,ACCENTURE FEDERAL SERVICES LLC,89303021FIM000064,2025-08-21,372352.59,Department of Energy,Department of Energy,BPA CALL,2025-08-21,248.8618,249.9004,-0.42,227.8645,2025-09-25,24,-8.44,269.1145,2025-12-15,80,8.14,18.1,72.0,,,,,,,2.06,0.56,0.86,0.86,0.38,-3.87,-5.51,-3.41,-2.5,-3.46,6.3
LDOS,"LEIDOS, INC.",N6883625F7KVB,2025-12-22,55447.13,Department of Defense,Department of the Navy,DELIVERY ORDER,2025-12-22,184.9267,183.5748,0.74,143.7323,2026-04-27,85,-22.28,197.153,2026-01-09,12,6.61,37.17,8.0,,,,,,,0.15,-0.1,-1.45,-1.38,5.68,5.33,2.79,0.02,-5.88,-10.62,-19.81
CAT,CATERPILLAR INC,SPE8EC25F0653,2025-09-04,0.0,Department of Defense,Defense Logistics Agency,DELIVERY ORDER,2025-09-04,416.4711,411.4166,1.23,414.3601,2025-09-09,3,-0.51,632.6639,2026-01-13,90,51.91,52.68,9.0,10.0,20.0,27.0,39.0,89.0,,0.68,-0.51,2.66,3.74,11.12,11.8,18.47,28.73,35.98,37.41,51.91
BAH,BOOZ ALLEN HAMILTON INC,N6600123F0495,2025-09-11,158793.0,Department of Defense,Department of the Navy,DELIVERY ORDER,2025-09-11,101.6156,100.3043,1.31,78.7024,2025-11-20,50,-22.55,102.3789,2025-09-12,1,0.75,30.08,,,,,,,,0.75,-1.94,-2.53,-3.9,-6.08,-1.19,-6.45,-3.42,-18.9,-14.69,-7.36
ACN,ACCENTURE FEDERAL SERVICES LLC,19AQMM23F3430,2025-12-09,327029.29,Department of State,Department of State,BPA CALL,2025-12-09,264.0881,261.1193,1.14,177.3969,2026-04-10,83,-32.83,282.7143,2026-01-14,24,7.05,59.37,24.0,,,,,,,1.0,0.75,0.93,0.16,0.46,0.17,4.13,4.28,-16.81,-22.32,-27.26
TXT,BELL TEXTRON INC,SPRPA125F0026,2025-11-24,498854.98,Department of Defense,Defense Logistics Agency,DELIVERY ORDER,2025-11-24,82.3355,81.2762,1.3,81.9457,2025-12-01,4,-0.47,100.7265,2026-02-20,59,22.34,22.92,12.0,19.0,38.0,56.0,,,,0.64,0.93,0.05,0.91,1.83,6.76,10.32,11.34,6.91,19.95,6.47
LDOS,"LEIDOS, INC.",75FCMC23F0076,2025-09-29,3500000.0,Department of Health and Human Services,Centers for Medicare and Medicaid Services,DELIVERY ORDER,2025-09-29,184.0811,183.3769,0.38,179.3204,2025-12-31,65,-2.59,197.9062,2025-11-04,26,7.51,10.36,4.0,,,,,,,1.8,3.92,6.7,6.8,0.18,-0.59,1.19,6.07,0.79,0.61,4.21
BA,THE BOEING COMPANY,N0042125F0228,2026-01-08,0.0,Department of Defense,Department of the Navy,DELIVERY ORDER,2026-01-08,227.38,228.12,-0.32,189.21,2026-03-30,55,-16.79,252.15,2026-01-23,10,10.89,33.26,2.0,9.0,,,,,,3.14,7.55,8.95,9.51,10.89,2.93,7.62,1.35,-6.12,-7.64,-5.44
GD,"GENERAL DYNAMICS INFORMATION TECHNOLOGY, INC.",HT942525F0063,2026-02-19,-296109.0,Department of Defense,Defense Health Agency,DELIVERY ORDER,2026-02-19,351.1562,346.3498,1.39,311.1606,2026-04-27,46,-11.39,362.8304,2026-03-04,9,3.32,16.61,,,,,,,,-0.82,-0.89,-1.02,2.95,1.79,-0.14,-2.42,-1.48,-11.2,-5.16,0.44
NOC,NORTHROP GRUMMAN SYSTEMS CORPORATION,FA248722CA009,2026-02-19,312068.0,Department of Defense,Department of the Air Force,DEFINITIVE CONTRACT,2026-02-19,731.299,719.35,1.66,496.02,2026-06-29,89,-32.17,764.6547,2026-03-02,7,4.56,54.16,,,,,,,,-1.81,-0.92,-3.22,4.56,0.75,-0.18,-3.75,-4.36,-21.7,-26.39,-30.36
BAH,BOOZ ALLEN HAMILTON INC,FA807524F0010,2026-01-21,-1976.42,Department of Defense,Department of the Air Force,DELIVERY ORDER,2026-01-21,94.1376,92.0592,2.26,71.0549,2026-05-13,78,-24.52,100.6977,2026-01-23,2,6.97,41.72,2.0,,,,,,,0.2,-1.72,-4.68,-7.48,-11.02,-5.88,-18.59,-15.86,-15.31,-13.79,-11.38
LDOS,"LEIDOS, INC.",31310021F0135,2026-03-13,300000.0,Nuclear Regulatory Commission,Nuclear Regulatory Commission,BPA CALL,2026-03-13,172.8195,172.7698,0.03,100.0,2026-06-25,71,-42.14,172.8195,2026-03-13,0,0.0,72.82,,,,,,,,-3.45,-3.85,-4.36,-8.33,-10.32,-8.42,-9.95,-16.83,-28.02,-28.78,-33.49
BA,THE BOEING COMPANY,FA860923F0010,2025-08-26,12184376.22,Department of Defense,Department of the Air Force,DELIVERY ORDER,2025-08-26,234.83,226.87,3.51,179.12,2025-11-24,63,-23.72,237.38,2025-09-02,4,1.09,32.53,,,,,,,,0.34,-0.06,-1.04,-2.22,-3.11,-8.44,-9.07,-4.05,-9.05,-20.92,-2.85
LMT,LOCKHEED MARTIN CORP,FA850422F0036,2026-04-02,0.0,Department of Defense,Department of the Air Force,DELIVERY ORDER,2026-04-02,618.7394,613.6229,0.83,491.64,2026-06-24,56,-20.54,633.7512,2026-04-06,1,2.43,28.91,,,,,,,,2.43,0.92,-1.46,-1.8,-4.91,-14.93,-16.8,-17.15,-15.95,-17.66,-1.94
BA,THE BOEING COMPANY,FA863422F0044,2025-11-18,0.0,Department of Defense,Department of the Air Force,DELIVERY ORDER,2025-11-18,189.63,191.81,-1.14,179.12,2025-11-24,4,-5.54,252.15,2026-01-23,44,32.97,40.77,9.0,22.0,25.0,30.0,39.0,,,-2.07,-5.24,-3.79,-0.33,6.81,5.66,9.83,20.11,31.01,28.69,4.96
BAH,BOOZ ALLEN HAMILTON INC,2032H524F00155,2025-12-22,402569.74,Department of the Treasury,Internal Revenue Service,BPA CALL,2025-12-22,85.1937,83.9821,1.44,73.705,2026-02-23,41,-13.49,100.6977,2026-01-23,21,18.2,36.62,11.0,12.0,21.0,,,,,-2.13,-1.27,-1.55,-1.85,4.36,10.2,18.2,-2.28,-8.16,-6.86,-9.31
BA,THE BOEING COMPANY,N6134023F0254,2025-12-16,244637.0,Department of Defense,Department of the Navy,DELIVERY ORDER,2025-12-16,206.71,205.5,0.59,189.21,2026-03-30,70,-8.47,252.15,2026-01-23,25,21.98,33.26,6.0,11.0,17.0,22.0,,,,-0.18,3.57,4.91,4.71,5.04,10.36,19.82,13.07,11.48,3.27,11.62
CACI,"CACI, INC. - FEDERAL",FA807522F0030,2026-01-28,2805357.04,Department of Defense,Department of the Air Force,DELIVERY ORDER,2026-01-28,638.24,643.21,-0.77,480.99,2026-05-08,70,-24.64,638.24,2026-01-28,0,0.0,32.69,,,,,,,,-2.37,-4.05,-5.2,-3.09,-10.25,-11.16,-4.4,-4.01,-9.81,-19.07,-18.66
LMT,LOCKHEED MARTIN CORPORATION,FA821724F0306,2025-09-23,541210.0,Department of Defense,Department of the Air Force,DELIVERY ORDER,2025-09-23,477.3458,471.1862,1.31,434.0461,2025-12-01,48,-9.07,628.551,2026-02-02,90,31.68,44.81,9.0,75.0,77.0,80.0,89.0,,,-0.09,0.16,2.58,2.61,5.01,3.53,0.1,-0.35,-7.04,-1.7,31.68
NOC,NORTHROP GRUMMAN SYSTEMS CORPORATION,N3904025C2844,2025-09-26,4422523.0,Department of Defense,Department of the Navy,DEFINITIVE CONTRACT,2025-09-26,587.6434,578.9946,1.49,541.3857,2025-12-01,45,-7.87,699.65,2026-02-03,88,19.06,29.23,8.0,75.0,84.0,,,,,-0.09,1.83,2.53,4.56,4.87,0.75,0.24,-4.36,-7.87,-1.26,17.63
LMT,LOCKHEED MARTIN CORPORATION,HQ027619C0001,2025-12-11,285000.0,Department of Defense,Missile Defense Agency,DEFINITIVE CONTRACT,2025-12-11,469.3181,462.4593,1.48,464.6336,2025-12-18,5,-1.0,672.2988,2026-03-02,53,43.25,44.69,15.0,19.0,20.0,22.0,32.0,,,1.13,0.46,-1.0,1.83,1.72,4.67,17.57,25.28,36.84,37.49,12.15
GE,GENERAL ELECTRIC COMPANY,70Z03825FA0000218,2025-09-08,1172269.0,Department of Homeland Security,U.S. Coast Guard,DELIVERY ORDER,2025-09-08,274.6552,277.8192,-1.14,274.6552,2025-09-08,0,0.0,326.6564,2026-01-06,83,18.93,18.93,6.0,11.0,81.0,,,,,0.07,2.0,3.89,4.87,9.05,6.86,9.44,9.78,13.14,4.94,16.17
LDOS,"LEIDOS, INC.",DTFA0101CA0065CALL0001,2025-12-05,300000.0,Department of Transportation,Federal Aviation Administration,DELIVERY ORDER,2025-12-05,185.2811,190.835,-2.91,152.3419,2026-04-10,85,-17.78,197.153,2026-01-09,23,6.41,29.41,20.0,,,,,,,-0.64,0.8,1.56,-2.27,-0.92,-0.29,5.48,3.07,-7.19,-5.76,-16.55
GD,"GENERAL DYNAMICS INFORMATION TECHNOLOGY, INC.",HDTRA121F0072,2025-08-22,2018177.73,Department of Defense,Defense Threat Reduction Agency,DELIVERY ORDER,2025-08-22,314.0692,311.0426,0.97,314.0692,2025-08-22,0,0.0,349.165,2025-10-27,45,11.17,11.17,26.0,44.0,,,,,,0.09,1.83,1.55,1.0,0.97,2.05,1.12,8.41,11.17,7.41,5.8
LMT,LOCKHEED MARTIN CORPORATION,FA868225FB007,2025-12-17,4073510.0,Department of Defense,Department of the Air Force,DELIVERY ORDER,2025-12-17,469.2291,471.4725,-0.48,464.6336,2025-12-18,1,-0.98,672.2988,2026-03-02,49,43.28,44.69,11.0,15.0,16.0,18.0,28.0,,,-0.98,1.85,2.31,2.97,4.69,9.19,21.33,33.95,39.94,34.73,7.94
GD,"GENERAL DYNAMICS INFORMATION TECHNOLOGY, INC.",N0017825F3001,2026-03-25,30000.0,Department of Defense,Department of the Navy,DELIVERY ORDER,2026-03-25,349.3328,343.1191,1.81,311.1606,2026-04-27,22,-10.93,393.19,2026-07-28,85,12.55,26.36,68.0,83.0,,,,,,0.79,-3.32,-0.56,-0.31,-2.44,-3.42,-10.73,-0.89,-1.15,-2.14,10.43
LDOS,"LEIDOS, INC.",0004,2025-08-25,0.0,Department of Defense,Defense Threat Reduction Agency,DELIVERY ORDER,2025-08-25,179.7222,179.8508,-0.07,175.8627,2025-09-03,6,-2.15,197.9062,2025-11-04,50,10.12,12.53,26.0,50.0,,,,,,0.41,-0.14,-0.4,-1.67,-1.42,0.84,3.41,8.71,3.64,4.36,1.47
GD,"GENERAL DYNAMICS INFORMATION TECHNOLOGY, INC.",HC102825F1401,2025-09-23,4698750.99,Department of Defense,Defense Information Systems Agency,BPA CALL,2025-09-23,317.597,317.0663,0.17,317.597,2025-09-23,0,0.0,364.0791,2026-01-16,80,14.64,14.64,5.0,71.0,,,,,,0.13,2.21,5.51,5.52,6.26,3.92,5.11,6.74,5.99,4.54,8.08
HON,HONEYWELL INTERNATIONAL INC.,SPE4A626F4779,2026-02-26,1576942.08,Department of Defense,Defense Logistics Agency,DELIVERY ORDER,2026-02-26,250.0052,251.3752,-0.55,215.9203,2026-06-10,72,-13.63,258.7145,2026-03-02,2,3.48,19.82,,,,,,,,1.63,1.74,-0.55,-0.88,-2.62,-4.08,-6.91,-1.94,-11.34,-4.39,-11.86
BAH,BOOZ ALLEN HAMILTON INC,47QFWA21F0026,2026-03-20,2423616.95,General Services Administration,Federal Acquisition Service,DELIVERY ORDER,2026-03-20,79.3524,80.2259,-1.09,59.71,2026-06-25,66,-24.75,83.4516,2026-04-07,11,5.17,39.76,11.0,,,,,,,-0.06,0.21,-1.83,-2.4,4.7,-2.23,1.31,-2.64,-0.05,-6.77,-13.92
GD,"GENERAL DYNAMICS INFORMATION TECHNOLOGY, INC.",0018,2025-08-18,0.0,Department of Transportation,Federal Aviation Administration,DELIVERY ORDER,2025-08-18,308.1438,308.2519,-0.04,308.1438,2025-08-18,0,0.0,349.165,2025-10-27,49,13.31,13.31,17.0,34.0,,,,,,0.9,0.94,2.01,3.79,3.45,2.91,3.73,8.74,9.12,12.88,10.63
LMT,"LOCKHEED MARTIN GLOBAL, INC.",FA238324CB012,2025-09-18,4875000.0,Department of Defense,Department of the Air Force,DEFINITIVE CONTRACT,2025-09-18,464.5458,464.0554,0.11,434.0461,2025-12-01,51,-6.57,590.2746,2026-01-28,90,27.06,35.99,8.0,75.0,78.0,81.0,,,,-0.14,2.76,2.26,3.88,5.43,8.53,4.55,3.4,-1.13,2.17,27.06
LDOS,"LEIDOS, INC.",HC102822F0815,2025-10-17,0.0,Department of Defense,Defense Information Systems Agency,DELIVERY ORDER,2025-10-17,182.9901,182.891,0.05,160.5633,2026-02-17,82,-12.26,197.9062,2025-11-04,12,8.15,23.26,12.0,,,,,,,3.24,2.15,2.95,1.79,3.23,5.56,2.32,2.12,1.06,3.65,-4.88
GD,"GENERAL DYNAMICS INFORMATION TECHNOLOGY, INC.",DTFAWA10D00003CALL0002,2025-12-05,2020000.0,Department of Transportation,Federal Aviation Administration,DELIVERY ORDER,2025-12-05,332.9193,337.2521,-1.28,329.9188,2025-12-09,2,-0.9,364.0791,2026-01-16,28,9.36,10.35,19.0,,,,,,,-0.39,1.46,0.05,0.05,0.61,1.45,2.47,8.59,3.1,7.37,0.57
BA,THE BOEING COMPANY,W58RGZ20F0243,2026-02-17,0.0,Department of Defense,Department of the Army,DELIVERY ORDER,2026-02-17,244.04,242.96,0.44,189.21,2026-03-30,29,-22.47,244.04,2026-02-17,0,0.0,28.98,,,,,,,,-2.09,-4.92,-4.36,-5.99,-8.16,-7.8,-15.59,-18.44,-5.23,-1.41,-10.98
LDOS,"LEIDOS, INC.",N0003925F7477,2025-11-26,33100300.99,Department of Defense,Department of the Navy,DELIVERY ORDER,2025-11-26,188.7919,189.9225,-0.6,153.6473,2026-03-30,83,-18.62,197.153,2026-01-09,29,4.43,28.32,,,,,,,,0.39,-1.73,1.08,-2.49,0.09,-4.51,-2.34,2.99,-0.07,-10.55,-17.86
CACI,"CACI-ISS, LLC",FA877021FB002,2026-01-07,2939016.7,Department of Defense,Department of the Air Force,DELIVERY ORDER,2026-01-07,562.79,559.44,0.6,480.99,2026-05-08,84,-14.53,662.19,2026-01-23,11,17.66,37.67,2.0,6.0,10.0,,,,,3.78,7.47,8.62,12.9,16.47,13.41,9.9,4.13,7.81,1.62,-12.06
CACI,"CACI NSS, LLC",70RTAC24FC0000016,2025-09-29,63000.0,Department of Homeland Security,Office of Procurement Operations,BPA CALL,2025-09-29,488.06,485.59,0.51,488.06,2025-09-29,0,0.0,662.19,2026-01-23,80,35.68,35.68,2.0,18.0,18.0,27.0,76.0,,,2.2,6.35,8.39,7.92,4.1,5.69,17.3,21.27,24.24,11.57,26.73
LDOS,"LEIDOS, INC.",N0003925F7451,2026-02-23,1271199.7,Department of Defense,Department of the Navy,DELIVERY ORDER,2026-02-23,170.9707,172.4617,-0.86,100.0,2026-06-25,85,-41.51,179.5689,2026-03-03,6,5.03,79.57,6.0,,,,,,,1.24,2.24,4.3,2.73,4.38,1.08,-7.33,-7.4,-14.82,-26.59,-36.34
BAH,BOOZ ALLEN HAMILTON INC,FA807521F0005,2025-08-25,2095452.0,Department of Defense,Department of the Air Force,DELIVERY ORDER,2025-08-25,107.0956,107.5751,-0.45,78.7024,2025-11-20,62,-26.51,108.3971,2025-08-27,2,1.22,37.73,,,,,,,,0.76,-1.11,0.58,-5.7,-5.77,-7.15,-9.28,-4.93,-21.82,-25.54,-21.92
AVAV,"AEROVIRONMENT, INC",W58RGZ26F0028,2025-12-05,3315887.03,Department of Defense,Department of the Army,DELIVERY ORDER,2025-12-05,278.39,287.45,-3.15,176.97,2026-03-30,77,-36.43,392.86,2026-01-16,28,41.12,121.99,19.0,20.0,22.0,22.0,23.0,,,1.47,-11.9,-14.15,-15.71,-12.71,-8.4,14.4,14.81,-12.56,-20.77,-31.24
NOC,NORTHROP GRUMMAN SYSTEMS CORPORATION,N0001924C0005,2025-09-22,3835974.2,Department of Defense,Department of the Navy,DEFINITIVE CONTRACT,2025-09-22,569.4859,566.402,0.54,541.3857,2025-12-01,49,-4.93,690.0928,2026-01-29,89,21.18,27.47,6.0,12.0,81.0,88.0,,,,0.16,1.67,3.1,5.08,7.35,8.22,4.03,-0.13,-1.84,-0.89,20.64
NOC,NORTHROP GRUMMAN SYSTEMS CORP,FA863826FB007,2026-03-13,953010.0,Department of Defense,Department of the Air Force,DELIVERY ORDER,2026-03-13,730.495,733.0736,-0.35,496.02,2026-06-29,73,-32.1,732.7351,2026-03-16,1,0.31,47.72,,,,,,,,0.31,-1.21,-3.65,-7.03,-7.46,-4.25,-7.3,-21.59,-25.04,-24.89,-26.97
CACI,"CACI, INC. - FEDERAL",W91CRB25C5007,2025-09-24,735000.0,Department of Defense,Department of the Army,DEFINITIVE CONTRACT,2025-09-24,497.23,492.95,0.87,476.24,2025-09-25,1,-4.22,662.19,2026-01-23,83,33.18,39.05,7.0,21.0,21.0,39.0,82.0,,,-4.22,-1.84,3.61,6.64,5.93,3.44,17.57,18.37,23.76,10.4,24.46
LDOS,"LEIDOS, INC.",N6883625F7KMF,2026-03-25,89054.73,Department of Defense,Department of the Navy,DELIVERY ORDER,2026-03-25,158.3208,158.4304,-0.07,100.0,2026-06-25,63,-36.84,160.0746,2026-04-08,9,1.11,60.07,,,,,,,,-0.82,-2.95,-1.81,0.37,-2.05,0.1,-8.07,-17.38,-19.56,-33.78,-17.51
NOC,NORTHROP GRUMMAN SYSTEMS CORPORATION,N0038323FZJ0L,2026-03-10,0.0,Department of Defense,Department of the Navy,DELIVERY ORDER,2026-03-10,731.7594,744.0652,-1.65,496.02,2026-06-29,76,-32.22,733.0736,2026-03-12,2,0.18,47.79,,,,,,,,-0.24,-0.17,-1.49,-2.83,-7.19,-8.62,-6.04,-19.78,-24.92,-25.5,-28.4
LMT,LOCKHEED MARTIN CORPORATION,FA823225FB088,2025-10-17,0.0,Department of Defense,Department of the Air Force,DELIVERY ORDER,2025-10-17,485.6633,483.7997,0.39,434.0461,2025-12-01,30,-10.63,658.7036,2026-02-19,84,35.63,51.76,54.0,57.0,60.0,65.0,81.0,,,2.17,-1.62,-1.97,-1.89,-0.66,-5.3,-4.92,-10.63,-1.6,16.54,33.91
ACN,ACCENTURE FEDERAL SERVICES LLC,FA714625F0032,2025-09-26,2954464.6,Department of Defense,Department of the Air Force,DELIVERY ORDER,2025-09-26,234.1451,227.8645,2.76,228.8639,2026-02-05,90,-2.26,282.7142,2026-01-14,75,20.74,23.53,7.0,47.0,69.0,75.0,,,,3.36,1.98,2.66,5.13,0.82,-2.07,4.94,2.84,7.72,13.27,-2.26
BA,THE BOEING COMPANY,FA860926FB002,2026-02-27,1484114000.0,Department of Defense,Department of the Air Force,DELIVERY ORDER,2026-02-27,227.53,229.41,-0.82,189.21,2026-03-30,21,-16.84,240.6,2026-05-13,52,5.74,27.16,52.0,,,,,,,0.97,-0.1,1.57,-4.29,-7.75,-11.58,-16.84,-2.37,-2.74,-3.79,-1.94
GD,"GENERAL DYNAMICS MISSION SYSTEMS, INC.",FA830720F0085,2025-08-25,0.0,Department of Defense,Department of the Air Force,DELIVERY ORDER,2025-08-25,314.3444,314.0692,0.09,314.3444,2025-08-25,0,0.0,349.165,2025-10-27,44,11.08,11.08,25.0,43.0,,,,,,0.72,1.57,1.41,0.8,0.45,2.22,1.17,7.36,8.85,7.16,7.82
LMT,LOCKHEED MARTIN CORPORATION,N0003021C0015,2025-09-11,0.0,Department of Defense,Department of the Navy,DEFINITIVE CONTRACT,2025-09-11,461.7112,454.9826,1.48,434.0461,2025-12-01,56,-5.99,579.3638,2026-01-21,90,25.48,33.48,13.0,80.0,83.0,86.0,,,,0.12,0.76,0.61,2.05,2.89,6.01,7.29,3.68,-3.16,-3.21,25.48
BA,THE BOEING COMPANY,W31P4Q25F0066,2025-08-21,0.0,Department of Defense,Department of the Army,DELIVERY ORDER,2025-08-21,224.46,225.62,-0.51,179.12,2025-11-24,66,-20.2,237.38,2025-09-02,7,5.76,32.53,5.0,,,,,,,2.52,4.62,5.21,5.76,2.29,-1.99,-5.51,-3.64,-1.39,-13.34,-2.66
BA,THE BOEING COMPANY,N0002417C6307,2026-01-30,4032901.36,Department of Defense,Department of the Navy,DEFINITIVE CONTRACT,2026-01-30,233.72,234.04,-0.14,189.21,2026-03-30,40,-19.04,244.71,2026-02-09,6,4.7,29.33,,,,,,,,-0.3,0.95,3.98,3.8,3.95,-0.72,-4.11,-8.66,-10.15,-1.28,-10.58
LMT,LOCKHEED MARTIN CORPORATION,H9225425F2884,2026-03-05,-280000.0,Department of Defense,U.S. Special Operations Command,DELIVERY ORDER,2026-03-05,650.7399,660.1583,-1.43,491.64,2026-06-24,76,-24.45,667.4009,2026-03-06,1,2.56,35.75,,,,,,,,2.56,-0.58,-0.33,-1.5,-2.67,-4.7,-2.61,-9.59,-22.67,-20.63,-20.94
NOC,NORTHROP GRUMMAN SYSTEMS CORPORATION,N0001923F2636,2026-03-25,-283591.06,Department of Defense,Department of the Navy,DELIVERY ORDER,2026-03-25,688.1812,679.1708,1.33,496.02,2026-06-29,65,-27.92,699.4217,2026-04-02,6,1.63,41.01,,,,,,,,0.11,-2.84,0.84,0.66,-0.09,-1.83,-16.8,-20.1,-18.45,-26.28,-19.85
LMT,LOCKHEED MARTIN CORPORATION,N0038323CB003,2025-12-17,0.0,Department of Defense,Department of the Navy,DEFINITIVE CONTRACT,2025-12-17,469.2291,471.4725,-0.48,464.6336,2025-12-18,1,-0.98,672.2988,2026-03-02,49,43.28,44.69,11.0,15.0,16.0,18.0,28.0,,,-0.98,1.85,2.31,2.97,4.69,9.19,21.33,33.95,39.94,34.73,7.94
BAH,BOOZ ALLEN HAMILTON INC,47QFWA21F0008,2026-01-12,0.0,General Services Administration,Federal Acquisition Service,DELIVERY ORDER,2026-01-12,95.3196,94.7384,0.61,71.0549,2026-05-13,84,-25.46,100.6977,2026-01-23,8,5.64,41.72,8.0,,,,,,,-1.51,0.35,-3.42,-1.04,-7.45,-9.58,-17.55,-21.79,-18.09,-17.19,-20.5
LMT,LOCKHEED MARTIN CORPORATION,H9225426FE039,2026-03-24,635000.0,Department of Defense,U.S. Special Operations Command,DELIVERY ORDER,2026-03-24,606.2015,612.2419,-0.99,491.64,2026-06-24,63,-18.9,633.7512,2026-04-06,8,4.54,28.91,,,,,,,,2.3,0.93,-0.95,2.07,3.0,0.23,-13.17,-15.72,-11.96,-15.71,-3.28
LMT,LOCKHEED MARTIN CORPORATION,W31P4Q26C0007,2026-01-13,0.0,Department of Defense,Department of the Army,DEFINITIVE CONTRACT,2026-01-13,551.761,544.7837,1.28,503.2157,2026-05-08,80,-8.8,672.2988,2026-03-02,32,21.85,33.6,5.0,11.0,22.0,32.0,,,,2.58,4.32,5.0,5.82,6.98,12.53,14.17,14.93,14.79,10.51,-3.99
ACN,ACCENTURE FEDERAL SERVICES LLC,FA714624F0005,2025-09-30,484307.35,Department of Defense,Department of the Air Force,DELIVERY ORDER,2025-09-30,241.621,242.013,-0.16,228.8639,2026-02-05,88,-5.28,282.7143,2026-01-14,73,17.01,23.53,44.0,45.0,73.0,,,,,-1.17,-0.52,1.88,2.21,-0.97,-1.79,0.47,-1.64,10.64,9.48,-3.99
LMT,LOCKHEED MARTIN CORPORATION,FA868224FB001,2025-08-20,0.0,Department of Defense,Department of the Air Force,DELIVERY ORDER,2025-08-20,434.2867,429.5154,1.11,434.0461,2025-12-01,71,-0.06,504.3876,2025-10-06,32,16.14,16.21,15.0,26.0,32.0,,,,,0.27,0.39,1.9,2.16,3.18,4.77,6.81,12.78,10.23,2.95,11.25
LMT,LOCKHEED MARTIN CORPORATION,H9225425F2916,2026-03-26,569776.0,Department of Defense,U.S. Special Operations Command,DELIVERY ORDER,2026-03-26,623.2499,620.1403,0.5,491.64,2026-06-24,61,-21.12,633.7512,2026-04-06,6,1.68,28.91,,,,,,,,-1.83,-3.66,-0.72,0.06,-2.17,-3.16,-18.17,-19.26,-17.13,-19.19,-7.32
NOC,NORTHROP GRUMMAN SYSTEMS CORPORATION,FA857625F0008,2025-11-13,0.0,Department of Defense,Defense Contract Management Agency,DELIVERY ORDER,2025-11-13,551.5458,552.1093,-0.1,541.3857,2025-12-01,11,-1.84,764.6547,2026-03-02,72,38.64,41.24,26.0,38.0,41.0,43.0,64.0,,,0.0,1.57,1.68,1.35,2.55,-0.49,3.61,3.96,19.51,22.15,24.91
NOC,NORTHROP GRUMMAN SYSTEMS CORPORATION,N0001925C0130,2026-02-17,0.0,Department of Defense,Department of the Navy,DEFINITIVE CONTRACT,2026-02-17,695.8192,697.2582,-0.21,499.33,2026-06-25,89,-28.24,764.6547,2026-03-02,9,9.89,53.14,2.0,,,,,,,3.38,3.2,4.13,1.72,8.62,6.93,3.71,-2.38,-15.63,-21.05,-28.14
BAH,BOOZ ALLEN HAMILTON INC,N0018925FZ038,2026-02-17,300000.0,Department of Defense,Department of the Navy,DELIVERY ORDER,2026-02-17,75.8488,78.7272,-3.66,59.71,2026-06-25,89,-21.28,83.4516,2026-04-07,34,10.02,39.76,13.0,34.0,,,,,,2.45,1.03,-0.94,4.38,3.64,6.56,2.93,2.11,1.24,-6.32,-17.97
GD,GENERAL DYNAMICS LAND SYSTEMS INC.,W912CH25F0122,2026-03-18,-3034217.35,Department of Defense,Department of the Army,DELIVERY ORDER,2026-03-18,350.1851,353.0887,-0.82,311.1606,2026-04-27,27,-11.14,393.19,2026-07-28,90,12.28,26.36,73.0,88.0,,,,,,-1.06,-1.7,-0.24,-1.87,-0.8,-0.95,-4.39,-2.11,-3.7,2.41,12.28
GD,"GENERAL DYNAMICS MISSION SYSTEMS, INC.",FA830720F0085,2026-02-25,11000000.0,Department of Defense,Department of the Air Force,DELIVERY ORDER,2026-02-25,340.0569,348.0246,-2.29,311.1606,2026-04-27,42,-8.5,376.88,2026-07-06,89,10.83,21.12,3.0,89.0,,,,,,2.21,6.31,6.7,5.93,3.12,3.83,3.54,0.22,0.8,-0.83,10.17
BA,THE BOEING COMPANY,FA867810C0100,2025-09-10,420821.19,Department of Defense,Department of the Air Force,DEFINITIVE CONTRACT,2025-09-10,227.52,229.52,-0.87,179.12,2025-11-24,53,-21.27,249.0,2026-01-20,90,9.44,39.01,85.0,,,,,,,-3.31,-5.17,-5.67,-5.22,-5.46,-5.14,-5.06,-4.8,-14.07,-11.27,9.44
NOC,NORTHROP GRUMMAN SYSTEMS CORPORATION,W52P1J15C0055,2026-01-13,0.0,Department of Defense,Defense Contract Management Agency,DEFINITIVE CONTRACT,2026-01-13,620.7709,624.562,-0.61,538.3207,2026-05-15,85,-13.28,764.6547,2026-03-02,32,23.18,42.04,3.0,10.0,24.0,32.0,,,,4.42,6.62,6.18,7.59,10.17,12.71,11.12,14.02,14.54,8.06,-10.89
GD,GENERAL DYNAMICS LAND SYSTEMS INC.,W912CH24F0193,2026-01-09,0.0,Department of Defense,Department of the Army,DELIVERY ORDER,2026-01-09,349.2835,346.8654,0.7,311.1606,2026-04-27,73,-10.91,364.0791,2026-01-16,5,4.24,17.01,,,,,,,,1.99,3.42,4.24,3.5,3.15,-0.39,1.81,-0.36,1.09,-0.69,-3.16
ACN,ACCENTURE FEDERAL SERVICES LLC,FA872624FB071,2026-03-31,2861479.67,Department of Defense,Department of the Air Force,DELIVERY ORDER,2026-03-31,194.2864,193.5614,0.37,122.9615,2026-06-30,62,-36.71,197.2651,2026-04-02,2,1.53,60.43,,,,,,,,-0.62,0.33,-2.24,-8.69,-1.33,-1.12,-9.11,-18.81,-9.03,-34.4,-8.25
TXT,BELL TEXTRON INC,W58RGZ23C0001,2025-09-09,0.0,Department of Defense,Department of the Army,DEFINITIVE CONTRACT,2025-09-09,80.4571,82.6651,-2.67,79.3674,2025-10-30,37,-1.35,94.1893,2026-01-16,90,17.07,18.68,16.0,72.0,85.0,,,,,0.61,0.89,3.63,4.23,3.1,4.37,7.09,3.12,2.41,3.96,17.07
CACI,"CACI TECHNOLOGIES, LLC",W56KGU25F0020,2026-03-17,50000.0,Department of Defense,Department of the Army,DELIVERY ORDER,2026-03-17,612.93,605.35,1.25,440.76,2026-07-21,86,-28.09,612.93,2026-03-17,0,0.0,39.06,,,,,,,,-0.69,-1.07,-5.91,-5.4,-11.27,-7.15,-13.51,-17.93,-19.58,-14.28,-19.1
BAH,BOOZ ALLEN HAMILTON INC,FA807523F0046,2026-03-30,873134.3,Department of Defense,Department of the Air Force,DELIVERY ORDER,2026-03-30,78.3599,77.9034,0.59,59.71,2026-06-25,60,-23.8,83.4516,2026-04-07,5,6.5,39.76,3.0,,,,,,,-1.17,5.29,6.5,0.73,3.13,2.23,-3.17,-4.46,-0.57,-23.8,-2.95
HII,HUNTINGTON INGALLS INC,N5523625F9926,2025-09-16,10577.0,Department of Defense,Department of the Navy,DELIVERY ORDER,2025-09-16,269.9772,269.8092,0.06,268.0601,2025-09-25,7,-0.71,422.7474,2026-01-16,85,56.59,57.71,10.0,29.0,32.0,61.0,69.0,82.0,,-0.27,0.71,1.03,-0.71,5.39,5.6,4.31,9.5,13.17,18.81,52.05
BA,THE BOEING COMPANY,SPE4AX26F3118,2025-11-26,974004.0,Department of Defense,Defense Logistics Agency,DELIVERY ORDER,2025-11-26,186.92,182.44,2.46,186.46,2025-12-01,2,-0.25,252.15,2026-01-23,38,34.9,35.23,3.0,7.0,17.0,24.0,31.0,,,1.11,9.88,8.0,10.35,7.38,10.38,16.23,28.3,24.73,23.24,17.73
GE,GENERAL ELECTRIC COMPANY,FA862626FB005,2025-11-20,64528.09,Department of Defense,Department of the Air Force,DELIVERY ORDER,2025-11-20,289.5049,299.6658,-3.39,272.9098,2026-03-30,87,-5.73,344.8073,2026-03-02,67,19.1,26.34,20.0,28.0,60.0,,,,,-1.09,0.97,2.69,-0.45,-2.3,-0.76,8.3,12.83,0.76,15.31,-3.0
NOC,NORTHROP GRUMMAN SYSTEMS CORP,FA811026FB002,2026-03-13,3465123.5,Department of Defense,Department of the Air Force,DELIVERY ORDER,2026-03-13,730.495,733.0736,-0.35,496.02,2026-06-29,73,-32.1,732.7351,2026-03-16,1,0.31,47.72,,,,,,,,0.31,-1.21,-3.65,-7.03,-7.46,-4.25,-7.3,-21.59,-25.04,-24.89,-26.97
LMT,LOCKHEED MARTIN CORPORATION,SPE4A524F8604,2025-08-22,0.0,Department of Defense,Defense Logistics Agency,DELIVERY ORDER,2025-08-22,434.4814,435.4551,-0.22,434.0461,2025-12-01,69,-0.1,504.3876,2025-10-06,30,16.09,16.21,13.0,24.0,30.0,,,,,0.34,1.85,2.11,1.38,3.64,6.4,9.87,16.09,9.92,6.28,10.02
BA,THE BOEING COMPANY,FA813419F0001,2025-09-04,0.0,Department of Defense,Defense Contract Management Agency,DELIVERY ORDER,2025-09-04,230.75,232.38,-0.7,179.12,2025-11-24,57,-22.37,244.55,2026-01-13,90,5.98,36.53,90.0,,,,,,,-0.49,-0.53,-4.66,-6.5,-6.54,-6.78,-6.26,-8.17,-14.84,-18.09,5.98
ACN,ACCENTURE FEDERAL SERVICES LLC,89303324FEM000034,2025-09-03,78000.0,Department of Energy,Department of Energy,BPA CALL,2025-09-03,249.0186,250.9978,-0.79,227.8645,2025-09-25,16,-8.49,276.1299,2026-01-08,88,10.89,21.18,64.0,88.0,,,,,,-0.48,0.56,-4.34,-6.14,-5.08,-7.34,-3.86,-5.68,-2.49,-2.48,10.55
BA,THE BOEING COMPANY,FA852623F0014,2025-09-23,0.0,Department of Defense,Department of the Air Force,DELIVERY ORDER,2025-09-23,216.34,212.09,2.0,179.12,2025-11-24,44,-17.2,252.15,2026-01-23,84,16.55,40.77,70.0,76.0,81.0,,,,,-0.57,2.27,-0.24,0.5,2.53,-0.36,0.12,-8.45,-15.67,-4.63,7.71
GD,"GENERAL DYNAMICS MISSION SYSTEMS, INC.",W56KGY25F0034,2025-12-11,24918.12,Department of Defense,Department of the Army,DELIVERY ORDER,2025-12-11,337.035,337.7752,-0.22,317.3134,2026-04-23,90,-5.85,364.0791,2026-01-16,24,8.02,14.74,16.0,,,,,,,-1.17,-1.17,-1.21,1.09,0.21,0.56,6.39,7.8,2.76,4.05,-5.85
LMT,LOCKHEED MARTIN CORPORATION,FA852822F0044,2026-03-25,-978.0,Department of Defense,Department of the Air Force,DELIVERY ORDER,2026-03-25,620.1403,606.2015,2.3,491.64,2026-06-24,62,-20.72,633.7512,2026-04-06,7,2.19,28.91,,,,,,,,0.5,-4.11,-1.05,2.19,-0.05,-2.1,-17.74,-17.91,-15.02,-20.41,-4.97
ACN,ACCENTURE FEDERAL SERVICES LLC,SP470924F0067,2025-09-25,174790.33,Department of Defense,Defense Logistics Agency,DELIVERY ORDER,2025-09-25,227.8645,234.2529,-2.73,227.8645,2025-09-25,0,0.0,282.7143,2026-01-14,76,24.07,24.07,2.0,46.0,48.0,72.0,,,,2.76,6.04,5.07,6.71,8.38,3.07,6.49,3.78,7.5,17.07,3.91
LMT,LOCKHEED MARTIN CORPORATION,N0001926F0097,2025-12-22,4672927.0,Department of Defense,Department of the Navy,DELIVERY ORDER,2025-12-22,477.9062,468.5768,1.99,476.8982,2025-12-23,1,-0.21,672.2988,2026-03-02,46,40.68,40.97,8.0,12.0,14.0,17.0,26.0,,,-0.21,-0.11,0.92,2.79,2.75,15.45,22.18,25.98,36.09,30.43,7.72
GD,"GENERAL DYNAMICS INFORMATION TECHNOLOGY, INC.",692M1522F00008,2026-02-10,0.0,Department of Transportation,Federal Aviation Administration,DELIVERY ORDER,2026-02-10,355.6059,356.8645,-0.35,311.1606,2026-04-27,52,-12.5,362.8304,2026-03-04,15,2.03,16.61,,,,,,,,-3.48,-3.12,-2.6,-2.07,-4.37,1.64,-1.0,-1.76,-6.23,-2.63,-3.87
NOC,NORTHROP GRUMMAN SYSTEMS CORPORATION,SPE4AX24F4378,2025-08-19,0.0,Department of Defense,Defense Logistics Agency,DELIVERY ORDER,2025-08-19,577.1807,575.7925,0.24,541.3857,2025-12-01,72,-6.2,630.571,2025-10-08,35,9.25,16.47,33.0,,,,,,,1.08,1.06,1.16,0.28,-0.5,-2.11,-1.74,3.68,2.15,-4.34,-0.72
TXT,TEXTRON SYSTEMS CORP,N0002417C2480,2025-09-02,50000.0,Department of Defense,Department of the Navy,DEFINITIVE CONTRACT,2025-09-02,79.458,80.0875,-0.79,79.3674,2025-10-30,42,-0.11,93.7895,2026-01-09,90,18.04,18.17,12.0,73.0,89.0,,,,,0.21,2.41,1.26,3.41,4.93,5.0,7.17,5.34,0.31,4.29,18.04
LMT,LOCKHEED MARTIN CORPORATION,2049,2025-12-17,0.0,Department of Defense,U.S. Special Operations Command,DELIVERY ORDER,2025-12-17,469.2291,471.4725,-0.48,464.6336,2025-12-18,1,-0.98,672.2988,2026-03-02,49,43.28,44.69,11.0,15.0,16.0,18.0,28.0,,,-0.98,1.85,2.31,2.97,4.69,9.19,21.33,33.95,39.94,34.73,7.94
LMT,LOCKHEED MARTIN CORPORATION,N0001924C0011,2025-10-23,47060000.01,Department of Defense,Department of the Navy,DEFINITIVE CONTRACT,2025-10-23,478.6993,477.8068,0.19,434.0461,2025-12-01,26,-9.33,672.2988,2026-03-02,87,40.44,54.89,49.0,53.0,55.0,58.0,67.0,,,-0.54,-0.47,0.34,-0.02,-3.92,-6.35,-5.59,-6.64,0.93,21.03,35.94
HON,HONEYWELL INTERNATIONAL INC.,FA811724F0091,2026-01-08,17569.91,Department of Defense,Department of the Air Force,DELIVERY ORDER,2026-01-08,213.015,207.0679,2.87,213.015,2026-01-08,0,0.0,258.7145,2026-03-02,35,21.45,21.45,6.0,14.0,20.0,35.0,,,,1.04,2.46,4.77,4.79,7.9,10.72,16.86,18.43,14.83,9.6,6.91
ACN,ACCENTURE FEDERAL SERVICES LLC,89303023FEE000014,2025-08-20,163852.78,Department of Energy,Department of Energy,BPA CALL,2025-08-20,249.9004,250.7137,-0.32,227.8645,2025-09-25,25,-8.82,269.1145,2025-12-15,81,7.69,18.1,73.0,,,,,,,-0.42,0.39,0.81,1.93,-0.83,-4.68,-6.02,-4.2,-2.05,-2.93,6.39
BA,THE BOEING COMPANY,SPRPA125F0017,2025-10-29,2282320.08,Department of Defense,Defense Logistics Agency,DELIVERY ORDER,2025-10-29,213.58,223.33,-4.37,179.12,2025-11-24,18,-16.13,252.15,2026-01-23,58,18.06,40.77,44.0,50.0,53.0,,,,,-6.32,-4.23,-7.47,-8.88,-8.47,-11.21,-11.51,-6.03,6.81,14.51,0.24
GD,"GENERAL DYNAMICS INFORMATION TECHNOLOGY, INC.",15PTDD24F00000006,2025-08-21,-22653.66,Department of Justice,Office of Justice Programs,BPA CALL,2025-08-21,311.0426,311.9762,-0.3,311.0426,2025-08-21,0,0.0,349.165,2025-10-27,46,12.26,12.26,27.0,45.0,,,,,,0.97,1.78,2.65,2.48,2.0,4.14,1.94,8.56,11.3,9.24,7.72
HII,HUNTINGTON INGALLS INC,N0002425C2122,2025-09-30,139734.0,Department of Defense,Department of the Navy,DEFINITIVE CONTRACT,2025-09-30,284.5241,276.2426,3.0,276.7269,2025-10-17,13,-2.74,426.4598,2026-02-03,86,49.89,54.11,22.0,22.0,57.0,58.0,69.0,,,-0.66,-1.27,-0.88,-0.61,1.4,-0.74,3.65,12.6,7.88,24.0,41.58
GD,"GENERAL DYNAMICS MISSION SYSTEMS, INC.",FA714624F0013,2025-12-18,0.0,Department of Defense,Department of the Air Force,DELIVERY ORDER,2025-12-18,332.9489,332.031,0.28,311.1606,2026-04-27,87,-6.54,364.0791,2026-01-16,19,9.35,17.01,10.0,,,,,,,0.6,1.93,1.44,0.63,5.4,4.91,8.58,5.76,2.13,5.18,2.96
LMT,LOCKHEED MARTIN CORPORATION,FA239825CB001,2026-02-20,4065144.01,Department of Defense,Department of the Air Force,DEFINITIVE CONTRACT,2026-02-20,650.5502,658.7036,-1.24,491.64,2026-06-24,85,-24.43,672.2988,2026-03-02,6,3.34,36.75,,,,,,,,0.36,-1.63,-0.03,1.99,2.59,-0.3,-5.89,-2.58,-21.6,-19.32,-19.79
GD,"GENERAL DYNAMICS INFORMATION TECHNOLOGY, INC.",15PTDD25F00000003,2026-01-26,0.0,Department of Justice,Office of Justice Programs,BPA CALL,2026-01-26,360.2736,360.006,0.07,311.1606,2026-04-27,63,-13.63,363.3259,2026-01-27,1,0.85,16.76,,,,,,,,0.85,-3.74,-4.72,-2.8,-0.95,-4.37,-5.61,-2.19,-5.59,-11.36,-5.63
BA,THE BOEING COMPANY,FA821426FB005,2026-03-12,0.0,Department of Defense,Department of the Air Force,DELIVERY ORDER,2026-03-12,204.76,214.1,-4.36,189.21,2026-03-30,12,-7.59,240.6,2026-05-13,43,17.5,27.16,18.0,28.0,40.0,,,,,2.51,2.96,-1.75,-3.1,-5.08,1.25,8.49,13.52,7.68,5.45,1.9
LDOS,"LEIDOS, INC.",N0003925F7452,2025-11-25,355552.71,Department of Defense,Department of the Navy,DELIVERY ORDER,2025-11-25,189.9226,185.2712,2.51,153.6473,2026-03-30,84,-19.1,197.153,2026-01-09,30,3.81,28.32,,,,,,,,-0.6,-1.61,-1.6,-2.44,-1.67,-4.66,-2.72,3.81,-1.58,-8.86,-15.72
BAH,BOOZ ALLEN HAMILTON INC,HC104725C0005,2025-11-20,261907.43,Department of Defense,Defense Information Systems Agency,DEFINITIVE CONTRACT,2025-11-20,78.7024,79.2245,-0.66,73.705,2026-02-23,62,-6.35,100.6977,2026-01-23,42,27.95,36.62,9.0,10.0,13.0,33.0,,,,1.1,4.69,4.46,2.18,10.15,18.12,8.25,12.69,14.02,0.81,4.84
PSN,PARSONS GOVERNMENT SERVICES INC.,HR001122C0027,2025-09-23,2299000.0,Department of Defense,Defense Advanced Research Projects Agency,DEFINITIVE CONTRACT,2025-09-23,80.13,81.33,-1.48,60.2,2025-12-17,60,-24.87,89.29,2025-10-08,11,11.43,48.32,6.0,9.0,,,,,,0.67,1.66,3.48,9.09,9.53,7.77,2.53,-0.71,5.09,-24.87,-14.71
BA,THE BOEING COMPANY,HQ014719C0004,2025-11-13,0.0,Department of Defense,Missile Defense Agency,DEFINITIVE CONTRACT,2025-11-13,194.58,195.5,-0.47,179.12,2025-11-24,7,-7.95,252.15,2026-01-23,47,29.59,40.77,12.0,25.0,33.0,38.0,,,,-0.03,-2.54,-7.81,-7.95,-2.87,3.75,5.61,11.65,28.52,21.42,-0.11
CACI,"CACI, INC. - FEDERAL",N3220524C4115,2025-09-23,460131.26,Department of Defense,Department of the Navy,DEFINITIVE CONTRACT,2025-09-23,492.95,501.77,-1.76,476.24,2025-09-25,2,-3.39,662.19,2026-01-23,84,34.33,39.05,7.0,22.0,22.0,34.0,83.0,,,0.87,-1.49,1.18,5.3,6.7,3.07,5.52,18.62,25.36,13.75,24.23
SATL,IRIDIUM SATELLITE LLC,FA254125FB026,2025-10-20,0.0,Department of Defense,Department of the Air Force,DELIVERY ORDER,2025-10-20,2.52,2.72,-7.35,1.27,2025-11-20,23,-49.6,5.5,2026-01-27,67,118.25,333.07,55.0,55.0,55.0,57.0,57.0,64.0,65.0,-7.94,-11.9,-19.05,-26.19,-25.4,-34.52,-46.03,-38.1,-19.84,38.49,25.79
ACN,ACCENTURE FEDERAL SERVICES LLC,SP470924F0069,2025-11-07,-289485.6,Department of Defense,Defense Logistics Agency,DELIVERY ORDER,2025-11-07,240.798,236.4672,1.83,187.6335,2026-02-25,73,-22.08,282.7142,2026-01-14,45,17.41,50.67,16.0,17.0,45.0,,,,,-0.49,0.31,-0.22,-2.34,2.48,1.73,9.67,10.14,17.41,-4.96,-18.62
LMT,LOCKHEED MARTIN CORPORATION,H9225424F2812,2025-08-26,-1196815.0,Department of Defense,U.S. Special Operations Command,DELIVERY ORDER,2025-08-26,443.4982,435.9615,1.73,434.0461,2025-12-01,67,-2.13,505.5783,2026-01-05,90,14.0,16.48,18.0,24.0,,,,,,-0.22,0.04,-0.69,2.6,2.59,4.9,7.12,13.68,7.34,3.93,14.0
NOC,NORTHROP GRUMMAN SYSTEMS CORPORATION,N6893626F5053,2026-01-20,6108004.76,Department of Defense,Department of the Navy,DELIVERY ORDER,2026-01-20,652.3305,661.858,-1.44,538.3207,2026-05-15,81,-17.48,764.6547,2026-03-02,28,17.22,42.04,7.0,20.0,28.0,,,,,1.04,2.38,3.26,5.79,7.25,6.2,12.11,15.05,5.5,2.68,-13.97
LDOS,"LEIDOS, INC.",FA873021F0113,2025-12-18,1698285.8,Department of Defense,Department of the Air Force,DELIVERY ORDER,2025-12-18,180.1057,180.2747,-0.09,143.7323,2026-04-27,87,-20.2,197.153,2026-01-09,14,9.47,37.17,10.0,,,,,,,1.93,2.83,2.58,1.19,7.89,9.47,6.03,4.75,-6.24,-7.74,-17.44
LDOS,"LEIDOS, INC.",FA945119C0007,2026-04-02,76000.0,Department of Defense,Department of the Air Force,DEFINITIVE CONTRACT,2026-04-02,158.261,155.4608,1.8,100.0,2026-06-25,57,-36.81,160.0746,2026-04-08,3,1.15,60.07,,,,,,,,0.41,1.15,-3.74,-1.67,-2.3,-7.06,-6.3,-22.12,-22.68,-34.94,-11.28
HON,"HONEYWELL INTERNATIONAL, INC",0003,2026-02-17,919408.35,Department of Defense,Department of the Army,DELIVERY ORDER,2026-02-17,251.8422,250.5241,0.53,215.9203,2026-06-10,79,-14.26,258.7145,2026-03-02,9,2.73,19.82,,,,,,,,-0.62,0.54,0.4,-0.73,0.99,-1.6,-4.78,-6.39,-8.9,-9.73,-3.3
NOC,NORTHROP GRUMMAN SYSTEMS CORPORATION,SPE4AX24F4019,2025-09-24,0.0,Department of Defense,Defense Logistics Agency,DELIVERY ORDER,2025-09-24,579.4889,570.4052,1.59,541.3857,2025-12-01,47,-6.58,699.65,2026-02-03,90,20.74,29.23,8.0,77.0,83.0,90.0,,,,-0.09,1.32,3.27,3.97,8.82,6.94,3.32,-2.69,-3.27,-4.18,20.74
WWD,WOODWARD HRT INC,SPRTA123C0011,2025-08-19,0.0,Department of Defense,Defense Logistics Agency,DEFINITIVE CONTRACT,2025-08-19,243.9689,246.0507,-0.85,236.6678,2025-09-09,14,-2.99,315.6285,2025-12-23,88,29.37,33.36,32.0,58.0,69.0,69.0,,,,0.54,1.39,3.12,1.9,-0.05,-2.99,-1.91,3.8,1.12,12.01,27.41
LDOS,"LEIDOS, INC.",N6883625F7M5H,2025-09-27,2176567.31,Department of Defense,Department of the Navy,DELIVERY ORDER,2025-09-29,184.0811,183.3769,0.38,179.3204,2025-12-31,65,-2.59,197.9062,2025-11-04,26,7.51,10.36,4.0,,,,,,,1.8,3.92,6.7,6.8,0.18,-0.59,1.19,6.07,0.79,0.61,4.21
HII,HUNTINGTON INGALLS INC,N0002418C4314,2026-03-26,0.0,Department of Defense,Department of the Navy,DEFINITIVE CONTRACT,2026-03-26,383.1353,400.8288,-4.41,269.13,2026-07-17,77,-29.76,409.581,2026-04-08,8,6.9,52.19,6.0,,,,,,,-0.78,-1.27,3.07,4.55,2.5,2.96,-6.86,-17.8,-22.64,-26.01,-13.66
LMT,LOCKHEED MARTIN CORPORATION,FA852819F0037,2025-08-19,0.0,Department of Defense,Department of the Air Force,DELIVERY ORDER,2025-08-19,429.5154,429.0674,0.1,429.5154,2025-08-19,0,0.0,504.3876,2025-10-06,33,17.43,17.43,12.0,24.0,32.0,,,,,1.11,1.16,3.26,3.42,2.55,4.37,8.16,13.95,11.24,4.37,11.14
GD,"GENERAL DYNAMICS INFORMATION TECHNOLOGY, INC.",15PTDD25F00000006,2026-01-26,0.0,Department of Justice,Office of Justice Programs,BPA CALL,2026-01-26,360.2736,360.006,0.07,311.1606,2026-04-27,63,-13.63,363.3259,2026-01-27,1,0.85,16.76,,,,,,,,0.85,-3.74,-4.72,-2.8,-0.95,-4.37,-5.61,-2.19,-5.59,-11.36,-5.63
GD,"GENERAL DYNAMICS INFORMATION TECHNOLOGY, INC.",HC102824F0860,2026-01-22,-63.93,Department of Defense,Defense Information Systems Agency,BPA CALL,2026-01-22,362.543,361.5025,0.29,311.1606,2026-04-27,65,-14.17,363.3259,2026-01-27,3,0.22,16.76,,,,,,,,-0.7,0.22,-4.34,-5.32,-3.77,-5.33,-4.61,-0.64,-5.21,-8.79,-7.29
BAH,BOOZ ALLEN HAMILTON INC,W15P7T24F0013,2026-01-13,0.0,Department of Defense,Department of the Army,DELIVERY ORDER,2026-01-13,93.8815,95.3196,-1.51,71.0549,2026-05-13,83,-24.31,100.6977,2026-01-23,7,7.26,41.72,7.0,,,,,,,1.09,2.19,0.27,7.26,-4.42,-12.92,-18.24,-15.67,-14.55,-17.36,-16.82
BAH,BOOZ ALLEN HAMILTON INC,FA865023F2201,2025-12-17,200000.0,Department of Defense,Department of the Air Force,DELIVERY ORDER,2025-12-17,85.2528,84.12,1.35,73.705,2026-02-23,44,-13.55,100.6977,2026-01-23,24,18.12,36.62,14.0,15.0,24.0,,,,,-0.62,-0.07,-1.62,-1.65,-1.92,8.86,7.98,1.1,-11.87,-10.22,-11.0
LMT,LOCKHEED MARTIN CORPORATION,N0001926F0045,2025-11-19,1243948.0,Department of Defense,Department of the Navy,DELIVERY ORDER,2025-11-19,460.9069,465.6248,-1.01,434.0461,2025-12-01,7,-5.83,672.2988,2026-03-02,68,45.86,54.89,29.0,31.0,34.0,37.0,47.0,,,-0.35,-4.01,-3.35,-5.83,-3.86,0.34,1.66,9.69,27.57,39.33,33.13
LMT,LOCKHEED MARTIN CORPORATION,HR001124C0304,2025-09-30,8000000.0,Department of Defense,Defense Advanced Research Projects Agency,DEFINITIVE CONTRACT,2025-09-30,489.6456,482.5541,1.47,434.0461,2025-12-01,43,-11.36,630.8141,2026-02-09,90,28.83,45.33,67.0,71.0,73.0,81.0,,,,-0.04,1.06,2.38,1.71,1.2,1.34,-2.78,-8.44,-9.82,-1.96,28.83
GE,GENERAL ELECTRIC COMPANY,FA862625FB012,2025-09-23,14767.99,Department of Defense,Department of the Air Force,DELIVERY ORDER,2025-09-23,304.0858,299.499,1.53,282.5118,2025-12-10,55,-7.09,326.6564,2026-01-06,72,7.42,15.63,70.0,,,,,,,-1.74,-3.48,-1.45,-1.9,-1.15,-2.53,-2.41,-0.35,-3.87,-4.28,1.25
BAH,BOOZ ALLEN HAMILTON INC,FA807523F0046,2025-09-22,1902501.0,Department of Defense,Department of the Air Force,DELIVERY ORDER,2025-09-22,97.6523,99.952,-2.3,78.7024,2025-11-20,43,-19.41,101.8113,2025-10-07,11,4.26,29.36,,,,,,,,-1.46,-2.26,-0.9,2.82,3.86,-2.66,0.86,-14.32,-18.54,-13.86,-10.81
BAH,BOOZ ALLEN HAMILTON INC,47QFEA25F0005,2026-01-15,-60066.21,General Services Administration,Federal Acquisition Service,DELIVERY ORDER,2026-01-15,95.6545,94.9059,0.79,71.0549,2026-05-13,81,-25.72,100.6977,2026-01-23,5,5.27,41.72,5.0,,,,,,,0.3,-1.59,5.27,-7.77,-8.95,-12.96,-20.71,-19.26,-17.09,-15.52,-15.97
LMT,LOCKHEED MARTIN CORPORATION,H9225424F2778,2025-09-12,488775.0,Department of Defense,U.S. Special Operations Command,DELIVERY ORDER,2025-09-12,462.2801,461.7112,0.12,434.0461,2025-12-01,55,-6.11,586.9539,2026-01-22,90,26.97,35.23,12.0,79.0,82.0,85.0,,,,0.41,0.38,0.35,3.26,3.42,5.95,6.9,2.99,-1.18,-0.51,26.97
LMT,LOCKHEED MARTIN CORPORATION,FA854025FB012,2025-12-09,372649.0,Department of Defense,Department of the Air Force,DELIVERY ORDER,2025-12-09,461.4216,459.9293,0.32,461.4216,2025-12-09,0,0.0,672.2988,2026-03-02,55,45.7,45.7,16.0,18.0,21.0,24.0,34.0,,,0.22,2.86,2.18,0.7,3.35,4.52,16.28,26.54,39.77,43.0,23.15
LDOS,"LEIDOS, INC.",W56KGY25F0109,2026-02-26,1145732.28,Department of Defense,Department of the Army,DELIVERY ORDER,2026-02-26,174.8076,168.8733,3.51,100.0,2026-06-25,82,-42.79,179.5689,2026-03-03,3,2.72,79.57,,,,,,,,-0.43,2.72,-0.11,2.09,-1.17,-4.95,-11.34,-12.85,-14.93,-28.17,-38.69
LMT,LOCKHEED MARTIN CORPORATION,W31P4Q20C0023,2025-11-19,0.0,Department of Defense,Department of the Army,DEFINITIVE CONTRACT,2025-11-19,460.9069,465.6248,-1.01,434.0461,2025-12-01,7,-5.83,672.2988,2026-03-02,68,45.86,54.89,29.0,31.0,34.0,37.0,47.0,,,-0.35,-4.01,-3.35,-5.83,-3.86,0.34,1.66,9.69,27.57,39.33,33.13
LMT,LOCKHEED MARTIN CORPORATION,W31P4Q25F0218,2025-09-11,3737589.0,Department of Defense,Department of the Army,DELIVERY ORDER,2025-09-11,461.7112,454.9826,1.48,434.0461,2025-12-01,56,-5.99,579.3638,2026-01-21,90,25.48,33.48,13.0,80.0,83.0,86.0,,,,0.12,0.76,0.61,2.05,2.89,6.01,7.29,3.68,-3.16,-3.21,25.48
LDOS,"LEIDOS, INC.",FA701424F0046,2025-12-16,23071.94,Department of Defense,Department of the Air Force,DELIVERY ORDER,2025-12-16,181.0699,184.8372,-2.04,143.7323,2026-04-27,89,-20.62,197.153,2026-01-09,16,8.88,37.17,12.0,,,,,,,-0.44,1.38,2.28,2.03,-0.97,7.93,6.88,3.36,-5.58,-7.85,-19.57
HII,HUNTINGTON INGALLS INC,N0002409C2116,2026-03-25,18144.0,Department of Defense,Department of the Navy,DEFINITIVE CONTRACT,2026-03-25,400.8288,400.3509,0.12,269.13,2026-07-17,78,-32.86,409.581,2026-04-08,9,2.18,52.19,,,,,,,,-4.41,-8.32,-2.3,1.27,0.2,-1.1,-10.75,-21.82,-23.12,-30.6,-19.05
LMT,LOCKHEED MARTIN CORP,FA880718C0009,2026-03-05,0.0,Department of Defense,Department of the Air Force,DEFINITIVE CONTRACT,2026-03-05,650.7399,660.1583,-1.43,491.64,2026-06-24,76,-24.45,667.4009,2026-03-06,1,2.56,35.75,,,,,,,,2.56,-0.58,-0.33,-1.5,-2.67,-4.7,-2.61,-9.59,-22.67,-20.63,-20.94
GD,"GENERAL DYNAMICS INFORMATION TECHNOLOGY, INC.",HQ003424C0042,2026-02-03,593424.0,Department of Defense,Washington Headquarters Services,DEFINITIVE CONTRACT,2026-02-03,352.1176,343.2579,2.58,311.1606,2026-04-27,57,-11.63,362.8304,2026-03-04,20,3.04,16.61,,,,,,,,-0.55,1.34,0.99,-4.1,-1.64,-1.16,1.52,-0.55,-3.21,-2.65,1.85
LMT,LOCKHEED MARTIN CORPORATION,W31P4Q24F0046,2025-09-25,0.0,Department of Defense,Department of the Army,DELIVERY ORDER,2025-09-25,475.0605,476.9339,-0.39,434.0461,2025-12-01,46,-8.63,628.5509,2026-02-02,88,32.31,44.81,7.0,73.0,75.0,77.0,87.0,,,0.64,3.07,3.1,6.17,4.84,3.11,0.22,-3.18,-5.47,-1.36,25.39
SATL,IRIDIUM SATELLITE LLC,FA254124CB001,2025-10-02,3183413.15,Department of Defense,Department of the Air Force,DEFINITIVE CONTRACT,2025-10-02,3.51,3.33,5.41,1.27,2025-11-20,35,-63.82,5.5,2026-01-27,79,56.7,333.07,2.0,4.0,4.0,76.0,77.0,79.0,,-0.28,3.42,14.81,-3.85,-17.09,-39.03,-45.58,-56.98,-51.85,-45.58,-8.26
BAH,BOOZ ALLEN HAMILTON INC,N6133121F3006,2026-03-19,400000.0,Department of Defense,Department of the Navy,DELIVERY ORDER,2026-03-19,80.2259,78.0721,2.76,59.71,2026-06-25,67,-25.57,83.4516,2026-04-07,12,4.02,39.76,,,,,,,,-1.09,-2.41,-0.62,-2.33,2.85,-1.61,-0.15,-3.12,-2.66,-7.07,-12.53
LDOS,"LEIDOS, INC.",W15P7T25F0130,2025-12-11,194979.0,Department of Defense,Department of the Army,DELIVERY ORDER,2025-12-11,188.9605,186.7588,1.18,147.0805,2026-04-23,90,-22.16,197.153,2026-01-09,19,4.34,34.04,,,,,,,,-0.42,-4.18,-4.69,-2.13,-2.23,-3.49,3.08,-1.55,-9.77,-8.8,-22.16
LMT,LOCKHEED MARTIN CORPORATION,N0002419C4109,2025-09-30,694999.94,Department of Defense,Department of the Navy,DEFINITIVE CONTRACT,2025-09-30,489.6456,482.5541,1.47,434.0461,2025-12-01,43,-11.36,630.8141,2026-02-09,90,28.83,45.33,67.0,71.0,73.0,81.0,,,,-0.04,1.06,2.38,1.71,1.2,1.34,-2.78,-8.44,-9.82,-1.96,28.83
TXT,BELL TEXTRON INC,N0001925F0088,2025-12-23,23420382.0,Department of Defense,Department of the Navy,DELIVERY ORDER,2025-12-23,90.4609,90.8408,-0.42,85.9317,2026-03-30,65,-5.01,100.7265,2026-02-20,39,11.35,17.22,18.0,36.0,,,,,,0.41,-1.94,-3.68,-1.66,1.34,4.06,4.57,5.46,11.25,-1.6,1.27
LMT,LOCKHEED MARTIN CORPORATION,FA821023F0006,2025-10-16,0.0,Department of Defense,Department of the Air Force,DELIVERY ORDER,2025-10-16,483.7997,489.8417,-1.23,434.0461,2025-12-01,31,-10.28,658.7036,2026-02-19,85,36.15,51.76,55.0,58.0,61.0,66.0,78.0,,,0.39,-0.76,-1.05,-1.29,-0.72,-4.08,-5.57,-7.17,-3.15,14.05,31.07
BAH,BOOZ ALLEN HAMILTON INC,693JJ625F00022N,2025-08-15,2283668.38,Department of Transportation,Federal Railroad Administration,BPA CALL,2025-08-15,106.9782,105.8332,1.08,78.7024,2025-11-20,68,-26.43,108.3971,2025-08-27,8,1.33,37.73,,,,,,,,-0.27,-0.1,0.56,0.87,-0.55,-6.28,-6.85,-9.54,-7.66,-20.14,-22.06
BA,THE BOEING COMPANY,FA868121F1077,2025-09-30,0.0,Department of Defense,Department of the Air Force,DELIVERY ORDER,2025-09-30,215.83,217.08,-0.58,179.12,2025-11-24,39,-17.01,252.15,2026-01-23,79,16.83,40.77,65.0,71.0,76.0,,,,,-0.29,0.22,2.78,0.08,-0.71,0.46,-1.04,-9.55,-6.16,1.08,13.38
IBM,INTERNATIONAL BUSINESS MACHINES CORPORATION,W9133L25FA053,2025-09-26,1631165.08,Department of Defense,Department of the Army,DELIVERY ORDER,2025-09-26,277.1061,274.3088,1.02,268.9774,2025-10-16,14,-2.93,308.6917,2025-11-12,33,11.4,14.76,20.0,21.0,,,,,,-1.59,0.77,1.43,3.36,-2.28,-2.93,10.12,7.76,8.11,7.09,2.52
LMT,LOCKHEED MARTIN CORPORATION,N0002421C6113,2025-12-22,0.0,Department of Defense,Defense Contract Management Agency,DEFINITIVE CONTRACT,2025-12-22,477.9062,468.5768,1.99,476.8982,2025-12-23,1,-0.21,672.2988,2026-03-02,46,40.68,40.97,8.0,12.0,14.0,17.0,26.0,,,-0.21,-0.11,0.92,2.79,2.75,15.45,22.18,25.98,36.09,30.43,7.72
AVAV,"AEROVIRONMENT, INC",FA862926FB020,2026-01-07,17280675.64,Department of Defense,Department of the Air Force,DELIVERY ORDER,2026-01-07,318.48,317.03,0.46,158.0,2026-05-15,89,-50.39,392.86,2026-01-16,7,23.35,148.65,1.0,2.0,3.0,7.0,,,,8.31,16.39,19.88,23.35,-2.0,-3.62,-19.24,-16.91,-34.98,-40.57,-49.28
BA,THE BOEING COMPANY,SPRPA124F0051,2025-11-12,20900711.25,Department of Defense,Defense Logistics Agency,DELIVERY ORDER,2025-11-12,195.5,195.21,0.15,179.12,2025-11-24,8,-8.38,252.15,2026-01-23,48,28.98,40.77,13.0,27.0,34.0,40.0,,,,-0.47,-1.89,-5.01,-8.08,-4.39,3.6,4.54,10.71,27.37,24.09,2.1
GD,"GENERAL DYNAMICS GLOBAL FORCE, LLC",W56JSR25F0002,2025-08-22,879585.82,Department of Defense,Department of the Army,DELIVERY ORDER,2025-08-22,314.0692,311.0427,0.97,314.0692,2025-08-22,0,0.0,349.165,2025-10-27,45,11.17,11.17,26.0,44.0,,,,,,0.09,1.83,1.55,1.0,0.97,2.05,1.12,8.41,11.17,7.41,5.8
BAH,BOOZ ALLEN HAMILTON INC,N0016423F3004,2026-02-27,4083750.0,Department of Defense,Department of the Navy,DELIVERY ORDER,2026-02-27,78.2408,79.1738,-1.18,59.71,2026-06-25,81,-23.68,83.4516,2026-04-07,26,6.66,39.76,24.0,,,,,,,-1.29,-0.61,3.88,-1.66,-0.71,2.54,0.15,3.78,-1.26,1.37,-19.27
LMT,LOCKHEED MARTIN CORPORATION,FA300224F0111,2025-08-14,-47491.0,Department of Defense,Department of the Air Force,DELIVERY ORDER,2025-08-14,425.8346,430.9467,-1.19,425.8346,2025-08-14,0,0.0,504.3876,2025-10-06,36,18.45,18.45,14.0,26.0,34.0,,,,,0.05,0.86,2.26,2.38,4.31,5.23,9.01,12.27,14.05,5.57,12.23
LMT,"LOCKHEED MARTIN SERVICES, LLC",FA882323F1012,2025-09-09,0.0,Department of Defense,Department of the Air Force,DELIVERY ORDER,2025-09-09,448.3031,450.3138,-0.45,434.0461,2025-12-01,58,-3.18,575.6083,2026-01-16,90,28.4,32.61,9.0,18.0,82.0,86.0,,,,1.49,3.12,3.78,3.62,6.48,7.64,12.46,7.1,0.0,-1.5,28.4
BAH,BOOZ ALLEN HAMILTON INC,W56KGU22C0006,2026-01-28,1100000.0,Department of Defense,Department of the Army,DEFINITIVE CONTRACT,2026-01-28,89.7346,88.2176,1.72,71.0549,2026-05-13,73,-20.82,89.7346,2026-01-28,0,0.0,26.29,,,,,,,,-2.6,-3.95,-6.65,-2.29,-12.41,-13.41,-12.81,-14.71,-8.05,-12.91,-12.37
BA,THE BOEING COMPANY,SPRRA126F0004,2025-10-17,22801907.0,Department of Defense,Defense Logistics Agency,DELIVERY ORDER,2025-10-17,212.94,211.89,0.5,179.12,2025-11-24,26,-15.88,252.15,2026-01-23,66,18.41,40.77,52.0,57.0,61.0,,,,,1.82,1.71,3.95,4.88,-5.6,-7.72,-9.92,-12.44,1.83,13.93,6.85
LMT,"LOCKHEED MARTIN SERVICES, LLC",DEAC0584OR21400,2026-02-27,0.0,Department of Energy,Department of Energy,DEFINITIVE CONTRACT,2026-02-27,650.3723,634.115,2.56,491.64,2026-06-24,80,-24.41,672.2988,2026-03-02,1,3.37,36.75,,,,,,,,3.37,1.5,2.62,-0.52,-1.32,-2.62,-8.56,-5.34,-20.85,-18.6,-20.31
CACI,"CACI NSS, LLC",70RTAC21FC0000006,2025-09-25,11181987.43,Department of Homeland Security,Office of Procurement Operations,BPA CALL,2025-09-25,476.24,497.23,-4.22,476.24,2025-09-25,0,0.0,662.19,2026-01-23,82,39.05,39.05,4.0,6.0,20.0,20.0,77.0,,,1.96,4.73,8.99,11.08,7.36,8.58,22.95,22.71,29.58,16.88,27.05
LMT,LOCKHEED MARTIN CORPORATION,FA861108C2897,2025-11-20,-833616.67,Department of Defense,Defense Contract Management Agency,DEFINITIVE CONTRACT,2025-11-20,459.2885,460.9069,-0.35,434.0461,2025-12-01,6,-5.5,672.2988,2026-03-02,67,46.38,54.89,25.0,29.0,33.0,35.0,46.0,,,-1.6,-3.38,-2.22,-4.93,-2.7,2.18,4.05,12.33,28.52,43.42,34.72
NOC,NORTHROP GRUMMAN SYSTEMS CORPORATION,HQ085421F0029,2025-09-30,654931.0,Department of Defense,Missile Defense Agency,DELIVERY ORDER,2025-09-30,602.2722,587.1196,2.58,541.3857,2025-12-01,43,-10.11,703.7488,2026-02-06,89,16.85,29.99,73.0,78.0,86.0,,,,,-0.64,0.04,2.02,4.22,2.89,-1.2,-3.99,-6.99,-8.82,-4.04,15.02
IBM,INTERNATIONAL BUSINESS MACHINES CORPORATION,2032H520F00469,2026-04-02,-268829.0,Department of the Treasury,Internal Revenue Service,DELIVERY ORDER,2026-04-02,244.5923,239.6445,2.06,204.3044,2026-07-22,75,-16.47,326.8851,2026-06-02,41,33.64,60.0,38.0,39.0,39.0,39.0,40.0,,,-0.57,-2.59,-7.01,-3.18,2.14,-6.88,-7.53,-10.98,13.99,14.15,-3.51
LDOS,"LEIDOS, INC.",DTFAWA16C00021,2026-01-28,-42509.15,Department of Transportation,Federal Aviation Administration,DEFINITIVE CONTRACT,2026-01-28,186.6463,186.03,0.33,122.3678,2026-06-08,90,-34.44,193.5547,2026-02-10,9,3.7,58.17,,,,,,,,-0.31,0.14,0.36,2.78,-7.87,-8.65,-6.75,-7.43,-15.21,-22.02,-34.44
GD,"GENERAL DYNAMICS INFORMATION TECHNOLOGY, INC.",N0017823F3012,2026-01-30,232114.0,Department of Defense,Department of the Navy,DELIVERY ORDER,2026-01-30,347.9355,346.8057,0.33,311.1606,2026-04-27,59,-10.57,362.8304,2026-03-04,22,4.28,16.61,,,,,,,,-1.34,0.65,2.56,2.2,-0.98,0.09,3.88,0.93,-0.76,-10.24,-2.4
BA,THE BOEING COMPANY,FA880819C0001,2025-10-02,0.0,Department of Defense,Department of the Air Force,DEFINITIVE CONTRACT,2025-10-02,217.43,215.2,1.04,179.12,2025-11-24,37,-17.62,252.15,2026-01-23,77,15.97,40.77,65.0,69.0,75.0,,,,,-0.52,2.02,-0.66,-0.86,-2.55,-0.39,-7.55,-10.51,-7.15,-0.08,8.66
GD,"GENERAL DYNAMICS INFORMATION TECHNOLOGY, INC.",N0010426CUA01,2025-11-14,0.0,Department of Defense,Department of the Navy,DEFINITIVE CONTRACT,2025-11-14,339.769,339.5814,0.06,328.0534,2025-12-01,10,-3.45,364.0791,2026-01-16,42,7.15,10.98,39.0,,,,,,,-0.72,-0.35,-1.14,-0.92,-3.45,-2.02,-1.96,-1.39,6.7,-0.61,1.14
BAH,BOOZ ALLEN HAMILTON INC,89703025FAR400021,2025-08-29,5000000.0,Department of Energy,Department of Energy,DELIVERY ORDER,2025-08-29,106.391,105.9017,0.46,78.7024,2025-11-20,58,-26.03,107.7219,2025-09-02,1,1.25,36.87,,,,,,,,1.25,-5.08,-6.47,-5.72,-6.53,-6.05,-8.07,-11.43,-21.36,-25.23,-12.77
NOC,NORTHROP GRUMMAN SYSTEMS CORPORATION,FA863825FB007,2026-02-26,89242.0,Department of Defense,Department of the Air Force,DELIVERY ORDER,2026-02-26,707.7849,700.5667,1.03,496.02,2026-06-29,84,-29.92,764.6547,2026-03-02,2,8.03,54.16,2.0,,,,,,,1.9,6.78,4.09,5.13,3.57,1.96,-4.49,-5.23,-20.08,-21.85,-22.98
BA,THE BOEING COMPANY,FA945124CX038,2026-01-27,50000.0,Department of Defense,Department of the Air Force,DEFINITIVE CONTRACT,2026-01-27,244.56,248.43,-1.56,189.21,2026-03-30,43,-22.63,244.71,2026-02-09,9,0.06,29.33,,,,,,,,-1.21,-4.43,-4.67,-3.11,-0.81,-0.21,-6.19,-12.46,-15.23,-4.26,-11.9
GD,"GENERAL DYNAMICS INFORMATION TECHNOLOGY, INC.",N0042122F0767,2025-09-29,-493903.0,Department of Defense,Department of the Navy,DELIVERY ORDER,2025-09-29,326.4115,324.6132,0.55,326.2868,2025-10-16,13,-0.04,364.0791,2026-01-16,76,11.54,11.58,19.0,74.0,,,,,,2.66,2.67,4.31,4.3,1.11,0.13,4.83,5.68,1.54,3.97,9.32
BAH,BOOZ ALLEN HAMILTON INC,FA875025CB022,2026-01-07,50000.0,Department of Defense,Department of the Air Force,DEFINITIVE CONTRACT,2026-01-07,88.9072,88.6905,0.24,71.0549,2026-05-13,87,-20.08,100.6977,2026-01-23,11,13.26,41.72,2.0,11.0,,,,,,4.39,7.21,6.75,7.91,6.09,0.93,-1.38,-13.81,-12.62,-6.55,-16.37
LDOS,"LEIDOS, INC.",N0003921F9501,2026-01-14,0.0,Department of Defense,Defense Contract Management Agency,DELIVERY ORDER,2026-01-14,189.6781,194.7873,-2.62,122.6069,2026-05-21,88,-35.36,193.5547,2026-02-10,18,2.04,57.87,,,,,,,,1.33,0.05,1.38,-0.69,-1.9,-1.25,-7.61,-8.24,-12.86,-17.21,-32.69
NOC,NORTHROP GRUMMAN SYSTEMS CORPORATION,HQ072726FE003,2026-01-28,2200000.0,Department of Defense,Defense Microelectronics Activity,DELIVERY ORDER,2026-01-28,683.9199,673.6084,1.53,526.06,2026-06-03,87,-23.08,764.6547,2026-03-02,22,11.8,45.36,14.0,22.0,,,,,,0.9,-0.6,0.09,2.9,-1.49,5.18,5.45,7.19,2.27,-16.28,-20.92
LDOS,"LEIDOS, INC.",HC102821F0002,2025-09-23,277657.22,Department of Defense,Defense Information Systems Agency,DELIVERY ORDER,2025-09-23,185.5687,186.3224,-0.4,179.3204,2025-12-31,69,-3.37,197.9062,2025-11-04,30,6.65,10.36,9.0,,,,,,,0.15,-1.18,0.99,3.09,5.29,-0.63,0.73,6.65,2.35,-2.85,0.73
LDOS,"LEIDOS, INC.",HC102821F0082,2025-11-06,5140573.65,Department of Defense,Defense Information Systems Agency,DELIVERY ORDER,2025-11-06,193.1557,193.4632,-0.16,160.5633,2026-02-17,68,-16.87,197.153,2026-01-09,43,2.07,22.79,,,,,,,,1.14,1.79,-1.77,-3.07,-4.67,-2.26,-4.69,-4.96,0.84,-3.03,-14.39
LMT,LOCKHEED MARTIN CORPORATION,FA861123F0012,2026-01-05,4028708.72,Department of Defense,Department of the Air Force,DELIVERY ORDER,2026-01-05,505.5783,491.2481,2.92,491.0505,2026-01-07,2,-2.87,672.2988,2026-03-02,38,32.98,36.91,4.0,7.0,12.0,17.0,31.0,,,2.05,1.34,7.75,11.95,12.61,13.7,17.83,27.02,27.63,21.37,2.26
LMT,LOCKHEED MARTIN CORPORATION,H9225425FE038,2025-09-17,319837.89,Department of Defense,U.S. Special Operations Command,DELIVERY ORDER,2025-09-17,464.0554,465.2324,-0.25,434.0461,2025-12-01,52,-6.47,587.9818,2026-01-27,90,26.71,35.47,9.0,76.0,79.0,82.0,,,,0.11,1.54,2.78,3.03,5.47,8.02,4.25,2.58,-0.68,1.13,26.71
LMT,LOCKHEED MARTIN CORPORATION,W31P4Q20C0023,2025-10-29,0.0,Department of Defense,Department of the Army,DEFINITIVE CONTRACT,2025-10-29,476.0315,476.463,-0.09,434.0461,2025-12-01,22,-8.82,672.2988,2026-03-02,83,41.23,54.89,45.0,49.0,51.0,54.0,63.0,,,0.9,0.54,-2.51,-5.56,-5.83,-2.19,-5.66,-1.41,6.21,23.52,35.55
LDOS,"LEIDOS, INC.",HDTRA125FE010,2026-03-19,3507943.13,Department of Defense,Defense Threat Reduction Agency,DELIVERY ORDER,2026-03-19,165.3659,166.1631,-0.48,100.0,2026-06-25,67,-39.53,165.3659,2026-03-19,0,0.0,65.37,,,,,,,,-0.05,-4.19,-5.04,-7.09,-4.3,-6.22,-6.71,-10.08,-24.07,-30.7,-30.84
GD,GENERAL DYNAMICS LAND SYSTEMS INC.,W31P4Q24F0225,2025-09-29,0.0,Department of Defense,Department of the Army,DELIVERY ORDER,2025-09-29,326.4115,324.6132,0.55,326.2868,2025-10-16,13,-0.04,364.0791,2026-01-16,76,11.54,11.58,19.0,74.0,,,,,,2.66,2.67,4.31,4.3,1.11,0.13,4.83,5.68,1.54,3.97,9.32
LMT,LOCKHEED MARTIN CORP,SPRPA126FES02,2026-01-28,1522912.6,Department of Defense,Defense Logistics Agency,DELIVERY ORDER,2026-01-28,590.2746,587.9818,0.39,503.2157,2026-05-08,70,-14.75,672.2988,2026-03-02,22,13.9,33.6,2.0,15.0,,,,,,4.23,6.48,0.92,4.41,5.26,8.8,10.18,9.88,4.82,-13.58,-11.89
BAH,BOOZ ALLEN HAMILTON INC,FA807522F0009,2026-03-04,1216520.0,Department of Defense,Department of the Air Force,DELIVERY ORDER,2026-03-04,77.7644,78.6081,-1.07,59.71,2026-06-25,78,-23.22,83.4516,2026-04-07,23,7.31,39.76,21.0,,,,,,,1.85,3.93,-3.08,-0.1,0.4,0.68,6.1,5.54,-1.91,1.06,-18.27
BAH,BOOZ ALLEN HAMILTON INC,FA875021F1007,2026-03-11,-1102792.0,Department of Defense,Department of the Air Force,DELIVERY ORDER,2026-03-11,75.3724,76.9406,-2.04,59.71,2026-06-25,73,-20.78,83.4516,2026-04-07,18,10.72,39.76,6.0,17.0,,,,,,1.54,-0.24,3.58,5.28,5.5,2.75,2.94,4.04,-3.37,4.66,-15.29
LDOS,"LEIDOS, INC.",W56KGY25F0109,2026-01-13,600000.0,Department of Defense,Department of the Army,DELIVERY ORDER,2026-01-13,194.7873,194.4294,0.18,122.6069,2026-05-21,89,-37.06,194.7873,2026-01-13,0,0.0,58.87,,,,,,,,-2.62,-0.64,-1.96,-2.41,-4.18,-3.15,-12.51,-10.26,-15.1,-21.79,-35.54
BA,THE BOEING COMPANY,FA210318C0061,2025-12-09,0.0,Department of Defense,Department of the Air Force,DEFINITIVE CONTRACT,2025-12-09,200.37,206.27,-2.86,189.21,2026-03-30,75,-5.57,252.15,2026-01-23,30,25.84,33.26,8.0,16.0,21.0,23.0,,,,-0.82,2.0,3.16,3.94,8.22,9.05,17.05,25.84,21.26,12.29,9.38
ACN,ACCENTURE FEDERAL SERVICES LLC,89303026FIM000188,2025-12-18,10000.0,Department of Energy,Department of Energy,BPA CALL,2025-12-18,264.5094,268.2131,-1.38,174.8674,2026-04-27,87,-33.89,282.7143,2026-01-14,17,6.88,61.67,17.0,,,,,,,0.85,0.3,0.42,0.01,-2.22,3.97,3.99,-10.65,-29.06,-27.71,-33.24
LMT,LOCKHEED MARTIN CORPORATION,W31P4Q25F0179,2026-02-17,0.0,Department of Defense,Department of the Army,DELIVERY ORDER,2026-02-17,641.9719,644.9368,-0.46,491.64,2026-06-24,88,-23.42,672.2988,2026-03-02,9,4.72,36.75,,,,,,,,0.04,1.34,2.29,-1.22,3.35,2.78,-0.6,-6.47,-14.04,-19.54,-20.96
BA,THE BOEING COMPANY,FA868119F1310,2026-04-02,0.0,Department of Defense,Department of the Air Force,DELIVERY ORDER,2026-04-02,208.22,207.32,0.43,204.8,2026-07-21,74,-1.64,240.6,2026-05-13,28,15.55,17.48,4.0,13.0,28.0,,,,,1.96,4.6,4.52,7.47,7.28,12.45,6.28,5.89,3.7,3.96,11.06
LMT,LOCKHEED MARTIN CORP,N0003022C1025,2026-03-06,0.0,Department of Defense,Department of the Navy,DEFINITIVE CONTRACT,2026-03-06,667.4009,650.7399,2.56,491.64,2026-06-24,75,-26.34,667.4009,2026-03-06,0,0.0,35.75,,,,,,,,-1.13,-3.32,-3.84,-5.28,-6.6,-6.62,-6.56,-13.47,-23.75,-23.07,-23.06
BA,THE BOEING COMPANY,FA813425F1001,2025-08-27,12662880.67,Department of Defense,Department of the Air Force,DELIVERY ORDER,2025-08-27,235.62,234.83,0.34,179.12,2025-11-24,62,-23.98,237.38,2025-09-02,3,0.75,32.53,,,,,,,,0.23,0.75,-2.07,-1.98,-6.63,-8.91,-6.09,-8.33,-15.08,-23.87,-2.45
LDOS,"LEIDOS, INC.",0004,2025-08-12,0.0,Department of Defense,Defense Threat Reduction Agency,DELIVERY ORDER,2025-08-12,176.1695,175.2986,0.5,175.7835,2025-08-15,3,-0.22,197.9062,2025-11-04,59,12.34,12.59,26.0,37.0,,,,,,2.21,-0.22,0.4,1.36,2.43,1.61,3.99,5.5,5.03,9.82,2.23
BAH,BOOZ ALLEN HAMILTON INC,N0024421F3023,2025-11-05,0.0,Department of Defense,Department of the Navy,DELIVERY ORDER,2025-11-05,84.7547,83.6293,1.35,73.705,2026-02-23,73,-13.04,100.6977,2026-01-23,53,18.81,36.62,22.0,44.0,53.0,,,,,-1.2,0.8,-2.03,-3.64,-6.52,-2.78,2.28,-0.04,12.47,-3.54,-7.88
BA,THE BOEING COMPANY,FA863418C2701,2025-09-23,0.0,Department of Defense,Department of the Air Force,DEFINITIVE CONTRACT,2025-09-23,216.34,212.09,2.0,179.12,2025-11-24,44,-17.2,252.15,2026-01-23,84,16.55,40.77,70.0,76.0,81.0,,,,,-0.57,2.27,-0.24,0.5,2.53,-0.36,0.12,-8.45,-15.67,-4.63,7.71
CACI,"CACI, LLC - COMMERCIAL",15JPSS21F00000531,2025-09-10,700000.0,Department of Justice,"Offices, Boards and Divisions",DELIVERY ORDER,2025-09-10,486.24,479.62,1.38,476.24,2025-09-25,11,-2.06,635.4,2026-01-16,89,30.68,33.42,15.0,31.0,31.0,31.0,89.0,,,1.41,1.81,1.93,2.59,2.26,2.58,5.15,6.98,20.65,24.55,29.39
LDOS,"LEIDOS, INC.",FA873023FB039,2026-02-04,3401599.55,Department of Defense,Department of the Air Force,DELIVERY ORDER,2026-02-04,187.3123,188.6542,-0.71,114.6,2026-06-15,90,-38.82,193.5547,2026-02-10,4,3.33,68.9,,,,,,,,-1.25,3.26,-8.19,-6.44,-6.46,-9.84,-5.6,-11.72,-18.67,-20.61,-38.82
ACN,ACCENTURE FEDERAL SERVICES LLC,89303024FIM000150,2025-09-18,1750000.0,Department of Energy,Department of Energy,BPA CALL,2025-09-18,234.7134,236.3693,-0.7,227.8645,2025-09-25,5,-2.92,282.7142,2026-01-14,81,20.45,24.07,14.0,53.0,75.0,81.0,,,,0.06,-1.69,-2.92,3.11,2.0,5.61,-0.48,4.05,0.52,13.36,12.89
GD,"GENERAL DYNAMICS OTS (WILKES BARRE), LLC",W15QKN24F0216,2026-03-02,0.0,Department of Defense,Department of the Army,DELIVERY ORDER,2026-03-02,361.5024,353.8419,2.16,311.1606,2026-04-27,39,-13.93,376.88,2026-07-06,86,4.25,21.12,,,,,,,,-0.02,-1.12,-0.77,-3.0,-2.86,-5.21,-5.91,-6.39,-3.84,-5.62,3.75
CACI,"CACI, LLC - COMMERCIAL",15JPSS21F00000412,2025-09-08,544365.1,Department of Justice,"Offices, Boards and Divisions",DELIVERY ORDER,2025-09-08,474.04,474.45,-0.09,474.04,2025-09-08,0,0.0,627.5,2026-01-15,90,32.37,32.37,9.0,19.0,33.0,33.0,56.0,,,1.18,4.02,4.43,4.55,5.85,2.44,10.95,11.14,24.85,27.91,32.37
BAH,BOOZ ALLEN HAMILTON INC,DTFAWA10D00030CALL0079,2025-09-21,-120.19,Department of Transportation,Federal Aviation Administration,DELIVERY ORDER,2025-09-22,97.6523,99.952,-2.3,78.7024,2025-11-20,43,-19.41,101.8113,2025-10-07,11,4.26,29.36,,,,,,,,-1.46,-2.26,-0.9,2.82,3.86,-2.66,0.86,-14.32,-18.54,-13.86,-10.81
BA,THE BOEING COMPANY,FA868124FB048,2026-02-26,0.0,Department of Defense,Department of the Air Force,DELIVERY ORDER,2026-02-26,229.41,230.36,-0.41,189.21,2026-03-30,22,-17.52,240.6,2026-05-13,53,4.88,27.16,,,,,,,,-0.82,-2.31,-3.2,-1.92,-10.74,-10.21,-16.95,-5.13,-0.88,-4.53,-1.94
GD,"GENERAL DYNAMICS MISSION SYSTEMS, INC.",N0002421C6119,2026-03-25,781141.0,Department of Defense,Department of the Navy,DEFINITIVE CONTRACT,2026-03-25,349.3328,343.1191,1.81,311.1606,2026-04-27,22,-10.93,393.19,2026-07-28,85,12.55,26.36,68.0,83.0,,,,,,0.79,-3.32,-0.56,-0.31,-2.44,-3.42,-10.73,-0.89,-1.15,-2.14,10.43
LDOS,"LEIDOS, INC.",N6264521F0119,2025-08-20,1400591.39,Department of Defense,Department of the Navy,DELIVERY ORDER,2025-08-20,178.2873,176.882,0.79,175.8627,2025-09-03,9,-1.36,197.9062,2025-11-04,53,11.0,12.53,28.0,32.0,,,,,,0.16,0.8,1.79,0.42,-0.88,0.12,4.27,7.3,6.46,6.43,3.42
CACI,"CACI ENTERPRISE SOLUTIONS, LLC",SP470924F0062,2025-09-29,0.0,Department of Defense,Defense Logistics Agency,DELIVERY ORDER,2025-09-29,488.06,485.59,0.51,488.06,2025-09-29,0,0.0,662.19,2026-01-23,80,35.68,35.68,2.0,18.0,18.0,27.0,76.0,,,2.2,6.35,8.39,7.92,4.1,5.69,17.3,21.27,24.24,11.57,26.73
GE,GENERAL ELECTRIC COMPANY,W58RGZ22F0392,2025-08-15,0.0,Department of Defense,Department of the Army,DELIVERY ORDER,2025-08-15,266.4966,268.3373,-0.69,264.5863,2025-08-19,2,-0.72,314.3193,2025-12-23,90,17.94,18.8,13.0,23.0,50.0,,,,,0.22,-0.53,-0.49,2.27,2.74,4.25,9.38,9.76,13.14,16.6,17.94
BA,THE BOEING COMPANY,N0042125F7004,2025-09-16,-263301.6,Department of Defense,Department of the Navy,DELIVERY ORDER,2025-09-16,215.02,215.75,-0.34,179.12,2025-11-24,49,-16.7,252.15,2026-01-23,89,17.27,40.77,75.0,81.0,84.0,,,,,-0.18,0.29,0.61,-0.69,0.38,2.19,-0.47,3.86,-11.81,-7.58,15.54
LMT,LOCKHEED MARTIN CORPORATION,W31P4Q24F0165,2025-09-12,81948271.11,Department of Defense,Department of the Army,DELIVERY ORDER,2025-09-12,462.2801,461.7112,0.12,434.0461,2025-12-01,55,-6.11,586.9539,2026-01-22,90,26.97,35.23,12.0,79.0,82.0,85.0,,,,0.41,0.38,0.35,3.26,3.42,5.95,6.9,2.99,-1.18,-0.51,26.97
LDOS,"LEIDOS, INC.",W900KK22F0017,2025-12-31,920460.0,Department of Defense,Department of the Army,DELIVERY ORDER,2025-12-31,179.3204,182.2527,-1.61,127.2306,2026-05-11,89,-29.05,197.153,2026-01-09,6,9.94,54.96,2.0,,,,,,,1.7,9.48,8.22,8.43,7.18,7.23,4.24,-2.27,-0.48,-14.32,-28.65
LMT,LOCKHEED MARTIN CORPORATION,W31P4Q19C0077,2025-12-08,29446.44,Department of Defense,Department of the Army,DEFINITIVE CONTRACT,2025-12-08,459.9293,446.9037,2.91,459.9293,2025-12-08,0,0.0,672.2988,2026-03-02,56,46.17,46.17,14.0,19.0,22.0,25.0,35.0,,,0.32,2.04,4.09,2.02,3.91,5.05,11.4,27.62,36.97,45.11,25.56
NOC,NORTHROP GRUMMAN SYSTEMS CORPORATION,FA863825FB001,2026-01-15,0.0,Department of Defense,Department of the Air Force,DELIVERY ORDER,2026-01-15,649.6609,648.202,0.23,538.3207,2026-05-15,83,-17.14,764.6547,2026-03-02,30,17.7,42.04,8.0,22.0,30.0,,,,,1.88,1.46,2.8,3.69,5.75,6.4,7.1,17.7,4.21,4.23,-15.51
BAH,BOOZ ALLEN HAMILTON INC,47QFCA23F0047,2025-09-30,3510914.0,General Services Administration,Federal Acquisition Service,DELIVERY ORDER,2025-09-30,97.8089,96.7716,1.07,78.7024,2025-11-20,37,-19.53,101.8113,2025-10-07,5,4.09,29.36,,,,,,,,2.65,4.07,4.09,-0.22,-2.15,1.0,-17.13,-12.89,-16.93,-14.25,-9.23
LMT,LOCKHEED MARTIN CORP,FA882325FB001,2025-12-23,53066607.09,Department of Defense,Department of the Air Force,DELIVERY ORDER,2025-12-23,476.8982,477.9062,-0.21,476.8982,2025-12-23,0,0.0,672.2988,2026-03-02,45,40.97,40.97,7.0,11.0,13.0,16.0,25.0,,,0.66,1.31,0.23,6.01,7.44,18.68,20.54,29.23,40.97,28.38,6.02
GE,GENERAL ELECTRIC COMPANY,FA862619F3400,2025-08-19,161419.33,Department of Defense,Department of the Air Force,DELIVERY ORDER,2025-08-19,264.5863,267.0936,-0.94,264.5863,2025-08-19,0,0.0,315.5346,2025-12-24,89,19.26,19.26,11.0,19.0,44.0,,,,,0.19,0.23,3.01,3.79,3.76,3.88,11.72,13.28,12.16,16.35,18.65
BAH,BOOZ ALLEN HAMILTON INC,80JSC024FA100,2025-11-21,0.0,National Aeronautics and Space Administration,National Aeronautics and Space Administration,BPA CALL,2025-11-21,79.5692,78.7024,1.1,73.705,2026-02-23,61,-7.37,100.6977,2026-01-23,41,26.55,36.62,8.0,10.0,12.0,36.0,,,,-0.02,3.06,2.05,2.12,13.07,14.86,4.79,11.74,9.84,-3.69,4.42
NOC,NORTHROP GRUMMAN SYSTEMS CORPORATION,W31P4Q26F0021,2025-12-23,2496323.15,Department of Defense,Department of the Army,DELIVERY ORDER,2025-12-23,575.6745,580.2397,-0.79,556.1522,2026-05-05,90,-3.39,764.6547,2026-03-02,45,32.83,37.49,7.0,14.0,19.0,27.0,45.0,,,0.39,-0.39,-1.7,5.39,1.85,12.6,13.95,22.25,32.83,17.6,-3.39
LMT,LOCKHEED MARTIN CORPORATION,N0003020C0023,2025-10-23,0.0,Department of Defense,Department of the Navy,DEFINITIVE CONTRACT,2025-10-23,478.6994,477.8068,0.19,434.0461,2025-12-01,26,-9.33,672.2988,2026-03-02,87,40.44,54.89,49.0,53.0,55.0,58.0,67.0,,,-0.54,-0.47,0.34,-0.02,-3.92,-6.35,-5.59,-6.64,0.93,21.03,35.94
LDOS,LEIDOS BIOMEDICAL RESEARCH INC,75N91020F00030,2025-08-18,7308447.0,Department of Health and Human Services,National Institutes of Health,DELIVERY ORDER,2025-08-18,176.2684,175.7835,0.28,175.8627,2025-09-03,11,-0.23,197.9062,2025-11-04,55,12.28,12.53,22.0,33.0,,,,,,0.35,1.3,1.96,2.96,1.56,0.16,3.41,6.32,8.68,11.54,5.24
LMT,LOCKHEED MARTIN CORPORATION,FA862113C6256,2025-09-29,4686859.0,Department of Defense,Department of the Air Force,DEFINITIVE CONTRACT,2025-09-29,482.5541,478.1011,0.93,434.0461,2025-12-01,44,-10.05,628.5509,2026-02-02,86,30.26,44.81,68.0,71.0,74.0,78.0,86.0,,,1.47,1.5,4.52,4.48,2.41,0.64,-1.26,-8.11,-9.51,-1.17,27.71
LMT,LOCKHEED MARTIN CORPORATION,N0001922F1198,2025-08-19,0.0,Department of Defense,Department of the Navy,DELIVERY ORDER,2025-08-19,429.5154,429.0674,0.1,429.5154,2025-08-19,0,0.0,504.3876,2025-10-06,33,17.43,17.43,12.0,24.0,32.0,,,,,1.11,1.16,3.26,3.42,2.55,4.37,8.16,13.95,11.24,4.37,11.14
HII,HUNTINGTON INGALLS INCORPORATED,N0002419C4313,2025-12-12,28965.0,Department of Defense,Department of the Navy,DEFINITIVE CONTRACT,2025-12-12,324.5001,324.3016,0.06,318.9118,2025-12-17,3,-1.72,451.7788,2026-03-02,52,39.22,41.66,6.0,14.0,17.0,19.0,23.0,,,0.69,-1.72,2.97,8.44,5.75,11.18,27.06,30.12,35.55,27.2,10.24
GD,"GENERAL DYNAMICS INFORMATION TECHNOLOGY, INC.",140D0425F0827,2025-09-19,12448904.23,Department of the Interior,Departmental Offices,DELIVERY ORDER,2025-09-19,318.4617,318.9433,-0.15,317.0664,2025-09-22,1,-0.44,364.0791,2026-01-16,82,14.32,14.83,7.0,73.0,,,,,,-0.44,-0.14,1.93,5.22,6.03,5.77,4.5,6.89,5.48,5.59,8.9
CACI,"CACI, INC. - FEDERAL",FA852724F0001,2025-10-10,0.0,Department of Defense,Department of the Air Force,DELIVERY ORDER,2025-10-10,510.35,511.3,-0.19,508.06,2025-10-13,1,-0.45,662.19,2026-01-23,71,29.75,30.34,9.0,9.0,18.0,32.0,,,,-0.45,1.32,1.07,4.57,14.73,10.37,15.97,17.55,11.18,10.28,14.83
LMT,LOCKHEED MARTIN CORPORATION,N0001922F1203,2026-02-27,-425000.0,Department of Defense,Defense Contract Management Agency,DELIVERY ORDER,2026-02-27,650.3723,634.115,2.56,491.64,2026-06-24,80,-24.41,672.2988,2026-03-02,1,3.37,36.75,,,,,,,,3.37,1.5,2.62,-0.52,-1.32,-2.62,-8.56,-5.34,-20.85,-18.6,-20.31
BA,THE BOEING COMPANY,FA855724F0009,2026-03-19,0.0,Department of Defense,Department of the Air Force,DELIVERY ORDER,2026-03-19,201.18,205.99,-2.34,189.21,2026-03-30,7,-5.95,240.6,2026-05-13,38,19.59,27.16,11.0,16.0,24.0,,,,,-3.01,-2.37,-3.39,-5.95,3.5,9.38,11.88,13.02,8.87,13.8,6.38
LDOS,"LEIDOS, INC.",FA945124FX005,2025-12-18,0.0,Department of Defense,Department of the Air Force,DELIVERY ORDER,2025-12-18,180.1057,180.2747,-0.09,143.7323,2026-04-27,87,-20.2,197.153,2026-01-09,14,9.47,37.17,10.0,,,,,,,1.93,2.83,2.58,1.19,7.89,9.47,6.03,4.75,-6.24,-7.74,-17.44
LDOS,"LEIDOS, INC.",N0003925F7480,2025-11-25,1071602.43,Department of Defense,Department of the Navy,DELIVERY ORDER,2025-11-25,189.9226,185.2712,2.51,153.6473,2026-03-30,84,-19.1,197.153,2026-01-09,30,3.81,28.32,,,,,,,,-0.6,-1.61,-1.6,-2.44,-1.67,-4.66,-2.72,3.81,-1.58,-8.86,-15.72
GD,"GENERAL DYNAMICS INFORMATION TECHNOLOGY, INC.",15PTDD25F00000006,2025-09-30,542097.68,Department of Justice,Office of Justice Programs,BPA CALL,2025-09-30,335.0884,326.4115,2.66,326.2868,2025-10-16,12,-2.63,364.0791,2026-01-16,75,8.65,11.58,67.0,,,,,,,-0.07,0.77,0.71,0.52,-1.18,-0.68,1.17,3.8,-0.42,1.73,6.5
GD,"GENERAL DYNAMICS MISSION SYSTEMS, INC.",N0002424C6240,2025-11-13,1625000.0,Department of Defense,Department of the Navy,DEFINITIVE CONTRACT,2025-11-13,339.5814,344.9013,-1.54,328.0535,2025-12-01,11,-3.39,364.0791,2026-01-16,43,7.21,10.98,40.0,,,,,,,0.06,-0.81,-1.34,-1.72,-0.71,-0.69,-0.98,-1.04,6.46,1.07,3.68
LDOS,"LEIDOS, INC.",FA701425F0238,2026-02-11,0.0,Department of Defense,Department of the Air Force,DELIVERY ORDER,2026-02-11,171.9647,193.5547,-11.15,104.84,2026-06-22,89,-39.03,179.5689,2026-03-03,13,4.42,71.28,,,,,,,,-0.9,-6.63,1.89,-0.58,1.65,2.14,0.5,-8.69,-10.08,-24.61,-38.3
LDOS,"LEIDOS, INC.",FA865019C1941,2026-03-03,2715000.0,Department of Defense,Department of the Air Force,DEFINITIVE CONTRACT,2026-03-03,179.5689,178.3264,0.7,100.0,2026-06-25,79,-44.31,179.5689,2026-03-03,0,0.0,79.57,,,,,,,,-2.19,-1.53,-4.51,-3.79,-6.23,-9.8,-13.43,-11.74,-25.14,-26.98,-40.65
BA,THE BOEING COMPANY,W58RGZ24C0028,2025-09-24,1200000.0,Department of Defense,Department of the Army,DEFINITIVE CONTRACT,2025-09-24,215.1,216.34,-0.57,179.12,2025-11-24,43,-16.73,252.15,2026-01-23,83,17.22,40.77,69.0,75.0,78.0,,,,,-0.73,0.92,0.05,0.56,4.75,-0.37,1.24,-8.13,-13.1,-3.18,8.39
LMT,LOCKHEED MARTIN CORP,FA852522F0032,2026-01-26,0.0,Department of Defense,Department of the Air Force,DELIVERY ORDER,2026-01-26,574.8474,583.9001,-1.55,503.2157,2026-05-08,72,-12.46,672.2988,2026-03-02,24,16.95,33.6,3.0,14.0,24.0,,,,,2.28,7.02,9.34,3.63,9.74,12.19,11.32,12.55,4.46,-4.01,-9.71
LMT,LOCKHEED MARTIN CORPORATION,N0016725F0076,2025-12-18,28000.0,Department of Defense,Department of the Navy,DELIVERY ORDER,2025-12-18,464.6335,469.2291,-0.98,464.6335,2025-12-18,0,0.0,672.2988,2026-03-02,48,44.69,44.69,9.0,11.0,14.0,17.0,27.0,,,0.85,2.64,2.74,3.8,8.81,15.48,24.69,33.63,37.72,37.33,10.75
LMT,LOCKHEED MARTIN CORPORATION,N0003025C0100,2026-03-02,39599485.0,Department of Defense,Department of the Navy,DEFINITIVE CONTRACT,2026-03-02,672.2988,650.3724,3.37,491.64,2026-06-24,79,-26.87,672.2988,2026-03-02,0,0.0,36.75,,,,,,,,-1.31,-3.21,-1.85,-4.02,-4.65,-7.28,-10.69,-9.62,-24.79,-21.51,-22.17
LMT,LOCKHEED MARTIN CORPORATION,H9225423F2734,2025-09-19,1974898.79,Department of Defense,U.S. Special Operations Command,DELIVERY ORDER,2025-09-19,463.8788,464.5458,-0.14,434.0461,2025-12-01,50,-6.43,615.2189,2026-01-29,90,32.62,41.74,7.0,74.0,77.0,80.0,90.0,,,1.58,2.81,3.07,5.55,6.67,7.36,6.97,4.0,-2.57,3.21,32.62
LMT,LOCKHEED MARTIN CORPORATION,H9225419F2138,2025-09-16,-1632.33,Department of Defense,U.S. Special Operations Command,DELIVERY ORDER,2025-09-16,465.2324,464.1829,0.23,434.0461,2025-12-01,53,-6.7,586.9539,2026-01-22,88,26.16,35.23,10.0,77.0,80.0,83.0,,,,-0.25,-0.29,2.6,2.11,5.25,8.42,5.29,2.41,0.08,-0.6,23.56
LMT,LOCKHEED MARTIN CORPORATION,FA861505C6002,2025-12-16,0.0,Department of Defense,Department of the Air Force,DEFINITIVE CONTRACT,2025-12-16,471.4725,478.7463,-1.52,464.6336,2025-12-18,2,-1.45,672.2988,2026-03-02,50,42.6,44.69,12.0,16.0,17.0,19.0,29.0,,,-0.48,-0.61,1.15,1.25,1.39,4.15,22.09,32.94,38.48,35.96,7.95
PSN,PARSONS GOVERNMENT SERVICES INC.,W56KGU25F0014,2025-09-16,1431620.91,Department of Defense,Department of the Army,DELIVERY ORDER,2025-09-16,75.42,76.18,-1.0,60.2,2025-12-17,65,-20.18,89.29,2025-10-08,16,18.39,48.32,1.0,11.0,12.0,,,,,9.89,8.59,6.25,5.67,9.94,17.12,11.52,10.59,9.55,-11.14,-6.5
GD,"GENERAL DYNAMICS-OTS, INC.",N0002423F5312,2025-09-18,0.0,Department of Defense,Department of the Navy,DELIVERY ORDER,2025-09-18,318.9433,319.6409,-0.22,317.0663,2025-09-22,2,-0.59,364.0791,2026-01-16,83,14.15,14.83,8.0,74.0,,,,,,-0.15,-0.42,-0.04,2.34,5.08,6.74,2.48,6.66,5.04,4.44,10.83
BAH,BOOZ ALLEN HAMILTON INC,FA865023F2201,2025-11-24,150000.0,Department of Defense,Department of the Air Force,DELIVERY ORDER,2025-11-24,79.5495,79.5692,-0.02,73.705,2026-02-23,60,-7.35,100.6977,2026-01-23,40,26.58,36.62,7.0,9.0,11.0,35.0,,,,3.58,3.34,1.09,8.53,12.1,13.76,5.44,16.67,9.48,-7.35,4.91
BAH,BOOZ ALLEN HAMILTON INC,W519TC24F2229,2025-09-30,2009716.0,Department of Defense,Department of the Army,DELIVERY ORDER,2025-09-30,97.8089,96.7716,1.07,78.7024,2025-11-20,37,-19.53,101.8113,2025-10-07,5,4.09,29.36,,,,,,,,2.65,4.07,4.09,-0.22,-2.15,1.0,-17.13,-12.89,-16.93,-14.25,-9.23
PLTR,PALANTIR TECHNOLOGIES INC.,15JPSS25F00000911,2026-03-20,0.0,Department of Justice,"Offices, Boards and Divisions",DELIVERY ORDER,2026-03-20,150.68,155.68,-3.21,107.27,2026-06-25,66,-28.81,160.84,2026-03-23,1,6.74,49.94,1.0,,,,,,,6.74,2.84,-5.06,-2.92,-1.83,-15.01,-3.13,-3.09,-9.34,-11.57,-18.86
GD,"GENERAL DYNAMICS INFORMATION TECHNOLOGY, INC.",47QFSA21F0094,2025-12-29,544318.91,General Services Administration,Federal Acquisition Service,BPA CALL,2025-12-29,336.048,337.7457,-0.5,311.1606,2026-04-27,81,-7.41,364.0791,2026-01-16,13,8.34,17.01,5.0,,,,,,,-0.3,0.86,5.94,3.22,6.7,5.92,3.2,2.14,6.37,4.77,2.67
LDOS,"LEIDOS, INC.",N0018925FZ746,2025-09-24,0.0,Department of Defense,Department of the Navy,DELIVERY ORDER,2025-09-24,185.8563,185.5687,0.15,179.3204,2025-12-31,68,-3.52,197.9062,2025-11-04,29,6.48,10.36,8.0,,,,,,,-2.69,-0.96,2.26,4.36,5.78,-0.07,2.13,4.09,1.58,-3.09,1.51
BAH,BOOZ ALLEN HAMILTON INC,15DDHQ25F00000049,2025-08-18,1073877.06,Department of Justice,Drug Enforcement Administration,BPA CALL,2025-08-18,106.6944,106.9782,-0.27,78.7024,2025-11-20,67,-26.24,108.3971,2025-08-27,7,1.6,37.73,,,,,,,,0.56,-0.06,0.38,1.6,0.96,-6.73,-6.83,-8.33,-7.69,-20.14,-21.39
GD,GENERAL DYNAMICS LAND SYSTEMS INC.,W31P4Q23F0235,2025-09-29,0.0,Department of Defense,Department of the Army,DELIVERY ORDER,2025-09-29,326.4115,324.6132,0.55,326.2868,2025-10-16,13,-0.04,364.0791,2026-01-16,76,11.54,11.58,19.0,74.0,,,,,,2.66,2.67,4.31,4.3,1.11,0.13,4.83,5.68,1.54,3.97,9.32
TXT,BELL TEXTRON INC,N0001925F2004,2025-09-11,6893164.09,Department of Defense,Department of the Navy,DELIVERY ORDER,2025-09-11,82.1656,80.9467,1.51,79.3674,2025-10-30,35,-3.41,96.2784,2026-01-21,90,17.18,21.31,15.0,71.0,90.0,,,,,-1.2,1.47,2.07,1.54,0.16,3.64,-0.84,-3.34,-0.94,1.52,17.18
HON,HONEYWELL INTERNATIONAL INC.,N0038325FNM0A,2025-12-19,0.0,Department of Defense,Department of the Navy,DELIVERY ORDER,2025-12-19,206.6528,205.5838,0.52,202.4805,2025-12-31,7,-2.02,258.7145,2026-03-02,47,25.19,27.77,15.0,18.0,29.0,33.0,,,,-1.58,-1.09,-1.01,-2.02,2.93,4.77,11.77,18.2,20.98,15.6,7.25
LDOS,"LEIDOS, INC.",N0003925F7472,2025-09-23,113396.35,Department of Defense,Department of the Navy,DELIVERY ORDER,2025-09-23,185.5687,186.3224,-0.4,179.3204,2025-12-31,69,-3.37,197.9062,2025-11-04,30,6.65,10.36,9.0,,,,,,,0.15,-1.18,0.99,3.09,5.29,-0.63,0.73,6.65,2.35,-2.85,0.73
GD,"GENERAL DYNAMICS INFORMATION TECHNOLOGY, INC.",70B06C25F00000613,2025-09-12,1503355.16,Department of Homeland Security,U.S. Customs and Border Protection,DELIVERY ORDER,2025-09-12,320.4958,323.9057,-1.05,317.0664,2025-09-22,6,-1.07,364.0791,2026-01-16,87,13.6,14.83,15.0,79.0,,,,,,0.25,-0.27,-0.63,-0.9,1.28,4.57,2.98,8.02,6.01,3.48,13.12
LMT,LOCKHEED MARTIN CORPORATION,W31P4Q23C0008,2025-08-12,0.0,Department of Defense,Department of the Army,DEFINITIVE CONTRACT,2025-08-12,420.2259,415.0651,1.24,420.2259,2025-08-12,0,0.0,504.3876,2025-10-06,38,20.03,20.03,10.0,22.0,34.0,38.0,,,,2.55,1.39,2.21,3.62,5.54,5.62,9.87,13.49,16.57,10.43,10.57
LMT,LOCKHEED MARTIN CORPORATION,N0001920F0279,2025-10-29,0.0,Department of Defense,Defense Contract Management Agency,DELIVERY ORDER,2025-10-29,476.0315,476.463,-0.09,434.0461,2025-12-01,22,-8.82,672.2988,2026-03-02,83,41.23,54.89,45.0,49.0,51.0,54.0,63.0,,,0.9,0.54,-2.51,-5.56,-5.83,-2.19,-5.66,-1.41,6.21,23.52,35.55
BA,THE BOEING COMPANY,N0038323F0RZ0,2025-09-04,0.0,Department of Defense,Department of the Navy,DELIVERY ORDER,2025-09-04,230.75,232.38,-0.7,179.12,2025-11-24,57,-22.37,244.55,2026-01-13,90,5.98,36.53,90.0,,,,,,,-0.49,-0.53,-4.66,-6.5,-6.54,-6.78,-6.26,-8.17,-14.84,-18.09,5.98
BA,THE BOEING COMPANY,FA813425F4402,2025-12-22,0.0,Department of Defense,Department of the Air Force,DELIVERY ORDER,2025-12-22,216.84,214.08,1.29,189.21,2026-03-30,66,-12.74,252.15,2026-01-23,21,16.28,33.26,7.0,13.0,19.0,,,,,0.0,-0.18,0.77,5.04,5.2,12.78,16.28,9.27,4.93,-10.02,2.06
BA,THE BOEING COMPANY,FA852626CB001,2026-02-12,977035.12,Department of Defense,Department of the Air Force,DEFINITIVE CONTRACT,2026-02-12,239.35,236.26,1.31,189.21,2026-03-30,31,-20.95,244.04,2026-02-17,2,1.96,28.98,,,,,,,,1.51,-0.18,-3.06,-2.49,-4.94,-7.22,-10.81,-20.4,-5.96,-0.48,-7.98
BA,THE BOEING COMPANY,FA813426FB011,2025-11-24,4799001.44,Department of Defense,Department of the Air Force,DELIVERY ORDER,2025-11-24,179.12,179.7,-0.32,179.12,2025-11-24,0,0.0,252.15,2026-01-23,40,40.77,40.77,3.0,5.0,9.0,19.0,31.0,,,1.85,5.52,14.66,12.7,11.86,14.73,21.8,26.94,30.48,28.65,17.24
NOC,NORTHROP GRUMMAN SYSTEMS CORPORATION,N0002420F6200,2026-03-24,-25596.94,Department of Defense,Department of the Navy,DELIVERY ORDER,2026-03-24,679.1708,677.0203,0.32,496.02,2026-06-29,66,-26.97,699.4217,2026-04-02,7,2.98,41.01,,,,,,,,1.33,-0.46,0.01,2.98,0.78,-0.3,-13.85,-17.97,-18.01,-23.22,-19.24
BA,THE BOEING COMPANY,FA868120F1301,2025-08-28,0.0,Department of Defense,Department of the Air Force,DELIVERY ORDER,2025-08-28,236.16,235.62,0.23,179.12,2025-11-24,61,-24.15,237.38,2025-09-02,2,0.52,32.53,,,,,,,,-0.63,-1.6,-2.77,-2.81,-8.56,-8.68,-8.08,-10.77,-14.88,-23.91,-3.4
PLTR,PALANTIR USG INC,W519TC25F0331,2025-08-26,0.0,Department of Defense,Department of the Army,DELIVERY ORDER,2025-08-26,160.87,157.17,2.35,153.11,2025-09-05,7,-4.82,207.18,2025-11-03,48,28.79,35.31,12.0,16.0,26.0,45.0,,,,-2.58,-2.59,-3.71,-4.82,3.65,5.84,11.34,14.1,23.58,2.83,8.19
BAH,BOOZ ALLEN HAMILTON INC,HDTRA122F0030,2025-12-08,0.0,Department of Defense,Defense Threat Reduction Agency,DELIVERY ORDER,2025-12-08,89.971,86.6909,3.78,73.705,2026-02-23,51,-18.08,100.6977,2026-01-23,31,11.92,36.62,22.0,31.0,,,,,,-0.89,3.33,0.58,-5.24,-5.31,-6.81,3.15,4.84,-14.68,-9.66,-10.96
BAH,BOOZ ALLEN HAMILTON INC,2032H519F00243,2025-09-22,-19412.06,Department of the Treasury,Internal Revenue Service,DELIVERY ORDER,2025-09-22,97.6523,99.952,-2.3,78.7024,2025-11-20,43,-19.41,101.8113,2025-10-07,11,4.26,29.36,,,,,,,,-1.46,-2.26,-0.9,2.82,3.86,-2.66,0.86,-14.32,-18.54,-13.86,-10.81
LDOS,"LEIDOS, INC.",HC102825F0354,2025-09-17,124694.38,Department of Defense,Defense Information Systems Agency,DELIVERY ORDER,2025-09-17,182.286,181.076,0.67,179.3204,2025-12-31,73,-1.63,197.9062,2025-11-04,34,8.57,10.36,12.0,,,,,,,1.82,2.21,1.96,0.6,4.26,7.18,0.33,2.37,2.93,3.66,2.05
LMT,LOCKHEED MARTIN CORPORATION,HQ072724F1101,2025-08-19,396885.0,Department of Defense,Defense Microelectronics Activity,DELIVERY ORDER,2025-08-19,429.5154,429.0674,0.1,429.5154,2025-08-19,0,0.0,504.3876,2025-10-06,33,17.43,17.43,12.0,24.0,32.0,,,,,1.11,1.16,3.26,3.42,2.55,4.37,8.16,13.95,11.24,4.37,11.14
BA,THE BOEING COMPANY,FA810616C0001,2026-03-13,0.0,Department of Defense,Defense Contract Management Agency,DEFINITIVE CONTRACT,2026-03-13,209.89,204.76,2.51,189.21,2026-03-30,11,-9.85,240.6,2026-05-13,42,14.63,27.16,20.0,27.0,,,,,,1.71,-1.86,-7.04,-6.42,-9.23,-0.8,6.61,10.21,5.11,2.2,-0.31
LDOS,"LEIDOS, INC.",FA807524F0036,2025-08-21,2800000.0,Department of Defense,Department of the Air Force,DELIVERY ORDER,2025-08-21,178.5643,178.2872,0.16,175.8627,2025-09-03,8,-1.51,197.9062,2025-11-04,52,10.83,12.53,28.0,33.0,,,,,,0.72,1.06,0.51,0.25,-0.8,2.6,4.34,8.63,5.51,6.31,2.07
GD,"GENERAL DYNAMICS INFORMATION TECHNOLOGY, INC.",36C10D22N0007,2025-08-22,-0.07,Department of Veterans Affairs,Department of Veterans Affairs,DELIVERY ORDER,2025-08-22,314.0692,311.0426,0.97,314.0692,2025-08-22,0,0.0,349.165,2025-10-27,45,11.17,11.17,26.0,44.0,,,,,,0.09,1.83,1.55,1.0,0.97,2.05,1.12,8.41,11.17,7.41,5.8
LDOS,"LEIDOS, INC.",HC102822F0815,2026-01-16,1726063.14,Department of Defense,Defense Information Systems Agency,DELIVERY ORDER,2026-01-16,193.5348,192.2028,0.69,122.6069,2026-05-21,86,-36.65,193.5547,2026-02-10,16,0.01,57.87,,,,,,,,-1.94,-0.64,-2.67,-3.56,-3.42,-0.88,-11.9,-7.22,-18.14,-18.11,-32.25
SATL,IRIDIUM SATELLITE LLC,HC101324F0168,2025-09-17,0.0,Department of Defense,Defense Information Systems Agency,DELIVERY ORDER,2025-09-17,3.53,3.77,-6.37,1.27,2025-11-20,46,-64.02,5.5,2026-01-27,90,55.81,333.07,4.0,15.0,20.0,87.0,88.0,90.0,,0.57,3.12,5.1,-4.96,-5.67,2.83,-17.56,-47.31,-62.61,-37.11,55.81
BA,THE BOEING COMPANY,FA821426FB006,2026-01-23,1539657.22,Department of Defense,Department of the Air Force,DELIVERY ORDER,2026-01-23,252.15,251.41,0.29,189.21,2026-03-30,45,-24.96,252.15,2026-01-23,0,0.0,33.26,,,,,,,,-1.48,-4.19,-7.31,-7.54,-3.62,-5.08,-7.44,-10.77,-24.96,-13.08,-16.49
GD,"GENERAL DYNAMICS INFORMATION TECHNOLOGY, INC.",N6660423F3004,2026-03-11,209724.0,Department of Defense,Department of the Navy,DELIVERY ORDER,2026-03-11,350.6707,352.395,-0.49,311.1606,2026-04-27,32,-11.27,381.79,2026-07-23,90,8.87,22.7,78.0,,,,,,,0.39,0.14,-0.14,-2.28,-0.38,-3.0,-4.84,-9.51,-3.29,-1.64,8.87
HII,HUNTINGTON INGALLS INCORPORATED,N0002422C2300,2026-02-20,0.0,Department of Defense,Department of the Navy,DEFINITIVE CONTRACT,2026-02-20,434.3311,439.8598,-1.26,277.39,2026-06-29,88,-36.13,451.7788,2026-03-02,6,4.02,62.87,,,,,,,,0.1,-0.45,1.91,0.95,-1.63,-4.96,-9.09,-6.54,-17.84,-24.5,-35.77
LMT,LOCKHEED MARTIN CORPORATION,W31P4Q23F0006,2025-12-10,0.0,Department of Defense,Department of the Army,DELIVERY ORDER,2025-12-10,462.4593,461.4216,0.22,462.4593,2025-12-10,0,0.0,672.2988,2026-03-02,54,45.37,45.37,15.0,17.0,20.0,23.0,33.0,,,1.48,3.52,1.46,1.32,3.81,3.36,17.8,24.3,38.82,39.9,19.32
BA,THE BOEING COMPANY,N0001917C0006,2026-02-09,0.0,Department of Defense,Department of the Navy,DEFINITIVE CONTRACT,2026-02-09,244.71,243.03,0.69,189.21,2026-03-30,34,-22.68,244.71,2026-02-09,0,0.0,29.33,,,,,,,,-0.87,-2.19,-0.27,-4.5,-4.63,-6.12,-12.51,-19.73,-8.49,-6.04,-8.99
BA,THE BOEING COMPANY,N0001921F0689,2025-12-15,0.0,Department of Defense,Department of the Navy,DELIVERY ORDER,2025-12-15,205.5,204.38,0.55,189.21,2026-03-30,71,-7.93,252.15,2026-01-23,26,22.7,33.26,5.0,12.0,18.0,21.0,,,,0.59,1.35,5.52,6.16,6.33,11.84,20.55,13.89,12.91,2.14,12.57
NOC,NORTHROP GRUMMAN SYSTEMS CORPORATION,H9224126CE001,2026-02-27,5137252.38,Department of Defense,U.S. Special Operations Command,DEFINITIVE CONTRACT,2026-02-27,721.2059,707.7849,1.9,496.02,2026-06-29,83,-31.22,764.6547,2026-03-02,1,6.02,54.16,1.0,,,,,,,6.02,4.07,4.38,1.46,1.29,-1.41,-7.29,-5.95,-21.73,-23.13,-26.2
GD,GENERAL DYNAMICS LAND SYSTEMS INC.,SPRDL125F0156,2026-03-30,0.0,Department of Defense,Defense Logistics Agency,DELIVERY ORDER,2026-03-30,337.728,343.6444,-1.72,311.1606,2026-04-27,19,-7.87,393.19,2026-07-28,82,16.42,26.36,51.0,65.0,81.0,,,,,0.71,2.44,2.24,0.91,0.2,-2.09,-0.14,2.14,-0.64,1.62,16.08
LDOS,"LEIDOS, INC.",70T04018F5DAP4038,2025-09-18,-26817.09,Department of Homeland Security,Transportation Security Administration,DELIVERY ORDER,2025-09-18,185.6084,182.286,1.82,179.3204,2025-12-31,72,-3.39,197.9062,2025-11-04,33,6.63,10.36,12.0,,,,,,,0.16,-0.02,-2.56,-0.82,3.07,5.92,-1.41,2.01,-0.8,1.38,0.56
CACI,"CACI, INC. - FEDERAL",FA807524F0042,2026-01-23,72913.84,Department of Defense,Department of the Air Force,DELIVERY ORDER,2026-01-23,662.19,655.46,1.03,480.99,2026-05-08,73,-27.36,662.19,2026-01-23,0,0.0,37.67,,,,,,,,-2.93,-3.62,-6.28,-6.55,-6.6,-15.22,-11.5,-4.38,-15.66,-21.72,-20.25
GD,"GENERAL DYNAMICS INFORMATION TECHNOLOGY, INC.",47QFSA25F0052,2025-11-06,0.0,General Services Administration,Federal Acquisition Service,BPA CALL,2025-11-06,335.8704,338.4464,-0.76,328.0534,2025-12-01,16,-2.33,364.0791,2026-01-16,48,8.4,10.98,40.0,,,,,,,1.77,3.56,1.1,0.43,-0.25,-0.08,-1.26,-0.28,6.76,4.26,3.16
LDOS,"LEIDOS, INC.",N0003925F7470,2025-12-22,737083.24,Department of Defense,Department of the Navy,DELIVERY ORDER,2025-12-22,184.9267,183.5748,0.74,143.7323,2026-04-27,85,-22.28,197.153,2026-01-09,12,6.61,37.17,8.0,,,,,,,0.15,-0.1,-1.45,-1.38,5.68,5.33,2.79,0.02,-5.88,-10.62,-19.81
HON,"HONEYWELL FEDERAL MANUFACTURING & TECHNOLOGIES, LLC",DENA0002839,2025-11-25,0.0,Department of Energy,Department of Energy,DEFINITIVE CONTRACT,2025-11-25,198.2563,195.8069,1.25,197.1873,2025-11-26,1,-0.54,258.7145,2026-03-02,64,30.49,31.2,26.0,32.0,38.0,46.0,64.0,,,-0.54,-0.42,1.28,0.16,0.54,3.79,3.32,8.56,19.13,27.53,22.3
LMT,LOCKHEED MARTIN CORPORATION,FA823218C0011,2026-01-23,-15024.46,Department of Defense,Department of the Air Force,DEFINITIVE CONTRACT,2026-01-23,583.9001,586.9539,-0.52,503.2157,2026-05-08,73,-13.82,672.2988,2026-03-02,25,15.14,33.6,4.0,15.0,25.0,,,,,-1.55,1.09,7.35,6.34,5.54,7.89,12.46,13.0,1.85,-2.68,-12.31
BA,THE BOEING COMPANY,FA852616F0014,2026-03-18,0.0,Department of Defense,Defense Contract Management Agency,DELIVERY ORDER,2026-03-18,205.99,210.82,-2.29,189.21,2026-03-30,8,-8.15,240.6,2026-05-13,39,16.8,27.16,14.0,24.0,36.0,,,,,-2.34,-3.68,-3.1,-7.51,0.65,5.73,8.44,11.19,6.61,6.34,7.56
BAH,BOOZ ALLEN HAMILTON INC,47QFWA21F0026,2025-09-30,149192.41,General Services Administration,Federal Acquisition Service,DELIVERY ORDER,2025-09-30,97.8089,96.7716,1.07,78.7024,2025-11-20,37,-19.53,101.8113,2025-10-07,5,4.09,29.36,,,,,,,,2.65,4.07,4.09,-0.22,-2.15,1.0,-17.13,-12.89,-16.93,-14.25,-9.23
LMT,LOCKHEED MARTIN CORPORATION,NNM07AA01C,2025-12-17,407000.0,National Aeronautics and Space Administration,National Aeronautics and Space Administration,DEFINITIVE CONTRACT,2025-12-17,469.2291,471.4725,-0.48,464.6335,2025-12-18,1,-0.98,672.2988,2026-03-02,49,43.28,44.69,11.0,15.0,16.0,18.0,28.0,,,-0.98,1.85,2.31,2.97,4.69,9.19,21.33,33.95,39.94,34.73,7.94
LMT,LOCKHEED MARTIN CORPORATION,FA820526FB002,2025-10-16,0.0,Department of Defense,Department of the Air Force,DELIVERY ORDER,2025-10-16,483.7997,489.8417,-1.23,434.0461,2025-12-01,31,-10.28,658.7036,2026-02-19,85,36.15,51.76,55.0,58.0,61.0,66.0,78.0,,,0.39,-0.76,-1.05,-1.29,-0.72,-4.08,-5.57,-7.17,-3.15,14.05,31.07
NOC,NORTHROP GRUMMAN SYSTEMS CORPORATION,M6785416C0211,2026-01-13,0.0,Department of Defense,Defense Contract Management Agency,DEFINITIVE CONTRACT,2026-01-13,620.7709,624.562,-0.61,538.3207,2026-05-15,85,-13.28,764.6547,2026-03-02,32,23.18,42.04,3.0,10.0,24.0,32.0,,,,4.42,6.62,6.18,7.59,10.17,12.71,11.12,14.02,14.54,8.06,-10.89
BA,THE BOEING COMPANY,FA813425F0003,2025-09-25,605000.0,Department of Defense,Department of the Air Force,DELIVERY ORDER,2025-09-25,213.53,215.1,-0.73,179.12,2025-11-24,42,-16.11,252.15,2026-01-23,82,18.09,40.77,9.0,74.0,77.0,,,,,3.62,1.08,1.83,2.9,1.16,0.22,3.66,-7.98,-11.49,0.26,10.5
LMT,LOCKHEED MARTIN CORPORATION,W31P4Q23C0008,2026-03-05,0.0,Department of Defense,Department of the Army,DEFINITIVE CONTRACT,2026-03-05,650.7399,660.1583,-1.43,491.64,2026-06-24,76,-24.45,667.4009,2026-03-06,1,2.56,35.75,,,,,,,,2.56,-0.58,-0.33,-1.5,-2.67,-4.7,-2.61,-9.59,-22.67,-20.63,-20.94
LDOS,"LEIDOS, INC.",W56KGY17F0005,2025-09-25,-188.64,Department of Defense,Defense Contract Management Agency,DELIVERY ORDER,2025-09-25,180.8578,185.8563,-2.69,179.3204,2025-12-31,67,-0.85,197.9062,2025-11-04,28,9.43,10.36,4.0,,,,,,,1.39,3.62,5.77,8.6,6.41,2.31,4.17,6.8,4.79,1.5,3.57
BAH,BOOZ ALLEN HAMILTON INC,FA807521F0075,2026-04-01,75417.21,Department of Defense,Department of the Air Force,DELIVERY ORDER,2026-04-01,79.7693,77.4468,3.0,59.71,2026-06-25,58,-25.15,83.4516,2026-04-07,3,4.62,39.76,,,,,,,,3.43,4.62,-1.05,1.79,2.89,-3.73,-2.56,-8.7,-1.11,-22.24,-1.5
PLTR,PALANTIR USG INC,FA714625C0037,2026-02-21,0.0,Department of Defense,Department of the Air Force,DEFINITIVE CONTRACT,2026-02-23,130.6,135.24,-3.43,107.27,2026-06-25,85,-17.86,160.84,2026-03-23,20,23.15,49.94,4.0,5.0,7.0,9.0,,,,-1.35,4.09,11.16,17.3,19.78,15.58,18.51,14.91,8.1,3.57,-1.0
BA,THE BOEING COMPANY,FA813424F4401,2025-08-26,-6522.75,Department of Defense,Department of the Air Force,DELIVERY ORDER,2025-08-26,234.83,226.87,3.51,179.12,2025-11-24,63,-23.72,237.38,2025-09-02,4,1.09,32.53,,,,,,,,0.34,-0.06,-1.04,-2.22,-3.11,-8.44,-9.07,-4.05,-9.05,-20.92,-2.85
GE,GENERAL ELECTRIC COMPANY,FA862621F8521,2026-02-05,23688.37,Department of Defense,Department of the Air Force,DELIVERY ORDER,2026-02-05,305.5435,307.5082,-0.64,272.9098,2026-03-30,36,-10.68,351.2921,2026-06-16,90,14.97,28.72,7.0,10.0,,,,,,4.78,3.25,2.13,6.76,12.03,11.25,5.23,-6.25,1.95,-8.3,14.97
CACI,"CACI TECHNOLOGIES, LLC",W56KGU22F0015,2026-01-08,190000.0,Department of Defense,Department of the Army,DELIVERY ORDER,2026-01-08,584.09,562.79,3.78,480.99,2026-05-08,83,-17.65,662.19,2026-01-23,10,13.37,37.67,5.0,9.0,,,,,,2.54,3.51,7.43,7.71,13.37,6.68,9.1,-2.24,3.64,-2.56,-15.54
LMT,LOCKHEED MARTIN CORPORATION,N0001926F0174,2026-02-26,12534790.0,Department of Defense,Department of the Navy,DELIVERY ORDER,2026-02-26,634.1151,639.9163,-0.91,491.64,2026-06-24,81,-22.47,672.2988,2026-03-02,2,6.02,36.75,2.0,,,,,,,2.56,4.63,2.62,4.06,2.28,0.63,-3.51,-3.85,-19.66,-16.45,-16.74
PSN,PARSONS GOVERNMENT SERVICES INC.,W911QX21F0013,2025-12-19,443325.0,Department of Defense,Department of the Army,DELIVERY ORDER,2025-12-19,61.38,60.55,1.37,50.04,2026-03-20,61,-18.48,72.73,2026-01-23,22,18.49,45.34,9.0,12.0,17.0,,,,,1.29,2.38,2.17,0.68,7.35,12.63,17.89,11.62,8.03,-18.28,-17.12
LMT,LOCKHEED MARTIN CORPORATION,N0001424C2407,2026-02-12,1650000.0,Department of Defense,Department of the Navy,DEFINITIVE CONTRACT,2026-02-12,629.9642,621.3365,1.39,491.64,2026-06-24,90,-21.96,672.2988,2026-03-02,11,6.72,36.75,11.0,,,,,,,2.38,1.94,3.27,4.24,3.24,3.3,1.75,-2.88,-8.33,-19.21,-21.96
LDOS,"LEIDOS, INC.",FA807524F0016,2026-02-18,674345.0,Department of Defense,Department of the Air Force,DELIVERY ORDER,2026-02-18,170.5035,160.5633,6.19,100.0,2026-06-25,88,-41.35,179.5689,2026-03-03,9,5.32,79.57,9.0,,,,,,,2.76,0.27,-0.96,2.08,3.01,0.57,-3.01,-8.82,-13.74,-26.62,-41.09
BAH,BOOZ ALLEN HAMILTON INC,FA862026FB053,2025-12-05,2629142.0,Department of Defense,Department of the Air Force,DELIVERY ORDER,2025-12-05,86.6909,86.3363,0.41,73.705,2026-02-23,52,-14.98,100.6977,2026-01-23,32,16.16,36.62,3.0,27.0,32.0,,,,,3.78,5.69,5.42,-2.97,-3.12,-2.98,2.56,8.59,-9.34,-8.64,-6.38
NOC,NORTHROP GRUMMAN SYSTEMS CORPORATION,W56KGY25F0098,2025-12-23,0.0,Department of Defense,Department of the Army,DELIVERY ORDER,2025-12-23,575.6745,580.2397,-0.79,556.1522,2026-05-05,90,-3.39,764.6547,2026-03-02,45,32.83,37.49,7.0,14.0,19.0,27.0,45.0,,,0.39,-0.39,-1.7,5.39,1.85,12.6,13.95,22.25,32.83,17.6,-3.39
CACI,"CACI, INC. - FEDERAL",FA251824F0006,2026-03-18,18266463.9,Department of Defense,Department of the Air Force,DELIVERY ORDER,2026-03-18,608.73,612.93,-0.69,443.26,2026-06-25,68,-27.18,612.93,2026-03-19,1,0.69,38.28,,,,,,,,0.69,-3.2,-4.89,-7.4,-7.82,-4.97,-13.4,-14.65,-19.49,-14.67,-21.58
BAH,BOOZ ALLEN HAMILTON INC,N0003920F3502,2025-09-22,-349244.12,Department of Defense,Department of the Navy,DELIVERY ORDER,2025-09-22,97.6523,99.952,-2.3,78.7024,2025-11-20,43,-19.41,101.8113,2025-10-07,11,4.26,29.36,,,,,,,,-1.46,-2.26,-0.9,2.82,3.86,-2.66,0.86,-14.32,-18.54,-13.86,-10.81
BA,THE BOEING COMPANY,FA852626FB002,2026-01-27,6728005.11,Department of Defense,Department of the Air Force,DELIVERY ORDER,2026-01-27,244.56,248.43,-1.56,189.21,2026-03-30,43,-22.63,244.71,2026-02-09,9,0.06,29.33,,,,,,,,-1.21,-4.43,-4.67,-3.11,-0.81,-0.21,-6.19,-12.46,-15.23,-4.26,-11.9
LDOS,"LEIDOS, INC.",FA873021F0113,2025-10-14,0.0,Department of Defense,Department of the Air Force,DELIVERY ORDER,2025-10-14,185.7274,184.4084,0.72,160.5633,2026-02-17,85,-13.55,197.9062,2025-11-04,15,6.56,23.26,15.0,,,,,,,-0.37,-1.47,3.15,2.2,0.29,3.09,3.07,2.26,-2.94,6.15,-6.81
LMT,LOCKHEED MARTIN CORP,FA855326F0003,2026-02-10,0.0,Department of Defense,Department of the Air Force,DELIVERY ORDER,2026-02-10,622.1863,630.8141,-1.37,493.6,2026-06-22,90,-20.67,672.2988,2026-03-02,13,8.05,36.2,6.0,,,,,,,-0.14,3.66,3.22,4.56,2.85,6.64,4.24,-0.33,-3.0,-18.18,-20.67
LDOS,"LEIDOS, INC.",HC102826F0010,2026-02-17,48659817.33,Department of Defense,Defense Information Systems Agency,DELIVERY ORDER,2026-02-17,160.5633,175.2449,-8.38,100.0,2026-06-25,89,-37.72,179.5689,2026-03-03,10,11.84,79.57,1.0,9.0,,,,,,6.19,7.41,7.8,8.87,11.84,11.15,3.49,-3.48,-6.47,-22.94,-36.62
GD,"GENERAL DYNAMICS INFORMATION TECHNOLOGY, INC.",70B06C19F00000013,2025-09-30,-38547.59,Department of Homeland Security,U.S. Customs and Border Protection,DELIVERY ORDER,2025-09-30,335.0884,326.4115,2.66,326.2868,2025-10-16,12,-2.63,364.0791,2026-01-16,75,8.65,11.58,67.0,,,,,,,-0.07,0.77,0.71,0.52,-1.18,-0.68,1.17,3.8,-0.42,1.73,6.5
LDOS,"LEIDOS, INC.",N0003925F7502,2025-11-26,283600.0,Department of Defense,Department of the Navy,DELIVERY ORDER,2025-11-26,188.7919,189.9226,-0.6,153.6473,2026-03-30,83,-18.62,197.153,2026-01-09,29,4.43,28.32,,,,,,,,0.39,-1.73,1.08,-2.49,0.09,-4.51,-2.34,2.99,-0.07,-10.55,-17.86
NOC,NORTHROP GRUMMAN SYSTEMS CORP,FA811020F0007,2025-09-30,-12047.0,Department of Defense,Department of the Air Force,DELIVERY ORDER,2025-09-30,602.2723,587.1194,2.58,541.3857,2025-12-01,43,-10.11,703.7488,2026-02-06,89,16.85,29.99,73.0,78.0,86.0,,,,,-0.64,0.04,2.02,4.22,2.89,-1.2,-3.99,-6.99,-8.82,-4.04,15.02
NOC,NORTHROP GRUMMAN SYSTEMS CORPORATION,HQ072725FE066,2025-09-08,4700000.0,Department of Defense,Defense Microelectronics Activity,DELIVERY ORDER,2025-09-08,575.1694,574.0821,0.19,541.3857,2025-12-01,59,-5.87,649.6609,2026-01-15,90,12.95,20.0,20.0,89.0,,,,,,-1.76,0.18,-1.26,-0.83,-0.99,2.17,6.83,3.45,-3.25,-5.62,12.95
NOC,NORTHROP GRUMMAN SYSTEMS CORPORATION,SPE4AX24F6001,2026-02-19,0.0,Department of Defense,Defense Logistics Agency,DELIVERY ORDER,2026-02-19,731.299,719.35,1.66,496.02,2026-06-29,89,-32.17,764.6547,2026-03-02,7,4.56,54.16,,,,,,,,-1.81,-0.92,-3.22,4.56,0.75,-0.18,-3.75,-4.36,-21.7,-26.39,-30.36
HON,HONEYWELL INTERNATIONAL INC.,FA820624F0009,2026-03-12,-18750202.42,Department of Defense,Department of the Air Force,DELIVERY ORDER,2026-03-12,243.4445,249.7444,-2.52,215.9203,2026-06-10,62,-11.31,249.4599,2026-05-29,54,2.47,15.53,,,,,,,,0.47,-0.85,-1.87,-4.45,-3.53,-2.23,0.1,-8.67,-8.14,-8.76,1.16
ACN,ACCENTURE FEDERAL SERVICES LLC,89243424FEE000456,2025-12-30,50000.0,Department of Energy,Department of Energy,BPA CALL,2025-12-30,264.5486,265.8615,-0.49,170.3023,2026-05-11,90,-35.63,282.7143,2026-01-14,10,6.87,66.01,10.0,,,,,,,-0.63,-2.23,1.47,3.95,6.87,3.97,-2.36,-17.76,-20.37,-28.67,-35.63
BA,THE BOEING COMPANY,FA945120F0008,2025-09-10,17057.85,Department of Defense,Department of the Air Force,DELIVERY ORDER,2025-09-10,227.52,229.52,-0.87,179.12,2025-11-24,53,-21.27,249.0,2026-01-20,90,9.44,39.01,85.0,,,,,,,-3.31,-5.17,-5.67,-5.22,-5.46,-5.14,-5.06,-4.8,-14.07,-11.27,9.44
PSN,PARSONS GOVERNMENT SERVICES INC.,W56KGU22F0021,2025-09-25,30706.22,Department of Defense,Department of the Army,DELIVERY ORDER,2025-09-25,79.7,80.67,-1.2,60.2,2025-12-17,58,-24.47,89.29,2025-10-08,9,12.03,48.32,4.0,7.0,,,,,,2.21,4.04,9.67,10.83,9.67,5.53,5.6,2.99,6.25,-22.99,-14.04
BA,THE BOEING COMPANY,SPRPA124F0006,2025-08-15,0.0,Department of Defense,Defense Logistics Agency,DELIVERY ORDER,2025-08-15,235.26,233.19,0.89,179.12,2025-11-24,70,-23.86,237.38,2025-09-02,11,0.9,32.53,,,,,,,,-1.21,-4.1,-2.18,-0.18,-0.25,-2.4,-8.6,-7.73,-7.84,-17.19,-7.83
IBM,INTERNATIONAL BUSINESS MACHINES CORPORATION,140D0424F1041,2025-09-26,-2000.0,Department of the Interior,Departmental Offices,DELIVERY ORDER,2025-09-26,277.1061,274.3088,1.02,268.9774,2025-10-16,14,-2.93,308.6917,2025-11-12,33,11.4,14.76,20.0,21.0,,,,,,-1.59,0.77,1.43,3.36,-2.28,-2.93,10.12,7.76,8.11,7.09,2.52
LMT,LOCKHEED MARTIN CORPORATION,HQ085121C0001,2026-01-22,9480640.0,Department of Defense,Missile Defense Agency,DEFINITIVE CONTRACT,2026-01-22,586.9539,579.3638,1.31,503.2157,2026-05-08,74,-14.27,672.2988,2026-03-02,26,14.54,33.6,6.0,19.0,,,,,,-0.52,0.18,4.82,7.09,2.57,5.86,11.23,13.71,4.24,-1.61,-12.53
LDOS,"LEIDOS, INC.",47QFDA23F0020,2026-03-20,2000000.0,General Services Administration,Federal Acquisition Service,DELIVERY ORDER,2026-03-20,165.2861,165.3659,-0.05,100.0,2026-06-25,66,-39.5,165.2861,2026-03-20,0,0.0,65.29,,,,,,,,-2.01,-4.21,-6.23,-6.24,-3.86,-7.83,-7.64,-10.29,-22.76,-31.28,-31.99
BAH,BOOZ ALLEN HAMILTON INC,FA807525F0035,2025-09-09,5073396.73,Department of Defense,Department of the Air Force,DELIVERY ORDER,2025-09-09,100.911,99.5116,1.41,78.7024,2025-11-20,52,-22.01,102.3789,2025-09-12,3,1.45,30.08,,,,,,,,-0.6,1.45,-1.25,-1.85,-4.65,-4.1,-0.18,-2.4,-15.56,-19.48,-4.93
BA,BELL BOEING JOINT PROJECT OFFICE,N0001917C0015,2025-11-25,21299572.07,Department of Defense,Department of the Navy,DEFINITIVE CONTRACT,2025-11-25,182.44,179.12,1.85,182.44,2025-11-25,0,0.0,252.15,2026-01-23,39,38.21,38.21,4.0,4.0,17.0,25.0,31.0,,,2.46,2.2,11.02,10.66,8.92,13.3,18.64,28.55,27.72,27.93,19.38
NOC,NORTHROP GRUMMAN SYSTEMS CORPORATION,FA881925CB002,2025-10-09,800000.0,Department of Defense,Department of the Air Force,DEFINITIVE CONTRACT,2025-10-09,627.6651,630.571,-0.46,541.3857,2025-12-01,36,-13.75,731.299,2026-02-19,90,16.51,35.08,68.0,79.0,90.0,,,,,-1.81,-1.27,-5.67,-5.2,-4.61,-7.88,-10.46,-10.65,-9.91,-3.45,16.51
LMT,LOCKHEED MARTIN CORPORATION,N6339425C0005,2026-01-16,3531856.52,Department of Defense,Department of the Navy,DEFINITIVE CONTRACT,2026-01-16,575.6083,571.1216,0.79,503.2157,2026-05-08,77,-12.58,672.2988,2026-03-02,29,16.8,33.6,8.0,19.0,29.0,,,,,-1.09,1.97,-0.13,2.55,9.2,7.07,11.57,15.27,5.31,5.48,-7.28
LMT,LOCKHEED MARTIN CORPORATION,N6278622F0020,2025-11-04,775000.0,Department of Defense,Department of the Navy,DELIVERY ORDER,2025-11-04,475.6882,478.5915,-0.61,434.0461,2025-12-01,18,-8.75,672.2988,2026-03-02,79,41.33,54.89,41.0,45.0,47.0,49.0,59.0,,,-2.44,-5.49,-5.75,-6.01,-2.12,-6.99,-6.85,-1.36,12.8,32.14,32.9
CACI,"CACI, INC. - FEDERAL",FA807524F0060,2026-03-02,19898.0,Department of Defense,Department of the Air Force,DELIVERY ORDER,2026-03-02,624.96,610.17,2.42,443.26,2026-06-25,80,-29.07,633.21,2026-03-09,5,1.32,42.85,,,,,,,,0.77,-1.99,1.32,-3.29,-3.14,-2.97,-12.98,-14.62,-20.95,-18.26,-22.16
HII,HUNTINGTON INGALLS INCORPORATED,N0002418C2406,2025-09-30,0.0,Department of Defense,Department of the Navy,DEFINITIVE CONTRACT,2025-09-30,284.5241,276.2427,3.0,276.7269,2025-10-17,13,-2.74,426.4597,2026-02-03,86,49.89,54.11,22.0,22.0,57.0,58.0,69.0,,,-0.66,-1.27,-0.88,-0.61,1.4,-0.74,3.65,12.6,7.88,24.0,41.58
LMT,LOCKHEED MARTIN CORPORATION,W58RGZ21F0372,2025-09-10,-237514.0,Department of Defense,Department of the Army,DELIVERY ORDER,2025-09-10,454.9826,448.3031,1.49,434.0461,2025-12-01,57,-4.6,575.6083,2026-01-16,89,26.51,32.61,12.0,18.0,84.0,86.0,,,,1.48,2.02,1.99,1.96,4.82,7.62,9.46,5.02,-1.47,-2.61,25.13
NOC,NORTHROP GRUMMAN SYSTEMS CORPORATION,FA869125CB007,2025-08-26,0.0,Department of Defense,Department of the Air Force,DEFINITIVE CONTRACT,2025-08-26,583.866,577.6828,1.07,541.3857,2025-12-01,67,-7.28,630.571,2025-10-08,30,8.0,16.47,29.0,,,,,,,-1.08,-0.5,-1.64,-1.68,-1.83,-1.92,-0.83,8.0,-0.97,-4.35,3.91
HON,HONEYWELL INTERNATIONAL INC.,FA945322C0020,2025-08-27,718440.74,Department of Defense,Department of the Air Force,DEFINITIVE CONTRACT,2025-08-27,215.1407,216.4146,-0.59,195.2672,2025-11-20,60,-9.24,215.238,2025-08-28,1,0.05,10.23,,,,,,,,0.05,-1.65,-2.75,-2.94,-2.68,-4.33,-5.9,-7.69,-4.04,-9.24,-1.13
LMT,LOCKHEED MARTIN CORPORATION,N0001921F0321,2026-03-12,0.0,Department of Defense,Department of the Navy,DELIVERY ORDER,2026-03-12,648.584,645.2458,0.52,491.64,2026-06-24,71,-24.2,648.584,2026-03-12,0,0.0,31.92,,,,,,,,-1.05,-2.53,-2.35,-5.6,-3.91,-5.39,-5.08,-21.35,-20.96,-19.81,-20.69
GD,"GENERAL DYNAMICS INFORMATION TECHNOLOGY, INC.",W900KK24F0014,2025-09-23,1770052.02,Department of Defense,Department of the Army,DELIVERY ORDER,2025-09-23,317.597,317.0664,0.17,317.597,2025-09-23,0,0.0,364.0791,2026-01-16,80,14.64,14.64,5.0,71.0,,,,,,0.13,2.21,5.51,5.52,6.26,3.92,5.11,6.74,5.99,4.54,8.08
BAH,BOOZ ALLEN HAMILTON INC,HC102824F6100,2025-09-04,0.0,Department of Defense,Defense Information Systems Agency,DELIVERY ORDER,2025-09-04,100.9893,104.4632,-3.33,78.7024,2025-11-20,55,-22.07,102.3789,2025-09-12,6,1.38,30.08,,,,,,,,-0.73,-0.08,0.62,-1.53,-1.93,-3.8,0.79,-5.74,-17.08,-18.6,-7.04
GD,"GENERAL DYNAMICS INFORMATION TECHNOLOGY, INC.",692M1520F00014,2026-03-19,729714.25,Department of Transportation,Federal Aviation Administration,DELIVERY ORDER,2026-03-19,346.4886,350.1851,-1.06,311.1606,2026-04-27,26,-10.2,393.19,2026-07-28,87,13.48,26.36,72.0,84.0,,,,,,-1.1,-0.97,1.62,-2.53,-0.15,-1.64,-4.56,-0.62,-1.47,3.31,10.66
IBM,INTERNATIONAL BUSINESS MACHINES CORPORATION,W9128Z25FA001,2025-12-08,2469977.93,Department of Defense,Department of the Army,DELIVERY ORDER,2025-12-08,303.0074,301.7922,0.4,220.139,2026-02-23,51,-27.35,308.4467,2026-02-02,37,1.8,40.11,,,,,,,,0.42,0.5,-0.17,-1.9,-2.07,-1.11,-2.09,-4.69,-15.58,-15.8,-17.47
GD,"GENERAL DYNAMICS MISSION SYSTEMS, INC.",N0017820C2310,2025-10-29,186000.0,Department of Defense,Department of the Navy,DEFINITIVE CONTRACT,2025-10-29,339.009,342.1673,-0.92,328.0534,2025-12-01,22,-3.23,364.0791,2026-01-16,54,7.4,10.98,46.0,,,,,,,0.34,-0.47,-0.17,0.83,1.74,-0.64,-0.54,-0.58,3.52,7.17,3.44
GD,"GENERAL DYNAMICS MISSION SYSTEMS, INC.",N0002421C6425,2025-09-24,1045975.0,Department of Defense,Department of the Navy,DEFINITIVE CONTRACT,2025-09-24,318.0097,317.597,0.13,318.0097,2025-09-24,0,0.0,364.0791,2026-01-16,79,14.49,14.49,4.0,70.0,,,,,,0.25,2.64,5.29,6.18,7.05,4.13,5.99,6.43,5.54,4.7,10.73
GE,GENERAL ELECTRIC COMPANY,FA862626FB004,2026-01-13,1191271.03,Department of Defense,Department of the Air Force,DELIVERY ORDER,2026-01-13,326.3472,323.2955,0.94,272.9098,2026-03-30,52,-16.37,344.8073,2026-03-02,32,5.66,26.34,28.0,,,,,,,-2.55,-0.64,-2.67,-10.19,-10.62,-5.29,-4.38,4.16,-10.76,-5.63,-7.32
PLTR,PALANTIR TECHNOLOGIES INC.,70CTD022FR0000170,2025-09-19,19355842.32,Department of Homeland Security,U.S. Immigration and Customs Enforcement,DELIVERY ORDER,2025-09-19,182.39,176.97,3.06,151.86,2026-01-29,90,-16.74,207.18,2025-11-03,31,13.59,36.43,28.0,31.0,,,,,,-1.68,-1.55,-2.64,0.02,-5.11,1.69,-0.44,9.91,-15.1,0.47,-16.74
BA,THE BOEING COMPANY,HQ085622F0005,2025-10-29,0.0,Department of Defense,Missile Defense Agency,DELIVERY ORDER,2025-10-29,213.58,223.33,-4.37,179.12,2025-11-24,18,-16.13,252.15,2026-01-23,58,18.06,40.77,44.0,50.0,53.0,,,,,-6.32,-4.23,-7.47,-8.88,-8.47,-11.21,-11.51,-6.03,6.81,14.51,0.24
HII,HUNTINGTON INGALLS INCORPORATED,N0002416C2427,2025-08-14,0.0,Department of Defense,Department of the Navy,DEFINITIVE CONTRACT,2025-08-14,263.0183,264.9556,-0.73,260.9925,2025-08-19,3,-0.77,350.9032,2025-12-22,90,33.41,34.45,31.0,50.0,54.0,55.0,90.0,,,-0.45,-0.77,-0.37,1.22,2.92,1.44,2.58,4.74,5.21,16.31,33.41
CACI,"CACI, INC. - FEDERAL",47QFRA24F0005,2025-08-20,17074116.89,General Services Administration,Federal Acquisition Service,DELIVERY ORDER,2025-08-20,486.63,486.85,-0.05,460.1,2025-09-04,10,-5.45,617.97,2025-11-25,68,26.99,34.31,29.0,45.0,45.0,45.0,,,,-0.13,-0.37,0.09,-1.42,-5.45,-0.08,2.5,6.67,20.13,20.69,10.86
ACN,ACCENTURE FEDERAL SERVICES LLC,140D0424F1126,2025-10-24,-370258.64,Department of the Interior,Departmental Offices,DELIVERY ORDER,2025-10-24,242.6498,244.7662,-0.86,187.6335,2026-02-25,83,-22.67,282.7143,2026-01-14,55,16.51,50.67,26.0,27.0,55.0,,,,,1.26,0.04,0.99,-1.92,-0.76,-0.03,-1.63,7.61,9.02,15.12,-13.18
ACN,ACCENTURE FEDERAL SERVICES LLC,19AQMM23F3426,2026-03-26,564692.26,Department of State,Department of State,BPA CALL,2026-03-26,192.4542,188.4076,2.15,122.9615,2026-06-30,65,-36.11,197.265,2026-04-02,5,2.5,60.43,,,,,,,,-1.94,0.95,2.5,0.45,-7.82,-0.39,-9.14,-7.37,0.94,-34.79,-11.29
BA,THE BOEING COMPANY,N0001926F0082,2026-04-01,4392120.11,Department of Defense,Department of the Navy,DELIVERY ORDER,2026-04-01,207.32,199.03,4.17,204.8,2026-07-21,75,-1.22,240.6,2026-05-13,29,16.05,17.48,4.0,14.0,29.0,,,,,0.43,1.29,6.15,7.15,5.58,11.56,9.68,10.56,3.92,3.55,12.5
IBM,INTERNATIONAL BUSINESS MACHINES CORPORATION,70SBUR24F00000103,2026-01-14,-327.29,Department of Homeland Security,U.S. Citizenship and Immigration Services,DELIVERY ORDER,2026-01-14,302.8604,297.1077,1.94,213.1113,2026-05-13,82,-29.63,308.4467,2026-02-02,12,1.84,44.74,,,,,,,,-3.59,-5.72,-4.65,-4.11,0.07,-6.47,-14.61,-21.83,-21.32,-22.6,-17.82
NOC,NORTHROP GRUMMAN SYSTEMS CORP,FA811023F0001,2025-08-14,0.0,Department of Defense,Department of the Air Force,DELIVERY ORDER,2025-08-14,574.7094,573.1047,0.28,541.3857,2025-12-01,75,-5.8,630.571,2025-10-08,38,9.72,16.47,36.0,,,,,,,0.04,0.43,2.31,0.52,0.72,-0.29,-1.19,2.25,2.25,-2.21,0.96
GD,GENERAL DYNAMICS ONE SOURCE LLC,FA824026F5002,2026-03-03,100000.0,Department of Defense,Department of the Air Force,DELIVERY ORDER,2026-03-03,361.4232,361.5025,-0.02,311.1606,2026-04-27,38,-13.91,376.88,2026-07-06,85,4.28,21.12,,,,,,,,0.39,-0.33,-2.5,-2.6,-2.31,-4.75,-3.89,-6.65,-4.34,-3.87,3.14
LDOS,"LEIDOS, INC.",W56KGY25F0001,2026-01-28,6233668.84,Department of Defense,Department of the Army,DELIVERY ORDER,2026-01-28,186.6463,186.03,0.33,122.3678,2026-06-08,90,-34.44,193.5547,2026-02-10,9,3.7,58.17,,,,,,,,-0.31,0.14,0.36,2.78,-7.87,-8.65,-6.75,-7.43,-15.21,-22.02,-34.44
LDOS,"LEIDOS, INC.",FA945125FX008,2025-09-11,308176.0,Department of Defense,Department of the Air Force,DELIVERY ORDER,2025-09-11,183.2056,178.4951,2.64,179.3204,2025-12-31,77,-2.12,197.9062,2025-11-04,38,8.02,10.36,16.0,,,,,,,-0.69,-1.16,1.31,1.7,-1.28,3.74,1.79,3.61,3.57,1.13,4.24
CACI,"CACI, INC. - FEDERAL",FA822725F0018,2025-10-27,0.0,Department of Defense,Department of the Air Force,DELIVERY ORDER,2025-10-27,578.73,585.55,-1.16,532.81,2025-12-31,45,-7.93,662.19,2026-01-23,60,14.42,24.28,20.0,59.0,,,,,,-1.08,-2.67,-2.52,1.7,2.27,2.09,6.78,1.81,-7.93,14.42,9.41
GD,"GENERAL DYNAMICS INFORMATION TECHNOLOGY, INC.",N440,2026-02-19,-290.17,Department of Defense,Department of the Navy,DELIVERY ORDER,2026-02-19,351.1562,346.3498,1.39,311.1606,2026-04-27,46,-11.39,362.8304,2026-03-04,9,3.32,16.61,,,,,,,,-0.82,-0.89,-1.02,2.95,1.79,-0.14,-2.42,-1.48,-11.2,-5.16,0.44
NOC,NORTHROP GRUMMAN SYSTEMS CORPORATION,N0003025F2001,2025-09-17,0.0,Department of Defense,Department of the Navy,DELIVERY ORDER,2025-09-17,570.4052,572.6588,-0.39,541.3857,2025-12-01,52,-5.09,673.6084,2026-01-27,90,18.09,24.42,9.0,15.0,84.0,,,,,-0.58,-0.16,1.59,3.02,4.91,7.72,3.79,1.37,-2.09,-2.56,18.09
LDOS,"LEIDOS, INC.",31310022F0113,2025-09-03,109386.11,Nuclear Regulatory Commission,Nuclear Regulatory Commission,BPA CALL,2025-09-03,175.8627,179.0096,-1.76,175.8627,2025-09-03,0,0.0,197.9062,2025-11-04,44,12.53,12.53,11.0,22.0,,,,,,0.49,0.39,1.5,3.46,3.65,5.52,8.78,5.21,10.01,7.35,10.56
LMT,LOCKHEED MARTIN CORPORATION,N0038324FDT09,2025-12-01,-135412.79,Department of Defense,Department of the Navy,DELIVERY ORDER,2025-12-01,434.0461,449.0878,-3.35,434.0461,2025-12-01,0,0.0,672.2988,2026-03-02,61,54.89,54.89,5.0,10.0,23.0,27.0,30.0,54.0,,0.6,2.09,5.96,6.55,10.3,7.96,10.13,30.4,38.71,49.84,41.84
LMT,LOCKHEED MARTIN CORPORATION,W31P4Q25F0031,2026-02-09,0.0,Department of Defense,Department of the Army,DELIVERY ORDER,2026-02-09,630.8141,616.2764,2.36,503.2157,2026-05-08,62,-20.23,672.2988,2026-03-02,14,6.58,33.6,14.0,,,,,,,-1.37,-0.13,1.77,4.42,4.1,6.58,2.29,-3.9,-3.76,-19.01,-19.0
LDOS,"LEIDOS, INC.",N0003925F7501,2025-09-23,1722687.1,Department of Defense,Department of the Navy,DELIVERY ORDER,2025-09-23,185.5687,186.3224,-0.4,179.3204,2025-12-31,69,-3.37,197.9062,2025-11-04,30,6.65,10.36,9.0,,,,,,,0.15,-1.18,0.99,3.09,5.29,-0.63,0.73,6.65,2.35,-2.85,0.73
GD,GENERAL DYNAMICS LAND SYSTEMS INC.,W56HZV21F0256,2026-04-01,-996319.48,Department of Defense,Department of the Army,DELIVERY ORDER,2026-04-01,347.3805,340.1362,2.13,311.1606,2026-04-27,17,-10.43,395.97,2026-08-10,89,13.99,27.26,63.0,78.0,,,,,,-0.41,-0.6,-1.89,-2.34,-4.01,-8.07,-0.88,-2.38,-0.71,-0.24,12.81
NOC,NORTHROP GRUMMAN SYSTEMS CORPORATION,HQ014711C0006,2026-03-13,0.0,Department of Defense,Missile Defense Agency,DEFINITIVE CONTRACT,2026-03-13,730.495,733.0736,-0.35,496.02,2026-06-29,73,-32.1,732.7351,2026-03-16,1,0.31,47.72,,,,,,,,0.31,-1.21,-3.65,-7.03,-7.46,-4.25,-7.3,-21.59,-25.04,-24.89,-26.97
ACN,ACCENTURE FEDERAL SERVICES LLC,12318723F0654,2025-09-12,844660.42,Department of Agriculture,Forest Service,BPA CALL,2025-09-12,233.7238,239.2205,-2.3,227.8645,2025-09-25,9,-2.51,282.7143,2026-01-14,85,20.96,24.07,17.0,57.0,65.0,85.0,,,,-0.28,1.13,0.49,-1.27,0.18,2.43,2.1,3.82,2.8,11.72,19.51
LMT,LOCKHEED MARTIN CORPORATION,FA861123F0010,2026-03-02,5161860.5,Department of Defense,Department of the Air Force,DELIVERY ORDER,2026-03-02,672.2988,650.3724,3.37,491.64,2026-06-24,79,-26.87,672.2988,2026-03-02,0,0.0,36.75,,,,,,,,-1.31,-3.21,-1.85,-4.02,-4.65,-7.28,-10.69,-9.62,-24.79,-21.51,-22.17
LDOS,"LEIDOS, INC.",31310021F0135,2026-01-27,30000.0,Nuclear Regulatory Commission,Nuclear Regulatory Commission,BPA CALL,2026-01-27,186.03,188.3659,-1.24,122.6069,2026-05-21,80,-34.09,193.5547,2026-02-10,10,4.04,57.87,,,,,,,,0.33,0.6,1.41,-0.57,4.04,-13.69,-6.03,-7.36,-16.43,-20.94,-33.35
BAH,BOOZ ALLEN HAMILTON INC,HHSM500T0005,2025-09-24,0.0,Department of Health and Human Services,Centers for Medicare and Medicaid Services,DELIVERY ORDER,2025-09-24,97.1533,96.2236,0.97,78.7024,2025-11-20,41,-18.99,101.8113,2025-10-07,9,4.79,29.36,,,,,,,,-1.76,-0.39,3.34,4.77,3.68,-1.49,1.02,-12.76,-15.59,-12.8,-15.85
NOC,NORTHROP GRUMMAN SYSTEMS CORPORATION,80AFRC21F0031,2026-01-13,1700000.0,National Aeronautics and Space Administration,National Aeronautics and Space Administration,DELIVERY ORDER,2026-01-13,620.7709,624.562,-0.61,538.3207,2026-05-15,85,-13.28,764.6547,2026-03-02,32,23.18,42.04,3.0,10.0,24.0,32.0,,,,4.42,6.62,6.18,7.59,10.17,12.71,11.12,14.02,14.54,8.06,-10.89
GE,GENERAL ELECTRIC COMPANY,N0042125F0020,2026-02-20,1250000.0,Department of Defense,Department of the Navy,DELIVERY ORDER,2026-02-20,342.2941,333.8369,2.53,272.9098,2026-03-30,26,-20.27,374.4732,2026-07-01,90,9.4,37.21,85.0,,,,,,,-1.23,-0.1,-0.28,-2.65,-5.86,-10.51,-14.93,-15.77,-16.97,-16.55,9.4
BA,THE BOEING COMPANY,FA862516C6599,2026-03-17,980000.0,Department of Defense,Department of the Air Force,DEFINITIVE CONTRACT,2026-03-17,210.82,213.47,-1.24,189.21,2026-03-30,9,-10.25,240.6,2026-05-13,40,14.13,27.16,18.0,26.0,,,,,,-2.29,-7.45,-6.83,-7.81,-5.59,-0.39,3.82,6.3,5.4,5.13,0.32
BAH,BOOZ ALLEN HAMILTON INC,693KA824F00032,2025-12-11,103589.0,Department of Transportation,Federal Aviation Administration,DELIVERY ORDER,2025-12-11,92.9654,91.6258,1.46,73.705,2026-02-23,48,-20.72,100.6977,2026-01-23,28,8.32,36.62,28.0,,,,,,,-1.7,-9.51,-8.87,-8.36,-9.53,-10.06,0.99,-5.11,-16.42,-18.92,-15.65
GD,GENERAL DYNAMICS LAND SYSTEMS INC.,W56HZV21F0136,2026-01-20,-10877.0,Department of Defense,Department of the Army,DELIVERY ORDER,2026-01-20,355.9429,364.0791,-2.23,311.1606,2026-04-27,67,-12.58,363.3259,2026-01-27,5,2.07,16.76,,,,,,,,1.56,1.14,2.07,-2.57,-1.07,0.26,-1.34,1.94,-1.86,-6.32,-2.99
LDOS,"LEIDOS, INC.",N0003924F7291,2025-08-19,531798.16,Department of Defense,Department of the Navy,DELIVERY ORDER,2025-08-19,176.882,176.2684,0.35,175.8627,2025-09-03,10,-0.58,197.9062,2025-11-04,54,11.89,12.53,22.0,33.0,,,,,,0.79,1.68,2.02,1.47,-0.58,0.16,4.93,7.45,5.67,8.22,4.45
LMT,LOCKHEED MARTIN CORPORATION,HR001124C0304,2026-01-13,14658806.0,Department of Defense,Defense Advanced Research Projects Agency,DEFINITIVE CONTRACT,2026-01-13,551.761,544.7837,1.28,503.2157,2026-05-08,80,-8.8,672.2988,2026-03-02,32,21.85,33.6,5.0,11.0,22.0,32.0,,,,2.58,4.32,5.0,5.82,6.98,12.53,14.17,14.93,14.79,10.51,-3.99
LMT,LOCKHEED MARTIN CORP,FA862511C6597,2026-03-26,0.0,Department of Defense,Defense Contract Management Agency,DEFINITIVE CONTRACT,2026-03-26,623.2499,620.1403,0.5,491.64,2026-06-24,61,-21.12,633.7512,2026-04-06,6,1.68,28.91,,,,,,,,-1.83,-3.66,-0.72,0.06,-2.17,-3.16,-18.17,-19.26,-17.13,-19.19,-7.32
BA,THE BOEING COMPANY,FA862121C0001,2025-12-19,17773844.5,Department of Defense,Department of the Air Force,DEFINITIVE CONTRACT,2025-12-19,214.08,208.27,2.79,189.21,2026-03-30,67,-11.62,252.15,2026-01-23,22,17.78,33.26,8.0,14.0,17.0,,,,,1.29,1.91,1.48,1.42,7.36,12.02,17.44,10.22,7.16,-6.03,6.21
LMT,LOCKHEED MARTIN CORPORATION,N0001925F0215,2026-03-16,0.0,Department of Defense,Department of the Navy,DELIVERY ORDER,2026-03-16,641.0037,641.7985,-0.12,491.64,2026-06-24,69,-23.3,641.0037,2026-03-16,0,0.0,30.38,,,,,,,,-1.37,-1.19,-4.49,-3.25,-7.23,-1.13,-5.29,-20.6,-18.38,-18.09,-9.11
ACN,ACCENTURE FEDERAL SERVICES LLC,HC102825F1194,2025-09-25,347242.08,Department of Defense,Defense Information Systems Agency,DELIVERY ORDER,2025-09-25,227.8645,234.2529,-2.73,227.8645,2025-09-25,0,0.0,282.7143,2026-01-14,76,24.07,24.07,2.0,46.0,48.0,72.0,,,,2.76,6.04,5.07,6.71,8.38,3.07,6.49,3.78,7.5,17.07,3.91
CACI,"CACI, INC. - FEDERAL",N0016425F3012,2026-03-13,185000.0,Department of Defense,Department of the Navy,DELIVERY ORDER,2026-03-13,606.72,612.63,-0.96,440.76,2026-07-21,88,-27.35,612.93,2026-03-17,2,1.02,39.06,,,,,,,,-0.23,0.33,-0.06,-4.95,-7.1,-5.12,-12.05,-17.28,-18.43,-13.46,-20.79
NOC,NORTHROP GRUMMAN SYSTEMS CORPORATION,N0001921F0064,2025-09-10,0.0,Department of Defense,Department of the Navy,DELIVERY ORDER,2025-09-10,573.1628,565.0182,1.44,541.3857,2025-12-01,57,-5.54,661.858,2026-01-16,89,15.47,22.25,14.0,20.0,89.0,,,,,0.53,-0.92,-0.48,-1.18,1.1,5.08,9.51,2.86,-3.67,-4.25,13.81
NOC,NORTHROP GRUMMAN SYSTEMS CORPORATION,FA869023C1001,2025-11-25,0.0,Department of Defense,Department of the Air Force,DEFINITIVE CONTRACT,2025-11-25,562.8337,559.0184,0.68,541.3857,2025-12-01,3,-3.81,764.6547,2026-03-02,64,35.86,41.24,26.0,31.0,33.0,42.0,64.0,,,-0.41,-3.81,-2.43,-3.2,-2.07,0.28,1.81,9.12,20.79,28.73,21.61
IBM,INTERNATIONAL BUSINESS MACHINES CORPORATION,140D0424F0640,2025-10-27,0.0,Department of the Interior,Departmental Offices,DELIVERY ORDER,2025-10-27,305.1569,299.6695,1.83,220.139,2026-02-23,80,-27.86,308.6917,2025-11-12,12,1.16,40.23,,,,,,,,-0.17,-0.97,-2.67,-2.02,-0.72,-1.83,-2.21,-0.29,-4.87,-6.08,-18.18
BAH,BOOZ ALLEN HAMILTON INC,2032H525F00120,2026-03-28,2899961.92,Department of the Treasury,Internal Revenue Service,DELIVERY ORDER,2026-03-30,78.3599,77.9034,0.59,59.71,2026-06-25,60,-23.8,83.4516,2026-04-07,5,6.5,39.76,3.0,,,,,,,-1.17,5.29,6.5,0.73,3.13,2.23,-3.17,-4.46,-0.57,-23.8,-2.95
CACI,"CACI, INC. - FEDERAL",FA807524F0060,2026-02-18,478342.83,Department of Defense,Department of the Air Force,DELIVERY ORDER,2026-02-18,566.99,564.53,0.44,443.26,2026-06-25,88,-21.82,633.21,2026-03-09,13,11.68,42.85,6.0,8.0,,,,,,4.27,0.71,4.06,7.62,10.15,4.36,8.1,-1.03,-7.14,-11.08,-19.39
LDOS,"LEIDOS, INC.",N0003925F7711,2026-03-11,3658853.4,Department of Defense,Department of the Navy,DELIVERY ORDER,2026-03-11,172.3325,171.4776,0.5,100.0,2026-06-25,73,-41.97,172.8195,2026-03-13,2,0.28,72.82,,,,,,,,0.25,-3.18,-3.58,-4.09,-8.13,-10.07,-11.6,-14.65,-27.4,-28.05,-35.98
CACI,"CACI TECHNOLOGIES, LLC",N0002417F3003,2025-09-23,50040.58,Department of Defense,Department of the Navy,DELIVERY ORDER,2025-09-23,492.95,501.77,-1.76,476.24,2025-09-25,2,-3.39,662.19,2026-01-23,84,34.33,39.05,7.0,22.0,22.0,34.0,83.0,,,0.87,-1.49,1.18,5.3,6.7,3.07,5.52,18.62,25.36,13.75,24.23
GD,"GENERAL DYNAMICS INFORMATION TECHNOLOGY, INC.",68HERC24F0221,2025-11-13,95000.0,Environmental Protection Agency,Environmental Protection Agency,DELIVERY ORDER,2025-11-13,339.5814,344.9013,-1.54,328.0535,2025-12-01,11,-3.39,364.0791,2026-01-16,43,7.21,10.98,40.0,,,,,,,0.06,-0.81,-1.34,-1.72,-0.71,-0.69,-0.98,-1.04,6.46,1.07,3.68
LMT,LOCKHEED MARTIN CORP,FA821924C0001,2025-09-30,118497012.37,Department of Defense,Department of the Air Force,DEFINITIVE CONTRACT,2025-09-30,489.6455,482.5541,1.47,434.0461,2025-12-01,43,-11.36,630.8141,2026-02-09,90,28.83,45.33,67.0,71.0,73.0,81.0,,,,-0.04,1.06,2.38,1.71,1.2,1.34,-2.78,-8.44,-9.82,-1.96,28.83
LMT,LOCKHEED MARTIN CORP,FA862523FB019,2025-12-23,0.0,Department of Defense,Department of the Air Force,DELIVERY ORDER,2025-12-23,476.8982,477.9062,-0.21,476.8982,2025-12-23,0,0.0,672.2988,2026-03-02,45,40.97,40.97,7.0,11.0,13.0,16.0,25.0,,,0.66,1.31,0.23,6.01,7.44,18.68,20.54,29.23,40.97,28.38,6.02
LDOS,"LEIDOS, INC.",47QFMA25F0015,2025-09-25,0.0,General Services Administration,Federal Acquisition Service,BPA CALL,2025-09-25,180.8578,185.8563,-2.69,179.3204,2025-12-31,67,-0.85,197.9062,2025-11-04,28,9.43,10.36,4.0,,,,,,,1.39,3.62,5.77,8.6,6.41,2.31,4.17,6.8,4.79,1.5,3.57
PSN,PARSONS GOVERNMENT SERVICES INC.,N6264518F0707,2025-09-26,0.0,Department of Defense,Department of the Navy,DELIVERY ORDER,2025-09-26,81.46,79.7,2.21,60.2,2025-12-17,57,-26.1,89.29,2025-10-08,8,9.61,48.32,4.0,,,,,,,0.5,4.64,7.39,7.75,5.39,2.1,3.03,5.49,1.51,-23.68,-17.11
CACI,"CACI, INC. - FEDERAL",70CMSW21FR0000115,2026-02-05,516960.25,Department of Homeland Security,U.S. Immigration and Customs Enforcement,DELIVERY ORDER,2026-02-05,598.32,605.08,-1.12,480.99,2026-05-08,64,-19.61,637.27,2026-02-09,2,6.51,32.49,2.0,,,,,,,3.37,4.59,-6.17,-5.65,-2.05,-0.19,5.83,1.35,-9.77,-14.16,-15.69
HON,HONEYWELL INTERNATIONAL INC.,SPE4A525F125Z,2025-09-15,1398400.0,Department of Defense,Defense Logistics Agency,DELIVERY ORDER,2025-09-15,205.8933,205.6211,0.13,195.2672,2025-11-20,48,-5.16,230.9704,2026-01-22,89,12.18,18.28,82.0,86.0,,,,,,-0.37,-0.73,-1.29,-1.48,-1.16,-1.27,-1.48,1.57,-1.16,-4.14,11.64
BA,THE BOEING COMPANY,W58RGZ22F0140,2025-09-26,1024061.23,Department of Defense,Department of the Army,DELIVERY ORDER,2025-09-26,221.26,213.53,3.62,179.12,2025-11-24,41,-19.05,252.15,2026-01-23,81,13.96,40.77,72.0,74.0,,,,,,-1.89,-2.74,-2.24,0.25,-4.76,-4.23,0.79,-12.04,-15.73,-2.0,7.09
NOC,NORTHROP GRUMMAN SYSTEMS CORPORATION,N0002422C6418,2026-03-13,796788.0,Department of Defense,Department of the Navy,DEFINITIVE CONTRACT,2026-03-13,730.495,733.0736,-0.35,496.02,2026-06-29,73,-32.1,732.7351,2026-03-16,1,0.31,47.72,,,,,,,,0.31,-1.21,-3.65,-7.03,-7.46,-4.25,-7.3,-21.59,-25.04,-24.89,-26.97
LMT,LOCKHEED MARTIN CORPORATION,N0001925F0090,2025-12-15,0.0,Department of Defense,Department of the Navy,DELIVERY ORDER,2025-12-15,478.7463,474.6252,0.87,464.6335,2025-12-18,3,-2.95,672.2988,2026-03-02,51,40.43,44.69,13.0,17.0,19.0,22.0,31.0,,,-1.52,-2.95,-0.18,0.27,0.74,7.77,19.3,28.51,35.89,34.06,6.53
NOC,NORTHROP GRUMMAN SYSTEMS CORPORATION,FA869024CB001,2025-09-03,1004473.0,Department of Defense,Department of the Air Force,DEFINITIVE CONTRACT,2025-09-03,574.2897,582.5035,-1.41,541.3857,2025-12-01,62,-5.73,630.571,2025-10-08,25,9.8,16.47,23.0,,,,,,,-0.22,0.15,-0.2,-0.87,-0.68,-0.68,4.13,4.81,-1.81,-2.39,8.75
LMT,LOCKHEED MARTIN CORPORATION,W56KGY25F0141,2026-03-05,0.0,Department of Defense,Department of the Army,DELIVERY ORDER,2026-03-05,650.7399,660.1583,-1.43,491.64,2026-06-24,76,-24.45,667.4009,2026-03-06,1,2.56,35.75,,,,,,,,2.56,-0.58,-0.33,-1.5,-2.67,-4.7,-2.61,-9.59,-22.67,-20.63,-20.94
BA,THE BOEING COMPANY,FA812818C0003,2026-03-26,0.0,Department of Defense,Department of the Air Force,DEFINITIVE CONTRACT,2026-03-26,194.36,199.61,-2.63,189.21,2026-03-30,2,-2.65,240.6,2026-05-13,33,23.79,27.16,4.0,8.0,12.0,19.0,,,,-1.98,2.4,7.13,8.05,11.97,12.62,19.02,22.12,15.4,11.5,23.58
NOC,NORTHROP GRUMMAN SYSTEMS CORPORATION,FA861517C6047,2025-10-23,999792.8,Department of Defense,Department of the Air Force,DEFINITIVE CONTRACT,2025-10-23,598.7336,589.5807,1.55,541.3857,2025-12-01,26,-9.58,764.6547,2026-03-02,87,27.71,41.24,56.0,58.0,66.0,79.0,,,,-0.03,-1.76,-4.48,-5.01,-5.58,-7.79,-6.45,-9.0,-4.23,10.09,23.05
LMT,LOCKHEED MARTIN CORPORATION,N0001925F2558,2026-01-08,0.0,Department of Defense,Department of the Navy,DELIVERY ORDER,2026-01-08,512.3678,491.0505,4.34,503.2157,2026-05-08,83,-1.79,672.2988,2026-03-02,35,31.21,33.6,2.0,4.0,13.0,14.0,35.0,,,4.72,7.69,11.47,11.11,13.96,20.07,23.12,27.42,25.11,21.71,2.12
ACN,ACCENTURE FEDERAL SERVICES LLC,70T02020F3KOIA019,2025-09-12,0.0,Department of Homeland Security,Transportation Security Administration,DELIVERY ORDER,2025-09-12,233.7238,239.2205,-2.3,227.8645,2025-09-25,9,-2.51,282.7143,2026-01-14,85,20.96,24.07,17.0,57.0,65.0,85.0,,,,-0.28,1.13,0.49,-1.27,0.18,2.43,2.1,3.82,2.8,11.72,19.51
CACI,"CACI, INC. - FEDERAL",70FA5024F00000164,2025-09-16,0.0,Department of Homeland Security,Federal Emergency Management Agency,DELIVERY ORDER,2025-09-16,491.37,495.06,-0.75,476.24,2025-09-25,7,-3.08,662.19,2026-01-23,89,34.76,39.05,12.0,27.0,27.0,39.0,88.0,,,0.87,1.51,0.32,-3.08,1.51,7.66,5.24,16.51,21.55,21.39,30.81
BA,THE BOEING COMPANY,FA813424F1000,2025-08-25,252093.87,Department of Defense,Department of the Air Force,DELIVERY ORDER,2025-08-25,226.87,230.12,-1.41,179.12,2025-11-24,64,-21.05,237.38,2025-09-02,5,4.63,32.53,,,,,,,,3.51,4.09,4.63,1.71,1.17,-4.9,-5.19,-2.23,-1.56,-16.41,0.4
KTOS,"KRATOS SRE, INC.",N0017823C2405,2025-09-08,618000.0,Department of Defense,Department of the Navy,DEFINITIVE CONTRACT,2025-09-08,64.14,64.81,-1.03,64.14,2025-09-08,0,0.0,124.56,2026-01-15,90,94.2,94.2,3.0,5.0,6.0,8.0,11.0,20.0,,0.65,5.5,10.29,18.09,25.85,34.52,61.66,35.1,23.45,10.63,94.2
BAH,BOOZ ALLEN HAMILTON INC,693JJ625F00020N,2026-01-28,0.0,Department of Transportation,Federal Railroad Administration,BPA CALL,2026-01-28,89.7346,88.2176,1.72,71.0549,2026-05-13,73,-20.82,89.7346,2026-01-28,0,0.0,26.29,,,,,,,,-2.6,-3.95,-6.65,-2.29,-12.41,-13.41,-12.81,-14.71,-8.05,-12.91,-12.37
BAH,BOOZ ALLEN HAMILTON INC,89703025FAR400014,2025-09-25,-300000.0,Department of Energy,Department of Energy,DELIVERY ORDER,2025-09-25,95.4407,97.1532,-1.76,78.7024,2025-11-20,40,-17.54,101.8113,2025-10-07,8,6.67,29.36,4.0,,,,,,,1.59,2.48,5.72,6.26,2.26,-1.21,-6.29,-12.26,-13.86,-12.01,-12.23
BAH,BOOZ ALLEN HAMILTON INC,HDTRA120F0003,2026-03-17,-41788.0,Department of Defense,Defense Threat Reduction Agency,DELIVERY ORDER,2026-03-17,76.5436,75.1938,1.8,59.71,2026-06-25,69,-21.99,83.4516,2026-04-07,14,9.02,39.76,12.0,,,,,,,2.0,3.67,2.28,4.16,1.18,9.02,7.22,-0.87,0.43,0.86,-6.41
GD,"GENERAL DYNAMICS GLOBAL FORCE, LLC",W56JSR21F0043,2025-11-21,-1442290.0,Department of Defense,Department of the Army,DELIVERY ORDER,2025-11-21,335.9098,335.0215,0.27,328.0535,2025-12-01,5,-2.34,364.0791,2026-01-16,37,8.39,10.98,29.0,,,,,,,-0.65,-0.09,-2.34,-0.66,-1.27,-0.84,1.03,1.56,3.24,3.68,3.67
CACI,"CACI TECHNOLOGIES, LLC",W56KGU22F0015,2025-09-18,4643121.1,Department of Defense,Department of the Army,DELIVERY ORDER,2025-09-18,496.5,495.63,0.18,476.24,2025-09-25,5,-4.08,662.19,2026-01-23,87,33.37,39.05,11.0,25.0,25.0,43.0,86.0,,,0.47,-0.72,-4.08,-1.7,4.55,6.08,3.89,13.44,19.84,15.3,28.55
TXT,BELL TEXTRON INC,N6893624F0141,2026-01-06,0.0,Department of Defense,Department of the Navy,DELIVERY ORDER,2026-01-06,90.0311,88.9616,1.2,85.9317,2026-03-30,57,-4.55,100.7265,2026-02-20,31,11.88,17.22,10.0,28.0,,,,,,-1.65,4.17,3.81,3.87,6.94,4.62,3.09,9.95,1.63,-2.22,-1.42
LDOS,"LEIDOS, INC.",N6883625F7M5H,2025-12-09,27989.3,Department of Defense,Department of the Navy,DELIVERY ORDER,2025-12-09,183.4265,184.091,-0.36,152.3419,2026-04-10,83,-16.95,197.153,2026-01-09,21,7.48,29.41,17.0,,,,,,,1.82,2.58,-1.28,-1.81,0.97,-0.64,7.48,3.63,-4.46,-2.7,-16.77
BA,THE BOEING COMPANY,FA813425F1001,2025-08-21,94364.45,Department of Defense,Department of the Air Force,DELIVERY ORDER,2025-08-21,224.46,225.62,-0.51,179.12,2025-11-24,66,-20.2,237.38,2025-09-02,7,5.76,32.53,5.0,,,,,,,2.52,4.62,5.21,5.76,2.29,-1.99,-5.51,-3.64,-1.39,-13.34,-2.66
NOC,NORTHROP GRUMMAN SYSTEMS CORPORATION,FA489025C0010,2026-01-13,13539624.05,Department of Defense,Department of the Air Force,DEFINITIVE CONTRACT,2026-01-13,620.7709,624.562,-0.61,538.3207,2026-05-15,85,-13.28,764.6547,2026-03-02,32,23.18,42.04,3.0,10.0,24.0,32.0,,,,4.42,6.62,6.18,7.59,10.17,12.71,11.12,14.02,14.54,8.06,-10.89
CACI,"CACI, INC. - FEDERAL",M6785426F4400,2026-01-07,2757636.0,Department of Defense,Department of the Navy,DELIVERY ORDER,2026-01-07,562.79,559.44,0.6,480.99,2026-05-08,84,-14.53,662.19,2026-01-23,11,17.66,37.67,2.0,6.0,10.0,,,,,3.78,7.47,8.62,12.9,16.47,13.41,9.9,4.13,7.81,1.62,-12.06
CACI,"CACI, INC. - FEDERAL",FA882322F0007,2026-01-29,2206996.67,Department of Defense,Department of the Air Force,DELIVERY ORDER,2026-01-29,623.13,638.24,-2.37,480.99,2026-05-08,69,-22.81,637.27,2026-02-09,7,2.27,32.49,,,,,,,,-0.41,-0.69,-3.98,2.27,-9.91,-5.12,0.29,-2.63,-8.22,-19.46,-15.74
LDOS,"LEIDOS, INC.",70RTAC26FR0000001,2025-12-19,0.0,Department of Homeland Security,Office of Procurement Operations,DELIVERY ORDER,2025-12-19,183.5748,180.1057,1.93,143.7323,2026-04-27,86,-21.7,197.153,2026-01-09,13,7.4,37.17,9.0,,,,,,,0.74,1.06,0.44,-2.32,6.94,5.91,4.75,2.04,-4.78,-9.92,-19.0
LMT,LOCKHEED MARTIN CORPORATION,FA861123F0010,2026-03-18,53020485.0,Department of Defense,Department of the Air Force,DELIVERY ORDER,2026-03-18,638.1027,632.1913,0.94,491.64,2026-06-24,67,-22.95,638.1027,2026-03-18,0,0.0,29.79,,,,,,,,-0.74,-4.05,-2.81,-4.12,-3.84,-2.15,-7.8,-19.35,-18.6,-15.32,-8.9
HII,HUNTINGTON INGALLS INC,N0002413C2112,2026-02-27,0.0,Department of Defense,Department of the Navy,DEFINITIVE CONTRACT,2026-02-27,442.6084,439.7209,0.66,277.39,2026-06-29,83,-37.33,451.7788,2026-03-02,1,2.07,62.87,,,,,,,,2.07,-1.68,-3.47,-6.08,-6.48,-5.87,-16.97,-11.26,-18.26,-27.8,-35.34
GD,"GENERAL DYNAMICS INFORMATION TECHNOLOGY, INC.",89303020FCF000013,2026-04-01,15000.0,Department of Energy,Department of Energy,BPA CALL,2026-04-01,347.3805,340.1362,2.13,311.1606,2026-04-27,17,-10.43,395.97,2026-08-10,89,13.99,27.26,63.0,78.0,,,,,,-0.41,-0.6,-1.89,-2.34,-4.01,-8.07,-0.88,-2.38,-0.71,-0.24,12.81
WWD,WOODWARD HRT INC,SPRTA126C0043,2026-02-27,1649611.09,Department of Defense,Defense Logistics Agency,DEFINITIVE CONTRACT,2026-02-27,386.4127,387.3918,-0.25,341.2133,2026-03-30,21,-11.7,436.44,2026-06-25,81,12.95,27.91,75.0,76.0,,,,,,4.09,-0.46,-3.33,-0.23,-7.75,-4.85,-11.7,3.22,-7.69,-6.51,4.42
BA,THE BOEING COMPANY,N6134025F0012,2025-09-30,1602317.0,Department of Defense,Department of the Navy,DELIVERY ORDER,2025-09-30,215.83,217.08,-0.58,179.12,2025-11-24,39,-17.01,252.15,2026-01-23,79,16.83,40.77,65.0,71.0,76.0,,,,,-0.29,0.22,2.78,0.08,-0.71,0.46,-1.04,-9.55,-6.16,1.08,13.38
NOC,NORTHROP GRUMMAN SYSTEMS CORPORATION,HQ072721F1410,2025-12-16,0.0,Department of Defense,Defense Microelectronics Activity,DELIVERY ORDER,2025-12-16,564.4202,571.4367,-1.23,555.2898,2025-12-18,2,-1.62,764.6547,2026-03-02,50,35.48,37.7,12.0,17.0,20.0,28.0,50.0,,,-0.8,-0.05,1.99,1.52,0.26,1.46,17.26,21.72,27.96,29.82,1.93
TXT,TEXTRON SYSTEMS CORP,N0002417C2480,2025-12-12,12750.0,Department of Defense,Department of the Navy,DEFINITIVE CONTRACT,2025-12-12,87.1324,86.7925,0.39,85.9317,2026-03-30,72,-1.38,100.7265,2026-02-20,46,15.6,17.22,17.0,25.0,44.0,,,,,0.88,0.31,2.63,3.82,1.8,2.1,8.03,-0.44,13.61,5.01,0.93
BAH,BOOZ ALLEN HAMILTON INC,47QFAA24F0006,2025-09-25,447626.14,General Services Administration,Federal Acquisition Service,DELIVERY ORDER,2025-09-25,95.4407,97.1532,-1.76,78.7024,2025-11-20,40,-17.54,101.8113,2025-10-07,8,6.67,29.36,4.0,,,,,,,1.59,2.48,5.72,6.26,2.26,-1.21,-6.29,-12.26,-13.86,-12.01,-12.23
KTOS,"KRATOS UNMANNED AERIAL SYSTEMS, INC",FA867824FB006,2025-12-19,-18581.98,Department of Defense,Department of the Air Force,DELIVERY ORDER,2025-12-19,75.39,71.4,5.59,59.56,2026-04-29,88,-21.0,130.72,2026-01-16,18,73.39,119.48,1.0,9.0,9.0,10.0,12.0,13.0,,8.14,6.08,2.76,0.69,21.94,56.33,51.01,21.14,22.22,23.07,-17.69
LDOS,"LEIDOS, INC.",FA701425F0238,2026-01-27,1115461.24,Department of Defense,Department of the Air Force,DELIVERY ORDER,2026-01-27,186.03,188.3659,-1.24,122.6069,2026-05-21,80,-34.09,193.5547,2026-02-10,10,4.04,57.87,,,,,,,,0.33,0.6,1.41,-0.57,4.04,-13.69,-6.03,-7.36,-16.43,-20.94,-33.35
BA,BELL BOEING JOINT PROJECT OFFICE,N0001924F0167,2026-03-17,4872.1,Department of Defense,Department of the Navy,DELIVERY ORDER,2026-03-17,210.82,213.47,-1.24,189.21,2026-03-30,9,-10.25,240.6,2026-05-13,40,14.13,27.16,18.0,26.0,,,,,,-2.29,-7.45,-6.83,-7.81,-5.59,-0.39,3.82,6.3,5.4,5.13,0.32
NOC,NORTHROP GRUMMAN SYSTEMS CORPORATION,W91CRB21F0434,2025-09-16,1755864.39,Department of Defense,Department of the Army,DELIVERY ORDER,2025-09-16,572.6588,567.8945,0.84,541.3857,2025-12-01,53,-5.46,667.8622,2026-01-23,89,16.62,23.36,10.0,16.0,85.0,,,,,-0.39,-1.09,-0.39,1.11,5.17,6.76,5.1,2.71,-2.17,-3.75,14.55
BAH,BOOZ ALLEN HAMILTON INC,N0017418F3008,2025-09-18,809498.0,Department of Defense,Department of the Navy,DELIVERY ORDER,2025-09-18,99.0419,99.404,-0.36,78.7024,2025-11-20,45,-20.54,101.8113,2025-10-07,13,2.8,29.36,,,,,,,,0.92,-2.85,-3.64,-2.29,1.88,1.7,-3.13,-18.17,-20.54,-7.73,-9.4
BAH,BOOZ ALLEN HAMILTON INC,FA875022C1518,2025-09-03,34975.0,Department of Defense,Department of the Air Force,DEFINITIVE CONTRACT,2025-09-03,104.4632,107.7219,-3.03,78.7024,2025-11-20,56,-24.66,104.4632,2025-09-03,0,0.0,32.73,,,,,,,,-3.33,-4.74,-3.98,-2.0,-4.84,-7.89,-3.41,-9.74,-18.87,-21.5,-8.75
BAH,BOOZ ALLEN HAMILTON INC,FA875025CB022,2025-12-03,42000.0,Department of Defense,Department of the Air Force,DEFINITIVE CONTRACT,2025-12-03,81.2536,80.4164,1.04,73.705,2026-02-23,54,-9.29,100.6977,2026-01-23,34,23.93,36.62,1.0,3.0,25.0,34.0,,,,6.26,10.73,12.77,12.47,4.92,2.62,8.3,18.07,9.26,-3.26,0.53
LMT,LOCKHEED MARTIN CORPORATION,70Z02321CPC702400,2025-08-13,-3002770.35,Department of Homeland Security,U.S. Coast Guard,DEFINITIVE CONTRACT,2025-08-13,430.9467,420.2259,2.55,425.8346,2025-08-14,1,-1.19,504.3876,2025-10-06,37,17.04,18.45,16.0,28.0,37.0,,,,,-1.19,-0.44,0.78,0.82,2.69,2.21,7.27,10.24,12.26,6.73,8.73
LDOS,"LEIDOS, INC.",HC104724F0069,2026-01-09,0.0,Department of Defense,Defense Information Systems Agency,DELIVERY ORDER,2026-01-09,197.153,194.0517,1.6,123.2546,2026-05-15,87,-37.48,197.153,2026-01-09,0,0.0,59.96,,,,,,,,-1.38,-3.79,-1.84,-3.14,-4.46,-5.07,-1.83,-12.21,-14.59,-18.81,-37.13
LMT,LOCKHEED MARTIN CORPORATION,FA868224FB004,2025-11-06,0.0,Department of Defense,Department of the Air Force,DELIVERY ORDER,2025-11-06,459.9359,464.075,-0.89,434.0461,2025-12-01,16,-5.63,672.2988,2026-03-02,77,46.17,54.89,35.0,40.0,43.0,46.0,56.0,,,-2.25,-2.53,-2.79,0.4,-0.14,-3.15,-0.0,1.88,19.96,29.52,37.71
LMT,LOCKHEED MARTIN CORPORATION,HQ085224F0007,2025-09-04,610000.0,Department of Defense,Missile Defense Agency,DELIVERY ORDER,2025-09-04,448.0971,440.4564,1.73,434.0461,2025-12-01,61,-3.14,551.761,2026-01-13,90,23.13,27.12,12.0,21.0,85.0,89.0,,,,1.54,0.05,3.04,3.59,3.67,6.44,10.43,7.97,2.64,0.22,23.13
BA,THE BOEING COMPANY,0001,2025-09-11,0.0,Department of Defense,Department of the Air Force,DELIVERY ORDER,2025-09-11,219.99,227.52,-3.31,179.12,2025-11-24,52,-18.58,250.07,2026-01-21,90,13.67,39.61,83.0,85.0,,,,,,-1.84,-2.26,-1.97,-3.59,-2.94,-2.18,-4.21,-1.01,-11.55,-8.23,13.67
GD,"GENERAL DYNAMICS OTS (WILKES BARRE), LLC",W519TC25F0365,2025-09-23,0.0,Department of Defense,Department of the Army,DELIVERY ORDER,2025-09-23,317.597,317.0663,0.17,317.597,2025-09-23,0,0.0,364.0791,2026-01-16,80,14.64,14.64,5.0,71.0,,,,,,0.13,2.21,5.51,5.52,6.26,3.92,5.11,6.74,5.99,4.54,8.08
LMT,LOCKHEED MARTIN CORPORATION,W31P4Q23C0006,2026-01-08,0.0,Department of Defense,Department of the Army,DEFINITIVE CONTRACT,2026-01-08,512.3678,491.0505,4.34,503.2157,2026-05-08,83,-1.79,672.2988,2026-03-02,35,31.21,33.6,2.0,4.0,13.0,14.0,35.0,,,4.72,7.69,11.47,11.11,13.96,20.07,23.12,27.42,25.11,21.71,2.12
BA,THE BOEING COMPANY,FA210318C0061,2025-09-19,0.0,Department of Defense,Department of the Air Force,DEFINITIVE CONTRACT,2025-09-19,215.65,215.66,-0.0,179.12,2025-11-24,46,-16.94,252.15,2026-01-23,86,16.93,40.77,72.0,78.0,83.0,,,,,-1.65,-0.26,2.6,0.08,0.3,0.16,0.54,-6.78,-16.67,-4.71,8.53
PSN,AMENTUM PARSONS LOGISTICS SERVICES LLC,W52P1J19F0404,2025-09-02,10000.0,Department of Defense,Department of the Army,DELIVERY ORDER,2025-09-02,80.66,80.1,0.7,60.2,2025-12-17,75,-25.37,89.29,2025-10-08,26,10.7,48.32,21.0,26.0,,,,,,-2.45,-6.21,-7.64,-5.65,-6.5,0.83,5.68,6.63,-1.36,4.4,-13.3
LDOS,"LEIDOS, INC.",W519TC25C0029,2025-08-26,2180647.23,Department of Defense,Department of the Army,DEFINITIVE CONTRACT,2025-08-26,180.4545,179.7222,0.41,175.8627,2025-09-03,5,-2.54,197.9062,2025-11-04,49,9.67,12.53,25.0,,,,,,,0.57,-0.78,-2.54,-1.84,-1.09,0.34,0.22,8.95,3.41,3.97,7.68
GE,GENERAL ELECTRIC COMPANY,FA862620F1100,2026-02-26,-163348.71,Department of Defense,Defense Contract Management Agency,DELIVERY ORDER,2026-02-26,339.9205,341.965,-0.6,272.9098,2026-03-30,22,-19.71,378.68,2026-07-06,88,11.4,38.76,78.0,86.0,,,,,,0.42,-1.97,-4.06,-5.41,-9.89,-11.57,-16.9,-9.4,-15.82,-11.02,4.74
NOC,NORTHROP GRUMMAN SYSTEMS CORPORATION,HQ072724F1407,2025-09-18,0.0,Department of Defense,Defense Microelectronics Activity,DELIVERY ORDER,2025-09-18,567.1136,570.4052,-0.58,541.3857,2025-12-01,51,-4.54,683.9199,2026-01-28,90,20.6,26.33,8.0,14.0,83.0,90.0,,,,-0.13,0.58,2.09,3.53,5.45,11.19,3.62,0.85,-1.12,-0.29,20.6
BA,BELL BOEING JOINT PROJECT OFFICE,N0001917C0015,2025-09-23,5824349.65,Department of Defense,Department of the Navy,DEFINITIVE CONTRACT,2025-09-23,216.34,212.09,2.0,179.12,2025-11-24,44,-17.2,252.15,2026-01-23,84,16.55,40.77,70.0,76.0,81.0,,,,,-0.57,2.27,-0.24,0.5,2.53,-0.36,0.12,-8.45,-15.67,-4.63,7.71
NOC,NORTHROP GRUMMAN SYSTEMS CORPORATION,FA853323F0119,2025-12-03,0.0,Department of Defense,Department of the Air Force,DELIVERY ORDER,2025-12-03,549.1367,542.8347,1.16,544.8195,2025-12-05,2,-0.79,764.6547,2026-03-02,59,39.25,40.35,13.0,21.0,28.0,30.0,51.0,,,-0.06,0.04,0.37,2.97,1.96,4.83,10.48,20.53,26.15,37.63,23.03
LDOS,"LEIDOS, INC.",HC102820F0032,2025-08-21,424379.76,Department of Defense,Defense Information Systems Agency,DELIVERY ORDER,2025-08-21,178.5643,178.2872,0.16,175.8627,2025-09-03,8,-1.51,197.9062,2025-11-04,52,10.83,12.53,28.0,33.0,,,,,,0.72,1.06,0.51,0.25,-0.8,2.6,4.34,8.63,5.51,6.31,2.07
LDOS,"LEIDOS, INC.",W5J9CQ21F0015,2025-09-25,-775000.0,Department of Defense,Department of the Army,DELIVERY ORDER,2025-09-25,180.8578,185.8563,-2.69,179.3204,2025-12-31,67,-0.85,197.9062,2025-11-04,28,9.43,10.36,4.0,,,,,,,1.39,3.62,5.77,8.6,6.41,2.31,4.17,6.8,4.79,1.5,3.57
NOC,NORTHROP GRUMMAN SYSTEMS CORPORATION,FA865022C5705,2026-03-12,485380.0,Department of Defense,Department of the Air Force,DEFINITIVE CONTRACT,2026-03-12,733.0736,729.9673,0.43,496.02,2026-06-29,74,-32.34,733.0736,2026-03-12,0,0.0,47.79,,,,,,,,-0.35,-1.67,-3.01,-7.65,-6.02,-5.34,-7.47,-21.89,-26.57,-26.23,-28.35
LDOS,"LEIDOS, INC.",47QFCA23F0039,2025-10-27,0.0,General Services Administration,Federal Acquisition Service,DELIVERY ORDER,2025-10-27,187.5522,188.3952,-0.45,160.5633,2026-02-17,76,-14.39,197.9062,2025-11-04,6,5.52,23.26,6.0,,,,,,,-0.69,0.96,2.08,3.15,4.1,1.22,1.26,-2.2,-4.39,1.35,-4.84
LDOS,"LEIDOS, INC.",15JPSS21F00000545,2025-12-11,0.0,Department of Justice,"Offices, Boards and Divisions",DELIVERY ORDER,2025-12-11,188.9605,186.7588,1.18,147.0805,2026-04-23,90,-22.16,197.153,2026-01-09,19,4.34,34.04,,,,,,,,-0.42,-4.18,-4.69,-2.13,-2.23,-3.49,3.08,-1.55,-9.77,-8.8,-22.16
GD,"GENERAL DYNAMICS MISSION SYSTEMS, INC.",N0016424FW090,2026-03-06,0.0,Department of Defense,Department of the Navy,DELIVERY ORDER,2026-03-06,360.224,357.4591,0.77,311.1606,2026-04-27,35,-13.62,376.88,2026-07-06,82,4.62,21.12,,,,,,,,-0.42,-2.65,-3.29,-1.98,-4.87,-2.26,-4.14,-8.2,-4.91,-6.69,2.39
NOC,NORTHROP GRUMMAN SYSTEMS CORPORATION,N3225325C1005,2025-11-28,-22293.0,Department of Defense,Department of the Navy,DEFINITIVE CONTRACT,2025-11-28,565.631,560.5504,0.91,541.3857,2025-12-01,1,-4.29,764.6547,2026-03-02,62,35.19,41.24,24.0,29.0,33.0,40.0,62.0,,,-4.29,-2.92,-3.68,-3.39,-0.03,-1.83,0.81,9.75,21.02,25.13,18.59
BA,THE BOEING COMPANY,FA863418C2701,2026-02-05,0.0,Department of Defense,Department of the Air Force,DEFINITIVE CONTRACT,2026-02-05,236.95,235.95,0.42,189.21,2026-03-30,36,-20.15,244.71,2026-02-09,2,3.27,29.33,,,,,,,,2.57,2.38,1.01,2.99,-2.08,-3.18,-5.04,-17.65,-6.25,-6.6,-3.99
BA,THE BOEING COMPANY,FA810616C0001,2025-11-25,15191229.36,Department of Defense,Department of the Air Force,DEFINITIVE CONTRACT,2025-11-25,182.44,179.12,1.85,182.44,2025-11-25,0,0.0,252.15,2026-01-23,39,38.21,38.21,4.0,4.0,17.0,25.0,31.0,,,2.46,2.2,11.02,10.66,8.92,13.3,18.64,28.55,27.72,27.93,19.38
LDOS,"LEIDOS, INC.",89243318CFE000003,2025-09-04,848515.0,Department of Energy,Department of Energy,DEFINITIVE CONTRACT,2025-09-04,176.7237,175.8627,0.49,176.5554,2025-09-08,2,-0.1,197.9062,2025-11-04,43,11.99,12.09,10.0,22.0,,,,,,0.24,0.25,3.67,2.55,5.03,5.17,9.76,3.49,9.3,7.24,10.22
PLTR,PALANTIR USG INC,W912CM26FA001,2025-10-14,14276721.26,Department of Defense,Department of the Army,DELIVERY ORDER,2025-10-14,179.74,177.21,1.43,128.84,2026-02-24,90,-28.32,207.18,2025-11-03,14,15.27,60.8,9.0,11.0,14.0,,,,,-0.07,-0.88,0.98,0.41,5.49,15.27,2.46,-9.01,-1.36,-1.25,-28.32
BA,THE BOEING COMPANY,N0001921F0886,2026-01-27,0.0,Department of Defense,Department of the Navy,DELIVERY ORDER,2026-01-27,244.56,248.43,-1.56,189.21,2026-03-30,43,-22.63,244.71,2026-02-09,9,0.06,29.33,,,,,,,,-1.21,-4.43,-4.67,-3.11,-0.81,-0.21,-6.19,-12.46,-15.23,-4.26,-11.9
NOC,NORTHROP GRUMMAN SYSTEMS CORPORATION,FA881823F0038,2025-09-24,4530006.0,Department of Defense,Department of the Air Force,DELIVERY ORDER,2025-09-24,579.4888,570.4052,1.59,541.3857,2025-12-01,47,-6.58,699.65,2026-02-03,90,20.74,29.23,8.0,77.0,83.0,90.0,,,,-0.09,1.32,3.27,3.97,8.82,6.94,3.32,-2.69,-3.27,-4.18,20.74
GD,"GENERAL DYNAMICS INFORMATION TECHNOLOGY, INC.",70RCSA21FR0000051,2025-09-25,-8186698.34,Department of Homeland Security,Office of Procurement Operations,DELIVERY ORDER,2025-09-25,318.8056,318.0097,0.25,318.8056,2025-09-25,0,0.0,364.0791,2026-01-16,78,14.2,14.2,3.0,69.0,,,,,,1.82,5.11,5.12,6.8,5.65,2.8,8.59,5.35,5.76,5.06,9.85
NOC,NORTHROP GRUMMAN SYSTEMS CORPORATION,W519TC24F0236,2025-12-09,0.0,Department of Defense,Department of the Army,DELIVERY ORDER,2025-12-09,546.467,549.3748,-0.53,546.467,2025-12-09,0,0.0,764.6547,2026-03-02,55,39.93,39.93,9.0,17.0,24.0,26.0,47.0,,,0.86,3.47,3.29,1.61,5.34,4.35,12.38,22.21,27.59,36.16,11.34
BAH,BOOZ ALLEN HAMILTON INC,HC108425F0324,2025-09-17,5566762.93,Department of Defense,Defense Information Systems Agency,DELIVERY ORDER,2025-09-17,99.404,99.6486,-0.25,78.7024,2025-11-20,46,-20.83,101.8113,2025-10-07,14,2.42,29.36,,,,,,,,-0.36,-1.76,-2.26,-2.46,1.0,2.42,-4.23,-18.46,-20.3,-6.48,-11.25
LDOS,"LEIDOS, INC.",N0003924F7268,2025-08-18,138400.0,Department of Defense,Department of the Navy,DELIVERY ORDER,2025-08-18,176.2684,175.7835,0.28,175.8627,2025-09-03,11,-0.23,197.9062,2025-11-04,55,12.28,12.53,22.0,33.0,,,,,,0.35,1.3,1.96,2.96,1.56,0.16,3.41,6.32,8.68,11.54,5.24
LDOS,"LEIDOS, INC.",70RCSA21C00000005,2025-08-20,0.0,Department of Homeland Security,Office of Procurement Operations,DEFINITIVE CONTRACT,2025-08-20,178.2872,176.882,0.79,175.8627,2025-09-03,9,-1.36,197.9062,2025-11-04,53,11.0,12.53,28.0,32.0,,,,,,0.16,0.8,1.79,0.42,-0.88,0.12,4.27,7.3,6.46,6.43,3.42
TXT,BELL TEXTRON INC,W58RGZ12C0030,2025-12-09,0.0,Department of Defense,Department of the Army,DEFINITIVE CONTRACT,2025-12-09,83.8445,84.3541,-0.6,83.8445,2025-12-09,0,0.0,100.7265,2026-02-20,49,20.13,20.13,8.0,21.0,43.0,49.0,,,,1.43,3.92,2.92,4.86,7.89,5.32,11.86,13.26,16.94,12.23,8.26
BAH,BOOZ ALLEN HAMILTON INC,693KA923F00103,2026-02-03,28871.0,Department of Transportation,Federal Aviation Administration,DELIVERY ORDER,2026-02-03,81.756,86.1885,-5.14,71.0549,2026-05-13,69,-13.09,88.7791,2026-02-09,4,8.59,24.94,3.0,,,,,,,2.46,7.24,8.37,-6.11,-4.96,-8.1,-3.12,-4.51,-3.45,-5.59,-5.32
LMT,LOCKHEED MARTIN CORP,FA855322F0024,2025-08-15,-189106.8,Department of Defense,Defense Contract Management Agency,DELIVERY ORDER,2025-08-15,426.0683,425.8346,0.05,426.0683,2025-08-15,0,0.0,504.3876,2025-10-06,35,18.38,18.38,13.0,25.0,34.0,,,,,0.7,1.93,1.97,4.09,4.13,6.79,9.19,13.26,16.46,4.08,11.93
NOC,NORTHROP GRUMMAN SYSTEMS CORP,FA811021F0005,2026-04-01,0.0,Department of Defense,Department of the Air Force,DELIVERY ORDER,2026-04-01,693.9458,679.2505,2.16,496.02,2026-06-29,60,-28.52,699.4217,2026-04-02,1,0.79,41.01,,,,,,,,0.79,-0.93,-0.92,-2.25,-3.48,-15.41,-18.49,-21.28,-21.55,-28.52,-17.04
PSN,PARSONS GOVERNMENT SERVICES INC.,HDTRA123F0080,2025-12-09,345883.2,Department of Defense,Defense Threat Reduction Agency,DELIVERY ORDER,2025-12-09,65.16,63.17,3.15,50.04,2026-03-20,69,-23.2,72.73,2026-01-23,30,11.62,45.34,21.0,25.0,,,,,,2.85,-2.81,-5.33,-7.07,-3.71,-4.47,7.32,11.62,-2.73,-4.01,-16.56
PSN,PARSONS GOVERNMENT SERVICES INC.,89233122FNA000107,2026-03-03,85000.0,Department of Energy,Department of Energy,BPA CALL,2026-03-03,66.66,67.86,-1.77,47.05,2026-06-25,79,-29.42,66.66,2026-03-03,0,0.0,41.68,,,,,,,,-0.95,-2.21,-11.0,-14.78,-18.72,-22.85,-17.36,-15.14,-22.47,-11.75,-17.7
HII,HUNTINGTON INGALLS INCORPORATED,N0002425C4229,2025-10-03,107478.0,Department of Defense,Department of the Navy,DEFINITIVE CONTRACT,2025-10-03,280.8972,278.901,0.72,276.7269,2025-10-17,10,-1.48,426.4598,2026-02-03,83,51.82,54.11,15.0,19.0,48.0,55.0,66.0,72.0,,1.5,2.32,-0.44,2.71,-1.48,2.06,11.72,10.46,11.62,20.84,43.74
LMT,LOCKHEED MARTIN CORPORATION,H9225425F2877,2025-09-16,0.0,Department of Defense,U.S. Special Operations Command,DELIVERY ORDER,2025-09-16,465.2324,464.1829,0.23,434.0461,2025-12-01,53,-6.7,586.9539,2026-01-22,88,26.16,35.23,10.0,77.0,80.0,83.0,,,,-0.25,-0.29,2.6,2.11,5.25,8.42,5.29,2.41,0.08,-0.6,23.56
PLTR,PALANTIR TECHNOLOGIES INC.,75P00122F37002,2025-10-28,-12608.0,Department of Health and Human Services,Office of the Assistant Secretary for Administration,BPA CALL,2025-10-28,189.6,189.18,0.22,128.84,2026-02-24,80,-32.05,207.18,2025-11-03,4,9.27,60.8,3.0,,,,,,,4.86,5.73,0.6,-7.67,0.72,-9.68,-12.57,-0.89,-11.47,-11.67,-20.28
LMT,LOCKHEED MARTIN CORPORATION,W58RGZ23F0459,2025-10-30,330217.97,Department of Defense,Department of the Army,DELIVERY ORDER,2025-10-30,480.3374,476.0315,0.9,434.0461,2025-12-01,21,-9.64,672.2988,2026-03-02,82,39.96,54.89,44.0,48.0,51.0,55.0,62.0,,,0.44,-0.97,-4.25,-7.68,-6.92,-4.05,-9.64,-1.19,7.41,22.89,35.03
BA,THE BOEING COMPANY,FA863418C2701,2026-03-24,160000.0,Department of Defense,Department of the Air Force,DEFINITIVE CONTRACT,2026-03-24,196.42,198.41,-1.0,189.21,2026-03-30,4,-3.67,240.6,2026-05-13,35,22.49,27.16,6.0,10.0,20.0,32.0,,,,1.62,-3.0,1.33,6.01,10.88,13.92,19.21,17.06,16.47,13.39,18.87
CACI,"CACI, LLC - COMMERCIAL",15JPSS21F00000549,2025-09-08,641746.28,Department of Justice,"Offices, Boards and Divisions",DELIVERY ORDER,2025-09-08,474.04,474.45,-0.09,474.04,2025-09-08,0,0.0,627.5,2026-01-15,90,32.37,32.37,9.0,19.0,33.0,33.0,56.0,,,1.18,4.02,4.43,4.55,5.85,2.44,10.95,11.14,24.85,27.91,32.37
BAH,BOOZ ALLEN HAMILTON INC,FA807522F0022,2026-03-31,2330303.0,Department of Defense,Department of the Air Force,DELIVERY ORDER,2026-03-31,77.4468,78.3599,-1.17,59.71,2026-06-25,59,-22.9,83.4516,2026-04-07,4,7.75,39.76,2.0,,,,,,,3.0,7.28,4.58,0.18,5.47,3.81,-0.33,-8.25,2.54,-19.66,0.59
LDOS,"LEIDOS, INC.",HC102820F0032,2026-01-30,78960.76,Department of Defense,Defense Information Systems Agency,DELIVERY ORDER,2026-01-30,187.1532,186.0698,0.58,121.2617,2026-06-10,90,-35.21,193.5547,2026-02-10,7,3.42,59.62,,,,,,,,-0.13,0.08,2.5,3.42,-6.36,-7.85,-4.05,-10.84,-15.41,-22.18,-35.21
LDOS,"LEIDOS, INC.",HDTRA119C0032,2025-09-29,145455.4,Department of Defense,Defense Threat Reduction Agency,DEFINITIVE CONTRACT,2025-09-29,184.0811,183.3769,0.38,179.3204,2025-12-31,65,-2.59,197.9062,2025-11-04,26,7.51,10.36,4.0,,,,,,,1.8,3.92,6.7,6.8,0.18,-0.59,1.19,6.07,0.79,0.61,4.21
GD,"GENERAL DYNAMICS MISSION SYSTEMS, INC.",W31P4Q17C0102,2025-08-26,-1801.52,Department of Defense,Defense Contract Management Agency,DEFINITIVE CONTRACT,2025-08-26,316.5947,314.3444,0.72,315.7594,2025-09-09,9,-0.26,350.9317,2026-01-05,90,10.85,11.14,24.0,43.0,,,,,,1.02,0.74,0.2,0.21,0.27,1.31,0.7,7.53,7.08,6.95,10.85
BAH,BOOZ ALLEN HAMILTON INC,FA875025CB074,2025-09-23,63002.0,Department of Defense,Department of the Air Force,DEFINITIVE CONTRACT,2025-09-23,96.2236,97.6523,-1.46,78.7024,2025-11-20,42,-18.21,101.8113,2025-10-07,10,5.81,29.36,8.0,,,,,,,0.97,0.76,1.65,4.86,5.81,-2.07,0.42,-13.09,-14.37,-11.4,-10.43
LMT,LOCKHEED MARTIN CORPORATION,FA862118F6251,2026-03-02,149292.0,Department of Defense,Department of the Air Force,DELIVERY ORDER,2026-03-02,672.2988,650.3724,3.37,491.64,2026-06-24,79,-26.87,672.2988,2026-03-02,0,0.0,36.75,,,,,,,,-1.31,-3.21,-1.85,-4.02,-4.65,-7.28,-10.69,-9.62,-24.79,-21.51,-22.17
LMT,LOCKHEED MARTIN CORPORATION,W31P4Q24F0144,2025-12-01,0.0,Department of Defense,Department of the Army,DELIVERY ORDER,2025-12-01,434.0461,449.0878,-3.35,434.0461,2025-12-01,0,0.0,672.2988,2026-03-02,61,54.89,54.89,5.0,10.0,23.0,27.0,30.0,54.0,,0.6,2.09,5.96,6.55,10.3,7.96,10.13,30.4,38.71,49.84,41.84
NOC,NORTHROP GRUMMAN SYSTEMS CORP,FA861623F1001,2026-02-23,65365.61,Department of Defense,Department of the Air Force,DELIVERY ORDER,2026-02-23,722.2114,718.0895,0.57,496.02,2026-06-29,87,-31.32,764.6547,2026-03-02,5,5.88,54.16,5.0,,,,,,,0.32,-2.0,5.88,3.92,3.03,1.15,-5.96,-4.81,-20.34,-23.3,-23.98
LMT,LOCKHEED MARTIN CORPORATION,FA873021C0022,2025-12-04,1392710.0,Department of Defense,Department of the Air Force,DEFINITIVE CONTRACT,2025-12-04,443.0988,441.5669,0.35,443.0988,2025-12-04,0,0.0,672.2988,2026-03-02,58,51.73,51.73,5.0,19.0,21.0,24.0,31.0,58.0,,0.86,4.14,5.92,8.05,4.86,8.34,16.44,28.48,40.42,48.99,36.21
NOC,NORTHROP GRUMMAN SYSTEMS CORPORATION,80AFRC21F0031,2025-12-15,750000.0,National Aeronautics and Space Administration,National Aeronautics and Space Administration,DELIVERY ORDER,2025-12-15,571.4367,565.4523,1.06,555.2898,2025-12-18,3,-2.83,764.6547,2026-03-02,51,33.81,37.7,13.0,20.0,22.0,30.0,51.0,,,-1.23,-2.83,1.54,1.14,-0.21,6.05,13.69,20.76,25.66,27.83,0.23
LMT,LOCKHEED MARTIN CORPORATION,N0003025C0100,2026-02-23,0.0,Department of Defense,Department of the Navy,DEFINITIVE CONTRACT,2026-02-23,652.8826,650.5502,0.36,491.64,2026-06-24,84,-24.7,672.2988,2026-03-02,5,2.97,36.75,,,,,,,,0.58,-2.87,2.97,1.11,1.06,-1.7,-7.15,-4.48,-22.04,-19.86,-16.38
ACN,ACCENTURE FEDERAL SERVICES LLC,SP470924F0037,2026-02-12,488677.23,Department of Defense,Defense Logistics Agency,DELIVERY ORDER,2026-02-12,217.5667,225.7775,-3.64,123.3469,2026-06-22,88,-43.31,219.7027,2026-02-13,1,0.98,78.12,,,,,,,,0.98,0.7,-3.02,-11.4,-6.0,-3.63,-10.24,-13.26,-11.41,-21.72,-41.34
PSN,PARSONS GOVERNMENT SERVICES INC.,FA564125F0021,2025-10-24,0.0,Department of Defense,Department of the Air Force,DELIVERY ORDER,2025-10-24,84.16,84.32,-0.19,60.2,2025-12-17,37,-28.47,86.61,2025-11-11,12,2.91,43.87,,,,,,,,-0.27,-1.69,-1.21,-5.47,2.1,1.3,-1.31,-24.94,-26.03,-14.02,-22.54
NOC,NORTHROP GRUMMAN SYSTEMS CORPORATION,M6785424F0023,2025-09-25,21041951.0,Department of Defense,Department of the Navy,DELIVERY ORDER,2025-09-25,578.9946,579.4888,-0.09,541.3857,2025-12-01,46,-6.5,699.65,2026-02-03,89,20.84,29.23,7.0,76.0,82.0,89.0,,,,1.49,4.02,3.28,5.59,8.41,3.95,3.38,-2.36,-2.31,-2.56,18.23
BAH,BOOZ ALLEN HAMILTON INC,FA807524F0059,2026-03-25,795229.0,Department of Defense,Department of the Air Force,DELIVERY ORDER,2026-03-25,79.5212,78.2905,1.57,59.71,2026-06-25,63,-24.91,83.4516,2026-04-07,8,4.94,39.76,,,,,,,,0.26,-1.46,0.31,4.48,-0.74,2.72,-1.72,-4.08,-1.17,-20.36,-7.46
LMT,LOCKHEED MARTIN CORP,FA880718C0009,2025-12-31,1553232.33,Department of Defense,Department of the Air Force,DEFINITIVE CONTRACT,2025-12-31,478.0051,482.2844,-0.89,478.0051,2025-12-31,0,0.0,672.2988,2026-03-02,40,40.65,40.65,2.0,6.0,8.0,11.0,20.0,,,2.77,7.93,7.19,13.97,19.48,22.79,31.49,34.92,38.04,24.41,8.29
ACN,ACCENTURE FEDERAL SERVICES LLC,91003119F0003,2025-09-24,0.0,Department of Education,Department of Education,DELIVERY ORDER,2025-09-24,234.2529,230.7451,1.52,227.8645,2025-09-25,1,-2.73,282.7142,2026-01-14,77,20.69,24.07,9.0,49.0,71.0,77.0,,,,-2.73,3.31,1.94,2.61,5.81,2.14,4.49,3.66,3.67,12.92,0.89
ACN,ACCENTURE FEDERAL SERVICES LLC,2032H522F00071,2026-02-23,193863.04,Department of the Treasury,Internal Revenue Service,DELIVERY ORDER,2026-02-23,197.1181,211.002,-6.58,122.9615,2026-06-30,88,-37.62,210.6591,2026-03-06,9,6.87,71.32,8.0,,,,,,,-2.21,3.08,2.36,4.38,4.07,-2.25,-3.8,-1.93,-10.9,-11.37,-31.15
BAH,BOOZ ALLEN HAMILTON INC,HC102825F0900,2025-08-25,2723363.54,Department of Defense,Defense Information Systems Agency,BPA CALL,2025-08-25,107.0956,107.5751,-0.45,78.7024,2025-11-20,62,-26.51,108.3971,2025-08-27,2,1.22,37.73,,,,,,,,0.76,-1.11,0.58,-5.7,-5.77,-7.15,-9.28,-4.93,-21.82,-25.54,-21.92
LMT,LOCKHEED MARTIN CORPORATION,W31P4Q23C0006,2026-02-09,0.0,Department of Defense,Department of the Army,DEFINITIVE CONTRACT,2026-02-09,630.8141,616.2764,2.36,503.2157,2026-05-08,62,-20.23,672.2988,2026-03-02,14,6.58,33.6,14.0,,,,,,,-1.37,-0.13,1.77,4.42,4.1,6.58,2.29,-3.9,-3.76,-19.01,-19.0
LUNR,"INTUITIVE MACHINES, LLC",80HQTR25CA004,2025-09-10,0.0,National Aeronautics and Space Administration,National Aeronautics and Space Administration,DEFINITIVE CONTRACT,2025-09-10,8.3,8.41,-1.31,8.05,2025-11-20,51,-3.01,21.58,2026-01-16,89,160.0,168.07,2.0,4.0,6.0,8.0,16.0,20.0,72.0,2.65,8.92,11.81,16.99,20.36,26.75,53.49,36.75,12.53,37.35,155.3
GE,GENERAL ELECTRIC COMPANY,SPRRA122F0130,2026-03-11,0.0,Department of Defense,Defense Logistics Agency,DELIVERY ORDER,2026-03-11,324.7452,326.1135,-0.42,272.9098,2026-03-30,13,-15.96,378.68,2026-07-06,79,16.61,38.76,66.0,72.0,77.0,,,,,-5.67,-6.5,-7.44,-11.8,-8.79,-12.73,-5.17,-13.17,-10.34,0.88,4.91
NOC,NORTHROP GRUMMAN SYSTEMS CORPORATION,N0001919C0008,2025-09-30,3416716.0,Department of Defense,Department of the Navy,DEFINITIVE CONTRACT,2025-09-30,602.2722,587.1195,2.58,541.3857,2025-12-01,43,-10.11,703.7488,2026-02-06,89,16.85,29.99,73.0,78.0,86.0,,,,,-0.64,0.04,2.02,4.22,2.89,-1.2,-3.99,-6.99,-8.82,-4.04,15.02
TXT,BELL TEXTRON INC,N0001920C0061,2025-11-14,909744.0,Department of Defense,Department of the Navy,DEFINITIVE CONTRACT,2025-11-14,80.6666,81.3961,-0.9,79.4774,2025-11-20,4,-1.47,100.7265,2026-02-20,65,24.87,26.74,17.0,24.0,37.0,59.0,,,,-0.82,-1.16,0.76,2.73,1.59,3.41,6.97,9.47,18.99,22.36,8.41
BA,THE BOEING COMPANY,N0002417C6307,2026-01-28,8557544.65,Department of Defense,Department of the Navy,DEFINITIVE CONTRACT,2026-01-28,241.59,244.56,-1.21,189.21,2026-03-30,42,-21.68,244.71,2026-02-09,8,1.29,29.33,,,,,,,,-3.13,-3.55,-2.33,0.6,-2.21,-1.1,-5.82,-15.24,-13.81,-3.79,-10.63
BAH,BOOZ ALLEN HAMILTON INC,W15P7T24F0013,2025-09-24,12361.0,Department of Defense,Department of the Army,DELIVERY ORDER,2025-09-24,97.1532,96.2236,0.97,78.7024,2025-11-20,41,-18.99,101.8113,2025-10-07,9,4.79,29.36,,,,,,,,-1.76,-0.39,3.34,4.77,3.68,-1.49,1.02,-12.76,-15.59,-12.8,-15.85
LMT,LOCKHEED MARTIN CORPORATION,W900KK23F0100,2025-08-19,0.0,Department of Defense,Department of the Army,DELIVERY ORDER,2025-08-19,429.5154,429.0674,0.1,429.5154,2025-08-19,0,0.0,504.3876,2025-10-06,33,17.43,17.43,12.0,24.0,32.0,,,,,1.11,1.16,3.26,3.42,2.55,4.37,8.16,13.95,11.24,4.37,11.14
LDOS,"LEIDOS, INC.",FA701424F0287,2025-09-25,-2016836.77,Department of Defense,Department of the Air Force,DELIVERY ORDER,2025-09-25,180.8578,185.8563,-2.69,179.3204,2025-12-31,67,-0.85,197.9062,2025-11-04,28,9.43,10.36,4.0,,,,,,,1.39,3.62,5.77,8.6,6.41,2.31,4.17,6.8,4.79,1.5,3.57
BA,THE BOEING COMPANY,FA811925F0085,2026-03-17,2272250.28,Department of Defense,Department of the Air Force,DELIVERY ORDER,2026-03-17,210.82,213.47,-1.24,189.21,2026-03-30,9,-10.25,240.6,2026-05-13,40,14.13,27.16,18.0,26.0,,,,,,-2.29,-7.45,-6.83,-7.81,-5.59,-0.39,3.82,6.3,5.4,5.13,0.32
LDOS,"LEIDOS, INC.",N0003925F7451,2026-04-01,3177999.25,Department of Defense,Department of the Navy,DELIVERY ORDER,2026-04-01,155.4608,154.9726,0.32,100.0,2026-06-25,58,-35.68,160.0746,2026-04-08,4,2.97,60.07,,,,,,,,1.8,1.83,-0.24,1.01,0.29,-3.4,-4.35,-19.52,-20.24,-35.39,-9.37
BAH,BOOZ ALLEN HAMILTON INC,47QFRA24F0006,2025-09-03,628055.11,General Services Administration,Federal Acquisition Service,DELIVERY ORDER,2025-09-03,104.4632,107.7219,-3.03,78.7024,2025-11-20,56,-24.66,104.4632,2025-09-03,0,0.0,32.73,,,,,,,,-3.33,-4.74,-3.98,-2.0,-4.84,-7.89,-3.41,-9.74,-18.87,-21.5,-8.75
BA,THE BOEING COMPANY,FA850517F0029,2026-03-25,92619.77,Department of Defense,Department of the Air Force,DELIVERY ORDER,2026-03-25,199.61,196.42,1.62,189.21,2026-03-30,3,-5.21,240.6,2026-05-13,34,20.54,27.16,7.0,10.0,19.0,34.0,,,,-2.63,-5.21,3.86,6.36,10.24,12.18,16.45,15.74,15.8,10.63,18.81
BAH,BOOZ ALLEN HAMILTON INC,75D30121F12139,2025-08-29,-516815.64,Department of Health and Human Services,Centers for Disease Control and Prevention,DELIVERY ORDER,2025-08-29,106.391,105.9017,0.46,78.7024,2025-11-20,58,-26.03,107.7219,2025-09-02,1,1.25,36.87,,,,,,,,1.25,-5.08,-6.47,-5.72,-6.53,-6.05,-8.07,-11.43,-21.36,-25.23,-12.77
HII,HUNTINGTON INGALLS INCORPORATED,N0002420C4203,2025-12-02,0.0,Department of Defense,Department of the Navy,DEFINITIVE CONTRACT,2025-12-02,304.9261,304.3801,0.18,302.3254,2025-12-05,3,-0.85,451.7788,2026-03-02,60,48.16,49.43,6.0,14.0,14.0,25.0,28.0,,,0.66,-0.85,2.52,6.35,6.38,15.08,13.85,36.35,29.48,48.16,29.98
NOC,NORTHROP GRUMMAN SYSTEMS CORPORATION,N0002422C6418,2025-09-22,0.0,Department of Defense,Department of the Navy,DEFINITIVE CONTRACT,2025-09-22,569.4859,566.402,0.54,541.3857,2025-12-01,49,-4.93,690.0928,2026-01-29,89,21.18,27.47,6.0,12.0,81.0,88.0,,,,0.16,1.67,3.1,5.08,7.35,8.22,4.03,-0.13,-1.84,-0.89,20.64
GD,GENERAL DYNAMICS LAND SYSTEMS INC.,W912CH26F0051,2025-12-16,7977529.0,Department of Defense,Department of the Army,DELIVERY ORDER,2025-12-16,333.0969,336.2553,-0.94,311.1606,2026-04-27,89,-6.59,364.0791,2026-01-16,21,9.3,17.01,12.0,,,,,,,-0.32,0.55,1.88,1.4,-0.25,2.41,9.3,4.45,3.83,5.43,-6.24
BA,THE BOEING COMPANY,FA863418C2701,2025-08-18,0.0,Department of Defense,Department of the Air Force,DEFINITIVE CONTRACT,2025-08-18,232.41,235.26,-1.21,179.12,2025-11-24,69,-22.93,237.38,2025-09-02,10,2.14,32.53,,,,,,,,-3.19,-3.42,-2.38,1.38,2.14,-0.63,-7.65,-7.13,-6.52,-16.01,-6.13
LDOS,"LEIDOS, INC.",N0018925FZ746,2025-12-03,0.0,Department of Defense,Department of the Navy,DELIVERY ORDER,2025-12-03,186.8878,185.5291,0.73,152.3419,2026-04-10,87,-18.48,197.153,2026-01-09,25,5.49,29.41,22.0,,,,,,,2.11,-1.5,-0.07,0.68,-3.54,-0.9,3.98,3.56,3.49,-3.92,-15.2
GD,GENERAL DYNAMICS LAND SYSTEMS INC.,0001,2026-03-17,-16.0,Department of Defense,Department of the Army,DELIVERY ORDER,2026-03-17,353.0887,351.1761,0.54,311.1606,2026-04-27,28,-11.87,393.19,2026-07-28,89,11.36,26.36,74.0,88.0,,,,,,-0.82,-2.95,-2.82,-0.28,-3.67,-2.21,-5.56,-4.49,-4.2,1.19,7.89
LMT,LOCKHEED MARTIN CORPORATION,FA852720F0093,2025-08-13,-312272.08,Department of Defense,Defense Contract Management Agency,DELIVERY ORDER,2025-08-13,430.9467,420.2259,2.55,425.8346,2025-08-14,1,-1.19,504.3876,2025-10-06,37,17.04,18.45,16.0,28.0,37.0,,,,,-1.19,-0.44,0.78,0.82,2.69,2.21,7.27,10.24,12.26,6.73,8.73
BA,THE BOEING COMPANY,N6134022F0051,2025-09-05,0.0,Department of Defense,Department of the Navy,DELIVERY ORDER,2025-09-05,229.61,230.75,-0.49,179.12,2025-11-24,56,-21.99,244.55,2026-01-13,89,6.51,36.53,89.0,,,,,,,0.58,-0.91,-5.95,-6.35,-6.08,-7.0,-4.3,-7.26,-15.24,-18.79,5.66
LMT,LOCKHEED MARTIN CORPORATION,FA861122F0003,2026-01-15,233446.0,Department of Defense,Department of the Air Force,DELIVERY ORDER,2026-01-15,571.1216,565.9924,0.91,503.2157,2026-05-08,78,-11.89,672.2988,2026-03-02,30,17.72,33.6,9.0,11.0,23.0,,,,,0.79,1.44,2.24,2.95,9.75,5.41,12.41,17.72,7.2,6.39,-7.61
GD,"GENERAL DYNAMICS INFORMATION TECHNOLOGY, INC.",DTFAWA10D00003CALL0005,2025-10-29,0.0,Department of Transportation,Federal Aviation Administration,DELIVERY ORDER,2025-10-29,339.009,342.1673,-0.92,328.0535,2025-12-01,22,-3.23,364.0791,2026-01-16,54,7.4,10.98,46.0,,,,,,,0.34,-0.47,-0.17,0.83,1.74,-0.64,-0.54,-0.58,3.52,7.17,3.44
GD,GENERAL DYNAMICS INFORMATION TECHNOLOGY INC.,19AQMM21F0545,2025-12-11,383412.0,Department of State,Department of State,DELIVERY ORDER,2025-12-11,337.035,337.7752,-0.22,317.3134,2026-04-23,90,-5.85,364.0791,2026-01-16,24,8.02,14.74,16.0,,,,,,,-1.17,-1.17,-1.21,1.09,0.21,0.56,6.39,7.8,2.76,4.05,-5.85
LMT,LOCKHEED MARTIN CORP,FA862518F7001,2026-03-19,0.0,Department of Defense,Department of the Air Force,DELIVERY ORDER,2026-03-19,633.3637,638.1027,-0.74,491.64,2026-06-24,66,-22.38,633.7512,2026-04-06,11,0.06,28.91,,,,,,,,-1.58,-4.29,-1.6,-6.11,-2.31,-2.14,-8.82,-19.57,-16.36,-16.26,-10.13
LDOS,"LEIDOS, INC.",15JPSS20F00000873,2025-12-16,50000.0,Department of Justice,"Offices, Boards and Divisions",DELIVERY ORDER,2025-12-16,181.0699,184.8372,-2.04,143.7323,2026-04-27,89,-20.62,197.153,2026-01-09,16,8.88,37.17,12.0,,,,,,,-0.44,1.38,2.28,2.03,-0.97,7.93,6.88,3.36,-5.58,-7.85,-19.57
LMT,LOCKHEED MARTIN CORPORATION,FA852819F0037,2025-09-30,0.0,Department of Defense,Department of the Air Force,DELIVERY ORDER,2025-09-30,489.6455,482.5541,1.47,434.0461,2025-12-01,43,-11.36,630.8141,2026-02-09,90,28.83,45.33,67.0,71.0,73.0,81.0,,,,-0.04,1.06,2.38,1.71,1.2,1.34,-2.78,-8.44,-9.82,-1.96,28.83
GD,"GENERAL DYNAMICS INFORMATION TECHNOLOGY, INC.",91990018F0014,2025-08-26,0.0,Department of Education,Department of Education,DELIVERY ORDER,2025-08-26,316.5947,314.3444,0.72,315.7594,2025-09-09,9,-0.26,350.9317,2026-01-05,90,10.85,11.14,24.0,43.0,,,,,,1.02,0.74,0.2,0.21,0.27,1.31,0.7,7.53,7.08,6.95,10.85
GD,GENERAL DYNAMICS LAND SYSTEMS INC.,W912CH25F0387,2025-10-30,53798.83,Department of Defense,Department of the Army,DELIVERY ORDER,2025-10-30,340.1736,339.009,0.34,328.0534,2025-12-01,21,-3.56,364.0791,2026-01-16,53,7.03,10.98,50.0,,,,,,,0.07,-0.35,-1.27,1.4,-0.17,-0.46,-3.56,-2.08,4.66,3.91,3.49
ACN,ACCENTURE FEDERAL SERVICES LLC,89303026FIM000191,2026-03-19,0.0,Department of Energy,Department of Energy,BPA CALL,2026-03-19,199.4402,191.2098,4.3,122.9615,2026-06-30,70,-38.35,199.4402,2026-03-19,0,0.0,62.2,,,,,,,,-1.75,-4.92,-3.5,-2.95,-1.09,-7.83,-3.36,-10.9,-11.2,-18.07,-13.17
HII,HUNTINGTON INGALLS INC,N0002409C2116,2026-01-30,14000000.0,Department of Defense,Department of the Navy,DEFINITIVE CONTRACT,2026-01-30,417.3973,424.6631,-1.71,287.54,2026-06-03,85,-31.11,451.7788,2026-03-02,20,8.24,57.12,13.0,,,,,,,-0.05,-1.75,-5.41,-5.03,-0.41,4.06,5.04,-0.62,-4.04,-13.79,-30.73
CACI,"CACI TECHNOLOGIES, LLC",W56KGU20F0012,2025-09-16,0.0,Department of Defense,Department of the Army,DELIVERY ORDER,2025-09-16,491.37,495.06,-0.75,476.24,2025-09-25,7,-3.08,662.19,2026-01-23,89,34.76,39.05,12.0,27.0,27.0,39.0,88.0,,,0.87,1.51,0.32,-3.08,1.51,7.66,5.24,16.51,21.55,21.39,30.81
AVAV,"AEROVIRONMENT, INC",W91CRB25F0094,2025-12-18,-69014410.85,Department of Defense,Department of the Army,DELIVERY ORDER,2025-12-18,230.69,229.1,0.69,176.97,2026-03-30,68,-23.29,392.86,2026-01-16,19,70.3,121.99,1.0,2.0,10.0,10.0,11.0,14.0,,5.34,13.2,10.54,5.77,28.92,58.22,38.55,23.72,10.63,-6.43,-15.46
BA,THE BOEING COMPANY,N0038324FXR28,2026-03-04,0.0,Department of Defense,Department of the Navy,DELIVERY ORDER,2026-03-04,227.31,224.12,1.42,189.21,2026-03-30,18,-16.76,240.6,2026-05-13,49,5.85,27.16,49.0,,,,,,,-2.31,-1.02,-5.81,-7.66,-9.38,-13.59,-8.4,-3.71,1.64,1.69,-4.49
BA,THE BOEING COMPANY,FA811920F0047,2025-11-21,0.0,Department of Defense,Department of the Air Force,DELIVERY ORDER,2025-11-21,179.7,179.38,0.18,179.12,2025-11-24,1,-0.32,252.15,2026-01-23,41,40.32,40.77,4.0,6.0,16.0,20.0,32.0,,,-0.32,4.02,3.76,12.71,14.79,13.73,20.67,26.94,30.24,29.12,18.14
ACN,ACCENTURE FEDERAL SERVICES LLC,89233124FNA000152,2025-09-22,0.0,Department of Energy,Department of Energy,BPA CALL,2025-09-22,235.1445,234.8603,0.12,227.8645,2025-09-25,3,-3.1,282.7142,2026-01-14,79,20.23,24.07,12.0,51.0,75.0,79.0,,,,-1.87,-3.1,2.92,1.55,3.41,0.4,4.38,3.52,1.51,13.35,9.85
LDOS,"LEIDOS, INC.",HSCG3207J100033,2025-09-25,0.0,Department of Homeland Security,U.S. Coast Guard,DELIVERY ORDER,2025-09-25,180.8578,185.8563,-2.69,179.3204,2025-12-31,67,-0.85,197.9062,2025-11-04,28,9.43,10.36,4.0,,,,,,,1.39,3.62,5.77,8.6,6.41,2.31,4.17,6.8,4.79,1.5,3.57
NOC,NORTHROP GRUMMAN SYSTEMS CORPORATION,N0001923F0041,2025-08-20,0.0,Department of Defense,Department of the Navy,DELIVERY ORDER,2025-08-20,583.3933,577.1807,1.08,541.3857,2025-12-01,71,-7.2,630.571,2025-10-08,34,8.09,16.47,33.0,,,,,,,0.79,-0.98,-1.0,-0.42,-1.77,-1.75,-2.91,2.51,2.63,-5.46,-1.71
BAH,BOOZ ALLEN HAMILTON INC,FA807523F0024,2025-09-23,1023349.0,Department of Defense,Department of the Air Force,DELIVERY ORDER,2025-09-23,96.2236,97.6523,-1.46,78.7024,2025-11-20,42,-18.21,101.8113,2025-10-07,10,5.81,29.36,8.0,,,,,,,0.97,0.76,1.65,4.86,5.81,-2.07,0.42,-13.09,-14.37,-11.4,-10.43
NOC,NORTHROP GRUMMAN SYSTEMS CORPORATION,M6785423F0036,2025-09-12,-142769.67,Department of Defense,Department of the Navy,DELIVERY ORDER,2025-09-12,569.2981,576.2072,-1.2,541.3857,2025-12-01,55,-4.9,665.3712,2026-01-22,90,16.88,22.9,12.0,18.0,87.0,,,,,-0.25,0.19,-0.51,0.19,3.22,5.04,7.45,5.14,-3.12,-3.5,16.88
GD,"GENERAL DYNAMICS INFORMATION TECHNOLOGY, INC.",0001,2025-09-19,0.0,Department of Defense,Defense Information Systems Agency,DELIVERY ORDER,2025-09-19,318.4617,318.9433,-0.15,317.0663,2025-09-22,1,-0.44,364.0791,2026-01-16,82,14.32,14.83,7.0,73.0,,,,,,-0.44,-0.14,1.93,5.22,6.03,5.77,4.5,6.89,5.48,5.59,8.9
NOC,NORTHROP GRUMMAN SYSTEMS CORPORATION,FA820221F0002,2025-09-19,0.0,Department of Defense,Department of the Air Force,DELIVERY ORDER,2025-09-19,566.402,567.1136,-0.13,541.3857,2025-12-01,50,-4.42,690.0928,2026-01-29,90,21.84,27.47,7.0,13.0,82.0,89.0,,,,0.54,2.31,3.75,6.33,6.37,10.82,5.06,1.82,-1.1,0.89,21.84
NOC,NORTHROP GRUMMAN SYSTEMS CORP,FA811025F0005,2025-09-23,6330912.33,Department of Defense,Department of the Air Force,DELIVERY ORDER,2025-09-23,570.4051,569.4859,0.16,541.3857,2025-12-01,48,-5.09,690.0928,2026-01-29,88,20.98,27.47,5.0,11.0,80.0,88.0,,,,1.59,3.02,5.59,4.84,7.72,7.24,3.36,0.01,-1.33,-1.84,19.19
NOC,NORTHROP GRUMMAN SYSTEMS CORPORATION,HQ085625FE001,2025-09-30,1000000.0,Department of Defense,Missile Defense Agency,DELIVERY ORDER,2025-09-30,602.2722,587.1195,2.58,541.3857,2025-12-01,43,-10.11,703.7488,2026-02-06,89,16.85,29.99,73.0,78.0,86.0,,,,,-0.64,0.04,2.02,4.22,2.89,-1.2,-3.99,-6.99,-8.82,-4.04,15.02
CACI,"CACI, INC. - FEDERAL",N0016425F3012,2025-10-02,38060.0,Department of Defense,Department of the Navy,DELIVERY ORDER,2025-10-02,519.07,515.16,0.76,508.06,2025-10-13,7,-2.12,662.19,2026-01-23,77,27.57,30.34,15.0,15.0,33.0,72.0,,,,2.15,1.33,-1.5,-2.12,-0.16,0.21,8.32,13.14,14.75,3.93,10.36
CACI,"CACI, INC. - FEDERAL",N0042123F0670,2025-12-23,60000.0,Department of Defense,Department of the Navy,DELIVERY ORDER,2025-12-23,544.55,550.0,-0.99,494.04,2026-05-05,90,-9.28,662.19,2026-01-23,20,21.6,34.04,10.0,12.0,15.0,19.0,,,,-0.03,-0.93,-2.16,4.42,7.26,12.26,18.04,13.58,14.77,8.21,-9.28
LMT,LOCKHEED MARTIN CORPORATION,N0001920C0032,2025-12-23,5163841.77,Department of Defense,Department of the Navy,DEFINITIVE CONTRACT,2025-12-23,476.8982,477.9062,-0.21,476.8982,2025-12-23,0,0.0,672.2988,2026-03-02,45,40.97,40.97,7.0,11.0,13.0,16.0,25.0,,,0.66,1.31,0.23,6.01,7.44,18.68,20.54,29.23,40.97,28.38,6.02
GE,GENERAL ELECTRIC COMPANY,SPRTA126F0037,2025-12-19,6984980.33,Department of Defense,Defense Logistics Agency,DELIVERY ORDER,2025-12-19,306.0312,300.5324,1.83,272.9098,2026-03-30,67,-10.82,344.8073,2026-03-02,47,12.67,26.34,9.0,41.0,,,,,,2.45,3.11,1.54,0.38,6.74,5.64,-3.86,0.48,11.07,-4.83,-6.5
NOC,NORTHROP GRUMMAN SYSTEMS CORP,FA811023F0003,2026-03-05,0.0,Department of Defense,Department of the Air Force,DELIVERY ORDER,2026-03-05,736.7673,750.5368,-1.83,496.02,2026-06-29,79,-32.68,752.8167,2026-03-06,1,2.18,51.77,,,,,,,,2.18,-0.68,-0.5,-0.55,-3.49,-6.59,-5.98,-10.1,-25.74,-26.81,-28.71
ACN,ACCENTURE FEDERAL SERVICES LLC,89243120FSC000008,2026-02-02,0.0,Department of Energy,Department of Energy,BPA CALL,2026-02-02,261.4034,258.317,1.19,157.7433,2026-05-13,70,-39.66,261.4034,2026-02-02,0,0.0,65.71,,,,,,,,-9.59,-12.45,-11.26,-13.63,-17.58,-24.59,-21.29,-25.54,-27.34,-31.86,-36.68
ACN,ACCENTURE FEDERAL SERVICES LLC,205AE925F00190,2026-02-06,181834.0,Department of the Treasury,Internal Revenue Service,DELIVERY ORDER,2026-02-06,235.7618,228.8639,3.01,154.1564,2026-06-17,90,-34.61,235.9969,2026-02-10,2,0.1,53.09,,,,,,,,-1.6,-4.23,-6.81,-7.07,-16.39,-13.26,-16.2,-16.87,-20.21,-24.97,-34.61
CACI,ACACIA7,FA890326F0019,2026-03-31,0.0,Department of Defense,Department of the Air Force,DELIVERY ORDER,2026-03-31,543.87,558.48,-2.62,440.76,2026-07-21,76,-18.96,648.24,2026-08-10,90,19.19,47.07,2.0,88.0,88.0,,,,,3.18,5.16,6.36,-1.72,-2.24,-4.69,-4.47,-7.35,-2.16,-16.54,19.19
NOC,NORTHROP GRUMMAN SYSTEMS CORPORATION,N0016421FW009,2025-09-25,0.0,Department of Defense,Department of the Navy,DELIVERY ORDER,2025-09-25,578.9946,579.4888,-0.09,541.3857,2025-12-01,46,-6.5,699.65,2026-02-03,89,20.84,29.23,7.0,76.0,82.0,89.0,,,,1.49,4.02,3.28,5.59,8.41,3.95,3.38,-2.36,-2.31,-2.56,18.23
NOC,NORTHROP GRUMMAN SYSTEMS CORPORATION,N0038325FN32D,2025-09-30,2822536.53,Department of Defense,Department of the Navy,DELIVERY ORDER,2025-09-30,602.2722,587.1195,2.58,541.3857,2025-12-01,43,-10.11,703.7488,2026-02-06,89,16.85,29.99,73.0,78.0,86.0,,,,,-0.64,0.04,2.02,4.22,2.89,-1.2,-3.99,-6.99,-8.82,-4.04,15.02
LDOS,"LEIDOS, INC.",47QFMA23F0023,2025-08-19,1951219.51,General Services Administration,Federal Acquisition Service,DELIVERY ORDER,2025-08-19,176.882,176.2684,0.35,175.8627,2025-09-03,10,-0.58,197.9062,2025-11-04,54,11.89,12.53,22.0,33.0,,,,,,0.79,1.68,2.02,1.47,-0.58,0.16,4.93,7.45,5.67,8.22,4.45
LDOS,LEIDOS BIOMEDICAL RESEARCH INC,75N91020F00018,2025-09-18,-1126751.0,Department of Health and Human Services,National Institutes of Health,DELIVERY ORDER,2025-09-18,185.6084,182.286,1.82,179.3204,2025-12-31,72,-3.39,197.9062,2025-11-04,33,6.63,10.36,12.0,,,,,,,0.16,-0.02,-2.56,-0.82,3.07,5.92,-1.41,2.01,-0.8,1.38,0.56
LDOS,"LEIDOS, INC.",M0026426C0001,2025-11-25,7520824.42,Department of Defense,Department of the Navy,DEFINITIVE CONTRACT,2025-11-25,189.9225,185.2712,2.51,153.6473,2026-03-30,84,-19.1,197.153,2026-01-09,30,3.81,28.32,,,,,,,,-0.6,-1.61,-1.6,-2.44,-1.67,-4.66,-2.72,3.81,-1.58,-8.86,-15.72
KTOS,"KRATOS DEFENSE & ROCKET SUPPORT SERVICES, INC.",N6600124F0050,2025-12-18,111200.59,Department of Defense,Department of the Navy,DELIVERY ORDER,2025-12-18,71.4,69.77,2.34,59.56,2026-04-29,89,-16.58,130.72,2026-01-16,19,83.08,119.48,1.0,2.0,3.0,10.0,13.0,14.0,,5.59,15.27,8.82,6.41,25.95,59.24,68.89,44.78,23.57,30.31,-11.69
BAH,BOOZ ALLEN HAMILTON INC,FA872625FB041,2025-09-12,569093.54,Department of Defense,Department of the Air Force,DELIVERY ORDER,2025-09-12,102.3789,101.6156,0.75,78.7024,2025-11-20,49,-23.13,102.3789,2025-09-12,0,0.0,30.08,,,,,,,,-2.87,-2.91,-2.37,-6.01,-5.3,-1.44,-7.96,-12.64,-20.23,-12.12,-7.87
LMT,LOCKHEED MARTIN CORPORATION,0002,2026-03-04,0.0,Department of Defense,Department of the Navy,DELIVERY ORDER,2026-03-04,660.1583,663.4766,-0.5,491.64,2026-06-24,77,-25.53,667.4009,2026-03-06,2,1.1,35.75,,,,,,,,-1.43,-0.05,-2.26,-2.78,-3.34,-8.17,-6.27,-8.58,-22.89,-20.17,-21.99
LDOS,"LEIDOS, INC.",N0003925F9531,2025-09-29,0.0,Department of Defense,Department of the Navy,DELIVERY ORDER,2025-09-29,184.0811,183.3769,0.38,179.3204,2025-12-31,65,-2.59,197.9062,2025-11-04,26,7.51,10.36,4.0,,,,,,,1.8,3.92,6.7,6.8,0.18,-0.59,1.19,6.07,0.79,0.61,4.21
LMT,LOCKHEED MARTIN CORPORATION,H9222216C0096,2026-01-22,3796231.0,Department of Defense,U.S. Special Operations Command,DEFINITIVE CONTRACT,2026-01-22,586.9539,579.3638,1.31,503.2157,2026-05-08,74,-14.27,672.2988,2026-03-02,26,14.54,33.6,6.0,19.0,,,,,,-0.52,0.18,4.82,7.09,2.57,5.86,11.23,13.71,4.24,-1.61,-12.53
TXT,TEXTRON SYSTEMS CORPORATION,N0001922F1125,2025-11-24,1616469.15,Department of Defense,Department of the Navy,DELIVERY ORDER,2025-11-24,82.3355,81.2762,1.3,81.9457,2025-12-01,4,-0.47,100.7265,2026-02-20,59,22.34,22.92,12.0,19.0,38.0,56.0,,,,0.64,0.93,0.05,0.91,1.83,6.76,10.32,11.34,6.91,19.95,6.47
ACN,ACCENTURE FEDERAL SERVICES LLC,1331L526F13OS0097,2026-03-31,4302000.0,Department of Commerce,Office of the Secretary,DELIVERY ORDER,2026-03-31,194.2864,193.5614,0.37,122.9615,2026-06-30,62,-36.71,197.2651,2026-04-02,2,1.53,60.43,,,,,,,,-0.62,0.33,-2.24,-8.69,-1.33,-1.12,-9.11,-18.81,-9.03,-34.4,-8.25
NOC,NORTHROP GRUMMAN SYSTEMS CORPORATION,N0001924C0005,2026-01-22,1744739.0,Department of Defense,Department of the Navy,DEFINITIVE CONTRACT,2026-01-22,665.3712,659.1386,0.95,536.59,2026-06-02,90,-19.35,764.6547,2026-03-02,26,14.92,42.5,8.0,26.0,,,,,,0.37,1.24,3.72,2.17,3.89,1.25,8.54,13.14,1.6,-1.69,-19.35
LMT,LOCKHEED MARTIN CORPORATION,FA852822F0029,2026-01-21,0.0,Department of Defense,Department of the Air Force,DELIVERY ORDER,2026-01-21,579.3638,569.313,1.77,503.2157,2026-05-08,75,-13.14,672.2988,2026-03-02,27,16.04,33.6,6.0,17.0,27.0,,,,,1.31,-0.78,1.88,8.19,2.82,7.39,12.29,12.32,7.57,1.55,-10.85
HON,HONEYWELL INTERNATIONAL INC.,SPE4A525F156H,2025-10-02,0.0,Department of Defense,Defense Logistics Agency,DELIVERY ORDER,2025-10-02,205.1835,204.3764,0.39,195.2672,2025-11-20,35,-4.83,252.5583,2026-02-10,89,23.09,29.34,69.0,73.0,82.0,87.0,,,,-0.93,-0.96,-3.21,-3.84,-3.72,-2.09,1.23,0.5,-3.22,-0.31,22.77
HII,HUNTINGTON INGALLS INCORPORATED,N0002419C4313,2026-03-19,1357800.0,Department of Defense,Department of the Navy,DEFINITIVE CONTRACT,2026-03-19,416.6206,426.1494,-2.24,268.76,2026-07-21,84,-35.49,416.6206,2026-03-19,0,0.0,55.02,,,,,,,,-2.5,-3.91,-8.04,-11.79,-5.21,-3.6,-6.27,-13.82,-23.37,-28.07,-32.7
GD,"GENERAL DYNAMICS INFORMATION TECHNOLOGY, INC.",140D0425F0719,2025-11-13,0.0,Department of the Interior,Departmental Offices,DELIVERY ORDER,2025-11-13,339.5814,344.9013,-1.54,328.0534,2025-12-01,11,-3.39,364.0791,2026-01-16,43,7.21,10.98,40.0,,,,,,,0.06,-0.81,-1.34,-1.72,-0.71,-0.69,-0.98,-1.04,6.46,1.07,3.68
NOC,NORTHROP GRUMMAN SYSTEMS CORPORATION,N6893619F0364,2025-09-04,-58773.88,Department of Defense,Department of the Navy,DELIVERY ORDER,2025-09-04,573.0541,574.2897,-0.22,541.3857,2025-12-01,61,-5.53,630.571,2025-10-08,24,10.04,16.47,18.0,24.0,,,,,,0.18,-1.4,0.55,-0.9,-1.04,1.12,5.14,3.32,-1.35,-1.3,8.33
LDOS,"LEIDOS, INC.",29FTC122F0017,2025-12-16,-21218.21,Federal Trade Commission,Federal Trade Commission,BPA CALL,2025-12-16,181.0699,184.8372,-2.04,143.7323,2026-04-27,89,-20.62,197.153,2026-01-09,16,8.88,37.17,12.0,,,,,,,-0.44,1.38,2.28,2.03,-0.97,7.93,6.88,3.36,-5.58,-7.85,-19.57
PSN,PARSONS GOVERNMENT SERVICES INC.,W56KGU22F0021,2025-08-25,-60.27,Department of Defense,Department of the Army,DELIVERY ORDER,2025-08-25,79.7,79.82,-0.15,60.2,2025-12-17,80,-24.47,89.29,2025-10-08,31,12.03,48.32,26.0,29.0,,,,,,0.26,0.25,1.2,-7.28,-6.52,-4.42,1.22,10.13,4.65,3.66,-21.94
BA,THE BOEING COMPANY,FA862821F1006,2025-12-03,13383000.0,Department of Defense,Department of the Air Force,DELIVERY ORDER,2025-12-03,202.54,205.38,-1.38,189.21,2026-03-30,79,-6.58,252.15,2026-01-23,34,24.49,33.26,12.0,20.0,25.0,27.0,,,,-0.33,1.84,-1.89,0.91,1.87,7.07,12.63,22.29,20.82,10.65,10.56
GE,GENERAL ELECTRIC COMPANY,80GRC024CA009,2025-12-04,0.0,National Aeronautics and Space Administration,National Aeronautics and Space Administration,DEFINITIVE CONTRACT,2025-12-04,290.7401,287.3831,1.17,272.9098,2026-03-30,78,-6.13,344.8073,2026-03-02,58,18.6,26.34,11.0,19.0,52.0,,,,,-2.71,-2.24,-1.18,3.12,3.37,8.53,12.35,7.14,8.51,16.56,2.47
BAH,BOOZ ALLEN HAMILTON INC,FA821924F0010,2025-08-13,0.0,Department of Defense,Department of the Air Force,DELIVERY ORDER,2025-08-13,108.7005,106.1687,2.38,78.7024,2025-11-20,70,-27.6,108.7005,2025-08-13,0,0.0,38.12,,,,,,,,-2.64,-1.85,-1.68,-1.04,-0.28,-3.9,-5.82,-12.2,-12.42,-22.97,-22.74
CACI,"CACI, INC. - FEDERAL",FA807524F0060,2026-03-24,497018.0,Department of Defense,Department of the Air Force,DELIVERY ORDER,2026-03-24,576.71,589.28,-2.13,440.76,2026-07-21,81,-23.57,579.84,2026-03-26,2,0.54,31.55,,,,,,,,0.39,-2.26,-5.69,-0.19,0.3,-7.48,-8.71,-13.4,-9.34,-19.12,-11.11
LMT,LOCKHEED MARTIN CORPORATION,N0038325FXF0T,2025-09-25,0.0,Department of Defense,Department of the Navy,DELIVERY ORDER,2025-09-25,475.0605,476.9339,-0.39,434.0461,2025-12-01,46,-8.63,628.5509,2026-02-02,88,32.31,44.81,7.0,73.0,75.0,77.0,87.0,,,0.64,3.07,3.1,6.17,4.84,3.11,0.22,-3.18,-5.47,-1.36,25.39
ACN,ACCENTURE FEDERAL SERVICES LLC,205AE925F00022,2025-10-17,160131.33,Department of the Treasury,Internal Revenue Service,DELIVERY ORDER,2025-10-17,233.5768,229.295,1.87,187.6335,2026-02-25,88,-19.67,282.7143,2026-01-14,60,21.04,50.67,2.0,32.0,40.0,60.0,,,,1.59,4.51,3.88,6.28,4.91,1.24,1.23,7.99,13.54,21.04,-12.45
GD,"GENERAL DYNAMICS-OTS, INC.",FA852022F0040,2025-10-15,0.0,Department of Defense,Department of the Air Force,DELIVERY ORDER,2025-10-15,327.7179,331.1328,-1.03,326.2868,2025-10-16,1,-0.44,364.0791,2026-01-16,64,11.1,11.58,7.0,62.0,,,,,,-0.44,1.55,1.87,5.64,3.45,3.44,3.62,2.41,1.6,8.7,3.77
BAH,BOOZ ALLEN HAMILTON INC,W15P7T24F0004,2026-02-10,2500000.0,Department of Defense,Department of the Army,DELIVERY ORDER,2026-02-10,88.6018,88.7791,-0.2,63.33,2026-06-22,90,-28.52,88.6018,2026-02-10,0,0.0,39.9,,,,,,,,-11.3,-11.14,-12.3,-13.51,-15.86,-11.28,-13.62,-10.25,-7.37,-13.91,-28.52
GD,"GENERAL DYNAMICS INFORMATION TECHNOLOGY, INC.",FA564125F0004,2026-03-11,2605502.78,Department of Defense,Department of the Air Force,DELIVERY ORDER,2026-03-11,350.6707,352.395,-0.49,311.1606,2026-04-27,32,-11.27,381.79,2026-07-23,90,8.87,22.7,78.0,,,,,,,0.39,0.14,-0.14,-2.28,-0.38,-3.0,-4.84,-9.51,-3.29,-1.64,8.87
BAH,BOOZ ALLEN HAMILTON INC,47QFAA20F0023,2025-08-15,5648182.13,General Services Administration,Federal Acquisition Service,DELIVERY ORDER,2025-08-15,106.9782,105.8332,1.08,78.7024,2025-11-20,68,-26.43,108.3971,2025-08-27,8,1.33,37.73,,,,,,,,-0.27,-0.1,0.56,0.87,-0.55,-6.28,-6.85,-9.54,-7.66,-20.14,-22.06
HII,HUNTINGTON INGALLS INC,N6279325F0003,2026-01-28,400000.0,Department of Defense,Department of the Navy,DELIVERY ORDER,2026-01-28,422.2412,419.6605,0.61,287.54,2026-06-03,87,-31.9,451.7788,2026-03-02,22,7.0,57.12,18.0,,,,,,,0.57,-1.2,-2.88,-6.49,-7.68,-0.12,4.82,-2.24,-6.47,-15.27,-30.78
TXT,BELL TEXTRON INC,W58RGZ22C0012,2026-01-16,7462245.71,Department of Defense,Department of the Army,DEFINITIVE CONTRACT,2026-01-16,94.1893,93.5196,0.72,85.9317,2026-03-30,49,-8.77,100.7265,2026-02-20,23,6.94,17.22,20.0,,,,,,,-1.14,1.91,0.44,-7.9,-7.08,1.28,6.39,4.58,-3.85,-3.95,-2.43
CACI,"CACI, INC. - FEDERAL",88310322F00153,2025-09-04,0.0,National Archives and Records Administration,National Archives and Records Administration,DELIVERY ORDER,2025-09-04,460.1,469.45,-1.99,460.1,2025-09-04,0,0.0,617.97,2025-11-25,58,34.31,34.31,4.0,19.0,21.0,35.0,54.0,,,3.12,4.24,7.18,7.6,7.91,8.07,15.24,12.63,27.02,34.12,31.4
BAH,BOOZ ALLEN HAMILTON INC,70FA2023F00000045,2026-02-12,-20000.0,Department of Homeland Security,Federal Emergency Management Agency,DELIVERY ORDER,2026-02-12,76.762,78.5941,-2.33,62.68,2026-06-24,90,-18.34,83.4516,2026-04-07,36,8.71,33.14,15.0,,,,,,,2.56,1.23,-0.17,-2.12,1.93,3.18,-2.04,1.49,4.36,-3.09,-18.34
LMT,LOCKHEED MARTIN CORPORATION,N0001920C0032,2026-01-29,0.0,Department of Defense,Department of the Navy,DEFINITIVE CONTRACT,2026-01-29,615.2189,590.2745,4.23,503.2157,2026-05-08,69,-18.21,672.2988,2026-03-02,21,9.28,33.6,14.0,,,,,,,1.88,0.92,-2.14,2.53,2.4,7.07,9.28,4.32,3.01,-17.1,-13.83
ACN,ACCENTURE FEDERAL SERVICES LLC,2032H825F00015,2025-12-02,603187.1,Department of the Treasury,Internal Revenue Service,BPA CALL,2025-12-02,255.7499,252.2324,1.39,177.3969,2026-04-10,88,-30.64,282.7142,2026-01-14,29,10.54,59.37,9.0,29.0,,,,,,4.53,2.13,3.26,3.58,4.22,3.7,-0.41,10.25,-7.82,-21.11,-26.45
CACI,"CACI, INC. - FEDERAL",HC108424C0003,2026-01-28,2246385.55,Department of Defense,Defense Information Systems Agency,DEFINITIVE CONTRACT,2026-01-28,638.24,643.21,-0.77,480.99,2026-05-08,70,-24.64,638.24,2026-01-28,0,0.0,32.69,,,,,,,,-2.37,-4.05,-5.2,-3.09,-10.25,-11.16,-4.4,-4.01,-9.81,-19.07,-18.66
LMT,RAYTHEON/LOCKHEED MARTIN JAVELIN JV,W31P4Q24C0047,2026-01-30,3694919.85,Department of Defense,Department of the Army,DEFINITIVE CONTRACT,2026-01-30,626.7917,615.2189,1.88,503.2157,2026-05-08,68,-19.72,672.2988,2026-03-02,20,7.26,33.6,13.0,,,,,,,0.28,-4.96,-1.68,-0.73,2.89,3.79,5.85,2.27,-0.51,-18.8,-16.24
LDOS,LEIDOS DIGITAL SOLUTIONS INC,1333BJ21F00280044,2026-03-12,92066.36,Department of Commerce,U.S. Patent and Trademark Office,DELIVERY ORDER,2026-03-12,172.7698,172.3325,0.25,100.0,2026-06-25,72,-42.12,172.8195,2026-03-13,1,0.03,72.82,,,,,,,,0.03,-2.54,-4.29,-6.25,-9.11,-10.02,-9.11,-15.76,-28.66,-29.17,-37.92
LMT,"LOCKHEED MARTIN GLOBAL, INC.",FA873023C0006,2026-03-31,450000.0,Department of Defense,Department of the Air Force,DEFINITIVE CONTRACT,2026-03-31,600.4591,594.6769,0.97,491.64,2026-06-24,58,-18.12,633.7512,2026-04-06,3,5.54,28.91,3.0,,,,,,,2.19,5.54,3.99,1.54,1.11,-5.37,-14.3,-13.97,-13.56,-15.5,0.45
WWD,WOODWARD HRT INC,SPRTA124C0087,2025-08-19,0.0,Department of Defense,Defense Logistics Agency,DEFINITIVE CONTRACT,2025-08-19,243.9689,246.0506,-0.85,236.6678,2025-09-09,14,-2.99,315.6285,2025-12-23,88,29.37,33.36,32.0,58.0,69.0,69.0,,,,0.54,1.39,3.12,1.9,-0.05,-2.99,-1.91,3.8,1.12,12.01,27.41
ETN,EATON CORPORATION,W912HZ25C0053,2025-09-26,1000000.0,Department of Defense,Department of the Army,DEFINITIVE CONTRACT,2025-09-26,361.549,360.7182,0.23,313.2,2025-12-17,57,-13.37,383.4746,2025-10-29,23,6.06,22.44,23.0,,,,,,,0.43,2.26,2.16,1.47,0.96,2.74,3.87,2.52,-6.82,-12.12,-2.72
NOC,NORTHROP GRUMMAN SYSTEMS CORPORATION,80GSFC22CA018,2025-09-25,1136952.68,National Aeronautics and Space Administration,National Aeronautics and Space Administration,DEFINITIVE CONTRACT,2025-09-25,578.9946,579.4888,-0.09,541.3857,2025-12-01,46,-6.5,699.65,2026-02-03,89,20.84,29.23,7.0,76.0,82.0,89.0,,,,1.49,4.02,3.28,5.59,8.41,3.95,3.38,-2.36,-2.31,-2.56,18.23
GD,"GENERAL DYNAMICS INFORMATION TECHNOLOGY, INC.",19AQMM24C0037,2025-08-18,-1701201.5,Department of State,Department of State,DEFINITIVE CONTRACT,2025-08-18,308.1438,308.2519,-0.04,308.1438,2025-08-18,0,0.0,349.165,2025-10-27,49,13.31,13.31,17.0,34.0,,,,,,0.9,0.94,2.01,3.79,3.45,2.91,3.73,8.74,9.12,12.88,10.63
CACI,"CACI, INC. - FEDERAL",W909MY20F3003,2026-03-18,0.0,Department of Defense,Defense Contract Management Agency,DELIVERY ORDER,2026-03-18,608.73,612.93,-0.69,440.76,2026-07-21,85,-27.59,612.93,2026-03-19,1,0.69,39.06,,,,,,,,0.69,-3.2,-4.89,-7.4,-7.82,-4.97,-13.4,-14.65,-19.49,-14.67,-16.21
LDOS,"LEIDOS, INC.",SP470923F0062,2025-09-26,61797.41,Department of Defense,Defense Logistics Agency,DELIVERY ORDER,2025-09-26,183.3769,180.8578,1.39,179.3204,2025-12-31,66,-2.21,197.9062,2025-11-04,27,7.92,10.36,5.0,,,,,,,0.38,3.64,5.78,6.54,1.69,-0.26,2.28,6.53,1.9,0.85,0.87
BA,THE BOEING COMPANY,HQ085623F0006,2026-01-14,712999.72,Department of Defense,Missile Defense Agency,DELIVERY ORDER,2026-01-14,242.61,244.55,-0.79,189.21,2026-03-30,51,-22.01,252.15,2026-01-23,6,3.93,33.26,,,,,,,,2.11,2.63,3.63,2.4,-3.53,-2.75,0.14,-6.22,-19.57,-8.44,-9.77
IBM,INTERNATIONAL BUSINESS MACHINES CORPORATION,HC108424C0005,2026-03-17,-121.8,Department of Defense,Defense Information Systems Agency,DEFINITIVE CONTRACT,2026-03-17,252.428,245.6666,2.75,204.3044,2026-07-22,87,-19.06,326.8851,2026-06-02,53,29.5,60.0,51.0,51.0,51.0,52.0,,,,-1.76,-5.6,-6.06,-5.64,-5.36,-4.31,-2.0,-11.33,-11.5,8.11,-14.93
CAT,CATERPILLAR INC,SPE8EC26F0287,2026-03-04,1744926.0,Department of Defense,Defense Logistics Agency,DELIVERY ORDER,2026-03-04,729.2263,719.473,1.36,664.9282,2026-03-30,18,-8.82,1062.9282,2026-06-30,81,45.76,59.86,24.0,34.0,40.0,40.0,73.0,,,-3.54,-3.71,-3.33,-5.19,-5.24,-2.1,-2.02,5.56,22.6,19.89,27.75
BAH,BOOZ ALLEN HAMILTON INC,N0018924F3024,2026-03-03,1394286.87,Department of Defense,Department of the Navy,DELIVERY ORDER,2026-03-03,78.6081,77.2284,1.79,59.71,2026-06-25,79,-24.04,83.4516,2026-04-07,24,6.16,39.76,23.0,,,,,,,-1.07,3.4,-2.12,-2.64,-2.63,0.88,1.48,3.91,-3.69,2.34,-17.57
NOC,NORTHROP GRUMMAN SYSTEMS CORPORATION,N0001919C0008,2025-12-17,3052262.0,Department of Defense,Department of the Navy,DEFINITIVE CONTRACT,2025-12-17,559.9244,564.4202,-0.8,555.2898,2025-12-18,1,-0.83,764.6547,2026-03-02,49,36.56,37.7,11.0,16.0,18.0,26.0,42.0,,,-0.83,3.63,3.22,2.41,3.81,4.71,16.5,21.42,29.4,28.74,1.78
LDOS,"LEIDOS, INC.",N0018921CZ049,2026-03-27,187251.9,Department of Defense,Department of the Navy,DEFINITIVE CONTRACT,2026-03-27,154.9825,157.0253,-1.3,100.0,2026-06-25,61,-35.48,160.0746,2026-04-08,7,3.29,60.07,,,,,,,,-0.86,0.31,2.53,3.29,1.32,-0.23,-6.03,-17.91,-18.46,-32.69,-10.25
ACN,ACCENTURE FEDERAL SERVICES LLC,140D0425F0918,2026-02-26,4201677.93,Department of the Interior,Departmental Offices,DELIVERY ORDER,2026-02-26,203.1929,187.6335,8.29,122.9615,2026-06-30,85,-39.49,210.6591,2026-03-06,6,3.67,71.32,,,,,,,,0.65,1.21,3.19,0.95,-5.46,-5.9,-7.13,-12.7,-12.55,-12.84,-33.29
BAH,BOOZ ALLEN HAMILTON INC,FA807523F0046,2026-01-29,1491921.08,Department of Defense,Department of the Air Force,DELIVERY ORDER,2026-01-29,87.4001,89.7346,-2.6,71.0549,2026-05-13,72,-18.7,88.7791,2026-02-09,7,1.58,24.94,,,,,,,,-0.35,-6.46,-4.74,1.58,-12.17,-9.22,-11.64,-11.12,-4.94,-13.48,-10.35
GD,"GENERAL DYNAMICS INFORMATION TECHNOLOGY, INC.",19AQMM21F4198,2025-09-27,-5916.03,Department of State,Department of State,DELIVERY ORDER,2025-09-29,326.4115,324.6132,0.55,326.2868,2025-10-16,13,-0.04,364.0791,2026-01-16,76,11.54,11.58,19.0,74.0,,,,,,2.66,2.67,4.31,4.3,1.11,0.13,4.83,5.68,1.54,3.97,9.32
GD,"GENERAL DYNAMICS INFORMATION TECHNOLOGY, INC.",47QFCA20F0018,2025-09-03,-985206.04,General Services Administration,Federal Acquisition Service,DELIVERY ORDER,2025-09-03,317.2137,318.7664,-0.49,315.7594,2025-09-09,4,-0.46,356.2417,2026-01-12,90,12.3,12.82,19.0,38.0,,,,,,-0.11,-0.03,0.07,1.03,0.77,0.12,5.65,3.31,6.69,5.8,12.3
BAH,BOOZ ALLEN HAMILTON INC,N0001922F2106,2025-09-09,0.0,Department of Defense,Department of the Navy,DELIVERY ORDER,2025-09-09,100.911,99.5116,1.41,78.7024,2025-11-20,52,-22.01,102.3789,2025-09-12,3,1.45,30.08,,,,,,,,-0.6,1.45,-1.25,-1.85,-4.65,-4.1,-0.18,-2.4,-15.56,-19.48,-4.93
LMT,LOCKHEED MARTIN CORPORATION,HQ085224F0005,2025-09-26,-1496999.69,Department of Defense,Missile Defense Agency,DELIVERY ORDER,2025-09-26,478.1011,475.0605,0.64,434.0461,2025-12-01,45,-9.21,628.5509,2026-02-02,87,31.47,44.81,6.0,72.0,74.0,77.0,86.0,,,0.93,2.37,3.5,4.85,3.61,1.19,-0.11,-5.97,-9.21,-0.04,25.92
BA,BELL BOEING JOINT PROJECT OFFICE,N0001924F0085,2025-08-27,0.0,Department of Defense,Department of the Navy,DELIVERY ORDER,2025-08-27,235.62,234.83,0.34,179.12,2025-11-24,62,-23.98,237.38,2025-09-02,3,0.75,32.53,,,,,,,,0.23,0.75,-2.07,-1.98,-6.63,-8.91,-6.09,-8.33,-15.08,-23.87,-2.45
NOC,NORTHROP GRUMMAN SYSTEMS CORPORATION,W31P4Q25F0017,2025-11-18,9656606.3,Department of Defense,Department of the Army,DELIVERY ORDER,2025-11-18,560.2045,556.5176,0.66,541.3857,2025-12-01,8,-3.36,764.6547,2026-03-02,69,36.5,41.24,31.0,36.0,38.0,46.0,62.0,,,-0.31,-0.01,0.47,0.97,-1.98,-2.45,-0.88,3.75,17.1,24.21,21.25
NOC,NORTHROP GRUMMAN SYSTEMS CORPORATION,HQ085624F0003,2026-01-15,990563.0,Department of Defense,Missile Defense Agency,DELIVERY ORDER,2026-01-15,649.6609,648.202,0.23,538.3207,2026-05-15,83,-17.14,764.6547,2026-03-02,30,17.7,42.04,8.0,22.0,30.0,,,,,1.88,1.46,2.8,3.69,5.75,6.4,7.1,17.7,4.21,4.23,-15.51
HON,HONEYWELL INTERNATIONAL INC.,N0038323FV62M,2026-03-09,0.0,Department of Defense,Department of the Navy,DELIVERY ORDER,2026-03-09,247.8148,245.4158,0.98,215.9203,2026-06-10,65,-12.87,250.9648,2026-03-10,1,1.27,16.23,,,,,,,,1.27,-1.76,-1.3,-3.23,-6.14,-6.09,-2.15,-6.47,-8.02,-5.51,-9.2
GD,"GENERAL DYNAMICS INFORMATION TECHNOLOGY, INC.",IND17PD00060,2025-09-24,15413.87,Department of the Interior,Departmental Offices,DELIVERY ORDER,2025-09-24,318.0097,317.597,0.13,318.0097,2025-09-24,0,0.0,364.0791,2026-01-16,79,14.49,14.49,4.0,70.0,,,,,,0.25,2.64,5.29,6.18,7.05,4.13,5.99,6.43,5.54,4.7,10.73
LMT,LOCKHEED MARTIN CORPORATION,0024,2025-12-05,-38413.92,Department of Defense,Defense Contract Management Agency,DELIVERY ORDER,2025-12-05,446.9037,443.0988,0.86,446.9037,2025-12-05,0,0.0,672.2988,2026-03-02,57,50.43,50.43,4.0,19.0,20.0,23.0,31.0,57.0,,2.91,3.48,6.2,5.5,4.85,6.82,9.88,29.64,39.03,45.61,31.65
HON,HONEYWELL INTERNATIONAL INC.,SPRHA126F0003,2025-10-27,1034240.79,Department of Defense,Defense Logistics Agency,DELIVERY ORDER,2025-10-27,209.1314,210.1719,-0.5,195.2672,2025-11-20,18,-6.63,258.7145,2026-03-02,85,23.71,32.49,54.0,59.0,68.0,72.0,,,,-0.31,-1.28,-2.43,-2.79,-3.27,-1.22,-5.2,-5.62,-3.18,9.91,18.5
NOC,NORTHROP GRUMMAN SYSTEMS CORPORATION,HQ085426FE016,2026-03-10,341998.64,Department of Defense,Missile Defense Agency,DELIVERY ORDER,2026-03-10,731.7594,744.0652,-1.65,496.02,2026-06-29,76,-32.22,733.0736,2026-03-12,2,0.18,47.79,,,,,,,,-0.24,-0.17,-1.49,-2.83,-7.19,-8.62,-6.04,-19.78,-24.92,-25.5,-28.4
BA,THE BOEING COMPANY,N6893625F5092,2025-11-03,250000.0,Department of Defense,Department of the Navy,DELIVERY ORDER,2025-11-03,204.55,201.02,1.76,179.12,2025-11-24,15,-12.43,252.15,2026-01-23,55,23.27,40.77,34.0,41.0,47.0,50.0,,,,-3.18,-3.94,-4.76,-4.42,-6.23,-12.15,-0.98,1.06,11.16,14.26,4.36
LMT,LOCKHEED MARTIN CORPORATION,N0003025C0100,2025-11-04,0.0,Department of Defense,Department of the Navy,DEFINITIVE CONTRACT,2025-11-04,475.6882,478.5915,-0.61,434.0461,2025-12-01,18,-8.75,672.2988,2026-03-02,79,41.33,54.89,41.0,45.0,47.0,49.0,59.0,,,-2.44,-5.49,-5.75,-6.01,-2.12,-6.99,-6.85,-1.36,12.8,32.14,32.9
LDOS,"LEIDOS, INC.",N6883625F7M5H,2025-10-30,3091324.2,Department of Defense,Department of the Navy,DELIVERY ORDER,2025-10-30,189.3473,186.6101,1.47,160.5633,2026-02-17,73,-15.2,197.9062,2025-11-04,3,4.52,23.26,,,,,,,,-0.24,4.52,2.01,3.12,0.21,-0.91,-1.31,-0.62,3.68,-1.43,-8.76
BAH,BOOZ ALLEN HAMILTON INC,47QFWA20F0023,2025-09-17,93939.12,General Services Administration,Federal Acquisition Service,DELIVERY ORDER,2025-09-17,99.404,99.6486,-0.25,78.7024,2025-11-20,46,-20.83,101.8113,2025-10-07,14,2.42,29.36,,,,,,,,-0.36,-1.76,-2.26,-2.46,1.0,2.42,-4.23,-18.46,-20.3,-6.48,-11.25
IBM,INTERNATIONAL BUSINESS MACHINES CORPORATION,49100424C0005,2026-02-20,985499.0,National Science Foundation,National Science Foundation,DEFINITIVE CONTRACT,2026-02-20,253.4629,252.5956,0.34,213.1113,2026-05-13,57,-15.92,326.8851,2026-06-02,70,28.97,53.39,68.0,68.0,68.0,69.0,,,,-13.15,-7.63,-6.59,-4.62,0.66,-3.69,-3.39,-4.05,-11.32,-12.74,12.13
LMT,LOCKHEED MARTIN CORPORATION,H9225423F2700,2026-02-04,0.0,Department of Defense,U.S. Special Operations Command,DELIVERY ORDER,2026-02-04,595.7003,620.9016,-4.06,503.2157,2026-05-08,65,-15.53,672.2988,2026-03-02,17,12.86,33.6,3.0,10.0,,,,,,1.07,5.89,4.3,8.27,10.58,7.42,12.04,6.32,2.35,-14.48,-10.97
LMT,LOCKHEED MARTIN CORPORATION,H9225426FE010,2026-03-27,145513.84,Department of Defense,U.S. Special Operations Command,DELIVERY ORDER,2026-03-27,611.8347,623.2499,-1.83,491.64,2026-06-24,60,-19.64,633.7512,2026-04-06,5,3.58,28.91,,,,,,,,-2.8,0.29,3.58,2.06,0.63,-3.84,-16.81,-16.82,-16.08,-19.64,-4.74
LMT,LOCKHEED MARTIN CORPORATION,N0002424F6220,2025-09-16,5002636.13,Department of Defense,Department of the Navy,DELIVERY ORDER,2025-09-16,465.2324,464.1829,0.23,434.0461,2025-12-01,53,-6.7,586.9539,2026-01-22,88,26.16,35.23,10.0,77.0,80.0,83.0,,,,-0.25,-0.29,2.6,2.11,5.25,8.42,5.29,2.41,0.08,-0.6,23.56
GD,"GENERAL DYNAMICS MISSION SYSTEMS, INC.",N0003024C1005,2025-10-23,0.0,Department of Defense,Department of the Navy,DEFINITIVE CONTRACT,2025-10-23,337.0547,333.8372,0.96,328.0535,2025-12-01,26,-2.67,364.0791,2026-01-16,58,8.02,10.98,50.0,,,,,,,2.71,1.52,0.93,0.11,-0.35,2.33,-0.34,-1.23,-0.3,7.25,6.05
BA,THE BOEING COMPANY,FA863422F0044,2026-01-30,1200000.0,Department of Defense,Department of the Air Force,DELIVERY ORDER,2026-01-30,233.72,234.04,-0.14,189.21,2026-03-30,40,-19.04,244.71,2026-02-09,6,4.7,29.33,,,,,,,,-0.3,0.95,3.98,3.8,3.95,-0.72,-4.11,-8.66,-10.15,-1.28,-10.58
LDOS,"LEIDOS, INC.",HT003825F0007,2025-09-30,26525215.4,Department of Defense,Defense Health Agency,DELIVERY ORDER,2025-09-30,187.4035,184.0811,1.8,179.3204,2025-12-31,64,-4.31,197.9062,2025-11-04,25,5.6,10.36,25.0,,,,,,,1.41,3.5,4.25,2.69,-0.89,0.81,-0.42,4.92,-0.28,-1.01,3.21
LDOS,"LEIDOS, INC.",N6264522F0010,2026-02-17,653993.46,Department of Defense,Department of the Navy,DELIVERY ORDER,2026-02-17,160.5633,175.2449,-8.38,100.0,2026-06-25,89,-37.72,179.5689,2026-03-03,10,11.84,79.57,1.0,9.0,,,,,,6.19,7.41,7.8,8.87,11.84,11.15,3.49,-3.48,-6.47,-22.94,-36.62
AVAV,"AEROVIRONMENT, INC.",W31P4Q20C0024,2025-09-15,0.0,Department of Defense,Department of the Army,DEFINITIVE CONTRACT,2025-09-15,251.04,243.0,3.31,229.1,2025-12-17,66,-8.74,409.83,2025-10-13,20,63.25,78.89,1.0,3.0,6.0,7.0,12.0,15.0,,5.91,12.9,14.75,20.11,22.96,49.24,59.99,51.42,12.99,12.1,22.59
BA,BELL BOEING JOINT PROJECT OFFICE,N0001921F0099,2025-12-05,1251133.99,Department of Defense,Department of the Navy,DELIVERY ORDER,2025-12-05,201.89,201.87,0.01,189.21,2026-03-30,77,-6.28,252.15,2026-01-23,32,24.89,33.26,10.0,18.0,23.0,25.0,,,,2.17,-1.57,1.23,2.39,6.04,7.21,12.99,23.86,17.02,9.99,10.64
NOC,NORTHROP GRUMMAN SYSTEMS CORPORATION,N0038324FWK00,2026-02-10,-11800.0,Department of Defense,Department of the Navy,DELIVERY ORDER,2026-02-10,679.8211,692.7427,-1.87,507.33,2026-06-22,90,-25.37,764.6547,2026-03-02,13,12.48,50.72,5.0,13.0,,,,,,-0.9,2.56,5.81,5.63,3.05,11.17,7.83,1.23,-1.47,-19.12,-25.37
LDOS,"LEIDOS, INC.",31310022F0113,2026-02-02,53000.0,Nuclear Regulatory Commission,Nuclear Regulatory Commission,BPA CALL,2026-02-02,186.9147,187.1532,-0.13,121.2617,2026-06-10,89,-35.12,193.5547,2026-02-10,6,3.55,59.62,,,,,,,,0.93,-1.04,3.48,-8.0,-14.1,-8.53,-6.03,-9.91,-14.36,-22.21,-34.92
CACI,"CACI NSS, LLC",FA855525FB006,2025-09-26,73387.11,Department of Defense,Department of the Air Force,DELIVERY ORDER,2025-09-26,485.59,476.24,1.96,485.59,2025-09-26,0,0.0,662.19,2026-01-23,81,36.37,36.37,3.0,19.0,19.0,19.0,77.0,,,0.51,6.09,9.19,8.31,5.1,6.72,19.18,21.35,26.08,13.26,23.22
NOC,NORTHROP GRUMMAN SYSTEMS CORPORATION,0002,2026-03-06,0.0,Department of Defense,Department of the Air Force,DELIVERY ORDER,2026-03-06,752.8167,736.7673,2.18,496.02,2026-06-29,78,-34.11,752.8167,2026-03-06,0,0.0,51.77,,,,,,,,-1.16,-3.04,-2.97,-4.25,-6.5,-8.48,-8.68,-13.11,-27.5,-28.72,-31.11
BA,THE BOEING COMPANY,W58RGZ22F0496,2026-01-12,0.0,Department of Defense,Defense Contract Management Agency,DELIVERY ORDER,2026-01-12,239.81,234.53,2.25,189.21,2026-03-30,53,-21.1,252.15,2026-01-23,8,5.15,33.26,8.0,,,,,,,1.98,3.31,3.83,4.84,1.98,-2.83,-1.48,-3.94,-14.1,-8.24,-8.42
LMT,LOCKHEED MARTIN CORPORATION,H9225418F2088,2025-09-23,-110550.58,Department of Defense,U.S. Special Operations Command,DELIVERY ORDER,2025-09-23,477.3458,471.1862,1.31,434.0461,2025-12-01,48,-9.07,628.551,2026-02-02,90,31.68,44.81,9.0,75.0,77.0,80.0,89.0,,,-0.09,0.16,2.58,2.61,5.01,3.53,0.1,-0.35,-7.04,-1.7,31.68
PSN,PARSONS GOVERNMENT SERVICES INC.,47QFCA23F0024,2026-01-29,15863711.92,General Services Administration,Federal Acquisition Service,DELIVERY ORDER,2026-01-29,70.9,71.71,-1.13,48.74,2026-05-11,70,-31.26,70.9,2026-01-29,0,0.0,45.47,,,,,,,,-1.18,-3.61,-4.77,-2.0,-11.61,-7.01,-4.29,-22.5,-20.48,-27.36,-17.48
CACI,"CACI TECHNOLOGIES, LLC",W56KGU25F0022,2026-03-20,2975422.9,Department of Defense,Department of the Army,DELIVERY ORDER,2026-03-20,606.38,612.93,-1.07,440.76,2026-07-21,83,-27.31,606.38,2026-03-20,0,0.0,37.58,,,,,,,,-2.82,-4.53,-7.04,-10.31,-5.68,-11.86,-14.51,-15.3,-17.36,-16.81,-21.28
HII,HUNTINGTON INGALLS INC,N0002416C2116,2026-03-25,2494100.0,Department of Defense,Department of the Navy,DEFINITIVE CONTRACT,2026-03-25,400.8288,400.3509,0.12,268.76,2026-07-21,80,-32.95,409.581,2026-04-08,9,2.18,52.4,,,,,,,,-4.41,-8.32,-2.3,1.27,0.2,-1.1,-10.75,-21.82,-23.12,-30.6,-19.4
LDOS,"LEIDOS, INC.",15JPSS23F00000160,2026-01-14,-618638.73,Department of Justice,"Offices, Boards and Divisions",BPA CALL,2026-01-14,189.6781,194.7873,-2.62,122.6069,2026-05-21,88,-35.36,193.5547,2026-02-10,18,2.04,57.87,,,,,,,,1.33,0.05,1.38,-0.69,-1.9,-1.25,-7.61,-8.24,-12.86,-17.21,-32.69
LMT,LOCKHEED MARTIN CORP,FA850421F0036,2025-09-24,-877619.54,Department of Defense,Defense Contract Management Agency,DELIVERY ORDER,2025-09-24,476.9339,477.3458,-0.09,434.0461,2025-12-01,47,-8.99,628.5509,2026-02-02,89,31.79,44.81,8.0,74.0,76.0,79.0,88.0,,,-0.39,1.18,2.62,3.75,5.71,3.89,0.37,-2.7,-6.6,-2.58,30.19
CACI,"CACI, INC. - FEDERAL",N6426724F3008,2026-01-30,1274300.0,Department of Defense,Department of the Navy,DELIVERY ORDER,2026-01-30,620.58,623.13,-0.41,480.99,2026-05-08,68,-22.49,637.27,2026-02-09,6,2.69,32.49,,,,,,,,-1.32,-2.5,-0.34,0.84,-7.62,-5.57,1.48,-2.45,-8.29,-18.03,-16.02
GD,"GENERAL DYNAMICS MISSION SYSTEMS, INC.",N0002424C6230,2025-11-24,1712473.0,Department of Defense,Department of the Navy,DEFINITIVE CONTRACT,2025-11-24,333.7286,335.9098,-0.65,328.0535,2025-12-01,4,-1.7,364.0791,2026-01-16,36,9.09,10.98,27.0,,,,,,,0.87,1.04,-0.69,1.06,-1.14,0.76,2.15,3.94,4.26,3.63,3.47
GD,"GENERAL DYNAMICS MISSION SYSTEMS, INC.",W900KK25FA003,2025-09-17,3100643.87,Department of Defense,Department of the Army,DELIVERY ORDER,2025-09-17,319.6409,320.7415,-0.34,317.0663,2025-09-22,3,-0.81,364.0791,2026-01-16,84,13.9,14.83,12.0,76.0,,,,,,-0.22,-0.81,-0.51,1.56,4.76,5.58,2.08,6.06,5.93,5.44,13.67
GD,"GENERAL DYNAMICS INFORMATION TECHNOLOGY, INC.",47QFMA25F0016,2026-03-18,3277254.91,General Services Administration,Federal Acquisition Service,DELIVERY ORDER,2026-03-18,350.1851,353.0887,-0.82,311.1606,2026-04-27,27,-11.14,393.19,2026-07-28,90,12.28,26.36,73.0,88.0,,,,,,-1.06,-1.7,-0.24,-1.87,-0.8,-0.95,-4.39,-2.11,-3.7,2.41,12.28
IBM,INTERNATIONAL BUSINESS MACHINES CORPORATION,1333BJ23F00285006,2025-08-12,-306000.0,Department of Commerce,U.S. Patent and Trademark Office,DELIVERY ORDER,2025-08-12,228.8214,230.3126,-0.65,228.8214,2025-08-12,0,0.0,308.6917,2025-11-12,65,34.91,34.91,16.0,19.0,28.0,32.0,52.0,,,2.26,2.11,2.77,1.97,3.35,2.87,9.47,13.95,19.59,30.67,28.68
NOC,NORTHROP GRUMMAN SYSTEMS CORP,FA811025F0003,2026-02-24,35122637.61,Department of Defense,Department of the Air Force,DELIVERY ORDER,2026-02-24,724.5411,722.2114,0.32,496.02,2026-06-29,86,-31.54,764.6547,2026-03-02,4,5.54,54.16,4.0,,,,,,,-3.31,-0.46,4.31,1.69,1.0,1.13,-5.02,-5.53,-21.34,-24.12,-24.4
LDOS,"LEIDOS, INC.",15JPSS25F00000189,2026-01-29,214199.11,Department of Justice,"Offices, Boards and Divisions",BPA CALL,2026-01-29,186.0698,186.6463,-0.31,122.3678,2026-06-08,89,-34.24,193.5547,2026-02-10,8,4.02,58.17,,,,,,,,0.58,1.39,-0.59,3.95,-8.41,-5.83,-4.16,-7.12,-14.6,-22.75,-33.85
HII,HUNTINGTON INGALLS INCORPORATED,N0002421C4205,2026-02-17,353586.0,Department of Defense,Department of the Navy,DEFINITIVE CONTRACT,2026-02-17,414.7372,415.6801,-0.23,278.19,2026-06-22,86,-32.92,451.7788,2026-03-02,9,8.93,62.4,2.0,,,,,,,1.69,4.72,7.16,6.02,5.71,3.13,2.75,-8.79,-11.92,-19.76,-32.01
LMT,LOCKHEED MARTIN CORPORATION,H9225423F2659,2026-01-15,988704.0,Department of Defense,U.S. Special Operations Command,DELIVERY ORDER,2026-01-15,571.1216,565.9924,0.91,503.2157,2026-05-08,78,-11.89,672.2988,2026-03-02,30,17.72,33.6,9.0,11.0,23.0,,,,,0.79,1.44,2.24,2.95,9.75,5.41,12.41,17.72,7.2,6.39,-7.61
CACI,"CACI, INC. - FEDERAL",FA807524F0060,2025-09-26,3494182.9,Department of Defense,Department of the Air Force,DELIVERY ORDER,2025-09-26,485.59,476.24,1.96,485.59,2025-09-26,0,0.0,662.19,2026-01-23,81,36.37,36.37,3.0,19.0,19.0,19.0,77.0,,,0.51,6.09,9.19,8.31,5.1,6.72,19.18,21.35,26.08,13.26,23.22
NOC,NORTHROP GRUMMAN SYSTEMS CORPORATION,SPE4AX24F5409,2025-12-19,0.0,Department of Defense,Defense Logistics Agency,DELIVERY ORDER,2025-12-19,564.1622,555.2898,1.6,564.1622,2025-12-19,0,0.0,764.6547,2026-03-02,47,35.54,35.54,9.0,14.0,17.0,25.0,47.0,,,2.85,2.44,1.64,0.31,7.41,10.71,17.94,21.34,25.46,26.03,0.26
WWD,WOODWARD HRT INC,N0038324CB060,2025-09-08,0.0,Department of Defense,Department of the Navy,DEFINITIVE CONTRACT,2025-09-08,240.2677,242.1724,-0.79,236.6678,2025-09-09,1,-1.5,335.4245,2026-01-15,90,39.6,41.73,17.0,34.0,56.0,56.0,74.0,,,-1.5,-0.4,-0.44,-1.43,-0.16,3.38,5.62,4.58,12.68,23.83,39.6
LDOS,"LEIDOS, INC.",FA701425F0238,2025-08-14,682194.62,Department of Defense,Department of the Air Force,DELIVERY ORDER,2025-08-14,176.5851,180.0586,-1.93,175.7835,2025-08-15,1,-0.45,197.9062,2025-11-04,57,12.07,12.59,24.0,36.0,,,,,,-0.45,0.17,1.12,1.78,1.64,0.08,2.63,3.85,3.63,10.63,4.72
LDOS,"LEIDOS, INC.",FA865022F1021,2026-02-10,1750000.0,Department of Defense,Department of the Air Force,DELIVERY ORDER,2026-02-10,193.5547,193.4155,0.07,104.84,2026-06-22,90,-45.83,193.5547,2026-02-10,0,0.0,84.62,,,,,,,,-11.15,-9.46,-11.91,-10.9,-12.75,-7.23,-10.74,-18.2,-19.44,-32.42,-45.83
LDOS,"LEIDOS, INC.",HC102826F0012,2026-01-26,-1397929.67,Department of Defense,Defense Information Systems Agency,DELIVERY ORDER,2026-01-26,188.366,190.0856,-0.9,122.6069,2026-05-21,81,-34.91,193.5547,2026-02-10,11,2.75,57.87,,,,,,,,-1.24,-1.22,-0.77,-0.56,2.68,-6.97,-10.35,-8.97,-17.73,-20.27,-34.1
LDOS,"LEIDOS, INC.",N0018925FZ737,2026-03-16,35000.0,Department of Defense,Department of the Navy,DELIVERY ORDER,2026-03-16,166.8606,172.8195,-3.45,100.0,2026-06-25,70,-40.07,168.3852,2026-03-17,1,0.91,68.39,,,,,,,,0.91,-0.9,-2.93,-5.12,-7.92,-4.77,-5.02,-12.72,-24.78,-27.33,-29.07
NOC,NORTHROP GRUMMAN SYSTEMS CORPORATION,FA861517C6047,2025-09-15,483757.0,Department of Defense,Department of the Air Force,DEFINITIVE CONTRACT,2025-09-15,567.8945,569.298,-0.25,541.3857,2025-12-01,54,-4.67,667.8622,2026-01-23,90,17.6,23.36,11.0,17.0,86.0,,,,,0.84,-0.14,0.28,2.04,3.39,6.09,9.12,3.73,-2.0,-3.77,17.6
LMT,LOCKHEED MARTIN CORPORATION,FA868224FB004,2026-03-19,0.0,Department of Defense,Department of the Air Force,DELIVERY ORDER,2026-03-19,633.3637,638.1027,-0.74,491.64,2026-06-24,66,-22.38,633.7512,2026-04-06,11,0.06,28.91,,,,,,,,-1.58,-4.29,-1.6,-6.11,-2.31,-2.14,-8.82,-19.57,-16.36,-16.26,-10.13
LMT,LOCKHEED MARTIN CORPORATION,W31P4Q20C0023,2025-09-29,-695134.08,Department of Defense,Department of the Army,DEFINITIVE CONTRACT,2025-09-29,482.5541,478.1011,0.93,434.0461,2025-12-01,44,-10.05,628.5509,2026-02-02,86,30.26,44.81,68.0,71.0,74.0,78.0,86.0,,,1.47,1.5,4.52,4.48,2.41,0.64,-1.26,-8.11,-9.51,-1.17,27.71
BAH,BOOZ ALLEN HAMILTON INC,FA807525F0024,2025-08-13,140436.0,Department of Defense,Department of the Air Force,DELIVERY ORDER,2025-08-13,108.7005,106.1687,2.38,78.7024,2025-11-20,70,-27.6,108.7005,2025-08-13,0,0.0,38.12,,,,,,,,-2.64,-1.85,-1.68,-1.04,-0.28,-3.9,-5.82,-12.2,-12.42,-22.97,-22.74
BAH,BOOZ ALLEN HAMILTON INC,FA807523F0046,2026-02-17,994035.79,Department of Defense,Department of the Air Force,DELIVERY ORDER,2026-02-17,75.8488,78.7272,-3.66,59.71,2026-06-25,89,-21.28,83.4516,2026-04-07,34,10.02,39.76,13.0,34.0,,,,,,2.45,1.03,-0.94,4.38,3.64,6.56,2.93,2.11,1.24,-6.32,-17.97
BAH,BOOZ ALLEN HAMILTON INC,FA248722FA002,2025-09-25,11083630.79,Department of Defense,Department of the Air Force,DELIVERY ORDER,2025-09-25,95.4407,97.1533,-1.76,78.7024,2025-11-20,40,-17.54,101.8113,2025-10-07,8,6.67,29.36,4.0,,,,,,,1.59,2.48,5.72,6.26,2.26,-1.21,-6.29,-12.26,-13.86,-12.01,-12.23
LDOS,"LEIDOS, INC.",N0016725F0078,2025-08-12,780000.0,Department of Defense,Department of the Navy,DELIVERY ORDER,2025-08-12,176.1695,175.2986,0.5,175.7835,2025-08-15,3,-0.22,197.9062,2025-11-04,59,12.34,12.59,26.0,37.0,,,,,,2.21,-0.22,0.4,1.36,2.43,1.61,3.99,5.5,5.03,9.82,2.23
LDOS,"LEIDOS, INC.",HC102822F0815,2025-12-15,0.0,Department of Defense,Defense Information Systems Agency,DELIVERY ORDER,2025-12-15,184.8372,188.1671,-1.77,143.7323,2026-04-27,90,-22.24,197.153,2026-01-09,17,6.66,37.17,13.0,,,,,,,-2.04,-2.56,0.05,0.37,-1.4,6.21,3.98,0.67,-6.7,-6.5,-22.24
LDOS,"LEIDOS, INC.",FA945122C0007,2026-01-05,50000.0,Department of Defense,Department of the Air Force,DEFINITIVE CONTRACT,2026-01-05,194.3201,182.372,6.55,123.7329,2026-05-13,89,-36.33,197.153,2026-01-09,4,1.46,59.34,,,,,,,,1.03,-0.14,0.06,-2.39,-2.34,-3.06,-3.61,-12.26,-11.32,-20.0,-35.62
BAH,BOOZ ALLEN HAMILTON INC,FA807525F0020,2025-09-08,300000.0,Department of Defense,Department of the Air Force,DELIVERY ORDER,2025-09-08,99.5116,100.2553,-0.74,78.7024,2025-11-20,53,-20.91,102.3789,2025-09-12,4,2.88,30.08,,,,,,,,1.41,2.11,-0.07,-0.11,-1.87,-2.57,2.31,-0.73,-14.15,-19.19,-3.88
LDOS,"LEIDOS, INC.",FA861222FB003,2025-12-11,0.0,Department of Defense,Department of the Air Force,DELIVERY ORDER,2025-12-11,188.9605,186.7588,1.18,147.0805,2026-04-23,90,-22.16,197.153,2026-01-09,19,4.34,34.04,,,,,,,,-0.42,-4.18,-4.69,-2.13,-2.23,-3.49,3.08,-1.55,-9.77,-8.8,-22.16
BA,THE BOEING COMPANY,FA811722F0096,2025-11-14,0.0,Department of Defense,Defense Contract Management Agency,DELIVERY ORDER,2025-11-14,194.52,194.58,-0.03,179.12,2025-11-24,6,-7.92,252.15,2026-01-23,46,29.63,40.77,11.0,24.0,32.0,37.0,,,,-1.39,-4.53,-7.62,-6.21,-4.14,3.79,6.27,12.33,29.25,23.05,-2.06
GE,GENERAL ELECTRIC COMPANY,SPRTA126F0755,2025-12-17,5981201.71,Department of Defense,Defense Logistics Agency,DELIVERY ORDER,2025-12-17,291.0589,297.5838,-2.19,272.9098,2026-03-30,69,-6.24,344.8073,2026-03-02,49,18.47,26.34,2.0,11.0,43.0,,,,,3.25,7.72,8.41,6.76,9.9,7.74,7.02,5.78,18.43,3.66,-2.69
HII,HUNTINGTON INGALLS INCORPORATED,N0002418C2307,2026-02-27,0.0,Department of Defense,Department of the Navy,DEFINITIVE CONTRACT,2026-02-27,442.6084,439.7209,0.66,277.39,2026-06-29,83,-37.33,451.7788,2026-03-02,1,2.07,62.87,,,,,,,,2.07,-1.68,-3.47,-6.08,-6.48,-5.87,-16.97,-11.26,-18.26,-27.8,-35.34
LDOS,"LEIDOS, INC.",DTFAWA16C00021,2025-12-02,444721.0,Department of Transportation,Federal Aviation Administration,DEFINITIVE CONTRACT,2025-12-02,185.5291,186.8679,-0.72,152.3419,2026-04-10,88,-17.89,197.153,2026-01-09,26,6.27,29.41,23.0,,,,,,,0.73,-0.13,-1.13,1.85,-2.4,-0.32,-1.7,3.6,3.4,-3.88,-16.12
LMT,LOCKHEED MARTIN CORPORATION,H9225423F2705,2025-12-10,-29130.46,Department of Defense,U.S. Special Operations Command,DELIVERY ORDER,2025-12-10,462.4593,461.4216,0.22,462.4593,2025-12-10,0,0.0,672.2988,2026-03-02,54,45.37,45.37,15.0,17.0,20.0,23.0,33.0,,,1.48,3.52,1.46,1.32,3.81,3.36,17.8,24.3,38.82,39.9,19.32
DE,DEERE & COMPANY,SPE8EC26F0377,2026-03-26,1873799.88,Department of Defense,Defense Logistics Agency,DELIVERY ORDER,2026-03-26,577.9969,574.8145,0.55,527.7521,2026-05-26,41,-8.69,639.84,2026-07-28,82,10.7,21.24,8.0,82.0,,,,,,-2.5,-2.79,-0.65,-0.6,4.4,0.81,-2.04,-0.8,-6.4,2.15,5.41
LDOS,"LEIDOS, INC.",W56KGY17F0005,2025-09-29,-188.64,Department of Defense,Department of the Army,DELIVERY ORDER,2025-09-29,184.0811,183.3769,0.38,179.3204,2025-12-31,65,-2.59,197.9062,2025-11-04,26,7.51,10.36,4.0,,,,,,,1.8,3.92,6.7,6.8,0.18,-0.59,1.19,6.07,0.79,0.61,4.21
BA,THE BOEING COMPANY,SPRPA126FDU0Q,2026-02-18,0.0,Department of Defense,Defense Logistics Agency,DELIVERY ORDER,2026-02-18,238.93,244.04,-2.09,189.21,2026-03-30,28,-20.81,240.6,2026-05-13,59,0.7,27.16,,,,,,,,-2.18,-3.55,-3.59,-4.77,-4.86,-8.86,-15.8,-13.23,-2.0,-4.07,-10.15
NOC,NORTHROP GRUMMAN SYSTEMS CORPORATION,L606,2025-10-16,0.0,Department of Defense,Defense Contract Management Agency,DELIVERY ORDER,2025-10-16,592.0518,601.8867,-1.63,541.3857,2025-12-01,31,-8.56,731.299,2026-02-19,85,23.52,35.08,59.0,63.0,70.0,84.0,,,,-0.75,0.06,1.13,-0.51,-3.4,-4.75,-6.84,-4.46,-4.71,4.85,19.55
BAH,BOOZ ALLEN HAMILTON INC,47QFCA24F0037,2026-01-21,8840048.0,General Services Administration,Federal Acquisition Service,DELIVERY ORDER,2026-01-21,94.1376,92.0592,2.26,71.0549,2026-05-13,78,-24.52,100.6977,2026-01-23,2,6.97,41.72,2.0,,,,,,,0.2,-1.72,-4.68,-7.48,-11.02,-5.88,-18.59,-15.86,-15.31,-13.79,-11.38
LMT,LOCKHEED MARTIN CORPORATION,H9225426FE031,2026-02-13,258094.0,Department of Defense,U.S. Special Operations Command,DELIVERY ORDER,2026-02-13,644.9368,629.9642,2.38,491.64,2026-06-24,89,-23.77,672.2988,2026-03-02,10,4.24,36.75,,,,,,,,-0.46,2.13,1.23,-0.78,4.24,3.48,-1.98,-7.79,-11.89,-19.74,-21.69
LMT,LOCKHEED MARTIN CORPORATION,H9225425F2900,2026-03-31,2042191.0,Department of Defense,U.S. Special Operations Command,DELIVERY ORDER,2026-03-31,600.4591,594.6769,0.97,491.64,2026-06-24,58,-18.12,633.7512,2026-04-06,3,5.54,28.91,3.0,,,,,,,2.19,5.54,3.99,1.54,1.11,-5.37,-14.3,-13.97,-13.56,-15.5,0.45
GD,"GENERAL DYNAMICS MISSION SYSTEMS, INC.",N6134023C0007,2026-03-17,2372646.0,Department of Defense,Department of the Navy,DEFINITIVE CONTRACT,2026-03-17,353.0887,351.1761,0.54,311.1606,2026-04-27,28,-11.87,389.14,2026-07-27,90,10.21,25.06,74.0,90.0,,,,,,-0.82,-2.95,-2.82,-0.28,-3.67,-2.21,-5.56,-4.49,-4.2,1.19,10.21
ACN,ACCENTURE FEDERAL SERVICES LLC,47QFRA21F0029,2025-08-26,1430650.0,General Services Administration,Federal Acquisition Service,DELIVERY ORDER,2025-08-26,250.263,250.8802,-0.25,227.8645,2025-09-25,21,-8.95,269.1145,2025-12-15,77,7.53,18.1,69.0,,,,,,,0.67,1.78,-0.5,-0.18,-4.82,-7.29,-8.95,-0.96,-3.0,-5.61,3.35
GD,"GENERAL DYNAMICS INFORMATION TECHNOLOGY, INC.",70SBUR21F00000089,2026-03-17,0.0,Department of Homeland Security,U.S. Citizenship and Immigration Services,DELIVERY ORDER,2026-03-17,353.0887,351.1761,0.54,311.1606,2026-04-27,28,-11.87,389.14,2026-07-27,90,10.21,25.06,74.0,90.0,,,,,,-0.82,-2.95,-2.82,-0.28,-3.67,-2.21,-5.56,-4.49,-4.2,1.19,10.21
LMT,LOCKHEED MARTIN CORPORATION,FA854026FB004,2025-12-10,17731627.69,Department of Defense,Department of the Air Force,DELIVERY ORDER,2025-12-10,462.4593,461.4216,0.22,462.4593,2025-12-10,0,0.0,672.2988,2026-03-02,54,45.37,45.37,15.0,17.0,20.0,23.0,33.0,,,1.48,3.52,1.46,1.32,3.81,3.36,17.8,24.3,38.82,39.9,19.32
BAH,BOOZ ALLEN HAMILTON INC,70B04C25F00001171,2025-09-29,2558712.8,Department of Homeland Security,U.S. Customs and Border Protection,BPA CALL,2025-09-29,96.7716,96.9575,-0.19,78.7024,2025-11-20,38,-18.67,101.8113,2025-10-07,6,5.21,29.36,4.0,,,,,,,1.07,4.27,4.8,4.09,-2.63,-0.86,-13.48,-11.72,-16.9,-13.84,-9.4
BA,THE BOEING COMPANY,NAS1510000,2026-02-24,0.0,National Aeronautics and Space Administration,National Aeronautics and Space Administration,DEFINITIVE CONTRACT,2026-02-24,233.39,230.44,1.28,189.21,2026-03-30,24,-18.93,240.6,2026-05-13,55,3.09,27.16,,,,,,,,-1.3,-2.51,-3.97,-4.85,-6.7,-8.54,-14.47,-6.68,-3.98,-4.79,0.49
BA,THE BOEING COMPANY,SPRPA126FDU0Q,2025-11-05,1207655.0,Department of Defense,Defense Logistics Agency,DELIVERY ORDER,2025-11-05,197.62,198.05,-0.22,179.12,2025-11-24,13,-9.36,252.15,2026-01-23,53,27.59,40.77,30.0,34.0,39.0,45.0,,,,-0.57,-1.42,-1.07,-1.57,-6.03,-7.68,2.16,5.39,21.35,17.98,4.24
BAH,BOOZ ALLEN HAMILTON INC,75N98122F00001,2025-11-14,418000.0,Department of Health and Human Services,National Institutes of Health,DELIVERY ORDER,2025-11-14,81.6673,82.4061,-0.9,73.705,2026-02-23,66,-9.75,100.6977,2026-01-23,46,23.3,36.62,13.0,15.0,37.0,46.0,,,,-1.51,-2.99,-2.57,0.89,-0.57,6.15,3.0,2.7,15.5,-6.01,-4.61
ACN,ACCENTURE FEDERAL SERVICES LLC,2032H522F00006,2025-08-19,1526098.66,Department of the Treasury,Internal Revenue Service,DELIVERY ORDER,2025-08-19,250.7137,244.0999,2.71,227.8645,2025-09-25,26,-9.11,269.1145,2025-12-15,82,7.34,18.1,74.0,,,,,,,-0.32,1.31,-0.18,0.11,-0.68,-1.52,-6.38,-4.76,-2.63,-3.65,5.94
GD,"GENERAL DYNAMICS INFORMATION TECHNOLOGY, INC.",89303020FCF000013,2026-01-30,870000.0,Department of Energy,Department of Energy,BPA CALL,2026-01-30,347.9355,346.8057,0.33,311.1606,2026-04-27,59,-10.57,362.8304,2026-03-04,22,4.28,16.61,,,,,,,,-1.34,0.65,2.56,2.2,-0.98,0.09,3.88,0.93,-0.76,-10.24,-2.4
CACI,"CACI, INC. - FEDERAL",N0016422F3000,2025-09-25,226812.0,Department of Defense,Department of the Navy,DELIVERY ORDER,2025-09-25,476.24,497.23,-4.22,476.24,2025-09-25,0,0.0,662.19,2026-01-23,82,39.05,39.05,4.0,6.0,20.0,20.0,77.0,,,1.96,4.73,8.99,11.08,7.36,8.58,22.95,22.71,29.58,16.88,27.05
BAH,BOOZ ALLEN HAMILTON INC,47QFCA20F0028,2026-02-19,-50876.59,General Services Administration,Federal Acquisition Service,DELIVERY ORDER,2026-02-19,79.3425,77.7049,2.11,59.71,2026-06-25,87,-24.74,83.4516,2026-04-07,32,5.18,39.76,32.0,,,,,,,-3.42,-5.3,-0.21,-2.66,-0.18,-5.0,0.01,3.99,-1.5,-9.09,-23.53
CACI,"CACI ENTERPRISE SOLUTIONS, LLC",SP470922F0028,2026-01-23,12566493.94,Department of Defense,Defense Logistics Agency,DELIVERY ORDER,2026-01-23,662.19,655.46,1.03,480.99,2026-05-08,73,-27.36,662.19,2026-01-23,0,0.0,37.67,,,,,,,,-2.93,-3.62,-6.28,-6.55,-6.6,-15.22,-11.5,-4.38,-15.66,-21.72,-20.25
LDOS,"LEIDOS, INC.",HC102821F0082,2026-01-27,54511.5,Department of Defense,Defense Information Systems Agency,DELIVERY ORDER,2026-01-27,186.03,188.3659,-1.24,122.6069,2026-05-21,80,-34.09,193.5547,2026-02-10,10,4.04,57.87,,,,,,,,0.33,0.6,1.41,-0.57,4.04,-13.69,-6.03,-7.36,-16.43,-20.94,-33.35
CACI,"CACI, INC. - FEDERAL",N0016721F3015,2026-01-05,-127507.98,Department of Defense,Department of the Navy,DELIVERY ORDER,2026-01-05,568.63,537.41,5.81,480.99,2026-05-08,86,-15.41,662.19,2026-01-23,13,16.45,37.67,4.0,8.0,12.0,,,,,-1.62,2.72,6.36,7.51,10.64,13.04,6.41,-0.29,6.29,-1.32,-11.33
IBM,INTERNATIONAL BUSINESS MACHINES CORPORATION,W519TC24F0513,2026-03-26,659593.5,Department of Defense,Department of the Army,DELIVERY ORDER,2026-03-26,238.1956,237.9196,0.12,204.3044,2026-07-22,80,-14.23,326.8851,2026-06-02,46,37.23,60.0,17.0,43.0,44.0,44.0,45.0,,,-2.21,0.3,2.69,1.41,-4.51,3.86,-5.64,-4.23,33.56,10.44,-1.66
BAH,BOOZ ALLEN HAMILTON INC,205AE924F00030,2025-08-12,600523.83,Department of the Treasury,Internal Revenue Service,BPA CALL,2025-08-12,106.1687,106.3148,-0.14,78.7024,2025-11-20,71,-25.87,108.7005,2025-08-13,1,2.38,38.12,,,,,,,,2.38,0.76,1.06,0.44,1.64,1.46,-4.29,-8.49,-11.19,-20.17,-20.2
LMT,LOCKHEED MARTIN CORPORATION,HQ085224F0005,2026-01-29,25890.0,Department of Defense,Missile Defense Agency,DELIVERY ORDER,2026-01-29,615.2189,590.2746,4.23,503.2157,2026-05-08,69,-18.21,672.2988,2026-03-02,21,9.28,33.6,14.0,,,,,,,1.88,0.92,-2.14,2.53,2.4,7.07,9.28,4.32,3.01,-17.1,-13.83
BA,THE BOEING COMPANY,FA863421C2702,2026-04-01,0.0,Department of Defense,Department of the Air Force,DEFINITIVE CONTRACT,2026-04-01,207.32,199.03,4.17,204.8,2026-07-21,75,-1.22,240.6,2026-05-13,29,16.05,17.48,4.0,14.0,29.0,,,,,0.43,1.29,6.15,7.15,5.58,11.56,9.68,10.56,3.92,3.55,12.5
CAT,CATERPILLAR INC,SPE8EC25F0183,2025-10-09,184164.0,Department of Defense,Defense Logistics Agency,DELIVERY ORDER,2025-10-09,495.8961,497.6404,-0.35,486.917,2025-10-10,1,-1.81,772.095,2026-02-11,85,55.7,58.57,3.0,14.0,14.0,39.0,71.0,85.0,,-1.81,5.42,8.11,6.46,4.32,17.35,12.86,9.46,19.84,24.89,52.79
ACN,ACCENTURE FEDERAL SERVICES LLC,15F06725C0001085,2026-03-26,591673.16,Department of Justice,Federal Bureau of Investigation,DEFINITIVE CONTRACT,2026-03-26,192.4542,188.4076,2.15,122.9615,2026-06-30,65,-36.11,197.265,2026-04-02,5,2.5,60.43,,,,,,,,-1.94,0.95,2.5,0.45,-7.82,-0.39,-9.14,-7.37,0.94,-34.79,-11.29
GD,"GENERAL DYNAMICS MISSION SYSTEMS, INC.",N0002424C6240,2026-01-26,2325000.0,Department of Defense,Department of the Navy,DEFINITIVE CONTRACT,2026-01-26,360.2736,360.006,0.07,311.1606,2026-04-27,63,-13.63,363.3259,2026-01-27,1,0.85,16.76,,,,,,,,0.85,-3.74,-4.72,-2.8,-0.95,-4.37,-5.61,-2.19,-5.59,-11.36,-5.63
ACN,ACCENTURE FEDERAL SERVICES LLC,15JPSS22C00000042,2025-09-19,325209.45,Department of Justice,"Offices, Boards and Divisions",DEFINITIVE CONTRACT,2025-09-19,234.8604,234.7134,0.06,227.8645,2025-09-25,4,-2.98,282.7143,2026-01-14,80,20.38,24.07,13.0,52.0,74.0,80.0,,,,0.12,-0.26,-0.3,2.88,2.34,5.15,1.03,4.34,5.07,14.58,8.98
HON,HONEYWELL INTERNATIONAL INC.,SPRPA125FE80V,2025-09-30,3978185.0,Department of Defense,Defense Logistics Agency,DELIVERY ORDER,2025-09-30,204.6876,203.5013,0.58,195.2672,2025-11-20,37,-4.6,248.9258,2026-02-09,90,21.61,27.48,70.0,75.0,83.0,89.0,,,,-0.15,-0.69,-0.72,-2.98,-0.9,-2.12,1.14,1.01,-1.9,-0.15,21.61
NOC,NORTHROP GRUMMAN SYSTEMS CORPORATION,NNM07AA75C,2025-11-10,125463.0,National Aeronautics and Space Administration,National Aeronautics and Space Administration,DEFINITIVE CONTRACT,2025-11-10,556.4682,562.0331,-0.99,541.3857,2025-12-01,14,-2.71,764.6547,2026-03-02,75,37.41,41.24,37.0,41.0,44.0,50.0,68.0,,,0.67,-0.88,0.01,0.36,0.46,-2.71,-0.95,3.45,16.75,26.47,21.66
GD,"GENERAL DYNAMICS INFORMATION TECHNOLOGY, INC.",19AQMM18C0185,2025-09-29,-60.95,Department of State,Department of State,DEFINITIVE CONTRACT,2025-09-29,326.4115,324.6132,0.55,326.2868,2025-10-16,13,-0.04,364.0791,2026-01-16,76,11.54,11.58,19.0,74.0,,,,,,2.66,2.67,4.31,4.3,1.11,0.13,4.83,5.68,1.54,3.97,9.32
CACI,"CACI, INC. - FEDERAL",80TECH24CA002,2025-09-11,8770321.88,National Aeronautics and Space Administration,National Aeronautics and Space Administration,DEFINITIVE CONTRACT,2025-09-11,493.12,486.24,1.41,476.24,2025-09-25,10,-3.42,635.4,2026-01-16,88,28.85,33.42,15.0,30.0,30.0,42.0,,,,0.58,-0.35,0.69,1.75,-3.42,4.47,3.49,18.55,19.1,20.79,28.28
HII,HUNTINGTON INGALLS INCORPORATED,N6931619F7001,2025-09-22,-298902.0,Department of Defense,Department of the Navy,DELIVERY ORDER,2025-09-22,272.9123,271.8944,0.37,268.06,2025-09-25,3,-1.78,424.6631,2026-01-29,89,55.6,58.42,12.0,28.0,28.0,63.0,72.0,79.0,,-0.05,-1.78,1.22,3.57,4.46,2.47,4.12,14.98,12.22,18.86,52.94
HII,HUNTINGTON INGALLS INCORPORATED,N0002413C2307,2025-12-09,0.0,Department of Defense,Department of the Navy,DEFINITIVE CONTRACT,2025-12-09,312.6187,313.5418,-0.29,312.6187,2025-12-09,0,0.0,451.7788,2026-03-02,55,44.51,44.51,8.0,9.0,17.0,20.0,23.0,,,2.6,3.8,3.76,2.44,12.56,8.58,22.87,32.9,32.97,36.82,20.46
BA,THE BOEING COMPANY,N0001924C0025,2025-12-10,466256878.0,Department of Defense,Department of the Navy,DEFINITIVE CONTRACT,2025-12-10,198.72,200.37,-0.82,189.21,2026-03-30,74,-4.79,252.15,2026-01-23,29,26.89,33.26,7.0,15.0,17.0,21.0,,,,1.0,3.41,3.83,7.73,9.78,9.26,20.68,25.02,22.81,9.58,16.38
CACI,"CACI, INC. - FEDERAL",N3904025F3001,2025-09-29,534271.0,Department of Defense,Department of the Navy,DELIVERY ORDER,2025-09-29,488.06,485.59,0.51,488.06,2025-09-29,0,0.0,662.19,2026-01-23,80,35.68,35.68,2.0,18.0,18.0,27.0,76.0,,,2.2,6.35,8.39,7.92,4.1,5.69,17.3,21.27,24.24,11.57,26.73
PSN,PARSONS GOVERNMENT SERVICES INC.,W56KGU19F0016,2026-03-04,-1168.74,Department of Defense,Department of the Army,DELIVERY ORDER,2026-03-04,66.03,66.66,-0.95,47.05,2026-06-25,78,-28.74,66.03,2026-03-04,0,0.0,40.34,,,,,,,,-0.88,-5.27,-11.07,-16.78,-22.6,-23.63,-14.71,-15.16,-22.43,-10.5,-18.17
LMT,LOCKHEED MARTIN CORPORATION,W31P4Q19C0071,2026-02-11,0.0,Department of Defense,Department of the Army,DEFINITIVE CONTRACT,2026-02-11,621.3364,622.1864,-0.14,493.6,2026-06-22,89,-20.56,672.2988,2026-03-02,12,8.2,36.2,5.0,,,,,,,1.39,3.32,6.01,5.08,2.06,6.25,3.29,0.31,-5.31,-19.01,-18.94
BA,THE BOEING COMPANY,N0001914C0067,2025-12-17,0.0,Department of Defense,Defense Contract Management Agency,DEFINITIVE CONTRACT,2025-12-17,206.33,206.71,-0.18,189.21,2026-03-30,69,-8.3,252.15,2026-01-23,24,22.21,33.26,3.0,10.0,16.0,19.0,,,,0.94,5.09,5.73,5.29,10.39,10.2,20.68,12.94,13.11,2.18,8.62
LMT,LOCKHEED MARTIN CORP,FA855324F0017,2025-09-03,0.0,Department of Defense,Department of the Air Force,DELIVERY ORDER,2025-09-03,440.4564,443.8305,-0.76,434.0461,2025-12-01,62,-1.46,544.7837,2026-01-12,90,23.69,25.51,8.0,19.0,86.0,89.0,,,,1.73,2.24,3.3,4.95,5.36,8.38,11.2,11.21,5.36,1.14,23.69
NOC,NORTHROP GRUMMAN SYSTEMS CORPORATION,N0003022C1013,2026-03-04,1970218.97,Department of Defense,Department of the Navy,DEFINITIVE CONTRACT,2026-03-04,750.5368,755.7836,-0.69,496.02,2026-06-29,80,-33.91,752.8167,2026-03-06,2,0.3,51.77,,,,,,,,-1.83,-0.86,-2.74,-2.67,-3.85,-9.51,-6.81,-10.75,-26.74,-25.23,-29.56
NOC,NORTHROP GRUMMAN SYSTEMS CORPORATION,FA873022C8510,2025-12-17,500000.0,Department of Defense,Department of the Air Force,DEFINITIVE CONTRACT,2025-12-17,559.9244,564.4202,-0.8,555.2898,2025-12-18,1,-0.83,764.6547,2026-03-02,49,36.56,37.7,11.0,16.0,18.0,26.0,42.0,,,-0.83,3.63,3.22,2.41,3.81,4.71,16.5,21.42,29.4,28.74,1.78
BA,THE BOEING COMPANY,0005,2026-03-03,0.0,Department of Defense,Defense Contract Management Agency,DELIVERY ORDER,2026-03-03,224.12,229.74,-2.45,189.21,2026-03-30,19,-15.58,240.6,2026-05-13,50,7.35,27.16,47.0,,,,,,,1.42,3.12,-2.84,-8.64,-5.93,-11.47,-7.5,-0.08,2.59,2.08,-3.84
BA,THE BOEING COMPANY,N6833522F0470,2026-03-10,0.0,Department of Defense,Department of the Navy,DELIVERY ORDER,2026-03-10,217.76,225.0,-3.22,189.21,2026-03-30,14,-13.11,240.6,2026-05-13,45,10.49,27.16,30.0,45.0,,,,,,-1.68,-3.61,-3.19,-7.61,-9.8,-13.11,1.06,6.21,10.49,-0.16,-3.8
PSN,PARSONS GOVERNMENT SERVICES INC.,70B01C20F00000722,2025-08-21,0.0,Department of Homeland Security,U.S. Customs and Border Protection,DELIVERY ORDER,2025-08-21,78.63,77.93,0.9,60.2,2025-12-17,82,-23.44,89.29,2025-10-08,33,13.56,48.32,18.0,29.0,,,,,,1.51,1.63,1.62,2.58,-3.79,-3.22,3.43,11.26,7.03,5.09,-20.83
ACN,ACCENTURE FEDERAL SERVICES LLC,EDFSA15C0006,2025-08-22,-2516514.0,Department of Education,Department of Education,DEFINITIVE CONTRACT,2025-08-22,253.9862,248.8618,2.06,227.8645,2025-09-25,23,-10.28,269.1145,2025-12-15,79,5.96,18.1,71.0,,,,,,,-1.22,-0.81,0.29,-1.96,-1.41,-7.98,-9.15,-4.26,-3.26,-6.9,3.5
GD,"GENERAL DYNAMICS INFORMATION TECHNOLOGY, INC.",68HERC26F0013,2026-02-27,0.0,Environmental Protection Agency,Environmental Protection Agency,DELIVERY ORDER,2026-02-27,353.8419,347.5688,1.8,311.1606,2026-04-27,40,-12.06,376.88,2026-07-06,87,6.51,21.12,86.0,,,,,,,2.16,2.54,1.8,-0.41,-1.55,-2.08,-4.55,-4.12,-1.78,-3.03,5.87
LMT,LOCKHEED MARTIN CORPORATION,FA861123F0007,2026-02-24,23367889.77,Department of Defense,Department of the Air Force,DELIVERY ORDER,2026-02-24,656.6479,652.8826,0.58,491.64,2026-06-24,83,-25.13,672.2988,2026-03-02,4,2.38,36.75,,,,,,,,-2.55,-0.96,1.04,-0.9,-1.47,-2.38,-5.56,-4.91,-22.87,-20.93,-18.07
BA,THE BOEING COMPANY,SPRRA124F0063,2025-10-03,-155927.3,Department of Defense,Defense Logistics Agency,DELIVERY ORDER,2025-10-03,216.3,217.43,-0.52,179.12,2025-11-24,36,-17.19,252.15,2026-01-23,76,16.57,40.77,62.0,68.0,73.0,,,,,1.59,4.17,-2.58,-0.92,-1.55,0.68,-5.43,-10.07,-4.64,1.02,10.66
AVAV,"AEROVIRONMENT, INC",W91CRB25F0148,2026-01-28,127971.88,Department of Defense,Department of the Army,DELIVERY ORDER,2026-01-28,306.94,309.57,-0.85,158.0,2026-05-15,75,-48.52,306.94,2026-01-28,0,0.0,94.27,,,,,,,,-4.47,-12.04,-16.17,-16.21,-20.69,-13.51,-17.82,-30.97,-39.94,-36.05,-39.83
BAH,BOOZ ALLEN HAMILTON INC,47QFLA21F0126,2025-12-04,49531.08,General Services Administration,Federal Acquisition Service,DELIVERY ORDER,2025-12-04,86.3363,81.2536,6.26,73.705,2026-02-23,53,-14.63,100.6977,2026-01-23,33,16.63,36.62,4.0,25.0,33.0,,,,,0.41,3.29,7.68,4.81,-1.87,-2.85,2.73,6.63,2.62,-9.93,-4.94
ACN,ACCENTURE FEDERAL SERVICES LLC,FA714624F0002,2025-09-23,79000.0,Department of Defense,Department of the Air Force,DELIVERY ORDER,2025-09-23,230.7451,235.1445,-1.87,227.8645,2025-09-25,2,-1.25,282.7143,2026-01-14,78,22.52,24.07,9.0,49.0,50.0,78.0,,,,1.52,1.47,4.71,3.75,6.68,3.42,5.79,3.14,5.83,16.24,13.29
BAH,BOOZ ALLEN HAMILTON INC,693JJ624F00014N,2025-09-26,-144751.3,Department of Transportation,Federal Railroad Administration,BPA CALL,2025-09-26,96.9575,95.4407,1.59,78.7024,2025-11-20,39,-18.83,101.8113,2025-10-07,7,5.01,29.36,7.0,,,,,,,-0.19,3.55,4.99,5.01,-1.96,-1.82,-12.67,-11.74,-16.25,-12.13,-14.13
ACN,ACCENTURE FEDERAL SERVICES LLC,SP470922F0068,2025-10-22,1124050.59,Department of Defense,Defense Logistics Agency,DELIVERY ORDER,2025-10-22,244.1098,245.4521,-0.55,187.6335,2026-02-25,85,-23.14,282.7142,2026-01-14,57,15.81,50.67,29.0,37.0,57.0,,,,,0.27,0.65,-0.56,0.39,-0.53,-2.64,-3.35,8.11,8.81,9.46,-15.71
NOC,NORTHROP GRUMMAN SYSTEMS CORPORATION,FA229124FB011,2026-01-29,4882000.0,Department of Defense,Department of the Air Force,DELIVERY ORDER,2026-01-29,690.0928,683.9199,0.9,526.06,2026-06-03,86,-23.77,764.6547,2026-03-02,21,10.8,45.36,14.0,21.0,,,,,,-0.44,1.38,0.17,0.38,-0.04,5.97,10.8,5.85,0.38,-17.0,-20.49
LMT,LOCKHEED MARTIN CORPORATION,N0002413C5116,2025-11-12,0.0,Department of Defense,Department of the Navy,DEFINITIVE CONTRACT,2025-11-12,448.2835,448.313,-0.01,434.0461,2025-12-01,12,-3.18,672.2988,2026-03-02,73,49.97,54.89,21.0,35.0,36.0,40.0,47.0,,,-0.26,3.01,2.82,0.82,-0.63,-1.5,5.88,6.49,27.0,38.79,38.34
LMT,LOCKHEED MARTIN CORPORATION,FA239124CB040,2025-12-16,200000.0,Department of Defense,Department of the Air Force,DEFINITIVE CONTRACT,2025-12-16,471.4725,478.7463,-1.52,464.6335,2025-12-18,2,-1.45,672.2988,2026-03-02,50,42.6,44.69,12.0,16.0,17.0,19.0,29.0,,,-0.48,-0.61,1.15,1.25,1.39,4.15,22.09,32.94,38.48,35.96,7.95
NOC,NORTHROP GRUMMAN SYSTEMS CORPORATION,W58RGZ24F0172,2025-12-18,0.0,Department of Defense,Department of the Army,DELIVERY ORDER,2025-12-18,555.2898,559.9244,-0.83,555.2898,2025-12-18,0,0.0,764.6547,2026-03-02,48,37.7,37.7,10.0,14.0,17.0,23.0,41.0,,,1.6,3.67,3.19,2.69,9.26,10.6,18.7,26.0,26.16,29.96,3.9
GE,GENERAL ELECTRIC COMPANY,FA860426FB007,2026-03-11,2569816.8,Department of Defense,Department of the Air Force,DELIVERY ORDER,2026-03-11,324.7452,326.1135,-0.42,272.9098,2026-03-30,13,-15.96,378.68,2026-07-06,79,16.61,38.76,66.0,72.0,77.0,,,,,-5.67,-6.5,-7.44,-11.8,-8.79,-12.73,-5.17,-13.17,-10.34,0.88,4.91
NOC,NORTHROP GRUMMAN SYSTEMS CORPORATION,N0038324FBH00,2026-02-24,-72096.0,Department of Defense,Department of the Navy,DELIVERY ORDER,2026-02-24,724.5411,722.2114,0.32,496.02,2026-06-29,86,-31.54,764.6547,2026-03-02,4,5.54,54.16,4.0,,,,,,,-3.31,-0.46,4.31,1.69,1.0,1.13,-5.02,-5.53,-21.34,-24.12,-24.4
KTOS,"KRATOS UNMANNED AERIAL SYSTEMS, INC",FA867824FB006,2025-08-26,0.0,Department of Defense,Department of the Air Force,DELIVERY ORDER,2025-08-26,68.05,66.9,1.72,63.59,2025-09-04,6,-6.55,105.67,2025-10-08,30,55.28,66.17,14.0,14.0,16.0,19.0,24.0,29.0,,-0.19,-3.25,-5.22,-4.76,-3.51,12.2,23.73,55.28,34.03,3.85,32.15
GD,"GENERAL DYNAMICS MISSION SYSTEMS, INC.",N0003020C0003,2025-09-22,0.0,Department of Defense,Department of the Navy,DEFINITIVE CONTRACT,2025-09-22,317.0663,318.4617,-0.44,317.0663,2025-09-22,0,0.0,364.0791,2026-01-16,81,14.83,14.83,6.0,25.0,,,,,,0.17,0.55,2.95,5.61,7.39,3.64,6.05,6.42,5.26,5.06,9.74
LDOS,"LEIDOS, INC.",N0003925F7480,2025-10-31,357200.81,Department of Defense,Department of the Navy,DELIVERY ORDER,2025-10-31,188.901,189.3473,-0.24,160.5633,2026-02-17,72,-15.0,197.9062,2025-11-04,2,4.77,23.26,,,,,,,,1.35,2.42,3.42,4.08,0.49,-2.53,-1.79,-2.15,3.46,-1.5,-8.51
BAH,BOOZ ALLEN HAMILTON INC,FA875025CB059,2025-08-14,0.0,Department of Defense,Department of the Air Force,DEFINITIVE CONTRACT,2025-08-14,105.8332,108.7005,-2.64,78.7024,2025-11-20,69,-25.64,108.3971,2025-08-27,9,2.42,37.73,,,,,,,,1.08,1.38,0.76,1.19,0.06,-4.58,-6.04,-8.39,-9.35,-19.14,-19.5
BA,THE BOEING COMPANY,80MSFC20C0052,2026-01-20,0.0,National Aeronautics and Space Administration,National Aeronautics and Space Administration,DEFINITIVE CONTRACT,2026-01-20,249.0,247.68,0.53,189.21,2026-03-30,48,-24.01,252.15,2026-01-23,3,1.27,33.26,,,,,,,,0.43,1.27,-1.78,-6.01,-6.37,-1.72,-6.14,-8.71,-19.84,-12.1,-7.17
HII,HUNTINGTON INGALLS INCORPORATED,N0002422C2300,2025-12-12,0.0,Department of Defense,Department of the Navy,DEFINITIVE CONTRACT,2025-12-12,324.5001,324.3016,0.06,318.9118,2025-12-17,3,-1.72,451.7788,2026-03-02,52,39.22,41.66,6.0,14.0,17.0,19.0,23.0,,,0.69,-1.72,2.97,8.44,5.75,11.18,27.06,30.12,35.55,27.2,10.24
GE,GENERAL ELECTRIC COMPANY,FA862625FB012,2025-09-08,3025671.71,Department of Defense,Department of the Air Force,DELIVERY ORDER,2025-09-08,274.6552,277.8192,-1.14,274.6552,2025-09-08,0,0.0,326.6564,2026-01-06,83,18.93,18.93,6.0,11.0,81.0,,,,,0.07,2.0,3.89,4.87,9.05,6.86,9.44,9.78,13.14,4.94,16.17
BAH,BOOZ ALLEN HAMILTON INC,N6133121F3006,2025-09-23,39000.0,Department of Defense,Department of the Navy,DELIVERY ORDER,2025-09-23,96.2236,97.6523,-1.46,78.7024,2025-11-20,42,-18.21,101.8113,2025-10-07,10,5.81,29.36,8.0,,,,,,,0.97,0.76,1.65,4.86,5.81,-2.07,0.42,-13.09,-14.37,-11.4,-10.43
HON,"HONEYWELL INTERNATIONAL, INC",80JSC022FA059,2025-11-24,85000.0,National Aeronautics and Space Administration,National Aeronautics and Space Administration,BPA CALL,2025-11-24,195.8069,197.2184,-0.72,195.8069,2025-11-24,0,0.0,258.7145,2026-03-02,65,32.13,32.13,15.0,32.0,36.0,44.0,65.0,,,1.25,1.87,2.38,1.89,0.8,4.66,4.38,8.79,20.6,28.83,19.24
NOC,NORTHROP GRUMMAN SYSTEMS CORPORATION,N0003022C1013,2026-01-08,0.0,Department of Defense,Department of the Navy,DEFINITIVE CONTRACT,2026-01-08,586.3234,572.6476,2.39,538.3207,2026-05-15,88,-8.19,764.6547,2026-03-02,35,30.42,42.04,2.0,4.0,13.0,20.0,35.0,,,4.74,5.88,10.8,11.26,13.91,17.7,18.15,23.18,24.97,17.25,-5.53
GE,GENERAL ELECTRIC COMPANY,N0001922F1200,2026-03-06,401734.0,Department of Defense,Department of the Navy,DELIVERY ORDER,2026-03-06,322.2383,326.1078,-1.19,272.9098,2026-03-30,16,-15.31,378.68,2026-07-06,82,17.52,38.76,69.0,71.0,76.0,,,,,-0.22,0.78,-7.11,-6.37,-11.11,-11.59,-10.55,-5.9,-6.78,-1.52,7.29
BAH,BOOZ ALLEN HAMILTON INC,N0001922F1207,2026-03-17,1205240.59,Department of Defense,Department of the Navy,DELIVERY ORDER,2026-03-17,76.5436,75.1938,1.8,59.71,2026-06-25,69,-21.99,83.4516,2026-04-07,14,9.02,39.76,12.0,,,,,,,2.0,3.67,2.28,4.16,1.18,9.02,7.22,-0.87,0.43,0.86,-6.41
IBM,INTERNATIONAL BUSINESS MACHINES CORPORATION,HHSM500201600001U,2026-01-14,0.0,Department of Health and Human Services,Centers for Medicare and Medicaid Services,DELIVERY ORDER,2026-01-14,302.8605,297.1076,1.94,213.1113,2026-05-13,82,-29.63,308.4467,2026-02-02,12,1.84,44.74,,,,,,,,-3.59,-5.72,-4.65,-4.11,0.07,-6.47,-14.61,-21.83,-21.32,-22.6,-17.82
ACN,ACCENTURE FEDERAL SERVICES LLC,FA820422F0001,2025-12-08,5145883.5,Department of Defense,Department of the Air Force,DELIVERY ORDER,2025-12-08,261.1192,261.2074,-0.03,177.3969,2026-04-10,84,-32.06,282.7142,2026-01-14,25,8.27,59.37,21.0,,,,,,,1.14,1.45,3.06,2.72,1.56,1.82,5.75,6.98,-16.68,-19.32,-26.19
BA,THE BOEING COMPANY,H9224121F0075,2026-03-25,52226879.0,Department of Defense,U.S. Special Operations Command,DELIVERY ORDER,2026-03-25,199.61,196.42,1.62,189.21,2026-03-30,3,-5.21,240.6,2026-05-13,34,20.54,27.16,7.0,10.0,19.0,34.0,,,,-2.63,-5.21,3.86,6.36,10.24,12.18,16.45,15.74,15.8,10.63,18.81
LMT,LOCKHEED MARTIN CORPORATION,N0001923F0157,2026-03-24,3087337.0,Department of Defense,Department of the Navy,DELIVERY ORDER,2026-03-24,606.2015,612.2419,-0.99,491.64,2026-06-24,63,-18.9,633.7512,2026-04-06,8,4.54,28.91,,,,,,,,2.3,0.93,-0.95,2.07,3.0,0.23,-13.17,-15.72,-11.96,-15.71,-3.28
BAH,BOOZ ALLEN HAMILTON INC,FA875025FB009,2026-01-07,1383000.0,Department of Defense,Department of the Air Force,DELIVERY ORDER,2026-01-07,88.9072,88.6905,0.24,71.0549,2026-05-13,87,-20.08,100.6977,2026-01-23,11,13.26,41.72,2.0,11.0,,,,,,4.39,7.21,6.75,7.91,6.09,0.93,-1.38,-13.81,-12.62,-6.55,-16.37
HII,HUNTINGTON INGALLS INCORPORATED,N0002425C4229,2025-08-20,38790.0,Department of Defense,Department of the Navy,DEFINITIVE CONTRACT,2025-08-20,262.6545,260.9926,0.64,262.0547,2025-08-21,1,-0.23,352.8189,2025-12-24,88,34.33,34.64,27.0,46.0,50.0,50.0,86.0,,,-0.23,1.36,3.48,1.88,1.58,2.31,3.52,6.19,9.15,17.64,30.65
LDOS,"LEIDOS, INC.",N6883625F7KMF,2025-11-25,89054.73,Department of Defense,Department of the Navy,DELIVERY ORDER,2025-11-25,189.9225,185.2712,2.51,153.6473,2026-03-30,84,-19.1,197.153,2026-01-09,30,3.81,28.32,,,,,,,,-0.6,-1.61,-1.6,-2.44,-1.67,-4.66,-2.72,3.81,-1.58,-8.86,-15.72
BA,THE BOEING COMPANY,80MSFC20C0052,2025-08-18,0.0,National Aeronautics and Space Administration,National Aeronautics and Space Administration,DEFINITIVE CONTRACT,2025-08-18,232.41,235.26,-1.21,179.12,2025-11-24,69,-22.93,237.38,2025-09-02,10,2.14,32.53,,,,,,,,-3.19,-3.42,-2.38,1.38,2.14,-0.63,-7.65,-7.13,-6.52,-16.01,-6.13
LMT,LOCKHEED MARTIN CORP,N0003022C1025,2025-12-19,6400000.0,Department of Defense,Department of the Navy,DEFINITIVE CONTRACT,2025-12-19,468.5768,464.6335,0.85,468.5768,2025-12-19,0,0.0,672.2988,2026-03-02,47,43.48,43.48,9.0,10.0,14.0,16.0,26.0,,,1.99,2.45,3.11,2.01,10.1,16.26,25.26,27.13,35.33,35.17,8.72
LMT,LOCKHEED MARTIN CORPORATION,N0002419C5602,2025-09-12,-14050.48,Department of Defense,Department of the Navy,DEFINITIVE CONTRACT,2025-09-12,462.2801,461.7112,0.12,434.0461,2025-12-01,55,-6.11,586.9539,2026-01-22,90,26.97,35.23,12.0,79.0,82.0,85.0,,,,0.41,0.38,0.35,3.26,3.42,5.95,6.9,2.99,-1.18,-0.51,26.97
LMT,LOCKHEED MARTIN CORPORATION,N0002411C2300,2025-09-17,-260767.0,Department of Defense,Department of the Navy,DEFINITIVE CONTRACT,2025-09-17,464.0554,465.2324,-0.25,434.0461,2025-12-01,52,-6.47,587.9818,2026-01-27,90,26.71,35.47,9.0,76.0,79.0,82.0,,,,0.11,1.54,2.78,3.03,5.47,8.02,4.25,2.58,-0.68,1.13,26.71
NOC,NORTHROP GRUMMAN SYSTEMS CORP,FA861623F1003,2025-09-16,0.0,Department of Defense,Department of the Air Force,DELIVERY ORDER,2025-09-16,572.6588,567.8945,0.84,541.3857,2025-12-01,53,-5.46,667.8622,2026-01-23,89,16.62,23.36,10.0,16.0,85.0,,,,,-0.39,-1.09,-0.39,1.11,5.17,6.76,5.1,2.71,-2.17,-3.75,14.55
HII,HUNTINGTON INGALLS INCORPORATED,N0002421C4205,2025-11-19,933318.0,Department of Defense,Department of the Navy,DEFINITIVE CONTRACT,2025-11-19,306.0974,305.5242,0.19,298.2804,2025-11-20,1,-2.55,451.7788,2026-03-02,68,47.59,51.46,15.0,22.0,24.0,33.0,36.0,,,-2.55,0.06,1.48,-0.56,2.43,4.79,9.16,17.87,37.1,37.78,27.94
BAH,BOOZ ALLEN HAMILTON INC,FA875025FB015,2025-08-29,31225603.0,Department of Defense,Department of the Air Force,DELIVERY ORDER,2025-08-29,106.391,105.9017,0.46,78.7024,2025-11-20,58,-26.03,107.7219,2025-09-02,1,1.25,36.87,,,,,,,,1.25,-5.08,-6.47,-5.72,-6.53,-6.05,-8.07,-11.43,-21.36,-25.23,-12.77
NOC,NORTHROP GRUMMAN SYSTEMS CORPORATION,FA852726FB003,2026-01-14,1486558.7,Department of Defense,Department of the Air Force,DELIVERY ORDER,2026-01-14,648.202,620.7709,4.42,538.3207,2026-05-15,84,-16.95,764.6547,2026-03-02,31,17.97,42.04,9.0,23.0,31.0,,,,,0.23,0.64,2.65,1.2,6.46,5.61,7.57,11.26,8.59,4.65,-14.48
KTOS,"KRATOS DEFENSE & ROCKET SUPPORT SERVICES, INC",HQ014718C0025,2025-12-22,-6177.19,Department of Defense,Missile Defense Agency,DEFINITIVE CONTRACT,2025-12-22,81.53,75.39,8.14,59.56,2026-04-29,87,-26.95,130.72,2026-01-16,17,60.33,119.48,8.0,8.0,11.0,11.0,12.0,16.0,,0.94,-4.7,-6.81,-2.75,12.16,46.84,35.4,4.56,5.7,3.79,-24.04
BA,THE BOEING COMPANY,SPRRA123F0010,2025-12-18,6089487.5,Department of Defense,Defense Logistics Agency,DELIVERY ORDER,2025-12-18,208.27,206.33,0.94,189.21,2026-03-30,68,-9.15,252.15,2026-01-23,23,21.07,33.26,9.0,11.0,15.0,21.0,,,,2.79,4.12,3.92,4.91,9.54,12.61,20.07,11.95,10.61,-1.09,9.97
KTOS,"KRATOS DEFENSE & ROCKET SUPPORT SERVICES, INC.",N6600125F0103,2026-03-04,422865.7,Department of Defense,Department of the Navy,DELIVERY ORDER,2026-03-04,89.13,88.95,0.2,46.32,2026-06-25,78,-48.03,95.31,2026-03-17,9,6.93,105.76,9.0,,,,,,,-4.03,3.75,-0.24,-1.8,4.39,-13.06,-24.48,-16.52,-36.05,-28.05,-43.5
NOC,NORTHROP GRUMMAN SYSTEMS CORPORATION,70B02C20C00000024,2025-11-18,0.0,Department of Homeland Security,U.S. Customs and Border Protection,DEFINITIVE CONTRACT,2025-11-18,560.2045,556.5176,0.66,541.3857,2025-12-01,8,-3.36,764.6547,2026-03-02,69,36.5,41.24,31.0,36.0,38.0,46.0,62.0,,,-0.31,-0.01,0.47,0.97,-1.98,-2.45,-0.88,3.75,17.1,24.21,21.25
HON,HONEYWELL INTERNATIONAL INC.,N0038325CD027,2026-03-02,0.0,Department of Defense,Department of the Navy,DEFINITIVE CONTRACT,2026-03-02,258.7145,254.073,1.83,215.9203,2026-06-10,70,-16.54,258.7145,2026-03-02,0,0.0,19.82,,,,,,,,-1.69,-3.89,-4.21,-3.47,-5.45,-10.7,-8.87,-5.97,-15.72,-6.14,-12.48
BAH,BOOZ ALLEN HAMILTON INC,FA807525F0022,2026-03-26,1619766.17,Department of Defense,Department of the Air Force,DELIVERY ORDER,2026-03-26,79.7296,79.5212,0.26,59.71,2026-06-25,62,-25.11,83.4516,2026-04-07,7,4.67,39.76,,,,,,,,-2.29,-2.86,3.49,4.67,-2.69,2.94,-5.15,-4.1,4.63,-19.88,-9.81
PSN,PARSONS GOVERNMENT SERVICES INC.,47QFRA21F0039,2025-08-19,1263568.55,General Services Administration,Federal Acquisition Service,BPA CALL,2025-08-19,78.66,79.41,-0.94,60.2,2025-12-17,84,-23.47,89.29,2025-10-08,35,13.51,48.32,20.0,31.0,,,,,,-0.93,1.47,1.59,1.58,0.03,-5.29,3.52,8.37,4.45,9.9,-20.47
LMT,"LOCKHEED MARTIN SERVICES, LLC",DTFAWA10C00052,2026-02-13,-2967.33,Department of Transportation,Federal Aviation Administration,DEFINITIVE CONTRACT,2026-02-13,644.9368,629.9642,2.38,491.64,2026-06-24,89,-23.77,672.2988,2026-03-02,10,4.24,36.75,,,,,,,,-0.46,2.13,1.23,-0.78,4.24,3.48,-1.98,-7.79,-11.89,-19.74,-21.69
CACI,"CACI, INC. - FEDERAL",FA873024FB008,2026-03-10,216922.46,Department of Defense,Department of the Air Force,DELIVERY ORDER,2026-03-10,591.71,633.21,-6.55,443.26,2026-06-25,74,-25.09,612.93,2026-03-17,5,3.59,38.28,,,,,,,,2.14,2.54,3.59,3.59,-2.54,-5.62,-4.82,-13.43,-14.85,-10.07,-23.72
BAH,BOOZ ALLEN HAMILTON INC,FA807525F0022,2025-09-03,964968.25,Department of Defense,Department of the Air Force,DELIVERY ORDER,2025-09-03,104.4632,107.7219,-3.03,78.7024,2025-11-20,56,-24.66,104.4632,2025-09-03,0,0.0,32.73,,,,,,,,-3.33,-4.74,-3.98,-2.0,-4.84,-7.89,-3.41,-9.74,-18.87,-21.5,-8.75
BAH,BOOZ ALLEN HAMILTON INC,693KA824F00037,2026-02-10,208195.42,Department of Transportation,Federal Aviation Administration,DELIVERY ORDER,2026-02-10,88.6018,88.7791,-0.2,63.33,2026-06-22,90,-28.52,88.6018,2026-02-10,0,0.0,39.9,,,,,,,,-11.3,-11.14,-12.3,-13.51,-15.86,-11.28,-13.62,-10.25,-7.37,-13.91,-28.52
LMT,LOCKHEED MARTIN CORPORATION,FA823223F0153,2025-12-23,203706.0,Department of Defense,Department of the Air Force,DELIVERY ORDER,2025-12-23,476.8982,477.9062,-0.21,476.8982,2025-12-23,0,0.0,672.2988,2026-03-02,45,40.97,40.97,7.0,11.0,13.0,16.0,25.0,,,0.66,1.31,0.23,6.01,7.44,18.68,20.54,29.23,40.97,28.38,6.02
LMT,LOCKHEED MARTIN CORPORATION,N0001925F1047,2025-08-13,3152232.0,Department of Defense,Department of the Navy,DELIVERY ORDER,2025-08-13,430.9467,420.2259,2.55,425.8346,2025-08-14,1,-1.19,504.3876,2025-10-06,37,17.04,18.45,16.0,28.0,37.0,,,,,-1.19,-0.44,0.78,0.82,2.69,2.21,7.27,10.24,12.26,6.73,8.73
CACI,"CACI, LLC - COMMERCIAL",15JPSS21F00000543,2025-09-15,267000.0,Department of Justice,"Offices, Boards and Divisions",DELIVERY ORDER,2025-09-15,495.06,495.96,-0.18,476.24,2025-09-25,8,-3.8,662.19,2026-01-23,90,33.76,39.05,14.0,28.0,28.0,46.0,89.0,,,-0.75,0.29,1.36,0.44,-1.41,7.1,3.89,16.9,18.43,19.01,33.76
PSN,PARSONS GOVERNMENT SERVICES INC.,FA875019F0500,2025-09-30,-88.99,Department of Defense,Defense Contract Management Agency,DELIVERY ORDER,2025-09-30,82.92,81.87,1.28,60.2,2025-12-17,55,-27.4,89.29,2025-10-08,6,7.68,48.32,2.0,,,,,,,2.8,5.5,5.85,5.41,3.73,2.48,-0.22,4.45,-0.02,-24.22,-16.21
BA,BELL BOEING JOINT PROJECT OFFICE,N0001923F0189,2025-12-17,0.0,Department of Defense,Department of the Navy,DELIVERY ORDER,2025-12-17,206.33,206.71,-0.18,189.21,2026-03-30,69,-8.3,252.15,2026-01-23,24,22.21,33.26,3.0,10.0,16.0,19.0,,,,0.94,5.09,5.73,5.29,10.39,10.2,20.68,12.94,13.11,2.18,8.62
CACI,"CACI TECHNOLOGIES, LLC",W909MY23F0055,2025-09-26,100000.0,Department of Defense,Department of the Army,DELIVERY ORDER,2025-09-26,485.59,476.24,1.96,485.59,2025-09-26,0,0.0,662.19,2026-01-23,81,36.37,36.37,3.0,19.0,19.0,19.0,77.0,,,0.51,6.09,9.19,8.31,5.1,6.72,19.18,21.35,26.08,13.26,23.22
BAH,BOOZ ALLEN HAMILTON INC,N0017821F3011,2026-03-19,26928.14,Department of Defense,Department of the Navy,DELIVERY ORDER,2026-03-19,80.2259,78.0721,2.76,59.71,2026-06-25,67,-25.57,83.4516,2026-04-07,12,4.02,39.76,,,,,,,,-1.09,-2.41,-0.62,-2.33,2.85,-1.61,-0.15,-3.12,-2.66,-7.07,-11.31
BA,THE BOEING COMPANY,FA813425FB008,2026-03-10,0.0,Department of Defense,Department of the Air Force,DELIVERY ORDER,2026-03-10,217.76,225.0,-3.22,189.21,2026-03-30,14,-13.11,240.6,2026-05-13,45,10.49,27.16,30.0,45.0,,,,,,-1.68,-3.61,-3.19,-7.61,-9.8,-13.11,1.06,6.21,10.49,-0.16,-3.8
GD,GENERAL DYNAMICS LAND SYSTEMS INC.,W912CH26F0010,2025-11-10,1188483.0,Department of Defense,Department of the Army,DELIVERY ORDER,2025-11-10,344.9407,341.8317,0.91,328.0534,2025-12-01,14,-4.9,364.0791,2026-01-16,46,5.55,10.98,45.0,,,,,,,0.84,-1.55,-2.21,-1.84,-3.25,-4.9,-2.08,-1.62,5.49,3.45,-0.2
BAH,BOOZ ALLEN HAMILTON INC,HDTRA125FE041,2025-11-25,437655.84,Department of Defense,Defense Threat Reduction Agency,DELIVERY ORDER,2025-11-25,82.3962,79.5495,3.58,73.705,2026-02-23,59,-10.55,100.6977,2026-01-23,39,22.21,36.62,7.0,10.0,31.0,39.0,,,,-0.48,-1.45,-1.39,5.21,11.2,2.09,2.08,14.98,4.6,-8.81,-1.71
BAH,BOOZ ALLEN HAMILTON INC,HQ042323F0088,2026-04-01,5103233.4,Department of Defense,Defense Finance and Accounting Service,DELIVERY ORDER,2026-04-01,79.7693,77.4468,3.0,59.71,2026-06-25,58,-25.15,83.4516,2026-04-07,3,4.62,39.76,,,,,,,,3.43,4.62,-1.05,1.79,2.89,-3.73,-2.56,-8.7,-1.11,-22.24,-1.5
LDOS,"LEIDOS, INC.",HT003825F0007,2026-02-27,183566.25,Department of Defense,Defense Health Agency,DELIVERY ORDER,2026-02-27,174.0521,174.8076,-0.43,100.0,2026-06-25,81,-42.55,179.5689,2026-03-03,2,3.17,79.57,,,,,,,,2.46,0.91,1.59,-1.48,-0.71,-4.99,-11.72,-9.78,-14.8,-26.65,-38.74
BA,THE BOEING COMPANY,SPE4AX26F3118,2026-02-02,396000.0,Department of Defense,Defense Logistics Agency,DELIVERY ORDER,2026-02-02,233.02,233.72,-0.3,189.21,2026-03-30,39,-18.8,244.71,2026-02-09,5,5.02,29.33,5.0,,,,,,,0.06,1.69,5.02,1.39,4.73,-1.11,-2.45,-9.53,-6.53,-3.82,-4.89
BAH,BOOZ ALLEN HAMILTON INC,N0003922C0009,2026-03-10,56000.0,Department of Defense,Department of the Navy,DEFINITIVE CONTRACT,2026-03-10,76.9406,80.8214,-4.8,59.71,2026-06-25,74,-22.39,83.4516,2026-04-07,19,8.46,39.76,17.0,,,,,,,-2.04,0.97,-0.52,4.27,1.75,1.84,2.59,-0.19,-7.65,3.21,-16.14
TXT,TEXTRON AVIATION INC,W58RGZ24F0358,2025-09-17,0.0,Department of Defense,Department of the Army,DELIVERY ORDER,2025-09-17,82.6553,83.3748,-0.86,79.3674,2025-10-30,31,-3.98,96.2784,2026-01-21,86,16.48,21.31,12.0,78.0,86.0,,,,,1.46,0.94,0.06,0.94,3.02,2.8,-1.28,-3.29,-3.54,5.01,13.95
LMT,LOCKHEED MARTIN CORPORATION,H9225423F2612,2026-03-02,-713251.0,Department of Defense,U.S. Special Operations Command,DELIVERY ORDER,2026-03-02,672.2988,650.3723,3.37,491.64,2026-06-24,79,-26.87,672.2988,2026-03-02,0,0.0,36.75,,,,,,,,-1.31,-3.21,-1.85,-4.02,-4.65,-7.28,-10.69,-9.62,-24.79,-21.51,-22.17
ACN,ACCENTURE FEDERAL SERVICES LLC,89303026FIM000188,2026-03-09,9290770.7,Department of Energy,Department of Energy,BPA CALL,2026-03-09,205.1329,210.6591,-2.62,122.9615,2026-06-30,78,-40.06,205.1329,2026-03-09,0,0.0,66.83,,,,,,,,-3.69,-6.36,-4.8,-6.79,-4.46,-8.01,-7.41,-6.35,-18.22,-14.53,-30.01
HII,HUNTINGTON INGALLS INCORPORATED,N0002423C2324,2025-11-25,0.0,Department of Defense,Department of the Navy,DEFINITIVE CONTRACT,2025-11-25,311.0287,306.2753,1.55,302.3254,2025-12-05,7,-2.8,451.7788,2026-03-02,64,45.25,49.43,13.0,18.0,26.0,29.0,32.0,,,-0.13,-2.14,-1.31,-2.8,3.12,4.29,12.06,23.5,34.13,42.89,31.69
GD,GENERAL DYNAMICS LAND SYSTEMS INC.,W56HZV17C0067,2025-08-21,-19915.23,Department of Defense,Department of the Army,DEFINITIVE CONTRACT,2025-08-21,311.0427,311.9761,-0.3,311.0427,2025-08-21,0,0.0,349.165,2025-10-27,46,12.26,12.26,27.0,45.0,,,,,,0.97,1.78,2.65,2.48,2.0,4.14,1.94,8.56,11.3,9.24,7.72
CACI,"CACI, INC. - FEDERAL",FA807522F0030,2026-03-30,200000.0,Department of Defense,Department of the Air Force,DELIVERY ORDER,2026-03-30,558.48,563.67,-0.92,443.26,2026-06-25,60,-20.63,680.075,2026-08-12,90,21.77,53.43,86.0,86.0,87.0,90.0,,,,-2.62,3.07,1.9,0.85,-4.46,-6.52,-9.93,-10.62,-5.45,-20.63,21.77
LMT,LOCKHEED MARTIN CORPORATION,H9225420F2337,2025-09-26,252257.98,Department of Defense,U.S. Special Operations Command,DELIVERY ORDER,2025-09-26,478.1011,475.0605,0.64,434.0461,2025-12-01,45,-9.21,628.5509,2026-02-02,87,31.47,44.81,6.0,72.0,74.0,77.0,86.0,,,0.93,2.37,3.5,4.85,3.61,1.19,-0.11,-5.97,-9.21,-0.04,25.92
CACI,"CACI, INC. - FEDERAL",HDTRA123C0004,2025-11-19,1600000.0,Department of Defense,Defense Threat Reduction Agency,DEFINITIVE CONTRACT,2025-11-19,602.85,597.25,0.94,532.81,2025-12-31,28,-11.62,662.19,2026-01-23,43,9.84,24.28,39.0,,,,,,,-1.3,1.22,2.07,1.56,0.46,-1.06,-7.67,-5.68,6.69,-5.95,-6.92
BA,"BOEING AEROSPACE OPERATIONS, INC.",FA231824FB011,2026-01-27,260000.0,Department of Defense,Department of the Air Force,DELIVERY ORDER,2026-01-27,244.56,248.43,-1.56,189.21,2026-03-30,43,-22.63,244.71,2026-02-09,9,0.06,29.33,,,,,,,,-1.21,-4.43,-4.67,-3.11,-0.81,-0.21,-6.19,-12.46,-15.23,-4.26,-11.9
NOC,NORTHROP GRUMMAN SYSTEMS CORPORATION,FA822226CB007,2026-03-16,8570771.03,Department of Defense,Department of the Air Force,DEFINITIVE CONTRACT,2026-03-16,732.7351,730.495,0.31,496.02,2026-06-29,72,-32.31,732.7351,2026-03-16,0,0.0,47.72,,,,,,,,-1.62,-2.96,-7.6,-6.08,-8.75,-5.46,-7.8,-21.49,-24.41,-26.01,-26.0
NOC,NORTHROP GRUMMAN SYSTEMS CORPORATION,N0038322FS504,2025-10-28,0.0,Department of Defense,Department of the Navy,DELIVERY ORDER,2025-10-28,588.1672,589.0568,-0.15,541.3857,2025-12-01,23,-7.95,764.6547,2026-03-02,84,30.01,41.24,51.0,53.0,62.0,76.0,84.0,,,-1.69,-1.95,-3.01,-3.88,-4.76,-5.38,-4.7,-6.29,-1.18,11.53,24.41
LMT,LOCKHEED MARTIN CORPORATION,FA873022F8505,2025-10-28,500000.0,Department of Defense,Department of the Air Force,DELIVERY ORDER,2025-10-28,476.463,477.5812,-0.23,434.0461,2025-12-01,23,-8.9,672.2988,2026-03-02,84,41.1,54.89,46.0,50.0,52.0,55.0,64.0,,,-0.09,1.26,-0.16,-3.47,-5.91,-3.09,-6.51,-2.94,3.1,20.65,35.79
GE,GENERAL ELECTRIC COMPANY,W58RGZ22F0392,2026-01-07,0.0,Department of Defense,Department of the Army,DELIVERY ORDER,2026-01-07,322.7669,326.6564,-1.19,272.9098,2026-03-30,56,-15.45,344.8073,2026-03-02,36,6.83,26.34,30.0,,,,,,,-2.84,0.16,-1.47,0.46,-8.85,-9.63,-0.82,6.05,-7.27,-10.67,-11.5
NOC,NORTHROP GRUMMAN SYSTEMS CORP,FA853825F0089,2025-09-22,2100480.97,Department of Defense,Department of the Air Force,DELIVERY ORDER,2025-09-22,569.4859,566.402,0.54,541.3857,2025-12-01,49,-4.93,690.0928,2026-01-29,89,21.18,27.47,6.0,12.0,81.0,88.0,,,,0.16,1.67,3.1,5.08,7.35,8.22,4.03,-0.13,-1.84,-0.89,20.64
PSN,PARSONS GOVERNMENT SERVICES INC.,0007,2026-03-12,0.0,Department of Defense,Defense Contract Management Agency,DELIVERY ORDER,2026-03-12,56.81,58.72,-3.25,47.05,2026-06-25,72,-17.18,60.84,2026-06-02,56,7.09,29.31,55.0,,,,,,,-3.27,-4.63,-11.71,-9.47,-5.62,-3.03,-1.2,-5.91,-11.32,1.8,1.36
NOC,NORTHROP GRUMMAN SYSTEMS CORPORATION,FA239624FB089,2026-03-18,255611.48,Department of Defense,Department of the Air Force,DELIVERY ORDER,2026-03-18,721.6639,720.8574,0.11,496.02,2026-06-29,70,-31.27,721.6639,2026-03-18,0,0.0,45.49,,,,,,,,-1.47,-6.19,-4.64,-6.32,-3.84,-5.16,-8.22,-20.05,-23.9,-23.74,-23.9
ACN,ACCENTURE FEDERAL SERVICES LLC,2032H522F00006,2025-11-20,2164298.91,Department of the Treasury,Internal Revenue Service,DELIVERY ORDER,2025-11-20,235.9283,236.2125,-0.12,187.6335,2026-02-25,64,-20.47,282.7143,2026-01-14,36,19.83,50.67,6.0,8.0,32.0,,,,,4.59,3.51,3.82,8.4,10.71,12.28,12.41,14.59,12.31,-10.73,-16.39
GD,"GENERAL DYNAMICS INFORMATION TECHNOLOGY, INC.",15PTDD25F00000004,2025-12-09,0.0,Department of Justice,Office of Justice Programs,BPA CALL,2025-12-09,329.9188,331.6362,-0.52,324.0936,2026-04-21,90,-1.77,364.0791,2026-01-16,26,10.35,12.34,17.0,25.0,,,,,,2.38,0.96,0.96,0.92,2.86,1.56,5.87,9.12,4.42,8.73,-1.77
CACI,"CACI-ISS, LLC",FA877019F0514,2025-09-30,-94065.86,Department of Defense,Department of the Air Force,DELIVERY ORDER,2025-09-30,498.78,488.06,2.2,498.78,2025-09-30,0,0.0,662.19,2026-01-23,79,32.76,32.76,3.0,17.0,17.0,36.0,78.0,,,3.28,6.31,5.45,2.51,3.11,5.63,12.71,17.86,18.87,9.15,27.77
BAH,BOOZ ALLEN HAMILTON INC,FA807524F0059,2026-02-12,109344.0,Department of Defense,Department of the Air Force,DELIVERY ORDER,2026-02-12,76.762,78.5941,-2.33,62.68,2026-06-24,90,-18.34,83.4516,2026-04-07,36,8.71,33.14,15.0,,,,,,,2.56,1.23,-0.17,-2.12,1.93,3.18,-2.04,1.49,4.36,-3.09,-18.34
TXT,TEXTRON AVIATION INC,W58RGZ23F0542,2025-08-25,0.0,Department of Defense,Department of the Army,DELIVERY ORDER,2025-08-25,80.6869,81.4562,-0.94,79.3674,2025-10-30,47,-1.64,90.8408,2025-12-22,83,12.58,14.46,26.0,82.0,,,,,,0.77,-0.37,-1.52,0.71,-0.28,1.84,2.5,5.31,-0.98,-1.1,7.84
GD,"GENERAL DYNAMICS INFORMATION TECHNOLOGY, INC.",140D0425F0775,2026-01-30,6071702.25,Department of the Interior,Departmental Offices,DELIVERY ORDER,2026-01-30,347.9355,346.8057,0.33,311.1606,2026-04-27,59,-10.57,362.8304,2026-03-04,22,4.28,16.61,,,,,,,,-1.34,0.65,2.56,2.2,-0.98,0.09,3.88,0.93,-0.76,-10.24,-2.4
LMT,LOCKHEED MARTIN CORPORATION,W56KGY22F0001,2026-03-12,1397323.15,Department of Defense,Department of the Army,DELIVERY ORDER,2026-03-12,648.584,645.2458,0.52,491.64,2026-06-24,71,-24.2,648.584,2026-03-12,0,0.0,31.92,,,,,,,,-1.05,-2.53,-2.35,-5.6,-3.91,-5.39,-5.08,-21.35,-20.96,-19.81,-20.69
BA,THE BOEING COMPANY,W58RGZ26F0115,2026-01-21,8245485.0,Department of Defense,Department of the Army,DELIVERY ORDER,2026-01-21,250.07,249.0,0.43,189.21,2026-03-30,47,-24.34,252.15,2026-01-23,2,0.83,33.26,,,,,,,,0.54,-0.66,-3.39,-6.54,-5.65,-2.99,-7.21,-11.2,-22.28,-10.67,-10.31
GD,"GENERAL DYNAMICS INFORMATION TECHNOLOGY, INC.",FA865019C6055,2026-03-10,0.0,Department of Defense,Department of the Air Force,DEFINITIVE CONTRACT,2026-03-10,352.395,358.7276,-1.77,311.1606,2026-04-27,33,-11.7,376.88,2026-07-06,80,6.95,21.12,79.0,,,,,,,-0.49,-1.14,0.2,-1.68,-2.63,-4.16,-3.29,-9.38,-3.56,-3.52,5.17
LMT,LOCKHEED MARTIN CORP,80GSFC24CA001,2025-09-08,1800000.0,National Aeronautics and Space Administration,National Aeronautics and Space Administration,DEFINITIVE CONTRACT,2025-09-08,450.3138,455.0121,-1.03,434.0461,2025-12-01,59,-3.61,571.1216,2026-01-15,90,26.83,31.58,11.0,20.0,86.0,87.0,,,,-0.45,2.53,3.08,3.05,4.64,6.17,11.32,10.19,-1.53,-3.04,26.83
LMT,LOCKHEED MARTIN CORPORATION,FA861523F0001,2025-12-29,3892946.72,Department of Defense,Department of the Air Force,DELIVERY ORDER,2025-12-29,483.1442,477.3726,1.21,478.0051,2025-12-31,2,-1.06,672.2988,2026-03-02,42,39.15,40.65,5.0,8.0,11.0,16.0,23.0,,,-0.18,1.68,6.79,6.05,14.2,17.84,27.34,28.6,34.69,29.0,4.15
HON,HONEYWELL INTERNATIONAL INC.,FA810926F0011,2026-04-01,3952503.0,Department of Defense,Department of the Air Force,DELIVERY ORDER,2026-04-01,238.0207,235.7573,0.96,215.9203,2026-06-10,48,-9.29,249.4599,2026-05-29,40,4.81,15.53,,,,,,,,0.55,-1.91,3.44,2.38,0.52,-3.61,-6.88,-4.59,-5.72,-4.29,-3.32
CACI,"CACI NSS, LLC",15F06721F0003032,2025-09-26,0.0,Department of Justice,Federal Bureau of Investigation,DELIVERY ORDER,2025-09-26,485.59,476.24,1.96,485.59,2025-09-26,0,0.0,662.19,2026-01-23,81,36.37,36.37,3.0,19.0,19.0,19.0,77.0,,,0.51,6.09,9.19,8.31,5.1,6.72,19.18,21.35,26.08,13.26,23.22
GE,GENERAL ELECTRIC COMPANY,W58RGZ23F0403,2025-08-19,0.0,Department of Defense,Department of the Army,DELIVERY ORDER,2025-08-19,264.5863,267.0936,-0.94,264.5863,2025-08-19,0,0.0,315.5346,2025-12-24,89,19.26,19.26,11.0,19.0,44.0,,,,,0.19,0.23,3.01,3.79,3.76,3.88,11.72,13.28,12.16,16.35,18.65
NOC,NORTHROP GRUMMAN SYSTEMS CORPORATION,N0003924C4000,2025-12-11,0.0,Department of Defense,Department of the Navy,DEFINITIVE CONTRACT,2025-12-11,555.8058,551.1612,0.84,555.2898,2025-12-18,5,-0.09,764.6547,2026-03-02,53,37.58,37.7,15.0,19.0,22.0,28.0,46.0,,,1.74,1.55,-0.09,4.4,3.09,4.57,11.69,21.19,29.42,31.33,5.27
BA,THE BOEING COMPANY,FA821324FB013,2026-03-24,1790111.05,Department of Defense,Department of the Air Force,DELIVERY ORDER,2026-03-24,196.42,198.41,-1.0,189.21,2026-03-30,4,-3.67,240.6,2026-05-13,35,22.49,27.16,6.0,10.0,20.0,32.0,,,,1.62,-3.0,1.33,6.01,10.88,13.92,19.21,17.06,16.47,13.39,18.87
BA,THE BOEING COMPANY,FA821725F0048,2025-12-22,0.0,Department of Defense,Department of the Air Force,DELIVERY ORDER,2025-12-22,216.84,214.08,1.29,189.21,2026-03-30,66,-12.74,252.15,2026-01-23,21,16.28,33.26,7.0,13.0,19.0,,,,,0.0,-0.18,0.77,5.04,5.2,12.78,16.28,9.27,4.93,-10.02,2.06
LDOS,"LEIDOS, INC.",NSFDACS1219442,2026-02-18,-448041.82,National Science Foundation,National Science Foundation,DEFINITIVE CONTRACT,2026-02-18,170.5035,160.5633,6.19,100.0,2026-06-25,88,-41.35,179.5689,2026-03-03,9,5.32,79.57,9.0,,,,,,,2.76,0.27,-0.96,2.08,3.01,0.57,-3.01,-8.82,-13.74,-26.62,-41.09
LDOS,"LEIDOS, INC.",HC102826F0011,2026-01-22,7658886.5,Department of Defense,Defense Information Systems Agency,DELIVERY ORDER,2026-01-22,192.2923,190.9703,0.69,122.6069,2026-05-21,83,-36.24,193.5547,2026-02-10,13,0.66,57.87,,,,,,,,-1.15,-3.26,-3.24,-2.8,-3.81,-10.57,-11.09,-8.04,-19.4,-19.77,-34.28
NOC,NORTHROP GRUMMAN SYSTEMS CORPORATION,N6893625F0175,2025-12-22,1646530.0,Department of Defense,Department of the Navy,DELIVERY ORDER,2025-12-22,580.2397,564.1622,2.85,564.5154,2026-05-04,90,-2.71,764.6547,2026-03-02,46,31.78,35.45,12.0,15.0,21.0,28.0,46.0,,,-0.79,-1.25,-1.73,0.17,-1.31,6.99,15.1,19.13,24.29,21.3,-2.71
BA,THE BOEING COMPANY,FA873023C0025,2026-02-26,0.0,Department of Defense,Department of the Air Force,DEFINITIVE CONTRACT,2026-02-26,229.41,230.36,-0.41,189.21,2026-03-30,22,-17.52,240.6,2026-05-13,53,4.88,27.16,,,,,,,,-0.82,-2.31,-3.2,-1.92,-10.74,-10.21,-16.95,-5.13,-0.88,-4.53,-1.94
LMT,LOCKHEED MARTIN CORPORATION,N0001916C0004,2025-11-20,0.0,Department of Defense,Department of the Navy,DEFINITIVE CONTRACT,2025-11-20,459.2885,460.9069,-0.35,434.0461,2025-12-01,6,-5.5,672.2988,2026-03-02,67,46.38,54.89,25.0,29.0,33.0,35.0,46.0,,,-1.6,-3.38,-2.22,-4.93,-2.7,2.18,4.05,12.33,28.52,43.42,34.72
LMT,"LOCKHEED MARTIN SERVICES, LLC",NNJ06JE41C,2026-03-04,50903.96,National Aeronautics and Space Administration,National Aeronautics and Space Administration,DEFINITIVE CONTRACT,2026-03-04,660.1583,663.4766,-0.5,491.64,2026-06-24,77,-25.53,667.4009,2026-03-06,2,1.1,35.75,,,,,,,,-1.43,-0.05,-2.26,-2.78,-3.34,-8.17,-6.27,-8.58,-22.89,-20.17,-21.99
HII,HUNTINGTON INGALLS INCORPORATED,N0002423C2307,2026-02-19,771023.0,Department of Defense,Department of the Navy,DEFINITIVE CONTRACT,2026-02-19,439.8598,421.7449,4.3,277.39,2026-06-29,89,-36.94,451.7788,2026-03-02,7,2.71,62.87,,,,,,,,-1.26,1.04,-0.03,2.71,-4.66,-6.35,-7.65,-10.22,-18.67,-26.17,-36.37
GD,"GENERAL DYNAMICS INFORMATION TECHNOLOGY, INC.",140D0425F0719,2026-03-18,5000000.0,Department of the Interior,Departmental Offices,DELIVERY ORDER,2026-03-18,350.1851,353.0887,-0.82,311.1606,2026-04-27,27,-11.14,393.19,2026-07-28,90,12.28,26.36,73.0,88.0,,,,,,-1.06,-1.7,-0.24,-1.87,-0.8,-0.95,-4.39,-2.11,-3.7,2.41,12.28
LMT,LOCKHEED MARTIN CORP,FA862521F3006,2026-01-08,0.0,Department of Defense,Department of the Air Force,DELIVERY ORDER,2026-01-08,512.3679,491.0505,4.34,503.2157,2026-05-08,83,-1.79,672.2988,2026-03-02,35,31.21,33.6,2.0,4.0,13.0,14.0,35.0,,,4.72,7.69,11.47,11.11,13.96,20.07,23.12,27.42,25.11,21.71,2.12
BAH,BOOZ ALLEN HAMILTON INC,FA807519F1591,2025-08-12,-771919.16,Department of Defense,Department of the Air Force,DELIVERY ORDER,2025-08-12,106.1687,106.3148,-0.14,78.7024,2025-11-20,71,-25.87,108.7005,2025-08-13,1,2.38,38.12,,,,,,,,2.38,0.76,1.06,0.44,1.64,1.46,-4.29,-8.49,-11.19,-20.17,-20.2
NOC,NORTHROP GRUMMAN SYSTEMS CORP,0014,2025-09-29,-143212.0,Department of Defense,Department of the Air Force,DELIVERY ORDER,2025-09-29,587.1195,587.6434,-0.09,541.3857,2025-12-01,44,-7.79,703.7488,2026-02-06,90,19.86,29.99,7.0,74.0,83.0,,,,,2.58,1.86,4.13,7.4,4.19,0.09,0.18,-5.22,-7.54,-1.95,19.86
CACI,"CACI TECHNOLOGIES, LLC",W56KGU22F0010,2025-08-13,-3388.31,Department of Defense,Department of the Army,DELIVERY ORDER,2025-08-13,503.9,477.23,5.59,460.1,2025-09-04,15,-8.69,617.97,2025-11-25,73,22.64,34.31,36.0,50.0,50.0,72.0,,,,-2.62,-3.51,-3.43,-4.46,-3.34,-6.84,-1.58,-5.49,2.84,15.98,10.46
CACI,ACACIA7,FA890325F0179,2025-08-22,2111441.69,Department of Defense,Department of the Air Force,DELIVERY ORDER,2025-08-22,481.42,486.02,-0.95,460.1,2025-09-04,8,-4.43,617.97,2025-11-25,66,28.36,34.31,27.0,29.0,43.0,43.0,,,,0.7,1.17,-0.35,-2.49,-1.53,3.02,2.39,9.88,20.21,21.79,10.67
BAH,BOOZ ALLEN HAMILTON INC,47QFCA24F0003,2026-01-12,15273883.0,General Services Administration,Federal Acquisition Service,DELIVERY ORDER,2026-01-12,95.3196,94.7384,0.61,71.0549,2026-05-13,84,-25.46,100.6977,2026-01-23,8,5.64,41.72,8.0,,,,,,,-1.51,0.35,-3.42,-1.04,-7.45,-9.58,-17.55,-21.79,-18.09,-17.19,-20.5
TXT,TEXTRON SYSTEMS CORP,N0002417C2480,2026-03-12,266220.0,Department of Defense,Department of the Navy,DEFINITIVE CONTRACT,2026-03-12,91.5005,93.2297,-1.85,85.9317,2026-03-30,12,-6.09,95.9395,2026-04-30,34,4.85,11.65,,,,,,,,-0.51,-0.03,-3.09,-2.72,-2.87,-2.85,1.74,-3.89,-3.0,-0.1,0.23
GD,"GENERAL DYNAMICS MISSION SYSTEMS, INC.",HQ085022C0007,2025-12-08,9600000.0,Department of Defense,Department of the Air Force,DEFINITIVE CONTRACT,2025-12-08,331.6362,332.9193,-0.39,329.9188,2025-12-09,1,-0.52,364.0791,2026-01-16,27,9.78,10.35,18.0,,,,,,,-0.52,1.63,1.39,0.12,2.73,1.33,4.59,9.32,1.82,8.62,-0.29
BAH,BOOZ ALLEN HAMILTON INC,2032H522F00553,2025-09-05,0.0,Department of the Treasury,Internal Revenue Service,DELIVERY ORDER,2025-09-05,100.2553,100.9893,-0.73,78.7024,2025-11-20,54,-21.5,102.3789,2025-09-12,5,2.12,30.08,,,,,,,,-0.74,0.05,2.12,-0.61,-0.3,-4.8,1.16,-4.3,-14.64,-19.0,-5.34
BA,THE BOEING COMPANY,FA810616C0001,2025-11-25,3000000.0,Department of Defense,Department of the Air Force,DEFINITIVE CONTRACT,2025-11-25,182.44,179.12,1.85,182.44,2025-11-25,0,0.0,252.15,2026-01-23,39,38.21,38.21,4.0,4.0,17.0,25.0,31.0,,,2.46,2.2,11.02,10.66,8.92,13.3,18.64,28.55,27.72,27.93,19.38
ACN,ACCENTURE FEDERAL SERVICES LLC,AG3144D170052,2025-09-11,116000.0,Department of Agriculture,Office of the Chief Financial Officer,DELIVERY ORDER,2025-09-11,239.2205,238.2015,0.43,227.8645,2025-09-25,10,-4.75,282.7142,2026-01-14,86,18.18,24.07,56.0,58.0,82.0,,,,,-2.3,-3.01,-1.88,-1.7,-4.75,-0.18,-1.31,2.32,1.4,9.19,14.98
LMT,LOCKHEED MARTIN CORPORATION,N0002421C6113,2025-10-23,0.0,Department of Defense,Defense Contract Management Agency,DEFINITIVE CONTRACT,2025-10-23,478.6994,477.8068,0.19,434.0461,2025-12-01,26,-9.33,672.2988,2026-03-02,87,40.44,54.89,49.0,53.0,55.0,58.0,67.0,,,-0.54,-0.47,0.34,-0.02,-3.92,-6.35,-5.59,-6.64,0.93,21.03,35.94
GD,"GENERAL DYNAMICS INFORMATION TECHNOLOGY, INC.",0005,2025-11-06,0.0,Department of Defense,Defense Information Systems Agency,DELIVERY ORDER,2025-11-06,335.8703,338.4464,-0.76,328.0535,2025-12-01,16,-2.33,364.0791,2026-01-16,48,8.4,10.98,40.0,,,,,,,1.77,3.56,1.1,0.43,-0.25,-0.08,-1.26,-0.28,6.76,4.26,3.16
NOC,NORTHROP GRUMMAN SYSTEMS CORPORATION,W58RGZ24F0073,2026-02-02,0.0,Department of Defense,Department of the Army,DELIVERY ORDER,2026-02-02,679.8409,687.0262,-1.05,526.06,2026-06-03,84,-22.62,764.6547,2026-03-02,19,12.48,45.36,11.0,19.0,,,,,,2.91,1.68,1.9,-0.9,2.35,6.23,10.4,6.03,0.68,-16.17,-18.73
GD,"GENERAL DYNAMICS INFORMATION TECHNOLOGY, INC.",47QFCA22F0020,2026-02-02,-350000.0,General Services Administration,Federal Acquisition Service,DELIVERY ORDER,2026-02-02,343.2579,347.9355,-1.34,311.1606,2026-04-27,58,-9.35,362.8304,2026-03-04,21,5.7,16.61,19.0,,,,,,,2.58,1.64,3.96,-0.01,-1.11,0.75,5.7,2.86,1.05,-1.75,4.09
LMT,LOCKHEED MARTIN CORP,FA862924F3061,2025-09-30,0.0,Department of Defense,Department of the Air Force,DELIVERY ORDER,2025-09-30,489.6456,482.5541,1.47,434.0461,2025-12-01,43,-11.36,630.8141,2026-02-09,90,28.83,45.33,67.0,71.0,73.0,81.0,,,,-0.04,1.06,2.38,1.71,1.2,1.34,-2.78,-8.44,-9.82,-1.96,28.83
BAH,BOOZ ALLEN HAMILTON INC,FA807522F0062,2026-01-28,-10700.05,Department of Defense,Department of the Air Force,DELIVERY ORDER,2026-01-28,89.7346,88.2176,1.72,71.0549,2026-05-13,73,-20.82,89.7346,2026-01-28,0,0.0,26.29,,,,,,,,-2.6,-3.95,-6.65,-2.29,-12.41,-13.41,-12.81,-14.71,-8.05,-12.91,-12.37
BA,THE BOEING COMPANY,N6893623F0305,2025-08-20,-1466402.27,Department of Defense,Department of the Navy,DELIVERY ORDER,2025-08-20,225.62,225.0,0.28,179.12,2025-11-24,67,-20.61,237.38,2025-09-02,8,5.21,32.53,8.0,,,,,,,-0.51,0.55,4.43,4.02,2.27,0.84,-4.42,-3.63,-3.48,-13.76,-3.71
BAH,BOOZ ALLEN HAMILTON INC,N6523625F0366,2025-12-05,467721.0,Department of Defense,Department of the Navy,DELIVERY ORDER,2025-12-05,86.6909,86.3363,0.41,73.705,2026-02-23,52,-14.98,100.6977,2026-01-23,32,16.16,36.62,3.0,27.0,32.0,,,,,3.78,5.69,5.42,-2.97,-3.12,-2.98,2.56,8.59,-9.34,-8.64,-6.38
GD,"GENERAL DYNAMICS MISSION SYSTEMS, INC.",70Z04421F21000700,2025-09-19,0.0,Department of Homeland Security,U.S. Coast Guard,DELIVERY ORDER,2025-09-19,318.4617,318.9433,-0.15,317.0663,2025-09-22,1,-0.44,364.0791,2026-01-16,82,14.32,14.83,7.0,73.0,,,,,,-0.44,-0.14,1.93,5.22,6.03,5.77,4.5,6.89,5.48,5.59,8.9
LMT,LOCKHEED MARTIN CORPORATION,W31P4Q15C0151,2025-08-26,0.0,Department of Defense,Department of the Army,DEFINITIVE CONTRACT,2025-08-26,443.4982,435.9615,1.73,434.0461,2025-12-01,67,-2.13,505.5783,2026-01-05,90,14.0,16.48,18.0,24.0,,,,,,-0.22,0.04,-0.69,2.6,2.59,4.9,7.12,13.68,7.34,3.93,14.0
BAH,BOOZ ALLEN HAMILTON INC,FA807524F0029,2026-01-14,378929.8,Department of Defense,Department of the Air Force,DELIVERY ORDER,2026-01-14,94.9059,93.8815,1.09,71.0549,2026-05-13,82,-25.13,100.6977,2026-01-23,6,6.1,41.72,6.0,,,,,,,0.79,-3.0,-0.61,-2.51,-7.91,-11.74,-17.05,-17.56,-16.39,-14.44,-16.43
NOC,NORTHROP GRUMMAN SYSTEMS CORPORATION,M6785424F0009,2025-09-12,0.0,Department of Defense,Department of the Navy,DELIVERY ORDER,2025-09-12,569.298,576.2073,-1.2,541.3857,2025-12-01,55,-4.9,665.3712,2026-01-22,90,16.88,22.9,12.0,18.0,87.0,,,,,-0.25,0.19,-0.51,0.19,3.22,5.04,7.45,5.14,-3.12,-3.5,16.88
HII,HUNTINGTON INGALLS INC,N5523625F9928,2026-01-02,0.0,Department of Defense,Department of the Navy,DELIVERY ORDER,2026-01-02,347.1611,337.5528,2.85,313.3666,2026-05-07,86,-9.73,451.7788,2026-03-02,39,30.14,44.17,2.0,5.0,7.0,10.0,39.0,,,3.93,1.92,10.65,17.7,21.77,19.68,22.84,19.47,19.75,8.96,-4.14
CACI,"CACI NSS, LLC",75D30124F19872,2025-09-08,1057951.04,Department of Health and Human Services,Centers for Disease Control and Prevention,DELIVERY ORDER,2025-09-08,474.04,474.45,-0.09,474.04,2025-09-08,0,0.0,627.5,2026-01-15,90,32.37,32.37,9.0,19.0,33.0,33.0,56.0,,,1.18,4.02,4.43,4.55,5.85,2.44,10.95,11.14,24.85,27.91,32.37
GD,"GENERAL DYNAMICS MISSION SYSTEMS, INC.",N6339424C0004,2026-01-29,4049755.0,Department of Defense,Department of the Navy,DEFINITIVE CONTRACT,2026-01-29,346.8057,353.4752,-1.89,311.1606,2026-04-27,60,-10.28,362.8304,2026-03-04,23,4.62,16.61,,,,,,,,0.33,1.53,0.6,2.9,-2.63,1.25,4.24,0.45,0.41,-10.28,-0.76
GD,GENERAL DYNAMICS LAND SYSTEMS INC.,W56HZV22C0012,2025-09-25,22686493.23,Department of Defense,Department of the Army,DEFINITIVE CONTRACT,2025-09-25,318.8057,318.0097,0.25,318.8057,2025-09-25,0,0.0,364.0791,2026-01-16,78,14.2,14.2,3.0,69.0,,,,,,1.82,5.11,5.12,6.8,5.65,2.8,8.59,5.35,5.76,5.06,9.85
LMT,LOCKHEED MARTIN CORPORATION,FA239125CB017,2026-03-24,379366.0,Department of Defense,Department of the Air Force,DEFINITIVE CONTRACT,2026-03-24,606.2015,612.2419,-0.99,491.64,2026-06-24,63,-18.9,633.7512,2026-04-06,8,4.54,28.91,,,,,,,,2.3,0.93,-0.95,2.07,3.0,0.23,-13.17,-15.72,-11.96,-15.71,-3.28
LMT,LOCKHEED MARTIN CORPORATION,FA823224F0158,2025-09-08,218174.2,Department of Defense,Department of the Air Force,DELIVERY ORDER,2025-09-08,450.3138,455.0121,-1.03,434.0461,2025-12-01,59,-3.61,571.1216,2026-01-15,90,26.83,31.58,11.0,20.0,86.0,87.0,,,,-0.45,2.53,3.08,3.05,4.64,6.17,11.32,10.19,-1.53,-3.04,26.83
LMT,LOCKHEED MARTIN CORPORATION,M6785424C0006,2025-12-23,-0.01,Department of Defense,Department of the Navy,DEFINITIVE CONTRACT,2025-12-23,476.8982,477.9062,-0.21,476.8982,2025-12-23,0,0.0,672.2988,2026-03-02,45,40.97,40.97,7.0,11.0,13.0,16.0,25.0,,,0.66,1.31,0.23,6.01,7.44,18.68,20.54,29.23,40.97,28.38,6.02
NOC,NORTHROP GRUMMAN SYSTEMS CORP,FA861623F1003,2026-01-08,1041089.0,Department of Defense,Department of the Air Force,DELIVERY ORDER,2026-01-08,586.3234,572.6476,2.39,538.3207,2026-05-15,88,-8.19,764.6547,2026-03-02,35,30.42,42.04,2.0,4.0,13.0,20.0,35.0,,,4.74,5.88,10.8,11.26,13.91,17.7,18.15,23.18,24.97,17.25,-5.53
LDOS,"LEIDOS, INC.",HC102826F0012,2026-01-08,14266404.43,Department of Defense,Defense Information Systems Agency,DELIVERY ORDER,2026-01-08,194.0517,195.4334,-0.71,123.2546,2026-05-15,88,-36.48,197.153,2026-01-09,1,1.6,59.96,,,,,,,,1.6,0.38,-0.95,-2.2,-2.04,-4.11,-0.33,-11.89,-14.01,-18.42,-35.32
LMT,LOCKHEED MARTIN CORPORATION,N0002415C5151,2026-03-12,1652478.22,Department of Defense,Department of the Navy,DEFINITIVE CONTRACT,2026-03-12,648.584,645.2458,0.52,491.64,2026-06-24,71,-24.2,648.584,2026-03-12,0,0.0,31.92,,,,,,,,-1.05,-2.53,-2.35,-5.6,-3.91,-5.39,-5.08,-21.35,-20.96,-19.81,-20.69
GD,"GENERAL DYNAMICS INFORMATION TECHNOLOGY, INC.",47QFSA21F0094,2025-10-21,-10000.0,General Services Administration,Federal Acquisition Service,BPA CALL,2025-10-21,336.2553,332.8009,1.04,328.0534,2025-12-01,28,-2.44,364.0791,2026-01-16,60,8.27,10.98,52.0,,,,,,,-0.72,2.96,1.76,1.17,0.82,2.58,0.7,-0.77,1.38,8.27,7.48
ACN,ACCENTURE FEDERAL SERVICES LLC,19AQMM26F7062,2026-04-01,5885338.54,Department of State,Department of State,BPA CALL,2026-04-01,193.0813,194.2864,-0.62,122.9615,2026-06-30,61,-36.32,197.265,2026-04-02,1,2.17,60.43,,,,,,,,2.17,0.12,-4.8,-1.77,-0.72,-2.71,-7.97,-16.08,-8.78,-36.16,-6.87
LMT,LOCKHEED MARTIN CORPORATION,FA854022F0010,2025-09-30,-83642.0,Department of Defense,Department of the Air Force,DELIVERY ORDER,2025-09-30,489.6456,482.5541,1.47,434.0461,2025-12-01,43,-11.36,630.8141,2026-02-09,90,28.83,45.33,67.0,71.0,73.0,81.0,,,,-0.04,1.06,2.38,1.71,1.2,1.34,-2.78,-8.44,-9.82,-1.96,28.83
NOC,NORTHROP GRUMMAN SYSTEMS CORPORATION,W519TC24F0335,2026-03-31,0.0,Department of Defense,Department of the Army,DELIVERY ORDER,2026-03-31,679.2505,668.6472,1.59,496.02,2026-06-29,61,-26.98,699.4217,2026-04-02,2,2.97,41.01,,,,,,,,2.16,1.99,0.77,-1.25,-0.53,-10.42,-15.06,-19.12,-19.74,-26.39,-14.92
LMT,LOCKHEED MARTIN CORPORATION,H9225424F2856,2026-01-14,0.0,Department of Defense,U.S. Special Operations Command,DELIVERY ORDER,2026-01-14,565.9924,551.761,2.58,503.2157,2026-05-08,79,-11.09,672.2988,2026-03-02,31,18.78,33.6,10.0,11.0,24.0,,,,,0.91,0.59,3.7,1.56,8.7,5.25,13.95,14.91,10.13,8.78,-6.46
LMT,LOCKHEED MARTIN CORPORATION,N0003024C0100,2025-08-15,12421332.0,Department of Defense,Department of the Navy,DEFINITIVE CONTRACT,2025-08-15,426.0683,425.8346,0.05,426.0683,2025-08-15,0,0.0,504.3876,2025-10-06,35,18.38,18.38,13.0,25.0,34.0,,,,,0.7,1.93,1.97,4.09,4.13,6.79,9.19,13.26,16.46,4.08,11.93
CACI,"CACI, INC. - FEDERAL",N0042123F0669,2026-03-09,20408.16,Department of Defense,Department of the Navy,DELIVERY ORDER,2026-03-09,633.21,616.0,2.79,443.26,2026-06-25,75,-30.0,633.21,2026-03-09,0,0.0,42.85,,,,,,,,-6.55,-3.25,-4.4,-3.87,-6.94,-10.98,-8.65,-18.13,-21.17,-16.6,-27.11
CACI,"CACI NSS, LLC",70RDA124FC0000009,2026-03-10,0.0,Department of Homeland Security,Office of Procurement Operations,BPA CALL,2026-03-10,591.71,633.21,-6.55,443.26,2026-06-25,74,-25.09,612.93,2026-03-17,5,3.59,38.28,,,,,,,,2.14,2.54,3.59,3.59,-2.54,-5.62,-4.82,-13.43,-14.85,-10.07,-23.72
NOC,NORTHROP GRUMMAN SYSTEMS CORPORATION,HQ072725FE023,2025-10-28,0.0,Department of Defense,Defense Microelectronics Activity,DELIVERY ORDER,2025-10-28,588.1672,589.0568,-0.15,541.3857,2025-12-01,23,-7.95,764.6547,2026-03-02,84,30.01,41.24,51.0,53.0,62.0,76.0,84.0,,,-1.69,-1.95,-3.01,-3.88,-4.76,-5.38,-4.7,-6.29,-1.18,11.53,24.41
BA,THE BOEING COMPANY,FA865126FB001,2026-02-10,0.0,Department of Defense,Department of the Air Force,DELIVERY ORDER,2026-02-10,242.59,244.71,-0.87,189.21,2026-03-30,33,-22.0,244.04,2026-02-17,4,0.6,28.98,,,,,,,,-2.61,0.15,-1.51,-4.35,-5.04,-7.61,-15.59,-17.72,-9.77,-4.77,-8.97
BA,THE BOEING COMPANY,FA810222F2002,2026-02-05,0.0,Department of Defense,Defense Contract Management Agency,DELIVERY ORDER,2026-02-05,236.95,235.95,0.42,189.21,2026-03-30,36,-20.15,244.71,2026-02-09,2,3.27,29.33,,,,,,,,2.57,2.38,1.01,2.99,-2.08,-3.18,-5.04,-17.65,-6.25,-6.6,-3.99
LMT,LOCKHEED MARTIN CORPORATION,FA820523F0528,2026-02-04,0.0,Department of Defense,Department of the Air Force,DELIVERY ORDER,2026-02-04,595.7003,620.9016,-4.06,503.2157,2026-05-08,65,-15.53,672.2988,2026-03-02,17,12.86,33.6,3.0,10.0,,,,,,1.07,5.89,4.3,8.27,10.58,7.42,12.04,6.32,2.35,-14.48,-10.97
LDOS,"LEIDOS, INC.",N6883625F7M5H,2025-11-10,371407.0,Department of Defense,Department of the Navy,DELIVERY ORDER,2025-11-10,195.2483,195.3574,-0.06,160.5633,2026-02-17,66,-17.76,197.153,2026-01-09,41,0.98,22.79,,,,,,,,0.7,-2.82,-4.1,-3.91,-5.11,-4.29,-4.35,-5.14,-1.56,-1.75,-17.05
BA,THE BOEING COMPANY,FA852621F0005,2025-08-20,-1034391.78,Department of Defense,Defense Contract Management Agency,DELIVERY ORDER,2025-08-20,225.62,225.0,0.28,179.12,2025-11-24,67,-20.61,237.38,2025-09-02,8,5.21,32.53,8.0,,,,,,,-0.51,0.55,4.43,4.02,2.27,0.84,-4.42,-3.63,-3.48,-13.76,-3.71
GD,"GENERAL DYNAMICS INFORMATION TECHNOLOGY, INC.",15PTDD25F00000002,2025-09-10,305635.0,Department of Justice,Office of Justice Programs,BPA CALL,2025-09-10,317.4496,315.7594,0.54,317.0664,2025-09-22,8,-0.12,364.0791,2026-01-16,89,14.69,14.83,14.0,80.0,,,,,,2.03,1.22,0.69,0.32,0.18,5.56,6.1,5.16,8.65,6.24,12.13
LMT,LOCKHEED MARTIN CORPORATION,N0016424FW073,2026-02-26,770303.14,Department of Defense,Department of the Navy,DELIVERY ORDER,2026-02-26,634.115,639.9163,-0.91,491.64,2026-06-24,81,-22.47,672.2988,2026-03-02,2,6.02,36.75,2.0,,,,,,,2.56,4.63,2.62,4.06,2.28,0.63,-3.51,-3.85,-19.66,-16.45,-16.74
LMT,LOCKHEED MARTIN CORPORATION,N0001925F0120,2025-09-30,11780903.0,Department of Defense,Department of the Navy,DELIVERY ORDER,2025-09-30,489.6456,482.5541,1.47,434.0461,2025-12-01,43,-11.36,630.8141,2026-02-09,90,28.83,45.33,67.0,71.0,73.0,81.0,,,,-0.04,1.06,2.38,1.71,1.2,1.34,-2.78,-8.44,-9.82,-1.96,28.83
NOC,NORTHROP GRUMMAN SYSTEMS CORPORATION,SPRPA123CKJ36,2026-03-02,0.0,Department of Defense,Defense Contract Management Agency,DEFINITIVE CONTRACT,2026-03-02,764.6547,721.2059,6.02,496.02,2026-06-29,82,-35.13,764.6547,2026-03-02,0,0.0,54.16,,,,,,,,-1.16,-3.65,-2.69,-4.54,-4.17,-7.95,-11.17,-11.44,-27.27,-28.21,-29.43
BA,THE BOEING COMPANY,S1110A24F0008,2026-03-02,0.0,Department of Defense,Defense Contract Management Agency,DELIVERY ORDER,2026-03-02,229.74,227.53,0.97,189.21,2026-03-30,20,-17.64,240.6,2026-05-13,51,4.73,27.16,,,,,,,,-2.45,-3.34,-2.06,-6.81,-7.08,-15.07,-13.37,-2.6,-2.33,-2.37,-3.25
BAH,BOOZ ALLEN HAMILTON INC,FA807524F0059,2025-08-20,900000.0,Department of Defense,Department of the Air Force,DELIVERY ORDER,2025-08-20,106.8705,107.2913,-0.39,78.7024,2025-11-20,65,-26.36,108.3971,2025-08-27,5,1.43,37.73,,,,,,,,-0.22,0.21,1.43,-0.45,-5.5,-6.14,-6.47,-5.59,-8.17,-22.89,-21.55
BAH,BOOZ ALLEN HAMILTON INC,47QFSA20F0031,2025-10-28,-10108.49,General Services Administration,Federal Acquisition Service,DELIVERY ORDER,2025-10-28,83.7271,84.6764,-1.12,73.705,2026-02-23,79,-11.97,100.6977,2026-01-23,59,20.27,36.62,28.0,31.0,59.0,59.0,,,,-3.19,1.87,-0.12,0.01,1.76,-3.93,-2.06,9.43,-0.13,10.5,-8.11
BAH,BOOZ ALLEN HAMILTON INC,2032H524F00179,2026-03-20,4796037.71,Department of the Treasury,Internal Revenue Service,BPA CALL,2026-03-20,79.3524,80.2259,-1.09,59.71,2026-06-25,66,-24.75,83.4516,2026-04-07,11,5.17,39.76,11.0,,,,,,,-0.06,0.21,-1.83,-2.4,4.7,-2.23,1.31,-2.64,-0.05,-6.77,-13.92
LDOS,"LEIDOS, INC.",70T04025C7672N001,2025-10-07,0.0,Department of Homeland Security,Transportation Security Administration,DEFINITIVE CONTRACT,2025-10-07,195.3772,196.4087,-0.53,160.5633,2026-02-17,90,-17.82,197.9062,2025-11-04,20,1.29,23.26,,,,,,,,0.62,-4.55,-4.94,-6.39,-1.95,-4.01,-0.98,-4.01,-4.41,-6.66,-17.82
LDOS,"LEIDOS, INC.",FA872324FB007,2025-09-25,8208.61,Department of Defense,Department of the Air Force,DELIVERY ORDER,2025-09-25,180.8578,185.8563,-2.69,179.3204,2025-12-31,67,-0.85,197.9062,2025-11-04,28,9.43,10.36,4.0,,,,,,,1.39,3.62,5.77,8.6,6.41,2.31,4.17,6.8,4.79,1.5,3.57
BA,THE BOEING COMPANY,N0001914C0067,2026-01-27,0.0,Department of Defense,Defense Contract Management Agency,DEFINITIVE CONTRACT,2026-01-27,244.56,248.43,-1.56,189.21,2026-03-30,43,-22.63,244.71,2026-02-09,9,0.06,29.33,,,,,,,,-1.21,-4.43,-4.67,-3.11,-0.81,-0.21,-6.19,-12.46,-15.23,-4.26,-11.9
LMT,LOCKHEED MARTIN CORPORATION,N0003019C0045,2025-10-01,330313.0,Department of Defense,Department of the Navy,DEFINITIVE CONTRACT,2025-10-01,489.4396,489.6455,-0.04,434.0461,2025-12-01,42,-11.32,630.8141,2026-02-09,89,28.88,45.33,66.0,70.0,72.0,80.0,,,,0.07,3.05,3.01,1.21,0.08,-1.9,-1.86,-8.41,-9.47,-2.47,27.12
CACI,"CACI, INC. - FEDERAL",N0017823F3018,2026-03-18,0.0,Department of Defense,Department of the Navy,DELIVERY ORDER,2026-03-18,608.73,612.93,-0.69,440.76,2026-07-21,85,-27.59,612.93,2026-03-19,1,0.69,39.06,,,,,,,,0.69,-3.2,-4.89,-7.4,-7.82,-4.97,-13.4,-14.65,-19.49,-14.67,-16.21
IBM,INTERNATIONAL BUSINESS MACHINES CORPORATION,HR001125C0052,2025-12-16,36.0,Department of Defense,Defense Advanced Research Projects Agency,DEFINITIVE CONTRACT,2025-12-16,297.1272,302.4979,-1.78,220.139,2026-02-23,45,-25.91,308.4467,2026-02-02,31,3.81,40.11,,,,,,,,0.05,-0.73,0.2,0.63,-2.3,-2.13,0.82,1.16,-25.91,-17.32,-22.7
NOC,NORTHROP GRUMMAN SYSTEMS CORPORATION,00S3,2025-09-11,0.0,Department of Defense,Defense Logistics Agency,DELIVERY ORDER,2025-09-11,576.2072,573.1628,0.53,541.3857,2025-12-01,56,-6.04,661.858,2026-01-16,88,14.86,22.25,17.0,86.0,,,,,,-1.2,-0.62,-1.58,-1.17,0.48,3.85,6.95,3.91,-4.28,-5.45,14.39
GD,"GENERAL DYNAMICS INFORMATION TECHNOLOGY, INC.",N0003923C0002,2025-12-17,3764171.14,Department of Defense,Department of the Navy,DEFINITIVE CONTRACT,2025-12-17,332.031,333.0969,-0.32,311.1606,2026-04-27,88,-6.29,364.0791,2026-01-16,20,9.65,17.01,11.0,,,,,,,0.28,2.61,2.67,1.21,2.08,4.47,7.2,3.38,4.82,6.34,1.57
BA,THE BOEING COMPANY,80MSFC20C0052,2026-01-28,40467393.0,National Aeronautics and Space Administration,National Aeronautics and Space Administration,DEFINITIVE CONTRACT,2026-01-28,241.59,244.56,-1.21,189.21,2026-03-30,42,-21.68,244.71,2026-02-09,8,1.29,29.33,,,,,,,,-3.13,-3.55,-2.33,0.6,-2.21,-1.1,-5.82,-15.24,-13.81,-3.79,-10.63
GD,"GENERAL DYNAMICS MISSION SYSTEMS, INC.",N0003921F6002,2025-11-07,125400.0,Department of Defense,Department of the Air Force,DELIVERY ORDER,2025-11-07,341.8317,335.8703,1.77,328.0535,2025-12-01,15,-4.03,364.0791,2026-01-16,47,6.51,10.98,45.0,,,,,,,0.91,0.9,-0.6,-1.46,-1.73,-1.36,-3.49,-0.33,5.68,2.06,0.25
LMT,LOCKHEED MARTIN CORPORATION,H9225425F2884,2025-08-27,0.0,Department of Defense,U.S. Special Operations Command,DELIVERY ORDER,2025-08-27,442.5342,443.4982,-0.22,434.0461,2025-12-01,66,-1.92,515.9257,2026-01-06,90,16.58,18.86,13.0,23.0,90.0,,,,,0.38,0.29,1.26,1.76,4.33,4.86,8.04,12.54,8.54,3.79,16.58
LMT,LOCKHEED MARTIN CORPORATION,FA823224F0206,2026-01-27,644924.0,Department of Defense,Department of the Air Force,DELIVERY ORDER,2026-01-27,587.9818,574.8474,2.28,503.2157,2026-05-08,71,-14.42,672.2988,2026-03-02,23,14.34,33.6,3.0,16.0,,,,,,0.39,6.6,5.6,2.39,5.82,9.18,7.85,9.74,4.36,-10.48,-10.92
BA,THE BOEING COMPANY,N6134023F0254,2026-03-31,12210887.0,Department of Defense,Department of the Navy,DELIVERY ORDER,2026-03-31,199.03,189.21,5.19,199.03,2026-03-31,0,0.0,240.6,2026-05-13,30,20.89,20.89,3.0,6.0,15.0,30.0,,,,4.17,6.67,9.43,9.35,12.51,10.11,15.07,20.89,9.24,9.15,16.96
LMT,LOCKHEED MARTIN CORPORATION,W31P4Q26C0009,2026-03-23,0.0,Department of Defense,Department of the Army,DEFINITIVE CONTRACT,2026-03-23,612.2419,623.3492,-1.78,491.64,2026-06-24,64,-19.7,633.7512,2026-04-06,9,3.51,28.91,,,,,,,,-0.99,1.8,-2.87,0.23,1.86,0.56,-9.87,-17.42,-13.81,-13.05,-4.82
PLTR,PALANTIR USG INC,W9124P25FA219,2025-09-29,15137867.32,Department of Defense,Department of the Army,DELIVERY ORDER,2025-09-29,178.86,177.57,0.73,130.01,2026-02-05,89,-27.31,207.18,2025-11-03,25,15.83,59.36,20.0,22.0,25.0,,,,,1.99,4.58,0.37,2.63,-0.92,-0.4,6.0,8.25,-4.57,8.54,-24.02
HON,"HONEYWELL INTERNATIONAL, INC",80JSC022FA059,2026-03-31,216000.0,National Aeronautics and Space Administration,National Aeronautics and Space Administration,BPA CALL,2026-03-31,235.7573,233.0975,1.14,215.9203,2026-06-10,49,-8.41,249.4599,2026-05-29,41,5.81,15.53,41.0,,,,,,,0.96,0.96,2.85,3.99,2.73,-1.69,-5.18,-3.57,-3.18,3.3,3.04
BA,THE BOEING COMPANY,FA863418C2701,2025-12-12,0.0,Department of Defense,Department of the Air Force,DEFINITIVE CONTRACT,2025-12-12,204.38,200.71,1.83,189.21,2026-03-30,72,-7.42,252.15,2026-01-23,27,23.37,33.26,6.0,13.0,19.0,22.0,,,,0.55,0.95,4.75,6.1,6.3,11.62,18.71,18.21,14.35,0.19,13.73
IBM,INTERNATIONAL BUSINESS MACHINES CORPORATION,W9124D25FA231,2025-08-29,1269065.64,Department of Defense,Department of the Army,DELIVERY ORDER,2025-08-29,237.3204,239.5037,-0.91,235.3808,2025-09-02,1,-0.82,308.6917,2025-11-12,52,30.07,31.15,5.0,15.0,18.0,26.0,52.0,,,-0.82,1.52,5.17,5.5,5.24,9.41,15.88,13.85,25.15,25.59,25.01
LMT,LOCKHEED MARTIN CORP,N0003019C0025,2025-09-15,21000000.0,Department of Defense,Department of the Navy,DEFINITIVE CONTRACT,2025-09-15,464.1829,462.2801,0.41,434.0461,2025-12-01,54,-6.49,586.9539,2026-01-22,89,26.45,35.23,11.0,78.0,81.0,84.0,,,,0.23,0.08,1.51,2.75,3.96,6.6,6.75,2.89,-0.52,-0.59,25.79
BAH,BOOZ ALLEN HAMILTON INC,H9821025FE010,2025-09-30,1895283.88,Department of Defense,Defense Human Resources Activity,DELIVERY ORDER,2025-09-30,97.8089,96.7716,1.07,78.7024,2025-11-20,37,-19.53,101.8113,2025-10-07,5,4.09,29.36,,,,,,,,2.65,4.07,4.09,-0.22,-2.15,1.0,-17.13,-12.89,-16.93,-14.25,-9.23
LMT,RAYTHEON/LOCKHEED MARTIN JAVELIN JV,W31P4Q24C0047,2026-02-26,1828185.83,Department of Defense,Department of the Army,DEFINITIVE CONTRACT,2026-02-26,634.115,639.9163,-0.91,491.64,2026-06-24,81,-22.47,672.2988,2026-03-02,2,6.02,36.75,2.0,,,,,,,2.56,4.63,2.62,4.06,2.28,0.63,-3.51,-3.85,-19.66,-16.45,-16.74
NOC,NORTHROP GRUMMAN SYSTEMS CORPORATION,NNH15CN76C,2025-09-15,1000000.0,National Aeronautics and Space Administration,National Aeronautics and Space Administration,DEFINITIVE CONTRACT,2025-09-15,567.8945,569.298,-0.25,541.3857,2025-12-01,54,-4.67,667.8622,2026-01-23,90,17.6,23.36,11.0,17.0,86.0,,,,,0.84,-0.14,0.28,2.04,3.39,6.09,9.12,3.73,-2.0,-3.77,17.6
HII,HUNTINGTON INGALLS INCORPORATED,N0002421C4205,2025-08-27,1311781.0,Department of Defense,Department of the Navy,DEFINITIVE CONTRACT,2025-08-27,271.8,267.2273,1.71,263.9292,2025-09-09,8,-2.9,364.879,2026-01-06,90,34.25,38.25,29.0,45.0,45.0,76.0,89.0,,,-0.41,-1.94,-1.84,-1.85,0.38,-0.94,1.36,4.04,16.01,9.74,34.25
BA,THE BOEING COMPANY,HC101321C0003,2026-03-18,7414810.91,Department of Defense,Defense Information Systems Agency,DEFINITIVE CONTRACT,2026-03-18,205.99,210.82,-2.29,189.21,2026-03-30,8,-8.15,240.6,2026-05-13,39,16.8,27.16,14.0,24.0,36.0,,,,,-2.34,-3.68,-3.1,-7.51,0.65,5.73,8.44,11.19,6.61,6.34,7.56
LDOS,"LEIDOS, INC.",47QFCA21C0002,2025-08-19,-24138.0,General Services Administration,Federal Acquisition Service,DEFINITIVE CONTRACT,2025-08-19,176.882,176.2685,0.35,175.8627,2025-09-03,10,-0.58,197.9062,2025-11-04,54,11.89,12.53,22.0,33.0,,,,,,0.79,1.68,2.02,1.47,-0.58,0.16,4.93,7.45,5.67,8.22,4.45
BA,THE BOEING COMPANY,FA855724F0003,2025-09-26,7975131.37,Department of Defense,Department of the Air Force,DELIVERY ORDER,2025-09-26,221.26,213.53,3.62,179.12,2025-11-24,41,-19.05,252.15,2026-01-23,81,13.96,40.77,72.0,74.0,,,,,,-1.89,-2.74,-2.24,0.25,-4.76,-4.23,0.79,-12.04,-15.73,-2.0,7.09
IBM,INTERNATIONAL BUSINESS MACHINES CORPORATION,HQ072724F4002,2026-03-19,9632316.17,Department of Defense,Defense Microelectronics Activity,DELIVERY ORDER,2026-03-19,246.7705,247.9829,-0.49,204.3044,2026-07-22,85,-17.21,326.8851,2026-06-02,51,32.47,60.0,48.0,49.0,49.0,50.0,51.0,,,-3.43,-3.91,-3.47,-5.24,-0.88,-5.27,1.33,-7.26,2.13,8.12,-8.89
NOC,NORTHROP GRUMMAN SYSTEMS CORPORATION,N6660423F0630,2025-11-17,143000.0,Department of Defense,Department of the Navy,DELIVERY ORDER,2025-11-17,556.5176,551.5458,0.9,541.3857,2025-12-01,9,-2.72,764.6547,2026-03-02,70,37.4,41.24,32.0,36.0,39.0,45.0,63.0,,,0.66,0.77,0.45,0.72,-2.46,-1.28,0.61,1.69,20.01,25.29,20.15
LMT,LOCKHEED MARTIN CORPORATION,FA823224F0186,2025-10-30,0.0,Department of Defense,Department of the Air Force,DELIVERY ORDER,2025-10-30,480.3374,476.0315,0.9,434.0461,2025-12-01,21,-9.64,672.2988,2026-03-02,82,39.96,54.89,44.0,48.0,51.0,55.0,62.0,,,0.44,-0.97,-4.25,-7.68,-6.92,-4.05,-9.64,-1.19,7.41,22.89,35.03
LMT,LOCKHEED MARTIN CORPORATION,NNG04EA00C,2026-04-01,2000000.0,National Aeronautics and Space Administration,National Aeronautics and Space Administration,DEFINITIVE CONTRACT,2026-04-01,613.6229,600.4591,2.19,491.64,2026-06-24,57,-19.88,633.7512,2026-04-06,2,3.28,28.91,,,,,,,,0.83,1.63,1.01,0.33,-1.64,-10.07,-16.98,-15.74,-14.64,-18.18,-2.58
HII,HUNTINGTON INGALLS INCORPORATED,N0002420C2437,2025-08-27,-226639.0,Department of Defense,Department of the Navy,DEFINITIVE CONTRACT,2025-08-27,271.8,267.2273,1.71,263.9292,2025-09-09,8,-2.9,364.879,2026-01-06,90,34.25,38.25,29.0,45.0,45.0,76.0,89.0,,,-0.41,-1.94,-1.84,-1.85,0.38,-0.94,1.36,4.04,16.01,9.74,34.25
BAH,BOOZ ALLEN HAMILTON INC,47QFRA24F0006,2026-03-18,4340779.21,General Services Administration,Federal Acquisition Service,DELIVERY ORDER,2026-03-18,78.0721,76.5436,2.0,59.71,2026-06-25,68,-23.52,83.4516,2026-04-07,13,6.89,39.76,11.0,,,,,,,2.76,1.58,1.86,-0.22,2.17,3.74,3.95,-1.13,-2.94,-0.85,-6.25
LMT,LOCKHEED MARTIN CORPORATION,H9225426FE018,2026-01-06,16430.0,Department of Defense,U.S. Special Operations Command,DELIVERY ORDER,2026-01-06,515.9257,505.5783,2.05,491.0505,2026-01-07,1,-4.82,672.2988,2026-03-02,37,30.31,36.91,4.0,7.0,16.0,17.0,37.0,,,-4.82,4.0,6.95,10.7,12.3,13.97,16.69,27.67,25.71,19.93,-0.63
BA,THE BOEING COMPANY,W58RGZ23F0120,2026-02-12,0.0,Department of Defense,Defense Contract Management Agency,DELIVERY ORDER,2026-02-12,239.35,236.26,1.31,189.21,2026-03-30,31,-20.95,244.04,2026-02-17,2,1.96,28.98,,,,,,,,1.51,-0.18,-3.06,-2.49,-4.94,-7.22,-10.81,-20.4,-5.96,-0.48,-7.98
BAH,BOOZ ALLEN HAMILTON INC,HC102825F0066,2025-10-30,0.0,Department of Defense,Defense Information Systems Agency,BPA CALL,2025-10-30,81.0459,81.0556,-0.01,73.705,2026-02-23,77,-9.06,100.6977,2026-01-23,57,24.25,36.62,1.0,26.0,48.0,57.0,,,,5.24,3.19,3.32,5.41,1.68,-2.25,0.2,12.76,9.43,10.72,-5.57
BA,THE BOEING COMPANY,W58RGZ21F0071,2026-02-19,0.0,Department of Defense,Department of the Army,DELIVERY ORDER,2026-02-19,233.71,238.93,-2.18,189.21,2026-03-30,27,-19.04,240.6,2026-05-13,58,2.95,27.16,,,,,,,,-0.72,-0.14,-1.84,-1.7,-4.98,-8.39,-16.51,-10.91,-0.54,-5.66,-7.38
HII,HUNTINGTON INGALLS INC,N0002415C4301,2025-09-22,155027.0,Department of Defense,Department of the Navy,DEFINITIVE CONTRACT,2025-09-22,272.9123,271.8944,0.37,268.0601,2025-09-25,3,-1.78,424.6631,2026-01-29,89,55.6,58.42,12.0,28.0,28.0,63.0,72.0,79.0,,-0.05,-1.78,1.22,3.57,4.46,2.47,4.12,14.98,12.22,18.86,52.94
BAH,BOOZ ALLEN HAMILTON INC,FA807525F0041,2025-12-16,4753820.0,Department of Defense,Department of the Air Force,DELIVERY ORDER,2025-12-16,84.12,90.493,-7.04,73.705,2026-02-23,45,-12.38,100.6977,2026-01-23,25,19.71,36.62,13.0,15.0,25.0,,,,,1.35,-0.16,-0.88,-0.01,-1.22,5.69,14.05,3.54,-12.38,-10.61,-10.04
LMT,LOCKHEED MARTIN CORPORATION,N0001919F2636,2025-09-15,0.0,Department of Defense,Department of the Navy,DELIVERY ORDER,2025-09-15,464.1829,462.2801,0.41,434.0461,2025-12-01,54,-6.49,586.9539,2026-01-22,89,26.45,35.23,11.0,78.0,81.0,84.0,,,,0.23,0.08,1.51,2.75,3.96,6.6,6.75,2.89,-0.52,-0.59,25.79
GE,GENERAL ELECTRIC COMPANY,SPE4A126F0683,2026-02-13,1377124.96,Department of Defense,Defense Logistics Agency,DELIVERY ORDER,2026-02-13,314.5591,312.0459,0.81,272.9098,2026-03-30,30,-13.24,370.8976,2026-06-25,90,17.91,35.9,3.0,84.0,89.0,,,,,3.7,6.13,7.48,8.71,9.62,2.44,-4.08,-13.24,-8.96,-5.56,17.91
LMT,LOCKHEED MARTIN CORPORATION,FA861120C9708,2025-09-03,0.0,Department of Defense,Department of the Air Force,DEFINITIVE CONTRACT,2025-09-03,440.4564,443.8305,-0.76,434.0461,2025-12-01,62,-1.46,544.7837,2026-01-12,90,23.69,25.51,8.0,19.0,86.0,89.0,,,,1.73,2.24,3.3,4.95,5.36,8.38,11.2,11.21,5.36,1.14,23.69
KTOS,"KRATOS UNMANNED AERIAL SYSTEMS, INC",FA867824FB007,2025-09-11,0.0,Department of Defense,Department of the Air Force,DELIVERY ORDER,2025-09-11,67.67,65.66,3.06,67.31,2025-11-20,50,-0.53,130.72,2026-01-16,88,93.17,94.21,3.0,3.0,5.0,8.0,12.0,18.0,,2.26,12.83,19.18,19.28,24.43,37.37,39.84,31.99,5.94,13.05,78.2
ACN,ACCENTURE FEDERAL SERVICES LLC,70T03024F7667N079,2026-01-15,0.0,Department of Homeland Security,Transportation Security Administration,BPA CALL,2026-01-15,281.9598,282.7142,-0.27,157.7433,2026-05-13,81,-44.05,281.9598,2026-01-15,0,0.0,78.75,,,,,,,,-0.54,-2.45,-2.33,-4.16,-8.39,-18.83,-23.59,-28.44,-30.49,-33.29,-38.2
ACN,ACCENTURE FEDERAL SERVICES LLC,N0003924F9001,2026-02-25,-51987.0,Department of Defense,Department of the Navy,DELIVERY ORDER,2026-02-25,187.6335,192.7579,-2.66,122.9615,2026-06-30,86,-34.47,210.6591,2026-03-06,7,12.27,71.32,1.0,6.0,,,,,,8.29,7.54,9.66,12.27,5.21,3.74,2.57,-2.03,-5.89,-6.33,-25.15
BAH,BOOZ ALLEN HAMILTON INC,N6523624F3010,2025-10-24,0.0,Department of Defense,Department of the Navy,DELIVERY ORDER,2025-10-24,89.4421,98.1416,-8.86,73.705,2026-02-23,81,-17.59,100.6977,2026-01-23,61,12.58,36.62,52.0,61.0,,,,,,-5.33,-9.38,-4.64,-6.5,-4.32,-7.87,-11.06,0.59,-6.23,5.46,-9.13
LMT,LOCKHEED MARTIN CORPORATION,N0001923F0129,2025-09-17,0.0,Department of Defense,Defense Contract Management Agency,DELIVERY ORDER,2025-09-17,464.0554,465.2324,-0.25,434.0461,2025-12-01,52,-6.47,587.9818,2026-01-27,90,26.71,35.47,9.0,76.0,79.0,82.0,,,,0.11,1.54,2.78,3.03,5.47,8.02,4.25,2.58,-0.68,1.13,26.71
CACI,"CACI, INC. - FEDERAL",N6523625F0459,2025-12-18,5649921.55,Department of Defense,Department of the Navy,DELIVERY ORDER,2025-12-18,548.96,560.75,-2.1,501.9,2026-04-27,87,-8.57,662.19,2026-01-23,23,20.63,31.94,13.0,15.0,19.0,23.0,,,,1.39,-0.8,-1.27,-1.81,3.58,9.1,15.23,12.73,7.48,10.89,-5.36
LDOS,"LEIDOS, INC.",0190,2025-09-17,1972.82,Department of Defense,Department of the Army,DELIVERY ORDER,2025-09-17,182.286,181.076,0.67,179.3204,2025-12-31,73,-1.63,197.9062,2025-11-04,34,8.57,10.36,12.0,,,,,,,1.82,2.21,1.96,0.6,4.26,7.18,0.33,2.37,2.93,3.66,2.05
BA,THE BOEING COMPANY,80MSFC20C0052,2026-03-13,0.0,National Aeronautics and Space Administration,National Aeronautics and Space Administration,DEFINITIVE CONTRACT,2026-03-13,209.89,204.76,2.51,189.21,2026-03-30,11,-9.85,240.6,2026-05-13,42,14.63,27.16,20.0,27.0,,,,,,1.71,-1.86,-7.04,-6.42,-9.23,-0.8,6.61,10.21,5.11,2.2,-0.31
LDOS,"LEIDOS, INC.",47QFMA22F0002,2025-12-08,-606.54,General Services Administration,Federal Acquisition Service,DELIVERY ORDER,2025-12-08,184.091,185.2811,-0.64,152.3419,2026-04-10,84,-17.25,197.153,2026-01-09,22,7.1,29.41,18.0,,,,,,,-0.36,2.65,0.41,-2.07,0.45,0.16,5.41,4.46,-7.43,-3.95,-16.2
NOC,NORTHROP GRUMMAN SYSTEMS CORPORATION,FA881925CB002,2025-09-08,1784585.0,Department of Defense,Department of the Air Force,DEFINITIVE CONTRACT,2025-09-08,575.1694,574.0821,0.19,541.3857,2025-12-01,59,-5.87,649.6609,2026-01-15,90,12.95,20.0,20.0,89.0,,,,,,-1.76,0.18,-1.26,-0.83,-0.99,2.17,6.83,3.45,-3.25,-5.62,12.95
LMT,LOCKHEED MARTIN CORPORATION,SPRPA126FXF01,2025-10-23,3372643.0,Department of Defense,Defense Logistics Agency,DELIVERY ORDER,2025-10-23,478.6993,477.8068,0.19,434.0461,2025-12-01,26,-9.33,672.2988,2026-03-02,87,40.44,54.89,49.0,53.0,55.0,58.0,67.0,,,-0.54,-0.47,0.34,-0.02,-3.92,-6.35,-5.59,-6.64,0.93,21.03,35.94
LDOS,"LEIDOS, INC.",N0003925F7452,2025-10-31,118517.57,Department of Defense,Department of the Navy,DELIVERY ORDER,2025-10-31,188.901,189.3473,-0.24,160.5633,2026-02-17,72,-15.0,197.9062,2025-11-04,2,4.77,23.26,,,,,,,,1.35,2.42,3.42,4.08,0.49,-2.53,-1.79,-2.15,3.46,-1.5,-8.51
LMT,LOCKHEED MARTIN CORPORATION,N0001925F0041,2026-02-26,885837.48,Department of Defense,Department of the Navy,DELIVERY ORDER,2026-02-26,634.115,639.9163,-0.91,491.64,2026-06-24,81,-22.47,672.2988,2026-03-02,2,6.02,36.75,2.0,,,,,,,2.56,4.63,2.62,4.06,2.28,0.63,-3.51,-3.85,-19.66,-16.45,-16.74
PLTR,PALANTIR USG INC,W519TC25F0331,2025-08-18,-500500.0,Department of Defense,Department of the Army,DELIVERY ORDER,2025-08-18,174.03,177.17,-1.77,153.11,2025-09-05,13,-12.02,207.18,2025-11-03,54,19.05,35.31,31.0,51.0,53.0,,,,,-9.35,-10.26,-9.69,-9.95,-9.73,-10.3,-3.28,4.82,4.3,9.73,11.57
LDOS,"LEIDOS, INC.",FA865019C1941,2025-08-22,200000.0,Department of Defense,Department of the Air Force,DEFINITIVE CONTRACT,2025-08-22,179.8508,178.5643,0.72,175.8627,2025-09-03,7,-2.22,197.9062,2025-11-04,51,10.04,12.53,27.0,51.0,,,,,,-0.07,0.91,-0.45,-2.22,-1.83,1.17,3.18,9.21,4.28,4.11,-0.29
ONDS,CONDOR SECURITY OF AMERICA INC,6991PE22P000019,2025-09-23,390826.99,Department of Transportation,Maritime Administration,PURCHASE ORDER,2025-09-23,7.88,7.26,8.54,5.25,2025-11-06,32,-33.38,14.01,2026-01-08,74,77.79,166.86,7.0,7.0,7.0,8.0,9.0,71.0,,-6.73,-2.79,-2.03,16.88,40.74,37.18,-14.47,-24.37,7.11,-6.47,35.03
NOC,NORTHROP GRUMMAN SYSTEMS CORPORATION,0004,2026-01-05,0.0,Department of Defense,Department of the Air Force,DELIVERY ORDER,2026-01-05,606.6982,581.2321,4.38,545.8078,2026-05-11,87,-10.04,764.6547,2026-03-02,38,26.04,40.1,7.0,13.0,20.0,31.0,,,,-0.12,-3.36,2.94,6.84,7.52,8.12,12.83,18.57,20.32,14.38,-9.96
BAH,BOOZ ALLEN HAMILTON INC,50310220F0017,2025-12-09,735477.25,Securities and Exchange Commission,Securities and Exchange Commission,DELIVERY ORDER,2025-12-09,89.1731,89.971,-0.89,73.705,2026-02-23,50,-17.35,100.6977,2026-01-23,30,12.92,36.62,21.0,30.0,,,,,,2.75,2.49,-5.67,-4.99,-6.5,-5.94,6.24,12.92,-11.71,-9.37,-9.84
NOC,NORTHROP GRUMMAN SYSTEMS CORPORATION,47QFSA21F0124,2026-01-29,-189816.61,General Services Administration,Federal Acquisition Service,DELIVERY ORDER,2026-01-29,690.0928,683.9199,0.9,526.06,2026-06-03,86,-23.77,764.6547,2026-03-02,21,10.8,45.36,14.0,21.0,,,,,,-0.44,1.38,0.17,0.38,-0.04,5.97,10.8,5.85,0.38,-17.0,-20.49
GD,"GENERAL DYNAMICS MISSION SYSTEMS, INC.",FA714624F0012,2026-03-04,-93232.61,Department of Defense,Department of the Air Force,DELIVERY ORDER,2026-03-04,362.8304,361.4232,0.39,311.1606,2026-04-27,37,-14.24,376.88,2026-07-06,84,3.87,21.12,,,,,,,,-1.48,-1.13,-3.35,-3.99,-3.49,-5.43,-4.65,-8.1,-4.57,-4.83,1.84
HII,HUNTINGTON INGALLS INC,N0002415C2114,2025-10-24,182548.0,Department of Defense,Department of the Navy,DEFINITIVE CONTRACT,2025-10-24,296.383,286.6785,3.39,294.9106,2025-10-29,3,-0.5,451.7788,2026-03-02,86,52.43,53.19,4.0,35.0,40.0,48.0,53.0,86.0,,0.59,-0.5,7.37,5.33,3.22,4.25,3.34,5.79,14.53,42.05,44.16
NOC,NORTHROP GRUMMAN SYSTEMS CORP,FA852225F0038,2025-08-26,31049140.0,Department of Defense,Department of the Air Force,DELIVERY ORDER,2025-08-26,583.866,577.6829,1.07,541.3857,2025-12-01,67,-7.28,630.571,2025-10-08,30,8.0,16.47,29.0,,,,,,,-1.08,-0.5,-1.64,-1.68,-1.83,-1.92,-0.83,8.0,-0.97,-4.35,3.91
BA,"BOEING AEROSPACE OPERATIONS, INC.",FA231824FB011,2025-11-25,1105000.0,Department of Defense,Department of the Air Force,DELIVERY ORDER,2025-11-25,182.44,179.12,1.85,182.44,2025-11-25,0,0.0,252.15,2026-01-23,39,38.21,38.21,4.0,4.0,17.0,25.0,31.0,,,2.46,2.2,11.02,10.66,8.92,13.3,18.64,28.55,27.72,27.93,19.38
ACN,ACCENTURE FEDERAL SERVICES LLC,HT003824C0004,2026-03-30,5255237.47,Department of Defense,Defense Health Agency,DEFINITIVE CONTRACT,2026-03-30,193.5614,188.7113,2.57,122.9615,2026-06-30,63,-36.47,197.2651,2026-04-02,3,1.91,60.43,,,,,,,,0.37,1.91,-0.13,-5.03,-2.82,-0.42,-7.98,-13.33,-9.42,-35.77,-9.22
NOC,NORTHROP GRUMMAN SYSTEMS CORPORATION,N0038326FNF00,2025-10-27,0.0,Department of Defense,Department of the Navy,DELIVERY ORDER,2025-10-27,589.0569,598.5754,-1.59,541.3857,2025-12-01,24,-8.09,764.6547,2026-03-02,85,29.81,41.24,52.0,54.0,63.0,77.0,,,,-0.15,-2.91,-3.45,-4.27,-5.53,-6.37,-4.45,-7.23,-3.93,13.38,26.31
PSN,PARSONS GOVERNMENT SERVICES INC.,1630DC18C0037,2025-09-25,-605917.81,Department of Labor,Office of the Assistant Secretary for Administration and Management,DEFINITIVE CONTRACT,2025-09-25,79.7,80.67,-1.2,60.2,2025-12-17,58,-24.47,89.29,2025-10-08,9,12.03,48.32,4.0,7.0,,,,,,2.21,4.04,9.67,10.83,9.67,5.53,5.6,2.99,6.25,-22.99,-14.04
GD,"GENERAL DYNAMICS MISSION SYSTEMS, INC.",N0017325C2441,2026-03-26,272158.0,Department of Defense,Department of the Navy,DEFINITIVE CONTRACT,2026-03-26,352.0878,349.3328,0.79,311.1606,2026-04-27,21,-11.62,393.19,2026-07-28,84,11.67,26.36,67.0,83.0,,,,,,-2.4,-3.39,-1.74,-1.93,-5.23,-5.29,-11.62,-2.01,-4.08,-0.93,9.09
BA,THE BOEING COMPANY,FA852626FB003,2026-03-20,78624020.0,Department of Defense,Department of the Air Force,DELIVERY ORDER,2026-03-20,195.12,201.18,-3.01,189.21,2026-03-30,6,-3.03,240.6,2026-05-13,37,23.31,27.16,8.0,12.0,20.0,23.0,,,,1.69,2.3,-2.36,2.0,8.8,11.54,12.32,13.42,12.19,16.59,13.21
LMT,LOCKHEED MARTIN CORP,FA862525FB008,2025-09-30,1062756.0,Department of Defense,Department of the Air Force,DELIVERY ORDER,2025-09-30,489.6456,482.5541,1.47,434.0461,2025-12-01,43,-11.36,630.8141,2026-02-09,90,28.83,45.33,67.0,71.0,73.0,81.0,,,,-0.04,1.06,2.38,1.71,1.2,1.34,-2.78,-8.44,-9.82,-1.96,28.83
AVAV,"AEROVIRONMENT, INC",N6833524F0079,2026-03-23,1200000.0,Department of Defense,Department of the Navy,DELIVERY ORDER,2026-03-23,206.27,197.72,4.32,136.68,2026-06-25,65,-33.74,214.39,2026-05-28,46,3.94,56.86,,,,,,,,-4.89,-5.02,-14.2,-11.04,-9.41,-5.76,1.86,-19.19,-12.12,-18.98,-27.59
BA,THE BOEING COMPANY,W58RGZ21C0015,2025-12-22,501726.05,Department of Defense,Department of the Army,DEFINITIVE CONTRACT,2025-12-22,216.84,214.08,1.29,189.21,2026-03-30,66,-12.74,252.15,2026-01-23,21,16.28,33.26,7.0,13.0,19.0,,,,,0.0,-0.18,0.77,5.04,5.2,12.78,16.28,9.27,4.93,-10.02,2.06
LMT,LOCKHEED MARTIN CORP,FA881018C0005,2025-12-02,35041289.88,Department of Defense,Department of the Air Force,DEFINITIVE CONTRACT,2025-12-02,436.6452,434.0461,0.6,436.6452,2025-12-02,0,0.0,672.2988,2026-03-02,60,53.97,53.97,4.0,18.0,22.0,26.0,30.0,53.0,,1.13,2.35,5.67,7.48,7.98,9.45,12.51,30.8,41.14,53.97,39.15
GD,"GENERAL DYNAMICS MISSION SYSTEMS, INC.",W56KGY25F0022,2025-09-15,1394888.0,Department of Defense,Department of the Army,DELIVERY ORDER,2025-09-15,321.3115,320.4958,0.25,317.0663,2025-09-22,5,-1.32,364.0791,2026-01-16,86,13.31,14.83,14.0,78.0,,,,,,-0.18,-0.74,-1.32,-1.03,1.59,5.09,3.06,8.67,4.99,2.68,12.04
BA,THE BOEING COMPANY,FA861718F8001,2025-12-22,0.0,Department of Defense,Department of the Air Force,DELIVERY ORDER,2025-12-22,216.84,214.08,1.29,189.21,2026-03-30,66,-12.74,252.15,2026-01-23,21,16.28,33.26,7.0,13.0,19.0,,,,,0.0,-0.18,0.77,5.04,5.2,12.78,16.28,9.27,4.93,-10.02,2.06
LMT,LOCKHEED MARTIN CORPORATION,N0002421C6113,2025-09-04,997514.0,Department of Defense,Department of the Navy,DEFINITIVE CONTRACT,2025-09-04,448.0971,440.4564,1.73,434.0461,2025-12-01,61,-3.14,551.761,2026-01-13,90,23.13,27.12,12.0,21.0,85.0,89.0,,,,1.54,0.05,3.04,3.59,3.67,6.44,10.43,7.97,2.64,0.22,23.13
GD,"GENERAL DYNAMICS MISSION SYSTEMS, INC.",FA855524F0029,2026-02-20,2093722.5,Department of Defense,Department of the Air Force,DELIVERY ORDER,2026-02-20,348.2625,351.1562,-0.82,311.1606,2026-04-27,45,-10.65,362.8304,2026-03-04,8,4.18,16.61,,,,,,,,-0.69,-2.36,1.6,3.78,3.43,1.08,-1.15,-0.01,-10.65,-1.91,3.73
CACI,"CACI, INC. - FEDERAL",70B06C26F00000087,2026-01-30,7257918.03,Department of Homeland Security,U.S. Customs and Border Protection,BPA CALL,2026-01-30,620.58,623.13,-0.41,480.99,2026-05-08,68,-22.49,637.27,2026-02-09,6,2.69,32.49,,,,,,,,-1.32,-2.5,-0.34,0.84,-7.62,-5.57,1.48,-2.45,-8.29,-18.03,-16.02
HII,HUNTINGTON INGALLS INCORPORATED,N0002419C4313,2026-01-30,1114.0,Department of Defense,Department of the Navy,DEFINITIVE CONTRACT,2026-01-30,417.3973,424.6631,-1.71,287.54,2026-06-03,85,-31.11,451.7788,2026-03-02,20,8.24,57.12,13.0,,,,,,,-0.05,-1.75,-5.41,-5.03,-0.41,4.06,5.04,-0.62,-4.04,-13.79,-30.73
LMT,LOCKHEED MARTIN CORPORATION,N0001924F1803,2026-02-05,0.0,Department of Defense,Department of the Navy,DELIVERY ORDER,2026-02-05,602.045,595.7003,1.07,503.2157,2026-05-08,64,-16.42,672.2988,2026-03-02,16,11.67,33.6,6.0,16.0,,,,,,2.36,3.35,4.64,6.63,8.06,5.33,9.6,3.54,2.26,-14.49,-10.98
GD,"GENERAL DYNAMICS MISSION SYSTEMS, INC.",FA855524F0029,2026-02-02,0.0,Department of Defense,Department of the Air Force,DELIVERY ORDER,2026-02-02,343.2579,347.9355,-1.34,311.1606,2026-04-27,58,-9.35,362.8304,2026-03-04,21,5.7,16.61,19.0,,,,,,,2.58,1.64,3.96,-0.01,-1.11,0.75,5.7,2.86,1.05,-1.75,4.09
BA,THE BOEING COMPANY,FA813426FB005,2026-02-26,5101362.25,Department of Defense,Department of the Air Force,DELIVERY ORDER,2026-02-26,229.41,230.36,-0.41,189.21,2026-03-30,22,-17.52,240.6,2026-05-13,53,4.88,27.16,,,,,,,,-0.82,-2.31,-3.2,-1.92,-10.74,-10.21,-16.95,-5.13,-0.88,-4.53,-1.94
CACI,"CACI, INC. - FEDERAL",70B04C24F00001129,2025-09-27,230519623.02,Department of Homeland Security,U.S. Customs and Border Protection,DELIVERY ORDER,2025-09-29,488.06,485.59,0.51,488.06,2025-09-29,0,0.0,662.19,2026-01-23,80,35.68,35.68,2.0,18.0,18.0,27.0,76.0,,,2.2,6.35,8.39,7.92,4.1,5.69,17.3,21.27,24.24,11.57,26.73
GD,"GENERAL DYNAMICS INFORMATION TECHNOLOGY, INC.",70B01C24F00000727,2025-09-15,3608459.83,Department of Homeland Security,U.S. Customs and Border Protection,BPA CALL,2025-09-15,321.3115,320.4958,0.25,317.0663,2025-09-22,5,-1.32,364.0791,2026-01-16,86,13.31,14.83,14.0,78.0,,,,,,-0.18,-0.74,-1.32,-1.03,1.59,5.09,3.06,8.67,4.99,2.68,12.04
GD,"GENERAL DYNAMICS MISSION SYSTEMS, INC.",N0002424C6210,2026-02-05,1109600.0,Department of Defense,Department of the Navy,DEFINITIVE CONTRACT,2026-02-05,348.8868,350.195,-0.37,311.1606,2026-04-27,55,-10.81,362.8304,2026-03-04,18,4.0,16.61,,,,,,,,2.28,1.93,-3.21,-2.71,-0.18,-0.38,2.82,-1.78,-2.76,-0.38,3.91
GD,GENERAL DYNAMICS ONE SOURCE LLC,FA824026F5005,2026-01-29,0.0,Department of Defense,Department of the Air Force,DELIVERY ORDER,2026-01-29,346.8057,353.4752,-1.89,311.1606,2026-04-27,60,-10.28,362.8304,2026-03-04,23,4.62,16.61,,,,,,,,0.33,1.53,0.6,2.9,-2.63,1.25,4.24,0.45,0.41,-10.28,-0.76
LDOS,"LEIDOS, INC.",FA807523F0051,2025-11-06,0.0,Department of Defense,Department of the Air Force,DELIVERY ORDER,2025-11-06,193.1557,193.4632,-0.16,160.5633,2026-02-17,68,-16.87,197.153,2026-01-09,43,2.07,22.79,,,,,,,,1.14,1.79,-1.77,-3.07,-4.67,-2.26,-4.69,-4.96,0.84,-3.03,-14.39
GE,GENERAL ELECTRIC COMPANY,N0042124F0041,2025-09-17,0.0,Department of Defense,Department of the Navy,DELIVERY ORDER,2025-09-17,288.0372,291.4897,-1.18,282.5118,2025-12-10,59,-1.92,326.6564,2026-01-06,76,13.41,15.63,4.0,74.0,,,,,,2.62,3.98,3.73,1.89,4.06,4.36,3.7,8.69,4.04,-0.25,3.0
LMT,LOCKHEED MARTIN CORPORATION,HQ014717C0032,2025-12-11,0.0,Department of Defense,Missile Defense Agency,DEFINITIVE CONTRACT,2025-12-11,469.3181,462.4593,1.48,464.6336,2025-12-18,5,-1.0,672.2988,2026-03-02,53,43.25,44.69,15.0,19.0,20.0,22.0,32.0,,,1.13,0.46,-1.0,1.83,1.72,4.67,17.57,25.28,36.84,37.49,12.15
GD,"GENERAL DYNAMICS INFORMATION TECHNOLOGY, INC.",140D0425F0827,2026-03-27,6400664.36,Department of the Interior,Departmental Offices,DELIVERY ORDER,2026-03-27,343.6444,352.0878,-2.4,311.1606,2026-04-27,20,-9.45,395.97,2026-08-10,90,15.23,27.26,55.0,78.0,90.0,,,,,-1.72,1.09,1.34,0.94,-1.27,-2.57,-9.12,-0.33,-2.19,-0.24,15.23
GD,"GENERAL DYNAMICS INFORMATION TECHNOLOGY, INC.",47QFSA24F0011,2025-09-18,242857.14,General Services Administration,Federal Acquisition Service,DELIVERY ORDER,2025-09-18,318.9433,319.6409,-0.22,317.0664,2025-09-22,2,-0.59,364.0791,2026-01-16,83,14.15,14.83,8.0,74.0,,,,,,-0.15,-0.42,-0.04,2.34,5.08,6.74,2.48,6.66,5.04,4.44,10.83
BA,THE BOEING COMPANY,N0001920F0875,2026-02-02,-1560.0,Department of Defense,Department of the Navy,DELIVERY ORDER,2026-02-02,233.02,233.72,-0.3,189.21,2026-03-30,39,-18.8,244.71,2026-02-09,5,5.02,29.33,5.0,,,,,,,0.06,1.69,5.02,1.39,4.73,-1.11,-2.45,-9.53,-6.53,-3.82,-4.89
BA,THE BOEING COMPANY,W58RGZ24C0002,2025-11-05,4048500.3,Department of Defense,Department of the Army,DEFINITIVE CONTRACT,2025-11-05,197.62,198.05,-0.22,179.12,2025-11-24,13,-9.36,252.15,2026-01-23,53,27.59,40.77,30.0,34.0,39.0,45.0,,,,-0.57,-1.42,-1.07,-1.57,-6.03,-7.68,2.16,5.39,21.35,17.98,4.24
GD,"GENERAL DYNAMICS INFORMATION TECHNOLOGY, INC.",SECHQ116C0032,2025-12-18,526319.21,Securities and Exchange Commission,Securities and Exchange Commission,DEFINITIVE CONTRACT,2025-12-18,332.9489,332.031,0.28,311.1606,2026-04-27,87,-6.54,364.0791,2026-01-16,19,9.35,17.01,10.0,,,,,,,0.6,1.93,1.44,0.63,5.4,4.91,8.58,5.76,2.13,5.18,2.96
LDOS,"LEIDOS, INC.",N6523624F3040,2025-09-08,600000.0,Department of Defense,Department of the Navy,DELIVERY ORDER,2025-09-08,176.5554,177.1393,-0.33,176.5554,2025-09-08,0,0.0,197.9062,2025-11-04,41,12.09,12.09,8.0,20.0,,,,,,0.35,3.77,2.64,3.25,5.53,3.86,10.66,7.0,10.59,5.08,8.86
CACI,"CACI, INC. - FEDERAL",80TECH24CA002,2026-03-23,2177957.29,National Aeronautics and Space Administration,National Aeronautics and Space Administration,DEFINITIVE CONTRACT,2026-03-23,589.28,606.38,-2.82,440.76,2026-07-21,82,-25.2,589.28,2026-03-23,0,0.0,33.7,,,,,,,,-2.13,-1.6,-5.23,-4.77,-3.42,-8.39,-13.07,-16.16,-13.31,-16.01,-15.53
LMT,LOCKHEED MARTIN CORPORATION,N6278624F0029,2025-09-22,234109.0,Department of Defense,Department of the Navy,DELIVERY ORDER,2025-09-22,471.1862,463.8789,1.58,434.0461,2025-12-01,49,-7.88,626.7917,2026-01-30,90,33.02,44.41,9.0,76.0,77.0,79.0,89.0,,,1.31,0.82,2.41,3.87,7.05,5.13,1.9,1.57,-6.11,0.06,33.02
BA,THE BOEING COMPANY,N0001923F2540,2025-08-25,-426.5,Department of Defense,Department of the Navy,DELIVERY ORDER,2025-08-25,226.87,230.12,-1.41,179.12,2025-11-24,64,-21.05,237.38,2025-09-02,5,4.63,32.53,,,,,,,,3.51,4.09,4.63,1.71,1.17,-4.9,-5.19,-2.23,-1.56,-16.41,0.4
GD,"GENERAL DYNAMICS INFORMATION TECHNOLOGY, INC.",47QFMA25F0016,2026-01-30,1289208.38,General Services Administration,Federal Acquisition Service,DELIVERY ORDER,2026-01-30,347.9355,346.8057,0.33,311.1606,2026-04-27,59,-10.57,362.8304,2026-03-04,22,4.28,16.61,,,,,,,,-1.34,0.65,2.56,2.2,-0.98,0.09,3.88,0.93,-0.76,-10.24,-2.4
PLTR,PALANTIR USG INC,W56KGY26F0017,2026-01-30,344016.0,Department of Defense,Department of the Army,DELIVERY ORDER,2026-01-30,146.59,151.86,-3.47,128.06,2026-04-10,48,-12.64,160.84,2026-03-23,35,9.72,25.6,2.0,,,,,,,0.8,-4.81,-7.29,-4.83,-10.36,-7.74,0.43,4.18,2.37,-3.69,-11.17
NOC,NORTHROP GRUMMAN SYSTEMS CORPORATION,N0001919C0008,2026-03-24,3416715.0,Department of Defense,Department of the Navy,DEFINITIVE CONTRACT,2026-03-24,679.1708,677.0203,0.32,496.02,2026-06-29,66,-26.97,699.4217,2026-04-02,7,2.98,41.01,,,,,,,,1.33,-0.46,0.01,2.98,0.78,-0.3,-13.85,-17.97,-18.01,-23.22,-19.24
LMT,LOCKHEED MARTIN CORPORATION,FA861516C6048,2025-08-26,0.0,Department of Defense,Department of the Air Force,DEFINITIVE CONTRACT,2025-08-26,443.4982,435.9615,1.73,434.0461,2025-12-01,67,-2.13,505.5783,2026-01-05,90,14.0,16.48,18.0,24.0,,,,,,-0.22,0.04,-0.69,2.6,2.59,4.9,7.12,13.68,7.34,3.93,14.0
LMT,LOCKHEED MARTIN CORPORATION,N0001922C0041,2026-01-29,15413600.0,Department of Defense,Department of the Navy,DEFINITIVE CONTRACT,2026-01-29,615.2189,590.2746,4.23,503.2157,2026-05-08,69,-18.21,672.2988,2026-03-02,21,9.28,33.6,14.0,,,,,,,1.88,0.92,-2.14,2.53,2.4,7.07,9.28,4.32,3.01,-17.1,-13.83
BA,THE BOEING COMPANY,N0001918F0362,2025-09-22,-205000.0,Department of Defense,Department of the Navy,DELIVERY ORDER,2025-09-22,212.09,215.65,-1.65,179.12,2025-11-24,45,-15.55,252.15,2026-01-23,85,18.89,40.77,12.0,76.0,78.0,,,,,2.0,0.68,2.35,1.47,3.6,-0.64,2.44,-3.56,-15.55,-2.54,10.2
BA,THE BOEING COMPANY,SPE4A525F085H,2025-08-14,1105434.2,Department of Defense,Defense Logistics Agency,DELIVERY ORDER,2025-08-14,233.19,233.37,-0.08,179.12,2025-11-24,71,-23.19,237.38,2025-09-02,12,1.8,32.53,,,,,,,,0.89,-3.51,-3.74,-2.71,1.27,-1.05,-7.48,-5.12,-8.68,-16.54,-7.01
NOC,NORTHROP GRUMMAN SYSTEMS CORPORATION,N0016425FJ656,2025-12-08,0.0,Department of Defense,Department of the Navy,DELIVERY ORDER,2025-12-08,549.3748,544.8195,0.84,546.467,2025-12-09,1,-0.53,764.6547,2026-03-02,56,39.19,39.93,10.0,18.0,25.0,27.0,48.0,,,-0.53,1.17,4.02,1.92,5.62,4.38,6.73,21.11,25.56,37.03,19.06
CAT,CATERPILLAR INC,W912CH26F0106,2026-01-15,112415.63,Department of Defense,Department of the Army,DELIVERY ORDER,2026-01-15,643.2491,634.8704,1.32,624.2712,2026-01-23,5,-2.95,925.2136,2026-05-06,76,43.83,48.21,11.0,15.0,18.0,18.0,72.0,,,-0.04,-0.04,-2.95,-1.05,1.81,5.06,18.44,16.52,8.68,23.01,41.2
LDOS,"LEIDOS, INC.",N6883624F8K9W,2025-08-22,365667.28,Department of Defense,Department of the Navy,DELIVERY ORDER,2025-08-22,179.8508,178.5643,0.72,175.8627,2025-09-03,7,-2.22,197.9062,2025-11-04,51,10.04,12.53,27.0,51.0,,,,,,-0.07,0.91,-0.45,-2.22,-1.83,1.17,3.18,9.21,4.28,4.11,-0.29
BA,THE BOEING COMPANY,H9224120F0020,2025-09-05,0.0,Department of Defense,Defense Contract Management Agency,DELIVERY ORDER,2025-09-05,229.61,230.75,-0.49,179.12,2025-11-24,56,-21.99,244.55,2026-01-13,89,6.51,36.53,89.0,,,,,,,0.58,-0.91,-5.95,-6.35,-6.08,-7.0,-4.3,-7.26,-15.24,-18.79,5.66
CACI,"CACI, INC. - FEDERAL",FA807522F0030,2026-01-15,120000.0,Department of Defense,Department of the Air Force,DELIVERY ORDER,2026-01-15,627.5,611.33,2.65,480.99,2026-05-08,78,-23.35,662.19,2026-01-23,5,5.53,37.67,5.0,,,,,,,1.26,0.81,5.53,2.5,-1.1,-4.65,-10.04,-0.4,-6.09,-14.97,-18.59
PSN,PARSONS GOVERNMENT SERVICES INTERNATIONAL INC.,89233124FNA400580,2025-09-18,4193686.0,Department of Energy,Department of Energy,DELIVERY ORDER,2025-09-18,81.43,82.88,-1.75,60.2,2025-12-17,63,-26.07,89.29,2025-10-08,14,9.65,48.32,10.0,,,,,,,0.58,-1.6,-2.12,0.54,7.34,9.65,1.61,1.89,0.7,-22.23,-11.94
GD,GENERAL DYNAMICS INFORMATION TECHNOLOGY INC.,19AQMM24F0744,2026-01-26,892252.04,Department of State,Department of State,DELIVERY ORDER,2026-01-26,360.2736,360.006,0.07,311.1606,2026-04-27,63,-13.63,363.3259,2026-01-27,1,0.85,16.76,,,,,,,,0.85,-3.74,-4.72,-2.8,-0.95,-4.37,-5.61,-2.19,-5.59,-11.36,-5.63
LMT,LOCKHEED MARTIN CORPORATION,HQ085221F0006,2025-11-20,890013.0,Department of Defense,Missile Defense Agency,DELIVERY ORDER,2025-11-20,459.2885,460.9069,-0.35,434.0461,2025-12-01,6,-5.5,672.2988,2026-03-02,67,46.38,54.89,25.0,29.0,33.0,35.0,46.0,,,-1.6,-3.38,-2.22,-4.93,-2.7,2.18,4.05,12.33,28.52,43.42,34.72
HII,HUNTINGTON INGALLS INC,N0002419C2100,2025-08-21,1239000.0,Department of Defense,Department of the Navy,DEFINITIVE CONTRACT,2025-08-21,262.0547,262.6545,-0.23,262.0547,2025-08-21,0,0.0,352.8189,2025-12-24,87,34.64,34.64,25.0,37.0,49.0,49.0,85.0,,,1.31,1.97,3.3,1.71,2.25,4.11,4.14,7.19,13.1,18.4,29.53
LMT,LOCKHEED MARTIN CORPORATION,N0002423C5101,2025-12-11,104917330.0,Department of Defense,Department of the Navy,DEFINITIVE CONTRACT,2025-12-11,469.3181,462.4593,1.48,464.6336,2025-12-18,5,-1.0,672.2988,2026-03-02,53,43.25,44.69,15.0,19.0,20.0,22.0,32.0,,,1.13,0.46,-1.0,1.83,1.72,4.67,17.57,25.28,36.84,37.49,12.15
HON,HONEYWELL INTERNATIONAL INC.,FA853925F0052,2025-08-12,0.0,Department of Defense,Department of the Air Force,DELIVERY ORDER,2025-08-12,209.925,209.3833,0.26,195.2672,2025-11-20,71,-6.98,216.6771,2025-08-22,8,3.22,10.96,,,,,,,,1.26,0.41,0.4,0.71,3.09,0.79,-0.27,-3.38,-6.2,-3.16,-2.07
BA,THE BOEING COMPANY,FA813425FB021,2025-08-19,3642673.04,Department of Defense,Department of the Air Force,DELIVERY ORDER,2025-08-19,225.0,232.41,-3.19,179.12,2025-11-24,68,-20.39,237.38,2025-09-02,9,5.5,32.53,9.0,,,,,,,0.28,2.28,4.37,4.96,3.28,2.01,-4.15,-4.36,-3.74,-13.11,-3.8
BAH,BOOZ ALLEN HAMILTON INC,N0016425F3009,2025-10-31,0.0,Department of Defense,Department of the Navy,DELIVERY ORDER,2025-10-31,85.2929,81.0459,5.24,73.705,2026-02-23,76,-13.59,100.6977,2026-01-23,56,18.06,36.62,25.0,47.0,56.0,,,,,-1.9,-0.63,0.33,-0.1,-4.25,-7.73,-5.72,6.1,4.24,2.47,-8.92
TXT,BELL TEXTRON INC,N0001923F2533,2025-09-30,5851320.0,Department of Defense,Department of the Navy,DELIVERY ORDER,2025-09-30,84.4341,83.9744,0.55,79.3674,2025-10-30,22,-6.0,96.2784,2026-01-21,77,14.03,21.31,57.0,70.0,,,,,,0.85,2.79,0.64,0.18,-0.86,-2.47,-5.33,-2.41,-0.94,7.58,13.02
BA,THE BOEING COMPANY,HQ085623F0006,2025-10-22,1420662.34,Department of Defense,Missile Defense Agency,DELIVERY ORDER,2025-10-22,216.59,217.26,-0.31,179.12,2025-11-24,23,-17.3,252.15,2026-01-23,63,16.42,40.77,49.0,55.0,61.0,,,,,0.54,2.96,-1.39,-7.19,-8.76,-9.87,-17.18,-6.8,-0.07,14.96,4.95
NOC,NORTHROP GRUMMAN SYSTEMS CORPORATION,HR001124C0459,2026-03-19,2880198.0,Department of Defense,Defense Advanced Research Projects Agency,DEFINITIVE CONTRACT,2026-03-19,711.0207,721.6639,-1.47,496.02,2026-06-29,69,-30.24,711.0207,2026-03-19,0,0.0,43.35,,,,,,,,-1.01,-4.48,-3.1,-5.96,-1.63,-3.3,-8.01,-20.45,-22.2,-23.39,-24.75
BAH,BOOZ ALLEN HAMILTON INC,N0018922F3055,2025-09-16,1417655.0,Department of Defense,Department of the Navy,DELIVERY ORDER,2025-09-16,99.6486,99.4431,0.21,78.7024,2025-11-20,47,-21.02,101.8113,2025-10-07,15,2.17,29.36,,,,,,,,-0.25,0.3,-3.44,-4.22,-1.85,1.78,-5.38,-15.98,-19.97,-8.05,-7.15
LMT,LOCKHEED MARTIN CORPORATION,HQ085224F0006,2025-12-03,10255034.0,Department of Defense,Missile Defense Agency,DELIVERY ORDER,2025-12-03,441.5669,436.6453,1.13,441.5669,2025-12-03,0,0.0,672.2988,2026-03-02,59,52.25,52.25,6.0,20.0,22.0,25.0,30.0,59.0,,0.35,4.16,4.73,7.49,6.26,8.0,14.5,30.36,42.86,50.26,37.49
LMT,LOCKHEED MARTIN CORPORATION,N0001923F0003,2026-03-30,162498.0,Department of Defense,Department of the Navy,DELIVERY ORDER,2026-03-30,594.6769,611.8347,-2.8,491.64,2026-06-24,59,-17.33,633.7512,2026-04-06,4,6.57,28.91,4.0,,,,,,,0.97,4.05,4.87,4.23,2.17,-2.89,-14.83,-12.96,-13.9,-15.08,-1.13
PSN,PARSONS GOVERNMENT SERVICES INC.,HB000123F1013,2026-03-04,400000.0,Department of Defense,U.S. Cyber Command,DELIVERY ORDER,2026-03-04,66.03,66.66,-0.95,47.05,2026-06-25,78,-28.74,66.03,2026-03-04,0,0.0,40.34,,,,,,,,-0.88,-5.27,-11.07,-16.78,-22.6,-23.63,-14.71,-15.16,-22.43,-10.5,-18.17
NOC,NORTHROP GRUMMAN SYSTEMS CORPORATION,N0001921F0582,2026-01-09,-4007.73,Department of Defense,Department of the Navy,DELIVERY ORDER,2026-01-09,614.1414,586.3233,4.74,538.3207,2026-05-15,87,-12.35,764.6547,2026-03-02,34,24.51,42.04,3.0,12.0,26.0,34.0,,,,1.7,5.55,7.77,7.33,6.81,11.87,10.69,17.98,17.38,11.45,-10.48
BA,THE BOEING COMPANY,W31P4Q19F0595,2025-09-25,-37379.5,Department of Defense,Department of the Army,DELIVERY ORDER,2025-09-25,213.53,215.1,-0.73,179.12,2025-11-24,42,-16.11,252.15,2026-01-23,82,18.09,40.77,9.0,74.0,77.0,,,,,3.62,1.08,1.83,2.9,1.16,0.22,3.66,-7.98,-11.49,0.26,10.5
GD,"GENERAL DYNAMICS INFORMATION TECHNOLOGY, INC.",70T01022F5300N001,2025-09-17,408530.04,Department of Homeland Security,Transportation Security Administration,DELIVERY ORDER,2025-09-17,319.6409,320.7415,-0.34,317.0663,2025-09-22,3,-0.81,364.0791,2026-01-16,84,13.9,14.83,12.0,76.0,,,,,,-0.22,-0.81,-0.51,1.56,4.76,5.58,2.08,6.06,5.93,5.44,13.67
BA,THE BOEING COMPANY,W58RGZ16C0023,2025-08-25,-334578.73,Department of Defense,Department of the Army,DEFINITIVE CONTRACT,2025-08-25,226.87,230.12,-1.41,179.12,2025-11-24,64,-21.05,237.38,2025-09-02,5,4.63,32.53,,,,,,,,3.51,4.09,4.63,1.71,1.17,-4.9,-5.19,-2.23,-1.56,-16.41,0.4
CACI,"CACI, INC. - FEDERAL",N0018923F3020,2025-09-24,2627573.97,Department of Defense,Department of the Navy,DELIVERY ORDER,2025-09-24,497.23,492.95,0.87,476.24,2025-09-25,1,-4.22,662.19,2026-01-23,83,33.18,39.05,7.0,21.0,21.0,39.0,82.0,,,-4.22,-1.84,3.61,6.64,5.93,3.44,17.57,18.37,23.76,10.4,24.46
LMT,LOCKHEED MARTIN CORPORATION,FA823225F0022,2026-01-13,632764.31,Department of Defense,Department of the Air Force,DELIVERY ORDER,2026-01-13,551.761,544.7837,1.28,503.2157,2026-05-08,80,-8.8,672.2988,2026-03-02,32,21.85,33.6,5.0,11.0,22.0,32.0,,,,2.58,4.32,5.0,5.82,6.98,12.53,14.17,14.93,14.79,10.51,-3.99
LDOS,"LEIDOS, INC.",W9133L22F6002,2025-08-27,0.0,Department of Defense,Department of the Army,DELIVERY ORDER,2025-08-27,181.4837,180.4545,0.57,175.8627,2025-09-03,4,-3.1,197.9062,2025-11-04,48,9.05,12.53,25.0,,,,,,,-1.11,-1.36,-2.62,-2.72,0.95,0.44,1.04,6.04,4.33,1.46,8.17
LMT,LOCKHEED MARTIN CORPORATION,W31P4Q24F0165,2026-03-16,1371020.66,Department of Defense,Department of the Army,DELIVERY ORDER,2026-03-16,641.0037,641.7985,-0.12,491.64,2026-06-24,69,-23.3,641.0037,2026-03-16,0,0.0,30.38,,,,,,,,-1.37,-1.19,-4.49,-3.25,-7.23,-1.13,-5.29,-20.6,-18.38,-18.09,-9.11
PSN,PARSONS GOVERNMENT SERVICES INC.,FA890323F0084,2025-12-15,0.0,Department of Defense,Department of the Air Force,DELIVERY ORDER,2025-12-15,61.61,63.33,-2.72,50.04,2026-03-20,65,-18.78,72.73,2026-01-23,26,18.05,45.34,13.0,16.0,21.0,,,,,0.13,-1.72,0.91,2.0,1.04,6.95,17.22,15.08,6.36,-10.81,-16.41
BA,BELL BOEING JOINT PROJECT OFFICE,N0001923F0034,2026-03-04,0.0,Department of Defense,Department of the Navy,DELIVERY ORDER,2026-03-04,227.31,224.12,1.42,189.21,2026-03-30,18,-16.76,240.6,2026-05-13,49,5.85,27.16,49.0,,,,,,,-2.31,-1.02,-5.81,-7.66,-9.38,-13.59,-8.4,-3.71,1.64,1.69,-4.49
HII,HUNTINGTON INGALLS INC,N6279325F0003,2026-01-30,0.0,Department of Defense,Department of the Navy,DELIVERY ORDER,2026-01-30,417.3973,424.6631,-1.71,287.54,2026-06-03,85,-31.11,451.7788,2026-03-02,20,8.24,57.12,13.0,,,,,,,-0.05,-1.75,-5.41,-5.03,-0.41,4.06,5.04,-0.62,-4.04,-13.79,-30.73
LDOS,"LEIDOS, INC.",FA865023C1024,2026-01-05,100000.0,Department of Defense,Department of the Air Force,DEFINITIVE CONTRACT,2026-01-05,194.3201,182.372,6.55,123.7329,2026-05-13,89,-36.33,197.153,2026-01-09,4,1.46,59.34,,,,,,,,1.03,-0.14,0.06,-2.39,-2.34,-3.06,-3.61,-12.26,-11.32,-20.0,-35.62
BAH,BOOZ ALLEN HAMILTON INC,N0003917F3000,2025-09-08,-660000.0,Department of Defense,Department of the Navy,DELIVERY ORDER,2025-09-08,99.5116,100.2553,-0.74,78.7024,2025-11-20,53,-20.91,102.3789,2025-09-12,4,2.88,30.08,,,,,,,,1.41,2.11,-0.07,-0.11,-1.87,-2.57,2.31,-0.73,-14.15,-19.19,-3.88
BAH,BOOZ ALLEN HAMILTON INC,47QFLA21F0126,2025-10-20,-20187.94,General Services Administration,Federal Acquisition Service,DELIVERY ORDER,2025-10-20,98.7875,95.9398,2.97,73.705,2026-02-23,85,-25.39,100.6977,2026-01-23,65,1.93,36.62,,,,,,,,-0.3,-0.65,-14.28,-17.95,-15.3,-13.37,-19.27,-18.6,-15.6,-3.17,-21.82
LMT,LOCKHEED MARTIN CORPORATION,W912CH25F0151,2025-09-23,172880.0,Department of Defense,Department of the Army,DELIVERY ORDER,2025-09-23,477.3458,471.1862,1.31,434.0461,2025-12-01,48,-9.07,628.5509,2026-02-02,90,31.68,44.81,9.0,75.0,77.0,80.0,89.0,,,-0.09,0.16,2.58,2.61,5.01,3.53,0.1,-0.35,-7.04,-1.7,31.68
LMT,LOCKHEED MARTIN CORPORATION,H9225423F2688,2025-09-09,708148.0,Department of Defense,U.S. Special Operations Command,DELIVERY ORDER,2025-09-09,448.3031,450.3138,-0.45,434.0461,2025-12-01,58,-3.18,575.6083,2026-01-16,90,28.4,32.61,9.0,18.0,82.0,86.0,,,,1.49,3.12,3.78,3.62,6.48,7.64,12.46,7.1,0.0,-1.5,28.4
GD,"GENERAL DYNAMICS INFORMATION TECHNOLOGY, INC.",W900KK24F0152,2025-12-02,4463746.56,Department of Defense,Department of the Army,DELIVERY ORDER,2025-12-02,331.4289,328.0534,1.03,329.9188,2025-12-09,5,-0.46,364.0791,2026-01-16,31,9.85,10.35,22.0,,,,,,,0.68,0.45,-0.46,1.69,0.5,2.8,2.26,9.79,7.67,9.07,2.1
NOC,NORTHROP GRUMMAN SYSTEMS CORPORATION,N0001922F2413,2026-01-20,0.0,Department of Defense,Department of the Navy,DELIVERY ORDER,2026-01-20,652.3305,661.858,-1.44,538.3207,2026-05-15,81,-17.48,764.6547,2026-03-02,28,17.22,42.04,7.0,20.0,28.0,,,,,1.04,2.38,3.26,5.79,7.25,6.2,12.11,15.05,5.5,2.68,-13.97
BAH,BOOZ ALLEN HAMILTON INC,W31P4Q21FB004,2025-09-10,7253748.78,Department of Defense,Department of the Army,DELIVERY ORDER,2025-09-10,100.3043,100.911,-0.6,78.7024,2025-11-20,51,-21.54,102.3789,2025-09-12,2,2.07,30.08,,,,,,,,1.31,-0.86,-0.9,-0.35,-3.14,-2.49,-2.7,-3.67,-17.22,-13.93,-8.22
HII,HUNTINGTON INGALLS INCORPORATED,N0002426C2443,2026-03-13,218360.0,Department of Defense,Department of the Navy,DEFINITIVE CONTRACT,2026-03-13,413.9223,412.7772,0.28,268.76,2026-07-21,88,-35.07,426.1494,2026-03-18,3,2.95,58.56,,,,,,,,0.21,2.95,-1.86,-3.28,-8.16,-4.59,-4.24,-13.79,-20.77,-28.12,-30.64
ACN,ACCENTURE FEDERAL SERVICES LLC,89603024F0001,2026-02-04,1304602.52,Department of Energy,Federal Energy Regulatory Commission,BPA CALL,2026-02-04,236.771,236.3399,0.18,157.7433,2026-05-13,68,-33.38,236.771,2026-02-04,0,0.0,50.1,,,,,,,,-3.34,-2.02,-4.64,-7.21,-11.05,-20.75,-11.03,-15.77,-25.08,-24.95,-30.99
BA,THE BOEING COMPANY,N0001924F0286,2026-03-06,2473271.9,Department of Defense,Department of the Navy,DELIVERY ORDER,2026-03-06,231.11,222.06,4.08,189.21,2026-03-30,16,-18.13,240.6,2026-05-13,47,4.11,27.16,,,,,,,,-2.64,-7.36,-9.18,-8.78,-15.57,-15.9,-9.13,-2.61,3.07,-5.8,-7.26
GE,GENERAL ELECTRIC COMPANY,FA860426FB006,2026-03-23,1078191.0,Department of Defense,Department of the Air Force,DELIVERY ORDER,2026-03-23,291.1771,286.433,1.66,272.9098,2026-03-30,5,-6.27,378.68,2026-07-06,71,30.05,38.76,11.0,46.0,57.0,59.0,71.0,,,-0.31,-2.16,-6.27,0.39,-1.01,6.98,-5.23,-1.67,8.8,22.46,23.66
LMT,LOCKHEED MARTIN CORPORATION,H9225424F2817,2026-03-13,625000.0,Department of Defense,U.S. Special Operations Command,DELIVERY ORDER,2026-03-13,641.7985,648.584,-1.05,491.64,2026-06-24,70,-23.4,641.7985,2026-03-13,0,0.0,30.54,,,,,,,,-0.12,-0.58,-2.87,-5.55,-4.67,-3.59,-5.33,-20.53,-18.22,-17.4,-11.41
BAH,BOOZ ALLEN HAMILTON INC,FA807525F0039,2026-01-29,241485.25,Department of Defense,Department of the Air Force,DELIVERY ORDER,2026-01-29,87.4001,89.7346,-2.6,71.0549,2026-05-13,72,-18.7,88.7791,2026-02-09,7,1.58,24.94,,,,,,,,-0.35,-6.46,-4.74,1.58,-12.17,-9.22,-11.64,-11.12,-4.94,-13.48,-10.35
BA,THE BOEING COMPANY,N6134026F0020,2026-01-20,2857425.0,Department of Defense,Department of the Navy,DELIVERY ORDER,2026-01-20,249.0,247.68,0.53,189.21,2026-03-30,48,-24.01,252.15,2026-01-23,3,1.27,33.26,,,,,,,,0.43,1.27,-1.78,-6.01,-6.37,-1.72,-6.14,-8.71,-19.84,-12.1,-7.17
IBM,INTERNATIONAL BUSINESS MACHINES CORPORATION,W15QKN21F0531,2025-09-26,302727.68,Department of Defense,Department of the Army,DELIVERY ORDER,2025-09-26,277.1061,274.3088,1.02,268.9774,2025-10-16,14,-2.93,308.6917,2025-11-12,33,11.4,14.76,20.0,21.0,,,,,,-1.59,0.77,1.43,3.36,-2.28,-2.93,10.12,7.76,8.11,7.09,2.52
LDOS,"LEIDOS, INC.",70RTAC25FR0000013,2025-09-19,0.0,Department of Homeland Security,Office of Procurement Operations,DELIVERY ORDER,2025-09-19,185.9059,185.6084,0.16,179.3204,2025-12-31,71,-3.54,197.9062,2025-11-04,32,6.46,10.36,11.0,,,,,,,0.22,-0.03,-1.36,0.81,4.34,3.52,1.62,1.61,-0.51,-0.57,0.09
GD,"GENERAL DYNAMICS MISSION SYSTEMS, INC.",DTFAWA12C00040,2025-09-23,129804.61,Department of Transportation,Federal Aviation Administration,DEFINITIVE CONTRACT,2025-09-23,317.597,317.0663,0.17,317.597,2025-09-23,0,0.0,364.0791,2026-01-16,80,14.64,14.64,5.0,71.0,,,,,,0.13,2.21,5.51,5.52,6.26,3.92,5.11,6.74,5.99,4.54,8.08
NOC,NORTHROP GRUMMAN SYSTEMS CORPORATION,FA865022C5705,2025-12-02,0.0,Department of Defense,Department of the Air Force,DEFINITIVE CONTRACT,2025-12-02,542.8347,541.3857,0.27,542.8347,2025-12-02,0,0.0,764.6547,2026-03-02,60,40.86,40.86,9.0,22.0,27.0,31.0,52.0,,,1.16,0.37,0.67,2.39,3.98,6.89,7.07,19.68,29.64,40.86,24.74
NOC,NORTHROP GRUMMAN SYSTEMS CORPORATION,FA863824F0010,2025-12-05,0.0,Department of Defense,Department of the Air Force,DELIVERY ORDER,2025-12-05,544.8195,548.819,-0.73,544.8195,2025-12-05,0,0.0,764.6547,2026-03-02,57,40.35,40.35,11.0,19.0,26.0,28.0,49.0,,,0.84,1.16,3.79,3.6,3.55,5.17,5.11,20.98,23.66,35.23,21.57
BA,THE BOEING COMPANY,N0001917F0300,2025-09-11,-477500.0,Department of Defense,Defense Contract Management Agency,DELIVERY ORDER,2025-09-11,219.99,227.52,-3.31,179.12,2025-11-24,52,-18.58,250.07,2026-01-21,90,13.67,39.61,83.0,85.0,,,,,,-1.84,-2.26,-1.97,-3.59,-2.94,-2.18,-4.21,-1.01,-11.55,-8.23,13.67
GD,GENERAL DYNAMICS LAND SYSTEMS INC.,W56HZV22C0012,2025-10-31,1996054.3,Department of Defense,Department of the Army,DEFINITIVE CONTRACT,2025-10-31,340.4105,340.1736,0.07,328.0535,2025-12-01,20,-3.63,364.0791,2026-01-16,52,6.95,10.98,49.0,,,,,,,-0.88,-0.58,0.42,2.18,-0.19,-1.58,-2.64,-1.22,0.21,1.88,2.34
BA,THE BOEING COMPANY,NAS1510000,2026-02-18,0.0,National Aeronautics and Space Administration,National Aeronautics and Space Administration,DEFINITIVE CONTRACT,2026-02-18,238.93,244.04,-2.09,189.21,2026-03-30,28,-20.81,240.6,2026-05-13,59,0.7,27.16,,,,,,,,-2.18,-3.55,-3.59,-4.77,-4.86,-8.86,-15.8,-13.23,-2.0,-4.07,-10.15
LMT,"LOCKHEED MARTIN SERVICES, LLC",FA882325FB024,2025-09-25,6416789.0,Department of Defense,Department of the Air Force,DELIVERY ORDER,2025-09-25,475.0605,476.9339,-0.39,434.0461,2025-12-01,46,-8.63,628.5509,2026-02-02,88,32.31,44.81,7.0,73.0,75.0,77.0,87.0,,,0.64,3.07,3.1,6.17,4.84,3.11,0.22,-3.18,-5.47,-1.36,25.39
BA,THE BOEING COMPANY,N0001918C1060,2025-09-10,0.0,Department of Defense,Department of the Navy,DEFINITIVE CONTRACT,2025-09-10,227.52,229.52,-0.87,179.12,2025-11-24,53,-21.27,249.0,2026-01-20,90,9.44,39.01,85.0,,,,,,,-3.31,-5.17,-5.67,-5.22,-5.46,-5.14,-5.06,-4.8,-14.07,-11.27,9.44
LMT,"LOCKHEED MARTIN INTEGRATED SYSTEMS, LLC",NNG11FC20C,2025-11-12,2100000.0,National Aeronautics and Space Administration,National Aeronautics and Space Administration,DEFINITIVE CONTRACT,2025-11-12,448.2835,448.313,-0.01,434.0461,2025-12-01,12,-3.18,672.2988,2026-03-02,73,49.97,54.89,21.0,35.0,36.0,40.0,47.0,,,-0.26,3.01,2.82,0.82,-0.63,-1.5,5.88,6.49,27.0,38.79,38.34
LMT,LOCKHEED MARTIN CORPORATION,N0001924C0039,2025-12-19,1218483069.0,Department of Defense,Department of the Navy,DEFINITIVE CONTRACT,2025-12-19,468.5768,464.6336,0.85,468.5768,2025-12-19,0,0.0,672.2988,2026-03-02,47,43.48,43.48,9.0,10.0,14.0,16.0,26.0,,,1.99,2.45,3.11,2.01,10.1,16.26,25.26,27.13,35.33,35.17,8.72
BAH,BOOZ ALLEN HAMILTON INC,W56KGU24F0004,2025-09-24,16108.02,Department of Defense,Department of the Army,DELIVERY ORDER,2025-09-24,97.1532,96.2236,0.97,78.7024,2025-11-20,41,-18.99,101.8113,2025-10-07,9,4.79,29.36,,,,,,,,-1.76,-0.39,3.34,4.77,3.68,-1.49,1.02,-12.76,-15.59,-12.8,-15.85
LMT,LOCKHEED MARTIN CORPORATION,H9225425F2885,2025-09-04,100000.0,Department of Defense,U.S. Special Operations Command,DELIVERY ORDER,2025-09-04,448.0971,440.4564,1.73,434.0461,2025-12-01,61,-3.14,551.761,2026-01-13,90,23.13,27.12,12.0,21.0,85.0,89.0,,,,1.54,0.05,3.04,3.59,3.67,6.44,10.43,7.97,2.64,0.22,23.13
WWD,COUNTY OF WOODWARD,140A0323C0009,2025-12-09,126406.0,Department of the Interior,Bureau of Indian Affairs and Bureau of Indian Education,DEFINITIVE CONTRACT,2025-12-09,287.2672,297.9588,-3.59,287.2672,2025-12-09,0,0.0,402.8879,2026-04-14,85,40.25,40.25,8.0,17.0,24.0,37.0,39.0,,,0.84,3.54,2.31,1.9,9.87,5.33,11.9,13.64,31.84,33.75,32.26
BAH,BOOZ ALLEN HAMILTON INC,47QFCA21F0018,2025-09-24,101944.0,General Services Administration,Federal Acquisition Service,DELIVERY ORDER,2025-09-24,97.1532,96.2236,0.97,78.7024,2025-11-20,41,-18.99,101.8113,2025-10-07,9,4.79,29.36,,,,,,,,-1.76,-0.39,3.34,4.77,3.68,-1.49,1.02,-12.76,-15.59,-12.8,-15.85
NOC,NORTHROP GRUMMAN SYSTEMS CORPORATION,140D0424C0061,2025-12-16,2334745.0,Department of the Interior,Departmental Offices,DEFINITIVE CONTRACT,2025-12-16,564.4202,571.4367,-1.23,555.2898,2025-12-18,2,-1.62,764.6547,2026-03-02,50,35.48,37.7,12.0,17.0,20.0,28.0,50.0,,,-0.8,-0.05,1.99,1.52,0.26,1.46,17.26,21.72,27.96,29.82,1.93
LMT,"LOCKHEED MARTIN INTEGRATED SYSTEMS, LLC",0104,2025-09-09,0.0,Department of Defense,Defense Contract Management Agency,DELIVERY ORDER,2025-09-09,448.3031,450.3138,-0.45,434.0461,2025-12-01,58,-3.18,575.6083,2026-01-16,90,28.4,32.61,9.0,18.0,82.0,86.0,,,,1.49,3.12,3.78,3.62,6.48,7.64,12.46,7.1,0.0,-1.5,28.4
BAH,BOOZ ALLEN HAMILTON INC,FA807525F0035,2026-03-25,2256114.77,Department of Defense,Department of the Air Force,DELIVERY ORDER,2026-03-25,79.5212,78.2905,1.57,59.71,2026-06-25,63,-24.91,83.4516,2026-04-07,8,4.94,39.76,,,,,,,,0.26,-1.46,0.31,4.48,-0.74,2.72,-1.72,-4.08,-1.17,-20.36,-4.37
PSN,PARSONS GOVERNMENT SERVICES INC.,N0017324C2010,2026-01-20,120000.0,Department of Defense,Department of the Navy,DEFINITIVE CONTRACT,2026-01-20,71.24,72.47,-1.7,48.74,2026-05-11,77,-31.58,72.73,2026-01-23,3,2.09,49.22,,,,,,,,2.05,2.09,0.24,-0.48,-4.07,-2.47,-7.45,-7.31,-24.42,-21.36,-17.04
LMT,LOCKHEED MARTIN CORP,FA880724CB001,2026-03-18,0.0,Department of Defense,Department of the Air Force,DEFINITIVE CONTRACT,2026-03-18,638.1027,632.1913,0.94,491.64,2026-06-24,67,-22.95,638.1027,2026-03-18,0,0.0,29.79,,,,,,,,-0.74,-4.05,-2.81,-4.12,-3.84,-2.15,-7.8,-19.35,-18.6,-15.32,-8.9
GD,"GENERAL DYNAMICS INFORMATION TECHNOLOGY, INC.",75R60225F34021,2026-02-18,900000.0,Department of Health and Human Services,Health Resources and Services Administration,BPA CALL,2026-02-18,346.3498,339.4425,2.03,311.1606,2026-04-27,47,-10.16,362.8304,2026-03-04,10,4.76,16.61,,,,,,,,1.39,-0.15,-1.82,2.16,4.76,1.75,0.04,0.3,-8.38,-2.09,0.06
LMT,RAYTHEON/LOCKHEED MARTIN JAVELIN JV,W31P4Q24C0047,2025-11-25,0.0,Department of Defense,Department of the Army,DEFINITIVE CONTRACT,2025-11-25,443.7422,442.4181,0.3,434.0461,2025-12-01,3,-2.19,672.2988,2026-03-02,64,51.51,54.89,11.0,25.0,27.0,30.0,37.0,64.0,,0.39,-2.19,-0.49,0.71,4.22,6.25,7.58,20.92,41.65,47.98,40.72
LMT,"LOCKHEED MARTIN SIPPICAN, INC.",W15QKN21F0117,2026-01-21,0.0,Department of Defense,Department of the Army,DELIVERY ORDER,2026-01-21,579.3639,569.313,1.77,503.2157,2026-05-08,75,-13.14,672.2988,2026-03-02,27,16.04,33.6,6.0,17.0,27.0,,,,,1.31,-0.78,1.88,8.19,2.82,7.39,12.29,12.32,7.57,1.55,-10.85
NOC,NORTHROP GRUMMAN SYSTEMS CORP,FA861623F1001,2025-09-24,1367062.0,Department of Defense,Department of the Air Force,DELIVERY ORDER,2025-09-24,579.4888,570.4052,1.59,541.3857,2025-12-01,47,-6.58,699.65,2026-02-03,90,20.74,29.23,8.0,77.0,83.0,90.0,,,,-0.09,1.32,3.27,3.97,8.82,6.94,3.32,-2.69,-3.27,-4.18,20.74
NOC,NORTHROP GRUMMAN SYSTEMS CORPORATION,N6600120C4023,2025-11-12,0.0,Department of Defense,Department of the Navy,DEFINITIVE CONTRACT,2025-11-12,552.1093,560.1848,-1.44,541.3857,2025-12-01,12,-1.94,764.6547,2026-03-02,73,38.5,41.24,27.0,39.0,42.0,47.0,65.0,,,-0.1,0.8,1.15,1.46,1.53,-0.54,2.42,3.78,18.15,23.13,24.65
GD,"GENERAL DYNAMICS INFORMATION TECHNOLOGY, INC.",692M1522F00008,2026-03-26,30484.69,Department of Transportation,Federal Aviation Administration,DELIVERY ORDER,2026-03-26,352.0878,349.3328,0.79,311.1606,2026-04-27,21,-11.62,393.19,2026-07-28,84,11.67,26.36,67.0,83.0,,,,,,-2.4,-3.39,-1.74,-1.93,-5.23,-5.29,-11.62,-2.01,-4.08,-0.93,9.09
BA,BELL BOEING JOINT PROJECT OFFICE,N0001922F0932,2026-01-22,0.0,Department of Defense,Department of the Navy,DELIVERY ORDER,2026-01-22,251.41,250.07,0.54,189.21,2026-03-30,46,-24.74,252.15,2026-01-23,1,0.29,33.26,,,,,,,,0.29,-2.72,-6.91,-7.31,-5.75,-6.03,-8.34,-8.07,-24.22,-10.47,-13.41
LMT,LOCKHEED MARTIN CORPORATION,FA868118C0021,2025-08-21,25701913.0,Department of Defense,Department of the Air Force,DEFINITIVE CONTRACT,2025-08-21,435.4552,434.2866,0.27,434.0461,2025-12-01,70,-0.32,504.3876,2025-10-06,31,15.83,16.21,14.0,26.0,31.0,,,,,-0.22,1.85,2.01,1.92,4.49,6.03,8.21,13.63,9.34,4.91,10.75
GD,"GENERAL DYNAMICS MISSION SYSTEMS, INC.",W56KGY26F0011,2026-02-06,0.0,Department of Defense,Department of the Army,DELIVERY ORDER,2026-02-06,356.8348,348.8868,2.28,311.1606,2026-04-27,54,-12.8,362.8304,2026-03-04,17,1.68,16.61,,,,,,,,0.01,-3.81,-3.45,-2.94,-3.08,-0.84,-1.24,-3.53,-5.17,-2.58,1.23
CACI,"CACI, INC. - FEDERAL",FA862021C4018,2025-09-25,182438.12,Department of Defense,Department of the Air Force,DEFINITIVE CONTRACT,2025-09-25,476.24,497.23,-4.22,476.24,2025-09-25,0,0.0,662.19,2026-01-23,82,39.05,39.05,4.0,6.0,20.0,20.0,77.0,,,1.96,4.73,8.99,11.08,7.36,8.58,22.95,22.71,29.58,16.88,27.05
NOC,NORTHROP GRUMMAN SYSTEMS CORPORATION,W58RGZ17C0014,2025-09-02,7895013.0,Department of Defense,Department of the Army,DEFINITIVE CONTRACT,2025-09-02,582.5036,580.9319,0.27,541.3857,2025-12-01,63,-7.06,630.571,2025-10-08,26,8.25,16.47,25.0,,,,,,,-1.41,-1.45,-3.0,-1.08,-1.69,-2.23,2.73,6.38,-2.07,-3.38,5.43
CACI,"CACI, INC. - FEDERAL",HC108424C0003,2025-11-24,0.0,Department of Defense,Defense Information Systems Agency,DEFINITIVE CONTRACT,2025-11-24,610.23,599.94,1.72,532.81,2025-12-31,25,-12.69,662.19,2026-01-23,40,8.51,24.28,39.0,,,,,,,1.27,1.13,-0.63,-0.76,-3.45,-7.02,-10.79,-4.28,1.7,-6.43,-6.74
GD,"GENERAL DYNAMICS INFORMATION TECHNOLOGY, INC.",N6600125F0039,2025-10-27,150000.0,Department of Defense,Department of the Navy,DELIVERY ORDER,2025-10-27,349.165,346.204,0.86,328.0535,2025-12-01,24,-6.05,364.0791,2026-01-16,56,4.27,10.98,,,,,,,,-2.0,-2.58,-3.36,-3.07,-1.21,-2.69,-3.59,-5.51,-4.84,3.1,2.74
BAH,BOOZ ALLEN HAMILTON INC,47QFMA26F0001,2026-01-29,2713854.2,General Services Administration,Federal Acquisition Service,DELIVERY ORDER,2026-01-29,87.4001,89.7346,-2.6,71.0549,2026-05-13,72,-18.7,88.7791,2026-02-09,7,1.58,24.94,,,,,,,,-0.35,-6.46,-4.74,1.58,-12.17,-9.22,-11.64,-11.12,-4.94,-13.48,-10.35
LDOS,"LEIDOS, INC.",N6883625F7M5K,2025-09-27,14953024.32,Department of Defense,Department of the Navy,DELIVERY ORDER,2025-09-29,184.0811,183.3769,0.38,179.3204,2025-12-31,65,-2.59,197.9062,2025-11-04,26,7.51,10.36,4.0,,,,,,,1.8,3.92,6.7,6.8,0.18,-0.59,1.19,6.07,0.79,0.61,4.21
GD,"GENERAL DYNAMICS INFORMATION TECHNOLOGY, INC.",N5005424F1005,2025-09-08,69023.84,Department of Defense,Department of the Navy,DELIVERY ORDER,2025-09-08,317.1253,317.2629,-0.04,315.7594,2025-09-09,1,-0.43,363.8908,2026-01-15,90,14.75,15.24,16.0,35.0,,,,,,-0.43,2.14,1.32,0.79,-0.02,2.36,6.42,4.94,8.77,4.51,14.75
NOC,NORTHROP GRUMMAN SYSTEMS CORPORATION,FA854019F0007,2026-04-01,0.0,Department of Defense,Department of the Air Force,DELIVERY ORDER,2026-04-01,693.9458,679.2505,2.16,496.02,2026-06-29,60,-28.52,699.4217,2026-04-02,1,0.79,41.01,,,,,,,,0.79,-0.93,-0.92,-2.25,-3.48,-15.41,-18.49,-21.28,-21.55,-28.52,-17.04
LDOS,"LEIDOS, INC.",FA865021F1015,2026-03-09,200000.0,Department of Defense,Department of the Air Force,DELIVERY ORDER,2026-03-09,178.4655,176.8254,0.93,100.0,2026-06-25,75,-43.97,178.4655,2026-03-09,0,0.0,78.47,,,,,,,,-3.92,-3.19,-6.5,-6.89,-9.24,-13.16,-10.31,-14.46,-28.31,-30.57,-40.34
GD,"GENERAL DYNAMICS INFORMATION TECHNOLOGY, INC.",IND17PD00060,2025-11-28,15413.87,Department of the Interior,Departmental Offices,DELIVERY ORDER,2025-11-28,337.183,335.6137,0.47,328.0534,2025-12-01,1,-2.71,364.0791,2026-01-16,33,7.98,10.98,25.0,,,,,,,-2.71,-1.04,-1.26,-2.15,-1.21,-1.26,-0.63,6.34,3.86,3.08,-1.04
BA,THE BOEING COMPANY,FA882326FB003,2025-12-19,5237035.0,Department of Defense,Department of the Air Force,DELIVERY ORDER,2025-12-19,214.08,208.27,2.79,189.21,2026-03-30,67,-11.62,252.15,2026-01-23,22,17.78,33.26,8.0,14.0,17.0,,,,,1.29,1.91,1.48,1.42,7.36,12.02,17.44,10.22,7.16,-6.03,6.21
PLTR,PALANTIR USG INC,W9124P26FA179,2026-03-27,4519859.28,Department of Defense,Department of the Army,DELIVERY ORDER,2026-03-27,143.06,147.56,-3.05,107.27,2026-06-25,61,-25.02,162.66,2026-08-04,88,13.7,51.64,17.0,44.0,,,,,,-3.85,2.4,3.4,-1.61,-7.47,2.33,-1.31,-4.31,6.37,-20.66,8.99
CACI,"CACI, INC. - FEDERAL",47QFCA25F0014,2025-12-22,0.0,General Services Administration,Federal Acquisition Service,DELIVERY ORDER,2025-12-22,550.0,556.61,-1.19,501.9,2026-04-27,85,-8.75,662.19,2026-01-23,21,20.4,31.94,11.0,15.0,17.0,21.0,,,,-0.99,-1.46,-2.0,-2.29,2.33,9.92,20.4,8.79,10.94,10.25,-6.62
LMT,LOCKHEED MARTIN CORPORATION,HQ085125FE008,2026-03-05,282379.92,Department of Defense,Missile Defense Agency,DELIVERY ORDER,2026-03-05,650.7399,660.1583,-1.43,491.64,2026-06-24,76,-24.45,667.4009,2026-03-06,1,2.56,35.75,,,,,,,,2.56,-0.58,-0.33,-1.5,-2.67,-4.7,-2.61,-9.59,-22.67,-20.63,-20.94
LDOS,LEIDOS BIOMEDICAL RESEARCH INC,75N91024F00027,2025-08-27,490482.0,Department of Health and Human Services,National Institutes of Health,DELIVERY ORDER,2025-08-27,181.4837,180.4545,0.57,175.8627,2025-09-03,4,-3.1,197.9062,2025-11-04,48,9.05,12.53,25.0,,,,,,,-1.11,-1.36,-2.62,-2.72,0.95,0.44,1.04,6.04,4.33,1.46,8.17
LDOS,"LEIDOS, INC.",FA807524F0036,2026-01-28,0.0,Department of Defense,Department of the Air Force,DELIVERY ORDER,2026-01-28,186.6463,186.03,0.33,122.3678,2026-06-08,90,-34.44,193.5547,2026-02-10,9,3.7,58.17,,,,,,,,-0.31,0.14,0.36,2.78,-7.87,-8.65,-6.75,-7.43,-15.21,-22.02,-34.44
BAH,BOOZ ALLEN HAMILTON INC,W56KGU25F0019,2025-09-25,115000.0,Department of Defense,Department of the Army,DELIVERY ORDER,2025-09-25,95.4407,97.1532,-1.76,78.7024,2025-11-20,40,-17.54,101.8113,2025-10-07,8,6.67,29.36,4.0,,,,,,,1.59,2.48,5.72,6.26,2.26,-1.21,-6.29,-12.26,-13.86,-12.01,-12.23
IBM,INTERNATIONAL BUSINESS MACHINES CORPORATION,W15QKN21F0531,2025-09-11,12079979.88,Department of Defense,Department of the Army,DELIVERY ORDER,2025-09-11,250.4978,250.3711,0.05,247.0183,2025-09-12,1,-1.39,308.6917,2025-11-12,44,23.23,24.97,7.0,11.0,31.0,32.0,,,,-1.39,0.2,3.11,5.59,9.51,11.47,8.1,10.89,19.27,20.48,16.41
LDOS,"LEIDOS, INC.",N6883625F7KVN,2025-09-24,1204253.16,Department of Defense,Department of the Navy,DELIVERY ORDER,2025-09-24,185.8563,185.5687,0.15,179.3204,2025-12-31,68,-3.52,197.9062,2025-11-04,29,6.48,10.36,8.0,,,,,,,-2.69,-0.96,2.26,4.36,5.78,-0.07,2.13,4.09,1.58,-3.09,1.51
BA,THE BOEING COMPANY,FA813826FB002,2026-03-11,0.0,Department of Defense,Department of the Air Force,DELIVERY ORDER,2026-03-11,214.1,217.76,-1.68,189.21,2026-03-30,13,-11.63,240.6,2026-05-13,44,12.38,27.16,27.0,41.0,,,,,,-4.36,-0.29,-3.79,-8.87,-6.77,-7.04,1.65,9.36,7.06,0.63,-4.34
LDOS,"LEIDOS, INC.",N6264522F0042,2025-09-02,1399929.68,Department of Defense,Department of the Navy,DELIVERY ORDER,2025-09-02,179.0096,179.0394,-0.02,175.8627,2025-09-03,1,-1.76,197.9062,2025-11-04,45,10.56,12.53,21.0,45.0,,,,,,-1.76,-1.04,-1.03,2.34,1.15,4.09,6.17,3.75,10.56,6.1,10.14
CACI,"CACI NSS, LLC",FA872624FB047,2026-01-16,5528488.52,Department of Defense,Department of the Air Force,BPA CALL,2026-01-16,635.4,627.5,1.26,480.99,2026-05-08,77,-24.3,662.19,2026-01-23,4,4.22,37.67,,,,,,,,-0.99,3.16,1.16,0.45,-3.62,-2.66,-10.77,-0.89,-9.24,-16.32,-17.71
NOC,NORTHROP GRUMMAN SYSTEMS CORPORATION,FA248722CA009,2025-09-12,132453.0,Department of Defense,Department of the Air Force,DEFINITIVE CONTRACT,2025-09-12,569.2981,576.2072,-1.2,541.3857,2025-12-01,55,-4.9,665.3712,2026-01-22,90,16.88,22.9,12.0,18.0,87.0,,,,,-0.25,0.19,-0.51,0.19,3.22,5.04,7.45,5.14,-3.12,-3.5,16.88
LMT,LOCKHEED MARTIN CORPORATION,FA820521F0316,2026-01-30,74150.21,Department of Defense,Department of the Air Force,DELIVERY ORDER,2026-01-30,626.7917,615.2189,1.88,503.2157,2026-05-08,68,-19.72,672.2988,2026-03-02,20,7.26,33.6,13.0,,,,,,,0.28,-4.96,-1.68,-0.73,2.89,3.79,5.85,2.27,-0.51,-18.8,-16.24
HII,HUNTINGTON INGALLS INCORPORATED,N0002423C2307,2025-09-22,0.0,Department of Defense,Department of the Navy,DEFINITIVE CONTRACT,2025-09-22,272.9123,271.8944,0.37,268.0601,2025-09-25,3,-1.78,424.6631,2026-01-29,89,55.6,58.42,12.0,28.0,28.0,63.0,72.0,79.0,,-0.05,-1.78,1.22,3.57,4.46,2.47,4.12,14.98,12.22,18.86,52.94
GE,GENERAL ELECTRIC COMPANY,FA812225F0017,2025-09-03,304018.0,Department of Defense,Department of the Air Force,DELIVERY ORDER,2025-09-03,274.5358,273.9986,0.2,274.5358,2025-09-03,0,0.0,326.6564,2026-01-06,86,18.98,18.98,9.0,14.0,84.0,,,,,2.3,0.04,2.71,2.09,4.92,10.76,8.66,8.9,10.71,7.63,17.76
TXT,BELL TEXTRON INC,N0001924F0025,2026-01-22,536791.27,Department of Defense,Department of the Navy,DELIVERY ORDER,2026-01-22,95.9885,96.2784,-0.3,85.9317,2026-03-30,46,-10.48,100.7265,2026-02-20,20,4.94,17.22,,,,,,,,-1.07,-1.87,-8.55,-8.82,-3.31,1.3,2.88,-1.11,-8.89,-4.7,-4.83
LMT,LOCKHEED MARTIN CORPORATION,FA823223F0369,2025-10-22,0.0,Department of Defense,Department of the Air Force,DELIVERY ORDER,2025-10-22,477.8069,480.1216,-0.48,434.0461,2025-12-01,27,-9.16,672.2988,2026-03-02,88,40.71,54.89,50.0,54.0,56.0,59.0,68.0,,,0.19,-0.05,-0.37,0.97,-2.87,-6.17,-3.88,-7.26,-0.09,19.15,38.16
HII,HUNTINGTON INGALLS INC,N0002418C4314,2025-09-17,0.0,Department of Defense,Department of the Navy,DEFINITIVE CONTRACT,2025-09-17,269.2558,269.9772,-0.27,268.06,2025-09-25,6,-0.44,422.7474,2026-01-16,84,57.01,57.71,9.0,27.0,31.0,60.0,67.0,81.0,,0.82,1.36,1.85,2.32,4.97,4.74,3.74,9.53,13.68,20.44,55.86
LMT,LOCKHEED MARTIN CORPORATION,N0001921F0747,2025-09-22,350000.0,Department of Defense,Department of the Navy,DELIVERY ORDER,2025-09-22,471.1862,463.8789,1.58,434.0461,2025-12-01,49,-7.88,626.7917,2026-01-30,90,33.02,44.41,9.0,76.0,77.0,79.0,89.0,,,1.31,0.82,2.41,3.87,7.05,5.13,1.9,1.57,-6.11,0.06,33.02
LMT,LOCKHEED MARTIN CORP,NNJ06TA25C,2025-11-25,97400000.0,National Aeronautics and Space Administration,National Aeronautics and Space Administration,DEFINITIVE CONTRACT,2025-11-25,443.7422,442.4181,0.3,434.0461,2025-12-01,3,-2.19,672.2988,2026-03-02,64,51.51,54.89,11.0,25.0,27.0,30.0,37.0,64.0,,0.39,-2.19,-0.49,0.71,4.22,6.25,7.58,20.92,41.65,47.98,40.72
LMT,LOCKHEED MARTIN CORPORATION,FA251824C0002,2025-11-25,0.0,Department of Defense,Department of the Air Force,DEFINITIVE CONTRACT,2025-11-25,443.7422,442.4181,0.3,434.0461,2025-12-01,3,-2.19,672.2988,2026-03-02,64,51.51,54.89,11.0,25.0,27.0,30.0,37.0,64.0,,0.39,-2.19,-0.49,0.71,4.22,6.25,7.58,20.92,41.65,47.98,40.72
LDOS,"LEIDOS, INC.",47QFDA21F0003,2025-10-16,141170.28,General Services Administration,Federal Acquisition Service,DELIVERY ORDER,2025-10-16,182.891,185.0332,-1.16,160.5633,2026-02-17,83,-12.21,197.9062,2025-11-04,13,8.21,23.26,13.0,,,,,,,0.05,4.74,3.79,2.55,3.53,5.78,3.8,3.63,0.37,6.5,-4.42
GD,GENERAL DYNAMICS LAND SYSTEMS INC.,W912CH26F0102,2026-02-27,21723.0,Department of Defense,Department of the Army,DELIVERY ORDER,2026-02-27,353.8419,347.5688,1.8,311.1606,2026-04-27,40,-12.06,376.88,2026-07-06,87,6.51,21.12,86.0,,,,,,,2.16,2.54,1.8,-0.41,-1.55,-2.08,-4.55,-4.12,-1.78,-3.03,5.87
HII,HUNTINGTON INGALLS INC,N5523625F9931,2025-09-12,13385.0,Department of Defense,Department of the Navy,DELIVERY ORDER,2025-09-12,271.4793,272.8234,-0.49,268.06,2025-09-25,9,-1.26,422.7474,2026-01-16,87,55.72,57.71,16.0,34.0,34.0,65.0,78.0,84.0,,-0.62,-0.82,0.15,0.47,1.48,2.73,4.8,9.17,14.29,15.49,55.08
LDOS,"LEIDOS, INC.",N6660420F3010,2025-12-15,-965848.43,Department of Defense,Department of the Navy,DELIVERY ORDER,2025-12-15,184.8372,188.1671,-1.77,143.7323,2026-04-27,90,-22.24,197.153,2026-01-09,17,6.66,37.17,13.0,,,,,,,-2.04,-2.56,0.05,0.37,-1.4,6.21,3.98,0.67,-6.7,-6.5,-22.24
NOC,NORTHROP GRUMMAN SYSTEMS CORPORATION,N6893620F0069,2025-09-04,-75104.6,Department of Defense,Department of the Navy,DELIVERY ORDER,2025-09-04,573.0541,574.2897,-0.22,541.3857,2025-12-01,61,-5.53,630.571,2025-10-08,24,10.04,16.47,18.0,24.0,,,,,,0.18,-1.4,0.55,-0.9,-1.04,1.12,5.14,3.32,-1.35,-1.3,8.33
BA,THE BOEING COMPANY,FA810224F0001,2025-12-11,1493829.0,Department of Defense,Department of the Air Force,DELIVERY ORDER,2025-12-11,200.71,198.72,1.0,189.21,2026-03-30,73,-5.73,252.15,2026-01-23,28,25.63,33.26,6.0,14.0,19.0,21.0,,,,1.83,2.99,3.77,8.04,7.84,13.48,21.84,21.85,19.04,6.67,16.66
HII,HUNTINGTON INGALLS INCORPORATED,N6931618F7008,2025-09-22,-166965.0,Department of Defense,Department of the Navy,DELIVERY ORDER,2025-09-22,272.9123,271.8944,0.37,268.0601,2025-09-25,3,-1.78,424.6631,2026-01-29,89,55.6,58.42,12.0,28.0,28.0,63.0,72.0,79.0,,-0.05,-1.78,1.22,3.57,4.46,2.47,4.12,14.98,12.22,18.86,52.94
GD,"GENERAL DYNAMICS INFORMATION TECHNOLOGY, INC.",HC101325F0067,2025-09-24,66461.87,Department of Defense,Defense Information Systems Agency,BPA CALL,2025-09-24,318.0098,317.597,0.13,318.0098,2025-09-24,0,0.0,364.0791,2026-01-16,79,14.49,14.49,4.0,70.0,,,,,,0.25,2.64,5.29,6.18,7.05,4.13,5.99,6.43,5.54,4.7,10.73
BAH,BOOZ ALLEN HAMILTON INC,N0042123F3006,2025-12-04,244193.13,Department of Defense,Department of the Navy,DELIVERY ORDER,2025-12-04,86.3363,81.2536,6.26,73.705,2026-02-23,53,-14.63,100.6977,2026-01-23,33,16.63,36.62,4.0,25.0,33.0,,,,,0.41,3.29,7.68,4.81,-1.87,-2.85,2.73,6.63,2.62,-9.93,-4.94
PLTR,PALANTIR TECHNOLOGIES INC.,692M1524F00208,2025-11-25,267251.18,Department of Transportation,Federal Aviation Administration,DELIVERY ORDER,2025-11-25,163.55,162.25,0.8,128.84,2026-02-24,60,-21.22,194.17,2025-12-24,20,18.72,50.71,5.0,7.0,17.0,,,,,1.36,2.41,7.66,11.13,14.89,14.8,15.38,8.52,-9.65,-21.22,-13.93
LMT,LOCKHEED MARTIN CORPORATION,FA868221C0001,2025-12-15,-59804.67,Department of Defense,Department of the Air Force,DEFINITIVE CONTRACT,2025-12-15,478.7463,474.6252,0.87,464.6335,2025-12-18,3,-2.95,672.2988,2026-03-02,51,40.43,44.69,13.0,17.0,19.0,22.0,31.0,,,-1.52,-2.95,-0.18,0.27,0.74,7.77,19.3,28.51,35.89,34.06,6.53
BA,THE BOEING COMPANY,FA813425F4402,2026-01-13,0.0,Department of Defense,Department of the Air Force,DELIVERY ORDER,2026-01-13,244.55,239.81,1.98,189.21,2026-03-30,52,-22.63,252.15,2026-01-23,7,3.11,33.26,,,,,,,,-0.79,1.28,2.26,3.11,-1.21,-4.66,-2.13,-6.19,-17.73,-11.01,-10.44
GD,"GENERAL DYNAMICS INFORMATION TECHNOLOGY, INC.",89303020FCF000012,2025-09-19,165000.0,Department of Energy,Department of Energy,BPA CALL,2025-09-19,318.4617,318.9433,-0.15,317.0664,2025-09-22,1,-0.44,364.0791,2026-01-16,82,14.32,14.83,7.0,73.0,,,,,,-0.44,-0.14,1.93,5.22,6.03,5.77,4.5,6.89,5.48,5.59,8.9
NOC,NORTHROP GRUMMAN SYSTEMS CORPORATION,FA229124FB009,2025-12-17,0.0,Department of Defense,Department of the Air Force,DELIVERY ORDER,2025-12-17,559.9244,564.4202,-0.8,555.2898,2025-12-18,1,-0.83,764.6547,2026-03-02,49,36.56,37.7,11.0,16.0,18.0,26.0,42.0,,,-0.83,3.63,3.22,2.41,3.81,4.71,16.5,21.42,29.4,28.74,1.78
IBM,INTERNATIONAL BUSINESS MACHINES CORPORATION,70FA6023F00000039,2025-09-05,32424170.83,Department of Homeland Security,Federal Emergency Management Agency,DELIVERY ORDER,2025-09-05,242.2327,240.9169,0.55,242.2327,2025-09-05,0,0.0,308.6917,2025-11-12,48,27.44,27.44,9.0,14.0,18.0,35.0,,,,3.04,3.36,1.98,3.62,7.19,13.24,16.45,13.18,23.28,23.67,25.03
ACN,ACCENTURE FEDERAL SERVICES LLC,91003119F0003,2026-03-09,0.0,Department of Education,Department of Education,DELIVERY ORDER,2026-03-09,205.1329,210.6591,-2.62,122.9615,2026-06-30,78,-40.06,205.1329,2026-03-09,0,0.0,66.83,,,,,,,,-3.69,-6.36,-4.8,-6.79,-4.46,-8.01,-7.41,-6.35,-18.22,-14.53,-30.01
GD,GENERAL DYNAMICS INFORMATION TECHNOLOGY INC.,19AQMM23F3088,2026-03-31,-936367.16,Department of State,Department of State,DELIVERY ORDER,2026-03-31,340.1362,337.728,0.71,311.1606,2026-04-27,18,-8.52,395.97,2026-08-10,90,16.42,27.26,50.0,65.0,81.0,,,,,2.13,2.38,1.98,-1.9,-0.81,-4.72,0.78,-0.08,-0.04,1.49,16.42
HII,HUNTINGTON INGALLS INCORPORATED,N0002418C2307,2025-11-21,0.0,Department of Defense,Department of the Navy,DEFINITIVE CONTRACT,2025-11-21,301.8974,298.2804,1.21,301.8974,2025-11-21,0,0.0,451.7788,2026-03-02,66,49.65,49.65,12.0,19.0,20.0,29.0,33.0,,,1.45,2.89,0.82,1.67,3.86,7.49,16.56,17.2,40.66,43.87,34.45
NOC,NORTHROP GRUMMAN SYSTEMS CORPORATION,N0038325FBH0F,2025-11-20,-26.0,Department of Defense,Department of the Navy,DELIVERY ORDER,2025-11-20,560.7877,558.4648,0.42,541.3857,2025-12-01,6,-3.46,764.6547,2026-03-02,67,36.35,41.24,29.0,34.0,36.0,44.0,60.0,,,-0.11,0.36,0.86,-3.2,-2.85,-0.89,3.47,8.06,21.96,30.41,24.72
BAH,BOOZ ALLEN HAMILTON INC,N0018922F0236,2025-08-29,-17000.0,Department of Defense,Department of the Navy,DELIVERY ORDER,2025-08-29,106.391,105.9017,0.46,78.7024,2025-11-20,58,-26.03,107.7219,2025-09-02,1,1.25,36.87,,,,,,,,1.25,-5.08,-6.47,-5.72,-6.53,-6.05,-8.07,-11.43,-21.36,-25.23,-12.77
LDOS,"LEIDOS, INC.",15A00020FAQA00189,2026-01-15,0.0,Department of Justice,"Bureau of Alcohol, Tobacco, Firearms and Explosives Acquisition and Property Management Division",DELIVERY ORDER,2026-01-15,192.2028,189.6781,1.33,122.6069,2026-05-21,87,-36.21,193.5547,2026-02-10,17,0.7,57.87,,,,,,,,0.69,-0.64,-1.1,-3.21,-2.63,-3.76,-16.46,-7.22,-15.73,-19.03,-32.28
LDOS,"LEIDOS, INC.",N0003925F7462,2025-11-25,974270.3,Department of Defense,Department of the Navy,DELIVERY ORDER,2025-11-25,189.9225,185.2712,2.51,153.6473,2026-03-30,84,-19.1,197.153,2026-01-09,30,3.81,28.32,,,,,,,,-0.6,-1.61,-1.6,-2.44,-1.67,-4.66,-2.72,3.81,-1.58,-8.86,-15.72
CACI,"CACI, INC. - FEDERAL",47QFMA24F0014,2025-09-29,15733949.0,General Services Administration,Federal Acquisition Service,DELIVERY ORDER,2025-09-29,488.06,485.59,0.51,488.06,2025-09-29,0,0.0,662.19,2026-01-23,80,35.68,35.68,2.0,18.0,18.0,27.0,76.0,,,2.2,6.35,8.39,7.92,4.1,5.69,17.3,21.27,24.24,11.57,26.73
BAH,BOOZ ALLEN HAMILTON INC,HC104718F0017,2026-02-02,729264.66,Department of Defense,Defense Information Systems Agency,DELIVERY ORDER,2026-02-02,86.1885,87.0947,-1.04,71.0549,2026-05-13,70,-17.56,88.7791,2026-02-09,5,3.01,24.94,,,,,,,,-5.14,-3.41,3.01,-8.81,-12.0,-14.48,-9.77,-11.19,-6.03,-11.96,-10.43
BA,THE BOEING COMPANY,FA860919F0002,2025-09-25,-625988.22,Department of Defense,Department of the Air Force,DELIVERY ORDER,2025-09-25,213.53,215.1,-0.73,179.12,2025-11-24,42,-16.11,252.15,2026-01-23,82,18.09,40.77,9.0,74.0,77.0,,,,,3.62,1.08,1.83,2.9,1.16,0.22,3.66,-7.98,-11.49,0.26,10.5
CACI,"CACI, INC. - FEDERAL",47QFRA24F0005,2026-02-23,2872075.18,General Services Administration,Federal Acquisition Service,DELIVERY ORDER,2026-02-23,570.99,586.03,-2.57,443.26,2026-06-25,85,-22.37,633.21,2026-03-09,10,10.9,42.85,4.0,6.0,,,,,,2.63,4.58,9.45,9.38,10.9,6.26,1.0,-0.33,-10.91,-13.6,-11.94
NOC,NORTHROP GRUMMAN SYSTEMS CORPORATION,N0002417C6311,2026-03-10,4025000.0,Department of Defense,Department of the Navy,DEFINITIVE CONTRACT,2026-03-10,731.7594,744.0652,-1.65,496.02,2026-06-29,76,-32.22,733.0736,2026-03-12,2,0.18,47.79,,,,,,,,-0.24,-0.17,-1.49,-2.83,-7.19,-8.62,-6.04,-19.78,-24.92,-25.5,-28.4
BA,THE BOEING COMPANY,FA863418C2698,2025-09-30,0.0,Department of Defense,Department of the Air Force,DEFINITIVE CONTRACT,2025-09-30,215.83,217.08,-0.58,179.12,2025-11-24,39,-17.01,252.15,2026-01-23,79,16.83,40.77,65.0,71.0,76.0,,,,,-0.29,0.22,2.78,0.08,-0.71,0.46,-1.04,-9.55,-6.16,1.08,13.38
NOC,NORTHROP GRUMMAN SYSTEMS CORP,FA811026FB001,2025-12-18,19649944.71,Department of Defense,Department of the Air Force,DELIVERY ORDER,2025-12-18,555.2898,559.9244,-0.83,555.2898,2025-12-18,0,0.0,764.6547,2026-03-02,48,37.7,37.7,10.0,14.0,17.0,23.0,41.0,,,1.6,3.67,3.19,2.69,9.26,10.6,18.7,26.0,26.16,29.96,3.9
LMT,LOCKHEED MARTIN CORPORATION,N0001923C0009,2026-01-16,6900000.0,Department of Defense,Department of the Navy,DEFINITIVE CONTRACT,2026-01-16,575.6083,571.1216,0.79,503.2157,2026-05-08,77,-12.58,672.2988,2026-03-02,29,16.8,33.6,8.0,19.0,29.0,,,,,-1.09,1.97,-0.13,2.55,9.2,7.07,11.57,15.27,5.31,5.48,-7.28
BA,THE BOEING COMPANY,FA863418C2701,2025-09-22,28272336.5,Department of Defense,Department of the Air Force,DEFINITIVE CONTRACT,2025-09-22,212.09,215.65,-1.65,179.12,2025-11-24,45,-15.55,252.15,2026-01-23,85,18.89,40.77,12.0,76.0,78.0,,,,,2.0,0.68,2.35,1.47,3.6,-0.64,2.44,-3.56,-15.55,-2.54,10.2
BA,THE BOEING COMPANY,FA813823F1008,2026-01-05,0.0,Department of Defense,Department of the Air Force,DELIVERY ORDER,2026-01-05,228.13,227.77,0.16,189.21,2026-03-30,58,-17.06,252.15,2026-01-23,13,10.53,33.26,5.0,12.0,,,,,,0.75,-0.33,5.12,6.35,9.15,8.9,3.43,4.73,-6.15,-9.12,0.47
LMT,LOCKHEED MARTIN CORP,N0003022C1025,2026-02-17,0.0,Department of Defense,Department of the Navy,DEFINITIVE CONTRACT,2026-02-17,641.9719,644.9368,-0.46,491.64,2026-06-24,88,-23.42,672.2988,2026-03-02,9,4.72,36.75,,,,,,,,0.04,1.34,2.29,-1.22,3.35,2.78,-0.6,-6.47,-14.04,-19.54,-20.96
LMT,LOCKHEED MARTIN CORPORATION,N0001922C0041,2025-08-18,16967644.95,Department of Defense,Department of the Navy,DEFINITIVE CONTRACT,2025-08-18,429.0674,426.0683,0.7,429.0674,2025-08-18,0,0.0,504.3876,2025-10-06,34,17.55,17.55,13.0,25.0,33.0,,,,,0.1,1.49,1.61,3.14,3.44,4.95,8.15,14.12,11.9,4.49,11.88
LMT,LOCKHEED MARTIN CORPORATION,N0003023C6045,2025-09-30,0.0,Department of Defense,Department of the Navy,DEFINITIVE CONTRACT,2025-09-30,489.6455,482.5541,1.47,434.0461,2025-12-01,43,-11.36,630.8141,2026-02-09,90,28.83,45.33,67.0,71.0,73.0,81.0,,,,-0.04,1.06,2.38,1.71,1.2,1.34,-2.78,-8.44,-9.82,-1.96,28.83
NOC,NORTHROP GRUMMAN SYSTEMS CORPORATION,FA873021F0119,2025-12-23,2145000.0,Department of Defense,Department of the Air Force,DELIVERY ORDER,2025-12-23,575.6745,580.2397,-0.79,556.1522,2026-05-05,90,-3.39,764.6547,2026-03-02,45,32.83,37.49,7.0,14.0,19.0,27.0,45.0,,,0.39,-0.39,-1.7,5.39,1.85,12.6,13.95,22.25,32.83,17.6,-3.39
HII,HUNTINGTON INGALLS INCORPORATED,N0002421C4205,2026-03-23,459018.0,Department of Defense,Department of the Navy,DEFINITIVE CONTRACT,2026-03-23,394.8646,406.2255,-2.8,268.76,2026-07-21,82,-31.94,409.581,2026-04-08,11,3.73,52.4,,,,,,,,1.39,-2.97,-6.93,-0.82,1.44,-0.53,-7.49,-17.76,-19.92,-24.81,-17.33
LMT,LOCKHEED MARTIN CORPORATION,FA865823FB018,2026-01-29,0.0,Department of Defense,Department of the Air Force,DELIVERY ORDER,2026-01-29,615.2189,590.2746,4.23,503.2157,2026-05-08,69,-18.21,672.2988,2026-03-02,21,9.28,33.6,14.0,,,,,,,1.88,0.92,-2.14,2.53,2.4,7.07,9.28,4.32,3.01,-17.1,-13.83
LMT,LOCKHEED MARTIN CORPORATION,FA861125F0036,2026-01-12,2000000.0,Department of Defense,Department of the Air Force,DELIVERY ORDER,2026-01-12,544.7837,536.5611,1.53,503.2157,2026-05-08,81,-7.63,672.2988,2026-03-02,33,23.41,33.6,4.0,12.0,13.0,26.0,,,,1.28,4.83,4.5,7.74,7.93,15.38,14.05,17.46,17.13,13.77,-4.66
LDOS,"LEIDOS, INC.",HC102826F0011,2026-02-11,25243.58,Department of Defense,Defense Information Systems Agency,DELIVERY ORDER,2026-02-11,171.9647,193.5547,-11.15,104.84,2026-06-22,89,-39.03,179.5689,2026-03-03,13,4.42,71.28,,,,,,,,-0.9,-6.63,1.89,-0.58,1.65,2.14,0.5,-8.69,-10.08,-24.61,-38.3
CACI,"CACI, INC. - FEDERAL",N0016422F3000,2025-09-26,11210.14,Department of Defense,Department of the Navy,DELIVERY ORDER,2025-09-26,485.59,476.24,1.96,485.59,2025-09-26,0,0.0,662.19,2026-01-23,81,36.37,36.37,3.0,19.0,19.0,19.0,77.0,,,0.51,6.09,9.19,8.31,5.1,6.72,19.18,21.35,26.08,13.26,23.22
LMT,LOCKHEED MARTIN CORPORATION,H9225425FE041,2025-08-29,973453.88,Department of Defense,U.S. Special Operations Command,DELIVERY ORDER,2025-08-29,443.6638,444.1993,-0.12,434.0461,2025-12-01,64,-2.17,515.9257,2026-01-06,88,16.29,18.86,15.0,21.0,88.0,,,,,0.04,1.0,1.5,2.55,4.62,4.56,10.36,11.39,7.87,-0.28,15.49
HII,HUNTINGTON INGALLS INCORPORATED,N0002418C2406,2026-03-13,5107372.5,Department of Defense,Department of the Navy,DEFINITIVE CONTRACT,2026-03-13,413.9223,412.7772,0.28,269.13,2026-07-17,86,-34.98,426.1494,2026-03-18,3,2.95,58.34,,,,,,,,0.21,2.95,-1.86,-3.28,-8.16,-4.59,-4.24,-13.79,-20.77,-28.12,-30.36
GD,"GENERAL DYNAMICS INFORMATION TECHNOLOGY, INC.",70FA3123F00000074,2026-01-06,-287330.41,Department of Homeland Security,Federal Emergency Management Agency,DELIVERY ORDER,2026-01-06,356.0147,350.9317,1.45,311.1606,2026-04-27,76,-12.6,364.0791,2026-01-16,8,2.27,17.01,,,,,,,,-4.18,-1.89,0.72,2.21,1.54,2.05,-2.0,-1.36,-1.12,-2.83,-6.45
CACI,"CACI, INC. - FEDERAL",70B02C21F00001280,2025-12-10,831301.65,Department of Homeland Security,U.S. Customs and Border Protection,DELIVERY ORDER,2025-12-10,596.45,589.19,1.23,512.25,2026-04-22,90,-14.12,662.19,2026-01-23,29,11.02,29.27,24.0,29.0,,,,,,-1.67,-4.87,-5.99,-6.68,-8.72,-10.67,1.4,7.77,-5.35,-0.79,-14.12
LDOS,"LEIDOS, INC.",HC104723F4055,2025-09-18,0.0,Department of Defense,Defense Information Systems Agency,DELIVERY ORDER,2025-09-18,185.6084,182.286,1.82,179.3204,2025-12-31,72,-3.39,197.9062,2025-11-04,33,6.63,10.36,12.0,,,,,,,0.16,-0.02,-2.56,-0.82,3.07,5.92,-1.41,2.01,-0.8,1.38,0.56
BA,THE BOEING COMPANY,FA860925FB023,2026-01-08,0.0,Department of Defense,Department of the Air Force,DELIVERY ORDER,2026-01-08,227.38,228.12,-0.32,189.21,2026-03-30,55,-16.79,252.15,2026-01-23,10,10.89,33.26,2.0,9.0,,,,,,3.14,7.55,8.95,9.51,10.89,2.93,7.62,1.35,-6.12,-7.64,-5.44
ONDS,"CONDOR RELIABILITY SERVICES, INC.",6973GH22F01044,2025-09-19,0.0,Department of Transportation,Federal Aviation Administration,DELIVERY ORDER,2025-09-19,6.72,6.6,1.82,5.25,2025-11-06,34,-21.87,14.01,2026-01-08,76,108.48,166.86,1.0,2.0,2.0,9.0,9.0,11.0,76.0,8.04,9.38,13.99,14.88,47.47,56.1,15.63,-4.17,0.22,14.43,67.71
GD,GENERAL DYNAMICS LAND SYSTEMS INC.,W56HZV23C0025,2025-11-14,0.0,Department of Defense,Department of the Army,DEFINITIVE CONTRACT,2025-11-14,339.7689,339.5814,0.06,328.0534,2025-12-01,10,-3.45,364.0791,2026-01-16,42,7.15,10.98,39.0,,,,,,,-0.72,-0.35,-1.14,-0.92,-3.45,-2.02,-1.96,-1.39,6.7,-0.61,1.14
PSN,PARSONS GOVERNMENT SERVICES INC.,FA875023F0502,2026-02-24,526176.0,Department of Defense,Department of the Air Force,DELIVERY ORDER,2026-02-24,64.69,64.29,0.62,47.05,2026-06-25,84,-27.27,67.86,2026-03-02,4,4.9,44.23,,,,,,,,0.76,2.03,3.05,1.17,-8.29,-18.69,-16.77,-10.34,-22.24,-20.16,-11.19
HII,HUNTINGTON INGALLS INCORPORATED,N0002421C4205,2025-09-05,-12413008.0,Department of Defense,Department of the Navy,DEFINITIVE CONTRACT,2025-09-05,267.9415,266.805,0.43,263.9292,2025-09-09,2,-1.5,412.3152,2026-01-14,90,53.88,56.22,17.0,35.0,39.0,68.0,75.0,89.0,,-0.44,0.3,1.32,0.76,1.48,0.04,6.4,3.28,14.17,13.6,53.88
CACI,"CACI, INC. - FEDERAL",FA807524F0060,2026-01-29,24714847.07,Department of Defense,Department of the Air Force,DELIVERY ORDER,2026-01-29,623.13,638.24,-2.37,480.99,2026-05-08,69,-22.81,637.27,2026-02-09,7,2.27,32.49,,,,,,,,-0.41,-0.69,-3.98,2.27,-9.91,-5.12,0.29,-2.63,-8.22,-19.46,-15.74
BA,THE BOEING COMPANY,FA813423FB004,2025-12-01,0.0,Department of Defense,Defense Contract Management Agency,DELIVERY ORDER,2025-12-01,186.46,189.0,-1.34,186.46,2025-12-01,0,0.0,252.15,2026-01-23,36,35.23,35.23,1.0,1.0,15.0,22.0,29.0,,,10.15,8.26,10.62,6.58,10.21,14.81,16.44,30.11,27.08,22.03,19.14
NOC,NORTHROP GRUMMAN SYSTEMS CORPORATION,FA489023C0019,2026-02-20,5762560.98,Department of Defense,Department of the Air Force,DEFINITIVE CONTRACT,2026-02-20,718.0895,731.299,-1.81,496.02,2026-06-29,88,-30.93,764.6547,2026-03-02,6,6.48,54.16,6.0,,,,,,,0.57,-2.44,0.43,5.25,4.84,2.09,-5.72,-3.53,-20.24,-23.74,-27.59
BAH,BOOZ ALLEN HAMILTON INC,47QFCA23F0058,2026-03-27,0.0,General Services Administration,Federal Acquisition Service,DELIVERY ORDER,2026-03-27,77.9034,79.7296,-2.29,59.71,2026-06-25,61,-23.35,83.4516,2026-04-07,6,7.12,39.76,4.0,,,,,,,0.59,2.4,6.65,3.96,4.23,4.18,-2.87,-4.51,2.34,-19.54,0.86
LMT,LOCKHEED MARTIN CORP,FA850422F0041,2025-08-15,0.0,Department of Defense,Department of the Air Force,DELIVERY ORDER,2025-08-15,426.0683,425.8346,0.05,426.0683,2025-08-15,0,0.0,504.3876,2025-10-06,35,18.38,18.38,13.0,25.0,34.0,,,,,0.7,1.93,1.97,4.09,4.13,6.79,9.19,13.26,16.46,4.08,11.93
LMT,LOCKHEED MARTIN CORPORATION,W31P4Q21F0127,2025-11-19,0.0,Department of Defense,Department of the Army,DELIVERY ORDER,2025-11-19,460.907,465.6248,-1.01,434.0461,2025-12-01,7,-5.83,672.2988,2026-03-02,68,45.86,54.89,29.0,31.0,34.0,37.0,47.0,,,-0.35,-4.01,-3.35,-5.83,-3.86,0.34,1.66,9.69,27.57,39.33,33.13
LDOS,"LEIDOS, INC.",HT003820F0010,2025-11-05,0.0,Department of Defense,Defense Health Agency,DELIVERY ORDER,2025-11-05,193.4632,197.9062,-2.25,160.5633,2026-02-17,69,-17.01,197.153,2026-01-09,44,1.91,22.79,,,,,,,,-0.16,0.92,-1.05,-1.88,-3.02,-1.83,-4.23,-6.9,0.5,-2.49,-14.11
PLTR,PALANTIR TECHNOLOGIES INC.,692M1524F00208,2025-10-27,267251.18,Department of Transportation,Federal Aviation Administration,DELIVERY ORDER,2025-10-27,189.18,184.63,2.46,128.84,2026-02-24,81,-31.9,207.18,2025-11-03,5,9.51,60.8,2.0,,,,,,,0.22,2.84,9.51,-0.68,2.34,-8.02,-13.55,-3.88,-6.04,-10.35,-17.31
NOC,NORTHROP GRUMMAN SYSTEMS CORP,FA821920C0006,2025-09-30,0.0,Department of Defense,Department of the Air Force,DEFINITIVE CONTRACT,2025-09-30,602.2723,587.1194,2.58,541.3857,2025-12-01,43,-10.11,703.7488,2026-02-06,89,16.85,29.99,73.0,78.0,86.0,,,,,-0.64,0.04,2.02,4.22,2.89,-1.2,-3.99,-6.99,-8.82,-4.04,15.02
LMT,LOCKHEED MARTIN CORPORATION,N0001924F0591,2026-02-02,0.0,Department of Defense,Department of the Navy,DELIVERY ORDER,2026-02-02,628.551,626.7917,0.28,503.2157,2026-05-08,67,-19.94,672.2988,2026-03-02,19,6.96,33.6,19.0,,,,,,,-1.22,-4.22,0.36,-1.15,2.14,3.87,5.03,0.58,-0.66,-19.42,-12.71
LMT,LOCKHEED MARTIN CORPORATION,W31P4Q25F0061,2026-01-27,0.0,Department of Defense,Department of the Army,DELIVERY ORDER,2026-01-27,587.9818,574.8474,2.28,503.2157,2026-05-08,71,-14.42,672.2988,2026-03-02,23,14.34,33.6,3.0,16.0,,,,,,0.39,6.6,5.6,2.39,5.82,9.18,7.85,9.74,4.36,-10.48,-10.92
BAH,BOOZ ALLEN HAMILTON INC,N0003920F3500,2026-03-20,0.0,Department of Defense,Department of the Navy,DELIVERY ORDER,2026-03-20,79.3524,80.2259,-1.09,59.71,2026-06-25,66,-24.75,83.4516,2026-04-07,11,5.17,39.76,11.0,,,,,,,-0.06,0.21,-1.83,-2.4,4.7,-2.23,1.31,-2.64,-0.05,-6.77,-13.92
TXT,BELL TEXTRON INC,SPRPA125F0025,2025-09-25,10997909.04,Department of Defense,Defense Logistics Agency,DELIVERY ORDER,2025-09-25,82.2955,82.7052,-0.5,79.3674,2025-10-30,25,-3.56,96.2784,2026-01-21,80,16.99,21.31,6.0,61.0,80.0,,,,,1.38,2.6,4.86,6.06,2.78,0.19,-1.37,-2.33,0.98,8.66,10.2
BAH,BOOZ ALLEN HAMILTON INC,47QFWA20F0028,2025-08-20,5604667.4,General Services Administration,Federal Acquisition Service,DELIVERY ORDER,2025-08-20,106.8705,107.2913,-0.39,78.7024,2025-11-20,65,-26.36,108.3971,2025-08-27,5,1.43,37.73,,,,,,,,-0.22,0.21,1.43,-0.45,-5.5,-6.14,-6.47,-5.59,-8.17,-22.89,-21.55
BAH,BOOZ ALLEN HAMILTON INC,49100424F0001,2025-09-22,6794250.72,National Science Foundation,National Science Foundation,DELIVERY ORDER,2025-09-22,97.6523,99.952,-2.3,78.7024,2025-11-20,43,-19.41,101.8113,2025-10-07,11,4.26,29.36,,,,,,,,-1.46,-2.26,-0.9,2.82,3.86,-2.66,0.86,-14.32,-18.54,-13.86,-10.81
LDOS,"LEIDOS, INC.",70RTAC25FR0000052,2025-08-15,2125853.84,Department of Homeland Security,Office of Procurement Operations,DELIVERY ORDER,2025-08-15,175.7835,176.5851,-0.45,175.7835,2025-08-15,0,0.0,197.9062,2025-11-04,56,12.59,12.59,23.0,34.0,,,,,,0.28,1.42,2.31,2.66,1.85,0.77,3.01,4.72,7.47,11.07,5.36
BAH,BOOZ ALLEN HAMILTON INC,693JJ318F000322,2026-02-27,-72129.41,Department of Transportation,Federal Highway Administration,DELIVERY ORDER,2026-02-27,78.2408,79.1738,-1.18,59.71,2026-06-25,81,-23.68,83.4516,2026-04-07,26,6.66,39.76,24.0,,,,,,,-1.29,-0.61,3.88,-1.66,-0.71,2.54,0.15,3.78,-1.26,1.37,-19.27
NOC,NORTHROP GRUMMAN SYSTEMS CORPORATION,N0010424CUA06,2026-02-19,0.0,Department of Defense,Department of the Navy,DEFINITIVE CONTRACT,2026-02-19,731.299,719.35,1.66,496.02,2026-06-29,89,-32.17,764.6547,2026-03-02,7,4.56,54.16,,,,,,,,-1.81,-0.92,-3.22,4.56,0.75,-0.18,-3.75,-4.36,-21.7,-26.39,-30.36
BA,THE BOEING COMPANY,FA813425F4002,2025-09-09,-6327.07,Department of Defense,Department of the Air Force,DELIVERY ORDER,2025-09-09,229.52,230.95,-0.62,179.12,2025-11-24,54,-21.96,247.74,2026-01-15,89,7.94,38.31,87.0,,,,,,,-0.87,-5.92,-6.32,-6.04,-5.74,-5.42,-1.83,-5.34,-14.95,-11.75,7.91
LDOS,"LEIDOS, INC.",75FCMC22F0131,2025-09-04,2000000.0,Department of Health and Human Services,Centers for Medicare and Medicaid Services,DELIVERY ORDER,2025-09-04,176.7237,175.8627,0.49,176.5554,2025-09-08,2,-0.1,197.9062,2025-11-04,43,11.99,12.09,10.0,22.0,,,,,,0.24,0.25,3.67,2.55,5.03,5.17,9.76,3.49,9.3,7.24,10.22
BAH,BOOZ ALLEN HAMILTON INC,HC104723F0021,2025-11-20,66361.53,Department of Defense,Defense Information Systems Agency,DELIVERY ORDER,2025-11-20,78.7024,79.2245,-0.66,73.705,2026-02-23,62,-6.35,100.6977,2026-01-23,42,27.95,36.62,9.0,10.0,13.0,33.0,,,,1.1,4.69,4.46,2.18,10.15,18.12,8.25,12.69,14.02,0.81,4.84
BAH,BOOZ ALLEN HAMILTON INC,FA875022F1005,2025-12-18,2422208.0,Department of Defense,Department of the Air Force,DELIVERY ORDER,2025-12-18,84.7209,85.2528,-0.62,73.705,2026-02-23,43,-13.0,100.6977,2026-01-23,23,18.86,36.62,13.0,14.0,23.0,,,,,-0.87,-1.58,-0.72,-1.0,3.87,11.82,11.11,-3.5,-12.01,-7.85,-8.89
NOC,NORTHROP GRUMMAN SYSTEMS CORPORATION,M6785424F0008,2026-01-07,0.0,Department of Defense,Department of the Navy,DELIVERY ORDER,2026-01-07,572.6476,605.9935,-5.5,538.3207,2026-05-15,89,-5.99,764.6547,2026-03-02,36,33.53,42.04,2.0,5.0,7.0,15.0,36.0,,,2.39,9.07,13.19,15.58,16.19,19.43,22.89,25.4,27.56,20.97,-4.38
GD,"GENERAL DYNAMICS INFORMATION TECHNOLOGY, INC.",HC102819F0141,2025-12-09,7356279.26,Department of Defense,Defense Information Systems Agency,BPA CALL,2025-12-09,329.9188,331.6362,-0.52,324.0936,2026-04-21,90,-1.77,364.0791,2026-01-16,26,10.35,12.34,17.0,25.0,,,,,,2.38,0.96,0.96,0.92,2.86,1.56,5.87,9.12,4.42,8.73,-1.77
BA,THE BOEING COMPANY,SPRPA126F0002,2026-01-06,5649137.76,Department of Defense,Defense Logistics Agency,DELIVERY ORDER,2026-01-06,229.84,228.13,0.75,189.21,2026-03-30,57,-17.68,252.15,2026-01-23,12,9.71,33.26,5.0,,,,,,,-0.75,2.04,6.4,7.79,8.8,6.4,3.09,1.68,-10.91,-9.41,-4.07
LDOS,"LEIDOS, INC.",FA231825FB002,2026-01-08,755431.0,Department of Defense,Department of the Air Force,DELIVERY ORDER,2026-01-08,194.0517,195.4334,-0.71,123.2546,2026-05-15,88,-36.48,197.153,2026-01-09,1,1.6,59.96,,,,,,,,1.6,0.38,-0.95,-2.2,-2.04,-4.11,-0.33,-11.89,-14.01,-18.42,-35.32
ACN,ACCENTURE FEDERAL SERVICES LLC,89303023FIM000112,2026-03-10,-16165.63,Department of Energy,Department of Energy,BPA CALL,2026-03-10,197.559,205.1329,-3.69,122.9615,2026-06-30,77,-37.76,199.4402,2026-03-19,7,0.95,62.2,,,,,,,,-0.07,-2.47,-1.47,0.95,-4.01,-2.02,-6.95,-4.92,-20.15,-10.54,-26.74
GD,"GENERAL DYNAMICS INFORMATION TECHNOLOGY, INC.",75FCMC23F0156,2026-04-01,800572.93,Department of Health and Human Services,Centers for Medicare and Medicaid Services,DELIVERY ORDER,2026-04-01,347.3805,340.1362,2.13,311.1606,2026-04-27,17,-10.43,395.97,2026-08-10,89,13.99,27.26,63.0,78.0,,,,,,-0.41,-0.6,-1.89,-2.34,-4.01,-8.07,-0.88,-2.38,-0.71,-0.24,12.81
LMT,LOCKHEED MARTIN CORPORATION,HR001122C0141,2025-12-22,475000.0,Department of Defense,Defense Advanced Research Projects Agency,DEFINITIVE CONTRACT,2025-12-22,477.9062,468.5768,1.99,476.8982,2025-12-23,1,-0.21,672.2988,2026-03-02,46,40.68,40.97,8.0,12.0,14.0,17.0,26.0,,,-0.21,-0.11,0.92,2.79,2.75,15.45,22.18,25.98,36.09,30.43,7.72
BA,THE BOEING COMPANY,FA863418C2701,2025-12-16,387848.0,Department of Defense,Department of the Air Force,DEFINITIVE CONTRACT,2025-12-16,206.71,205.5,0.59,189.21,2026-03-30,70,-8.47,252.15,2026-01-23,25,21.98,33.26,6.0,11.0,17.0,22.0,,,,-0.18,3.57,4.91,4.71,5.04,10.36,19.82,13.07,11.48,3.27,11.62
PSN,PARSONS GOVERNMENT SERVICES INC.,N0018925FZ195,2026-02-17,30000.0,Department of Defense,Department of the Navy,DELIVERY ORDER,2026-02-17,61.41,63.38,-3.11,47.05,2026-06-25,89,-23.38,67.86,2026-03-02,9,10.5,44.23,2.0,9.0,,,,,,3.76,6.71,5.34,7.98,8.55,1.86,-16.77,-11.79,-12.6,-18.03,-17.05
GD,"GENERAL DYNAMICS INFORMATION TECHNOLOGY, INC.",W91RUS19F0174,2025-09-27,2868675.0,Department of Defense,Department of the Army,DELIVERY ORDER,2025-09-29,326.4115,324.6132,0.55,326.2868,2025-10-16,13,-0.04,364.0791,2026-01-16,76,11.54,11.58,19.0,74.0,,,,,,2.66,2.67,4.31,4.3,1.11,0.13,4.83,5.68,1.54,3.97,9.32
GD,"GENERAL DYNAMICS INFORMATION TECHNOLOGY, INC.",140D0422F0528,2025-12-16,-1166894.62,Department of the Interior,Departmental Offices,DELIVERY ORDER,2025-12-16,333.0969,336.2553,-0.94,311.1606,2026-04-27,89,-6.59,364.0791,2026-01-16,21,9.3,17.01,12.0,,,,,,,-0.32,0.55,1.88,1.4,-0.25,2.41,9.3,4.45,3.83,5.43,-6.24
NOC,NORTHROP GRUMMAN SYSTEMS CORPORATION,N0038324FZJ09,2026-03-10,0.0,Department of Defense,Department of the Navy,DELIVERY ORDER,2026-03-10,731.7594,744.0652,-1.65,496.02,2026-06-29,76,-32.22,733.0736,2026-03-12,2,0.18,47.79,,,,,,,,-0.24,-0.17,-1.49,-2.83,-7.19,-8.62,-6.04,-19.78,-24.92,-25.5,-28.4
CAT,CATERPILLAR INC,SPE8EC25F0653,2025-11-20,0.0,Department of Defense,Defense Logistics Agency,DELIVERY ORDER,2025-11-20,542.8129,549.7505,-1.26,542.8129,2025-11-20,0,0.0,772.095,2026-02-11,55,42.24,42.24,4.0,10.0,34.0,46.0,52.0,,,0.79,3.75,5.43,6.65,10.44,14.55,6.64,14.09,18.06,39.58,31.63
GE,GENERAL ELECTRIC COMPANY,N0001924C0019,2026-01-08,497410973.76,Department of Defense,Department of the Navy,DEFINITIVE CONTRACT,2026-01-08,313.5917,322.7669,-2.84,272.9098,2026-03-30,55,-12.97,344.8073,2026-03-02,35,9.95,26.34,28.0,,,,,,,2.27,4.07,1.75,-0.67,-6.54,-4.95,0.73,7.81,-3.18,-8.08,-9.14
BAH,BOOZ ALLEN HAMILTON INC,140D0423F1046,2025-12-17,-48133.25,Department of the Interior,Departmental Offices,DELIVERY ORDER,2025-12-17,85.2528,84.12,1.35,73.705,2026-02-23,44,-13.55,100.6977,2026-01-23,24,18.12,36.62,14.0,15.0,24.0,,,,,-0.62,-0.07,-1.62,-1.65,-1.92,8.86,7.98,1.1,-11.87,-10.22,-11.0
BAH,BOOZ ALLEN HAMILTON INC,FA825119C0006,2026-02-13,-20355.87,Department of Defense,Department of the Air Force,DEFINITIVE CONTRACT,2026-02-13,78.7272,76.762,2.56,59.71,2026-06-25,90,-24.16,83.4516,2026-04-07,35,6.0,39.76,34.0,,,,,,,-3.66,0.78,-6.38,-5.31,-1.9,3.24,-2.77,-0.47,2.12,-4.9,-24.16
LMT,LOCKHEED MARTIN CORPORATION,N6339421F0005,2026-03-24,0.0,Department of Defense,Department of the Navy,DELIVERY ORDER,2026-03-24,606.2015,612.2419,-0.99,491.64,2026-06-24,63,-18.9,633.7512,2026-04-06,8,4.54,28.91,,,,,,,,2.3,0.93,-0.95,2.07,3.0,0.23,-13.17,-15.72,-11.96,-15.71,-3.28
CACI,"CACI TECHNOLOGIES, LLC",N6426719F3008,2025-08-28,-17423.61,Department of Defense,Department of the Navy,DELIVERY ORDER,2025-08-28,479.71,487.07,-1.51,460.1,2025-09-04,4,-4.09,617.97,2025-11-25,62,28.82,34.31,23.0,25.0,39.0,39.0,,,,0.0,-2.14,-1.1,-0.02,3.39,3.5,1.74,6.39,17.21,25.06,17.32
BAH,BOOZ ALLEN HAMILTON INC,FA875025FB004,2025-09-04,3135936.0,Department of Defense,Department of the Air Force,DELIVERY ORDER,2025-09-04,100.9893,104.4632,-3.33,78.7024,2025-11-20,55,-22.07,102.3789,2025-09-12,6,1.38,30.08,,,,,,,,-0.73,-0.08,0.62,-1.53,-1.93,-3.8,0.79,-5.74,-17.08,-18.6,-7.04
LMT,LOCKHEED MARTIN CORPORATION,H9225423F2721,2025-12-11,0.0,Department of Defense,U.S. Special Operations Command,DELIVERY ORDER,2025-12-11,469.318,462.4593,1.48,464.6335,2025-12-18,5,-1.0,672.2988,2026-03-02,53,43.25,44.69,15.0,19.0,20.0,22.0,32.0,,,1.13,0.46,-1.0,1.83,1.72,4.67,17.57,25.28,36.84,37.49,12.15
GD,"GENERAL DYNAMICS MISSION SYSTEMS, INC.",FA823217C0001,2025-11-13,46400.0,Department of Defense,Department of the Air Force,DEFINITIVE CONTRACT,2025-11-13,339.5814,344.9013,-1.54,328.0535,2025-12-01,11,-3.39,364.0791,2026-01-16,43,7.21,10.98,40.0,,,,,,,0.06,-0.81,-1.34,-1.72,-0.71,-0.69,-0.98,-1.04,6.46,1.07,3.68
NOC,NORTHROP GRUMMAN SYSTEMS CORPORATION,FA238524CB040,2026-03-30,13000000.0,Department of Defense,Department of the Air Force,DEFINITIVE CONTRACT,2026-03-30,668.6472,676.0247,-1.09,496.02,2026-06-29,62,-25.82,699.4217,2026-04-02,3,4.6,41.01,,,,,,,,1.59,4.6,2.82,2.83,1.27,-2.18,-14.77,-16.87,-21.32,-25.32,-14.52
LDOS,"LEIDOS, INC.",15PJDP24F00000003,2025-09-11,-133575.62,Department of Justice,Office of Justice Programs,BPA CALL,2025-09-11,183.2056,178.4951,2.64,179.3204,2025-12-31,77,-2.12,197.9062,2025-11-04,38,8.02,10.36,16.0,,,,,,,-0.69,-1.16,1.31,1.7,-1.28,3.74,1.79,3.61,3.57,1.13,4.24
NOC,NORTHROP GRUMMAN SYSTEMS CORPORATION,SPE4AX25F1953,2025-11-21,0.0,Department of Defense,Defense Logistics Agency,DELIVERY ORDER,2025-11-21,560.1452,560.7877,-0.11,541.3857,2025-12-01,5,-3.35,764.6547,2026-03-02,66,36.51,41.24,28.0,33.0,35.0,43.0,59.0,,,-0.2,0.07,-3.35,-1.97,-1.92,0.95,2.77,2.23,23.2,28.2,23.67
GD,GENERAL DYNAMICS LAND SYSTEMS INC.,N0002422F5306,2025-10-16,0.0,Department of Defense,Department of the Navy,DELIVERY ORDER,2025-10-16,326.2868,327.7179,-0.44,326.2868,2025-10-16,0,0.0,364.0791,2026-01-16,63,11.58,11.58,6.0,61.0,,,,,,0.17,3.06,3.3,7.01,4.26,3.73,4.13,3.34,2.65,9.89,6.52
NOC,NORTHROP GRUMMAN SYSTEMS CORPORATION,N0001923F0103,2026-01-15,0.0,Department of Defense,Department of the Navy,DELIVERY ORDER,2026-01-15,649.6609,648.202,0.23,538.3207,2026-05-15,83,-17.14,764.6547,2026-03-02,30,17.7,42.04,8.0,22.0,30.0,,,,,1.88,1.46,2.8,3.69,5.75,6.4,7.1,17.7,4.21,4.23,-15.51
BAH,BOOZ ALLEN HAMILTON INC,75F40125F19008,2025-09-10,2158931.4,Department of Health and Human Services,Food and Drug Administration,BPA CALL,2025-09-10,100.3043,100.911,-0.6,78.7024,2025-11-20,51,-21.54,102.3789,2025-09-12,2,2.07,30.08,,,,,,,,1.31,-0.86,-0.9,-0.35,-3.14,-2.49,-2.7,-3.67,-17.22,-13.93,-8.22
LMT,LOCKHEED MARTIN CORPORATION,FA861519F0006,2025-09-30,-2120985.23,Department of Defense,Department of the Air Force,DELIVERY ORDER,2025-09-30,489.6455,482.5541,1.47,434.0461,2025-12-01,43,-11.36,630.8141,2026-02-09,90,28.83,45.33,67.0,71.0,73.0,81.0,,,,-0.04,1.06,2.38,1.71,1.2,1.34,-2.78,-8.44,-9.82,-1.96,28.83
ACN,ACCENTURE FEDERAL SERVICES LLC,91003119F0003,2025-09-23,1641690.0,Department of Education,Department of Education,DELIVERY ORDER,2025-09-23,230.7451,235.1445,-1.87,227.8645,2025-09-25,2,-1.25,282.7143,2026-01-14,78,22.52,24.07,9.0,49.0,50.0,78.0,,,,1.52,1.47,4.71,3.75,6.68,3.42,5.79,3.14,5.83,16.24,13.29
BA,THE BOEING COMPANY,N0038321FA36V,2025-10-08,0.0,Department of Defense,Department of the Navy,DELIVERY ORDER,2025-10-08,225.32,221.82,1.58,179.12,2025-11-24,33,-20.5,252.15,2026-01-23,73,11.91,40.77,65.0,70.0,,,,,,-4.14,-4.33,-5.02,-5.49,-3.87,-0.88,-12.79,-17.58,-10.92,1.25,6.04
NOC,NORTHROP GRUMMAN SYSTEMS CORPORATION,N6523622F0176,2026-01-30,333333.33,Department of Defense,Department of the Navy,DELIVERY ORDER,2026-01-30,687.0262,690.0928,-0.44,526.06,2026-06-03,85,-23.43,764.6547,2026-03-02,20,11.3,45.36,13.0,20.0,,,,,,-1.05,-0.36,2.43,-1.05,1.49,4.52,10.01,6.65,0.07,-16.26,-21.09
CACI,"CACI NSS, LLC",86615325F00005,2025-12-19,0.0,Department of Housing and Urban Development,Department of Housing and Urban Development,DELIVERY ORDER,2025-12-19,556.61,548.96,1.39,501.9,2026-04-27,86,-9.83,662.19,2026-01-23,22,18.97,31.94,13.0,17.0,21.0,,,,,-1.19,-2.19,-3.08,-4.28,0.51,8.66,17.76,8.71,7.29,10.12,-7.78
LDOS,"LEIDOS, INC.",FA873021F0113,2025-10-21,0.0,Department of Defense,Department of the Air Force,DELIVERY ORDER,2025-10-21,191.5689,188.9209,1.4,160.5633,2026-02-17,80,-16.19,197.9062,2025-11-04,10,3.31,23.26,,,,,,,,-2.43,-1.66,-2.77,-1.16,3.31,1.92,-2.06,-2.44,-3.16,1.03,-6.26
LDOS,"LEIDOS, INC.",N6883625F7M5G,2026-03-23,17345.98,Department of Defense,Department of the Navy,DELIVERY ORDER,2026-03-23,161.9679,165.2861,-2.01,100.0,2026-06-25,65,-38.26,161.9679,2026-03-23,0,0.0,61.97,,,,,,,,-2.18,-3.05,-5.14,-4.02,-2.26,-3.05,-7.28,-15.6,-19.64,-32.91,-28.63
HII,HUNTINGTON INGALLS INCORPORATED,N0002421C2443,2025-09-08,40877.0,Department of Defense,Department of the Navy,DEFINITIVE CONTRACT,2025-09-08,266.7654,267.9415,-0.44,263.9292,2025-09-09,1,-1.06,415.7595,2026-01-15,90,55.85,57.53,16.0,34.0,38.0,46.0,74.0,88.0,,-1.06,2.27,1.14,0.93,2.3,3.27,5.72,5.86,18.05,14.3,55.85
NOC,NORTHROP GRUMMAN SYSTEMS CORP,FA811022F0001,2025-09-05,0.0,Department of Defense,Department of the Air Force,DELIVERY ORDER,2025-09-05,574.0821,573.0541,0.18,541.3857,2025-12-01,60,-5.7,648.202,2026-01-14,90,12.91,19.73,21.0,90.0,,,,,,0.19,-0.16,-0.83,-0.25,-1.34,0.86,6.49,2.36,-2.1,-5.7,12.91
LMT,LOCKHEED MARTIN CORP,FA850422F0036,2025-08-21,0.0,Department of Defense,Department of the Air Force,DELIVERY ORDER,2025-08-21,435.4552,434.2866,0.27,434.0461,2025-12-01,70,-0.32,504.3876,2025-10-06,31,15.83,16.21,14.0,26.0,31.0,,,,,-0.22,1.85,2.01,1.92,4.49,6.03,8.21,13.63,9.34,4.91,10.75
LMT,LOCKHEED MARTIN CORPORATION,W31P4Q23F0006,2026-02-12,0.0,Department of Defense,Department of the Army,DELIVERY ORDER,2026-02-12,629.9642,621.3365,1.39,491.64,2026-06-24,90,-21.96,672.2988,2026-03-02,11,6.72,36.75,11.0,,,,,,,2.38,1.94,3.27,4.24,3.24,3.3,1.75,-2.88,-8.33,-19.21,-21.96
LMT,LOCKHEED MARTIN CORPORATION,FA823223F0003,2026-04-02,0.0,Department of Defense,Department of the Air Force,DELIVERY ORDER,2026-04-02,618.7394,613.6229,0.83,491.64,2026-06-24,56,-20.54,633.7512,2026-04-06,1,2.43,28.91,,,,,,,,2.43,0.92,-1.46,-1.8,-4.91,-14.93,-16.8,-17.15,-15.95,-17.66,-1.94
GD,GENERAL DYNAMICS LAND SYSTEMS INC.,W31P4Q25F0244,2025-09-25,162948863.49,Department of Defense,Department of the Army,DELIVERY ORDER,2025-09-25,318.8057,318.0097,0.25,318.8057,2025-09-25,0,0.0,364.0791,2026-01-16,78,14.2,14.2,3.0,69.0,,,,,,1.82,5.11,5.12,6.8,5.65,2.8,8.59,5.35,5.76,5.06,9.85
NOC,NORTHROP GRUMMAN SYSTEMS CORP,FA811025F0003,2025-09-19,996820.0,Department of Defense,Department of the Air Force,DELIVERY ORDER,2025-09-19,566.402,567.1136,-0.13,541.3857,2025-12-01,50,-4.42,690.0928,2026-01-29,90,21.84,27.47,7.0,13.0,82.0,89.0,,,,0.54,2.31,3.75,6.33,6.37,10.82,5.06,1.82,-1.1,0.89,21.84
BA,THE BOEING COMPANY,N0002417C6307,2026-03-19,0.0,Department of Defense,Department of the Navy,DEFINITIVE CONTRACT,2026-03-19,201.18,205.99,-2.34,189.21,2026-03-30,7,-5.95,240.6,2026-05-13,38,19.59,27.16,11.0,16.0,24.0,,,,,-3.01,-2.37,-3.39,-5.95,3.5,9.38,11.88,13.02,8.87,13.8,6.38
CACI,"CACI, INC. - FEDERAL",L602,2026-03-31,0.0,Department of Defense,Department of the Navy,DELIVERY ORDER,2026-03-31,543.87,558.48,-2.62,440.76,2026-07-21,76,-18.96,648.24,2026-08-10,90,19.19,47.07,2.0,88.0,88.0,,,,,3.18,5.16,6.36,-1.72,-2.24,-4.69,-4.47,-7.35,-2.16,-16.54,19.19
TXT,BELL TEXTRON INC,W58RGZ23F0436,2025-10-01,847834.0,Department of Defense,Department of the Army,DELIVERY ORDER,2025-10-01,85.1536,84.4341,0.85,79.3674,2025-10-30,21,-6.79,96.2784,2026-01-21,76,13.06,21.31,56.0,69.0,,,,,,1.34,2.5,1.19,-4.32,-3.17,-2.57,-6.79,-3.2,-2.43,5.9,12.54
HON,HONEYWELL INTERNATIONAL INC.,FA852221F0054,2026-02-17,0.0,Department of Defense,Defense Contract Management Agency,DELIVERY ORDER,2026-02-17,251.8422,250.5241,0.53,215.9203,2026-06-10,79,-14.26,258.7145,2026-03-02,9,2.73,19.82,,,,,,,,-0.62,0.54,0.4,-0.73,0.99,-1.6,-4.78,-6.39,-8.9,-9.73,-3.3
NOC,NORTHROP GRUMMAN SYSTEMS CORPORATION,FA863824FB005,2025-09-02,0.0,Department of Defense,Department of the Air Force,DELIVERY ORDER,2025-09-02,582.5035,580.9319,0.27,541.3857,2025-12-01,63,-7.06,630.571,2025-10-08,26,8.25,16.47,25.0,,,,,,,-1.41,-1.45,-3.0,-1.08,-1.69,-2.23,2.73,6.38,-2.07,-3.38,5.43
CACI,"CACI TECHNOLOGIES, LLC",W56KGU20F0012,2025-09-30,413240.02,Department of Defense,Department of the Army,DELIVERY ORDER,2025-09-30,498.78,488.06,2.2,498.78,2025-09-30,0,0.0,662.19,2026-01-23,79,32.76,32.76,3.0,17.0,17.0,36.0,78.0,,,3.28,6.31,5.45,2.51,3.11,5.63,12.71,17.86,18.87,9.15,27.77
LDOS,"LEIDOS, INC.",W912QR24F0195,2026-03-09,417692.46,Department of Defense,Department of the Army,DELIVERY ORDER,2026-03-09,178.4655,176.8254,0.93,100.0,2026-06-25,75,-43.97,178.4655,2026-03-09,0,0.0,78.47,,,,,,,,-3.92,-3.19,-6.5,-6.89,-9.24,-13.16,-10.31,-14.46,-28.31,-30.57,-40.34
LMT,LOCKHEED MARTIN CORPORATION,W31P4Q20C0023,2025-10-17,0.0,Department of Defense,Department of the Army,DEFINITIVE CONTRACT,2025-10-17,485.6633,483.7997,0.39,434.0461,2025-12-01,30,-10.63,658.7036,2026-02-19,84,35.63,51.76,54.0,57.0,60.0,65.0,81.0,,,2.17,-1.62,-1.97,-1.89,-0.66,-5.3,-4.92,-10.63,-1.6,16.54,33.91
LDOS,"LEIDOS, INC.",DTFA0101CA0065CALL0001,2026-03-04,317000.0,Department of Transportation,Federal Aviation Administration,DELIVERY ORDER,2026-03-04,175.6425,179.5689,-2.19,100.0,2026-06-25,78,-43.07,178.4655,2026-03-09,3,1.61,78.47,,,,,,,,-0.59,1.61,-1.88,-1.61,-5.4,-9.8,-9.9,-11.23,-25.53,-27.49,-39.33
BA,THE BOEING COMPANY,W58RGZ23F0120,2026-02-25,0.0,Department of Defense,Defense Contract Management Agency,DELIVERY ORDER,2026-02-25,230.36,233.39,-1.3,189.21,2026-03-30,23,-17.86,240.6,2026-05-13,54,4.45,27.16,,,,,,,,-0.41,-0.27,-1.32,0.33,-7.06,-8.48,-15.63,-4.47,-0.58,-4.67,0.57
LMT,LOCKHEED MARTIN CORPORATION,N6600124F0967,2025-08-20,198628.0,Department of Defense,Department of the Navy,DELIVERY ORDER,2025-08-20,434.2867,429.5154,1.11,434.0461,2025-12-01,71,-0.06,504.3876,2025-10-06,32,16.14,16.21,15.0,26.0,32.0,,,,,0.27,0.39,1.9,2.16,3.18,4.77,6.81,12.78,10.23,2.95,11.25
AVAV,"AEROVIRONMENT, INC",W91CRB26FA055,2025-12-29,254534516.07,Department of Defense,Department of the Army,DELIVERY ORDER,2025-12-29,249.15,255.0,-2.29,166.69,2026-05-05,87,-33.1,392.86,2026-01-16,13,57.68,135.68,4.0,4.0,4.0,5.0,7.0,11.0,,-2.07,2.83,27.24,38.45,46.04,32.81,17.69,-2.3,-11.48,-21.37,-32.45
BAH,BOOZ ALLEN HAMILTON INC,N0016423F3004,2026-01-16,7294841.0,Department of Defense,Department of the Navy,DELIVERY ORDER,2026-01-16,95.9401,95.6545,0.3,71.0549,2026-05-13,80,-25.94,100.6977,2026-01-23,4,4.96,41.72,,,,,,,,-4.05,-1.68,-3.56,-6.47,-10.16,-8.61,-19.01,-18.07,-18.4,-14.86,-16.15
RDW,"REDWIRE SPACE TECHNOLOGIES, INC.",80JSC025F0046,2025-08-14,2499551.03,National Aeronautics and Space Administration,National Aeronautics and Space Administration,DELIVERY ORDER,2025-08-14,9.09,9.66,-5.9,5.06,2025-11-20,69,-44.33,11.22,2025-10-06,36,23.43,121.74,34.0,34.0,35.0,36.0,,,,-1.65,-2.75,-4.29,-1.65,1.21,-9.68,-0.33,-2.86,-12.32,-27.83,-6.27
LDOS,"LEIDOS, INC.",FA231826FB011,2026-02-13,45500.0,Department of Defense,Department of the Air Force,DELIVERY ORDER,2026-02-13,175.2449,170.414,2.83,100.0,2026-06-25,90,-42.94,179.5689,2026-03-03,11,2.47,79.57,,,,,,,,-8.38,-0.02,-2.44,-3.64,1.76,0.9,-3.91,-12.32,-12.89,-26.99,-42.94
NOC,NORTHROP GRUMMAN SYSTEMS CORPORATION,FA854025F0005,2026-01-12,612652.38,Department of Defense,Department of the Air Force,DELIVERY ORDER,2026-01-12,624.5621,614.1414,1.7,538.3207,2026-05-15,86,-13.81,764.6547,2026-03-02,33,22.43,42.04,4.0,12.0,25.0,33.0,,,,-0.61,4.02,4.45,6.53,7.85,8.85,7.87,12.17,15.55,10.08,-12.07
NOC,NORTHROP GRUMMAN SYSTEMS CORPORATION,FA872613C0001,2026-02-04,0.0,Department of Defense,Defense Contract Management Agency,DEFINITIVE CONTRACT,2026-02-04,684.5352,699.65,-2.16,526.06,2026-06-03,82,-23.15,764.6547,2026-03-02,17,11.7,45.36,9.0,17.0,,,,,,0.98,1.2,-1.58,1.86,6.83,2.34,9.97,3.87,-2.01,-17.37,-20.42
NOC,NORTHROP GRUMMAN SYSTEMS CORPORATION,FA865019C7994,2025-09-18,0.0,Department of Defense,Department of the Air Force,DEFINITIVE CONTRACT,2025-09-18,567.1136,570.4052,-0.58,541.3857,2025-12-01,51,-4.54,683.9199,2026-01-28,90,20.6,26.33,8.0,14.0,83.0,90.0,,,,-0.13,0.58,2.09,3.53,5.45,11.19,3.62,0.85,-1.12,-0.29,20.6
GD,"GENERAL DYNAMICS INFORMATION TECHNOLOGY, INC.",W900KK24F0152,2025-09-30,6500000.0,Department of Defense,Department of the Army,DELIVERY ORDER,2025-09-30,335.0884,326.4115,2.66,326.2868,2025-10-16,12,-2.63,364.0791,2026-01-16,75,8.65,11.58,67.0,,,,,,,-0.07,0.77,0.71,0.52,-1.18,-0.68,1.17,3.8,-0.42,1.73,6.5
LMT,LOCKHEED MARTIN CORPORATION,H9225423F2711,2025-12-11,-573398.0,Department of Defense,U.S. Special Operations Command,DELIVERY ORDER,2025-12-11,469.318,462.4593,1.48,464.6335,2025-12-18,5,-1.0,672.2988,2026-03-02,53,43.25,44.69,15.0,19.0,20.0,22.0,32.0,,,1.13,0.46,-1.0,1.83,1.72,4.67,17.57,25.28,36.84,37.49,12.15
NOC,NORTHROP GRUMMAN SYSTEMS CORP,FA863825FB017,2025-11-18,0.0,Department of Defense,Department of the Air Force,DELIVERY ORDER,2025-11-18,560.2045,556.5176,0.66,541.3857,2025-12-01,8,-3.36,764.6547,2026-03-02,69,36.5,41.24,31.0,36.0,38.0,46.0,62.0,,,-0.31,-0.01,0.47,0.97,-1.98,-2.45,-0.88,3.75,17.1,24.21,21.25
LMT,LOCKHEED MARTIN CORPORATION,FA862118F6251,2025-10-30,0.0,Department of Defense,Department of the Air Force,DELIVERY ORDER,2025-10-30,480.3374,476.0315,0.9,434.0461,2025-12-01,21,-9.64,672.2988,2026-03-02,82,39.96,54.89,44.0,48.0,51.0,55.0,62.0,,,0.44,-0.97,-4.25,-7.68,-6.92,-4.05,-9.64,-1.19,7.41,22.89,35.03
HII,HUNTINGTON INGALLS INCORPORATED,N0002422C2300,2026-03-31,0.0,Department of Defense,Department of the Navy,DEFINITIVE CONTRACT,2026-03-31,378.2663,367.4928,2.93,268.76,2026-07-21,76,-28.95,409.581,2026-04-08,5,8.28,52.4,3.0,,,,,,,3.53,7.31,8.28,3.82,4.8,-0.44,-4.11,-12.02,-22.14,-25.45,-12.55
NOC,NORTHROP GRUMMAN SYSTEMS CORPORATION,N6833522F0144,2026-03-03,0.0,Department of Defense,Defense Contract Management Agency,DELIVERY ORDER,2026-03-03,755.7836,764.6547,-1.16,496.02,2026-06-29,81,-34.37,755.7836,2026-03-03,0,0.0,52.37,,,,,,,,-0.69,-0.39,-3.18,-3.0,-4.62,-10.42,-8.18,-10.61,-26.28,-26.32,-28.31
LMT,LOCKHEED MARTIN CORPORATION,HQ014718C0007,2025-09-04,8531768.42,Department of Defense,Missile Defense Agency,DEFINITIVE CONTRACT,2025-09-04,448.0971,440.4564,1.73,434.0461,2025-12-01,61,-3.14,551.761,2026-01-13,90,23.13,27.12,12.0,21.0,85.0,89.0,,,,1.54,0.05,3.04,3.59,3.67,6.44,10.43,7.97,2.64,0.22,23.13
GD,"GENERAL DYNAMICS INFORMATION TECHNOLOGY, INC.",692M1521F00213,2026-01-29,625000.0,Department of Transportation,Federal Aviation Administration,DELIVERY ORDER,2026-01-29,346.8057,353.4752,-1.89,311.1606,2026-04-27,60,-10.28,362.8304,2026-03-04,23,4.62,16.61,,,,,,,,0.33,1.53,0.6,2.9,-2.63,1.25,4.24,0.45,0.41,-10.28,-0.76
BA,THE BOEING COMPANY,W58RGZ26F0080,2026-02-12,603219.0,Department of Defense,Department of the Army,DELIVERY ORDER,2026-02-12,239.35,236.26,1.31,189.21,2026-03-30,31,-20.95,244.04,2026-02-17,2,1.96,28.98,,,,,,,,1.51,-0.18,-3.06,-2.49,-4.94,-7.22,-10.81,-20.4,-5.96,-0.48,-7.98
GD,"GENERAL DYNAMICS MISSION SYSTEMS, INC.",N0002421C6425,2025-09-30,4493731.0,Department of Defense,Department of the Navy,DEFINITIVE CONTRACT,2025-09-30,335.0884,326.4115,2.66,326.2868,2025-10-16,12,-2.63,364.0791,2026-01-16,75,8.65,11.58,67.0,,,,,,,-0.07,0.77,0.71,0.52,-1.18,-0.68,1.17,3.8,-0.42,1.73,6.5
PLTR,PALANTIR USG INC,W519TC26F0042,2026-02-09,45193775.0,Department of Defense,Department of the Army,DELIVERY ORDER,2026-02-09,142.91,135.9,5.16,127.99,2026-06-12,86,-10.44,160.84,2026-03-23,29,12.55,25.67,16.0,29.0,,,,,,-2.38,-9.64,-6.92,-5.61,-9.85,1.58,6.08,8.31,-0.53,-6.38,-10.1
LMT,LOCKHEED MARTIN CORPORATION,N0003024C0100,2025-08-15,0.0,Department of Defense,Department of the Navy,DEFINITIVE CONTRACT,2025-08-15,426.0683,425.8346,0.05,426.0683,2025-08-15,0,0.0,504.3876,2025-10-06,35,18.38,18.38,13.0,25.0,34.0,,,,,0.7,1.93,1.97,4.09,4.13,6.79,9.19,13.26,16.46,4.08,11.93
ACN,ACCENTURE FEDERAL SERVICES LLC,19AQMM21F3625,2025-09-30,4395644.09,Department of State,Department of State,DELIVERY ORDER,2025-09-30,241.621,242.013,-0.16,228.8639,2026-02-05,88,-5.28,282.7142,2026-01-14,73,17.01,23.53,44.0,45.0,73.0,,,,,-1.17,-0.52,1.88,2.21,-0.97,-1.79,0.47,-1.64,10.64,9.48,-3.99
LMT,LOCKHEED MARTIN CORPORATION,N0001925F0237,2026-02-10,0.0,Department of Defense,Defense Contract Management Agency,DELIVERY ORDER,2026-02-10,622.1864,630.8141,-1.37,493.6,2026-06-22,90,-20.67,672.2988,2026-03-02,13,8.05,36.2,6.0,,,,,,,-0.14,3.66,3.22,4.56,2.85,6.64,4.24,-0.33,-3.0,-18.18,-20.67
LMT,LOCKHEED MARTIN CORPORATION,N0001923F0593,2025-09-17,0.0,Department of Defense,Defense Contract Management Agency,DELIVERY ORDER,2025-09-17,464.0554,465.2324,-0.25,434.0461,2025-12-01,52,-6.47,587.9818,2026-01-27,90,26.71,35.47,9.0,76.0,79.0,82.0,,,,0.11,1.54,2.78,3.03,5.47,8.02,4.25,2.58,-0.68,1.13,26.71
CACI,"CACI, INC. - FEDERAL",N6426724F3008,2025-09-18,1895102.0,Department of Defense,Department of the Navy,DELIVERY ORDER,2025-09-18,496.5,495.63,0.18,476.24,2025-09-25,5,-4.08,662.19,2026-01-23,87,33.37,39.05,11.0,25.0,25.0,43.0,86.0,,,0.47,-0.72,-4.08,-1.7,4.55,6.08,3.89,13.44,19.84,15.3,28.55
LMT,LOCKHEED MARTIN CORPORATION,N0002423C5123,2026-02-10,0.0,Department of Defense,Department of the Navy,DEFINITIVE CONTRACT,2026-02-10,622.1864,630.8141,-1.37,493.6,2026-06-22,90,-20.67,672.2988,2026-03-02,13,8.05,36.2,6.0,,,,,,,-0.14,3.66,3.22,4.56,2.85,6.64,4.24,-0.33,-3.0,-18.18,-20.67
LMT,LOCKHEED MARTIN CORPORATION,W58RGZ22F0456,2025-11-17,65099.02,Department of Defense,Department of the Army,DELIVERY ORDER,2025-11-17,461.7603,456.8463,1.08,434.0461,2025-12-01,9,-6.0,672.2988,2026-03-02,70,45.59,54.89,31.0,33.0,36.0,39.0,49.0,,,0.84,-0.54,-4.19,-3.53,-5.44,-0.4,1.62,3.52,26.45,39.67,28.78
LMT,LOCKHEED MARTIN CORP,N0003022C1025,2025-12-17,0.0,Department of Defense,Department of the Navy,DEFINITIVE CONTRACT,2025-12-17,469.2291,471.4725,-0.48,464.6335,2025-12-18,1,-0.98,672.2988,2026-03-02,49,43.28,44.69,11.0,15.0,16.0,18.0,28.0,,,-0.98,1.85,2.31,2.97,4.69,9.19,21.33,33.95,39.94,34.73,7.94
BA,THE BOEING COMPANY,N6893624F0542,2025-09-25,19883821.0,Department of Defense,Department of the Navy,DELIVERY ORDER,2025-09-25,213.53,215.1,-0.73,179.12,2025-11-24,42,-16.11,252.15,2026-01-23,82,18.09,40.77,9.0,74.0,77.0,,,,,3.62,1.08,1.83,2.9,1.16,0.22,3.66,-7.98,-11.49,0.26,10.5
BA,THE BOEING COMPANY,FA810525FB010,2025-09-29,7047288.0,Department of Defense,Department of the Air Force,DELIVERY ORDER,2025-09-29,217.08,221.26,-1.89,179.12,2025-11-24,40,-17.49,252.15,2026-01-23,80,16.16,40.77,67.0,72.0,78.0,,,,,-0.58,0.16,1.22,3.8,-0.7,-1.91,2.88,-10.26,-5.39,-0.11,11.95
BAH,BOOZ ALLEN HAMILTON INC,FA807522F0022,2025-12-03,944300.0,Department of Defense,Department of the Air Force,DELIVERY ORDER,2025-12-03,81.2536,80.4164,1.04,73.705,2026-02-23,54,-9.29,100.6977,2026-01-23,34,23.93,36.62,1.0,3.0,25.0,34.0,,,,6.26,10.73,12.77,12.47,4.92,2.62,8.3,18.07,9.26,-3.26,0.53
IBM,INTERNATIONAL BUSINESS MACHINES CORPORATION,47QMCB25C0001,2025-12-12,290456.51,General Services Administration,Federal Acquisition Service,DEFINITIVE CONTRACT,2025-12-12,303.0662,304.5363,-0.48,220.139,2026-02-23,47,-27.36,308.4467,2026-02-02,33,1.78,40.11,,,,,,,,-0.19,-1.91,-2.67,-1.77,-1.13,-4.61,-0.07,-4.88,-16.65,-19.45,-24.56
LMT,LOCKHEED MARTIN CORPORATION,N6134023F0385,2025-11-17,0.0,Department of Defense,Department of the Navy,DELIVERY ORDER,2025-11-17,461.7603,456.8463,1.08,434.0461,2025-12-01,9,-6.0,672.2988,2026-03-02,70,45.59,54.89,31.0,33.0,36.0,39.0,49.0,,,0.84,-0.54,-4.19,-3.53,-5.44,-0.4,1.62,3.52,26.45,39.67,28.78
BAH,BOOZ ALLEN HAMILTON INC,FA807525F0022,2026-01-16,2574869.41,Department of Defense,Department of the Air Force,DELIVERY ORDER,2026-01-16,95.9401,95.6545,0.3,71.0549,2026-05-13,80,-25.94,100.6977,2026-01-23,4,4.96,41.72,,,,,,,,-4.05,-1.68,-3.56,-6.47,-10.16,-8.61,-19.01,-18.07,-18.4,-14.86,-16.15
LDOS,"LEIDOS, INC.",HC104726F0006,2026-03-27,2008349.0,Department of Defense,Defense Information Systems Agency,DELIVERY ORDER,2026-03-27,154.9825,157.0253,-1.3,100.0,2026-06-25,61,-35.48,160.0746,2026-04-08,7,3.29,60.07,,,,,,,,-0.86,0.31,2.53,3.29,1.32,-0.23,-6.03,-17.91,-18.46,-32.69,-12.73
BAH,BOOZ ALLEN HAMILTON INC,70RDAD23FR0000148,2026-01-07,0.0,Department of Homeland Security,Office of Procurement Operations,DELIVERY ORDER,2026-01-07,88.9072,88.6905,0.24,71.0549,2026-05-13,87,-20.08,100.6977,2026-01-23,11,13.26,41.72,2.0,11.0,,,,,,4.39,7.21,6.75,7.91,6.09,0.93,-1.38,-13.81,-12.62,-6.55,-16.37
BAH,BOOZ ALLEN HAMILTON INC,N6600124F0746,2026-02-05,367883.75,Department of Defense,Department of the Navy,DELIVERY ORDER,2026-02-05,83.2532,83.7654,-0.61,71.0549,2026-05-13,67,-14.65,88.7791,2026-02-09,2,6.64,24.94,1.0,,,,,,,5.31,6.42,-7.8,-8.89,-7.95,-4.9,-2.92,-4.69,-2.47,-7.2,-11.14
IBM,INTERNATIONAL BUSINESS MACHINES CORPORATION,70FA3018F00000284,2026-01-08,-17672.0,Department of Homeland Security,Federal Emergency Management Agency,BPA CALL,2026-01-08,296.6764,290.806,2.02,213.1113,2026-05-13,86,-28.17,308.4467,2026-02-02,16,3.97,44.74,,,,,,,,0.5,0.15,-1.58,-3.76,-3.4,2.15,-2.11,-25.8,-17.19,-18.58,-25.59
NOC,NORTHROP GRUMMAN SYSTEMS CORPORATION,N6600124F0495,2025-12-23,2247078.0,Department of Defense,Department of the Navy,DELIVERY ORDER,2025-12-23,575.6745,580.2397,-0.79,556.1522,2026-05-05,90,-3.39,764.6547,2026-03-02,45,32.83,37.49,7.0,14.0,19.0,27.0,45.0,,,0.39,-0.39,-1.7,5.39,1.85,12.6,13.95,22.25,32.83,17.6,-3.39
LMT,LOCKHEED MARTIN CORPORATION,N0002424C5510,2026-01-06,3450000.0,Department of Defense,Department of the Navy,DEFINITIVE CONTRACT,2026-01-06,515.9257,505.5783,2.05,491.0505,2026-01-07,1,-4.82,672.2988,2026-03-02,37,30.31,36.91,4.0,7.0,16.0,17.0,37.0,,,-4.82,4.0,6.95,10.7,12.3,13.97,16.69,27.67,25.71,19.93,-0.63
LMT,LOCKHEED MARTIN CORP,NNG09HR00C,2025-12-30,500000.0,National Aeronautics and Space Administration,National Aeronautics and Space Administration,DEFINITIVE CONTRACT,2025-12-30,482.2844,483.1442,-0.18,478.0051,2025-12-31,1,-0.89,672.2988,2026-03-02,41,39.4,40.65,4.0,7.0,10.0,14.0,22.0,,,-0.89,4.83,1.82,11.25,17.36,20.13,29.96,30.62,38.38,26.86,5.52
LDOS,"LEIDOS, INC.",FA825121F0146,2026-01-23,0.0,Department of Defense,Department of the Air Force,DELIVERY ORDER,2026-01-23,190.0856,192.2923,-1.15,122.6069,2026-05-21,82,-35.5,193.5547,2026-02-10,12,1.83,57.87,,,,,,,,-0.9,-1.81,-1.54,-0.75,0.92,-10.35,-8.94,-6.11,-19.17,-19.69,-34.81
LDOS,"LEIDOS, INC.",N6883625F7KVQ,2026-02-20,125.3,Department of Defense,Department of the Navy,DELIVERY ORDER,2026-02-20,172.4617,175.2151,-1.57,100.0,2026-06-25,86,-42.02,179.5689,2026-03-03,7,4.12,79.57,,,,,,,,-0.86,-2.08,0.92,4.12,2.53,0.18,-6.08,-7.86,-16.66,-27.87,-40.24
BAH,BOOZ ALLEN HAMILTON INC,80HQTR25FA056,2026-03-16,158000.0,National Aeronautics and Space Administration,National Aeronautics and Space Administration,BPA CALL,2026-03-16,75.1938,77.685,-3.21,59.71,2026-06-25,70,-20.59,83.4516,2026-04-07,15,10.98,39.76,3.0,14.0,,,,,,1.8,6.69,5.46,5.76,4.21,10.49,8.63,0.63,1.64,2.79,-3.54
BA,THE BOEING COMPANY,FA821325FB021,2025-12-03,0.0,Department of Defense,Department of the Air Force,DELIVERY ORDER,2025-12-03,202.54,205.38,-1.38,189.21,2026-03-30,79,-6.58,252.15,2026-01-23,34,24.49,33.26,12.0,20.0,25.0,27.0,,,,-0.33,1.84,-1.89,0.91,1.87,7.07,12.63,22.29,20.82,10.65,10.56
HII,HUNTINGTON INGALLS INC,N0002425C2127,2025-10-21,0.0,Department of Defense,Department of the Navy,DEFINITIVE CONTRACT,2025-10-21,284.1486,282.4092,0.62,280.3044,2025-10-22,1,-1.35,451.7788,2026-03-02,89,58.99,61.17,7.0,7.0,42.0,43.0,54.0,71.0,,-1.35,4.31,4.04,10.97,9.87,10.83,7.72,8.02,24.17,48.78,54.3
LMT,LOCKHEED MARTIN CORPORATION,FA861125F0036,2025-12-16,2000000.0,Department of Defense,Department of the Air Force,DELIVERY ORDER,2025-12-16,471.4725,478.7463,-1.52,464.6336,2025-12-18,2,-1.45,672.2988,2026-03-02,50,42.6,44.69,12.0,16.0,17.0,19.0,29.0,,,-0.48,-0.61,1.15,1.25,1.39,4.15,22.09,32.94,38.48,35.96,7.95
LMT,LOCKHEED MARTIN CORPORATION,FA861520C6051,2026-03-12,0.0,Department of Defense,Department of the Air Force,DEFINITIVE CONTRACT,2026-03-12,648.584,645.2458,0.52,491.64,2026-06-24,71,-24.2,648.584,2026-03-12,0,0.0,31.92,,,,,,,,-1.05,-2.53,-2.35,-5.6,-3.91,-5.39,-5.08,-21.35,-20.96,-19.81,-20.69
LMT,LOCKHEED MARTIN CORPORATION,N0001925F0271,2025-12-03,0.0,Department of Defense,Department of the Navy,DELIVERY ORDER,2025-12-03,441.5669,436.6452,1.13,441.5669,2025-12-03,0,0.0,672.2988,2026-03-02,59,52.25,52.25,6.0,20.0,22.0,25.0,30.0,59.0,,0.35,4.16,4.73,7.49,6.26,8.0,14.5,30.36,42.86,50.26,37.49
NOC,NORTHROP GRUMMAN SYSTEMS CORP,FA811025F0001,2026-04-01,311123.0,Department of Defense,Department of the Air Force,DELIVERY ORDER,2026-04-01,693.9458,679.2505,2.16,496.02,2026-06-29,60,-28.52,699.4217,2026-04-02,1,0.79,41.01,,,,,,,,0.79,-0.93,-0.92,-2.25,-3.48,-15.41,-18.49,-21.28,-21.55,-28.52,-17.04
LMT,LOCKHEED MARTIN CORPORATION,N6339424C0003,2026-02-06,15000.0,Department of Defense,Department of the Navy,DEFINITIVE CONTRACT,2026-02-06,616.2764,602.045,2.36,503.2157,2026-05-08,63,-18.35,672.2988,2026-03-02,15,9.09,33.6,8.0,,,,,,,2.36,0.82,4.65,4.21,5.94,5.53,4.98,-0.65,-1.41,-17.96,-13.62
HII,HUNTINGTON INGALLS INCORPORATED,N0002412C4323,2025-09-29,-178231.0,Department of Defense,Department of the Navy,DEFINITIVE CONTRACT,2025-09-29,276.2426,275.4916,0.27,276.2426,2025-09-29,0,0.0,426.4597,2026-02-03,87,54.38,54.38,19.0,23.0,24.0,58.0,67.0,75.0,,3.0,0.96,3.21,4.04,2.99,0.18,7.02,14.0,10.38,27.39,42.93
ACN,ACCENTURE FEDERAL SERVICES LLC,36C10B20F0172,2025-08-13,0.0,Department of Veterans Affairs,Department of Veterans Affairs,DELIVERY ORDER,2025-08-13,240.7196,233.0673,3.28,227.8645,2025-09-25,30,-5.34,269.1145,2025-12-15,86,11.8,18.1,7.0,78.0,,,,,,0.2,1.4,3.81,5.51,4.66,3.45,-2.91,-5.34,-4.75,-1.77,10.81
LMT,LOCKHEED MARTIN CORPORATION,W31P4Q19C0011,2025-08-22,0.0,Department of Defense,Department of the Army,DEFINITIVE CONTRACT,2025-08-22,434.4814,435.4551,-0.22,434.0461,2025-12-01,69,-0.1,504.3876,2025-10-06,30,16.09,16.21,13.0,24.0,30.0,,,,,0.34,1.85,2.11,1.38,3.64,6.4,9.87,16.09,9.92,6.28,10.02
LDOS,"LEIDOS, INC.",N6883625F7M57,2026-01-20,714208.6,Department of Defense,Department of the Navy,DELIVERY ORDER,2026-01-20,189.7774,193.5348,-1.94,122.6069,2026-05-21,85,-35.39,193.5547,2026-02-10,15,1.99,57.87,,,,,,,,0.63,0.16,-1.97,-1.95,-0.59,1.92,-7.67,-7.45,-16.58,-17.84,-32.89
GD,"GENERAL DYNAMICS MISSION SYSTEMS, INC.",W15P7T21F0186,2026-03-12,570787.25,Department of Defense,Department of the Army,DELIVERY ORDER,2026-03-12,352.0383,350.6707,0.39,311.1606,2026-04-27,31,-11.61,376.88,2026-07-06,78,7.06,21.12,77.0,,,,,,,-1.04,0.3,-1.58,-2.21,0.01,-1.32,-3.63,-11.42,-5.4,-3.6,6.0
LMT,LOCKHEED MARTIN CORPORATION,N0001921C0040,2026-02-26,17857824.0,Department of Defense,Department of the Navy,DEFINITIVE CONTRACT,2026-02-26,634.115,639.9163,-0.91,491.64,2026-06-24,81,-22.47,672.2988,2026-03-02,2,6.02,36.75,2.0,,,,,,,2.56,4.63,2.62,4.06,2.28,0.63,-3.51,-3.85,-19.66,-16.45,-16.74
NOC,NORTHROP GRUMMAN SYSTEMS CORPORATION,FA853926F0001,2025-12-18,13000000.0,Department of Defense,Department of the Air Force,DELIVERY ORDER,2025-12-18,555.2898,559.9244,-0.83,555.2898,2025-12-18,0,0.0,764.6547,2026-03-02,48,37.7,37.7,10.0,14.0,17.0,23.0,41.0,,,1.6,3.67,3.19,2.69,9.26,10.6,18.7,26.0,26.16,29.96,3.9
KTOS,"KRATOS DEFENSE & ROCKET SUPPORT SERVICES, INC.",N6600125F0574,2025-09-04,0.0,Department of Defense,Department of the Navy,DELIVERY ORDER,2025-09-04,63.59,64.5,-1.41,63.59,2025-09-04,0,0.0,119.72,2026-01-13,90,88.27,88.27,5.0,7.0,8.0,8.0,13.0,21.0,,1.92,1.53,6.42,11.24,26.83,27.66,51.27,39.36,13.87,19.67,88.27
TXT,BELL TEXTRON INC,N0001923F0137,2025-12-12,-246246.94,Department of Defense,Department of the Navy,DELIVERY ORDER,2025-12-12,87.1324,86.7925,0.39,85.9317,2026-03-30,72,-1.38,100.7265,2026-02-20,46,15.6,17.22,17.0,25.0,44.0,,,,,0.88,0.31,2.63,3.82,1.8,2.1,8.03,-0.44,13.61,5.01,0.93
BAH,BOOZ ALLEN HAMILTON INC,47QFPA22F0007,2025-12-12,3703797.37,General Services Administration,Federal Acquisition Service,DELIVERY ORDER,2025-12-12,91.3894,92.9654,-1.7,73.705,2026-02-23,47,-19.35,100.6977,2026-01-23,27,10.19,36.62,27.0,27.0,,,,,,-0.98,-6.71,-8.11,-8.76,-8.26,-3.71,3.85,-1.81,-13.18,-16.26,-14.49
NOC,NORTHROP GRUMMAN SYSTEMS CORPORATION,FA229124FB016,2025-10-23,0.0,Department of Defense,Department of the Air Force,DELIVERY ORDER,2025-10-23,598.7336,589.5807,1.55,541.3857,2025-12-01,26,-9.58,764.6547,2026-03-02,87,27.71,41.24,56.0,58.0,66.0,79.0,,,,-0.03,-1.76,-4.48,-5.01,-5.58,-7.79,-6.45,-9.0,-4.23,10.09,23.05
BA,THE BOEING COMPANY,N0001922F2016,2026-03-26,0.0,Department of Defense,Department of the Navy,DELIVERY ORDER,2026-03-26,194.36,199.61,-2.63,189.21,2026-03-30,2,-2.65,240.6,2026-05-13,33,23.79,27.16,4.0,8.0,12.0,19.0,,,,-1.98,2.4,7.13,8.05,11.97,12.62,19.02,22.12,15.4,11.5,23.58
NOC,NORTHROP GRUMMAN SYSTEMS CORPORATION,N0038325FN31A,2026-03-05,0.0,Department of Defense,Department of the Navy,DELIVERY ORDER,2026-03-05,736.7673,750.5368,-1.83,496.02,2026-06-29,79,-32.68,752.8167,2026-03-06,1,2.18,51.77,,,,,,,,2.18,-0.68,-0.5,-0.55,-3.49,-6.59,-5.98,-10.1,-25.74,-26.81,-28.71
NOC,NORTHROP GRUMMAN SYSTEMS CORPORATION,HY023325PE023,2026-02-26,434051.0,Department of Defense,Immediate Office of the Secretary of Defense,PURCHASE ORDER,2026-02-26,707.7849,700.5667,1.03,496.02,2026-06-29,84,-29.92,764.6547,2026-03-02,2,8.03,54.16,2.0,,,,,,,1.9,6.78,4.09,5.13,3.57,1.96,-4.49,-5.23,-20.08,-21.85,-22.98
BA,THE BOEING COMPANY,SPRRA123F0261,2026-02-06,0.0,Department of Defense,Defense Logistics Agency,DELIVERY ORDER,2026-02-06,243.03,236.95,2.57,189.21,2026-03-30,35,-22.15,244.71,2026-02-09,1,0.69,29.33,,,,,,,,0.69,-2.79,-0.03,-1.69,-5.18,-6.38,-10.4,-18.36,-7.92,-7.67,-7.16
GD,"GENERAL DYNAMICS INFORMATION TECHNOLOGY, INC.",36C10D24N0067,2026-02-10,-562229.47,Department of Veterans Affairs,Department of Veterans Affairs,DELIVERY ORDER,2026-02-10,355.6059,356.8645,-0.35,311.1606,2026-04-27,52,-12.5,362.8304,2026-03-04,15,2.03,16.61,,,,,,,,-3.48,-3.12,-2.6,-2.07,-4.37,1.64,-1.0,-1.76,-6.23,-2.63,-3.87
BA,THE BOEING COMPANY,FA863424F0041,2025-10-31,0.0,Department of Defense,Department of the Air Force,DELIVERY ORDER,2025-10-31,201.02,200.08,0.47,179.12,2025-11-24,16,-10.89,252.15,2026-01-23,56,25.44,40.77,34.0,42.0,47.0,49.0,,,,1.76,-1.69,-3.19,-2.89,-3.23,-10.77,2.17,2.23,13.48,16.43,4.41
BA,THE BOEING COMPANY,FA239125CB018,2025-11-19,-236000.0,Department of Defense,Department of the Air Force,DEFINITIVE CONTRACT,2025-11-19,185.7,189.63,-2.07,179.12,2025-11-24,3,-3.54,252.15,2026-01-23,43,35.78,40.77,8.0,8.0,21.0,29.0,36.0,,,-3.4,-3.54,0.66,0.41,8.71,7.01,15.28,22.85,31.7,28.66,11.64
BA,THE BOEING COMPANY,FA852625F0002,2025-09-17,54441122.0,Department of Defense,Department of the Air Force,DELIVERY ORDER,2025-09-17,214.63,215.02,-0.18,179.12,2025-11-24,48,-16.54,252.15,2026-01-23,88,17.48,40.77,74.0,80.0,83.0,,,,,0.48,-1.18,0.22,3.09,0.27,3.35,-1.28,-0.49,-13.48,-6.49,13.94
LMT,LOCKHEED MARTIN CORPORATION,N0001923F0002,2025-12-18,158731205.14,Department of Defense,Department of the Navy,DELIVERY ORDER,2025-12-18,464.6335,469.2291,-0.98,464.6335,2025-12-18,0,0.0,672.2988,2026-03-02,48,44.69,44.69,9.0,11.0,14.0,17.0,27.0,,,0.85,2.64,2.74,3.8,8.81,15.48,24.69,33.63,37.72,37.33,10.75
GE,GENERAL ELECTRIC COMPANY,FA865022C5291,2026-02-26,0.0,Department of Defense,Department of the Air Force,DEFINITIVE CONTRACT,2026-02-26,339.9205,341.965,-0.6,272.9098,2026-03-30,22,-19.71,378.68,2026-07-06,88,11.4,38.76,78.0,86.0,,,,,,0.42,-1.97,-4.06,-5.41,-9.89,-11.57,-16.9,-9.4,-15.82,-11.02,4.74
TXT,TEXTRON AVIATION INC,6973GH24F01335,2026-03-03,3919637.64,Department of Transportation,Federal Aviation Administration,DELIVERY ORDER,2026-03-03,98.5074,100.6365,-2.12,85.9317,2026-03-30,19,-12.77,99.2671,2026-03-04,1,0.77,15.52,,,,,,,,0.77,-3.64,-6.13,-7.11,-7.14,-9.64,-9.76,-8.16,-5.52,-6.71,-9.23
NOC,NORTHROP GRUMMAN SYSTEMS CORPORATION,M6785423F0013,2025-08-20,0.0,Department of Defense,Department of the Navy,DELIVERY ORDER,2025-08-20,583.3933,577.1807,1.08,541.3857,2025-12-01,71,-7.2,630.571,2025-10-08,34,8.09,16.47,33.0,,,,,,,0.79,-0.98,-1.0,-0.42,-1.77,-1.75,-2.91,2.51,2.63,-5.46,-1.71
LDOS,"LEIDOS, INC.",FA807525F0032,2026-03-16,802186.0,Department of Defense,Department of the Air Force,DELIVERY ORDER,2026-03-16,166.8606,172.8195,-3.45,100.0,2026-06-25,70,-40.07,168.3852,2026-03-17,1,0.91,68.39,,,,,,,,0.91,-0.9,-2.93,-5.12,-7.92,-4.77,-5.02,-12.72,-24.78,-27.33,-32.79
LMT,LOCKHEED MARTIN CORPORATION,N0002409C2303,2026-04-02,0.0,Department of Defense,Defense Contract Management Agency,DEFINITIVE CONTRACT,2026-04-02,618.7394,613.6229,0.83,491.64,2026-06-24,56,-20.54,633.7512,2026-04-06,1,2.43,28.91,,,,,,,,2.43,0.92,-1.46,-1.8,-4.91,-14.93,-16.8,-17.15,-15.95,-17.66,-1.94
HII,HUNTINGTON INGALLS INCORPORATED,N0002418C2307,2026-03-09,0.0,Department of Defense,Department of the Navy,DEFINITIVE CONTRACT,2026-03-09,427.7326,427.2646,0.11,269.13,2026-07-17,90,-37.08,427.7326,2026-03-09,0,0.0,58.93,,,,,,,,-2.81,-3.5,-3.02,-0.37,-7.68,-11.12,-4.24,-11.96,-22.35,-32.78,-37.08
IBM,INTERNATIONAL BUSINESS MACHINES CORPORATION,N0003921F3007,2025-11-19,3812500.0,Department of Defense,Department of the Navy,DELIVERY ORDER,2025-11-19,282.7697,284.1614,-0.49,220.139,2026-02-23,63,-22.15,308.4467,2026-02-02,49,9.08,40.11,3.0,,,,,,,0.65,5.4,5.09,5.94,6.74,8.37,4.31,2.23,1.85,-9.1,-15.25
CACI,"CACI NSS, LLC",47QFCA20F0002,2025-09-28,775023.0,General Services Administration,Federal Acquisition Service,DELIVERY ORDER,2025-09-29,488.06,485.59,0.51,488.06,2025-09-29,0,0.0,662.19,2026-01-23,80,35.68,35.68,2.0,18.0,18.0,27.0,76.0,,,2.2,6.35,8.39,7.92,4.1,5.69,17.3,21.27,24.24,11.57,26.73
NOC,NORTHROP GRUMMAN SYSTEMS CORPORATION,SPE4AX24F5847,2026-03-24,0.0,Department of Defense,Defense Logistics Agency,DELIVERY ORDER,2026-03-24,679.1708,677.0203,0.32,496.02,2026-06-29,66,-26.97,699.4217,2026-04-02,7,2.98,41.01,,,,,,,,1.33,-0.46,0.01,2.98,0.78,-0.3,-13.85,-17.97,-18.01,-23.22,-19.24
GE,GENERAL ELECTRIC COMPANY,W58RGZ25F0050,2026-01-26,0.0,Department of Defense,Department of the Army,DELIVERY ORDER,2026-01-26,294.264,293.0772,0.4,272.9098,2026-03-30,44,-7.26,344.8073,2026-03-02,24,17.18,26.34,6.0,15.0,18.0,,,,,0.82,1.29,4.63,4.5,7.35,6.9,16.21,10.82,-3.69,-6.23,11.21
BA,THE BOEING COMPANY,H9224122F0073,2025-10-28,0.0,Department of Defense,Defense Contract Management Agency,DELIVERY ORDER,2025-10-28,223.33,223.0,0.15,179.12,2025-11-24,19,-19.8,252.15,2026-01-23,59,12.9,40.77,50.0,54.0,,,,,,-4.37,-9.99,-11.32,-12.01,-12.59,-14.11,-16.3,-11.02,1.99,11.24,-2.49
BA,THE BOEING COMPANY,FA862516C6599,2025-12-15,58660644.0,Department of Defense,Department of the Air Force,DEFINITIVE CONTRACT,2025-12-15,205.5,204.38,0.55,189.21,2026-03-30,71,-7.93,252.15,2026-01-23,26,22.7,33.26,5.0,12.0,18.0,21.0,,,,0.59,1.35,5.52,6.16,6.33,11.84,20.55,13.89,12.91,2.14,12.57
ACN,ACCENTURE FEDERAL SERVICES LLC,89303024FIM000138,2026-01-15,30000.0,Department of Energy,Department of Energy,BPA CALL,2026-01-15,281.9598,282.7143,-0.27,157.7433,2026-05-13,81,-44.05,281.9598,2026-01-15,0,0.0,78.75,,,,,,,,-0.54,-2.45,-2.33,-4.16,-8.39,-18.83,-23.59,-28.44,-30.49,-33.29,-38.2
HII,HUNTINGTON INGALLS INC,N5523623F9912,2025-09-23,0.0,Department of Defense,Department of the Navy,DELIVERY ORDER,2025-09-23,272.7641,272.9123,-0.05,268.06,2025-09-25,2,-1.72,424.6631,2026-01-29,88,55.69,58.42,11.0,27.0,27.0,62.0,71.0,78.0,,0.54,1.0,4.31,2.25,3.39,4.31,2.76,14.45,14.03,16.92,52.95
BAH,BOOZ ALLEN HAMILTON INC,N0042122F3001,2025-12-01,249215.45,Department of Defense,Department of the Navy,DELIVERY ORDER,2025-12-01,81.2044,82.2091,-1.22,73.705,2026-02-23,56,-9.24,100.6977,2026-01-23,36,24.01,36.62,3.0,5.0,27.0,36.0,,,,-0.97,6.32,10.8,12.83,11.44,3.42,2.33,16.87,2.52,-3.65,-0.01
GD,"GENERAL DYNAMICS INFORMATION TECHNOLOGY, INC.",W519TC24F0285,2026-02-11,0.0,Department of Defense,Department of the Army,DELIVERY ORDER,2026-02-11,343.2281,355.6059,-3.48,311.1606,2026-04-27,51,-9.34,362.8304,2026-03-04,14,5.71,16.61,12.0,,,,,,,-1.61,-1.1,2.31,0.76,1.26,5.71,1.5,2.58,-2.45,0.52,1.62
BAH,BOOZ ALLEN HAMILTON INC,N0018922F3050,2026-01-23,302000.0,Department of Defense,Department of the Navy,DELIVERY ORDER,2026-01-23,100.6977,94.3247,6.76,71.0549,2026-05-13,76,-29.44,100.6977,2026-01-23,0,0.0,41.72,,,,,,,,-8.12,-10.89,-13.51,-18.81,-12.93,-23.77,-25.39,-19.74,-22.18,-20.16,-22.63
HII,HUNTINGTON INGALLS INC,N0002421C2106,2025-12-01,1333333.0,Department of Defense,Department of the Navy,DEFINITIVE CONTRACT,2025-12-01,304.3801,311.2986,-2.22,302.3255,2025-12-05,4,-0.68,451.7788,2026-03-02,61,48.43,49.43,7.0,15.0,15.0,26.0,29.0,,,0.18,3.01,3.01,5.38,7.34,9.78,10.9,35.46,20.46,45.41,29.04
BA,BELL BOEING JOINT PROJECT OFFICE,N0001917C0015,2025-09-12,0.0,Department of Defense,Defense Contract Management Agency,DEFINITIVE CONTRACT,2025-09-12,215.94,219.99,-1.84,179.12,2025-11-24,51,-17.05,251.41,2026-01-22,90,16.43,40.36,77.0,83.0,88.0,,,,,-0.09,-0.61,-0.13,0.19,2.46,0.69,-0.18,2.51,-9.92,-4.48,16.43
HII,HUNTINGTON INGALLS INCORPORATED,N0002418C2307,2025-12-09,0.0,Department of Defense,Department of the Navy,DEFINITIVE CONTRACT,2025-12-09,312.6187,313.5418,-0.29,312.6187,2025-12-09,0,0.0,451.7788,2026-03-02,55,44.51,44.51,8.0,9.0,17.0,20.0,23.0,,,2.6,3.8,3.76,2.44,12.56,8.58,22.87,32.9,32.97,36.82,20.46
ACN,ACCENTURE FEDERAL SERVICES LLC,12314418F0020,2025-09-19,558619.24,Department of Agriculture,Office of the Chief Financial Officer,DELIVERY ORDER,2025-09-19,234.8603,234.7134,0.06,227.8645,2025-09-25,4,-2.98,282.7142,2026-01-14,80,20.38,24.07,13.0,52.0,74.0,80.0,,,,0.12,-0.26,-0.3,2.88,2.34,5.15,1.03,4.34,5.07,14.58,8.98
GD,"GENERAL DYNAMICS INFORMATION TECHNOLOGY, INC.",47QFMA21F0003,2025-09-23,9253050.97,General Services Administration,Federal Acquisition Service,DELIVERY ORDER,2025-09-23,317.597,317.0664,0.17,317.597,2025-09-23,0,0.0,364.0791,2026-01-16,80,14.64,14.64,5.0,71.0,,,,,,0.13,2.21,5.51,5.52,6.26,3.92,5.11,6.74,5.99,4.54,8.08
BAH,BOOZ ALLEN HAMILTON INC,N0001922F1207,2026-03-09,-230645.44,Department of Defense,Department of the Navy,DELIVERY ORDER,2026-03-09,80.8214,81.278,-0.56,59.71,2026-06-25,75,-26.12,83.4516,2026-04-07,20,3.25,39.76,,,,,,,,-4.8,-5.31,-6.96,-3.4,-1.88,-3.61,0.21,-0.53,-7.37,-3.6,-19.32
BAH,BOOZ ALLEN HAMILTON INC,N0003922F3000,2025-08-25,1164556.95,Department of Defense,Department of the Navy,DELIVERY ORDER,2025-08-25,107.0956,107.5751,-0.45,78.7024,2025-11-20,62,-26.51,108.3971,2025-08-27,2,1.22,37.73,,,,,,,,0.76,-1.11,0.58,-5.7,-5.77,-7.15,-9.28,-4.93,-21.82,-25.54,-21.92
GD,GENERAL DYNAMICS INFORMATION TECHNOLOGY INC.,NNS04AB54T,2026-03-24,-0.03,National Aeronautics and Space Administration,National Aeronautics and Space Administration,DELIVERY ORDER,2026-03-24,343.1191,344.2489,-0.33,311.1606,2026-04-27,23,-9.31,393.19,2026-07-28,86,14.59,26.36,58.0,83.0,,,,,,1.81,0.15,-0.87,0.83,1.09,-1.38,-7.52,0.77,1.26,1.56,11.46
GE,GENERAL ELECTRIC COMPANY,N6852023F0047,2026-01-15,70742.0,Department of Defense,Department of the Navy,DELIVERY ORDER,2026-01-15,319.0769,318.0197,0.33,272.9098,2026-03-30,50,-14.47,344.8073,2026-03-02,30,8.06,26.34,24.0,,,,,,,1.62,-0.45,-8.15,-7.02,-4.11,-4.24,2.23,8.06,-8.74,-0.46,-0.71
PLTR,PALANTIR USG INC,W519TC25C0008,2025-08-19,2482758.92,Department of Defense,Department of the Army,DEFINITIVE CONTRACT,2025-08-19,157.75,174.03,-9.35,153.11,2025-09-05,12,-2.94,207.18,2025-11-03,53,31.33,35.31,15.0,21.0,22.0,49.0,53.0,,,-1.1,0.63,1.98,0.23,-1.81,2.92,12.18,17.24,11.25,16.75,19.63
BA,THE BOEING COMPANY,FA813825F1004,2025-08-20,0.0,Department of Defense,Department of the Air Force,DELIVERY ORDER,2025-08-20,225.62,225.0,0.28,179.12,2025-11-24,67,-20.61,237.38,2025-09-02,8,5.21,32.53,8.0,,,,,,,-0.51,0.55,4.43,4.02,2.27,0.84,-4.42,-3.63,-3.48,-13.76,-3.71
BA,BELL BOEING JOINT PROJECT OFFICE,N0001922F2046,2026-04-01,0.0,Department of Defense,Department of the Navy,DELIVERY ORDER,2026-04-01,207.32,199.03,4.17,204.8,2026-07-21,75,-1.22,240.6,2026-05-13,29,16.05,17.48,4.0,14.0,29.0,,,,,0.43,1.29,6.15,7.15,5.58,11.56,9.68,10.56,3.92,3.55,12.5
PSN,AMENTUM PARSONS LOGISTICS SERVICES LLC,W52P1J19F0404,2026-03-26,1444820.62,Department of Defense,Department of the Army,DELIVERY ORDER,2026-03-26,53.62,53.84,-0.41,40.32,2026-07-29,85,-24.8,62.03,2026-07-28,84,15.68,53.84,5.0,44.0,84.0,,,,,-2.07,1.03,5.04,4.9,4.46,4.48,-3.95,-8.28,13.13,-8.17,-10.89
NOC,NORTHROP GRUMMAN SYSTEMS CORPORATION,N0010424CUA09,2026-03-31,0.0,Department of Defense,Department of the Navy,DEFINITIVE CONTRACT,2026-03-31,679.2505,668.6472,1.59,496.02,2026-06-29,61,-26.98,699.4217,2026-04-02,2,2.97,41.01,,,,,,,,2.16,1.99,0.77,-1.25,-0.53,-10.42,-15.06,-19.12,-19.74,-26.39,-14.92
IBM,INTERNATIONAL BUSINESS MACHINES CORPORATION,36C10B20N10080040,2026-03-23,-1210826.78,Department of Veterans Affairs,Department of Veterans Affairs,DELIVERY ORDER,2026-03-23,244.8683,238.2942,2.76,204.3044,2026-07-22,83,-16.57,326.8851,2026-06-02,49,33.49,60.0,46.0,47.0,47.0,47.0,49.0,,,-3.16,-2.73,-4.5,-2.13,-1.36,-4.27,1.38,-7.81,3.48,6.38,-9.32
BAH,BOOZ ALLEN HAMILTON INC,47QFSA23F0008,2026-01-23,394711.55,General Services Administration,Federal Acquisition Service,DELIVERY ORDER,2026-01-23,100.6977,94.3247,6.76,71.0549,2026-05-13,76,-29.44,100.6977,2026-01-23,0,0.0,41.72,,,,,,,,-8.12,-10.89,-13.51,-18.81,-12.93,-23.77,-25.39,-19.74,-22.18,-20.16,-22.63
CACI,"CACI, INC. - FEDERAL",FA807524F0060,2026-02-06,1091749.5,Department of Defense,Department of the Air Force,DELIVERY ORDER,2026-02-06,618.5,598.32,3.37,480.99,2026-05-08,63,-22.23,637.27,2026-02-09,1,3.03,32.49,,,,,,,,3.03,-7.38,-7.31,-8.33,-7.68,-1.35,-4.33,-4.72,-13.73,-20.12,-19.98
LDOS,"LEIDOS, INC.",36C77020C0002,2025-10-01,0.0,Department of Veterans Affairs,Department of Veterans Affairs,DEFINITIVE CONTRACT,2025-10-01,190.0515,187.4035,1.41,179.3204,2025-12-31,63,-5.65,197.9062,2025-11-04,24,4.13,10.36,,,,,,,,0.66,3.34,3.44,-1.88,-2.64,0.8,-0.37,0.73,0.41,-2.79,1.84
BAH,BOOZ ALLEN HAMILTON INC,N0017824F3009,2026-01-30,52000.0,Department of Defense,Department of the Navy,DELIVERY ORDER,2026-01-30,87.0947,87.4001,-0.35,71.0549,2026-05-13,71,-18.42,88.7791,2026-02-09,6,1.93,24.94,,,,,,,,-1.04,-3.82,0.67,1.73,-9.61,-12.01,-9.74,-13.66,-4.18,-13.12,-11.26
LMT,LOCKHEED MARTIN CORP,N0038326FES07,2026-03-05,0.0,Department of Defense,Department of the Navy,DELIVERY ORDER,2026-03-05,650.7399,660.1583,-1.43,491.64,2026-06-24,76,-24.45,667.4009,2026-03-06,1,2.56,35.75,,,,,,,,2.56,-0.58,-0.33,-1.5,-2.67,-4.7,-2.61,-9.59,-22.67,-20.63,-20.94
BAH,BOOZ ALLEN HAMILTON INC,N6600122F1160,2026-03-17,1448811.67,Department of Defense,Department of the Navy,DELIVERY ORDER,2026-03-17,76.5436,75.1938,1.8,59.71,2026-06-25,69,-21.99,83.4516,2026-04-07,14,9.02,39.76,12.0,,,,,,,2.0,3.67,2.28,4.16,1.18,9.02,7.22,-0.87,0.43,0.86,-8.33
PLTR,PALANTIR USG INC,W9128Z25FA010,2026-03-20,480000.0,Department of Defense,Department of the Army,DELIVERY ORDER,2026-03-20,150.68,155.68,-3.21,107.27,2026-06-25,66,-28.81,160.84,2026-03-23,1,6.74,49.94,1.0,,,,,,,6.74,2.84,-5.06,-2.92,-1.83,-15.01,-3.13,-3.09,-9.34,-11.57,-18.86
BAH,BOOZ ALLEN HAMILTON INC,75F40125F19006,2025-08-12,795253.56,Department of Health and Human Services,Food and Drug Administration,BPA CALL,2025-08-12,106.1687,106.3148,-0.14,78.7024,2025-11-20,71,-25.87,108.7005,2025-08-13,1,2.38,38.12,,,,,,,,2.38,0.76,1.06,0.44,1.64,1.46,-4.29,-8.49,-11.19,-20.17,-20.2
LMT,LOCKHEED MARTIN CORPORATION,N0001925F0275,2026-01-30,0.0,Department of Defense,Department of the Navy,DELIVERY ORDER,2026-01-30,626.7917,615.2189,1.88,503.2157,2026-05-08,68,-19.72,672.2988,2026-03-02,20,7.26,33.6,13.0,,,,,,,0.28,-4.96,-1.68,-0.73,2.89,3.79,5.85,2.27,-0.51,-18.8,-16.24
GD,"GENERAL DYNAMICS ORDNANCE AND TACTICAL SYSTEMS, INC.",W15QKN25F0419,2025-09-26,133108433.02,Department of Defense,Department of the Army,DELIVERY ORDER,2025-09-26,324.6132,318.8057,1.82,324.6132,2025-09-26,0,0.0,364.0791,2026-01-16,77,12.16,12.16,20.0,74.0,,,,,,0.55,3.15,4.02,3.96,1.23,0.52,7.56,5.3,1.06,4.95,7.48
CACI,"CACI, INC. - FEDERAL",47QFCA24F0011,2025-11-24,0.0,General Services Administration,Federal Acquisition Service,DELIVERY ORDER,2025-11-24,610.23,599.94,1.72,532.81,2025-12-31,25,-12.69,662.19,2026-01-23,40,8.51,24.28,39.0,,,,,,,1.27,1.13,-0.63,-0.76,-3.45,-7.02,-10.79,-4.28,1.7,-6.43,-6.74
HII,HUNTINGTON INGALLS INCORPORATED,N0002420C2437,2025-12-16,612201.0,Department of Defense,Department of the Navy,DEFINITIVE CONTRACT,2025-12-16,324.381,326.7235,-0.72,318.9118,2025-12-17,1,-1.69,451.7788,2026-03-02,50,39.27,41.66,4.0,12.0,15.0,17.0,21.0,,,-1.69,3.01,8.48,7.44,4.06,9.07,30.32,28.68,34.03,27.87,10.93
BA,"BOEING AEROSPACE OPERATIONS, INC.",N6852025F0041,2025-09-25,1500.0,Department of Defense,Department of the Navy,DELIVERY ORDER,2025-09-25,213.53,215.1,-0.73,179.12,2025-11-24,42,-16.11,252.15,2026-01-23,82,18.09,40.77,9.0,74.0,77.0,,,,,3.62,1.08,1.83,2.9,1.16,0.22,3.66,-7.98,-11.49,0.26,10.5
LDOS,"LEIDOS, INC.",FA873024FB003,2025-12-29,2753254.0,Department of Defense,Department of the Air Force,DELIVERY ORDER,2025-12-29,184.3799,184.7477,-0.2,129.652,2026-05-08,90,-29.68,197.153,2026-01-09,8,6.93,52.06,4.0,,,,,,,-1.15,-1.09,6.47,5.25,5.64,2.93,0.92,-6.73,-5.3,-14.84,-29.68
NOC,NORTHROP GRUMMAN SYSTEMS CORPORATION,FA821323F3725,2025-08-25,-1968617.0,Department of Defense,Department of the Air Force,DELIVERY ORDER,2025-08-25,577.6829,583.2949,-0.96,541.3857,2025-12-01,68,-6.28,630.571,2025-10-08,31,9.16,16.47,29.0,,,,,,,1.07,0.2,0.83,-0.8,-2.19,-1.69,0.31,6.36,1.81,-3.03,0.61
HII,HUNTINGTON INGALLS INCORPORATED,N0002424C2312,2025-09-04,258634.0,Department of Defense,Department of the Navy,DEFINITIVE CONTRACT,2025-09-04,266.805,266.1626,0.24,263.9292,2025-09-09,3,-1.08,408.6128,2026-01-13,90,53.15,54.82,18.0,36.0,40.0,48.0,76.0,90.0,,0.43,-1.08,2.26,1.13,1.74,2.79,5.28,4.7,13.13,16.68,53.15
LMT,LOCKHEED MARTIN CORPORATION,FA820525F0703,2026-03-09,13206762.0,Department of Defense,Department of the Air Force,DELIVERY ORDER,2026-03-09,659.8304,667.4009,-1.13,491.64,2026-06-24,74,-25.49,659.8304,2026-03-09,0,0.0,34.21,,,,,,,,-1.95,-1.7,-2.85,-3.29,-7.21,-7.27,-5.37,-13.88,-21.55,-22.4,-22.89
BA,THE BOEING COMPANY,N0001925F2113,2026-03-31,0.0,Department of Defense,Department of the Navy,DELIVERY ORDER,2026-03-31,199.03,189.21,5.19,199.03,2026-03-31,0,0.0,240.6,2026-05-13,30,20.89,20.89,3.0,6.0,15.0,30.0,,,,4.17,6.67,9.43,9.35,12.51,10.11,15.07,20.89,9.24,9.15,16.96
BAH,BOOZ ALLEN HAMILTON INC,FA807522F0038,2025-08-27,-11485.0,Department of Defense,Department of the Air Force,DELIVERY ORDER,2025-08-27,108.3971,107.9078,0.45,78.7024,2025-11-20,60,-27.39,108.3971,2025-08-27,0,0.0,37.73,,,,,,,,-2.3,-0.62,-6.83,-8.2,-6.26,-8.3,-10.55,-9.97,-25.23,-27.39,-18.18
LMT,LOCKHEED MARTIN CORPORATION,FA862117F0026,2025-09-03,-406804.27,Department of Defense,Department of the Air Force,DELIVERY ORDER,2025-09-03,440.4564,443.8305,-0.76,434.0461,2025-12-01,62,-1.46,544.7837,2026-01-12,90,23.69,25.51,8.0,19.0,86.0,89.0,,,,1.73,2.24,3.3,4.95,5.36,8.38,11.2,11.21,5.36,1.14,23.69
AVAV,"AEROVIRONMENT, INC",W58RGZ26F0167,2026-02-13,3607810.27,Department of Defense,Department of the Army,DELIVERY ORDER,2026-02-13,243.87,235.12,3.72,136.68,2026-06-25,90,-43.95,281.67,2026-02-19,3,15.5,106.08,1.0,3.0,3.0,,,,,7.84,15.5,7.16,4.65,-14.58,-5.77,-8.76,-27.43,-13.86,-30.76,-43.95
LMT,LOCKHEED MARTIN CORPORATION,FA868223CB003,2026-02-27,0.0,Department of Defense,Department of the Air Force,DEFINITIVE CONTRACT,2026-02-27,650.3723,634.115,2.56,491.64,2026-06-24,80,-24.41,672.2988,2026-03-02,1,3.37,36.75,,,,,,,,3.37,1.5,2.62,-0.52,-1.32,-2.62,-8.56,-5.34,-20.85,-18.6,-20.31
CACI,"CACI, INC. - FEDERAL",FA873024FB008,2025-11-26,1095000.0,Department of Defense,Department of the Air Force,DELIVERY ORDER,2025-11-26,615.35,617.97,-0.42,532.81,2025-12-31,23,-13.41,662.19,2026-01-23,38,7.61,24.28,37.0,,,,,,,0.28,-1.46,-1.58,-3.56,-4.69,-8.87,-12.33,-1.71,0.57,-4.11,-8.47
BA,THE BOEING COMPANY,N0001926F0068,2026-02-26,552470.0,Department of Defense,Department of the Navy,DELIVERY ORDER,2026-02-26,229.41,230.36,-0.41,189.21,2026-03-30,22,-17.52,240.6,2026-05-13,53,4.88,27.16,,,,,,,,-0.82,-2.31,-3.2,-1.92,-10.74,-10.21,-16.95,-5.13,-0.88,-4.53,-1.94
PSN,PARSONS GOVERNMENT SERVICES INC.,HQ085821C0015,2025-12-03,324777.0,Department of Defense,Missile Defense Agency,DEFINITIVE CONTRACT,2025-12-03,82.9,82.88,0.02,50.04,2026-03-20,73,-39.64,84.46,2025-12-04,1,1.88,68.78,,,,,,,,1.88,-23.8,-19.16,-23.61,-27.38,-24.32,-19.75,-12.58,-16.19,-19.59,-31.76
BA,THE BOEING COMPANY,N0001926F0082,2026-02-19,0.0,Department of Defense,Department of the Navy,DELIVERY ORDER,2026-02-19,233.71,238.93,-2.18,189.21,2026-03-30,27,-19.04,240.6,2026-05-13,58,2.95,27.16,,,,,,,,-0.72,-0.14,-1.84,-1.7,-4.98,-8.39,-16.51,-10.91,-0.54,-5.66,-7.38
TXT,TEXTRON SYSTEMS CORPORATION,W56HZV24C0029,2025-12-16,0.0,Department of Defense,Department of the Army,DEFINITIVE CONTRACT,2025-12-16,86.2927,87.902,-1.83,85.9317,2026-03-30,70,-0.42,100.7265,2026-02-20,44,16.73,17.22,4.0,23.0,41.0,,,,,1.29,3.63,4.83,4.51,0.97,2.61,9.15,2.0,14.44,6.43,2.12
LMT,LOCKHEED MARTIN CORPORATION,FA823224F0041,2026-01-29,50170.0,Department of Defense,Department of the Air Force,DELIVERY ORDER,2026-01-29,615.2189,590.2745,4.23,503.2157,2026-05-08,69,-18.21,672.2988,2026-03-02,21,9.28,33.6,14.0,,,,,,,1.88,0.92,-2.14,2.53,2.4,7.07,9.28,4.32,3.01,-17.1,-13.83
NOC,NORTHROP GRUMMAN SYSTEMS CORP,FA811020F0001,2025-09-24,0.0,Department of Defense,Department of the Air Force,DELIVERY ORDER,2025-09-24,579.4888,570.4052,1.59,541.3857,2025-12-01,47,-6.58,699.65,2026-02-03,90,20.74,29.23,8.0,77.0,83.0,90.0,,,,-0.09,1.32,3.27,3.97,8.82,6.94,3.32,-2.69,-3.27,-4.18,20.74
BAH,BOOZ ALLEN HAMILTON INC,FA807520F0028,2026-02-24,-463899.01,Department of Defense,Department of the Air Force,DELIVERY ORDER,2026-02-24,75.1342,73.705,1.94,59.71,2026-06-25,84,-20.53,83.4516,2026-04-07,29,11.07,39.76,2.0,28.0,,,,,,-0.78,4.13,4.62,5.42,2.4,0.08,5.84,7.79,0.99,2.31,-17.07
LDOS,"LEIDOS, INC.",FA823226FB002,2025-10-01,1460337.71,Department of Defense,Department of the Air Force,DELIVERY ORDER,2025-10-01,190.0515,187.4035,1.41,179.3204,2025-12-31,63,-5.65,197.9062,2025-11-04,24,4.13,10.36,,,,,,,,0.66,3.34,3.44,-1.88,-2.64,0.8,-0.37,0.73,0.41,-2.79,1.84
BA,THE BOEING COMPANY,FA868121F1003,2026-02-20,0.0,Department of Defense,Department of the Air Force,DELIVERY ORDER,2026-02-20,232.03,233.71,-0.72,189.21,2026-03-30,26,-18.45,240.6,2026-05-13,57,3.69,27.16,,,,,,,,-0.69,-0.72,-1.94,-3.41,-0.4,-11.75,-14.49,-8.5,-0.3,-4.92,-5.8
BAH,BOOZ ALLEN HAMILTON INC,FA807524F0006,2026-01-21,4000000.0,Department of Defense,Department of the Air Force,DELIVERY ORDER,2026-01-21,94.1376,92.0592,2.26,71.0549,2026-05-13,78,-24.52,100.6977,2026-01-23,2,6.97,41.72,2.0,,,,,,,0.2,-1.72,-4.68,-7.48,-11.02,-5.88,-18.59,-15.86,-15.31,-13.79,-11.38
LMT,LOCKHEED MARTIN CORP,FA882025CB001,2026-02-20,0.0,Department of Defense,Department of the Air Force,DEFINITIVE CONTRACT,2026-02-20,650.5502,658.7036,-1.24,491.64,2026-06-24,85,-24.43,672.2988,2026-03-02,6,3.34,36.75,,,,,,,,0.36,-1.63,-0.03,1.99,2.59,-0.3,-5.89,-2.58,-21.6,-19.32,-19.79
GE,GENERAL ELECTRIC COMPANY,FA860426FB006,2026-04-01,0.0,Department of Defense,Department of the Air Force,DELIVERY ORDER,2026-04-01,292.3156,283.4167,3.14,275.946,2026-04-22,14,-5.6,381.22,2026-08-05,86,30.41,38.15,4.0,40.0,51.0,52.0,86.0,,,-3.94,-1.39,6.95,6.57,1.92,-5.6,-2.11,-0.39,12.07,27.69,25.91
LMT,LOCKHEED MARTIN CORPORATION,N0002419C5603,2025-10-30,4128335.0,Department of Defense,Department of the Navy,DEFINITIVE CONTRACT,2025-10-30,480.3374,476.0315,0.9,434.0461,2025-12-01,21,-9.64,672.2988,2026-03-02,82,39.96,54.89,44.0,48.0,51.0,55.0,62.0,,,0.44,-0.97,-4.25,-7.68,-6.92,-4.05,-9.64,-1.19,7.41,22.89,35.03
NOC,NORTHROP GRUMMAN SYSTEMS CORP,FA811023F0003,2025-09-22,22000.0,Department of Defense,Department of the Air Force,DELIVERY ORDER,2025-09-22,569.4859,566.402,0.54,541.3857,2025-12-01,49,-4.93,690.0928,2026-01-29,89,21.18,27.47,6.0,12.0,81.0,88.0,,,,0.16,1.67,3.1,5.08,7.35,8.22,4.03,-0.13,-1.84,-0.89,20.64
GD,"GENERAL DYNAMICS INFORMATION TECHNOLOGY, INC.",15F06719F0002938,2025-09-12,-13833.95,Department of Justice,Federal Bureau of Investigation,DELIVERY ORDER,2025-09-12,320.4958,323.9057,-1.05,317.0664,2025-09-22,6,-1.07,364.0791,2026-01-16,87,13.6,14.83,15.0,79.0,,,,,,0.25,-0.27,-0.63,-0.9,1.28,4.57,2.98,8.02,6.01,3.48,13.12
GD,GENERAL DYNAMICS LAND SYSTEMS INC.,SPRDL126C0009,2025-11-12,2764500.0,Department of Defense,Defense Logistics Agency,DEFINITIVE CONTRACT,2025-11-12,344.9013,347.8326,-0.84,328.0535,2025-12-01,12,-4.88,364.0791,2026-01-16,44,5.56,10.98,43.0,,,,,,,-1.54,-2.19,-1.83,-2.61,-2.69,-3.25,-3.42,-2.07,3.2,3.1,1.28
GD,"GENERAL DYNAMICS GLOBAL FORCE, LLC",W909MY25F0055,2026-02-13,0.0,Department of Defense,Department of the Army,DELIVERY ORDER,2026-02-13,344.5164,337.6884,2.02,311.1606,2026-04-27,49,-9.68,362.8304,2026-03-04,12,5.32,16.61,12.0,,,,,,,-1.47,1.93,0.39,-1.29,4.93,4.56,2.49,-1.97,-5.93,0.12,-0.39
LDOS,"LEIDOS, INC.",W5J9CQ21F0015,2026-03-19,-425750.51,Department of Defense,Department of the Army,DELIVERY ORDER,2026-03-19,165.3659,166.1631,-0.48,100.0,2026-06-25,67,-39.53,165.3659,2026-03-19,0,0.0,65.37,,,,,,,,-0.05,-4.19,-5.04,-7.09,-4.3,-6.22,-6.71,-10.08,-24.07,-30.7,-30.84
GD,"GENERAL DYNAMICS INFORMATION TECHNOLOGY, INC.",68HERH24F0187,2025-10-08,-11366.77,Environmental Protection Agency,Environmental Protection Agency,BPA CALL,2025-10-08,340.4341,337.4763,0.88,326.2867,2025-10-16,6,-4.16,364.0791,2026-01-16,69,6.95,11.58,66.0,,,,,,,-1.06,-3.05,-3.74,-3.99,-1.94,0.51,-1.34,-0.54,-1.0,3.08,1.74
LMT,LOCKHEED MARTIN CORPORATION,H9225422F2623,2025-12-18,0.0,Department of Defense,U.S. Special Operations Command,DELIVERY ORDER,2025-12-18,464.6335,469.2291,-0.98,464.6335,2025-12-18,0,0.0,672.2988,2026-03-02,48,44.69,44.69,9.0,11.0,14.0,17.0,27.0,,,0.85,2.64,2.74,3.8,8.81,15.48,24.69,33.63,37.72,37.33,10.75
HII,HUNTINGTON INGALLS INC,N0002420C2109,2025-08-21,9299795.0,Department of Defense,Department of the Navy,DEFINITIVE CONTRACT,2025-08-21,262.0546,262.6544,-0.23,262.0546,2025-08-21,0,0.0,352.8189,2025-12-24,87,34.64,34.64,25.0,37.0,49.0,49.0,85.0,,,1.31,1.97,3.3,1.71,2.25,4.11,4.14,7.19,13.1,18.4,29.53
GD,"GENERAL DYNAMICS GLOBAL FORCE, LLC",W56JSR25F0002,2025-12-03,1863595.48,Department of Defense,Department of the Army,DELIVERY ORDER,2025-12-03,333.6792,331.4289,0.68,329.9188,2025-12-09,4,-1.13,364.0791,2026-01-16,30,9.11,10.35,21.0,,,,,,,1.07,-0.61,1.23,-0.17,-0.49,1.7,5.17,9.11,6.95,8.31,1.11
CACI,"CACI, INC. - FEDERAL",FA807522F0054,2026-01-30,1988072.0,Department of Defense,Department of the Air Force,DELIVERY ORDER,2026-01-30,620.58,623.13,-0.41,480.99,2026-05-08,68,-22.49,637.27,2026-02-09,6,2.69,32.49,,,,,,,,-1.32,-2.5,-0.34,0.84,-7.62,-5.57,1.48,-2.45,-8.29,-18.03,-16.02
LDOS,"LEIDOS, INC.",HC102826F0011,2026-02-13,99318.84,Department of Defense,Defense Information Systems Agency,DELIVERY ORDER,2026-02-13,175.2449,170.414,2.83,100.0,2026-06-25,90,-42.94,179.5689,2026-03-03,11,2.47,79.57,,,,,,,,-8.38,-0.02,-2.44,-3.64,1.76,0.9,-3.91,-12.32,-12.89,-26.99,-42.94
BAH,BOOZ ALLEN HAMILTON INC,80JSC025FA192,2025-09-24,1540177.0,National Aeronautics and Space Administration,National Aeronautics and Space Administration,BPA CALL,2025-09-24,97.1532,96.2236,0.97,78.7024,2025-11-20,41,-18.99,101.8113,2025-10-07,9,4.79,29.36,,,,,,,,-1.76,-0.39,3.34,4.77,3.68,-1.49,1.02,-12.76,-15.59,-12.8,-15.85
LMT,LOCKHEED MARTIN CORPORATION,HQ085121C0002,2025-09-26,3182163.26,Department of Defense,Missile Defense Agency,DEFINITIVE CONTRACT,2025-09-26,478.1011,475.0605,0.64,434.0461,2025-12-01,45,-9.21,628.551,2026-02-02,87,31.47,44.81,6.0,72.0,74.0,77.0,86.0,,,0.93,2.37,3.5,4.85,3.61,1.19,-0.11,-5.97,-9.21,-0.04,25.92
LMT,LOCKHEED MARTIN CORPORATION,W31P4Q24F0038,2025-11-12,0.0,Department of Defense,Department of the Army,DELIVERY ORDER,2025-11-12,448.2835,448.313,-0.01,434.0461,2025-12-01,12,-3.18,672.2988,2026-03-02,73,49.97,54.89,21.0,35.0,36.0,40.0,47.0,,,-0.26,3.01,2.82,0.82,-0.63,-1.5,5.88,6.49,27.0,38.79,38.34
LMT,LOCKHEED MARTIN CORPORATION,HR001120C0060,2026-04-02,-222125.03,Department of Defense,Defense Advanced Research Projects Agency,DEFINITIVE CONTRACT,2026-04-02,618.7394,613.6229,0.83,491.64,2026-06-24,56,-20.54,633.7512,2026-04-06,1,2.43,28.91,,,,,,,,2.43,0.92,-1.46,-1.8,-4.91,-14.93,-16.8,-17.15,-15.95,-17.66,-1.94
PSN,PARSONS GOVERNMENT SERVICES INC.,W56KGU23F0004,2025-09-26,57000.0,Department of Defense,Department of the Army,DELIVERY ORDER,2025-09-26,81.46,79.7,2.21,60.2,2025-12-17,57,-26.1,89.29,2025-10-08,8,9.61,48.32,4.0,,,,,,,0.5,4.64,7.39,7.75,5.39,2.1,3.03,5.49,1.51,-23.68,-17.11
LDOS,"LEIDOS, INC.",W15P7T26F0009,2026-02-26,0.0,Department of Defense,Department of the Army,DELIVERY ORDER,2026-02-26,174.8076,168.8733,3.51,100.0,2026-06-25,82,-42.79,179.5689,2026-03-03,3,2.72,79.57,,,,,,,,-0.43,2.72,-0.11,2.09,-1.17,-4.95,-11.34,-12.85,-14.93,-28.17,-38.69
LMT,LOCKHEED MARTIN CORPORATION,FA820524F0624,2025-09-23,0.0,Department of Defense,Department of the Air Force,DELIVERY ORDER,2025-09-23,477.3458,471.1862,1.31,434.0461,2025-12-01,48,-9.07,628.551,2026-02-02,90,31.68,44.81,9.0,75.0,77.0,80.0,89.0,,,-0.09,0.16,2.58,2.61,5.01,3.53,0.1,-0.35,-7.04,-1.7,31.68
NOC,NORTHROP GRUMMAN SYSTEMS CORP,N0003025C2013,2025-12-19,1194574.0,Department of Defense,Department of the Navy,DEFINITIVE CONTRACT,2025-12-19,564.1622,555.2898,1.6,564.1622,2025-12-19,0,0.0,764.6547,2026-03-02,47,35.54,35.54,9.0,14.0,17.0,25.0,47.0,,,2.85,2.44,1.64,0.31,7.41,10.71,17.94,21.34,25.46,26.03,0.26
LMT,LOCKHEED MARTIN CORPORATION,W911N226FA072,2026-02-17,0.0,Department of Defense,Department of the Army,DELIVERY ORDER,2026-02-17,641.9719,644.9368,-0.46,491.64,2026-06-24,88,-23.42,672.2988,2026-03-02,9,4.72,36.75,,,,,,,,0.04,1.34,2.29,-1.22,3.35,2.78,-0.6,-6.47,-14.04,-19.54,-20.96
LDOS,"LEIDOS, INC.",W15P7T25F0089,2025-12-16,0.0,Department of Defense,Department of the Army,DELIVERY ORDER,2025-12-16,181.0699,184.8372,-2.04,143.7323,2026-04-27,89,-20.62,197.153,2026-01-09,16,8.88,37.17,12.0,,,,,,,-0.44,1.38,2.28,2.03,-0.97,7.93,6.88,3.36,-5.58,-7.85,-19.57
BAH,BOOZ ALLEN HAMILTON INC,FA807525F0044,2026-01-29,2019602.2,Department of Defense,Department of the Air Force,DELIVERY ORDER,2026-01-29,87.4001,89.7346,-2.6,71.0549,2026-05-13,72,-18.7,88.7791,2026-02-09,7,1.58,24.94,,,,,,,,-0.35,-6.46,-4.74,1.58,-12.17,-9.22,-11.64,-11.12,-4.94,-13.48,-10.35
LMT,LOCKHEED MARTIN CORPORATION,W31P4Q23C0032,2025-09-26,620728.75,Department of Defense,Department of the Army,DEFINITIVE CONTRACT,2025-09-26,478.1011,475.0605,0.64,434.0461,2025-12-01,45,-9.21,628.551,2026-02-02,87,31.47,44.81,6.0,72.0,74.0,77.0,86.0,,,0.93,2.37,3.5,4.85,3.61,1.19,-0.11,-5.97,-9.21,-0.04,25.92
BA,THE BOEING COMPANY,FA852623F0003,2025-09-09,0.0,Department of Defense,Defense Contract Management Agency,DELIVERY ORDER,2025-09-09,229.52,230.95,-0.62,179.12,2025-11-24,54,-21.96,247.74,2026-01-15,89,7.94,38.31,87.0,,,,,,,-0.87,-5.92,-6.32,-6.04,-5.74,-5.42,-1.83,-5.34,-14.95,-11.75,7.91
BA,THE BOEING COMPANY,FA863422C2705,2026-01-27,0.0,Department of Defense,Department of the Air Force,DEFINITIVE CONTRACT,2026-01-27,244.56,248.43,-1.56,189.21,2026-03-30,43,-22.63,244.71,2026-02-09,9,0.06,29.33,,,,,,,,-1.21,-4.43,-4.67,-3.11,-0.81,-0.21,-6.19,-12.46,-15.23,-4.26,-11.9
BA,THE BOEING COMPANY,N6893624F0542,2025-11-17,0.0,Department of Defense,Department of the Navy,DELIVERY ORDER,2025-11-17,191.81,194.52,-1.39,179.12,2025-11-24,5,-6.62,252.15,2026-01-23,45,31.46,40.77,10.0,23.0,31.0,36.0,43.0,,,-1.14,-6.48,-6.62,-2.55,7.07,7.54,7.57,13.2,31.46,26.67,-1.36
LDOS,"LEIDOS, INC.",W15P7T25F0302,2026-02-17,0.0,Department of Defense,Department of the Army,DELIVERY ORDER,2026-02-17,160.5633,175.2449,-8.38,100.0,2026-06-25,89,-37.72,179.5689,2026-03-03,10,11.84,79.57,1.0,9.0,,,,,,6.19,7.41,7.8,8.87,11.84,11.15,3.49,-3.48,-6.47,-22.94,-36.62
LMT,LOCKHEED MARTIN CORPORATION,H9225425FE051,2025-11-24,299930.0,Department of Defense,U.S. Special Operations Command,DELIVERY ORDER,2025-11-24,442.4181,451.9518,-2.11,434.0461,2025-12-01,4,-1.89,672.2988,2026-03-02,65,51.96,54.89,12.0,26.0,28.0,31.0,36.0,65.0,,0.3,1.51,-1.3,0.15,4.3,8.21,8.51,15.81,41.67,47.57,40.96
LMT,LOCKHEED MARTIN CORPORATION,N0003019C0045,2025-09-30,13322.0,Department of Defense,Department of the Navy,DEFINITIVE CONTRACT,2025-09-30,489.6455,482.5541,1.47,434.0461,2025-12-01,43,-11.36,630.8141,2026-02-09,90,28.83,45.33,67.0,71.0,73.0,81.0,,,,-0.04,1.06,2.38,1.71,1.2,1.34,-2.78,-8.44,-9.82,-1.96,28.83
AVAV,"AEROVIRONMENT, INC",W58RGZ23C0007,2025-10-17,0.0,Department of Defense,Department of the Army,DEFINITIVE CONTRACT,2025-10-17,350.59,374.1,-6.28,229.1,2025-12-17,42,-34.65,392.86,2026-01-16,62,12.06,71.48,2.0,62.0,,,,,,3.84,1.31,7.97,8.37,5.51,-6.38,-19.09,-26.47,-27.15,8.9,-28.05
NOC,NORTHROP GRUMMAN SYSTEMS CORPORATION,N0003024F2001,2025-09-18,-47993.0,Department of Defense,Department of the Navy,DELIVERY ORDER,2025-09-18,567.1136,570.4051,-0.58,541.3857,2025-12-01,51,-4.54,683.9199,2026-01-28,90,20.6,26.33,8.0,14.0,83.0,90.0,,,,-0.13,0.58,2.09,3.53,5.45,11.19,3.62,0.85,-1.12,-0.29,20.6
NOC,NORTHROP GRUMMAN SYSTEMS CORPORATION,W519TC24F0193,2025-12-23,0.0,Department of Defense,Department of the Army,DELIVERY ORDER,2025-12-23,575.6745,580.2397,-0.79,556.1522,2026-05-05,90,-3.39,764.6547,2026-03-02,45,32.83,37.49,7.0,14.0,19.0,27.0,45.0,,,0.39,-0.39,-1.7,5.39,1.85,12.6,13.95,22.25,32.83,17.6,-3.39
ACN,ACCENTURE FEDERAL SERVICES LLC,89603024F0015,2026-01-13,5740921.02,Department of Energy,Federal Energy Regulatory Commission,DELIVERY ORDER,2026-01-13,271.2113,275.2873,-1.48,157.7433,2026-05-13,83,-41.84,282.7143,2026-01-14,1,4.24,79.22,,,,,,,,4.24,3.4,1.42,1.54,-2.3,-12.86,-19.78,-25.08,-26.46,-34.59,-34.7
LMT,LOCKHEED MARTIN CORPORATION,FA861125F0036,2025-08-26,0.0,Department of Defense,Department of the Air Force,DELIVERY ORDER,2025-08-26,443.4982,435.9615,1.73,434.0461,2025-12-01,67,-2.13,505.5783,2026-01-05,90,14.0,16.48,18.0,24.0,,,,,,-0.22,0.04,-0.69,2.6,2.59,4.9,7.12,13.68,7.34,3.93,14.0
CACI,"CACI, INC. - FEDERAL",N0017425F3001,2025-08-13,283010.0,Department of Defense,Department of the Navy,DELIVERY ORDER,2025-08-13,503.9,477.23,5.59,460.1,2025-09-04,15,-8.69,617.97,2025-11-25,73,22.64,34.31,36.0,50.0,50.0,72.0,,,,-2.62,-3.51,-3.43,-4.46,-3.34,-6.84,-1.58,-5.49,2.84,15.98,10.46
LDOS,LEIDOS BIOMEDICAL RESEARCH INC,75N91021F00013,2025-09-10,2266604.0,Department of Health and Human Services,National Institutes of Health,DELIVERY ORDER,2025-09-10,178.4951,177.169,0.75,178.4951,2025-09-10,0,0.0,197.9062,2025-11-04,39,10.87,10.87,15.0,18.0,,,,,,2.64,1.53,2.12,4.15,4.12,4.99,7.82,4.72,7.25,6.91,6.32
NOC,NORTHROP GRUMMAN SYSTEMS CORPORATION,N0001922F2576,2026-03-04,934195.0,Department of Defense,Department of the Navy,DELIVERY ORDER,2026-03-04,750.5368,755.7836,-0.69,496.02,2026-06-29,80,-33.91,752.8167,2026-03-06,2,0.3,51.77,,,,,,,,-1.83,-0.86,-2.74,-2.67,-3.85,-9.51,-6.81,-10.75,-26.74,-25.23,-29.56
NOC,NORTHROP GRUMMAN SYSTEMS CORPORATION,HR001124C0411,2025-12-29,1106339.0,Department of Defense,Defense Advanced Research Projects Agency,DEFINITIVE CONTRACT,2025-12-29,573.4117,573.0048,0.07,547.1121,2026-05-08,90,-4.59,764.6547,2026-03-02,42,33.35,39.76,4.0,11.0,13.0,21.0,42.0,,,-0.56,1.36,5.68,2.25,8.26,13.76,20.35,17.49,28.49,20.15,-4.59
LDOS,"LEIDOS, INC.",N0003925F7346,2026-03-24,0.0,Department of Defense,Department of the Navy,DELIVERY ORDER,2026-03-24,158.4304,161.9679,-2.18,100.0,2026-06-25,64,-36.88,160.0746,2026-04-08,10,1.04,60.07,,,,,,,,-0.07,-2.18,-2.18,-0.11,1.04,-1.77,-7.16,-15.15,-17.23,-32.39,-25.06
PSN,GSIA-PARSONS JV LLC,70Z05326FPCNI0001,2026-03-25,-6182060.21,Department of Homeland Security,U.S. Coast Guard,DELIVERY ORDER,2026-03-25,53.84,50.43,6.76,40.32,2026-07-29,86,-25.11,62.03,2026-07-28,85,15.21,53.84,9.0,46.0,85.0,,,,,-0.41,-3.03,2.32,4.72,6.11,5.07,-0.72,-4.87,9.77,-9.64,-9.75
BA,THE BOEING COMPANY,FA880725CB006,2026-02-10,1433228.35,Department of Defense,Department of the Air Force,DEFINITIVE CONTRACT,2026-02-10,242.59,244.71,-0.87,189.21,2026-03-30,33,-22.0,244.04,2026-02-17,4,0.6,28.98,,,,,,,,-2.61,0.15,-1.51,-4.35,-5.04,-7.61,-15.59,-17.72,-9.77,-4.77,-8.97
LDOS,"LEIDOS, INC.",W15P7T25F0055,2026-01-27,0.0,Department of Defense,Department of the Army,DELIVERY ORDER,2026-01-27,186.03,188.366,-1.24,122.6069,2026-05-21,80,-34.09,193.5547,2026-02-10,10,4.04,57.87,,,,,,,,0.33,0.6,1.41,-0.57,4.04,-13.69,-6.03,-7.36,-16.43,-20.94,-33.35
HON,HONEYWELL INTERNATIONAL INC.,W15P7T24F0081,2025-08-13,0.0,Department of Defense,Department of the Army,DELIVERY ORDER,2025-08-13,212.5659,209.925,1.26,195.2672,2025-11-20,70,-8.14,216.6771,2025-08-22,7,1.93,10.96,,,,,,,,-0.7,-1.01,-0.73,1.93,1.21,-2.11,-3.27,-4.99,-7.06,-4.91,-2.78
LMT,LOCKHEED MARTIN CORP,N0003017C0100,2025-09-29,-140223.9,Department of Defense,Department of the Navy,DEFINITIVE CONTRACT,2025-09-29,482.5541,478.1011,0.93,434.0461,2025-12-01,44,-10.05,628.551,2026-02-02,86,30.26,44.81,68.0,71.0,74.0,78.0,86.0,,,1.47,1.5,4.52,4.48,2.41,0.64,-1.26,-8.11,-9.51,-1.17,27.71
ACN,ACCENTURE FEDERAL SERVICES LLC,15F06724F0001066,2025-09-26,-183401.97,Department of Justice,Federal Bureau of Investigation,DELIVERY ORDER,2025-09-26,234.1451,227.8645,2.76,228.8639,2026-02-05,90,-2.26,282.7142,2026-01-14,75,20.74,23.53,7.0,47.0,69.0,75.0,,,,3.36,1.98,2.66,5.13,0.82,-2.07,4.94,2.84,7.72,13.27,-2.26
PSN,PARSONS GOVERNMENT SERVICES INC.,FA830725FB131,2025-08-19,400000.0,Department of Defense,Department of the Air Force,DELIVERY ORDER,2025-08-19,78.66,79.41,-0.94,60.2,2025-12-17,84,-23.47,89.29,2025-10-08,35,13.51,48.32,20.0,31.0,,,,,,-0.93,1.47,1.59,1.58,0.03,-5.29,3.52,8.37,4.45,9.9,-20.47
NOC,NORTHROP GRUMMAN SYSTEMS CORPORATION,SPRTA123C0003,2026-02-18,0.0,Department of Defense,Defense Logistics Agency,DEFINITIVE CONTRACT,2026-02-18,719.35,695.8192,3.38,496.02,2026-06-29,90,-31.05,764.6547,2026-03-02,8,6.3,54.16,8.0,,,,,,,1.66,0.4,-2.61,0.26,4.34,1.73,-1.16,-3.53,-18.66,-24.06,-31.05
PSN,PARSONS GOVERNMENT SERVICES INC.,HDTRA123F0080,2025-12-22,1200000.0,Department of Defense,Defense Threat Reduction Agency,DELIVERY ORDER,2025-12-22,62.17,61.38,1.29,50.02,2026-05-04,90,-19.54,72.73,2026-01-23,21,16.99,45.4,8.0,12.0,16.0,,,,,0.92,0.63,0.13,0.06,5.76,11.28,16.99,8.61,6.16,-19.51,-19.54
GD,"GENERAL DYNAMICS INFORMATION TECHNOLOGY, INC.",68HERC26F0013,2025-11-04,12500000.0,Environmental Protection Agency,Environmental Protection Agency,DELIVERY ORDER,2025-11-04,338.9991,337.4199,0.47,328.0535,2025-12-01,18,-3.23,364.0791,2026-01-16,50,7.4,10.98,42.0,,,,,,,-0.16,0.84,2.61,0.17,-0.63,-1.55,-0.52,-2.06,3.03,1.26,4.16
LMT,LOCKHEED MARTIN CORP,N0003019C0025,2026-02-13,19500000.0,Department of Defense,Department of the Navy,DEFINITIVE CONTRACT,2026-02-13,644.9368,629.9642,2.38,491.64,2026-06-24,89,-23.77,672.2988,2026-03-02,10,4.24,36.75,,,,,,,,-0.46,2.13,1.23,-0.78,4.24,3.48,-1.98,-7.79,-11.89,-19.74,-21.69
NOC,NORTHROP GRUMMAN SYSTEMS CORPORATION,FA873021F0119,2025-12-12,30030.0,Department of Defense,Department of the Air Force,DELIVERY ORDER,2025-12-12,565.4524,555.8058,1.74,555.2898,2025-12-18,4,-1.8,764.6547,2026-03-02,52,35.23,37.7,14.0,19.0,23.0,30.0,52.0,,,1.06,-0.98,-0.23,1.81,1.41,7.29,14.63,20.95,29.33,29.64,1.26
ACN,ACCENTURE FEDERAL SERVICES LLC,SP470124F0139,2025-09-08,0.0,Department of Defense,Defense Logistics Agency,BPA CALL,2025-09-08,250.4099,249.8024,0.24,227.8645,2025-09-25,13,-9.0,282.7142,2026-01-14,89,12.9,24.07,61.0,85.0,,,,,,-1.4,-4.47,-6.93,-5.61,-6.1,-6.5,-1.7,-5.24,-4.31,2.13,12.6
BA,THE BOEING COMPANY,W58RGZ26F0012,2026-01-14,4071139.0,Department of Defense,Department of the Army,DELIVERY ORDER,2026-01-14,242.61,244.55,-0.79,189.21,2026-03-30,51,-22.01,252.15,2026-01-23,6,3.93,33.26,,,,,,,,2.11,2.63,3.63,2.4,-3.53,-2.75,0.14,-6.22,-19.57,-8.44,-9.77
NOC,NORTHROP GRUMMAN SYSTEMS CORPORATION,N0010423FZJ02,2025-11-18,0.0,Department of Defense,Department of the Navy,DELIVERY ORDER,2025-11-18,560.2045,556.5176,0.66,541.3857,2025-12-01,8,-3.36,764.6547,2026-03-02,69,36.5,41.24,31.0,36.0,38.0,46.0,62.0,,,-0.31,-0.01,0.47,0.97,-1.98,-2.45,-0.88,3.75,17.1,24.21,21.25
TXT,BELL TEXTRON INC,N0038326FNA00,2026-01-08,0.0,Department of Defense,Department of the Navy,DELIVERY ORDER,2026-01-08,91.6704,88.5418,3.53,85.9317,2026-03-30,55,-6.26,100.7265,2026-02-20,29,9.88,17.22,8.0,,,,,,,2.31,1.95,2.02,1.58,3.59,-4.24,4.1,7.73,0.19,-4.37,-3.83
CACI,"CACI, INC. - FEDERAL",FA875023F0080,2025-12-22,18813577.0,Department of Defense,Department of the Air Force,DELIVERY ORDER,2025-12-22,550.0,556.61,-1.19,501.9,2026-04-27,85,-8.75,662.19,2026-01-23,21,20.4,31.94,11.0,15.0,17.0,21.0,,,,-0.99,-1.46,-2.0,-2.29,2.33,9.92,20.4,8.79,10.94,10.25,-6.62
GD,"GENERAL DYNAMICS INFORMATION TECHNOLOGY, INC.",0142,2025-12-04,-1126598.87,Department of Defense,Department of the Army,DELIVERY ORDER,2025-12-04,337.2521,333.6792,1.07,329.9188,2025-12-09,3,-2.17,364.0791,2026-01-16,29,7.95,10.35,21.0,,,,,,,-1.28,-2.17,-0.06,-0.3,-1.28,1.08,5.56,5.54,5.44,7.58,-1.13
BAH,BOOZ ALLEN HAMILTON INC,75FCMC23F0001,2025-12-16,2656097.0,Department of Health and Human Services,Centers for Medicare and Medicaid Services,DELIVERY ORDER,2025-12-16,84.12,90.493,-7.04,73.705,2026-02-23,45,-12.38,100.6977,2026-01-23,25,19.71,36.62,13.0,15.0,25.0,,,,,1.35,-0.16,-0.88,-0.01,-1.22,5.69,14.05,3.54,-12.38,-10.61,-10.04
LMT,LOCKHEED MARTIN CORPORATION,N0001919C0013,2025-09-02,0.0,Department of Defense,Department of the Navy,DEFINITIVE CONTRACT,2025-09-02,443.8305,443.6638,0.04,434.0461,2025-12-01,63,-2.2,536.5611,2026-01-09,90,20.89,23.62,14.0,20.0,87.0,90.0,,,,-0.76,2.52,1.01,4.03,4.82,6.16,10.28,11.64,7.18,-0.02,20.89
BA,THE BOEING COMPANY,FA813424F4201,2026-04-01,-33383.02,Department of Defense,Defense Contract Management Agency,DELIVERY ORDER,2026-04-01,207.32,199.03,4.17,204.8,2026-07-21,75,-1.22,240.6,2026-05-13,29,16.05,17.48,4.0,14.0,29.0,,,,,0.43,1.29,6.15,7.15,5.58,11.56,9.68,10.56,3.92,3.55,12.5
LMT,LOCKHEED MARTIN CORP,FA862525FB002,2025-09-23,1040713.0,Department of Defense,Department of the Air Force,DELIVERY ORDER,2025-09-23,477.3458,471.1862,1.31,434.0461,2025-12-01,48,-9.07,628.551,2026-02-02,90,31.68,44.81,9.0,75.0,77.0,80.0,89.0,,,-0.09,0.16,2.58,2.61,5.01,3.53,0.1,-0.35,-7.04,-1.7,31.68
LMT,LOCKHEED MARTIN CORPORATION,N0001924C0039,2026-03-31,561092921.0,Department of Defense,Department of the Navy,DEFINITIVE CONTRACT,2026-03-31,600.4591,594.6769,0.97,491.64,2026-06-24,58,-18.12,633.7512,2026-04-06,3,5.54,28.91,3.0,,,,,,,2.19,5.54,3.99,1.54,1.11,-5.37,-14.3,-13.97,-13.56,-15.5,0.45
CACI,CACI INTERNATIONAL INC,FA873022F0038,2026-03-30,0.0,Department of Defense,Department of the Air Force,DELIVERY ORDER,2026-03-30,558.48,563.67,-0.92,440.76,2026-07-21,77,-21.08,644.43,2026-08-07,90,15.39,46.21,89.0,89.0,90.0,,,,,-2.62,3.07,1.9,0.85,-4.46,-6.52,-9.93,-10.62,-5.45,-20.63,15.39
BAH,BOOZ ALLEN HAMILTON INC,47QFMA25F0012,2025-09-29,2217352.71,General Services Administration,Federal Acquisition Service,BPA CALL,2025-09-29,96.7716,96.9575,-0.19,78.7024,2025-11-20,38,-18.67,101.8113,2025-10-07,6,5.21,29.36,4.0,,,,,,,1.07,4.27,4.8,4.09,-2.63,-0.86,-13.48,-11.72,-16.9,-13.84,-9.4
GD,"GENERAL DYNAMICS MISSION SYSTEMS, INC.",FA205725CB002,2026-01-20,7000000.0,Department of Defense,Department of the Air Force,DEFINITIVE CONTRACT,2026-01-20,355.9429,364.0791,-2.23,311.1606,2026-04-27,67,-12.58,363.3259,2026-01-27,5,2.07,16.76,,,,,,,,1.56,1.14,2.07,-2.57,-1.07,0.26,-1.34,1.94,-1.86,-6.32,-2.99
NOC,NORTHROP GRUMMAN SYSTEMS CORPORATION,M6785416C0211,2026-01-07,-0.36,Department of Defense,Department of the Navy,DEFINITIVE CONTRACT,2026-01-07,572.6476,605.9935,-5.5,538.3207,2026-05-15,89,-5.99,764.6547,2026-03-02,36,33.53,42.04,2.0,5.0,7.0,15.0,36.0,,,2.39,9.07,13.19,15.58,16.19,19.43,22.89,25.4,27.56,20.97,-4.38
HON,"HONEYWELL FEDERAL MANUFACTURING & TECHNOLOGIES, LLC",DENA0002839,2026-04-02,0.0,Department of Energy,Department of Energy,DEFINITIVE CONTRACT,2026-04-02,239.3245,238.0207,0.55,215.9203,2026-06-10,47,-9.78,249.4599,2026-05-29,39,4.24,15.53,,,,,,,,-0.54,1.32,2.44,1.65,1.79,-6.59,-8.66,-6.55,-7.19,-6.45,-1.66
SATL,SATELLITE SERVICES INC,47QFRA25F0009,2025-12-22,0.0,General Services Administration,Federal Acquisition Service,BPA CALL,2025-12-22,2.14,2.06,3.88,1.85,2025-12-30,5,-13.55,7.55,2026-04-13,75,252.8,308.11,8.0,10.0,11.0,11.0,11.0,13.0,20.0,-5.61,-6.31,-13.55,-8.41,12.15,66.82,145.33,58.41,40.19,67.76,229.91
BAH,BOOZ ALLEN HAMILTON INC,HC102824F2000,2026-02-24,257108.05,Department of Defense,Defense Information Systems Agency,DELIVERY ORDER,2026-02-24,75.1342,73.705,1.94,59.71,2026-06-25,84,-20.53,83.4516,2026-04-07,29,11.07,39.76,2.0,28.0,,,,,,-0.78,4.13,4.62,5.42,2.4,0.08,5.84,7.79,0.99,2.31,-17.07
GD,"GENERAL DYNAMICS INFORMATION TECHNOLOGY, INC.",FA862925FB020,2025-12-17,1053731.67,Department of Defense,Department of the Air Force,DELIVERY ORDER,2025-12-17,332.031,333.0969,-0.32,311.1606,2026-04-27,88,-6.29,364.0791,2026-01-16,20,9.65,17.01,11.0,,,,,,,0.28,2.61,2.67,1.21,2.08,4.47,7.2,3.38,4.82,6.34,1.57
LDOS,"LEIDOS, INC.",W519TC25C0029,2026-01-29,0.0,Department of Defense,Department of the Army,DEFINITIVE CONTRACT,2026-01-29,186.0698,186.6463,-0.31,122.3678,2026-06-08,89,-34.24,193.5547,2026-02-10,8,4.02,58.17,,,,,,,,0.58,1.39,-0.59,3.95,-8.41,-5.83,-4.16,-7.12,-14.6,-22.75,-33.85
LDOS,"LEIDOS, INC.",FA807524F0036,2025-08-15,526000.0,Department of Defense,Department of the Air Force,DELIVERY ORDER,2025-08-15,175.7835,176.5851,-0.45,175.7835,2025-08-15,0,0.0,197.9062,2025-11-04,56,12.59,12.59,23.0,34.0,,,,,,0.28,1.42,2.31,2.66,1.85,0.77,3.01,4.72,7.47,11.07,5.36
HII,HUNTINGTON INGALLS INCORPORATED,N0002425C4229,2025-09-17,266922.0,Department of Defense,Department of the Navy,DEFINITIVE CONTRACT,2025-09-17,269.2558,269.9772,-0.27,268.0601,2025-09-25,6,-0.44,422.7474,2026-01-16,84,57.01,57.71,9.0,27.0,31.0,60.0,67.0,81.0,,0.82,1.36,1.85,2.32,4.97,4.74,3.74,9.53,13.68,20.44,55.86
LMT,LOCKHEED MARTIN CORPORATION,H9225419F2303,2025-09-26,-59.82,Department of Defense,U.S. Special Operations Command,DELIVERY ORDER,2025-09-26,478.1011,475.0605,0.64,434.0461,2025-12-01,45,-9.21,628.551,2026-02-02,87,31.47,44.81,6.0,72.0,74.0,77.0,86.0,,,0.93,2.37,3.5,4.85,3.61,1.19,-0.11,-5.97,-9.21,-0.04,25.92
IBM,INTERNATIONAL BUSINESS MACHINES CORPORATION,HQ072724F4001,2026-03-19,4535817.33,Department of Defense,Defense Microelectronics Activity,DELIVERY ORDER,2026-03-19,246.7705,247.9829,-0.49,204.3044,2026-07-22,85,-17.21,326.8851,2026-06-02,51,32.47,60.0,48.0,49.0,49.0,50.0,51.0,,,-3.43,-3.91,-3.47,-5.24,-0.88,-5.27,1.33,-7.26,2.13,8.12,-8.89
LMT,LOCKHEED MARTIN CORP,FA862920F7173,2025-12-17,0.0,Department of Defense,Department of the Air Force,DELIVERY ORDER,2025-12-17,469.2291,471.4725,-0.48,464.6335,2025-12-18,1,-0.98,672.2988,2026-03-02,49,43.28,44.69,11.0,15.0,16.0,18.0,28.0,,,-0.98,1.85,2.31,2.97,4.69,9.19,21.33,33.95,39.94,34.73,7.94
NOC,NORTHROP GRUMMAN SYSTEMS CORPORATION,W58RGZ17C0014,2025-09-09,0.0,Department of Defense,Department of the Army,DEFINITIVE CONTRACT,2025-09-09,565.0182,575.1694,-1.76,541.3857,2025-12-01,58,-4.18,661.858,2026-01-16,90,17.14,22.25,15.0,21.0,90.0,,,,,1.44,0.76,1.35,0.37,0.95,3.91,11.6,4.85,-0.86,-2.81,17.14
NOC,NORTHROP GRUMMAN SYSTEMS CORPORATION,SPRBL126F0035,2026-01-20,0.0,Department of Defense,Defense Logistics Agency,DELIVERY ORDER,2026-01-20,652.3305,661.858,-1.44,538.3207,2026-05-15,81,-17.48,764.6547,2026-03-02,28,17.22,42.04,7.0,20.0,28.0,,,,,1.04,2.38,3.26,5.79,7.25,6.2,12.11,15.05,5.5,2.68,-13.97
GD,"GENERAL DYNAMICS MISSION SYSTEMS, INC.",N0003020C0005,2026-03-31,-4403261.73,Department of Defense,Department of the Navy,DEFINITIVE CONTRACT,2026-03-31,340.1362,337.728,0.71,311.1606,2026-04-27,18,-8.52,395.97,2026-08-10,88,16.42,27.26,50.0,65.0,79.0,,,,,2.13,2.38,1.98,-1.9,-0.81,-4.72,0.78,-0.08,-0.04,1.49,15.9
NOC,NORTHROP GRUMMAN SYSTEMS CORPORATION,HC102823F2000,2026-02-05,388199.95,Department of Defense,Defense Information Systems Agency,DELIVERY ORDER,2026-02-05,691.2341,684.5352,0.98,526.06,2026-06-03,81,-23.9,764.6547,2026-03-02,16,10.62,45.36,9.0,16.0,,,,,,1.81,-1.65,-0.21,0.66,3.89,2.39,7.64,1.83,-1.87,-18.33,-20.26
HII,HUNTINGTON INGALLS INC,N0002415C2114,2025-10-08,1875757.0,Department of Defense,Department of the Navy,DEFINITIVE CONTRACT,2025-10-08,287.4098,282.0239,1.91,276.7269,2025-10-17,7,-3.72,426.4597,2026-02-03,80,48.38,54.11,16.0,17.0,51.0,52.0,63.0,,,-1.61,-1.01,-2.02,-3.72,-2.47,2.86,5.02,6.5,12.84,25.53,46.74
LMT,LOCKHEED MARTIN CORPORATION,W31P4Q25C0007,2025-12-08,16299990.93,Department of Defense,Department of the Army,DEFINITIVE CONTRACT,2025-12-08,459.9293,446.9037,2.91,459.9293,2025-12-08,0,0.0,672.2988,2026-03-02,56,46.17,46.17,14.0,19.0,22.0,25.0,35.0,,,0.32,2.04,4.09,2.02,3.91,5.05,11.4,27.62,36.97,45.11,25.56
BA,THE BOEING COMPANY,FA821424F0001,2025-12-02,0.0,Department of Defense,Department of the Air Force,DELIVERY ORDER,2025-12-02,205.38,186.46,10.15,189.21,2026-03-30,80,-7.87,252.15,2026-01-23,35,22.77,33.26,14.0,21.0,27.0,30.0,,,,-1.38,-1.7,-2.44,-2.27,0.65,5.58,10.9,20.63,18.33,11.86,8.95
GD,"GENERAL DYNAMICS-OTS, INC.",W31P4Q14C0154,2026-02-10,0.0,Department of Defense,Department of the Army,DEFINITIVE CONTRACT,2026-02-10,355.6059,356.8645,-0.35,311.1606,2026-04-27,52,-12.5,362.8304,2026-03-04,15,2.03,16.61,,,,,,,,-3.48,-3.12,-2.6,-2.07,-4.37,1.64,-1.0,-1.76,-6.23,-2.63,-3.87
BAH,BOOZ ALLEN HAMILTON INC,N0042122F3001,2025-11-07,314897.49,Department of Defense,Department of the Navy,DELIVERY ORDER,2025-11-07,85.5767,83.7369,2.2,73.705,2026-02-23,71,-13.87,100.6977,2026-01-23,51,17.67,36.62,20.0,42.0,51.0,,,,,-0.17,-2.97,-4.57,-6.81,-7.02,-3.94,4.2,-0.45,10.9,-2.72,-7.27
LDOS,"LEIDOS, INC.",47QFMA25F0015,2026-01-26,215000.0,General Services Administration,Federal Acquisition Service,BPA CALL,2026-01-26,188.3659,190.0856,-0.9,122.6069,2026-05-21,81,-34.91,193.5547,2026-02-10,11,2.75,57.87,,,,,,,,-1.24,-1.22,-0.77,-0.56,2.68,-6.97,-10.35,-8.97,-17.73,-20.27,-34.1
BA,THE BOEING COMPANY,W58RGZ16C0051,2025-09-03,0.0,Department of Defense,Department of the Army,DEFINITIVE CONTRACT,2025-09-03,232.38,237.38,-2.11,179.12,2025-11-24,58,-22.92,239.81,2026-01-12,90,3.2,33.88,,,,,,,,-0.7,-0.62,-2.09,-7.07,-7.64,-6.9,-6.43,-7.91,-14.96,-19.56,3.2
LMT,LOCKHEED MARTIN CORPORATION,N0002418C6258,2026-02-20,357385.0,Department of Defense,Department of the Navy,DEFINITIVE CONTRACT,2026-02-20,650.5502,658.7036,-1.24,491.64,2026-06-24,85,-24.43,672.2988,2026-03-02,6,3.34,36.75,,,,,,,,0.36,-1.63,-0.03,1.99,2.59,-0.3,-5.89,-2.58,-21.6,-19.32,-19.79
LMT,LOCKHEED MARTIN CORPORATION,H9225425F2913,2025-09-23,3175391.77,Department of Defense,U.S. Special Operations Command,DELIVERY ORDER,2025-09-23,477.3458,471.1862,1.31,434.0461,2025-12-01,48,-9.07,628.551,2026-02-02,90,31.68,44.81,9.0,75.0,77.0,80.0,89.0,,,-0.09,0.16,2.58,2.61,5.01,3.53,0.1,-0.35,-7.04,-1.7,31.68
GD,GENERAL DYNAMICS INFORMATION TECHNOLOGY INC.,0004,2025-09-15,0.0,Department of Defense,Defense Contract Management Agency,DELIVERY ORDER,2025-09-15,321.3115,320.4958,0.25,317.0663,2025-09-22,5,-1.32,364.0791,2026-01-16,86,13.31,14.83,14.0,78.0,,,,,,-0.18,-0.74,-1.32,-1.03,1.59,5.09,3.06,8.67,4.99,2.68,12.04
BA,THE BOEING COMPANY,FA210322F3002,2025-12-02,0.0,Department of Defense,Department of the Air Force,DELIVERY ORDER,2025-12-02,205.38,186.46,10.15,189.21,2026-03-30,80,-7.87,252.15,2026-01-23,35,22.77,33.26,14.0,21.0,27.0,30.0,,,,-1.38,-1.7,-2.44,-2.27,0.65,5.58,10.9,20.63,18.33,11.86,8.95
BAH,BOOZ ALLEN HAMILTON INC,FA807525F0035,2025-12-01,0.0,Department of Defense,Department of the Air Force,DELIVERY ORDER,2025-12-01,81.2044,82.2091,-1.22,73.705,2026-02-23,56,-9.24,100.6977,2026-01-23,36,24.01,36.62,3.0,5.0,27.0,36.0,,,,-0.97,6.32,10.8,12.83,11.44,3.42,2.33,16.87,2.52,-3.65,-0.01
HON,"HONEYWELL FEDERAL MANUFACTURING & TECHNOLOGIES, LLC",DENA0002839,2026-02-27,26351514.99,Department of Energy,Department of Energy,DEFINITIVE CONTRACT,2026-02-27,254.073,250.0052,1.63,215.9203,2026-06-10,71,-15.02,258.7145,2026-03-02,1,1.83,19.82,,,,,,,,1.83,0.98,-3.41,-1.22,-3.73,-5.98,-8.26,-4.08,-13.96,-4.35,-12.06
BAH,BOOZ ALLEN HAMILTON INC,HR001122F0003,2025-09-11,55000.0,Department of Defense,Defense Advanced Research Projects Agency,DELIVERY ORDER,2025-09-11,101.6156,100.3043,1.31,78.7024,2025-11-20,50,-22.55,102.3789,2025-09-12,1,0.75,30.08,,,,,,,,0.75,-1.94,-2.53,-3.9,-6.08,-1.19,-6.45,-3.42,-18.9,-14.69,-7.36
BAH,BOOZ ALLEN HAMILTON INC,47QFEA25F0005,2025-10-20,6783047.0,General Services Administration,Federal Acquisition Service,DELIVERY ORDER,2025-10-20,98.7875,95.9398,2.97,73.705,2026-02-23,85,-25.39,100.6977,2026-01-23,65,1.93,36.62,,,,,,,,-0.3,-0.65,-14.28,-17.95,-15.3,-13.37,-19.27,-18.6,-15.6,-3.17,-21.82
LMT,LOCKHEED MARTIN CORPORATION,W56KGY23F0001,2025-09-10,0.0,Department of Defense,Department of the Army,DELIVERY ORDER,2025-09-10,454.9827,448.3031,1.49,434.0461,2025-12-01,57,-4.6,575.6083,2026-01-16,89,26.51,32.61,12.0,18.0,84.0,86.0,,,,1.48,2.02,1.99,1.96,4.82,7.62,9.46,5.02,-1.47,-2.61,25.13
BAH,BOOZ ALLEN HAMILTON INC,W91QF426CA001,2026-02-25,561801.0,Department of Defense,Department of the Army,DEFINITIVE CONTRACT,2026-02-25,74.5486,75.1342,-0.78,59.71,2026-06-25,83,-19.9,83.4516,2026-04-07,28,11.94,39.76,1.0,26.0,,,,,,6.2,3.59,4.31,9.03,1.11,2.68,6.95,5.88,3.54,1.65,-15.08
BA,BELL BOEING JOINT PROJECT OFFICE,N0001924F2586,2025-12-17,565226.0,Department of Defense,Department of the Navy,DELIVERY ORDER,2025-12-17,206.33,206.71,-0.18,189.21,2026-03-30,69,-8.3,252.15,2026-01-23,24,22.21,33.26,3.0,10.0,16.0,19.0,,,,0.94,5.09,5.73,5.29,10.39,10.2,20.68,12.94,13.11,2.18,8.62
HII,HUNTINGTON INGALLS INCORPORATED,N0002421C4205,2025-09-30,1202.0,Department of Defense,Department of the Navy,DEFINITIVE CONTRACT,2025-09-30,284.5241,276.2427,3.0,276.7269,2025-10-17,13,-2.74,426.4597,2026-02-03,86,49.89,54.11,22.0,22.0,57.0,58.0,69.0,,,-0.66,-1.27,-0.88,-0.61,1.4,-0.74,3.65,12.6,7.88,24.0,41.58
LDOS,"LEIDOS, INC.",FA873024FB003,2025-11-24,600000.0,Department of Defense,Department of the Air Force,DELIVERY ORDER,2025-11-24,185.2712,184.9538,0.17,153.6473,2026-03-30,85,-17.07,197.153,2026-01-09,31,6.41,28.32,28.0,,,,,,,2.51,2.3,0.14,3.0,-1.0,-0.23,0.13,4.74,1.02,-7.72,-14.55
LMT,LOCKHEED MARTIN CORPORATION,N0001921C0020,2025-09-04,0.0,Department of Defense,Defense Contract Management Agency,DEFINITIVE CONTRACT,2025-09-04,448.0971,440.4564,1.73,434.0461,2025-12-01,61,-3.14,551.761,2026-01-13,90,23.13,27.12,12.0,21.0,85.0,89.0,,,,1.54,0.05,3.04,3.59,3.67,6.44,10.43,7.97,2.64,0.22,23.13
CACI,"CACI, INC. - FEDERAL",47QFCA19F0006,2025-11-07,1730169.0,General Services Administration,Federal Acquisition Service,DELIVERY ORDER,2025-11-07,589.25,584.4,0.83,532.81,2025-12-31,36,-9.58,662.19,2026-01-23,51,12.38,24.28,46.0,50.0,,,,,,0.44,-0.44,0.27,1.36,1.81,4.73,-0.01,-6.66,3.75,1.54,2.91
LDOS,"LEIDOS, INC.",75A50323F80001,2026-02-17,0.0,Department of Health and Human Services,Office of Assistant Secretary for Preparedness and Response,DELIVERY ORDER,2026-02-17,160.5633,175.2449,-8.38,100.0,2026-06-25,89,-37.72,179.5689,2026-03-03,10,11.84,79.57,1.0,9.0,,,,,,6.19,7.41,7.8,8.87,11.84,11.15,3.49,-3.48,-6.47,-22.94,-36.62
HII,HUNTINGTON INGALLS INCORPORATED,N0002416C2427,2025-11-03,0.0,Department of Defense,Department of the Navy,DEFINITIVE CONTRACT,2025-11-03,313.8057,318.2329,-1.39,298.2804,2025-11-20,13,-4.95,451.7788,2026-03-02,80,43.97,51.46,33.0,34.0,43.0,46.0,48.0,,,-0.52,-3.81,0.35,0.11,-2.46,-3.79,-2.19,3.37,19.71,33.01,32.18
PLTR,PALANTIR USG INC,N0018926FZ079,2026-03-05,0.0,Department of Defense,Department of the Navy,DELIVERY ORDER,2026-03-05,152.67,153.19,-0.34,107.27,2026-06-25,77,-29.74,160.84,2026-03-23,12,5.35,49.94,12.0,,,,,,,2.94,-1.0,0.54,0.03,1.97,1.5,-3.1,-4.11,-9.74,5.23,-12.39
CACI,"CACI, INC. - FEDERAL",80TECH24CA002,2026-01-21,3811301.72,National Aeronautics and Space Administration,National Aeronautics and Space Administration,DEFINITIVE CONTRACT,2026-01-21,632.56,629.14,0.54,480.99,2026-05-08,75,-23.96,662.19,2026-01-23,2,4.68,37.67,,,,,,,,3.62,1.62,0.9,-1.89,-4.34,-1.07,-7.36,-3.17,-8.33,-16.66,-17.02
LDOS,"LEIDOS, INC.",70T04025C7672N001,2025-11-24,0.0,Department of Homeland Security,Transportation Security Administration,DEFINITIVE CONTRACT,2025-11-24,185.2712,184.9538,0.17,153.6473,2026-03-30,85,-17.07,197.153,2026-01-09,31,6.41,28.32,28.0,,,,,,,2.51,2.3,0.14,3.0,-1.0,-0.23,0.13,4.74,1.02,-7.72,-14.55
LMT,LOCKHEED MARTIN CORPORATION,W31P4Q23C0006,2026-03-17,0.0,Department of Defense,Department of the Army,DEFINITIVE CONTRACT,2026-03-17,632.1913,641.0037,-1.37,491.64,2026-06-24,68,-22.23,638.1027,2026-03-18,1,0.94,29.79,,,,,,,,0.94,-1.4,-4.11,-1.41,-5.02,-1.36,-4.53,-19.88,-17.87,-13.21,-8.26
LMT,LOCKHEED MARTIN CORPORATION,H9225426FE030,2026-01-30,0.0,Department of Defense,U.S. Special Operations Command,DELIVERY ORDER,2026-01-30,626.7917,615.2189,1.88,503.2157,2026-05-08,68,-19.72,672.2988,2026-03-02,20,7.26,33.6,13.0,,,,,,,0.28,-4.96,-1.68,-0.73,2.89,3.79,5.85,2.27,-0.51,-18.8,-16.24
LDOS,"LEIDOS, INC.",FA873018C0011,2025-08-21,0.0,Department of Defense,Department of the Air Force,DEFINITIVE CONTRACT,2025-08-21,178.5643,178.2873,0.16,175.8627,2025-09-03,8,-1.51,197.9062,2025-11-04,52,10.83,12.53,28.0,33.0,,,,,,0.72,1.06,0.51,0.25,-0.8,2.6,4.34,8.63,5.51,6.31,2.07
LDOS,"LEIDOS, INC.",31310022F0113,2025-12-17,106000.0,Nuclear Regulatory Commission,Nuclear Regulatory Commission,BPA CALL,2025-12-17,180.2747,181.0699,-0.44,143.7323,2026-04-27,88,-20.27,197.153,2026-01-09,15,9.36,37.17,11.0,,,,,,,-0.09,2.58,2.91,2.28,1.16,7.64,5.27,3.68,-3.99,-6.6,-19.35
GD,"GENERAL DYNAMICS INFORMATION TECHNOLOGY, INC.",W519TC24F0285,2026-01-13,0.0,Department of Defense,Department of the Army,DELIVERY ORDER,2026-01-13,358.571,356.2417,0.65,311.1606,2026-04-27,71,-13.22,364.0791,2026-01-16,3,1.54,17.01,,,,,,,,0.74,1.54,0.82,0.4,-1.42,-1.8,-5.82,-3.07,-3.37,-6.94,-4.79
PSN,AMENTUM PARSONS LOGISTICS SERVICES LLC,W52P1J19F0373,2026-02-26,25000.0,Department of Defense,Department of the Army,DELIVERY ORDER,2026-02-26,66.31,65.18,1.73,47.05,2026-06-25,82,-29.05,67.86,2026-03-02,2,2.34,44.23,,,,,,,,-0.47,0.53,-1.3,-5.67,-14.33,-22.92,-20.81,-15.53,-23.28,-19.0,-14.6
CACI,"CACI TECHNOLOGIES, LLC",W56KGU22F0015,2026-02-13,100000.0,Department of Defense,Department of the Army,DELIVERY ORDER,2026-02-13,573.3,561.39,2.12,443.26,2026-06-25,90,-22.68,633.21,2026-03-09,15,10.45,42.85,9.0,15.0,,,,,,-1.53,3.12,-0.4,2.92,9.01,7.45,6.91,-2.59,-9.58,-12.93,-22.68
LDOS,"LEIDOS, INC.",FA945119C0007,2025-12-02,250000.0,Department of Defense,Department of the Air Force,DEFINITIVE CONTRACT,2025-12-02,185.5291,186.8679,-0.72,152.3419,2026-04-10,88,-17.89,197.153,2026-01-09,26,6.27,29.41,23.0,,,,,,,0.73,-0.13,-1.13,1.85,-2.4,-0.32,-1.7,3.6,3.4,-3.88,-16.12
BA,THE BOEING COMPANY,FA852620F0001,2025-09-16,-352677.32,Department of Defense,Defense Contract Management Agency,DELIVERY ORDER,2025-09-16,215.02,215.75,-0.34,179.12,2025-11-24,49,-16.7,252.15,2026-01-23,89,17.27,40.77,75.0,81.0,84.0,,,,,-0.18,0.29,0.61,-0.69,0.38,2.19,-0.47,3.86,-11.81,-7.58,15.54
BAH,BOOZ ALLEN HAMILTON INC,HR001122F0066,2025-09-17,1770041.0,Department of Defense,Defense Advanced Research Projects Agency,DELIVERY ORDER,2025-09-17,99.404,99.6486,-0.25,78.7024,2025-11-20,46,-20.83,101.8113,2025-10-07,14,2.42,29.36,,,,,,,,-0.36,-1.76,-2.26,-2.46,1.0,2.42,-4.23,-18.46,-20.3,-6.48,-11.25
NOC,NORTHROP GRUMMAN SYSTEMS CORPORATION,N0003019C0015,2026-01-16,0.0,Department of Defense,Department of the Navy,DEFINITIVE CONTRACT,2026-01-16,661.858,649.6609,1.88,538.3207,2026-05-15,82,-18.67,764.6547,2026-03-02,29,15.53,42.04,11.0,22.0,29.0,,,,,-1.44,0.53,-0.89,3.33,2.72,6.33,8.69,14.19,2.62,2.08,-15.87
LMT,LOCKHEED MARTIN CORPORATION,N0002425F5211,2026-01-27,5592963.0,Department of Defense,Department of the Navy,DELIVERY ORDER,2026-01-27,587.9818,574.8474,2.28,503.2157,2026-05-08,71,-14.42,672.2988,2026-03-02,23,14.34,33.6,3.0,16.0,,,,,,0.39,6.6,5.6,2.39,5.82,9.18,7.85,9.74,4.36,-10.48,-10.92
NOC,NORTHROP GRUMMAN SYSTEMS CORPORATION,FA852317C0010,2026-04-02,-34641.48,Department of Defense,Defense Contract Management Agency,DEFINITIVE CONTRACT,2026-04-02,699.4217,693.9458,0.79,496.02,2026-06-29,59,-29.08,699.4217,2026-04-02,0,0.0,41.01,,,,,,,,-0.96,-2.14,-4.1,-3.18,-5.3,-16.35,-19.29,-23.03,-22.68,-27.18,-17.48
LMT,RAYTHEON/LOCKHEED MARTIN JAVELIN JV,W31P4Q19C0076,2025-11-10,0.0,Department of Defense,Department of the Army,DEFINITIVE CONTRACT,2025-11-10,443.4381,449.5684,-1.36,434.0461,2025-12-01,14,-2.12,672.2988,2026-03-02,75,51.61,54.89,6.0,36.0,38.0,41.0,48.0,75.0,,1.1,0.83,4.13,3.94,-0.23,-2.12,4.29,7.55,28.79,38.98,38.07
BA,THE BOEING COMPANY,FA813425FB002,2026-02-17,0.0,Department of Defense,Department of the Air Force,DELIVERY ORDER,2026-02-17,244.04,242.96,0.44,189.21,2026-03-30,29,-22.47,244.04,2026-02-17,0,0.0,28.98,,,,,,,,-2.09,-4.92,-4.36,-5.99,-8.16,-7.8,-15.59,-18.44,-5.23,-1.41,-10.98
LDOS,"LEIDOS, INC.",W911NF24F0038,2026-01-28,1800000.0,Department of Defense,Department of the Army,DELIVERY ORDER,2026-01-28,186.6463,186.03,0.33,122.3678,2026-06-08,90,-34.44,193.5547,2026-02-10,9,3.7,58.17,,,,,,,,-0.31,0.14,0.36,2.78,-7.87,-8.65,-6.75,-7.43,-15.21,-22.02,-34.44
BA,"BOEING AEROSPACE OPERATIONS, INC.",W9124G21F0091,2026-03-24,232350.0,Department of Defense,Department of the Army,DELIVERY ORDER,2026-03-24,196.42,198.41,-1.0,189.21,2026-03-30,4,-3.67,240.6,2026-05-13,35,22.49,27.16,6.0,10.0,20.0,32.0,,,,1.62,-3.0,1.33,6.01,10.88,13.92,19.21,17.06,16.47,13.39,18.87
LMT,LOCKHEED MARTIN CORPORATION,FA823223F0096,2026-04-02,0.0,Department of Defense,Department of the Air Force,DELIVERY ORDER,2026-04-02,618.7394,613.6229,0.83,491.64,2026-06-24,56,-20.54,633.7512,2026-04-06,1,2.43,28.91,,,,,,,,2.43,0.92,-1.46,-1.8,-4.91,-14.93,-16.8,-17.15,-15.95,-17.66,-1.94
LDOS,"LEIDOS, INC.",47QFPA23F0014,2025-10-23,-10380.53,General Services Administration,Federal Acquisition Service,DELIVERY ORDER,2025-10-23,189.8134,186.9175,1.55,160.5633,2026-02-17,78,-15.41,197.9062,2025-11-04,8,4.26,23.26,,,,,,,,-0.75,-1.87,-0.25,0.87,1.76,0.85,-2.56,-2.39,-2.86,0.61,-8.01
BAH,BOOZ ALLEN HAMILTON INC,1605TA22F00025,2026-02-13,527500.0,Department of Labor,Office of the Assistant Secretary for Administration and Management,BPA CALL,2026-02-13,78.7272,76.762,2.56,59.71,2026-06-25,90,-24.16,83.4516,2026-04-07,35,6.0,39.76,34.0,,,,,,,-3.66,0.78,-6.38,-5.31,-1.9,3.24,-2.77,-0.47,2.12,-4.9,-24.16
GD,"GENERAL DYNAMICS ORDNANCE & TACTICAL SYSTEMS, INC.",W519TC24F0161,2025-12-29,0.0,Department of Defense,Department of the Army,DELIVERY ORDER,2025-12-29,336.048,337.7456,-0.5,311.1606,2026-04-27,81,-7.41,364.0791,2026-01-16,13,8.34,17.01,5.0,,,,,,,-0.3,0.86,5.94,3.22,6.7,5.92,3.2,2.14,6.37,4.77,2.67
BAH,BOOZ ALLEN HAMILTON INC,FA875021F1012,2025-08-14,0.0,Department of Defense,Department of the Air Force,DELIVERY ORDER,2025-08-14,105.8332,108.7005,-2.64,78.7024,2025-11-20,69,-25.64,108.3971,2025-08-27,9,2.42,37.73,,,,,,,,1.08,1.38,0.76,1.19,0.06,-4.58,-6.04,-8.39,-9.35,-19.14,-19.5
GD,"GENERAL DYNAMICS MISSION SYSTEMS, INC.",N0003024F1015,2026-03-18,4928765.0,Department of Defense,Department of the Navy,DELIVERY ORDER,2026-03-18,350.1851,353.0887,-0.82,311.1606,2026-04-27,27,-11.14,393.19,2026-07-28,90,12.28,26.36,73.0,88.0,,,,,,-1.06,-1.7,-0.24,-1.87,-0.8,-0.95,-4.39,-2.11,-3.7,2.41,12.28
LDOS,"LEIDOS, INC.",47QFCA24F0039,2025-12-19,25641455.0,General Services Administration,Federal Acquisition Service,DELIVERY ORDER,2025-12-19,183.5748,180.1057,1.93,143.7323,2026-04-27,86,-21.7,197.153,2026-01-09,13,7.4,37.17,9.0,,,,,,,0.74,1.06,0.44,-2.32,6.94,5.91,4.75,2.04,-4.78,-9.92,-19.0
BA,THE BOEING COMPANY,FA862116C6390,2025-11-18,0.0,Department of Defense,Department of the Air Force,DEFINITIVE CONTRACT,2025-11-18,189.63,191.81,-1.14,179.12,2025-11-24,4,-5.54,252.15,2026-01-23,44,32.97,40.77,9.0,22.0,25.0,30.0,39.0,,,-2.07,-5.24,-3.79,-0.33,6.81,5.66,9.83,20.11,31.01,28.69,4.96
LMT,LOCKHEED MARTIN CORPORATION,N0002420C5392,2026-02-06,2514500.0,Department of Defense,Department of the Navy,DEFINITIVE CONTRACT,2026-02-06,616.2764,602.045,2.36,503.2157,2026-05-08,63,-18.35,672.2988,2026-03-02,15,9.09,33.6,8.0,,,,,,,2.36,0.82,4.65,4.21,5.94,5.53,4.98,-0.65,-1.41,-17.96,-13.62
LMT,LOCKHEED MARTIN CORPORATION,W31P4Q20C0023,2025-09-30,-1185975.0,Department of Defense,Department of the Army,DEFINITIVE CONTRACT,2025-09-30,489.6455,482.5541,1.47,434.0461,2025-12-01,43,-11.36,630.8141,2026-02-09,90,28.83,45.33,67.0,71.0,73.0,81.0,,,,-0.04,1.06,2.38,1.71,1.2,1.34,-2.78,-8.44,-9.82,-1.96,28.83
GD,"GENERAL DYNAMICS INFORMATION TECHNOLOGY, INC.",75FCMC25FJ022,2025-08-15,4304151.0,Department of Health and Human Services,Centers for Medicare and Medicaid Services,DELIVERY ORDER,2025-08-15,308.2519,310.3646,-0.68,308.1437,2025-08-18,1,-0.04,349.165,2025-10-27,50,13.27,13.31,18.0,35.0,,,,,,-0.04,1.21,1.89,2.71,3.47,2.92,4.05,5.89,7.96,11.9,10.09
LMT,LOCKHEED MARTIN CORPORATION,FA873021C0022,2026-01-30,19351461.97,Department of Defense,Department of the Air Force,DEFINITIVE CONTRACT,2026-01-30,626.7917,615.2189,1.88,503.2157,2026-05-08,68,-19.72,672.2988,2026-03-02,20,7.26,33.6,13.0,,,,,,,0.28,-4.96,-1.68,-0.73,2.89,3.79,5.85,2.27,-0.51,-18.8,-16.24
LMT,LOCKHEED MARTIN CORPORATION,FA861122F0003,2025-12-17,804298.0,Department of Defense,Department of the Air Force,DELIVERY ORDER,2025-12-17,469.2291,471.4725,-0.48,464.6335,2025-12-18,1,-0.98,672.2988,2026-03-02,49,43.28,44.69,11.0,15.0,16.0,18.0,28.0,,,-0.98,1.85,2.31,2.97,4.69,9.19,21.33,33.95,39.94,34.73,7.94
LMT,LOCKHEED MARTIN CORPORATION,N0001424C1102,2026-01-06,1500000.0,Department of Defense,Department of the Navy,DEFINITIVE CONTRACT,2026-01-06,515.9257,505.5783,2.05,491.0505,2026-01-07,1,-4.82,672.2988,2026-03-02,37,30.31,36.91,4.0,7.0,16.0,17.0,37.0,,,-4.82,4.0,6.95,10.7,12.3,13.97,16.69,27.67,25.71,19.93,-0.63
LMT,LOCKHEED MARTIN CORPORATION,W56KGY22F0001,2025-12-23,0.0,Department of Defense,Department of the Army,DELIVERY ORDER,2025-12-23,476.8982,477.9062,-0.21,476.8982,2025-12-23,0,0.0,672.2988,2026-03-02,45,40.97,40.97,7.0,11.0,13.0,16.0,25.0,,,0.66,1.31,0.23,6.01,7.44,18.68,20.54,29.23,40.97,28.38,6.02
TXT,TEXTRON SYSTEMS CORP,N6931625F2000,2025-09-04,1334110.5,Department of Defense,Department of the Navy,DELIVERY ORDER,2025-09-04,81.2564,79.6279,2.05,79.3674,2025-10-30,40,-2.32,93.7895,2026-01-09,88,15.42,18.17,20.0,75.0,88.0,,,,,0.15,-0.98,1.12,1.13,3.21,1.78,6.81,0.42,-1.08,2.27,15.02
HII,HUNTINGTON INGALLS INCORPORATED,N0002418C2307,2025-09-15,8500000.0,Department of Defense,Department of the Navy,DEFINITIVE CONTRACT,2025-09-15,269.8092,271.4794,-0.62,268.0601,2025-09-25,8,-0.65,422.7474,2026-01-16,86,56.68,57.71,11.0,30.0,33.0,62.0,69.0,83.0,,0.06,0.61,1.15,1.64,2.38,4.11,6.93,10.5,13.45,15.87,53.99
BAH,BOOZ ALLEN HAMILTON INC,FA807522F0062,2026-03-26,0.0,Department of Defense,Department of the Air Force,DELIVERY ORDER,2026-03-26,79.7296,79.5212,0.26,59.71,2026-06-25,62,-25.11,83.4516,2026-04-07,7,4.67,39.76,,,,,,,,-2.29,-2.86,3.49,4.67,-2.69,2.94,-5.15,-4.1,4.63,-19.88,-2.29
BA,THE BOEING COMPANY,SPE4A526F5020,2026-04-01,1900587.5,Department of Defense,Defense Logistics Agency,DELIVERY ORDER,2026-04-01,207.32,199.03,4.17,204.8,2026-07-21,75,-1.22,240.6,2026-05-13,29,16.05,17.48,4.0,14.0,29.0,,,,,0.43,1.29,6.15,7.15,5.58,11.56,9.68,10.56,3.92,3.55,12.5
NOC,NORTHROP GRUMMAN SYSTEMS CORPORATION,N6133125F0169,2025-09-16,444000.0,Department of Defense,Department of the Navy,DELIVERY ORDER,2025-09-16,572.6587,567.8945,0.84,541.3857,2025-12-01,53,-5.46,667.8622,2026-01-23,89,16.62,23.36,10.0,16.0,85.0,,,,,-0.39,-1.09,-0.39,1.11,5.17,6.76,5.1,2.71,-2.17,-3.75,14.55
LDOS,"LEIDOS, INC.",N6893618F0634,2025-09-08,0.0,Department of Defense,Department of the Navy,DELIVERY ORDER,2025-09-08,176.5555,177.1393,-0.33,176.5555,2025-09-08,0,0.0,197.9062,2025-11-04,41,12.09,12.09,8.0,20.0,,,,,,0.35,3.77,2.64,3.25,5.53,3.86,10.66,7.0,10.59,5.08,8.86
NOC,NORTHROP GRUMMAN SYSTEMS CORPORATION,FA875023F0501,2025-09-24,0.0,Department of Defense,Department of the Air Force,DELIVERY ORDER,2025-09-24,579.4888,570.4052,1.59,541.3857,2025-12-01,47,-6.58,699.65,2026-02-03,90,20.74,29.23,8.0,77.0,83.0,90.0,,,,-0.09,1.32,3.27,3.97,8.82,6.94,3.32,-2.69,-3.27,-4.18,20.74
BA,THE BOEING COMPANY,N6833525C0661,2025-09-29,1179501.0,Department of Defense,Department of the Navy,DEFINITIVE CONTRACT,2025-09-29,217.08,221.26,-1.89,179.12,2025-11-24,40,-17.49,252.15,2026-01-23,80,16.16,40.77,67.0,72.0,78.0,,,,,-0.58,0.16,1.22,3.8,-0.7,-1.91,2.88,-10.26,-5.39,-0.11,11.95
BAH,BOOZ ALLEN HAMILTON INC,HR001122F0003,2025-09-08,318125.58,Department of Defense,Defense Advanced Research Projects Agency,DELIVERY ORDER,2025-09-08,99.5116,100.2553,-0.74,78.7024,2025-11-20,53,-20.91,102.3789,2025-09-12,4,2.88,30.08,,,,,,,,1.41,2.11,-0.07,-0.11,-1.87,-2.57,2.31,-0.73,-14.15,-19.19,-3.88
BA,THE BOEING COMPANY,FA300224F0100,2025-09-30,-2393823.0,Department of Defense,Department of the Air Force,DELIVERY ORDER,2025-09-30,215.83,217.08,-0.58,179.12,2025-11-24,39,-17.01,252.15,2026-01-23,79,16.83,40.77,65.0,71.0,76.0,,,,,-0.29,0.22,2.78,0.08,-0.71,0.46,-1.04,-9.55,-6.16,1.08,13.38
BA,THE BOEING COMPANY,FA882326FB003,2026-01-30,160538.0,Department of Defense,Department of the Air Force,DELIVERY ORDER,2026-01-30,233.72,234.04,-0.14,189.21,2026-03-30,40,-19.04,244.71,2026-02-09,6,4.7,29.33,,,,,,,,-0.3,0.95,3.98,3.8,3.95,-0.72,-4.11,-8.66,-10.15,-1.28,-10.58
GD,"GENERAL DYNAMICS INFORMATION TECHNOLOGY, INC.",FA862923F0040,2025-09-25,2436223.38,Department of Defense,Department of the Air Force,DELIVERY ORDER,2025-09-25,318.8057,318.0097,0.25,318.8057,2025-09-25,0,0.0,364.0791,2026-01-16,78,14.2,14.2,3.0,69.0,,,,,,1.82,5.11,5.12,6.8,5.65,2.8,8.59,5.35,5.76,5.06,9.85
KTOS,"KRATOS TECHNOLOGY & TRAINING SOLUTIONS, INC.",1332KP23PNEEB0014,2025-09-24,29272.68,Department of Commerce,National Oceanic and Atmospheric Administration,PURCHASE ORDER,2025-09-24,81.18,83.9,-3.24,67.31,2025-11-20,41,-17.09,130.72,2026-01-16,79,61.02,94.21,2.0,4.0,6.0,8.0,10.0,78.0,,3.72,8.5,14.51,18.49,30.17,17.39,10.03,-4.64,-6.66,-12.05,27.33
NOC,NORTHROP GRUMMAN SYSTEMS CORPORATION,N0001925C0130,2025-09-26,50000000.0,Department of Defense,Department of the Navy,DEFINITIVE CONTRACT,2025-09-26,587.6434,578.9946,1.49,541.3857,2025-12-01,45,-7.87,699.65,2026-02-03,88,19.06,29.23,8.0,75.0,84.0,,,,,-0.09,1.83,2.53,4.56,4.87,0.75,0.24,-4.36,-7.87,-1.26,17.63
ACN,ACCENTURE FEDERAL SERVICES LLC,70B04C23F00000074,2025-12-10,17371839.31,Department of Homeland Security,U.S. Customs and Border Protection,DELIVERY ORDER,2025-12-10,266.7238,264.088,1.0,177.3969,2026-04-10,82,-33.49,282.7142,2026-01-14,23,6.0,59.37,23.0,,,,,,,-0.68,0.9,0.56,0.01,-0.82,-1.44,3.21,3.12,-19.22,-25.93,-29.57
LMT,LOCKHEED MARTIN CORPORATION,FA865020F2507,2025-09-24,0.0,Department of Defense,Department of the Air Force,DELIVERY ORDER,2025-09-24,476.9339,477.3458,-0.09,434.0461,2025-12-01,47,-8.99,628.551,2026-02-02,89,31.79,44.81,8.0,74.0,76.0,79.0,88.0,,,-0.39,1.18,2.62,3.75,5.71,3.89,0.37,-2.7,-6.6,-2.58,30.19
NOC,NORTHROP GRUMMAN SYSTEMS CORPORATION,N3225324C0002,2026-02-05,322346.0,Department of Defense,Department of the Navy,DEFINITIVE CONTRACT,2026-02-05,691.2341,684.5352,0.98,526.06,2026-06-03,81,-23.9,764.6547,2026-03-02,16,10.62,45.36,9.0,16.0,,,,,,1.81,-1.65,-0.21,0.66,3.89,2.39,7.64,1.83,-1.87,-18.33,-20.26
GD,"GENERAL DYNAMICS-OTS, INC.",N0002422F5307,2026-01-21,0.0,Department of Defense,Defense Contract Management Agency,DELIVERY ORDER,2026-01-21,361.5025,355.9429,1.56,311.1606,2026-04-27,66,-13.93,363.3259,2026-01-27,4,0.5,16.76,,,,,,,,0.29,-0.34,-2.22,-3.75,-3.13,-1.63,-3.66,-1.12,-2.6,-7.38,-6.58
LMT,LOCKHEED MARTIN CORPORATION,W31P4Q18C0130,2025-09-17,0.0,Department of Defense,Department of the Army,DEFINITIVE CONTRACT,2025-09-17,464.0554,465.2324,-0.25,434.0461,2025-12-01,52,-6.47,587.9818,2026-01-27,90,26.71,35.47,9.0,76.0,79.0,82.0,,,,0.11,1.54,2.78,3.03,5.47,8.02,4.25,2.58,-0.68,1.13,26.71
LDOS,"LEIDOS, INC.",HC102820F0032,2025-09-12,678519.73,Department of Defense,Defense Information Systems Agency,DELIVERY ORDER,2025-09-12,181.9488,183.2056,-0.69,179.3204,2025-12-31,76,-1.44,197.9062,2025-11-04,37,8.77,10.36,14.0,,,,,,,-0.4,0.19,2.17,1.99,0.78,5.14,1.35,3.54,4.33,1.18,5.68
LDOS,"LEIDOS, INC.",DTFAWA16C00021,2025-08-24,1699311.02,Department of Transportation,Federal Aviation Administration,DEFINITIVE CONTRACT,2025-08-25,179.7222,179.8508,-0.07,175.8627,2025-09-03,6,-2.15,197.9062,2025-11-04,50,10.12,12.53,26.0,50.0,,,,,,0.41,-0.14,-0.4,-1.67,-1.42,0.84,3.41,8.71,3.64,4.36,1.47
ACN,ACCENTURE FEDERAL SERVICES LLC,19AQMM24F7394,2025-09-22,793476.13,Department of State,Department of State,BPA CALL,2025-09-22,235.1445,234.8604,0.12,227.8645,2025-09-25,3,-3.1,282.7143,2026-01-14,79,20.23,24.07,12.0,51.0,75.0,79.0,,,,-1.87,-3.1,2.92,1.55,3.41,0.4,4.38,3.52,1.51,13.35,9.85
CACI,"CACI, INC. - FEDERAL",N0017824F3000,2026-02-05,359153.0,Department of Defense,Department of the Navy,DELIVERY ORDER,2026-02-05,598.32,605.08,-1.12,480.99,2026-05-08,64,-19.61,637.27,2026-02-09,2,6.51,32.49,2.0,,,,,,,3.37,4.59,-6.17,-5.65,-2.05,-0.19,5.83,1.35,-9.77,-14.16,-15.69
NOC,NORTHROP GRUMMAN SYSTEMS CORP,FA852225F0009,2026-02-06,300000.0,Department of Defense,Department of the Air Force,DELIVERY ORDER,2026-02-06,703.7488,691.2341,1.81,526.06,2026-06-03,80,-25.25,764.6547,2026-03-02,15,8.65,45.36,15.0,,,,,,,-1.56,-4.27,-0.92,2.22,2.62,2.48,3.98,-3.8,-3.78,-20.97,-21.83
BA,THE BOEING COMPANY,FA863421C2702,2026-01-28,0.0,Department of Defense,Department of the Air Force,DEFINITIVE CONTRACT,2026-01-28,241.59,244.56,-1.21,189.21,2026-03-30,42,-21.68,244.71,2026-02-09,8,1.29,29.33,,,,,,,,-3.13,-3.55,-2.33,0.6,-2.21,-1.1,-5.82,-15.24,-13.81,-3.79,-10.63
LDOS,"LEIDOS, INC.",47QFMA23F0020,2025-09-19,3017016.35,General Services Administration,Federal Acquisition Service,DELIVERY ORDER,2025-09-19,185.9059,185.6084,0.16,179.3204,2025-12-31,71,-3.54,197.9062,2025-11-04,32,6.46,10.36,11.0,,,,,,,0.22,-0.03,-1.36,0.81,4.34,3.52,1.62,1.61,-0.51,-0.57,0.09
HII,HUNTINGTON INGALLS INC,N5523624F9915,2025-10-29,-390000.0,Department of Defense,Department of the Navy,DELIVERY ORDER,2025-10-29,294.9105,295.622,-0.24,294.9105,2025-10-29,0,0.0,451.7788,2026-03-02,83,53.19,53.19,1.0,31.0,37.0,45.0,49.0,79.0,,6.92,6.41,2.77,3.73,6.52,3.6,5.56,9.97,22.34,42.3,39.68
BA,THE BOEING COMPANY,N0001926F0082,2026-01-29,60189.2,Department of Defense,Department of the Navy,DELIVERY ORDER,2026-01-29,234.04,241.59,-3.13,189.21,2026-03-30,41,-19.15,244.71,2026-02-09,7,4.56,29.33,,,,,,,,-0.14,-0.38,1.24,4.56,2.27,-0.14,-1.84,-10.32,-9.29,-1.16,-8.34
NOC,NORTHROP GRUMMAN SYSTEMS CORPORATION,FA821323F3725,2025-10-21,0.0,Department of Defense,Department of the Air Force,DELIVERY ORDER,2025-10-21,592.4175,595.0369,-0.44,541.3857,2025-12-01,28,-8.61,764.6547,2026-03-02,89,29.07,41.24,56.0,60.0,67.0,81.0,,,,-0.48,1.04,-0.72,-3.46,-3.71,-6.07,-5.73,-7.31,-2.44,11.72,27.58
LDOS,"LEIDOS, INC.",N6883625F7KPA,2025-09-21,1243323.48,Department of Defense,Department of the Navy,DELIVERY ORDER,2025-09-22,186.3224,185.9059,0.22,179.3204,2025-12-31,70,-3.76,197.9062,2025-11-04,31,6.22,10.36,10.0,,,,,,,-0.4,-2.93,-1.2,2.0,5.41,0.09,2.82,2.76,-0.56,-2.82,0.45
NOC,NORTHROP GRUMMAN SYSTEMS CORPORATION,FA861517C6047,2026-03-12,-7391.08,Department of Defense,Department of the Air Force,DEFINITIVE CONTRACT,2026-03-12,733.0736,729.9673,0.43,496.02,2026-06-29,74,-32.34,733.0736,2026-03-12,0,0.0,47.79,,,,,,,,-0.35,-1.67,-3.01,-7.65,-6.02,-5.34,-7.47,-21.89,-26.57,-26.23,-28.35
BA,THE BOEING COMPANY,HQ014712C0004,2025-08-27,0.0,Department of Defense,Missile Defense Agency,DEFINITIVE CONTRACT,2025-08-27,235.62,234.83,0.34,179.12,2025-11-24,62,-23.98,237.38,2025-09-02,3,0.75,32.53,,,,,,,,0.23,0.75,-2.07,-1.98,-6.63,-8.91,-6.09,-8.33,-15.08,-23.87,-2.45
BAH,BOOZ ALLEN HAMILTON INC,FA800325F0008,2026-03-16,16791720.66,Department of Defense,Department of the Air Force,DELIVERY ORDER,2026-03-16,75.1938,77.685,-3.21,59.71,2026-06-25,70,-20.59,83.4516,2026-04-07,15,10.98,39.76,3.0,14.0,,,,,,1.8,6.69,5.46,5.76,4.21,10.49,8.63,0.63,1.64,2.79,-3.54
HII,HUNTINGTON INGALLS INCORPORATED,N0002421C4205,2025-09-17,-10347571.0,Department of Defense,Department of the Navy,DEFINITIVE CONTRACT,2025-09-17,269.2558,269.9772,-0.27,268.0601,2025-09-25,6,-0.44,422.7474,2026-01-16,84,57.01,57.71,9.0,27.0,31.0,60.0,67.0,81.0,,0.82,1.36,1.85,2.32,4.97,4.74,3.74,9.53,13.68,20.44,55.86
CACI,"CACI, INC. - FEDERAL",N6523626F3005,2026-03-13,2010045.11,Department of Defense,Department of the Navy,DELIVERY ORDER,2026-03-13,606.72,612.63,-0.96,440.76,2026-07-21,88,-27.35,612.93,2026-03-17,2,1.02,39.06,,,,,,,,-0.23,0.33,-0.06,-4.95,-7.1,-5.12,-12.05,-17.28,-18.43,-13.46,-20.79
NOC,NORTHROP GRUMMAN SYSTEMS CORPORATION,HQ085223C0002,2026-03-24,7059962.95,Department of Defense,Missile Defense Agency,DEFINITIVE CONTRACT,2026-03-24,679.1708,677.0203,0.32,496.02,2026-06-29,66,-26.97,699.4217,2026-04-02,7,2.98,41.01,,,,,,,,1.33,-0.46,0.01,2.98,0.78,-0.3,-13.85,-17.97,-18.01,-23.22,-19.24
GD,"GENERAL DYNAMICS MISSION SYSTEMS, INC.",FA873523FB011,2025-12-23,-709597.0,Department of Defense,Department of the Air Force,DELIVERY ORDER,2025-12-23,339.3643,340.6967,-0.39,311.1606,2026-04-27,84,-8.31,364.0791,2026-01-16,16,7.28,17.01,13.0,,,,,,,0.45,-0.98,-2.09,3.41,2.21,6.44,6.16,5.15,6.52,1.44,2.44
BA,THE BOEING COMPANY,FA863421C2702,2026-03-09,0.0,Department of Defense,Department of the Air Force,DEFINITIVE CONTRACT,2026-03-09,225.0,231.11,-2.64,189.21,2026-03-30,15,-15.91,240.6,2026-05-13,46,6.93,27.16,43.0,,,,,,,-3.22,-9.0,-5.12,-8.45,-11.82,-15.32,-3.2,-2.6,5.28,-6.41,-4.88
CACI,"CACI NSS, LLC",FA855525FB006,2026-01-26,164698.27,Department of Defense,Department of the Air Force,DELIVERY ORDER,2026-01-26,642.78,662.19,-2.93,480.99,2026-05-08,72,-25.17,643.21,2026-01-27,1,0.07,33.73,,,,,,,,0.07,-3.06,-4.73,-5.87,-0.86,-10.81,-8.21,-7.95,-15.39,-20.31,-17.21
BA,THE BOEING COMPANY,N0001922F2563,2025-09-29,2587956.0,Department of Defense,Department of the Navy,DELIVERY ORDER,2025-09-29,217.08,221.26,-1.89,179.12,2025-11-24,40,-17.49,252.15,2026-01-23,80,16.16,40.77,67.0,72.0,78.0,,,,,-0.58,0.16,1.22,3.8,-0.7,-1.91,2.88,-10.26,-5.39,-0.11,11.95
IBM,INTERNATIONAL BUSINESS MACHINES CORPORATION,HQ072724F4005,2026-02-25,491464.0,Department of Defense,Defense Microelectronics Activity,DELIVERY ORDER,2026-02-25,234.125,226.0232,3.58,213.1113,2026-05-13,54,-8.98,326.8851,2026-06-02,67,39.62,53.39,5.0,64.0,65.0,65.0,66.0,,,1.88,0.77,5.27,8.97,4.77,7.82,1.74,-0.15,-2.76,7.28,29.82
LMT,LOCKHEED MARTIN CORPORATION,N0001920F0051,2026-01-13,0.0,Department of Defense,Department of the Navy,DELIVERY ORDER,2026-01-13,551.761,544.7837,1.28,503.2157,2026-05-08,80,-8.8,672.2988,2026-03-02,32,21.85,33.6,5.0,11.0,22.0,32.0,,,,2.58,4.32,5.0,5.82,6.98,12.53,14.17,14.93,14.79,10.51,-3.99
HON,HONEYWELL INTERNATIONAL INC.,N0038325CD026,2025-08-22,2877473.5,Department of Defense,Department of the Navy,DEFINITIVE CONTRACT,2025-08-22,216.6771,211.4165,2.49,195.2672,2025-11-20,63,-9.88,216.6771,2025-08-22,0,0.0,10.96,,,,,,,,-1.0,-0.71,-1.49,-3.96,-3.63,-5.1,-6.07,-6.21,-3.48,-6.08,-6.55
LMT,LOCKHEED MARTIN CORPORATION,H9225425FE048,2025-09-25,1344524.0,Department of Defense,U.S. Special Operations Command,DELIVERY ORDER,2025-09-25,475.0605,476.9339,-0.39,434.0461,2025-12-01,46,-8.63,628.551,2026-02-02,88,32.31,44.81,7.0,73.0,75.0,77.0,87.0,,,0.64,3.07,3.1,6.17,4.84,3.11,0.22,-3.18,-5.47,-1.36,25.39
BA,THE BOEING COMPANY,N0038323FYY36,2025-11-12,34311725.99,Department of Defense,Department of the Navy,DELIVERY ORDER,2025-11-12,195.5,195.21,0.15,179.12,2025-11-24,8,-8.38,252.15,2026-01-23,48,28.98,40.77,13.0,27.0,34.0,40.0,,,,-0.47,-1.89,-5.01,-8.08,-4.39,3.6,4.54,10.71,27.37,24.09,2.1
LMT,LOCKHEED MARTIN CORPORATION,H9225424F2788,2025-11-21,1662056.0,Department of Defense,U.S. Special Operations Command,DELIVERY ORDER,2025-11-21,451.9518,459.2885,-1.6,434.0461,2025-12-01,5,-3.96,672.2988,2026-03-02,66,48.75,54.89,14.0,28.0,32.0,33.0,43.0,,,-2.11,-1.44,-3.96,-2.3,1.77,5.02,5.52,8.65,36.12,43.94,40.23
BA,THE BOEING COMPANY,FA863421F0023,2025-12-19,4550000.0,Department of Defense,Department of the Air Force,DELIVERY ORDER,2025-12-19,214.08,208.27,2.79,189.21,2026-03-30,67,-11.62,252.15,2026-01-23,22,17.78,33.26,8.0,14.0,17.0,,,,,1.29,1.91,1.48,1.42,7.36,12.02,17.44,10.22,7.16,-6.03,6.21
BAH,BOOZ ALLEN HAMILTON INC,N0017818F3006,2025-08-20,-4041.27,Department of Defense,Department of the Navy,DELIVERY ORDER,2025-08-20,106.8705,107.2913,-0.39,78.7024,2025-11-20,65,-26.36,108.3971,2025-08-27,5,1.43,37.73,,,,,,,,-0.22,0.21,1.43,-0.45,-5.5,-6.14,-6.47,-5.59,-8.17,-22.89,-21.55
BA,BELL BOEING JOINT PROJECT OFFICE,N0001923F2572,2025-11-25,2000000.0,Department of Defense,Department of the Navy,DELIVERY ORDER,2025-11-25,182.44,179.12,1.85,182.44,2025-11-25,0,0.0,252.15,2026-01-23,39,38.21,38.21,4.0,4.0,17.0,25.0,31.0,,,2.46,2.2,11.02,10.66,8.92,13.3,18.64,28.55,27.72,27.93,19.38
GD,"GENERAL DYNAMICS INFORMATION TECHNOLOGY, INC.",75N97023F00002,2025-10-22,4823407.92,Department of Health and Human Services,National Institutes of Health,DELIVERY ORDER,2025-10-22,333.8372,336.2553,-0.72,328.0534,2025-12-01,27,-1.73,364.0791,2026-01-16,59,9.06,10.98,50.0,,,,,,,0.96,4.59,1.55,1.97,1.38,4.19,0.35,1.02,1.17,6.62,8.68
GD,"GENERAL DYNAMICS INFORMATION TECHNOLOGY, INC.",47QFMA25F0016,2025-09-25,0.0,General Services Administration,Federal Acquisition Service,DELIVERY ORDER,2025-09-25,318.8057,318.0097,0.25,318.8057,2025-09-25,0,0.0,364.0791,2026-01-16,78,14.2,14.2,3.0,69.0,,,,,,1.82,5.11,5.12,6.8,5.65,2.8,8.59,5.35,5.76,5.06,9.85
BA,THE BOEING COMPANY,FA863422C2705,2025-09-11,18294156.0,Department of Defense,Department of the Air Force,DEFINITIVE CONTRACT,2025-09-11,219.99,227.52,-3.31,179.12,2025-11-24,52,-18.58,250.07,2026-01-21,90,13.67,39.61,83.0,85.0,,,,,,-1.84,-2.26,-1.97,-3.59,-2.94,-2.18,-4.21,-1.01,-11.55,-8.23,13.67
LMT,LOCKHEED MARTIN CORPORATION,FA239124CB040,2026-03-23,1000000.0,Department of Defense,Department of the Air Force,DEFINITIVE CONTRACT,2026-03-23,612.2419,623.3492,-1.78,491.64,2026-06-24,64,-19.7,633.7512,2026-04-06,9,3.51,28.91,,,,,,,,-0.99,1.8,-2.87,0.23,1.86,0.56,-9.87,-17.42,-13.81,-13.05,-4.82
LMT,LOCKHEED MARTIN CORPORATION,N0003025C0100,2025-11-04,22060590.0,Department of Defense,Department of the Navy,DEFINITIVE CONTRACT,2025-11-04,475.6882,478.5915,-0.61,434.0461,2025-12-01,18,-8.75,672.2988,2026-03-02,79,41.33,54.89,41.0,45.0,47.0,49.0,59.0,,,-2.44,-5.49,-5.75,-6.01,-2.12,-6.99,-6.85,-1.36,12.8,32.14,32.9
NOC,NORTHROP GRUMMAN SYSTEMS CORPORATION,N0001425C2203,2026-01-08,600000.0,Department of Defense,Department of the Navy,DEFINITIVE CONTRACT,2026-01-08,586.3233,572.6476,2.39,538.3207,2026-05-15,88,-8.19,764.6547,2026-03-02,35,30.42,42.04,2.0,4.0,13.0,20.0,35.0,,,4.74,5.88,10.8,11.26,13.91,17.7,18.15,23.18,24.97,17.25,-5.53
BAH,BOOZ ALLEN HAMILTON INC,FA807522F0024,2025-08-14,110000.0,Department of Defense,Department of the Air Force,DELIVERY ORDER,2025-08-14,105.8332,108.7005,-2.64,78.7024,2025-11-20,69,-25.64,108.3971,2025-08-27,9,2.42,37.73,,,,,,,,1.08,1.38,0.76,1.19,0.06,-4.58,-6.04,-8.39,-9.35,-19.14,-19.5
GD,"GENERAL DYNAMICS INFORMATION TECHNOLOGY, INC.",70US0923F2GSA2244,2025-09-22,2551466.97,Department of Homeland Security,U.S. Secret Service,DELIVERY ORDER,2025-09-22,317.0663,318.4617,-0.44,317.0663,2025-09-22,0,0.0,364.0791,2026-01-16,81,14.83,14.83,6.0,25.0,,,,,,0.17,0.55,2.95,5.61,7.39,3.64,6.05,6.42,5.26,5.06,9.74
NOC,NORTHROP GRUMMAN SYSTEMS CORPORATION,FA854024F0039,2025-08-18,0.0,Department of Defense,Department of the Air Force,DELIVERY ORDER,2025-08-18,575.7925,574.9457,0.15,541.3857,2025-12-01,73,-5.98,630.571,2025-10-08,36,9.51,16.47,34.0,,,,,,,0.24,2.12,0.33,0.31,1.17,-0.11,-0.94,4.6,2.89,-2.71,0.37
PSN,PARSONS GOVERNMENT SERVICES INC.,70RDA126FR0000005,2026-02-05,0.0,Department of Homeland Security,Office of Procurement Operations,DELIVERY ORDER,2026-02-05,67.52,68.51,-1.45,48.74,2026-05-11,65,-27.81,70.21,2026-02-10,3,3.98,44.05,,,,,,,,2.84,3.98,-7.18,-9.05,-2.95,-1.79,-7.36,-25.89,-16.87,-25.92,-17.57
BAH,BOOZ ALLEN HAMILTON INC,FA875022F0500,2025-08-21,2747460.0,Department of Defense,Department of the Air Force,DELIVERY ORDER,2025-08-21,106.6357,106.8705,-0.22,78.7024,2025-11-20,64,-26.2,108.3971,2025-08-27,4,1.65,37.73,,,,,,,,0.88,1.19,-0.69,1.02,-5.98,-4.71,-8.42,-4.54,-16.12,-23.41,-21.35
ACN,ACCENTURE FEDERAL SERVICES LLC,36C10B26F0033,2026-03-17,23464565.01,Department of Veterans Affairs,Department of Veterans Affairs,DELIVERY ORDER,2026-03-17,194.649,195.2858,-0.33,122.9615,2026-06-30,72,-36.83,199.4402,2026-03-19,2,2.46,62.2,,,,,,,,-1.77,0.67,-2.58,-1.13,-0.19,-0.68,-1.52,-8.49,-9.02,-14.96,-20.85
CACI,"CACI ENTERPRISE SOLUTIONS, LLC",SP470922F0028,2026-01-07,0.0,Department of Defense,Defense Logistics Agency,DELIVERY ORDER,2026-01-07,562.79,559.44,0.6,480.99,2026-05-08,84,-14.53,662.19,2026-01-23,11,17.66,37.67,2.0,6.0,10.0,,,,,3.78,7.47,8.62,12.9,16.47,13.41,9.9,4.13,7.81,1.62,-12.06
GD,GENERAL DYNAMICS LAND SYSTEMS INC.,W56HZV24F0030,2025-09-04,0.0,Department of Defense,Department of the Army,DELIVERY ORDER,2025-09-04,316.8502,317.2137,-0.11,315.7594,2025-09-09,3,-0.34,358.571,2026-01-13,90,13.17,13.56,18.0,37.0,,,,,,0.13,-0.34,2.23,1.41,0.66,0.37,6.57,2.98,6.0,6.42,13.17
GD,"GENERAL DYNAMICS INFORMATION TECHNOLOGY, INC.",7571MN26F80008,2026-03-06,5212394.85,Department of Health and Human Services,Office of the Assistant Secretary for Financial Resources,DELIVERY ORDER,2026-03-06,360.2241,357.4591,0.77,311.1606,2026-04-27,35,-13.62,376.88,2026-07-06,82,4.62,21.12,,,,,,,,-0.42,-2.65,-3.29,-1.98,-4.87,-2.26,-4.14,-8.2,-4.91,-6.69,2.39
LMT,LOCKHEED MARTIN CORPORATION,FA238525CB016,2025-11-24,400000.0,Department of Defense,Department of the Air Force,DEFINITIVE CONTRACT,2025-11-24,442.4181,451.9518,-2.11,434.0461,2025-12-01,4,-1.89,672.2988,2026-03-02,65,51.96,54.89,12.0,26.0,28.0,31.0,36.0,65.0,,0.3,1.51,-1.3,0.15,4.3,8.21,8.51,15.81,41.67,47.57,40.96
LDOS,"LEIDOS, INC.",FA807524F0036,2026-02-04,119000.0,Department of Defense,Department of the Air Force,DELIVERY ORDER,2026-02-04,187.3123,188.6542,-0.71,114.6,2026-06-15,90,-38.82,193.5547,2026-02-10,4,3.33,68.9,,,,,,,,-1.25,3.26,-8.19,-6.44,-6.46,-9.84,-5.6,-11.72,-18.67,-20.61,-38.82
GD,"GENERAL DYNAMICS INFORMATION TECHNOLOGY, INC.",W31P4Q21FB006,2025-12-10,160429.74,Department of Defense,Department of the Army,DELIVERY ORDER,2025-12-10,337.7752,329.9188,2.38,319.3346,2026-04-22,90,-5.46,364.0791,2026-01-16,25,7.79,14.01,17.0,,,,,,,-0.22,-0.45,-1.7,-0.84,0.92,-1.63,5.47,6.66,0.49,4.33,-5.46
BAH,BOOZ ALLEN HAMILTON INC,HQ003424P0136,2026-01-27,-2511.39,Department of Defense,Washington Headquarters Services,PURCHASE ORDER,2026-01-27,88.2176,92.5221,-4.65,71.0549,2026-05-13,74,-19.45,89.7346,2026-01-28,1,1.72,26.29,,,,,,,,1.72,-1.27,-7.32,-5.63,0.44,-14.02,-10.25,-14.56,-9.58,-11.11,-10.58
LDOS,"LEIDOS, INC.",FA823226FB016,2025-10-30,1157956.6,Department of Defense,Department of the Air Force,DELIVERY ORDER,2025-10-30,189.3473,186.6101,1.47,160.5633,2026-02-17,73,-15.2,197.9062,2025-11-04,3,4.52,23.26,,,,,,,,-0.24,4.52,2.01,3.12,0.21,-0.91,-1.31,-0.62,3.68,-1.43,-8.76
LMT,LOCKHEED MARTIN CORPORATION,N0001920F0256,2026-02-17,-44.98,Department of Defense,Department of the Navy,DELIVERY ORDER,2026-02-17,641.9719,644.9368,-0.46,491.64,2026-06-24,88,-23.42,672.2988,2026-03-02,9,4.72,36.75,,,,,,,,0.04,1.34,2.29,-1.22,3.35,2.78,-0.6,-6.47,-14.04,-19.54,-20.96
LMT,LOCKHEED MARTIN CORPORATION,W56KGY22F0050,2026-01-16,0.0,Department of Defense,Department of the Army,DELIVERY ORDER,2026-01-16,575.6083,571.1216,0.79,503.2157,2026-05-08,77,-12.58,672.2988,2026-03-02,29,16.8,33.6,8.0,19.0,29.0,,,,,-1.09,1.97,-0.13,2.55,9.2,7.07,11.57,15.27,5.31,5.48,-7.28
LMT,LOCKHEED MARTIN CORPORATION,FA861125F0034,2025-11-26,5513801.63,Department of Defense,Department of the Air Force,DELIVERY ORDER,2025-11-26,445.4587,443.7422,0.39,434.0461,2025-12-01,2,-2.56,672.2988,2026-03-02,63,50.92,54.89,10.0,24.0,26.0,29.0,36.0,63.0,,0.81,-1.98,-0.53,3.25,5.36,5.34,8.46,22.3,39.38,43.65,39.14
BAH,BOOZ ALLEN HAMILTON INC,HQ003423F0136,2025-12-30,419655.6,Department of Defense,Washington Headquarters Services,DELIVERY ORDER,2025-12-30,83.8737,83.8442,0.04,73.705,2026-02-23,36,-12.12,100.6977,2026-01-23,16,20.06,36.62,4.0,6.0,16.0,16.0,,,,-0.93,4.92,6.0,12.95,13.15,12.24,3.84,-8.48,-3.09,-7.12,-11.31
BAH,BOOZ ALLEN HAMILTON INC,47QFCA26F0010,2026-03-16,236000.0,General Services Administration,Federal Acquisition Service,DELIVERY ORDER,2026-03-16,75.1938,77.685,-3.21,59.71,2026-06-25,70,-20.59,83.4516,2026-04-07,15,10.98,39.76,3.0,14.0,,,,,,1.8,6.69,5.46,5.76,4.21,10.49,8.63,0.63,1.64,2.79,-3.54
GD,GENERAL DYNAMICS ONE SOURCE LLC,FA824025F5003,2026-01-28,0.0,Department of Defense,Department of the Air Force,DELIVERY ORDER,2026-01-28,353.4752,363.3259,-2.71,311.1606,2026-04-27,61,-11.97,362.8304,2026-03-04,24,2.65,16.61,,,,,,,,-1.89,-2.89,-0.93,0.95,-2.9,-2.02,0.1,-0.41,-2.13,-11.78,-3.99
BA,THE BOEING COMPANY,FA813425F4002,2026-01-30,-337580.36,Department of Defense,Department of the Air Force,DELIVERY ORDER,2026-01-30,233.72,234.04,-0.14,189.21,2026-03-30,40,-19.04,244.71,2026-02-09,6,4.7,29.33,,,,,,,,-0.3,0.95,3.98,3.8,3.95,-0.72,-4.11,-8.66,-10.15,-1.28,-10.58
HON,HONEYWELL INTERNATIONAL INC.,FA811723F0158,2025-09-17,0.0,Department of Defense,Department of the Air Force,DELIVERY ORDER,2025-09-17,205.835,205.1252,0.35,195.2672,2025-11-20,46,-5.13,230.9704,2026-01-22,87,12.21,18.28,80.0,84.0,,,,,,-0.7,-1.27,-1.46,-1.65,-0.71,-1.28,-4.02,0.57,-3.91,-2.25,11.39
GD,"GENERAL DYNAMICS INFORMATION TECHNOLOGY, INC.",70T01021F7670N008,2025-09-12,1146895.68,Department of Homeland Security,Transportation Security Administration,DELIVERY ORDER,2025-09-12,320.4958,323.9057,-1.05,317.0664,2025-09-22,6,-1.07,364.0791,2026-01-16,87,13.6,14.83,15.0,79.0,,,,,,0.25,-0.27,-0.63,-0.9,1.28,4.57,2.98,8.02,6.01,3.48,13.12
BA,THE BOEING COMPANY,N6893623F0237,2025-09-04,-900629.34,Department of Defense,Department of the Navy,DELIVERY ORDER,2025-09-04,230.75,232.38,-0.7,179.12,2025-11-24,57,-22.37,244.55,2026-01-13,90,5.98,36.53,90.0,,,,,,,-0.49,-0.53,-4.66,-6.5,-6.54,-6.78,-6.26,-8.17,-14.84,-18.09,5.98
NOC,NORTHROP GRUMMAN SYSTEMS CORPORATION,FA881823F0003,2025-09-17,6000000.0,Department of Defense,Department of the Air Force,DELIVERY ORDER,2025-09-17,570.4051,572.6587,-0.39,541.3857,2025-12-01,52,-5.09,673.6084,2026-01-27,90,18.09,24.42,9.0,15.0,84.0,,,,,-0.58,-0.16,1.59,3.02,4.91,7.72,3.79,1.37,-2.09,-2.56,18.09
LMT,LOCKHEED MARTIN CORP,FA862519F7502,2026-03-04,-2469692.64,Department of Defense,Department of the Air Force,DELIVERY ORDER,2026-03-04,660.1583,663.4766,-0.5,491.64,2026-06-24,77,-25.53,667.4009,2026-03-06,2,1.1,35.75,,,,,,,,-1.43,-0.05,-2.26,-2.78,-3.34,-8.17,-6.27,-8.58,-22.89,-20.17,-21.99
HII,HUNTINGTON INGALLS INCORPORATED,N0002419C4313,2025-09-24,246262.0,Department of Defense,Department of the Navy,DEFINITIVE CONTRACT,2025-09-24,274.2464,272.7641,0.54,268.0601,2025-09-25,1,-2.26,426.4598,2026-02-03,90,55.5,59.09,14.0,26.0,27.0,61.0,70.0,77.0,,-2.26,0.73,3.06,2.43,4.8,5.2,4.53,10.51,13.26,16.77,55.5
GD,"GENERAL DYNAMICS MISSION SYSTEMS, INC.",N0003024C1005,2025-09-17,2411489.89,Department of Defense,Department of the Navy,DEFINITIVE CONTRACT,2025-09-17,319.6409,320.7415,-0.34,317.0664,2025-09-22,3,-0.81,364.0791,2026-01-16,84,13.9,14.83,12.0,76.0,,,,,,-0.22,-0.81,-0.51,1.56,4.76,5.58,2.08,6.06,5.93,5.44,13.67
BA,THE BOEING COMPANY,FA810225F0003,2026-02-02,5213070.16,Department of Defense,Department of the Air Force,DELIVERY ORDER,2026-02-02,233.02,233.72,-0.3,189.21,2026-03-30,39,-18.8,244.71,2026-02-09,5,5.02,29.33,5.0,,,,,,,0.06,1.69,5.02,1.39,4.73,-1.11,-2.45,-9.53,-6.53,-3.82,-4.89
GD,"GENERAL DYNAMICS MISSION SYSTEMS, INC.",W56KGY26F0014,2026-02-26,0.0,Department of Defense,Department of the Army,DELIVERY ORDER,2026-02-26,347.5688,340.0569,2.21,311.1606,2026-04-27,41,-10.48,376.88,2026-07-06,88,8.43,21.12,87.0,,,,,,,1.8,3.99,2.85,3.21,1.29,0.75,-1.13,-4.0,-0.93,-1.78,7.69
BA,THE BOEING COMPANY,HQ085623F0006,2025-09-09,150000.0,Department of Defense,Missile Defense Agency,DELIVERY ORDER,2025-09-09,229.52,230.95,-0.62,179.12,2025-11-24,54,-21.96,247.74,2026-01-15,89,7.94,38.31,87.0,,,,,,,-0.87,-5.92,-6.32,-6.04,-5.74,-5.42,-1.83,-5.34,-14.95,-11.75,7.91
HII,HUNTINGTON INGALLS INCORPORATED,N0002423C2324,2026-01-13,0.0,Department of Defense,Department of the Navy,DEFINITIVE CONTRACT,2026-01-13,408.6129,395.3021,3.37,313.3666,2026-05-07,79,-23.31,451.7788,2026-03-02,32,10.56,44.17,25.0,32.0,,,,,,0.91,3.46,2.68,1.68,3.34,4.37,-1.19,7.61,1.96,-3.89,-21.87
BAH,BOOZ ALLEN HAMILTON INC,47QFWA20F0024,2025-08-28,0.0,General Services Administration,Federal Acquisition Service,DELIVERY ORDER,2025-08-28,105.9017,108.3971,-2.3,78.7024,2025-11-20,59,-25.68,107.7219,2025-09-02,2,1.72,36.87,,,,,,,,0.46,-1.36,-5.33,-4.71,-3.33,-6.48,-8.62,-10.24,-19.46,-24.87,-16.05
GE,GENERAL ELECTRIC COMPANY,N0038324F0RW3,2026-02-19,1760760.0,Department of Defense,Department of the Navy,DELIVERY ORDER,2026-02-19,333.8369,328.6909,1.57,272.9098,2026-03-30,27,-18.25,373.2647,2026-06-30,90,11.81,36.77,81.0,87.0,,,,,,2.53,3.26,1.82,3.29,-2.32,-2.72,-14.2,-15.88,-14.85,-15.77,11.81
LDOS,"LEIDOS, INC.",70LGLY21CSSB00008,2025-09-04,99998.0,Department of Homeland Security,Federal Law Enforcement Training Center,DEFINITIVE CONTRACT,2025-09-04,176.7237,175.8627,0.49,176.5554,2025-09-08,2,-0.1,197.9062,2025-11-04,43,11.99,12.09,10.0,22.0,,,,,,0.24,0.25,3.67,2.55,5.03,5.17,9.76,3.49,9.3,7.24,10.22
HII,HUNTINGTON INGALLS INCORPORATED,N0002421C2443,2025-08-20,130200.0,Department of Defense,Department of the Navy,DEFINITIVE CONTRACT,2025-08-20,262.6545,260.9926,0.64,262.0546,2025-08-21,1,-0.23,352.8189,2025-12-24,88,34.33,34.64,27.0,46.0,50.0,50.0,86.0,,,-0.23,1.36,3.48,1.88,1.58,2.31,3.52,6.19,9.15,17.64,30.65
NOC,NORTHROP GRUMMAN SYSTEMS CORPORATION,FA852325FB030,2025-08-25,11189513.0,Department of Defense,Department of the Air Force,DELIVERY ORDER,2025-08-25,577.6829,583.2949,-0.96,541.3857,2025-12-01,68,-6.28,630.571,2025-10-08,31,9.16,16.47,29.0,,,,,,,1.07,0.2,0.83,-0.8,-2.19,-1.69,0.31,6.36,1.81,-3.03,0.61
ACN,ACCENTURE FEDERAL SERVICES LLC,SP470124F0176,2025-09-05,0.0,Department of Defense,Defense Logistics Agency,BPA CALL,2025-09-05,249.8024,247.833,0.79,227.8645,2025-09-25,14,-8.78,282.7142,2026-01-14,90,13.18,24.07,62.0,86.0,,,,,,0.24,-4.64,-6.44,-7.12,-5.98,-8.78,-2.66,-6.5,-3.6,0.97,13.18
IBM,INTERNATIONAL BUSINESS MACHINES CORPORATION,2033H625F00095,2025-08-29,961379.45,Department of the Treasury,Bureau of the Fiscal Service,DELIVERY ORDER,2025-08-29,237.3204,239.5036,-0.91,235.3808,2025-09-02,1,-0.82,308.6917,2025-11-12,52,30.07,31.15,5.0,15.0,18.0,26.0,52.0,,,-0.82,1.52,5.17,5.5,5.24,9.41,15.88,13.85,25.15,25.59,25.01
NOC,NORTHROP GRUMMAN SYSTEMS CORPORATION,FA489023C0006,2025-08-19,0.0,Department of Defense,Department of the Air Force,DEFINITIVE CONTRACT,2025-08-19,577.1807,575.7925,0.24,541.3857,2025-12-01,72,-6.2,630.571,2025-10-08,35,9.25,16.47,33.0,,,,,,,1.08,1.06,1.16,0.28,-0.5,-2.11,-1.74,3.68,2.15,-4.34,-0.72
LMT,LOCKHEED MARTIN CORPORATION,N0001920F0238,2026-01-28,1129717.86,Department of Defense,Department of the Navy,DELIVERY ORDER,2026-01-28,590.2745,587.9818,0.39,503.2157,2026-05-08,70,-14.75,672.2988,2026-03-02,22,13.9,33.6,2.0,15.0,,,,,,4.23,6.48,0.92,4.41,5.26,8.8,10.18,9.88,4.82,-13.58,-11.89
BAH,BOOZ ALLEN HAMILTON INC,FA807519FA047,2026-01-20,-2124523.61,Department of Defense,Department of the Air Force,DELIVERY ORDER,2026-01-20,92.0592,95.9401,-4.05,71.0549,2026-05-13,79,-22.82,100.6977,2026-01-23,3,9.38,41.72,3.0,,,,,,,2.26,9.38,-4.17,-5.06,-11.19,-3.56,-13.81,-15.53,-13.62,-10.85,-14.63
NOC,NORTHROP GRUMMAN SYSTEMS CORPORATION,HTC71120FD069,2025-11-18,0.0,Department of Defense,USTRANSCOM,DELIVERY ORDER,2025-11-18,560.2045,556.5176,0.66,541.3857,2025-12-01,8,-3.36,764.6547,2026-03-02,69,36.5,41.24,31.0,36.0,38.0,46.0,62.0,,,-0.31,-0.01,0.47,0.97,-1.98,-2.45,-0.88,3.75,17.1,24.21,21.25
NOC,NORTHROP GRUMMAN SYSTEMS CORPORATION,N0001922F0014,2026-01-22,0.0,Department of Defense,Department of the Navy,DELIVERY ORDER,2026-01-22,665.3712,659.1386,0.95,536.59,2026-06-02,90,-19.35,764.6547,2026-03-02,26,14.92,42.5,8.0,26.0,,,,,,0.37,1.24,3.72,2.17,3.89,1.25,8.54,13.14,1.6,-1.69,-19.35
BAH,BOOZ ALLEN HAMILTON INC,FA807521F0005,2026-01-14,-144619.0,Department of Defense,Department of the Air Force,DELIVERY ORDER,2026-01-14,94.9059,93.8815,1.09,71.0549,2026-05-13,82,-25.13,100.6977,2026-01-23,6,6.1,41.72,6.0,,,,,,,0.79,-3.0,-0.61,-2.51,-7.91,-11.74,-17.05,-17.56,-16.39,-14.44,-16.43
ETN,EATON CORPORATION,6973GH25F00851,2025-12-15,3300656.4,Department of Transportation,Federal Aviation Administration,DELIVERY ORDER,2025-12-15,330.4458,329.226,0.37,313.2,2025-12-17,2,-5.22,422.2911,2026-04-23,88,27.79,34.83,30.0,36.0,39.0,78.0,,,,-0.98,-5.18,-3.85,-2.86,-3.71,-0.07,0.08,6.35,12.06,6.99,25.47
GE,GENERAL ELECTRIC COMPANY,SPRTA126F0075,2025-12-19,2276390.48,Department of Defense,Defense Logistics Agency,DELIVERY ORDER,2025-12-19,306.0312,300.5324,1.83,272.9098,2026-03-30,67,-10.82,344.8073,2026-03-02,47,12.67,26.34,9.0,41.0,,,,,,2.45,3.11,1.54,0.38,6.74,5.64,-3.86,0.48,11.07,-4.83,-6.5
LMT,LOCKHEED MARTIN CORPORATION,FA861525FB001,2025-10-28,567555.28,Department of Defense,Department of the Air Force,DELIVERY ORDER,2025-10-28,476.463,477.5812,-0.23,434.0461,2025-12-01,23,-8.9,672.2988,2026-03-02,84,41.1,54.89,46.0,50.0,52.0,55.0,64.0,,,-0.09,1.26,-0.16,-3.47,-5.91,-3.09,-6.51,-2.94,3.1,20.65,35.79
LMT,LOCKHEED MARTIN CORPORATION,N0003025C6045,2025-09-30,18675363.0,Department of Defense,Department of the Navy,DEFINITIVE CONTRACT,2025-09-30,489.6456,482.5541,1.47,434.0461,2025-12-01,43,-11.36,630.8141,2026-02-09,90,28.83,45.33,67.0,71.0,73.0,81.0,,,,-0.04,1.06,2.38,1.71,1.2,1.34,-2.78,-8.44,-9.82,-1.96,28.83
PSN,PARSONS GOVERNMENT SERVICES INC.,47QFRA21F0039,2026-01-26,-2479.06,General Services Administration,Federal Acquisition Service,BPA CALL,2026-01-26,70.52,72.73,-3.04,48.74,2026-05-11,73,-30.88,71.71,2026-01-28,2,1.69,47.13,,,,,,,,1.26,0.54,-3.09,-2.85,-1.47,-10.12,-7.57,-15.87,-23.18,-23.89,-14.01
BAH,BOOZ ALLEN HAMILTON INC,HQ003422F0135,2025-08-26,1948483.81,Department of Defense,Washington Headquarters Services,DELIVERY ORDER,2025-08-26,107.9078,107.0956,0.76,78.7024,2025-11-20,61,-27.07,108.3971,2025-08-27,1,0.45,37.73,,,,,,,,0.45,-1.41,-3.19,-7.09,-7.05,-7.65,-11.55,-6.66,-24.88,-26.58,-18.45
BAH,BOOZ ALLEN HAMILTON INC,47QFCA22F0047,2026-03-04,57702019.58,General Services Administration,Federal Acquisition Service,DELIVERY ORDER,2026-03-04,77.7644,78.6081,-1.07,59.71,2026-06-25,78,-23.22,83.4516,2026-04-07,23,7.31,39.76,21.0,,,,,,,1.85,3.93,-3.08,-0.1,0.4,0.68,6.1,5.54,-1.91,1.06,-18.27
SATL,IRIDIUM SATELLITE LLC,FA254124CB040,2026-02-11,-573179.0,Department of Defense,Department of the Air Force,DEFINITIVE CONTRACT,2026-02-11,3.22,3.32,-3.01,2.85,2026-02-12,1,-11.49,10.74,2026-05-26,71,233.54,276.84,6.0,6.0,27.0,27.0,27.0,27.0,35.0,-11.49,-10.87,1.24,-0.31,-0.93,4.97,-7.76,99.38,115.22,135.09,72.67
LMT,LOCKHEED MARTIN CORPORATION,W31P4Q23C0006,2025-11-18,0.0,Department of Defense,Department of the Army,DEFINITIVE CONTRACT,2025-11-18,465.6248,461.7603,0.84,434.0461,2025-12-01,8,-6.78,672.2988,2026-03-02,69,44.39,54.89,30.0,32.0,35.0,38.0,48.0,,,-1.01,-2.94,-4.7,-3.55,-5.17,-0.9,-0.21,5.5,23.46,37.87,28.96
LMT,LOCKHEED MARTIN CORPORATION,FA823223F0003,2025-10-28,0.0,Department of Defense,Department of the Air Force,DELIVERY ORDER,2025-10-28,476.463,477.5812,-0.23,434.0461,2025-12-01,23,-8.9,672.2988,2026-03-02,84,41.1,54.89,46.0,50.0,52.0,55.0,64.0,,,-0.09,1.26,-0.16,-3.47,-5.91,-3.09,-6.51,-2.94,3.1,20.65,35.79
NOC,NORTHROP GRUMMAN SYSTEMS CORPORATION,L602,2025-09-12,-117972.08,Department of Defense,Defense Contract Management Agency,DELIVERY ORDER,2025-09-12,569.2981,576.2072,-1.2,541.3857,2025-12-01,55,-4.9,665.3712,2026-01-22,90,16.88,22.9,12.0,18.0,87.0,,,,,-0.25,0.19,-0.51,0.19,3.22,5.04,7.45,5.14,-3.12,-3.5,16.88
LMT,LOCKHEED MARTIN CORPORATION,FA852822F0027,2026-01-21,0.0,Department of Defense,Department of the Air Force,DELIVERY ORDER,2026-01-21,579.3639,569.313,1.77,503.2157,2026-05-08,75,-13.14,672.2988,2026-03-02,27,16.04,33.6,6.0,17.0,27.0,,,,,1.31,-0.78,1.88,8.19,2.82,7.39,12.29,12.32,7.57,1.55,-10.85
NOC,NORTHROP GRUMMAN SYSTEMS CORPORATION,FA854024F0018,2025-09-08,0.0,Department of Defense,Department of the Air Force,DELIVERY ORDER,2025-09-08,575.1693,574.0821,0.19,541.3857,2025-12-01,59,-5.87,649.6609,2026-01-15,90,12.95,20.0,20.0,89.0,,,,,,-1.76,0.18,-1.26,-0.83,-0.99,2.17,6.83,3.45,-3.25,-5.62,12.95
CACI,"CACI ENTERPRISE SOLUTIONS, LLC",SP470923F0038,2026-01-27,0.0,Department of Defense,Defense Logistics Agency,DELIVERY ORDER,2026-01-27,643.21,642.78,0.07,480.99,2026-05-08,71,-25.22,643.21,2026-01-27,0,0.0,33.73,,,,,,,,-0.77,-3.52,-3.79,-6.98,-2.71,-12.23,-7.16,-6.04,-12.76,-18.15,-17.38
NOC,NORTHROP GRUMMAN SYSTEMS CORPORATION,N0001424C1132,2025-12-18,1800000.0,Department of Defense,Department of the Navy,DEFINITIVE CONTRACT,2025-12-18,555.2898,559.9244,-0.83,555.2898,2025-12-18,0,0.0,764.6547,2026-03-02,48,37.7,37.7,10.0,14.0,17.0,23.0,41.0,,,1.6,3.67,3.19,2.69,9.26,10.6,18.7,26.0,26.16,29.96,3.9
BAH,BOOZ ALLEN HAMILTON INC,70CTD022FR0000002,2025-09-26,12325727.73,Department of Homeland Security,U.S. Immigration and Customs Enforcement,DELIVERY ORDER,2025-09-26,96.9575,95.4407,1.59,78.7024,2025-11-20,39,-18.83,101.8113,2025-10-07,7,5.01,29.36,7.0,,,,,,,-0.19,3.55,4.99,5.01,-1.96,-1.82,-12.67,-11.74,-16.25,-12.13,-14.13
LMT,LOCKHEED MARTIN CORPORATION,N6339425C0005,2025-12-19,383431.7,Department of Defense,Department of the Navy,DEFINITIVE CONTRACT,2025-12-19,468.5768,464.6336,0.85,468.5768,2025-12-19,0,0.0,672.2988,2026-03-02,47,43.48,43.48,9.0,10.0,14.0,16.0,26.0,,,1.99,2.45,3.11,2.01,10.1,16.26,25.26,27.13,35.33,35.17,8.72
PSN,PARSONS GOVERNMENT SERVICES INC.,47QFCA21F0003,2025-08-14,1037514.0,General Services Administration,Federal Acquisition Service,DELIVERY ORDER,2025-08-14,79.64,81.85,-2.7,60.2,2025-12-17,87,-24.41,89.29,2025-10-08,38,12.12,48.32,33.0,36.0,,,,,,-0.11,-1.23,-1.27,0.08,0.33,-7.21,-4.34,2.29,3.89,7.9,-21.94
GE,GENERAL ELECTRIC COMPANY,W58RGZ19C0003,2025-09-09,36874737.49,Department of Defense,Department of the Army,DEFINITIVE CONTRACT,2025-09-09,274.8442,274.6552,0.07,274.8442,2025-09-09,0,0.0,326.6564,2026-01-06,82,18.85,18.85,5.0,10.0,80.0,,,,,2.6,1.97,6.06,7.55,10.64,6.43,9.66,11.14,12.62,4.56,17.97
LMT,LOCKHEED MARTIN CORPORATION,HQ085224F0005,2025-09-23,3732261.07,Department of Defense,Missile Defense Agency,DELIVERY ORDER,2025-09-23,477.3458,471.1862,1.31,434.0461,2025-12-01,48,-9.07,628.5509,2026-02-02,90,31.68,44.81,9.0,75.0,77.0,80.0,89.0,,,-0.09,0.16,2.58,2.61,5.01,3.53,0.1,-0.35,-7.04,-1.7,31.68
BAH,BOOZ ALLEN HAMILTON INC,N0018925FZ237,2026-01-29,641049.25,Department of Defense,Department of the Navy,DELIVERY ORDER,2026-01-29,87.4001,89.7346,-2.6,71.0549,2026-05-13,72,-18.7,88.7791,2026-02-09,7,1.58,24.94,,,,,,,,-0.35,-6.46,-4.74,1.58,-12.17,-9.22,-11.64,-11.12,-4.94,-13.48,-10.35
BAH,BOOZ ALLEN HAMILTON INC,47QFHA25F0004,2026-03-20,0.0,General Services Administration,Federal Acquisition Service,DELIVERY ORDER,2026-03-20,79.3524,80.2259,-1.09,59.71,2026-06-25,66,-24.75,83.4516,2026-04-07,11,5.17,39.76,11.0,,,,,,,-0.06,0.21,-1.83,-2.4,4.7,-2.23,1.31,-2.64,-0.05,-6.77,-13.92
CAT,CATERPILLAR INC,SPE8EC24F0886,2025-08-25,0.0,Department of Defense,Defense Logistics Agency,DELIVERY ORDER,2025-08-25,428.4433,431.7833,-0.77,411.4166,2025-09-03,6,-3.97,621.8101,2025-12-11,76,45.13,51.14,17.0,25.0,28.0,35.0,46.0,,,-0.24,0.6,-3.76,-2.79,-3.29,0.84,8.67,12.59,21.67,26.87,38.82
BAH,BOOZ ALLEN HAMILTON INC,N6600125F0593,2025-12-31,307688.0,Department of Defense,Department of the Navy,DELIVERY ORDER,2025-12-31,83.0956,83.8737,-0.93,73.705,2026-02-23,35,-11.3,100.6977,2026-01-23,15,21.18,36.62,2.0,5.0,10.0,15.0,,,,0.63,6.73,11.69,14.71,15.11,13.51,3.72,-5.26,-2.74,-5.7,-9.9
GD,GENERAL DYNAMICS LAND SYSTEMS INC.,W912CH25F0351,2026-02-13,7226277.0,Department of Defense,Department of the Army,DELIVERY ORDER,2026-02-13,344.5164,337.6884,2.02,311.1606,2026-04-27,49,-9.68,362.8304,2026-03-04,12,5.32,16.61,12.0,,,,,,,-1.47,1.93,0.39,-1.29,4.93,4.56,2.49,-1.97,-5.93,0.12,-0.39
BAH,BOOZ ALLEN HAMILTON INC,HC102824F6121,2026-01-13,1138510.02,Department of Defense,Defense Information Systems Agency,DELIVERY ORDER,2026-01-13,93.8815,95.3196,-1.51,71.0549,2026-05-13,83,-24.31,100.6977,2026-01-23,7,7.26,41.72,7.0,,,,,,,1.09,2.19,0.27,7.26,-4.42,-12.92,-18.24,-15.67,-14.55,-17.36,-16.82
HII,HUNTINGTON INGALLS INC,N5523626F9934,2026-01-21,686395.0,Department of Defense,Department of the Navy,DELIVERY ORDER,2026-01-21,419.5512,412.5038,1.71,296.41,2026-06-01,90,-29.35,451.7788,2026-03-02,27,7.68,52.42,23.0,,,,,,,0.35,-2.16,0.64,-0.51,-2.26,-5.51,3.52,-0.05,-8.68,-6.3,-29.35
ACN,ACCENTURE FEDERAL SERVICES LLC,W52P1J20C0005,2025-08-28,6724816.11,Department of Defense,Department of the Army,DEFINITIVE CONTRACT,2025-08-28,250.9978,251.9286,-0.37,227.8645,2025-09-25,19,-9.22,270.3589,2026-01-06,89,7.71,18.65,67.0,,,,,,,1.48,-0.79,-0.48,-1.63,-6.88,-6.49,-3.58,-5.95,-2.37,-1.69,6.95
BA,THE BOEING COMPANY,FA813825F1007,2026-02-25,24000000.0,Department of Defense,Department of the Air Force,DELIVERY ORDER,2026-02-25,230.36,233.39,-1.3,189.21,2026-03-30,23,-17.86,240.6,2026-05-13,54,4.45,27.16,,,,,,,,-0.41,-0.27,-1.32,0.33,-7.06,-8.48,-15.63,-4.47,-0.58,-4.67,0.57
LMT,LOCKHEED MARTIN CORPORATION,N0001920C0032,2025-12-16,0.0,Department of Defense,Department of the Navy,DEFINITIVE CONTRACT,2025-12-16,471.4725,478.7463,-1.52,464.6335,2025-12-18,2,-1.45,672.2988,2026-03-02,50,42.6,44.69,12.0,16.0,17.0,19.0,29.0,,,-0.48,-0.61,1.15,1.25,1.39,4.15,22.09,32.94,38.48,35.96,7.95
LMT,LOCKHEED MARTIN CORPORATION,N0001924F5569,2026-01-14,0.0,Department of Defense,Department of the Navy,DELIVERY ORDER,2026-01-14,565.9924,551.761,2.58,503.2157,2026-05-08,79,-11.09,672.2988,2026-03-02,31,18.78,33.6,10.0,11.0,24.0,,,,,0.91,0.59,3.7,1.56,8.7,5.25,13.95,14.91,10.13,8.78,-6.46
LMT,LOCKHEED MARTIN CORPORATION,N0016725F0076,2026-01-08,2110000.0,Department of Defense,Department of the Navy,DELIVERY ORDER,2026-01-08,512.3678,491.0505,4.34,503.2157,2026-05-08,83,-1.79,672.2988,2026-03-02,35,31.21,33.6,2.0,4.0,13.0,14.0,35.0,,,4.72,7.69,11.47,11.11,13.96,20.07,23.12,27.42,25.11,21.71,2.12
LMT,LOCKHEED MARTIN CORPORATION,FA854025FB034,2025-09-22,4126694.0,Department of Defense,Department of the Air Force,DELIVERY ORDER,2025-09-22,471.1861,463.8789,1.58,434.0461,2025-12-01,49,-7.88,626.7917,2026-01-30,90,33.02,44.41,9.0,76.0,77.0,79.0,89.0,,,1.31,0.82,2.41,3.87,7.05,5.13,1.9,1.57,-6.11,0.06,33.02
NOC,NORTHROP GRUMMAN SYSTEMS CORPORATION,FA945115C0005,2026-01-06,0.0,Department of Defense,Department of the Air Force,DEFINITIVE CONTRACT,2026-01-06,605.9935,606.6982,-0.12,538.3207,2026-05-15,90,-11.17,764.6547,2026-03-02,37,26.18,42.04,6.0,12.0,19.0,30.0,,,,-5.5,1.34,2.44,7.21,8.77,11.16,14.07,20.68,20.97,15.42,-11.17
LMT,LOCKHEED MARTIN CORP,HQ014719C5001,2025-12-30,106369893.0,Department of Defense,Missile Defense Agency,DEFINITIVE CONTRACT,2025-12-30,482.2844,483.1442,-0.18,478.0051,2025-12-31,1,-0.89,672.2988,2026-03-02,41,39.4,40.65,4.0,7.0,10.0,14.0,22.0,,,-0.89,4.83,1.82,11.25,17.36,20.13,29.96,30.62,38.38,26.86,5.52
LMT,LOCKHEED MARTIN CORPORATION,H9225424F2853,2025-08-19,0.0,Department of Defense,U.S. Special Operations Command,DELIVERY ORDER,2025-08-19,429.5154,429.0674,0.1,429.5154,2025-08-19,0,0.0,504.3876,2025-10-06,33,17.43,17.43,12.0,24.0,32.0,,,,,1.11,1.16,3.26,3.42,2.55,4.37,8.16,13.95,11.24,4.37,11.14
GD,"GENERAL DYNAMICS GLOBAL FORCE, LLC",W909MY25F0055,2025-09-12,5258.01,Department of Defense,Department of the Army,DELIVERY ORDER,2025-09-12,320.4958,323.9057,-1.05,317.0664,2025-09-22,6,-1.07,364.0791,2026-01-16,87,13.6,14.83,15.0,79.0,,,,,,0.25,-0.27,-0.63,-0.9,1.28,4.57,2.98,8.02,6.01,3.48,13.12
LMT,LOCKHEED MARTIN CORPORATION,W31P4Q19C0092,2026-03-05,0.0,Department of Defense,Department of the Army,DEFINITIVE CONTRACT,2026-03-05,650.7399,660.1583,-1.43,491.64,2026-06-24,76,-24.45,667.4009,2026-03-06,1,2.56,35.75,,,,,,,,2.56,-0.58,-0.33,-1.5,-2.67,-4.7,-2.61,-9.59,-22.67,-20.63,-20.94
HII,HUNTINGTON INGALLS INCORPORATED,N0002421C2443,2025-08-28,75000.0,Department of Defense,Department of the Navy,DEFINITIVE CONTRACT,2025-08-28,270.6986,271.8,-0.41,263.9292,2025-09-09,7,-2.5,364.879,2026-01-06,89,34.79,38.25,22.0,41.0,44.0,75.0,82.0,,,-1.14,-1.68,-1.02,-2.5,0.29,0.28,2.05,3.31,17.56,11.53,30.7
NOC,NORTHROP GRUMMAN SYSTEMS CORPORATION,HQ072725FE066,2026-03-05,9000000.0,Department of Defense,Defense Microelectronics Activity,DELIVERY ORDER,2026-03-05,736.7673,750.5368,-1.83,496.02,2026-06-29,79,-32.68,752.8167,2026-03-06,1,2.18,51.77,,,,,,,,2.18,-0.68,-0.5,-0.55,-3.49,-6.59,-5.98,-10.1,-25.74,-26.81,-28.71
AVAV,"AEROVIRONMENT, INC",FA862926FB020,2026-01-16,0.0,Department of Defense,Department of the Air Force,DELIVERY ORDER,2026-01-16,392.86,378.57,3.77,158.0,2026-05-15,82,-59.78,392.86,2026-01-16,0,0.0,148.65,,,,,,,,-15.77,-20.55,-22.96,-21.87,-31.28,-34.53,-32.43,-41.89,-50.06,-49.49,-45.43
CACI,"CACI, INC. - FEDERAL",FA807525F0014,2026-01-21,100000.0,Department of Defense,Department of the Air Force,DELIVERY ORDER,2026-01-21,632.56,629.14,0.54,480.99,2026-05-08,75,-23.96,662.19,2026-01-23,2,4.68,37.67,,,,,,,,3.62,1.62,0.9,-1.89,-4.34,-1.07,-7.36,-3.17,-8.33,-16.66,-17.02
HII,HUNTINGTON INGALLS INC,N0002421C2106,2026-03-26,0.0,Department of Defense,Department of the Navy,DEFINITIVE CONTRACT,2026-03-26,383.1353,400.8288,-4.41,268.76,2026-07-21,79,-29.85,409.581,2026-04-08,8,6.9,52.4,6.0,,,,,,,-0.78,-1.27,3.07,4.55,2.5,2.96,-6.86,-17.8,-22.64,-26.01,-17.08
BAH,BOOZ ALLEN HAMILTON INC,68HERD24F0100,2025-08-25,344000.0,Environmental Protection Agency,Environmental Protection Agency,BPA CALL,2025-08-25,107.0956,107.5751,-0.45,78.7024,2025-11-20,62,-26.51,108.3971,2025-08-27,2,1.22,37.73,,,,,,,,0.76,-1.11,0.58,-5.7,-5.77,-7.15,-9.28,-4.93,-21.82,-25.54,-21.92
HII,HUNTINGTON INGALLS INCORPORATED,N0002424C2467,2026-01-29,485392220.0,Department of Defense,Department of the Navy,DEFINITIVE CONTRACT,2026-01-29,424.6631,422.2412,0.57,287.54,2026-06-03,86,-32.29,451.7788,2026-03-02,21,6.39,57.12,21.0,,,,,,,-1.71,0.42,-13.66,-5.14,-4.92,3.58,6.39,-2.53,-4.42,-15.97,-29.94
LMT,LOCKHEED MARTIN CORPORATION,N0001925F0031,2025-09-29,0.0,Department of Defense,Department of the Navy,DELIVERY ORDER,2025-09-29,482.5541,478.1011,0.93,434.0461,2025-12-01,44,-10.05,628.5509,2026-02-02,86,30.26,44.81,68.0,71.0,74.0,78.0,86.0,,,1.47,1.5,4.52,4.48,2.41,0.64,-1.26,-8.11,-9.51,-1.17,27.71
NOC,NORTHROP GRUMMAN SYSTEMS CORPORATION,N0016425FW016,2026-03-31,1530473.0,Department of Defense,Department of the Navy,DELIVERY ORDER,2026-03-31,679.2505,668.6472,1.59,496.02,2026-06-29,61,-26.98,699.4217,2026-04-02,2,2.97,41.01,,,,,,,,2.16,1.99,0.77,-1.25,-0.53,-10.42,-15.06,-19.12,-19.74,-26.39,-14.92
BA,THE BOEING COMPANY,FA822021F0015,2025-12-15,0.0,Department of Defense,Department of the Air Force,DELIVERY ORDER,2025-12-15,205.5,204.38,0.55,189.21,2026-03-30,71,-7.93,252.15,2026-01-23,26,22.7,33.26,5.0,12.0,18.0,21.0,,,,0.59,1.35,5.52,6.16,6.33,11.84,20.55,13.89,12.91,2.14,12.57
BA,THE BOEING COMPANY,W58RGZ22F0407,2026-02-17,0.0,Department of Defense,Defense Contract Management Agency,DELIVERY ORDER,2026-02-17,244.04,242.96,0.44,189.21,2026-03-30,29,-22.47,244.04,2026-02-17,0,0.0,28.98,,,,,,,,-2.09,-4.92,-4.36,-5.99,-8.16,-7.8,-15.59,-18.44,-5.23,-1.41,-10.98
ACN,ACCENTURE FEDERAL SERVICES LLC,89303022FIM000088,2025-09-16,3691045.87,Department of Energy,Department of Energy,BPA CALL,2025-09-16,232.0287,233.0673,-0.45,227.8645,2025-09-25,7,-1.79,282.7143,2026-01-14,83,21.84,24.07,15.0,54.0,55.0,83.0,,,,1.87,1.22,-0.55,-1.79,4.13,4.8,1.22,6.98,1.35,14.95,18.54
NOC,NORTHROP GRUMMAN SYSTEMS CORPORATION,N6893625F0192,2025-10-23,700000.0,Department of Defense,Department of the Navy,DELIVERY ORDER,2025-10-23,598.7336,589.5807,1.55,541.3857,2025-12-01,26,-9.58,764.6547,2026-03-02,87,27.71,41.24,56.0,58.0,66.0,79.0,,,,-0.03,-1.76,-4.48,-5.01,-5.58,-7.79,-6.45,-9.0,-4.23,10.09,23.05
BA,THE BOEING COMPANY,NAS1510000,2025-08-29,0.0,National Aeronautics and Space Administration,National Aeronautics and Space Administration,DEFINITIVE CONTRACT,2025-08-29,234.68,236.16,-0.63,179.12,2025-11-24,60,-23.67,237.38,2025-09-02,1,1.15,32.53,,,,,,,,1.15,-1.67,-1.59,-3.05,-8.07,-8.11,-8.03,-8.15,-12.84,-23.67,-3.11
NOC,NORTHROP GRUMMAN SYSTEMS CORPORATION,W31P4Q26C0011,2026-03-04,1666484.25,Department of Defense,Department of the Army,DEFINITIVE CONTRACT,2026-03-04,750.5368,755.7836,-0.69,496.02,2026-06-29,80,-33.91,752.8167,2026-03-06,2,0.3,51.77,,,,,,,,-1.83,-0.86,-2.74,-2.67,-3.85,-9.51,-6.81,-10.75,-26.74,-25.23,-29.56
KTOS,"KRATOS TECHNOLOGY & TRAINING SOLUTIONS, INC.",FA882325FB022,2025-08-20,3814057.43,Department of Defense,Department of the Air Force,DELIVERY ORDER,2025-08-20,64.27,64.02,0.39,63.59,2025-09-04,10,-1.06,105.67,2025-10-08,34,64.42,66.17,4.0,17.0,18.0,20.0,23.0,32.0,,0.79,4.09,5.68,2.44,-1.06,2.16,25.67,47.86,38.98,11.55,20.54
ACN,ACCENTURE FEDERAL SERVICES LLC,19AQMM23F3430,2025-09-09,3693286.58,Department of State,Department of State,BPA CALL,2025-09-09,246.9022,250.4099,-1.4,227.8645,2025-09-25,12,-7.71,282.7143,2026-01-14,88,14.5,24.07,60.0,84.0,,,,,,-3.52,-5.34,-6.02,-4.94,-6.54,-1.98,0.39,-0.59,-3.74,8.28,13.58
TXT,BELL TEXTRON INC,SPRWA123F0033,2025-11-04,0.0,Department of Defense,Defense Contract Management Agency,DELIVERY ORDER,2025-11-04,79.7072,79.9271,-0.28,79.4774,2025-11-20,12,-0.29,100.7265,2026-02-20,73,26.37,26.74,23.0,28.0,44.0,52.0,,,,0.64,2.85,3.37,2.12,0.11,3.3,4.24,9.65,17.67,9.8,14.76
GD,"GENERAL DYNAMICS INFORMATION TECHNOLOGY, INC.",N6660423F3004,2025-11-24,179724.0,Department of Defense,Department of the Navy,DELIVERY ORDER,2025-11-24,333.7286,335.9099,-0.65,328.0535,2025-12-01,4,-1.7,364.0791,2026-01-16,36,9.09,10.98,27.0,,,,,,,0.87,1.04,-0.69,1.06,-1.14,0.76,2.15,3.94,4.26,3.63,3.47
ACN,ACCENTURE FEDERAL SERVICES LLC,89303025FIM000170,2026-01-07,206232.0,Department of Energy,Department of Energy,BPA CALL,2026-01-07,268.4482,270.3589,-0.71,157.7433,2026-05-13,87,-41.24,282.7142,2026-01-14,5,5.31,79.22,5.0,,,,,,,2.86,2.55,5.31,4.46,4.06,-1.3,-12.18,-21.4,-28.22,-27.39,-34.65
LMT,LOCKHEED MARTIN CORPORATION,HQ085121C0002,2025-11-07,0.0,Department of Defense,Missile Defense Agency,DEFINITIVE CONTRACT,2025-11-07,449.5684,459.9359,-2.25,434.0461,2025-12-01,15,-3.45,672.2988,2026-03-02,76,49.54,54.89,24.0,38.0,42.0,43.0,50.0,,,-1.36,-0.29,1.62,3.57,0.53,-0.11,2.64,6.3,25.9,33.92,38.66
GD,"GENERAL DYNAMICS INFORMATION TECHNOLOGY, INC.",N6523624F0288,2026-02-13,-2577.82,Department of Defense,Department of the Navy,DELIVERY ORDER,2026-02-13,344.5164,337.6884,2.02,311.1606,2026-04-27,49,-9.68,362.8304,2026-03-04,12,5.32,16.61,12.0,,,,,,,-1.47,1.93,0.39,-1.29,4.93,4.56,2.49,-1.97,-5.93,0.12,-0.39
TXT,BELL TEXTRON INC,W58RGZ22C0012,2025-10-15,200451.4,Department of Defense,Department of the Army,DEFINITIVE CONTRACT,2025-10-15,82.4554,83.7046,-1.49,79.3674,2025-10-30,11,-3.75,100.7265,2026-02-20,87,22.16,26.91,40.0,47.0,66.0,84.0,,,,-1.04,-0.13,0.08,-1.56,-3.05,-3.33,-1.28,0.64,6.63,13.08,17.15
LDOS,"LEIDOS, INC.",15JPSS21F00000525,2025-09-13,1364000.0,Department of Justice,"Offices, Boards and Divisions",DELIVERY ORDER,2025-09-15,181.2248,181.9488,-0.4,179.3204,2025-12-31,75,-1.05,197.9062,2025-11-04,36,9.2,10.36,13.0,,,,,,,-0.08,2.42,2.81,2.56,1.58,7.03,2.48,3.49,3.32,1.21,4.89
IBM,INTERNATIONAL BUSINESS MACHINES CORPORATION,70RDA125FC0000061,2025-09-30,5003027.61,Department of Homeland Security,Office of Procurement Operations,BPA CALL,2025-09-30,275.0106,272.7104,0.84,268.9774,2025-10-16,12,-2.19,308.6917,2025-11-12,31,12.25,14.76,18.0,19.0,,,,,,1.53,2.2,4.15,2.15,-2.13,0.53,9.23,11.8,7.84,8.53,5.6
LMT,LOCKHEED MARTIN CORPORATION,FA868224CB002,2026-03-20,27916729.0,Department of Defense,Department of the Air Force,DEFINITIVE CONTRACT,2026-03-20,623.3492,633.3637,-1.58,491.64,2026-06-24,65,-21.13,633.7512,2026-04-06,10,1.67,28.91,,,,,,,,-1.78,-0.51,-1.85,-3.67,1.67,-2.19,-8.84,-17.42,-15.07,-14.02,-7.9
GD,"GENERAL DYNAMICS INFORMATION TECHNOLOGY, INC.",75FCMC24F0029,2026-01-30,57750208.52,Department of Health and Human Services,Centers for Medicare and Medicaid Services,DELIVERY ORDER,2026-01-30,347.9355,346.8057,0.33,311.1606,2026-04-27,59,-10.57,362.8304,2026-03-04,22,4.28,16.61,,,,,,,,-1.34,0.65,2.56,2.2,-0.98,0.09,3.88,0.93,-0.76,-10.24,-2.4
BA,THE BOEING COMPANY,FA852625F0002,2025-08-19,210399632.5,Department of Defense,Department of the Air Force,DELIVERY ORDER,2025-08-19,225.0,232.41,-3.19,179.12,2025-11-24,68,-20.39,237.38,2025-09-02,9,5.5,32.53,9.0,,,,,,,0.28,2.28,4.37,4.96,3.28,2.01,-4.15,-4.36,-3.74,-13.11,-3.8
LMT,LOCKHEED MARTIN CORPORATION,H9225425F2898,2026-03-09,-1206599.29,Department of Defense,U.S. Special Operations Command,DELIVERY ORDER,2026-03-09,659.8304,667.4009,-1.13,491.64,2026-06-24,74,-25.49,659.8304,2026-03-09,0,0.0,34.21,,,,,,,,-1.95,-1.7,-2.85,-3.29,-7.21,-7.27,-5.37,-13.88,-21.55,-22.4,-22.89
HII,HUNTINGTON INGALLS INC,N0002415C2114,2026-01-30,1748112.0,Department of Defense,Department of the Navy,DEFINITIVE CONTRACT,2026-01-30,417.3973,424.6631,-1.71,287.54,2026-06-03,85,-31.11,451.7788,2026-03-02,20,8.24,57.12,13.0,,,,,,,-0.05,-1.75,-5.41,-5.03,-0.41,4.06,5.04,-0.62,-4.04,-13.79,-30.73
CACI,"CACI, INC. - FEDERAL",FA807524F0060,2026-03-04,2419112.33,Department of Defense,Department of the Air Force,DELIVERY ORDER,2026-03-04,624.55,629.75,-0.83,443.26,2026-06-25,78,-29.03,633.21,2026-03-09,3,1.39,42.85,,,,,,,,-1.93,1.39,-3.23,-2.85,-2.53,-7.66,-7.83,-15.12,-21.56,-17.78,-24.98
NOC,NORTHROP GRUMMAN SYSTEMS CORPORATION,HR001124C0310,2025-09-09,961468.0,Department of Defense,Defense Advanced Research Projects Agency,DEFINITIVE CONTRACT,2025-09-09,565.0181,575.1694,-1.76,541.3857,2025-12-01,58,-4.18,661.858,2026-01-16,90,17.14,22.25,15.0,21.0,90.0,,,,,1.44,0.76,1.35,0.37,0.95,3.91,11.6,4.85,-0.86,-2.81,17.14
LDOS,"LEIDOS, INC.",28321322FDS030130,2025-08-22,-314482.95,Social Security Administration,Social Security Administration,DELIVERY ORDER,2025-08-22,179.8508,178.5643,0.72,175.8627,2025-09-03,7,-2.22,197.9062,2025-11-04,51,10.04,12.53,27.0,51.0,,,,,,-0.07,0.91,-0.45,-2.22,-1.83,1.17,3.18,9.21,4.28,4.11,-0.29
BA,THE BOEING COMPANY,W58RGZ21C0015,2025-09-05,1278960.0,Department of Defense,Department of the Army,DEFINITIVE CONTRACT,2025-09-05,229.61,230.75,-0.49,179.12,2025-11-24,56,-21.99,244.55,2026-01-13,89,6.51,36.53,89.0,,,,,,,0.58,-0.91,-5.95,-6.35,-6.08,-7.0,-4.3,-7.26,-15.24,-18.79,5.66
LDOS,"LEIDOS, INC.",47QFPA23F0054,2026-02-18,0.0,General Services Administration,Federal Acquisition Service,DELIVERY ORDER,2026-02-18,170.5035,160.5633,6.19,100.0,2026-06-25,88,-41.35,179.5689,2026-03-03,9,5.32,79.57,9.0,,,,,,,2.76,0.27,-0.96,2.08,3.01,0.57,-3.01,-8.82,-13.74,-26.62,-41.09
GD,"GENERAL DYNAMICS INFORMATION TECHNOLOGY, INC.",47QFSA19F0058,2025-09-09,-102770.44,General Services Administration,Federal Acquisition Service,DELIVERY ORDER,2025-09-09,315.7594,317.1253,-0.43,315.7594,2025-09-09,0,0.0,364.0791,2026-01-16,90,15.3,15.3,15.0,34.0,89.0,,,,,0.54,1.5,1.58,1.01,0.58,3.37,7.81,6.49,10.16,5.68,15.3
LMT,LOCKHEED MARTIN CORPORATION,H9225426FE008,2026-03-19,0.0,Department of Defense,U.S. Special Operations Command,DELIVERY ORDER,2026-03-19,633.3637,638.1027,-0.74,491.64,2026-06-24,66,-22.38,633.7512,2026-04-06,11,0.06,28.91,,,,,,,,-1.58,-4.29,-1.6,-6.11,-2.31,-2.14,-8.82,-19.57,-16.36,-16.26,-10.13
LMT,LOCKHEED MARTIN CORPORATION,W31P4Q25F0273,2025-09-30,9561702.02,Department of Defense,Department of the Army,DELIVERY ORDER,2025-09-30,489.6455,482.5541,1.47,434.0461,2025-12-01,43,-11.36,630.8141,2026-02-09,90,28.83,45.33,67.0,71.0,73.0,81.0,,,,-0.04,1.06,2.38,1.71,1.2,1.34,-2.78,-8.44,-9.82,-1.96,28.83
GD,"GENERAL DYNAMICS INFORMATION TECHNOLOGY, INC.",N6133120F3003,2025-09-26,248000.0,Department of Defense,Department of the Navy,DELIVERY ORDER,2025-09-26,324.6132,318.8056,1.82,324.6132,2025-09-26,0,0.0,364.0791,2026-01-16,77,12.16,12.16,20.0,74.0,,,,,,0.55,3.15,4.02,3.96,1.23,0.52,7.56,5.3,1.06,4.95,7.48
LDOS,"LEIDOS, INC.",W909MY22F0051,2026-03-27,0.0,Department of Defense,Department of the Army,DELIVERY ORDER,2026-03-27,154.9825,157.0253,-1.3,100.0,2026-06-25,61,-35.48,160.0746,2026-04-08,7,3.29,60.07,,,,,,,,-0.86,0.31,2.53,3.29,1.32,-0.23,-6.03,-17.91,-18.46,-32.69,-10.25
LDOS,"LEIDOS, INC.",29FTC122F0038,2025-12-12,4222559.43,Federal Trade Commission,Federal Trade Commission,BPA CALL,2025-12-12,188.1671,188.9605,-0.42,145.5459,2026-04-24,90,-22.65,197.153,2026-01-09,18,4.78,35.46,,,,,,,,-1.77,-4.19,-2.44,-1.57,-2.01,3.27,0.8,-0.81,-6.88,-8.18,-22.65
CACI,"CACI, INC. - FEDERAL",N0016417F3007,2026-03-27,0.0,Department of Defense,Department of the Navy,DELIVERY ORDER,2026-03-27,563.67,579.84,-2.79,443.26,2026-06-25,61,-21.36,667.57,2026-08-11,90,18.43,50.6,87.0,87.0,89.0,,,,,-0.92,-0.45,1.47,2.62,-4.23,-6.48,-9.75,-14.39,-6.9,-18.03,18.43
NOC,NORTHROP GRUMMAN SYSTEMS CORPORATION,FA852823F0023,2025-09-30,0.0,Department of Defense,Department of the Air Force,DELIVERY ORDER,2025-09-30,602.2723,587.1195,2.58,541.3857,2025-12-01,43,-10.11,703.7488,2026-02-06,89,16.85,29.99,73.0,78.0,86.0,,,,,-0.64,0.04,2.02,4.22,2.89,-1.2,-3.99,-6.99,-8.82,-4.04,15.02
NOC,NORTHROP GRUMMAN SYSTEMS CORPORATION,FA854024F0008,2025-09-23,386308.26,Department of Defense,Department of the Air Force,DELIVERY ORDER,2025-09-23,570.4051,569.4859,0.16,541.3857,2025-12-01,48,-5.09,690.0928,2026-01-29,88,20.98,27.47,5.0,11.0,80.0,88.0,,,,1.59,3.02,5.59,4.84,7.72,7.24,3.36,0.01,-1.33,-1.84,19.19
LMT,LOCKHEED MARTIN CORP,N0003022C1025,2025-09-11,0.0,Department of Defense,Defense Contract Management Agency,DEFINITIVE CONTRACT,2025-09-11,461.7112,454.9826,1.48,434.0461,2025-12-01,56,-5.99,579.3638,2026-01-21,90,25.48,33.48,13.0,80.0,83.0,86.0,,,,0.12,0.76,0.61,2.05,2.89,6.01,7.29,3.68,-3.16,-3.21,25.48
LMT,LOCKHEED MARTIN CORPORATION,H9225424F2819,2025-08-25,1422213.0,Department of Defense,U.S. Special Operations Command,DELIVERY ORDER,2025-08-25,435.9615,434.4814,0.34,434.0461,2025-12-01,68,-0.44,504.3876,2025-10-06,29,15.7,16.21,12.0,24.0,29.0,,,,,1.73,1.89,1.8,2.78,2.83,6.47,9.4,14.98,9.29,6.8,12.68
HII,HUNTINGTON INGALLS INCORPORATED,N0002420C2437,2026-01-28,10000.0,Department of Defense,Department of the Navy,DEFINITIVE CONTRACT,2026-01-28,422.2412,419.6605,0.61,287.54,2026-06-03,87,-31.9,451.7788,2026-03-02,22,7.0,57.12,18.0,,,,,,,0.57,-1.2,-2.88,-6.49,-7.68,-0.12,4.82,-2.24,-6.47,-15.27,-30.78
NOC,NORTHROP GRUMMAN SYSTEMS CORPORATION,N6893626F0064,2026-04-02,544000.0,Department of Defense,Department of the Navy,DELIVERY ORDER,2026-04-02,699.4217,693.9458,0.79,496.02,2026-06-29,59,-29.08,699.4217,2026-04-02,0,0.0,41.01,,,,,,,,-0.96,-2.14,-4.1,-3.18,-5.3,-16.35,-19.29,-23.03,-22.68,-27.18,-17.46
CACI,"CACI TECHNOLOGIES, LLC",W56KGU20F0012,2026-03-02,-9803.33,Department of Defense,Department of the Army,DELIVERY ORDER,2026-03-02,624.96,610.17,2.42,443.26,2026-06-25,80,-29.07,633.21,2026-03-09,5,1.32,42.85,,,,,,,,0.77,-1.99,1.32,-3.29,-3.14,-2.97,-12.98,-14.62,-20.95,-18.26,-22.16
GD,"GENERAL DYNAMICS MISSION SYSTEMS, INC.",W15P7T21F0186,2025-09-29,161559.8,Department of Defense,Department of the Army,DELIVERY ORDER,2025-09-29,326.4115,324.6132,0.55,326.2868,2025-10-16,13,-0.04,364.0791,2026-01-16,76,11.54,11.58,19.0,74.0,,,,,,2.66,2.67,4.31,4.3,1.11,0.13,4.83,5.68,1.54,3.97,9.32
LDOS,"LEIDOS, INC.",W911NF26FA001,2026-01-28,2528571.43,Department of Defense,Department of the Army,DELIVERY ORDER,2026-01-28,186.6463,186.03,0.33,122.3678,2026-06-08,90,-34.44,193.5547,2026-02-10,9,3.7,58.17,,,,,,,,-0.31,0.14,0.36,2.78,-7.87,-8.65,-6.75,-7.43,-15.21,-22.02,-34.44
ACN,ACCENTURE FEDERAL SERVICES LLC,89303024FIM000150,2025-12-18,10402.64,Department of Energy,Department of Energy,BPA CALL,2025-12-18,264.5094,268.213,-1.38,174.8674,2026-04-27,87,-33.89,282.7142,2026-01-14,17,6.88,61.67,17.0,,,,,,,0.85,0.3,0.42,0.01,-2.22,3.97,3.99,-10.65,-29.06,-27.71,-33.24
SATL,IRIDIUM SATELLITE LLC,FA254125FB023,2025-10-20,0.0,Department of Defense,Department of the Air Force,DELIVERY ORDER,2025-10-20,2.52,2.72,-7.35,1.27,2025-11-20,23,-49.6,5.5,2026-01-27,67,118.25,333.07,55.0,55.0,55.0,57.0,57.0,64.0,65.0,-7.94,-11.9,-19.05,-26.19,-25.4,-34.52,-46.03,-38.1,-19.84,38.49,25.79
GE,GENERAL ELECTRIC COMPANY,SPE4A226F0776,2025-12-22,9791615.64,Department of Defense,Defense Logistics Agency,DELIVERY ORDER,2025-12-22,313.5224,306.0312,2.45,272.9098,2026-03-30,66,-12.95,344.8073,2026-03-02,46,9.98,26.34,39.0,,,,,,,0.25,0.13,-0.82,2.03,2.95,4.09,-6.52,-2.54,8.87,-8.64,-10.64
NOC,NORTHROP GRUMMAN SYSTEMS CORPORATION,FA852820F0009,2025-09-02,-951713.45,Department of Defense,Department of the Air Force,DELIVERY ORDER,2025-09-02,582.5035,580.9319,0.27,541.3857,2025-12-01,63,-7.06,630.571,2025-10-08,26,8.25,16.47,25.0,,,,,,,-1.41,-1.45,-3.0,-1.08,-1.69,-2.23,2.73,6.38,-2.07,-3.38,5.43
LMT,LOCKHEED MARTIN AERONAUTICAL SYSTEMS SUPPORT COMPANY,70B02C20C00000027,2025-08-21,-50076.22,Department of Homeland Security,U.S. Customs and Border Protection,DEFINITIVE CONTRACT,2025-08-21,435.4551,434.2867,0.27,434.0461,2025-12-01,70,-0.32,504.3876,2025-10-06,31,15.83,16.21,14.0,26.0,31.0,,,,,-0.22,1.85,2.01,1.92,4.49,6.03,8.21,13.63,9.34,4.91,10.75
BA,THE BOEING COMPANY,N0038324FDU08,2025-10-16,0.0,Department of Defense,Department of the Navy,DELIVERY ORDER,2025-10-16,211.89,214.0,-0.99,179.12,2025-11-24,27,-15.47,252.15,2026-01-23,67,19.0,40.77,7.0,58.0,60.0,,,,,0.5,2.53,2.78,5.24,-5.57,-6.73,-8.2,-10.8,1.03,15.41,8.27
GD,GENERAL DYNAMICS LAND SYSTEMS INC.,W56HZV17C0067,2025-08-21,-643277.41,Department of Defense,Department of the Army,DEFINITIVE CONTRACT,2025-08-21,311.0426,311.9762,-0.3,311.0426,2025-08-21,0,0.0,349.165,2025-10-27,46,12.26,12.26,27.0,45.0,,,,,,0.97,1.78,2.65,2.48,2.0,4.14,1.94,8.56,11.3,9.24,7.72
HII,HUNTINGTON INGALLS INC,N0002409C2116,2026-01-28,48058.5,Department of Defense,Department of the Navy,DEFINITIVE CONTRACT,2026-01-28,422.2412,419.6605,0.61,287.54,2026-06-03,87,-31.9,451.7788,2026-03-02,22,7.0,57.12,18.0,,,,,,,0.57,-1.2,-2.88,-6.49,-7.68,-0.12,4.82,-2.24,-6.47,-15.27,-30.78
LMT,LOCKHEED MARTIN CORPORATION,FA861123F0007,2026-03-18,174604.17,Department of Defense,Department of the Air Force,DELIVERY ORDER,2026-03-18,638.1027,632.1913,0.94,491.64,2026-06-24,67,-22.95,638.1027,2026-03-18,0,0.0,29.79,,,,,,,,-0.74,-4.05,-2.81,-4.12,-3.84,-2.15,-7.8,-19.35,-18.6,-15.32,-8.9
NOC,NORTHROP GRUMMAN SYSTEMS CORPORATION,HQ072725FE019,2025-09-02,0.0,Department of Defense,Defense Microelectronics Activity,DELIVERY ORDER,2025-09-02,582.5035,580.9319,0.27,541.3857,2025-12-01,63,-7.06,630.571,2025-10-08,26,8.25,16.47,25.0,,,,,,,-1.41,-1.45,-3.0,-1.08,-1.69,-2.23,2.73,6.38,-2.07,-3.38,5.43
GD,GENERAL DYNAMICS INFORMATION TECHNOLOGY INC.,W56JSR19F0109,2025-09-04,0.0,Department of Defense,Department of the Army,DELIVERY ORDER,2025-09-04,316.8502,317.2137,-0.11,315.7594,2025-09-09,3,-0.34,358.571,2026-01-13,90,13.17,13.56,18.0,37.0,,,,,,0.13,-0.34,2.23,1.41,0.66,0.37,6.57,2.98,6.0,6.42,13.17
BA,THE BOEING COMPANY,FA862516C6599,2026-03-20,342535.49,Department of Defense,Department of the Air Force,DEFINITIVE CONTRACT,2026-03-20,195.12,201.18,-3.01,189.21,2026-03-30,6,-3.03,240.6,2026-05-13,37,23.31,27.16,8.0,12.0,20.0,23.0,,,,1.69,2.3,-2.36,2.0,8.8,11.54,12.32,13.42,12.19,16.59,13.21
GD,"GENERAL DYNAMICS INFORMATION TECHNOLOGY, INC.",70B01C24F00000960,2026-01-22,0.0,Department of Homeland Security,U.S. Customs and Border Protection,BPA CALL,2026-01-22,362.543,361.5024,0.29,311.1606,2026-04-27,65,-14.17,363.3259,2026-01-27,3,0.22,16.76,,,,,,,,-0.7,0.22,-4.34,-5.32,-3.77,-5.33,-4.61,-0.64,-5.21,-8.79,-7.29
NOC,NORTHROP GRUMMAN SYSTEMS CORPORATION,FA863824FB007,2026-01-05,132233.74,Department of Defense,Department of the Air Force,DELIVERY ORDER,2026-01-05,606.6982,581.2321,4.38,545.8078,2026-05-11,87,-10.04,764.6547,2026-03-02,38,26.04,40.1,7.0,13.0,20.0,31.0,,,,-0.12,-3.36,2.94,6.84,7.52,8.12,12.83,18.57,20.32,14.38,-9.96
BAH,BOOZ ALLEN HAMILTON INC,FA807522F0047,2025-09-17,0.0,Department of Defense,Department of the Air Force,DELIVERY ORDER,2025-09-17,99.404,99.6486,-0.25,78.7024,2025-11-20,46,-20.83,101.8113,2025-10-07,14,2.42,29.36,,,,,,,,-0.36,-1.76,-2.26,-2.46,1.0,2.42,-4.23,-18.46,-20.3,-6.48,-11.25
LMT,LOCKHEED MARTIN CORPORATION,W31P4Q25F0194,2025-09-10,6000000.0,Department of Defense,Department of the Army,DELIVERY ORDER,2025-09-10,454.9826,448.3031,1.49,434.0461,2025-12-01,57,-4.6,575.6083,2026-01-16,89,26.51,32.61,12.0,18.0,84.0,86.0,,,,1.48,2.02,1.99,1.96,4.82,7.62,9.46,5.02,-1.47,-2.61,25.13
LDOS,"LEIDOS, INC.",DTFA0101CA0065CALL0001,2026-01-16,1157046.98,Department of Transportation,Federal Aviation Administration,DELIVERY ORDER,2026-01-16,193.5348,192.2028,0.69,122.6069,2026-05-21,86,-36.65,193.5547,2026-02-10,16,0.01,57.87,,,,,,,,-1.94,-0.64,-2.67,-3.56,-3.42,-0.88,-11.9,-7.22,-18.14,-18.11,-32.25
LMT,LOCKHEED MARTIN CORPORATION,H9225420F2425,2025-09-17,-140202.43,Department of Defense,U.S. Special Operations Command,DELIVERY ORDER,2025-09-17,464.0554,465.2324,-0.25,434.0461,2025-12-01,52,-6.47,587.9818,2026-01-27,90,26.71,35.47,9.0,76.0,79.0,82.0,,,,0.11,1.54,2.78,3.03,5.47,8.02,4.25,2.58,-0.68,1.13,26.71
LDOS,"LEIDOS, INC.",W5J9CQ21F0015,2025-09-05,0.0,Department of Defense,Department of the Army,DELIVERY ORDER,2025-09-05,177.1393,176.7237,0.24,176.5554,2025-09-08,1,-0.33,197.9062,2025-11-04,42,11.72,12.09,11.0,21.0,,,,,,-0.33,0.77,2.72,2.22,4.95,2.1,10.88,3.3,10.28,5.49,7.08
NOC,NORTHROP GRUMMAN SYSTEMS CORPORATION,N0001925F0924,2025-08-29,1186290.0,Department of Defense,Department of the Navy,DELIVERY ORDER,2025-08-29,580.9319,578.825,0.36,541.3857,2025-12-01,64,-6.81,630.571,2025-10-08,27,8.54,16.47,25.0,,,,,,,0.27,-1.36,-0.99,-1.34,-2.24,-2.5,3.67,5.3,-2.1,-3.77,0.93
ACN,ACCENTURE FEDERAL SERVICES LLC,89303024FIM000142,2025-09-09,-241412.05,Department of Energy,Department of Energy,BPA CALL,2025-09-09,246.9022,250.4099,-1.4,227.8645,2025-09-25,12,-7.71,282.7143,2026-01-14,88,14.5,24.07,60.0,84.0,,,,,,-3.52,-5.34,-6.02,-4.94,-6.54,-1.98,0.39,-0.59,-3.74,8.28,13.58
NOC,NORTHROP GRUMMAN SYSTEMS CORPORATION,N0002424F5201,2025-08-19,0.0,Department of Defense,Department of the Navy,DELIVERY ORDER,2025-08-19,577.1807,575.7925,0.24,541.3857,2025-12-01,72,-6.2,630.571,2025-10-08,35,9.25,16.47,33.0,,,,,,,1.08,1.06,1.16,0.28,-0.5,-2.11,-1.74,3.68,2.15,-4.34,-0.72
HII,HUNTINGTON INGALLS INCORPORATED,N0002423C2324,2026-03-02,6388.0,Department of Defense,Department of the Navy,DEFINITIVE CONTRACT,2026-03-02,451.7788,442.6084,2.07,277.39,2026-06-29,82,-38.6,451.7788,2026-03-02,0,0.0,62.87,,,,,,,,-2.95,-7.18,-5.32,-8.82,-8.19,-10.08,-16.27,-12.27,-28.12,-30.01,-36.67
LDOS,"LEIDOS, INC.",70B04C24F00000739,2026-01-09,5056813.0,Department of Homeland Security,U.S. Customs and Border Protection,BPA CALL,2026-01-09,197.153,194.0517,1.6,123.2546,2026-05-15,87,-37.48,197.153,2026-01-09,0,0.0,59.96,,,,,,,,-1.38,-3.79,-1.84,-3.14,-4.46,-5.07,-1.83,-12.21,-14.59,-18.81,-37.13
LMT,LOCKHEED MARTIN CORPORATION,W31P4Q26F0023,2026-03-31,417076474.88,Department of Defense,Department of the Army,DELIVERY ORDER,2026-03-31,600.4591,594.6769,0.97,491.64,2026-06-24,58,-18.12,633.7512,2026-04-06,3,5.54,28.91,3.0,,,,,,,2.19,5.54,3.99,1.54,1.11,-5.37,-14.3,-13.97,-13.56,-15.5,0.45
BA,THE BOEING COMPANY,W58RGZ22F0496,2025-10-01,0.0,Department of Defense,Defense Contract Management Agency,DELIVERY ORDER,2025-10-01,215.2,215.83,-0.29,179.12,2025-11-24,38,-16.77,252.15,2026-01-23,78,17.17,40.77,64.0,70.0,73.0,,,,,1.04,2.11,4.7,-2.08,-0.56,0.96,-7.03,-9.15,-6.19,0.58,12.73
LMT,LOCKHEED MARTIN CORPORATION,N0038321F0QW0,2026-02-25,0.0,Department of Defense,Department of the Navy,DELIVERY ORDER,2026-02-25,639.9163,656.6479,-2.55,491.64,2026-06-24,82,-23.17,672.2988,2026-03-02,3,5.06,36.75,3.0,,,,,,,-0.91,5.06,3.16,4.3,0.83,-1.21,-2.6,-3.14,-19.58,-18.83,-16.34
LMT,LOCKHEED MARTIN CORP,FA862521F3012,2025-09-11,0.0,Department of Defense,Department of the Air Force,DELIVERY ORDER,2025-09-11,461.7112,454.9826,1.48,434.0461,2025-12-01,56,-5.99,579.3638,2026-01-21,90,25.48,33.48,13.0,80.0,83.0,86.0,,,,0.12,0.76,0.61,2.05,2.89,6.01,7.29,3.68,-3.16,-3.21,25.48
CACI,"CACI, INC. - FEDERAL",FA807524F0042,2026-01-29,949162.75,Department of Defense,Department of the Air Force,DELIVERY ORDER,2026-01-29,623.13,638.24,-2.37,480.99,2026-05-08,69,-22.81,637.27,2026-02-09,7,2.27,32.49,,,,,,,,-0.41,-0.69,-3.98,2.27,-9.91,-5.12,0.29,-2.63,-8.22,-19.46,-15.74
LMT,LOCKHEED MARTIN CORPORATION,N0002411C2300,2025-10-14,0.0,Department of Defense,Department of the Navy,DEFINITIVE CONTRACT,2025-10-14,495.5012,494.177,0.27,434.0461,2025-12-01,33,-12.4,658.7036,2026-02-19,87,32.94,51.76,60.0,62.0,64.0,73.0,84.0,,,-1.14,-1.99,-3.1,-3.39,-3.84,-3.41,-9.53,-10.45,-5.3,8.29,32.52
NOC,NORTHROP GRUMMAN SYSTEMS CORPORATION,HQ014718F0022,2025-08-14,514999.46,Department of Defense,Missile Defense Agency,DELIVERY ORDER,2025-08-14,574.7095,573.1047,0.28,541.3857,2025-12-01,75,-5.8,630.571,2025-10-08,38,9.72,16.47,36.0,,,,,,,0.04,0.43,2.31,0.52,0.72,-0.29,-1.19,2.25,2.25,-2.21,0.96
BA,THE BOEING COMPANY,N0001925F2096,2025-12-02,0.0,Department of Defense,Department of the Navy,DELIVERY ORDER,2025-12-02,205.38,186.46,10.15,189.21,2026-03-30,80,-7.87,252.15,2026-01-23,35,22.77,33.26,14.0,21.0,27.0,30.0,,,,-1.38,-1.7,-2.44,-2.27,0.65,5.58,10.9,20.63,18.33,11.86,8.95
BA,THE BOEING COMPANY,W58RGZ24F0028,2026-02-23,0.0,Department of Defense,Department of the Army,DELIVERY ORDER,2026-02-23,230.44,232.03,-0.69,189.21,2026-03-30,25,-17.89,240.6,2026-05-13,56,4.41,27.16,,,,,,,,1.28,-0.45,-0.3,-1.36,-2.36,-8.92,-14.76,-8.87,0.12,-6.7,-1.71
LMT,LOCKHEED MARTIN CORPORATION,N0002425C6202,2026-03-18,0.0,Department of Defense,Department of the Navy,DEFINITIVE CONTRACT,2026-03-18,638.1027,632.1913,0.94,491.64,2026-06-24,67,-22.95,638.1027,2026-03-18,0,0.0,29.79,,,,,,,,-0.74,-4.05,-2.81,-4.12,-3.84,-2.15,-7.8,-19.35,-18.6,-15.32,-8.9
BAH,BOOZ ALLEN HAMILTON INC,1333BJ24F00280006,2025-11-10,0.0,Department of Commerce,U.S. Patent and Trademark Office,DELIVERY ORDER,2025-11-10,85.4299,85.5767,-0.17,73.705,2026-02-23,70,-13.72,100.6977,2026-01-23,50,17.87,36.62,19.0,41.0,50.0,,,,,-0.26,-3.54,-5.85,-7.26,-6.88,-4.95,7.25,-2.4,11.97,2.63,-7.17
LMT,LOCKHEED MARTIN CORPORATION,N6134021C0010,2025-10-24,1119767.32,Department of Defense,Department of the Navy,DEFINITIVE CONTRACT,2025-10-24,476.11,478.6994,-0.54,434.0461,2025-12-01,25,-8.83,672.2988,2026-03-02,86,41.21,54.89,48.0,52.0,54.0,57.0,66.0,,,0.31,-0.02,1.33,-0.09,-5.57,-6.09,-7.08,-3.4,1.3,23.28,40.18
CACI,"CACI, INC. - FEDERAL",N6426724F3008,2026-02-13,80000.0,Department of Defense,Department of the Navy,DELIVERY ORDER,2026-02-13,573.3,561.39,2.12,443.26,2026-06-25,90,-22.68,633.21,2026-03-09,15,10.45,42.85,9.0,15.0,,,,,,-1.53,3.12,-0.4,2.92,9.01,7.45,6.91,-2.59,-9.58,-12.93,-22.68
NOC,NORTHROP GRUMMAN SYSTEMS CORPORATION,FA865018C1020,2026-02-09,576000.0,Department of Defense,Department of the Air Force,DEFINITIVE CONTRACT,2026-02-09,692.7427,703.7488,-1.56,521.5,2026-06-18,90,-24.72,764.6547,2026-03-02,14,10.38,46.63,7.0,14.0,,,,,,-1.87,-0.42,0.44,5.57,4.59,10.38,5.37,-1.96,-2.47,-19.57,-24.72
ACN,ACCENTURE FEDERAL SERVICES LLC,89303024FIM000137,2025-11-17,0.0,Department of Energy,Department of Energy,BPA CALL,2025-11-17,236.4574,240.2591,-1.58,187.6335,2026-02-25,67,-20.65,282.7143,2026-01-14,39,19.56,50.67,9.0,11.0,35.0,,,,,-0.55,-0.22,0.95,2.7,8.16,10.43,13.43,11.18,16.47,-7.09,-18.14
LMT,LOCKHEED MARTIN CORPORATION,SPRPA126FDT0A,2026-02-11,0.0,Department of Defense,Defense Logistics Agency,DELIVERY ORDER,2026-02-11,621.3364,622.1864,-0.14,493.6,2026-06-22,89,-20.56,672.2988,2026-03-02,12,8.2,36.2,5.0,,,,,,,1.39,3.32,6.01,5.08,2.06,6.25,3.29,0.31,-5.31,-19.01,-18.94
LMT,LOCKHEED MARTIN CORP,FA880718C0009,2025-09-19,19203423.0,Department of Defense,Department of the Air Force,DEFINITIVE CONTRACT,2025-09-19,463.8788,464.5458,-0.14,434.0461,2025-12-01,50,-6.43,615.2189,2026-01-29,90,32.62,41.74,7.0,74.0,77.0,80.0,90.0,,,1.58,2.81,3.07,5.55,6.67,7.36,6.97,4.0,-2.57,3.21,32.62
NOC,NORTHROP GRUMMAN SYSTEMS CORPORATION,M6785425F0072,2026-01-07,0.0,Department of Defense,Department of the Navy,DELIVERY ORDER,2026-01-07,572.6476,605.9935,-5.5,538.3207,2026-05-15,89,-5.99,764.6547,2026-03-02,36,33.53,42.04,2.0,5.0,7.0,15.0,36.0,,,2.39,9.07,13.19,15.58,16.19,19.43,22.89,25.4,27.56,20.97,-4.38
LMT,LOCKHEED MARTIN CORPORATION,SPRPA126FDT06,2025-12-29,1974610.01,Department of Defense,Defense Logistics Agency,DELIVERY ORDER,2025-12-29,483.1442,477.3726,1.21,478.0051,2025-12-31,2,-1.06,672.2988,2026-03-02,42,39.15,40.65,5.0,8.0,11.0,16.0,23.0,,,-0.18,1.68,6.79,6.05,14.2,17.84,27.34,28.6,34.69,29.0,4.15
CACI,"CACI, INC. - FEDERAL",N0017425F3001,2025-10-27,13879.0,Department of Defense,Department of the Navy,DELIVERY ORDER,2025-10-27,578.73,585.55,-1.16,532.81,2025-12-31,45,-7.93,662.19,2026-01-23,60,14.42,24.28,20.0,59.0,,,,,,-1.08,-2.67,-2.52,1.7,2.27,2.09,6.78,1.81,-7.93,14.42,9.41
LMT,LOCKHEED MARTIN CORP,FA862523F3016,2025-09-29,553881.79,Department of Defense,Department of the Air Force,DELIVERY ORDER,2025-09-29,482.5541,478.1011,0.93,434.0461,2025-12-01,44,-10.05,628.551,2026-02-02,86,30.26,44.81,68.0,71.0,74.0,78.0,86.0,,,1.47,1.5,4.52,4.48,2.41,0.64,-1.26,-8.11,-9.51,-1.17,27.71
LDOS,"LEIDOS, INC.",W15P7T25F0142,2025-12-11,0.0,Department of Defense,Department of the Army,DELIVERY ORDER,2025-12-11,188.9605,186.7588,1.18,147.0805,2026-04-23,90,-22.16,197.153,2026-01-09,19,4.34,34.04,,,,,,,,-0.42,-4.18,-4.69,-2.13,-2.23,-3.49,3.08,-1.55,-9.77,-8.8,-22.16
IBM,INTERNATIONAL BUSINESS MACHINES CORPORATION,47QFEA25F0004,2026-02-19,0.0,General Services Administration,Federal Acquisition Service,DELIVERY ORDER,2026-02-19,252.5956,257.0407,-1.73,213.1113,2026-05-13,58,-15.63,326.8851,2026-06-02,71,29.41,53.39,69.0,69.0,69.0,70.0,,,,0.34,-10.52,-5.57,-6.6,0.11,-2.89,-5.66,-3.17,-9.48,-13.8,10.54
LMT,LOCKHEED MARTIN CORPORATION,N6660426FC431,2026-03-13,0.0,Department of Defense,Department of the Navy,DELIVERY ORDER,2026-03-13,641.7985,648.584,-1.05,491.64,2026-06-24,70,-23.4,641.7985,2026-03-13,0,0.0,30.54,,,,,,,,-0.12,-0.58,-2.87,-5.55,-4.67,-3.59,-5.33,-20.53,-18.22,-17.4,-11.41
BA,"BOEING AEROSPACE OPERATIONS, INC.",N6852025F0041,2026-03-24,3432226.31,Department of Defense,Department of the Navy,DELIVERY ORDER,2026-03-24,196.42,198.41,-1.0,189.21,2026-03-30,4,-3.67,240.6,2026-05-13,35,22.49,27.16,6.0,10.0,20.0,32.0,,,,1.62,-3.0,1.33,6.01,10.88,13.92,19.21,17.06,16.47,13.39,18.87
CACI,"CACI, INC. - FEDERAL",47QFCA24F0018,2025-09-25,4784527.0,General Services Administration,Federal Acquisition Service,DELIVERY ORDER,2025-09-25,476.24,497.23,-4.22,476.24,2025-09-25,0,0.0,662.19,2026-01-23,82,39.05,39.05,4.0,6.0,20.0,20.0,77.0,,,1.96,4.73,8.99,11.08,7.36,8.58,22.95,22.71,29.58,16.88,27.05
BAH,BOOZ ALLEN HAMILTON INC,47QFSA23F0008,2026-02-09,1483030.65,General Services Administration,Federal Acquisition Service,DELIVERY ORDER,2026-02-09,88.7791,87.6759,1.26,66.36,2026-06-18,90,-25.25,88.7791,2026-02-09,0,0.0,33.78,,,,,,,,-0.2,-13.54,-14.56,-10.63,-15.37,-13.01,-15.1,-11.81,-7.99,-14.72,-25.25
LMT,LOCKHEED MARTIN CORPORATION,80GRC021CA003,2025-08-29,0.0,National Aeronautics and Space Administration,National Aeronautics and Space Administration,DEFINITIVE CONTRACT,2025-08-29,443.6638,444.1992,-0.12,434.0461,2025-12-01,64,-2.17,515.9257,2026-01-06,88,16.29,18.86,15.0,21.0,88.0,,,,,0.04,1.0,1.5,2.55,4.62,4.56,10.36,11.39,7.87,-0.28,15.49
LMT,LOCKHEED MARTIN CORP,FA821926CB001,2026-02-19,0.0,Department of Defense,Department of the Air Force,DEFINITIVE CONTRACT,2026-02-19,658.7036,642.1992,2.57,491.64,2026-06-24,86,-25.36,672.2988,2026-03-02,7,2.06,36.75,,,,,,,,-1.24,-0.31,-3.73,2.06,-1.21,-2.04,-5.37,-6.07,-22.56,-22.17,-22.66
LDOS,"LEIDOS, INC.",N6883625F7M5D,2025-12-23,993560.49,Department of Defense,Department of the Navy,DELIVERY ORDER,2025-12-23,185.205,184.9267,0.15,136.7071,2026-05-05,90,-26.19,197.153,2026-01-09,11,6.45,44.22,8.0,,,,,,,0.17,-0.45,-3.18,4.92,4.78,2.42,1.71,3.58,-3.71,-12.55,-26.19
LMT,LOCKHEED MARTIN CORPORATION,W31P4Q20C0023,2025-09-30,330240.88,Department of Defense,Department of the Army,DEFINITIVE CONTRACT,2025-09-30,489.6455,482.5541,1.47,434.0461,2025-12-01,43,-11.36,630.8141,2026-02-09,90,28.83,45.33,67.0,71.0,73.0,81.0,,,,-0.04,1.06,2.38,1.71,1.2,1.34,-2.78,-8.44,-9.82,-1.96,28.83
LMT,LOCKHEED MARTIN CORPORATION,FA868224FB006,2025-10-09,700000.0,Department of Defense,Department of the Air Force,DELIVERY ORDER,2025-10-09,498.0318,504.1718,-1.22,434.0461,2025-12-01,36,-12.85,658.7036,2026-02-19,90,32.26,51.76,63.0,65.0,68.0,76.0,90.0,,,-0.53,-0.51,-2.86,-0.37,-3.88,-4.42,-9.73,-7.78,-4.7,3.59,32.26
BA,THE BOEING COMPANY,N6893626F5003,2026-02-10,1100000.0,Department of Defense,Department of the Navy,DELIVERY ORDER,2026-02-10,242.59,244.71,-0.87,189.21,2026-03-30,33,-22.0,244.04,2026-02-17,4,0.6,28.98,,,,,,,,-2.61,0.15,-1.51,-4.35,-5.04,-7.61,-15.59,-17.72,-9.77,-4.77,-8.97
LMT,LOCKHEED MARTIN CORPORATION,FA823224F0041,2025-09-23,191351.54,Department of Defense,Department of the Air Force,DELIVERY ORDER,2025-09-23,477.3458,471.1862,1.31,434.0461,2025-12-01,48,-9.07,628.551,2026-02-02,90,31.68,44.81,9.0,75.0,77.0,80.0,89.0,,,-0.09,0.16,2.58,2.61,5.01,3.53,0.1,-0.35,-7.04,-1.7,31.68
CACI,"CACI, INC. - FEDERAL",70CMSD25FR0000031,2025-09-16,1656456.84,Department of Homeland Security,U.S. Immigration and Customs Enforcement,DELIVERY ORDER,2025-09-16,491.37,495.06,-0.75,476.24,2025-09-25,7,-3.08,662.19,2026-01-23,89,34.76,39.05,12.0,27.0,27.0,39.0,88.0,,,0.87,1.51,0.32,-3.08,1.51,7.66,5.24,16.51,21.55,21.39,30.81
LMT,LOCKHEED MARTIN CORP,FA945325CX015,2025-11-25,800000.0,Department of Defense,Department of the Air Force,DEFINITIVE CONTRACT,2025-11-25,443.7422,442.4181,0.3,434.0461,2025-12-01,3,-2.19,672.2988,2026-03-02,64,51.51,54.89,11.0,25.0,27.0,30.0,37.0,64.0,,0.39,-2.19,-0.49,0.71,4.22,6.25,7.58,20.92,41.65,47.98,40.72
LMT,LOCKHEED MARTIN CORPORATION,N6339418F0020,2026-04-02,0.0,Department of Defense,Defense Contract Management Agency,DELIVERY ORDER,2026-04-02,618.7394,613.6229,0.83,491.64,2026-06-24,56,-20.54,633.7512,2026-04-06,1,2.43,28.91,,,,,,,,2.43,0.92,-1.46,-1.8,-4.91,-14.93,-16.8,-17.15,-15.95,-17.66,-1.92
BAH,BOOZ ALLEN HAMILTON INC,FA875025FB014,2026-02-11,800000.0,Department of Defense,Department of the Air Force,DELIVERY ORDER,2026-02-11,78.5941,88.6018,-11.3,63.33,2026-06-22,89,-19.42,83.4516,2026-04-07,37,6.18,31.77,36.0,,,,,,,-2.33,-3.49,0.95,-6.22,0.74,-1.06,-1.16,1.44,3.26,-2.71,-18.72
BA,THE BOEING COMPANY,FA852622F0003,2025-09-09,0.0,Department of Defense,Defense Contract Management Agency,DELIVERY ORDER,2025-09-09,229.52,230.95,-0.62,179.12,2025-11-24,54,-21.96,247.74,2026-01-15,89,7.94,38.31,87.0,,,,,,,-0.87,-5.92,-6.32,-6.04,-5.74,-5.42,-1.83,-5.34,-14.95,-11.75,7.91
LDOS,"LEIDOS, INC.",N6264520F0286,2025-09-10,0.0,Department of Defense,Department of the Navy,DELIVERY ORDER,2025-09-10,178.4951,177.169,0.75,178.4951,2025-09-10,0,0.0,197.9062,2025-11-04,39,10.87,10.87,15.0,18.0,,,,,,2.64,1.53,2.12,4.15,4.12,4.99,7.82,4.72,7.25,6.91,6.32
LMT,LOCKHEED MARTIN CORP,70B02C24C00000001,2025-12-03,468335.4,Department of Homeland Security,U.S. Customs and Border Protection,DEFINITIVE CONTRACT,2025-12-03,441.5669,436.6452,1.13,441.5669,2025-12-03,0,0.0,672.2988,2026-03-02,59,52.25,52.25,6.0,20.0,22.0,25.0,30.0,59.0,,0.35,4.16,4.73,7.49,6.26,8.0,14.5,30.36,42.86,50.26,37.49
NOC,NORTHROP GRUMMAN SYSTEMS CORPORATION,HQ014711C0006,2025-09-18,0.0,Department of Defense,Missile Defense Agency,DEFINITIVE CONTRACT,2025-09-18,567.1136,570.4051,-0.58,541.3857,2025-12-01,51,-4.54,683.9199,2026-01-28,90,20.6,26.33,8.0,14.0,83.0,90.0,,,,-0.13,0.58,2.1,3.53,5.45,11.19,3.62,0.85,-1.12,-0.29,20.6
LDOS,"LEIDOS, INC.",HC104724F0005,2026-03-26,690947.0,Department of Defense,Defense Information Systems Agency,DELIVERY ORDER,2026-03-26,157.0253,158.3208,-0.82,100.0,2026-06-25,62,-36.32,160.0746,2026-04-08,8,1.94,60.07,,,,,,,,-1.3,-1.31,0.79,0.82,-2.98,-0.7,-8.47,-17.43,-18.95,-32.42,-19.22
NOC,NORTHROP GRUMMAN SYSTEMS CORP,N0003025C2013,2025-09-09,900000.0,Department of Defense,Department of the Navy,DEFINITIVE CONTRACT,2025-09-09,565.0181,575.1694,-1.76,541.3857,2025-12-01,58,-4.18,661.858,2026-01-16,90,17.14,22.25,15.0,21.0,90.0,,,,,1.44,0.76,1.35,0.37,0.95,3.91,11.6,4.85,-0.86,-2.81,17.14
LMT,LOCKHEED MARTIN CORPORATION,H9225424F2787,2025-12-02,600720.06,Department of Defense,U.S. Special Operations Command,DELIVERY ORDER,2025-12-02,436.6453,434.0461,0.6,436.6453,2025-12-02,0,0.0,672.2988,2026-03-02,60,53.97,53.97,4.0,18.0,22.0,26.0,30.0,53.0,,1.13,2.35,5.67,7.48,7.98,9.45,12.51,30.8,41.14,53.97,39.15
HON,HONEYWELL INTERNATIONAL INC.,FA850423P0004,2025-11-18,0.0,Department of Defense,Department of the Air Force,PURCHASE ORDER,2025-11-18,198.7026,203.508,-2.36,195.2672,2025-11-20,2,-1.73,258.7145,2026-03-02,69,30.2,32.49,31.0,38.0,43.0,51.0,69.0,,,-0.46,-0.75,-0.22,0.39,1.06,-0.67,3.46,2.31,15.52,26.74,18.65
BAH,BOOZ ALLEN HAMILTON INC,W56HZV22F0410,2025-11-28,1005955.67,Department of Defense,Department of the Army,DELIVERY ORDER,2025-11-28,82.2091,82.0022,0.25,73.705,2026-02-23,57,-10.34,100.6977,2026-01-23,37,22.49,36.62,4.0,8.0,28.0,37.0,,,,-1.22,-1.16,5.45,8.47,11.17,3.06,2.02,14.2,1.89,-3.69,-5.62
LMT,LOCKHEED MARTIN CORPORATION,N0003920C0003,2025-09-09,0.0,Department of Defense,Defense Contract Management Agency,DEFINITIVE CONTRACT,2025-09-09,448.3031,450.3138,-0.45,434.0461,2025-12-01,58,-3.18,575.6083,2026-01-16,90,28.4,32.61,9.0,18.0,82.0,86.0,,,,1.49,3.12,3.78,3.62,6.48,7.64,12.46,7.1,0.0,-1.5,28.4
BA,THE BOEING COMPANY,80MSFC20C0052,2026-03-18,0.0,National Aeronautics and Space Administration,National Aeronautics and Space Administration,DEFINITIVE CONTRACT,2026-03-18,205.99,210.82,-2.29,189.21,2026-03-30,8,-8.15,240.6,2026-05-13,39,16.8,27.16,14.0,24.0,36.0,,,,,-2.34,-3.68,-3.1,-7.51,0.65,5.73,8.44,11.19,6.61,6.34,7.56
CACI,"CACI, INC. - FEDERAL",N0042123F0669,2025-08-19,472123.81,Department of Defense,Department of the Navy,DELIVERY ORDER,2025-08-19,486.85,486.22,0.13,460.1,2025-09-04,11,-5.49,617.97,2025-11-25,69,26.93,34.31,30.0,46.0,46.0,46.0,,,,-0.05,-1.12,-0.76,-1.47,-3.57,-1.49,1.98,5.81,6.84,20.5,11.32
LMT,LOCKHEED MARTIN CORPORATION,H9225425FE032,2026-01-07,0.0,Department of Defense,U.S. Special Operations Command,DELIVERY ORDER,2026-01-07,491.0505,515.9257,-4.82,491.0505,2026-01-07,0,0.0,672.2988,2026-03-02,36,36.91,36.91,2.0,3.0,5.0,14.0,26.0,,,4.34,10.94,15.26,17.22,19.53,20.21,25.5,32.48,30.7,29.06,6.89
PSN,PARSONS GOVERNMENT SERVICES INC.,HDTRA125FE015,2026-02-12,1500000.0,Department of Defense,Defense Threat Reduction Agency,DELIVERY ORDER,2026-02-12,62.67,60.25,4.02,48.65,2026-06-22,88,-22.37,67.86,2026-03-02,11,8.28,39.49,4.0,,,,,,,1.13,1.68,4.56,3.22,5.31,4.44,-16.07,-16.21,-12.37,-22.23,-22.07
BA,THE BOEING COMPANY,FA873023C0025,2026-03-24,-35000000.0,Department of Defense,Department of the Air Force,DEFINITIVE CONTRACT,2026-03-24,196.42,198.41,-1.0,189.21,2026-03-30,4,-3.67,240.6,2026-05-13,35,22.49,27.16,6.0,10.0,20.0,32.0,,,,1.62,-3.0,1.33,6.01,10.88,13.92,19.21,17.06,16.47,13.39,18.87
TXT,TEXTRON SYSTEMS CORPORATION,N6893625F0494,2025-08-25,0.0,Department of Defense,Department of the Navy,DELIVERY ORDER,2025-08-25,80.6869,81.4562,-0.94,79.3674,2025-10-30,47,-1.64,90.8408,2025-12-22,83,12.58,14.46,26.0,82.0,,,,,,0.77,-0.37,-1.52,0.71,-0.28,1.84,2.5,5.31,-0.98,-1.1,7.84
ACN,ACCENTURE FEDERAL SERVICES LLC,91003119F0003,2025-12-17,7274085.0,Department of Education,Department of Education,DELIVERY ORDER,2025-12-17,268.2131,266.5474,0.62,174.8674,2026-04-27,88,-34.8,282.7143,2026-01-14,18,5.41,61.67,18.0,,,,,,,-1.38,-1.12,-1.37,-0.88,-5.04,2.95,-0.38,-2.54,-28.13,-27.43,-33.59
LDOS,"LEIDOS, INC.",FA861222FB003,2025-11-04,0.0,Department of Defense,Department of the Air Force,DELIVERY ORDER,2025-11-04,197.9062,191.4598,3.37,160.5633,2026-02-17,70,-18.87,197.9062,2025-11-04,0,0.0,23.26,,,,,,,,-2.25,-1.29,-0.65,-4.12,-5.23,-6.38,-3.57,-8.91,-0.38,-5.55,-14.92
BAH,BOOZ ALLEN HAMILTON INC,HC102824F2000,2025-12-16,977995.11,Department of Defense,Defense Information Systems Agency,DELIVERY ORDER,2025-12-16,84.12,90.493,-7.04,73.705,2026-02-23,45,-12.38,100.6977,2026-01-23,25,19.71,36.62,13.0,15.0,25.0,,,,,1.35,-0.16,-0.88,-0.01,-1.22,5.69,14.05,3.54,-12.38,-10.61,-10.04
TXT,TEXTRON AVIATION INC,W58RGZ25F0136,2026-01-20,0.0,Department of Defense,Department of the Army,DELIVERY ORDER,2026-01-20,93.1198,94.1893,-1.14,85.9317,2026-03-30,48,-7.72,100.7265,2026-02-20,22,8.17,17.22,17.0,,,,,,,3.39,1.98,1.15,-5.73,-4.86,2.48,6.3,6.6,-2.61,-3.08,-1.48
HII,HUNTINGTON INGALLS INCORPORATED,N0002416C2427,2025-08-14,-16692.16,Department of Defense,Department of the Navy,DEFINITIVE CONTRACT,2025-08-14,263.0183,264.9556,-0.73,260.9926,2025-08-19,3,-0.77,350.9032,2025-12-22,90,33.41,34.45,31.0,50.0,54.0,55.0,90.0,,,-0.45,-0.77,-0.37,1.22,2.92,1.44,2.58,4.74,5.21,16.31,33.41
GD,"GENERAL DYNAMICS INFORMATION TECHNOLOGY, INC.",47QFCA23F0040,2025-09-26,5104052.29,General Services Administration,Federal Acquisition Service,DELIVERY ORDER,2025-09-26,324.6132,318.8057,1.82,324.6132,2025-09-26,0,0.0,364.0791,2026-01-16,77,12.16,12.16,20.0,74.0,,,,,,0.55,3.15,4.02,3.96,1.23,0.52,7.56,5.3,1.06,4.95,7.48
CACI,"CACI, INC. - FEDERAL",N0016721F3015,2026-02-02,0.0,Department of Defense,Department of the Navy,DELIVERY ORDER,2026-02-02,612.37,620.58,-1.32,480.99,2026-05-08,67,-21.45,637.27,2026-02-09,5,4.07,32.49,,,,,,,,1.06,-2.29,4.07,-6.46,-7.81,-6.76,1.99,0.09,-5.54,-17.86,-14.2
BA,THE BOEING COMPANY,FA863423F0400,2026-02-02,0.0,Department of Defense,Department of the Air Force,DELIVERY ORDER,2026-02-02,233.02,233.72,-0.3,189.21,2026-03-30,39,-18.8,244.71,2026-02-09,5,5.02,29.33,5.0,,,,,,,0.06,1.69,5.02,1.39,4.73,-1.11,-2.45,-9.53,-6.53,-3.82,-4.89
BA,THE BOEING COMPANY,NNM12AA82C,2026-02-26,8000000.0,National Aeronautics and Space Administration,National Aeronautics and Space Administration,DEFINITIVE CONTRACT,2026-02-26,229.41,230.36,-0.41,189.21,2026-03-30,22,-17.52,240.6,2026-05-13,53,4.88,27.16,,,,,,,,-0.82,-2.31,-3.2,-1.92,-10.74,-10.21,-16.95,-5.13,-0.88,-4.53,-1.94
LDOS,"LEIDOS, INC.",N0018921CZ049,2026-03-25,1722466.66,Department of Defense,Department of the Navy,DEFINITIVE CONTRACT,2026-03-25,158.3208,158.4304,-0.07,100.0,2026-06-25,63,-36.84,160.0746,2026-04-08,9,1.11,60.07,,,,,,,,-0.82,-2.95,-1.81,0.37,-2.05,0.1,-8.07,-17.38,-19.56,-33.78,-14.57
ACN,ACCENTURE FEDERAL SERVICES LLC,89603021F0004,2025-11-10,-560537.39,Department of Energy,Federal Energy Regulatory Commission,BPA CALL,2025-11-10,239.6124,240.798,-0.49,187.6335,2026-02-25,72,-21.69,282.7142,2026-01-14,44,17.99,50.67,14.0,16.0,40.0,,,,,-0.81,1.23,-1.32,-1.42,-0.38,5.27,11.31,10.72,17.67,-1.61,-18.21
LMT,LOCKHEED MARTIN CORPORATION,140D0423C0085,2026-04-02,2708345.0,Department of the Interior,Departmental Offices,DEFINITIVE CONTRACT,2026-04-02,618.7394,613.6229,0.83,491.64,2026-06-24,56,-20.54,633.7512,2026-04-06,1,2.43,28.91,,,,,,,,2.43,0.92,-1.46,-1.8,-4.91,-14.93,-16.8,-17.15,-15.95,-17.66,-1.92
CACI,"CACI, INC. - FEDERAL",N6426724F3008,2025-08-28,1471692.0,Department of Defense,Department of the Navy,DELIVERY ORDER,2025-08-28,479.71,487.07,-1.51,460.1,2025-09-04,4,-4.09,617.97,2025-11-25,62,28.82,34.31,23.0,25.0,39.0,39.0,,,,0.0,-2.14,-1.1,-0.02,3.39,3.5,1.74,6.39,17.21,25.06,17.32
BAH,BOOZ ALLEN HAMILTON INC,N0016425F3009,2025-09-25,0.0,Department of Defense,Department of the Navy,DELIVERY ORDER,2025-09-25,95.4407,97.1532,-1.76,78.7024,2025-11-20,40,-17.54,101.8113,2025-10-07,8,6.67,29.36,4.0,,,,,,,1.59,2.48,5.72,6.26,2.26,-1.21,-6.29,-12.26,-13.86,-12.01,-12.23
BA,BELL BOEING JOINT PROJECT OFFICE,N0001921F0327,2025-11-14,3575889.43,Department of Defense,Department of the Navy,DELIVERY ORDER,2025-11-14,194.52,194.58,-0.03,179.12,2025-11-24,6,-7.92,252.15,2026-01-23,46,29.63,40.77,11.0,24.0,32.0,37.0,,,,-1.39,-4.53,-7.62,-6.21,-4.14,3.79,6.27,12.33,29.25,23.05,-2.06
CACI,"CACI, LLC - COMMERCIAL",15JPSS21F00000623,2025-09-25,1400000.0,Department of Justice,"Offices, Boards and Divisions",DELIVERY ORDER,2025-09-25,476.24,497.23,-4.22,476.24,2025-09-25,0,0.0,662.19,2026-01-23,82,39.05,39.05,4.0,6.0,20.0,20.0,77.0,,,1.96,4.73,8.99,11.08,7.36,8.58,22.95,22.71,29.58,16.88,27.05
GD,GENERAL DYNAMICS ONE SOURCE LLC,FA824026F5004,2026-02-26,10861647.91,Department of Defense,Department of the Air Force,DELIVERY ORDER,2026-02-26,347.5688,340.0569,2.21,311.1606,2026-04-27,41,-10.48,376.88,2026-07-06,88,8.43,21.12,87.0,,,,,,,1.8,3.99,2.85,3.21,1.29,0.75,-1.13,-4.0,-0.93,-1.78,7.69
LDOS,LEIDOS BIOMEDICAL RESEARCH INC,75N91021F00018,2025-12-08,0.0,Department of Health and Human Services,National Institutes of Health,DELIVERY ORDER,2025-12-08,184.091,185.2811,-0.64,152.3419,2026-04-10,84,-17.25,197.153,2026-01-09,22,7.1,29.41,18.0,,,,,,,-0.36,2.65,0.41,-2.07,0.45,0.16,5.41,4.46,-7.43,-3.95,-16.2
LDOS,"LEIDOS, INC.",HT001122C0007,2025-11-07,0.0,Department of Defense,Defense Health Agency,DEFINITIVE CONTRACT,2025-11-07,195.3574,193.1557,1.14,160.5633,2026-02-17,67,-17.81,197.153,2026-01-09,42,0.92,22.79,,,,,,,,-0.06,-2.01,-2.83,-4.0,-5.33,-2.99,-6.11,-5.34,-2.91,-5.32,-15.39
LMT,LOCKHEED MARTIN CORPORATION,N0001923F0688,2026-02-12,-411145.55,Department of Defense,Defense Contract Management Agency,DELIVERY ORDER,2026-02-12,629.9642,621.3364,1.39,491.64,2026-06-24,90,-21.96,672.2988,2026-03-02,11,6.72,36.75,11.0,,,,,,,2.38,1.94,3.27,4.24,3.24,3.3,1.75,-2.88,-8.33,-19.21,-21.96
ACN,ACCENTURE FEDERAL SERVICES LLC,SP470924F0069,2025-09-29,966422.55,Department of Defense,Defense Logistics Agency,DELIVERY ORDER,2025-09-29,242.013,234.1451,3.36,228.8639,2026-02-05,89,-5.43,282.7143,2026-01-14,74,16.82,23.53,45.0,46.0,74.0,,,,,-0.16,-1.08,0.47,2.42,-1.39,-3.49,2.57,-0.99,5.68,9.62,-2.58
HON,HONEYWELL INTERNATIONAL INC.,FA239125CB013,2025-12-18,191752.0,Department of Defense,Department of the Air Force,DEFINITIVE CONTRACT,2025-12-18,205.5838,207.4623,-0.91,202.4805,2025-12-31,8,-1.51,258.7145,2026-03-02,48,25.84,27.77,15.0,19.0,30.0,33.0,,,,0.52,-1.3,-0.36,-0.87,1.52,4.7,10.65,16.57,22.27,16.65,8.74
NOC,NORTHROP GRUMMAN SYSTEMS CORPORATION,SPRTA117C0041,2025-08-12,0.0,Department of Defense,Defense Logistics Agency,DEFINITIVE CONTRACT,2025-08-12,571.8345,571.2831,0.1,541.3857,2025-12-01,77,-5.32,630.571,2025-10-08,40,10.27,16.47,34.0,40.0,,,,,,0.22,0.54,0.93,2.83,2.1,1.87,0.76,1.34,5.26,-1.39,-2.89
BA,THE BOEING COMPANY,FA873015C0003,2026-03-10,0.0,Department of Defense,Department of the Air Force,DEFINITIVE CONTRACT,2026-03-10,217.76,225.0,-3.22,189.21,2026-03-30,14,-13.11,240.6,2026-05-13,45,10.49,27.16,30.0,45.0,,,,,,-1.68,-3.61,-3.19,-7.61,-9.8,-13.11,1.06,6.21,10.49,-0.16,-3.8
CACI,"CACI TECHNOLOGIES, LLC",W56KGU23F0009,2026-01-15,13967070.7,Department of Defense,Department of the Army,DELIVERY ORDER,2026-01-15,627.5,611.33,2.65,480.99,2026-05-08,78,-23.35,662.19,2026-01-23,5,5.53,37.67,5.0,,,,,,,1.26,0.81,5.53,2.5,-1.1,-4.65,-10.04,-0.4,-6.09,-14.97,-18.59
CACI,"CACI, LLC - COMMERCIAL",15JPSS23F00000249,2025-09-15,120371.47,Department of Justice,"Offices, Boards and Divisions",DELIVERY ORDER,2025-09-15,495.06,495.96,-0.18,476.24,2025-09-25,8,-3.8,662.19,2026-01-23,90,33.76,39.05,14.0,28.0,28.0,46.0,89.0,,,-0.75,0.29,1.36,0.44,-1.41,7.1,3.89,16.9,18.43,19.01,33.76
LDOS,LEIDOS BIOMEDICAL RESEARCH INC,75N91022F00017,2025-09-16,0.0,Department of Health and Human Services,National Institutes of Health,DELIVERY ORDER,2025-09-16,181.076,181.2248,-0.08,179.3204,2025-12-31,74,-0.97,197.9062,2025-11-04,35,9.29,10.36,12.0,,,,,,,0.67,2.67,2.48,-0.12,3.49,8.47,2.19,2.86,3.58,3.14,4.03
NOC,NORTHROP GRUMMAN SYSTEMS CORPORATION,SPE4A724C0031,2026-01-23,0.0,Department of Defense,Defense Logistics Agency,DEFINITIVE CONTRACT,2026-01-23,667.8622,665.3712,0.37,526.06,2026-06-03,90,-21.23,764.6547,2026-03-02,25,14.49,45.36,10.0,25.0,,,,,,-1.78,2.4,2.87,4.76,5.37,3.29,8.49,11.41,0.12,-8.9,-21.23
GD,"GENERAL DYNAMICS GLOBAL FORCE, LLC",W15P7T22F0052,2026-02-09,722000.0,Department of Defense,Department of the Army,DELIVERY ORDER,2026-02-09,356.8645,356.8348,0.01,311.1606,2026-04-27,53,-12.81,362.8304,2026-03-04,16,1.67,16.61,,,,,,,,-0.35,-5.37,-4.88,-1.6,-2.48,1.3,-1.74,-3.85,-5.46,-3.11,-2.35
NOC,NORTHROP GRUMMAN SYSTEMS CORPORATION,N4215822PS253,2026-01-14,310036.0,Department of Defense,Department of the Navy,PURCHASE ORDER,2026-01-14,648.202,620.7709,4.42,538.3207,2026-05-15,84,-16.95,764.6547,2026-03-02,31,17.97,42.04,9.0,23.0,31.0,,,,,0.23,0.64,2.65,1.2,6.46,5.61,7.57,11.26,8.59,4.65,-14.48
HII,HUNTINGTON INGALLS INC,N5523625F9922,2026-03-20,-149449.0,Department of Defense,Department of the Navy,DELIVERY ORDER,2026-03-20,406.2255,416.6206,-2.5,269.13,2026-07-17,81,-33.75,409.581,2026-04-08,12,0.83,52.19,,,,,,,,-2.8,-1.33,-6.42,-6.88,-0.08,-3.33,-7.3,-10.93,-21.33,-26.52,-20.47
LDOS,"LEIDOS, INC.",N0003925F7469,2025-09-26,15828333.07,Department of Defense,Department of the Navy,DELIVERY ORDER,2025-09-26,183.3769,180.8578,1.39,179.3204,2025-12-31,66,-2.21,197.9062,2025-11-04,27,7.92,10.36,5.0,,,,,,,0.38,3.64,5.78,6.54,1.69,-0.26,2.28,6.53,1.9,0.85,0.87
SPIR,"CORESPHERE, LLC",1605TA22F00120,2025-09-03,235470.0,Department of Labor,Office of the Assistant Secretary for Administration and Management,DELIVERY ORDER,2025-09-03,8.82,9.15,-3.61,7.02,2025-12-17,74,-20.41,14.05,2025-10-08,25,59.3,100.14,6.0,6.0,12.0,13.0,14.0,22.0,,-0.68,1.59,1.36,12.13,13.49,36.05,48.64,55.1,2.49,-7.14,19.39
LMT,LOCKHEED MARTIN CORPORATION,FA868224FB004,2025-09-15,0.0,Department of Defense,Department of the Air Force,DELIVERY ORDER,2025-09-15,464.1829,462.2801,0.41,434.0461,2025-12-01,54,-6.49,586.9539,2026-01-22,89,26.45,35.23,11.0,78.0,81.0,84.0,,,,0.23,0.08,1.51,2.75,3.96,6.6,6.75,2.89,-0.52,-0.59,25.79
LDOS,"LEIDOS, INC.",HT942525F0011,2025-10-29,2826110.28,Department of Defense,Defense Health Agency,DELIVERY ORDER,2025-10-29,186.6101,186.2629,0.19,160.5633,2026-02-17,74,-13.96,197.9062,2025-11-04,4,6.05,23.26,4.0,,,,,,,1.47,2.6,3.67,4.69,2.58,0.5,1.56,1.26,4.13,-0.31,-7.65
LMT,LOCKHEED MARTIN CORPORATION,N0002424F6220,2025-10-16,7300000.0,Department of Defense,Department of the Navy,DELIVERY ORDER,2025-10-16,483.7997,489.8417,-1.23,434.0461,2025-12-01,31,-10.28,658.7036,2026-02-19,85,36.15,51.76,55.0,58.0,61.0,66.0,78.0,,,0.39,-0.76,-1.05,-1.29,-0.72,-4.08,-5.57,-7.17,-3.15,14.05,31.07
LDOS,LEIDOS BIOMEDICAL RESEARCH INC,75N91023F00015,2026-03-04,-136805.0,Department of Health and Human Services,National Institutes of Health,DELIVERY ORDER,2026-03-04,175.6425,179.5689,-2.19,100.0,2026-06-25,78,-43.07,178.4655,2026-03-09,3,1.61,78.47,,,,,,,,-0.59,1.61,-1.88,-1.61,-5.4,-9.8,-9.9,-11.23,-25.53,-27.49,-39.33
BAH,BOOZ ALLEN HAMILTON INC,HQ003425FE086,2025-09-25,1097089.6,Department of Defense,Washington Headquarters Services,DELIVERY ORDER,2025-09-25,95.4407,97.1532,-1.76,78.7024,2025-11-20,40,-17.54,101.8113,2025-10-07,8,6.67,29.36,4.0,,,,,,,1.59,2.48,5.72,6.26,2.26,-1.21,-6.29,-12.26,-13.86,-12.01,-12.23
BA,THE BOEING COMPANY,FA852625F0001,2025-09-30,404255.1,Department of Defense,Department of the Air Force,DELIVERY ORDER,2025-09-30,215.83,217.08,-0.58,179.12,2025-11-24,39,-17.01,252.15,2026-01-23,79,16.83,40.77,65.0,71.0,76.0,,,,,-0.29,0.22,2.78,0.08,-0.71,0.46,-1.04,-9.55,-6.16,1.08,13.38
NOC,NORTHROP GRUMMAN SYSTEMS CORPORATION,N0001920C0054,2025-09-25,0.0,Department of Defense,Department of the Navy,DEFINITIVE CONTRACT,2025-09-25,578.9946,579.4888,-0.09,541.3857,2025-12-01,46,-6.5,699.65,2026-02-03,89,20.84,29.23,7.0,76.0,82.0,89.0,,,,1.49,4.02,3.28,5.59,8.41,3.95,3.38,-2.36,-2.31,-2.56,18.23
LMT,LOCKHEED MARTIN CORPORATION,W56KGY24F0003,2026-03-12,-756339.72,Department of Defense,Department of the Army,DELIVERY ORDER,2026-03-12,648.584,645.2458,0.52,491.64,2026-06-24,71,-24.2,648.584,2026-03-12,0,0.0,31.92,,,,,,,,-1.05,-2.53,-2.35,-5.6,-3.91,-5.39,-5.08,-21.35,-20.96,-19.81,-20.69
BA,THE BOEING COMPANY,FA813426FB003,2026-02-12,10619149.01,Department of Defense,Department of the Air Force,DELIVERY ORDER,2026-02-12,239.35,236.26,1.31,189.21,2026-03-30,31,-20.95,244.04,2026-02-17,2,1.96,28.98,,,,,,,,1.51,-0.18,-3.06,-2.49,-4.94,-7.22,-10.81,-20.4,-5.96,-0.48,-7.98
BA,THE BOEING COMPANY,N0001914C0067,2025-10-22,0.0,Department of Defense,Defense Contract Management Agency,DEFINITIVE CONTRACT,2025-10-22,216.59,217.26,-0.31,179.12,2025-11-24,23,-17.3,252.15,2026-01-23,63,16.42,40.77,49.0,55.0,61.0,,,,,0.54,2.96,-1.39,-7.19,-8.76,-9.87,-17.18,-6.8,-0.07,14.96,4.95
WWD,WOODWARD HRT INC,N0038326FYN03,2026-01-27,1951857.0,Department of Defense,Department of the Navy,DELIVERY ORDER,2026-01-27,328.8658,330.6128,-0.53,317.2956,2026-01-30,3,-3.52,402.8879,2026-04-14,53,22.51,26.98,5.0,5.0,8.0,23.0,,,,-1.06,-3.52,12.67,14.38,18.85,17.51,17.8,17.24,14.19,11.65,8.78
HII,HUNTINGTON INGALLS INCORPORATED,N0002425C4229,2025-12-09,172557.0,Department of Defense,Department of the Navy,DEFINITIVE CONTRACT,2025-12-09,312.6187,313.5418,-0.29,312.6187,2025-12-09,0,0.0,451.7788,2026-03-02,55,44.51,44.51,8.0,9.0,17.0,20.0,23.0,,,2.6,3.8,3.76,2.44,12.56,8.58,22.87,32.9,32.97,36.82,20.46
LMT,LOCKHEED MARTIN CORP,FA880708C0010,2025-08-14,407007.0,Department of Defense,Department of the Air Force,DEFINITIVE CONTRACT,2025-08-14,425.8346,430.9467,-1.19,425.8346,2025-08-14,0,0.0,504.3876,2025-10-06,36,18.45,18.45,14.0,26.0,34.0,,,,,0.05,0.86,2.26,2.38,4.31,5.23,9.01,12.27,14.05,5.57,12.23
CACI,"CACI, INC. - FEDERAL",N0016721F3015,2025-10-15,1514149.0,Department of Defense,Department of the Navy,DELIVERY ORDER,2025-10-15,517.1,514.31,0.54,515.82,2025-10-17,2,-0.25,662.19,2026-01-23,68,28.06,28.38,6.0,6.0,24.0,63.0,,,,0.22,1.88,0.59,13.24,8.72,13.08,13.57,19.0,6.16,16.96,14.1
BA,THE BOEING COMPANY,FA861418F0005,2026-01-30,0.0,Department of Defense,Department of the Air Force,DELIVERY ORDER,2026-01-30,233.72,234.04,-0.14,189.21,2026-03-30,40,-19.04,244.71,2026-02-09,6,4.7,29.33,,,,,,,,-0.3,0.95,3.98,3.8,3.95,-0.72,-4.11,-8.66,-10.15,-1.28,-10.58
LMT,LOCKHEED MARTIN CORPORATION,FA865021C7123,2026-01-20,-320613.01,Department of Defense,Defense Contract Management Agency,DEFINITIVE CONTRACT,2026-01-20,569.313,575.6083,-1.09,503.2157,2026-05-08,76,-11.61,672.2988,2026-03-02,28,18.09,33.6,7.0,8.0,21.0,,,,,1.77,2.56,3.28,8.06,9.06,10.8,15.7,15.96,8.93,6.01,-7.43
CACI,"CACI, INC. - FEDERAL",N0016721F3015,2025-09-30,1323340.0,Department of Defense,Department of the Navy,DELIVERY ORDER,2025-09-30,498.78,488.06,2.2,498.78,2025-09-30,0,0.0,662.19,2026-01-23,79,32.76,32.76,3.0,17.0,17.0,36.0,78.0,,,3.28,6.31,5.45,2.51,3.11,5.63,12.71,17.86,18.87,9.15,27.77
BA,BELL BOEING JOINT PROJECT OFFICE,N0001925F0062,2026-03-20,1173228.57,Department of Defense,Department of the Navy,DELIVERY ORDER,2026-03-20,195.12,201.18,-3.01,189.21,2026-03-30,6,-3.03,240.6,2026-05-13,37,23.31,27.16,8.0,12.0,20.0,23.0,,,,1.69,2.3,-2.36,2.0,8.8,11.54,12.32,13.42,12.19,16.59,13.21
LMT,LOCKHEED MARTIN CORPORATION,N0001923F0654,2025-12-01,0.0,Department of Defense,Department of the Navy,DELIVERY ORDER,2025-12-01,434.0461,449.0878,-3.35,434.0461,2025-12-01,0,0.0,672.2988,2026-03-02,61,54.89,54.89,5.0,10.0,23.0,27.0,30.0,54.0,,0.6,2.09,5.96,6.55,10.3,7.96,10.13,30.4,38.71,49.84,41.84
ACN,ACCENTURE FEDERAL SERVICES LLC,89243423FEE000264,2025-08-21,100000.0,Department of Energy,Department of Energy,BPA CALL,2025-08-21,248.8618,249.9004,-0.42,227.8645,2025-09-25,24,-8.44,269.1145,2025-12-15,80,8.14,18.1,72.0,,,,,,,2.06,0.56,0.86,0.86,0.38,-3.87,-5.51,-3.41,-2.5,-3.46,6.3
ACN,ACCENTURE FEDERAL SERVICES LLC,205AE925F00190,2026-02-24,1913851.61,Department of the Treasury,Internal Revenue Service,DELIVERY ORDER,2026-02-24,192.7579,197.1181,-2.21,122.9615,2026-06-30,87,-36.21,210.6591,2026-03-06,8,9.29,71.32,2.0,,,,,,,-2.66,6.09,6.69,8.78,2.49,1.31,-2.26,-1.47,-7.59,-8.13,-29.79
GD,"GENERAL DYNAMICS INFORMATION TECHNOLOGY, INC.",75FCMC24F0195,2025-09-04,28819162.41,Department of Health and Human Services,Centers for Medicare and Medicaid Services,DELIVERY ORDER,2025-09-04,316.8502,317.2138,-0.11,315.7594,2025-09-09,3,-0.34,358.571,2026-01-13,90,13.17,13.56,18.0,37.0,,,,,,0.13,-0.34,2.23,1.41,0.66,0.37,6.57,2.98,6.0,6.42,13.17
LMT,LOCKHEED MARTIN CORPORATION,H9225425F2921,2025-12-29,214261.0,Department of Defense,U.S. Special Operations Command,DELIVERY ORDER,2025-12-29,483.1442,477.3726,1.21,478.0051,2025-12-31,2,-1.06,672.2988,2026-03-02,42,39.15,40.65,5.0,8.0,11.0,16.0,23.0,,,-0.18,1.68,6.79,6.05,14.2,17.84,27.34,28.6,34.69,29.0,4.15
LMT,LOCKHEED MARTIN CORPORATION,W31P4Q22F0106,2025-09-30,0.0,Department of Defense,Department of the Army,DELIVERY ORDER,2025-09-30,489.6455,482.5541,1.47,434.0461,2025-12-01,43,-11.36,630.8141,2026-02-09,90,28.83,45.33,67.0,71.0,73.0,81.0,,,,-0.04,1.06,2.38,1.71,1.2,1.34,-2.78,-8.44,-9.82,-1.96,28.83
IBM,INTERNATIONAL BUSINESS MACHINES CORPORATION,W519TC24F0513,2025-12-09,879457.99,Department of Defense,Department of the Army,DELIVERY ORDER,2025-12-09,304.2815,303.0074,0.42,220.139,2026-02-23,50,-27.65,308.4467,2026-02-02,36,1.37,40.11,,,,,,,,0.71,-0.4,-2.35,-3.23,-2.16,-2.72,-2.02,-5.81,-15.01,-17.94,-17.18
LDOS,"LEIDOS, INC.",HQ003422C0060,2025-08-25,1135978.02,Department of Defense,Washington Headquarters Services,DEFINITIVE CONTRACT,2025-08-25,179.7222,179.8508,-0.07,175.8627,2025-09-03,6,-2.15,197.9062,2025-11-04,50,10.12,12.53,26.0,50.0,,,,,,0.41,-0.14,-0.4,-1.67,-1.42,0.84,3.41,8.71,3.64,4.36,1.47
NOC,NORTHROP GRUMMAN SYSTEMS CORPORATION,N0001924F2597,2025-10-24,0.0,Department of Defense,Defense Contract Management Agency,DELIVERY ORDER,2025-10-24,598.5754,598.7336,-0.03,541.3857,2025-12-01,25,-9.55,764.6547,2026-03-02,86,27.75,41.24,55.0,57.0,65.0,78.0,,,,-1.59,-3.4,-3.65,-4.7,-6.1,-7.86,-6.61,-8.22,-4.74,11.16,25.77
GD,GENERAL DYNAMICS LAND SYSTEMS INC.,W912CH25F0122,2025-12-16,0.0,Department of Defense,Department of the Army,DELIVERY ORDER,2025-12-16,333.0969,336.2553,-0.94,311.1606,2026-04-27,89,-6.59,364.0791,2026-01-16,21,9.3,17.01,12.0,,,,,,,-0.32,0.55,1.88,1.4,-0.25,2.41,9.3,4.45,3.83,5.43,-6.24
LMT,LOCKHEED MARTIN CORP,80GSFC20C0059,2026-02-13,2195000.0,National Aeronautics and Space Administration,National Aeronautics and Space Administration,DEFINITIVE CONTRACT,2026-02-13,644.9368,629.9642,2.38,491.64,2026-06-24,89,-23.77,672.2988,2026-03-02,10,4.24,36.75,,,,,,,,-0.46,2.13,1.23,-0.78,4.24,3.48,-1.98,-7.79,-11.89,-19.74,-21.69
GD,"GENERAL DYNAMICS MISSION SYSTEMS, INC.",W15P7T25F0185,2026-01-15,0.0,Department of Defense,Department of the Army,DELIVERY ORDER,2026-01-15,363.8908,361.2358,0.73,311.1606,2026-04-27,69,-14.49,364.0791,2026-01-16,1,0.05,17.01,,,,,,,,0.05,-0.66,-1.07,-0.16,-4.38,-4.12,-6.72,-0.66,-5.4,-7.01,-6.24
ACN,ACCENTURE FEDERAL SERVICES LLC,89233125FNA000176,2026-03-31,0.0,Department of Energy,Department of Energy,BPA CALL,2026-03-31,194.2864,193.5614,0.37,122.9615,2026-06-30,62,-36.71,197.265,2026-04-02,2,1.53,60.43,,,,,,,,-0.62,0.33,-2.24,-8.69,-1.33,-1.12,-9.11,-18.81,-9.03,-34.4,-8.25
ACN,ACCENTURE FEDERAL SERVICES LLC,89303022FIM000088,2025-12-10,-464755.58,Department of Energy,Department of Energy,BPA CALL,2025-12-10,266.7238,264.0881,1.0,177.3969,2026-04-10,82,-33.49,282.7143,2026-01-14,23,6.0,59.37,23.0,,,,,,,-0.68,0.9,0.56,0.01,-0.82,-1.44,3.21,3.12,-19.22,-25.93,-29.57
LMT,LOCKHEED MARTIN CORPORATION,FA861520F0001,2026-02-09,0.0,Department of Defense,Department of the Air Force,DELIVERY ORDER,2026-02-09,630.8141,616.2764,2.36,503.2157,2026-05-08,62,-20.23,672.2988,2026-03-02,14,6.58,33.6,14.0,,,,,,,-1.37,-0.13,1.77,4.42,4.1,6.58,2.29,-3.9,-3.76,-19.01,-19.0
BA,THE BOEING COMPANY,H9224124F0001,2025-09-22,0.0,Department of Defense,U.S. Special Operations Command,DELIVERY ORDER,2025-09-22,212.09,215.65,-1.65,179.12,2025-11-24,45,-15.55,252.15,2026-01-23,85,18.89,40.77,12.0,76.0,78.0,,,,,2.0,0.68,2.35,1.47,3.6,-0.64,2.44,-3.56,-15.55,-2.54,10.2
LMT,LOCKHEED MARTIN CORPORATION,FA823224F0185,2025-12-23,644924.0,Department of Defense,Department of the Air Force,DELIVERY ORDER,2025-12-23,476.8982,477.9062,-0.21,476.8982,2025-12-23,0,0.0,672.2988,2026-03-02,45,40.97,40.97,7.0,11.0,13.0,16.0,25.0,,,0.66,1.31,0.23,6.01,7.44,18.68,20.54,29.23,40.97,28.38,6.02
GD,"GENERAL DYNAMICS MISSION SYSTEMS, INC.",N0003921F6002,2025-09-23,0.0,Department of Defense,Department of the Air Force,DELIVERY ORDER,2025-09-23,317.597,317.0663,0.17,317.597,2025-09-23,0,0.0,364.0791,2026-01-16,80,14.64,14.64,5.0,71.0,,,,,,0.13,2.21,5.51,5.52,6.26,3.92,5.11,6.74,5.99,4.54,8.08
GD,GENERAL DYNAMICS INFORMATION TECHNOLOGY INC.,19AQMM23F1518,2025-09-23,1804.5,Department of State,Department of State,DELIVERY ORDER,2025-09-23,317.597,317.0663,0.17,317.597,2025-09-23,0,0.0,364.0791,2026-01-16,80,14.64,14.64,5.0,71.0,,,,,,0.13,2.21,5.51,5.52,6.26,3.92,5.11,6.74,5.99,4.54,8.08
KTOS,"KRATOS UNMANNED AERIAL SYSTEMS, INC",FA867825FB003,2026-02-26,0.0,Department of Defense,Department of the Air Force,DELIVERY ORDER,2026-02-26,92.14,88.23,4.43,46.32,2026-06-25,82,-49.73,95.31,2026-03-17,13,3.44,105.76,,,,,,,,-6.47,-3.46,-7.16,0.36,-2.91,0.98,-21.92,-23.66,-32.66,-39.03,-45.32
NOC,NORTHROP GRUMMAN SYSTEMS CORPORATION,FA229124FB009,2026-03-05,1526877.73,Department of Defense,Department of the Air Force,DELIVERY ORDER,2026-03-05,736.7673,750.5368,-1.83,496.02,2026-06-29,79,-32.68,752.8167,2026-03-06,1,2.18,51.77,,,,,,,,2.18,-0.68,-0.5,-0.55,-3.49,-6.59,-5.98,-10.1,-25.74,-26.81,-28.71
LMT,LOCKHEED MARTIN CORPORATION,FA930425F5015,2025-08-12,0.0,Department of Defense,Department of the Air Force,DELIVERY ORDER,2025-08-12,420.2259,415.0651,1.24,420.2259,2025-08-12,0,0.0,504.3876,2025-10-06,38,20.03,20.03,10.0,22.0,34.0,38.0,,,,2.55,1.39,2.21,3.62,5.54,5.62,9.87,13.49,16.57,10.43,10.57
LDOS,"LEIDOS, INC.",FA945120C0026,2025-08-15,576000.0,Department of Defense,Department of the Air Force,DEFINITIVE CONTRACT,2025-08-15,175.7835,176.5851,-0.45,175.7835,2025-08-15,0,0.0,197.9062,2025-11-04,56,12.59,12.59,23.0,34.0,,,,,,0.28,1.42,2.31,2.66,1.85,0.77,3.01,4.72,7.47,11.07,5.36
HII,HUNTINGTON INGALLS INCORPORATED,N0002425C4229,2026-01-26,110316.0,Department of Defense,Department of the Navy,DEFINITIVE CONTRACT,2026-01-26,410.4987,415.4816,-1.2,287.54,2026-06-03,89,-29.95,451.7788,2026-03-02,24,10.06,57.12,17.0,24.0,,,,,,2.23,3.45,1.63,-0.1,-1.87,1.26,5.32,1.27,-7.85,-11.01,-28.25
BA,THE BOEING COMPANY,FA863424F0043,2026-01-22,51028.0,Department of Defense,Department of the Air Force,DELIVERY ORDER,2026-01-22,251.41,250.07,0.54,189.21,2026-03-30,46,-24.74,252.15,2026-01-23,1,0.29,33.26,,,,,,,,0.29,-2.72,-6.91,-7.31,-5.75,-6.03,-8.34,-8.07,-24.22,-10.47,-13.41
LMT,LOCKHEED MARTIN CORPORATION,N0001924C0027,2026-02-11,-887494.95,Department of Defense,Department of the Navy,DEFINITIVE CONTRACT,2026-02-11,621.3365,622.1863,-0.14,493.6,2026-06-22,89,-20.56,672.2988,2026-03-02,12,8.2,36.2,5.0,,,,,,,1.39,3.32,6.01,5.08,2.06,6.25,3.29,0.31,-5.31,-19.01,-18.94
NOC,NORTHROP GRUMMAN SYSTEMS CORPORATION,FA238524CB003,2025-09-23,2380502.0,Department of Defense,Department of the Air Force,DEFINITIVE CONTRACT,2025-09-23,570.4052,569.4859,0.16,541.3857,2025-12-01,48,-5.09,690.0928,2026-01-29,88,20.98,27.47,5.0,11.0,80.0,88.0,,,,1.59,3.02,5.59,4.84,7.72,7.24,3.36,0.01,-1.33,-1.84,19.19
SATL,IRIDIUM SATELLITE LLC,FA254125FB023,2025-09-10,2556779.58,Department of Defense,Department of the Air Force,DELIVERY ORDER,2025-09-10,3.54,3.72,-4.84,1.27,2025-11-20,51,-64.12,4.14,2025-10-15,25,16.95,225.98,1.0,20.0,25.0,,,,,5.65,5.37,-0.28,3.39,4.8,-7.34,13.84,-39.55,-53.95,-50.56,2.82
IBM,INTERNATIONAL BUSINESS MACHINES CORPORATION,15JPSS25F00000578,2025-09-17,3000000.0,Department of Justice,"Offices, Boards and Divisions",DELIVERY ORDER,2025-09-17,252.5154,250.9949,0.61,252.5154,2025-09-17,0,0.0,308.6917,2025-11-12,40,22.25,22.25,4.0,10.0,27.0,28.0,,,,2.29,4.74,3.26,9.74,10.58,13.43,6.52,18.96,11.98,20.6,14.05
LDOS,"LEIDOS, INC.",FA877219F0018,2025-09-23,-423081.22,Department of Defense,Department of the Air Force,DELIVERY ORDER,2025-09-23,185.5687,186.3224,-0.4,179.3204,2025-12-31,69,-3.37,197.9062,2025-11-04,30,6.65,10.36,9.0,,,,,,,0.15,-1.18,0.99,3.09,5.29,-0.63,0.73,6.65,2.35,-2.85,0.73
HII,HUNTINGTON INGALLS INC,N0002418C4314,2025-12-09,0.0,Department of Defense,Department of the Navy,DEFINITIVE CONTRACT,2025-12-09,312.6187,313.5418,-0.29,312.6187,2025-12-09,0,0.0,451.7788,2026-03-02,55,44.51,44.51,8.0,9.0,17.0,20.0,23.0,,,2.6,3.8,3.76,2.44,12.56,8.58,22.87,32.9,32.97,36.82,20.46
NOC,NORTHROP GRUMMAN SYSTEMS CORP,FA852423F0078,2025-12-22,0.0,Department of Defense,Department of the Air Force,DELIVERY ORDER,2025-12-22,580.2397,564.1622,2.85,564.5154,2026-05-04,90,-2.71,764.6547,2026-03-02,46,31.78,35.45,12.0,15.0,21.0,28.0,46.0,,,-0.79,-1.25,-1.73,0.17,-1.31,6.99,15.1,19.13,24.29,21.3,-2.71
GD,"GENERAL DYNAMICS MISSION SYSTEMS, INC.",W56KGY23F0013,2025-09-08,-1395000.0,Department of Defense,Department of the Army,DELIVERY ORDER,2025-09-08,317.1253,317.2628,-0.04,315.7594,2025-09-09,1,-0.43,363.8908,2026-01-15,90,14.75,15.24,16.0,35.0,,,,,,-0.43,2.14,1.32,0.79,-0.02,2.36,6.42,4.94,8.77,4.51,14.75
NOC,NORTHROP GRUMMAN SYSTEMS CORPORATION,FA881824FB034,2025-08-13,0.0,Department of Defense,Department of the Air Force,DELIVERY ORDER,2025-08-13,573.1047,571.8345,0.22,541.3857,2025-12-01,76,-5.53,630.571,2025-10-08,39,10.03,16.47,33.0,39.0,,,,,,0.28,0.47,1.8,1.78,0.78,0.21,-0.66,1.03,3.31,-1.35,-1.56
LMT,LOCKHEED MARTIN CORP,FA862526FB003,2025-11-20,1131070.0,Department of Defense,Department of the Air Force,DELIVERY ORDER,2025-11-20,459.2885,460.9069,-0.35,434.0461,2025-12-01,6,-5.5,672.2988,2026-03-02,67,46.38,54.89,25.0,29.0,33.0,35.0,46.0,,,-1.6,-3.38,-2.22,-4.93,-2.7,2.18,4.05,12.33,28.52,43.42,34.72
GD,"GENERAL DYNAMICS MISSION SYSTEMS, INC.",HDTRA122C0036,2026-01-28,2427373.0,Department of Defense,Defense Threat Reduction Agency,DEFINITIVE CONTRACT,2026-01-28,353.4752,363.3259,-2.71,311.1606,2026-04-27,61,-11.97,362.8304,2026-03-04,24,2.65,16.61,,,,,,,,-1.89,-2.89,-0.93,0.95,-2.9,-2.02,0.1,-0.41,-2.13,-11.78,-3.99
LDOS,"LEIDOS, INC.",HC102822F0003,2025-09-18,-1199594.65,Department of Defense,Defense Information Systems Agency,DELIVERY ORDER,2025-09-18,185.6084,182.286,1.82,179.3204,2025-12-31,72,-3.39,197.9062,2025-11-04,33,6.63,10.36,12.0,,,,,,,0.16,-0.02,-2.56,-0.82,3.07,5.92,-1.41,2.01,-0.8,1.38,0.56
BA,THE BOEING COMPANY,W58RGZ20F0460,2025-09-10,660000.0,Department of Defense,Department of the Army,DELIVERY ORDER,2025-09-10,227.52,229.52,-0.87,179.12,2025-11-24,53,-21.27,249.0,2026-01-20,90,9.44,39.01,85.0,,,,,,,-3.31,-5.17,-5.67,-5.22,-5.46,-5.14,-5.06,-4.8,-14.07,-11.27,9.44
NOC,NORTHROP GRUMMAN SYSTEMS CORPORATION,FA811920F0106,2026-01-13,0.0,Department of Defense,Department of the Air Force,DELIVERY ORDER,2026-01-13,620.7709,624.5621,-0.61,538.3207,2026-05-15,85,-13.28,764.6547,2026-03-02,32,23.18,42.04,3.0,10.0,24.0,32.0,,,,4.42,6.62,6.18,7.59,10.17,12.71,11.12,14.02,14.54,8.06,-10.89
BA,THE BOEING COMPANY,FA868126FB004,2026-01-12,0.0,Department of Defense,Department of the Air Force,DELIVERY ORDER,2026-01-12,239.81,234.53,2.25,189.21,2026-03-30,53,-21.1,252.15,2026-01-23,8,5.15,33.26,8.0,,,,,,,1.98,3.31,3.83,4.84,1.98,-2.83,-1.48,-3.94,-14.1,-8.24,-8.42
BA,THE BOEING COMPANY,FA821323F9018,2026-02-27,0.0,Department of Defense,Department of the Air Force,DELIVERY ORDER,2026-02-27,227.53,229.41,-0.82,189.21,2026-03-30,21,-16.84,240.6,2026-05-13,52,5.74,27.16,52.0,,,,,,,0.97,-0.1,1.57,-4.29,-7.75,-11.58,-16.84,-2.37,-2.74,-3.79,-1.94
GD,"GENERAL DYNAMICS INFORMATION TECHNOLOGY, INC.",FA564123F0003,2025-09-18,0.0,Department of Defense,Department of the Air Force,DELIVERY ORDER,2025-09-18,318.9433,319.6409,-0.22,317.0663,2025-09-22,2,-0.59,364.0791,2026-01-16,83,14.15,14.83,8.0,74.0,,,,,,-0.15,-0.42,-0.04,2.34,5.08,6.74,2.48,6.66,5.04,4.44,10.83
NOC,NORTHROP GRUMMAN SYSTEMS CORPORATION,W911S018C0004,2025-12-16,-828125.0,Department of Defense,Department of the Army,DEFINITIVE CONTRACT,2025-12-16,564.4202,571.4367,-1.23,555.2898,2025-12-18,2,-1.62,764.6547,2026-03-02,50,35.48,37.7,12.0,17.0,20.0,28.0,50.0,,,-0.8,-0.05,1.99,1.52,0.26,1.46,17.26,21.72,27.96,29.82,1.93
NOC,NORTHROP GRUMMAN SYSTEMS CORPORATION,HR001124C0348,2026-03-10,0.0,Department of Defense,Defense Advanced Research Projects Agency,DEFINITIVE CONTRACT,2026-03-10,731.7594,744.0652,-1.65,496.02,2026-06-29,76,-32.22,733.0736,2026-03-12,2,0.18,47.79,,,,,,,,-0.24,-0.17,-1.49,-2.83,-7.19,-8.62,-6.04,-19.78,-24.92,-25.5,-28.4
LMT,LOCKHEED MARTIN CORPORATION,W31P4Q20C0023,2025-10-16,0.0,Department of Defense,Department of the Army,DEFINITIVE CONTRACT,2025-10-16,483.7997,489.8417,-1.23,434.0461,2025-12-01,31,-10.28,658.7036,2026-02-19,85,36.15,51.76,55.0,58.0,61.0,66.0,78.0,,,0.39,-0.76,-1.05,-1.29,-0.72,-4.08,-5.57,-7.17,-3.15,14.05,31.07
LDOS,LEIDOS BIOMEDICAL RESEARCH INC,75N91020F00026,2025-09-11,-1995954.52,Department of Health and Human Services,National Institutes of Health,DELIVERY ORDER,2025-09-11,183.2056,178.4951,2.64,179.3204,2025-12-31,77,-2.12,197.9062,2025-11-04,38,8.02,10.36,16.0,,,,,,,-0.69,-1.16,1.31,1.7,-1.28,3.74,1.79,3.61,3.57,1.13,4.24
LMT,LOCKHEED MARTIN CORPORATION,W31P4Q25F0082,2025-11-10,0.0,Department of Defense,Department of the Army,DELIVERY ORDER,2025-11-10,443.4381,449.5684,-1.36,434.0461,2025-12-01,14,-2.12,672.2988,2026-03-02,75,51.61,54.89,6.0,36.0,38.0,41.0,48.0,75.0,,1.1,0.83,4.13,3.94,-0.23,-2.12,4.29,7.55,28.79,38.98,38.07
BA,THE BOEING COMPANY,W58RGZ26F0116,2026-01-20,5521909.0,Department of Defense,Department of the Army,DELIVERY ORDER,2026-01-20,249.0,247.68,0.53,189.21,2026-03-30,48,-24.01,252.15,2026-01-23,3,1.27,33.26,,,,,,,,0.43,1.27,-1.78,-6.01,-6.37,-1.72,-6.14,-8.71,-19.84,-12.1,-7.17
CACI,"CACI, INC. - FEDERAL",FA221725FB004,2025-09-15,42923.57,Department of Defense,Department of the Air Force,DELIVERY ORDER,2025-09-15,495.06,495.96,-0.18,476.24,2025-09-25,8,-3.8,662.19,2026-01-23,90,33.76,39.05,14.0,28.0,28.0,46.0,89.0,,,-0.75,0.29,1.36,0.44,-1.41,7.1,3.89,16.9,18.43,19.01,33.76
IBM,INTERNATIONAL BUSINESS MACHINES CORPORATION,PC157040,2025-09-26,-118.91,Peace Corps,Peace Corps,DELIVERY ORDER,2025-09-26,277.1061,274.3088,1.02,268.9774,2025-10-16,14,-2.93,308.6917,2025-11-12,33,11.4,14.76,20.0,21.0,,,,,,-1.59,0.77,1.43,3.36,-2.28,-2.93,10.12,7.76,8.11,7.09,2.52
