ticker,company,award_id,award_date,transaction_amount,agency,subagency,award_type,event_trading_day,event_price,pre_price,pre_to_event_pct,valley_price,valley_date,award_to_valley_days,event_to_valley_pct,peak_price,peak_date,award_to_peak_days,event_to_peak_pct,valley_to_peak_pct,days_to_5pct,days_to_10pct,days_to_15pct,days_to_20pct,days_to_30pct,days_to_50pct,days_to_100pct,return_day_1pct,return_day_3pct,return_day_5pct,return_day_7pct,return_day_10pct,return_day_14pct,return_day_21pct,return_day_30pct,return_day_45pct,return_day_60pct,return_day_90pct
LMT,LOCKHEED MARTIN CORPORATION,HQ014716C0011,2026-03-11,96636.14,Department of Defense,Missile Defense Agency,DEFINITIVE CONTRACT,2026-03-11,645.2458,646.9845,-0.27,491.64,2026-06-24,72,-23.81,648.584,2026-03-12,1,0.52,31.92,,,,,,,,0.52,-0.66,-1.11,-3.39,-3.89,-6.94,-5.5,-18.43,-19.87,-18.83,-21.41
BAH,BOOZ ALLEN HAMILTON INC,HQ003425FE226,2026-03-25,8598669.0,Department of Defense,Washington Headquarters Services,DELIVERY ORDER,2026-03-25,79.5212,78.2905,1.57,59.71,2026-06-25,63,-24.91,83.4516,2026-04-07,8,4.94,39.76,,,,,,,,0.26,-1.46,0.31,4.48,-0.74,2.72,-1.72,-4.08,-1.17,-20.36,-7.46
LMT,LOCKHEED MARTIN CORPORATION,FA861120C9708,2025-10-16,2500464.32,Department of Defense,Department of the Air Force,DEFINITIVE CONTRACT,2025-10-16,483.7997,489.8417,-1.23,434.0461,2025-12-01,31,-10.28,658.7036,2026-02-19,85,36.15,51.76,55.0,58.0,61.0,66.0,78.0,,,0.39,-0.76,-1.05,-1.29,-0.72,-4.08,-5.57,-7.17,-3.15,14.05,31.07
BA,THE BOEING COMPANY,W58RGZ24F0257,2025-09-12,-60825.2,Department of Defense,Department of the Army,DELIVERY ORDER,2025-09-12,215.94,219.99,-1.84,179.12,2025-11-24,51,-17.05,251.41,2026-01-22,90,16.43,40.36,77.0,83.0,88.0,,,,,-0.09,-0.61,-0.13,0.19,2.46,0.69,-0.18,2.51,-9.92,-4.48,16.43
GE,GENERAL ELECTRIC COMPANY,SPE4A526F4310,2026-03-17,0.0,Department of Defense,Defense Logistics Agency,DELIVERY ORDER,2026-03-17,301.7139,303.6215,-0.63,272.9098,2026-03-30,9,-9.55,378.68,2026-07-06,75,25.51,38.76,19.0,60.0,63.0,68.0,,,,-0.37,-5.06,-3.79,-5.58,-6.06,-4.47,-1.26,-6.13,-0.64,10.15,19.85
GD,"GENERAL DYNAMICS INFORMATION TECHNOLOGY, INC.",692M1522F00008,2026-03-26,30484.69,Department of Transportation,Federal Aviation Administration,DELIVERY ORDER,2026-03-26,352.0878,349.3328,0.79,311.1606,2026-04-27,21,-11.62,393.19,2026-07-28,84,11.67,26.36,67.0,83.0,,,,,,-2.4,-3.39,-1.74,-1.93,-5.23,-5.29,-11.62,-2.01,-4.08,-0.93,9.09
NOC,NORTHROP GRUMMAN SYSTEMS CORPORATION,FA873022C8510,2026-01-14,4506720.0,Department of Defense,Department of the Air Force,DEFINITIVE CONTRACT,2026-01-14,648.202,620.7709,4.42,538.3207,2026-05-15,84,-16.95,764.6547,2026-03-02,31,17.97,42.04,9.0,23.0,31.0,,,,,0.23,0.64,2.65,1.2,6.46,5.61,7.57,11.26,8.59,4.65,-14.48
LMT,LOCKHEED MARTIN CORPORATION,0097,2025-08-18,1516172.3,Department of Defense,Department of the Navy,DELIVERY ORDER,2025-08-18,429.0674,426.0683,0.7,429.0674,2025-08-18,0,0.0,504.3876,2025-10-06,34,17.55,17.55,13.0,25.0,33.0,,,,,0.1,1.49,1.61,3.14,3.44,4.95,8.15,14.12,11.9,4.49,11.88
LMT,LOCKHEED MARTIN CORPORATION,HQ085324F0001,2026-01-13,6200000.0,Department of Defense,Missile Defense Agency,DELIVERY ORDER,2026-01-13,551.761,544.7837,1.28,503.2157,2026-05-08,80,-8.8,672.2988,2026-03-02,32,21.85,33.6,5.0,11.0,22.0,32.0,,,,2.58,4.32,5.0,5.82,6.98,12.53,14.17,14.93,14.79,10.51,-3.99
LMT,LOCKHEED MARTIN CORPORATION,N0002424F6220,2026-01-30,1900000.0,Department of Defense,Department of the Navy,DELIVERY ORDER,2026-01-30,626.7917,615.2189,1.88,503.2157,2026-05-08,68,-19.72,672.2988,2026-03-02,20,7.26,33.6,13.0,,,,,,,0.28,-4.96,-1.68,-0.73,2.89,3.79,5.85,2.27,-0.51,-18.8,-16.24
ACN,ACCENTURE FEDERAL SERVICES LLC,89303022FIM000081,2026-01-27,63397.0,Department of Energy,Department of Energy,BPA CALL,2026-01-27,270.2314,275.0423,-1.75,157.7433,2026-05-13,74,-41.63,270.2314,2026-01-27,0,0.0,71.31,,,,,,,,-1.95,-4.41,-12.54,-15.31,-12.67,-20.27,-24.81,-26.95,-28.55,-34.81,-34.82
BA,THE BOEING COMPANY,FA821415C0001,2025-12-09,2670000.0,Department of Defense,Department of the Air Force,DEFINITIVE CONTRACT,2025-12-09,200.37,206.27,-2.86,189.21,2026-03-30,75,-5.57,252.15,2026-01-23,30,25.84,33.26,8.0,16.0,21.0,23.0,,,,-0.82,2.0,3.16,3.94,8.22,9.05,17.05,25.84,21.26,12.29,9.38
BA,THE BOEING COMPANY,HTC71124FD064,2025-09-15,325280.52,Department of Defense,USTRANSCOM,DELIVERY ORDER,2025-09-15,215.75,215.94,-0.09,179.12,2025-11-24,50,-16.98,252.15,2026-01-23,90,16.87,40.77,76.0,82.0,87.0,,,,,-0.34,-0.04,-1.7,-0.3,0.62,0.25,-0.67,3.36,-11.1,-7.13,16.87
LMT,LOCKHEED MARTIN CORP,N0003022C1025,2025-12-09,0.0,Department of Defense,Department of the Navy,DEFINITIVE CONTRACT,2025-12-09,461.4216,459.9293,0.32,461.4216,2025-12-09,0,0.0,672.2988,2026-03-02,55,45.7,45.7,16.0,18.0,21.0,24.0,34.0,,,0.22,2.86,2.18,0.7,3.35,4.52,16.28,26.54,39.77,43.0,23.15
LMT,LOCKHEED MARTIN CORPORATION,W31P4Q24F0165,2026-03-17,4835563.42,Department of Defense,Department of the Army,DELIVERY ORDER,2026-03-17,632.1913,641.0037,-1.37,491.64,2026-06-24,68,-22.23,638.1027,2026-03-18,1,0.94,29.79,,,,,,,,0.94,-1.4,-4.11,-1.41,-5.02,-1.36,-4.53,-19.88,-17.87,-13.21,-8.26
GD,"GENERAL DYNAMICS INFORMATION TECHNOLOGY, INC.",HC101325F0067,2025-09-24,66461.87,Department of Defense,Defense Information Systems Agency,BPA CALL,2025-09-24,318.0098,317.597,0.13,318.0098,2025-09-24,0,0.0,364.0791,2026-01-16,79,14.49,14.49,4.0,70.0,,,,,,0.25,2.64,5.29,6.18,7.05,4.13,5.99,6.43,5.54,4.7,10.73
GD,"GENERAL DYNAMICS INFORMATION TECHNOLOGY, INC.",N0017817F3008,2026-03-31,0.0,Department of Defense,Department of the Navy,DELIVERY ORDER,2026-03-31,340.1362,337.728,0.71,311.1606,2026-04-27,18,-8.52,395.97,2026-08-10,90,16.42,27.26,50.0,65.0,81.0,,,,,2.13,2.38,1.98,-1.9,-0.81,-4.72,0.78,-0.08,-0.04,1.49,16.42
BA,THE BOEING COMPANY,W15QKN26F0053,2025-12-16,14272885.3,Department of Defense,Department of the Army,DELIVERY ORDER,2025-12-16,206.71,205.5,0.59,189.21,2026-03-30,70,-8.47,252.15,2026-01-23,25,21.98,33.26,6.0,11.0,17.0,22.0,,,,-0.18,3.57,4.91,4.71,5.04,10.36,19.82,13.07,11.48,3.27,11.62
CACI,"CACI, INC. - FEDERAL",FA807524F0060,2026-02-18,478342.83,Department of Defense,Department of the Air Force,DELIVERY ORDER,2026-02-18,566.99,564.53,0.44,443.26,2026-06-25,88,-21.82,633.21,2026-03-09,13,11.68,42.85,6.0,8.0,,,,,,4.27,0.71,4.06,7.62,10.15,4.36,8.1,-1.03,-7.14,-11.08,-19.39
GD,"GENERAL DYNAMICS INFORMATION TECHNOLOGY, INC.",N0017820F3012,2025-11-17,0.0,Department of Defense,Department of the Navy,DELIVERY ORDER,2025-11-17,337.3311,339.7689,-0.72,328.0535,2025-12-01,9,-2.75,364.0791,2026-01-16,41,7.93,10.98,33.0,,,,,,,-0.14,-0.68,-1.07,-0.51,-1.75,-1.69,-1.57,-1.5,6.72,2.13,0.12
BAH,BOOZ ALLEN HAMILTON INC,FA807523F0024,2026-03-12,2124000.0,Department of Defense,Department of the Air Force,DELIVERY ORDER,2026-03-12,76.5337,75.3724,1.54,59.71,2026-06-25,72,-21.98,83.4516,2026-04-07,17,9.04,39.76,15.0,,,,,,,1.5,0.01,4.82,3.62,4.18,4.23,6.1,2.11,-5.76,2.75,-13.59
NOC,NORTHROP GRUMMAN SYSTEMS CORPORATION,N0038323FS50R,2026-02-04,99100.0,Department of Defense,Department of the Navy,DELIVERY ORDER,2026-02-04,684.5352,699.65,-2.16,526.06,2026-06-03,82,-23.15,764.6547,2026-03-02,17,11.7,45.36,9.0,17.0,,,,,,0.98,1.2,-1.58,1.86,6.83,2.34,9.97,3.87,-2.01,-17.37,-20.42
BA,THE BOEING COMPANY,FA821325FB002,2025-11-24,310829.0,Department of Defense,Department of the Air Force,DELIVERY ORDER,2025-11-24,179.12,179.7,-0.32,179.12,2025-11-24,0,0.0,252.15,2026-01-23,40,40.77,40.77,3.0,5.0,9.0,19.0,31.0,,,1.85,5.52,14.66,12.7,11.86,14.73,21.8,26.94,30.48,28.65,17.24
LDOS,"LEIDOS, INC.",DTFA0101CA0065CALL0001,2025-12-05,-47838.62,Department of Transportation,Federal Aviation Administration,DELIVERY ORDER,2025-12-05,185.2811,190.835,-2.91,152.3419,2026-04-10,85,-17.78,197.153,2026-01-09,23,6.41,29.41,20.0,,,,,,,-0.64,0.8,1.56,-2.27,-0.92,-0.29,5.48,3.07,-7.19,-5.76,-16.55
LMT,LOCKHEED MARTIN CORPORATION,H9225425FE042,2025-10-01,0.0,Department of Defense,U.S. Special Operations Command,DELIVERY ORDER,2025-10-01,489.4396,489.6455,-0.04,434.0461,2025-12-01,42,-11.32,630.8141,2026-02-09,89,28.88,45.33,66.0,70.0,72.0,80.0,,,,0.07,3.05,3.01,1.21,0.08,-1.9,-1.86,-8.41,-9.47,-2.47,27.12
NOC,NORTHROP GRUMMAN SYSTEMS CORPORATION,M6785424F0014,2025-12-15,0.0,Department of Defense,Department of the Navy,DELIVERY ORDER,2025-12-15,571.4367,565.4523,1.06,555.2898,2025-12-18,3,-2.83,764.6547,2026-03-02,51,33.81,37.7,13.0,20.0,22.0,30.0,51.0,,,-1.23,-2.83,1.54,1.14,-0.21,6.05,13.69,20.76,25.66,27.83,0.23
NOC,NORTHROP GRUMMAN SYSTEMS CORPORATION,FA863825FB007,2025-08-19,0.0,Department of Defense,Department of the Air Force,DELIVERY ORDER,2025-08-19,577.1807,575.7925,0.24,541.3857,2025-12-01,72,-6.2,630.571,2025-10-08,35,9.25,16.47,33.0,,,,,,,1.08,1.06,1.16,0.28,-0.5,-2.11,-1.74,3.68,2.15,-4.34,-0.72
CACI,"CACI, INC. - FEDERAL",70US0926F1DHS2502,2026-02-12,3373249.0,Department of Homeland Security,U.S. Secret Service,BPA CALL,2026-02-12,561.39,572.83,-2.0,449.72,2026-06-22,88,-19.89,633.21,2026-03-09,16,12.79,40.8,4.0,11.0,,,,,,2.12,1.0,4.39,4.39,8.69,9.11,7.83,0.41,-7.0,-14.04,-17.7
GE,GENERAL ELECTRIC COMPANY,SPRTA126F0097,2026-01-23,10987220.02,Department of Defense,Defense Logistics Agency,DELIVERY ORDER,2026-01-23,293.0772,294.2042,-0.38,272.9098,2026-03-30,45,-6.88,344.8073,2026-03-02,25,17.65,26.34,6.0,16.0,19.0,,,,,0.4,-0.47,4.4,5.46,9.23,6.47,17.62,9.71,-6.88,-2.29,7.22
ACN,ACCENTURE FEDERAL SERVICES LLC,2032H521F00716,2025-08-18,15519378.58,Department of the Treasury,Internal Revenue Service,DELIVERY ORDER,2025-08-18,244.0999,242.0228,0.86,227.8645,2025-09-25,27,-6.65,269.1145,2025-12-15,83,10.25,18.1,75.0,83.0,,,,,,2.71,1.95,2.78,3.21,2.83,2.58,-3.17,-1.02,0.55,-2.64,8.37
LDOS,LEIDOS BIOMEDICAL RESEARCH INC,75N91022F00030,2025-12-05,-200410.0,Department of Health and Human Services,National Institutes of Health,DELIVERY ORDER,2025-12-05,185.2811,190.835,-2.91,152.3419,2026-04-10,85,-17.78,197.153,2026-01-09,23,6.41,29.41,20.0,,,,,,,-0.64,0.8,1.56,-2.27,-0.92,-0.29,5.48,3.07,-7.19,-5.76,-16.55
BA,THE BOEING COMPANY,FA852620F0020,2025-11-06,-1228.25,Department of Defense,Defense Contract Management Agency,DELIVERY ORDER,2025-11-06,196.5,197.62,-0.57,179.12,2025-11-24,12,-8.84,252.15,2026-01-23,52,28.32,40.77,27.0,31.0,38.0,44.0,,,,-0.96,-0.66,-0.98,-2.39,-8.71,-4.88,4.97,8.95,24.45,20.08,2.38
BAH,BOOZ ALLEN HAMILTON INC,FA807521F0075,2026-04-01,75417.21,Department of Defense,Department of the Air Force,DELIVERY ORDER,2026-04-01,79.7693,77.4468,3.0,59.71,2026-06-25,58,-25.15,83.4516,2026-04-07,3,4.62,39.76,,,,,,,,3.43,4.62,-1.05,1.79,2.89,-3.73,-2.56,-8.7,-1.11,-22.24,-1.5
LDOS,"LEIDOS, INC.",HC102826F0010,2025-11-25,282938.42,Department of Defense,Defense Information Systems Agency,DELIVERY ORDER,2025-11-25,189.9225,185.2712,2.51,153.6473,2026-03-30,84,-19.1,197.153,2026-01-09,30,3.81,28.32,,,,,,,,-0.6,-1.61,-1.6,-2.44,-1.67,-4.66,-2.72,3.81,-1.58,-8.86,-15.72
NOC,NORTHROP GRUMMAN SYSTEMS CORP,FA853825F0083,2026-01-22,0.0,Department of Defense,Department of the Air Force,DELIVERY ORDER,2026-01-22,665.3712,659.1386,0.95,536.59,2026-06-02,90,-19.35,764.6547,2026-03-02,26,14.92,42.5,8.0,26.0,,,,,,0.37,1.24,3.72,2.17,3.89,1.25,8.54,13.14,1.6,-1.69,-19.35
BA,THE BOEING COMPANY,SPRPA124F0051,2026-02-09,13933847.5,Department of Defense,Defense Logistics Agency,DELIVERY ORDER,2026-02-09,244.71,243.03,0.69,189.21,2026-03-30,34,-22.68,244.71,2026-02-09,0,0.0,29.33,,,,,,,,-0.87,-2.19,-0.27,-4.5,-4.63,-6.12,-12.51,-19.73,-8.49,-6.04,-8.99
LMT,LOCKHEED MARTIN CORPORATION,W31P4Q20C0023,2025-10-29,0.0,Department of Defense,Department of the Army,DEFINITIVE CONTRACT,2025-10-29,476.0315,476.463,-0.09,434.0461,2025-12-01,22,-8.82,672.2988,2026-03-02,83,41.23,54.89,45.0,49.0,51.0,54.0,63.0,,,0.9,0.54,-2.51,-5.56,-5.83,-2.19,-5.66,-1.41,6.21,23.52,35.55
BA,THE BOEING COMPANY,N0001926F0035,2026-03-23,0.0,Department of Defense,Department of the Navy,DELIVERY ORDER,2026-03-23,198.41,195.12,1.69,189.21,2026-03-30,5,-4.64,240.6,2026-05-13,36,21.26,27.16,9.0,12.0,21.0,34.0,,,,-1.0,-2.04,-4.64,4.49,5.84,11.96,16.57,13.09,13.05,13.72,8.94
ACN,ACCENTURE FEDERAL SERVICES LLC,FA701424F0447,2026-03-25,1078053.69,Department of Defense,Department of the Air Force,DELIVERY ORDER,2026-03-25,188.4076,189.6323,-0.65,122.9615,2026-06-30,66,-34.74,197.2651,2026-04-02,6,4.7,60.43,,,,,,,,2.15,2.74,2.48,3.46,-2.44,1.74,-6.46,-5.5,-1.89,-34.53,-9.54
HII,HUNTINGTON INGALLS INC,N0002415C2114,2025-12-17,769427.0,Department of Defense,Department of the Navy,DEFINITIVE CONTRACT,2025-12-17,318.9118,324.381,-1.69,318.9118,2025-12-17,0,0.0,451.7788,2026-03-02,49,41.66,41.66,3.0,3.0,14.0,15.0,19.0,,,0.42,10.03,10.63,7.61,8.86,17.8,29.35,30.82,39.35,32.05,13.08
BA,THE BOEING COMPANY,N0038326F0YY0,2025-11-28,53241552.5,Department of Defense,Department of the Navy,DELIVERY ORDER,2025-11-28,189.0,186.92,1.11,186.46,2025-12-01,1,-1.34,252.15,2026-01-23,37,33.41,35.23,2.0,14.0,18.0,23.0,32.0,,,-1.34,7.16,6.82,6.02,8.14,10.2,15.61,29.39,24.84,21.38,15.15
LDOS,"LEIDOS, INC.",N0003925F7506,2026-03-26,709000.0,Department of Defense,Department of the Navy,DELIVERY ORDER,2026-03-26,157.0253,158.3208,-0.82,100.0,2026-06-25,62,-36.32,160.0746,2026-04-08,8,1.94,60.07,,,,,,,,-1.3,-1.31,0.79,0.82,-2.98,-0.7,-8.47,-17.43,-18.95,-32.42,-19.22
GD,"GENERAL DYNAMICS MISSION SYSTEMS, INC.",N0002425C6208,2026-02-20,85000.0,Department of Defense,Department of the Navy,DEFINITIVE CONTRACT,2026-02-20,348.2625,351.1562,-0.82,311.1606,2026-04-27,45,-10.65,362.8304,2026-03-04,8,4.18,16.61,,,,,,,,-0.69,-2.36,1.6,3.78,3.43,1.08,-1.15,-0.01,-10.65,-1.91,3.73
HON,HONEYWELL INTERNATIONAL INC.,W58RGZ26F0125,2026-01-28,6351840.0,Department of Defense,Department of the Army,DELIVERY ORDER,2026-01-28,224.8469,229.2786,-1.93,218.057,2026-05-05,67,-3.02,258.7145,2026-03-02,22,15.06,18.65,2.0,7.0,22.0,,,,,4.89,5.04,8.64,10.04,12.03,11.31,13.0,8.27,6.44,-1.11,-1.21
BA,THE BOEING COMPANY,FA813425F0006,2025-08-27,633772.48,Department of Defense,Department of the Air Force,DELIVERY ORDER,2025-08-27,235.62,234.83,0.34,179.12,2025-11-24,62,-23.98,237.38,2025-09-02,3,0.75,32.53,,,,,,,,0.23,0.75,-2.07,-1.98,-6.63,-8.91,-6.09,-8.33,-15.08,-23.87,-2.45
BA,THE BOEING COMPANY,FA863425CB002,2026-04-01,0.0,Department of Defense,Department of the Air Force,DEFINITIVE CONTRACT,2026-04-01,207.32,199.03,4.17,204.8,2026-07-21,75,-1.22,240.6,2026-05-13,29,16.05,17.48,4.0,14.0,29.0,,,,,0.43,1.29,6.15,7.15,5.58,11.56,9.68,10.56,3.92,3.55,12.5
LDOS,"LEIDOS, INC.",FA945119C0007,2026-01-09,-6923.08,Department of Defense,Department of the Air Force,DEFINITIVE CONTRACT,2026-01-09,197.153,194.0517,1.6,123.2546,2026-05-15,87,-37.48,197.153,2026-01-09,0,0.0,59.96,,,,,,,,-1.38,-3.79,-1.84,-3.14,-4.46,-5.07,-1.83,-12.21,-14.59,-18.81,-37.13
CACI,"CACI, INC. - FEDERAL",N6426724F3008,2026-01-07,40000.0,Department of Defense,Department of the Navy,DELIVERY ORDER,2026-01-07,562.79,559.44,0.6,480.99,2026-05-08,84,-14.53,662.19,2026-01-23,11,17.66,37.67,2.0,6.0,10.0,,,,,3.78,7.47,8.62,12.9,16.47,13.41,9.9,4.13,7.81,1.62,-12.06
PLTR,PALANTIR USG INC,N0018926FZ079,2026-02-12,0.0,Department of Defense,Department of the Navy,DELIVERY ORDER,2026-02-12,129.13,135.68,-4.83,113.5,2026-06-24,90,-12.1,160.84,2026-03-23,26,24.56,41.71,9.0,11.0,13.0,15.0,,,,1.77,4.84,4.73,-0.22,6.24,18.23,18.27,10.79,12.98,6.01,-12.1
BA,THE BOEING COMPANY,FA812824F0006,2026-03-02,-42730.2,Department of Defense,Defense Contract Management Agency,DELIVERY ORDER,2026-03-02,229.74,227.53,0.97,189.21,2026-03-30,20,-17.64,240.6,2026-05-13,51,4.73,27.16,,,,,,,,-2.45,-3.34,-2.06,-6.81,-7.08,-15.07,-13.37,-2.6,-2.33,-2.37,-3.25
LMT,LOCKHEED MARTIN CORPORATION,N0001925F2007,2025-09-25,2685952.0,Department of Defense,Department of the Navy,DELIVERY ORDER,2025-09-25,475.0605,476.9339,-0.39,434.0461,2025-12-01,46,-8.63,628.5509,2026-02-02,88,32.31,44.81,7.0,73.0,75.0,77.0,87.0,,,0.64,3.07,3.1,6.17,4.84,3.11,0.22,-3.18,-5.47,-1.36,25.39
NOC,NORTHROP GRUMMAN SYSTEMS CORPORATION,N0038326FNF00,2025-10-23,1930582.4,Department of Defense,Department of the Navy,DELIVERY ORDER,2025-10-23,598.7336,589.5807,1.55,541.3857,2025-12-01,26,-9.58,764.6547,2026-03-02,87,27.71,41.24,56.0,58.0,66.0,79.0,,,,-0.03,-1.76,-4.48,-5.01,-5.58,-7.79,-6.45,-9.0,-4.23,10.09,23.05
LMT,LOCKHEED MARTIN CORP,HQ014719C5001,2026-02-05,0.0,Department of Defense,Missile Defense Agency,DEFINITIVE CONTRACT,2026-02-05,602.045,595.7003,1.07,503.2157,2026-05-08,64,-16.42,672.2988,2026-03-02,16,11.67,33.6,6.0,16.0,,,,,,2.36,3.35,4.64,6.63,8.06,5.33,9.6,3.54,2.26,-14.49,-10.98
LDOS,"LEIDOS, INC.",FA873017C0036,2025-09-29,354971.53,Department of Defense,Department of the Air Force,DEFINITIVE CONTRACT,2025-09-29,184.0811,183.3769,0.38,179.3204,2025-12-31,65,-2.59,197.9062,2025-11-04,26,7.51,10.36,4.0,,,,,,,1.8,3.92,6.7,6.8,0.18,-0.59,1.19,6.07,0.79,0.61,4.21
CACI,"CACI, INC. - FEDERAL",FA807522F0030,2025-08-20,359565.0,Department of Defense,Department of the Air Force,DELIVERY ORDER,2025-08-20,486.63,486.85,-0.05,460.1,2025-09-04,10,-5.45,617.97,2025-11-25,68,26.99,34.31,29.0,45.0,45.0,45.0,,,,-0.13,-0.37,0.09,-1.42,-5.45,-0.08,2.5,6.67,20.13,20.69,10.86
LMT,LOCKHEED MARTIN CORPORATION,HQ085224F0007,2026-03-24,20180965.0,Department of Defense,Missile Defense Agency,DELIVERY ORDER,2026-03-24,606.2015,612.2419,-0.99,491.64,2026-06-24,63,-18.9,633.7512,2026-04-06,8,4.54,28.91,,,,,,,,2.3,0.93,-0.95,2.07,3.0,0.23,-13.17,-15.72,-11.96,-15.71,-3.28
LMT,LOCKHEED MARTIN CORPORATION,W31P4Q22F0106,2025-11-24,0.0,Department of Defense,Department of the Army,DELIVERY ORDER,2025-11-24,442.4181,451.9518,-2.11,434.0461,2025-12-01,4,-1.89,672.2988,2026-03-02,65,51.96,54.89,12.0,26.0,28.0,31.0,36.0,65.0,,0.3,1.51,-1.3,0.15,4.3,8.21,8.51,15.81,41.67,47.57,40.96
LMT,LOCKHEED MARTIN CORPORATION,W56KGY22F0001,2026-01-27,270103.0,Department of Defense,Department of the Army,DELIVERY ORDER,2026-01-27,587.9818,574.8474,2.28,503.2157,2026-05-08,71,-14.42,672.2988,2026-03-02,23,14.34,33.6,3.0,16.0,,,,,,0.39,6.6,5.6,2.39,5.82,9.18,7.85,9.74,4.36,-10.48,-10.92
LDOS,"LEIDOS, INC.",47QFCA21C0002,2025-09-29,5081477.25,General Services Administration,Federal Acquisition Service,DEFINITIVE CONTRACT,2025-09-29,184.0811,183.3769,0.38,179.3204,2025-12-31,65,-2.59,197.9062,2025-11-04,26,7.51,10.36,4.0,,,,,,,1.8,3.92,6.7,6.8,0.18,-0.59,1.19,6.07,0.79,0.61,4.21
CACI,"CACI, INC. - FEDERAL",N0042122C0025,2025-12-10,1008893.8,Department of Defense,Department of the Navy,DEFINITIVE CONTRACT,2025-12-10,596.45,589.19,1.23,512.25,2026-04-22,90,-14.12,662.19,2026-01-23,29,11.02,29.27,24.0,29.0,,,,,,-1.67,-4.87,-5.99,-6.68,-8.72,-10.67,1.4,7.77,-5.35,-0.79,-14.12
BA,THE BOEING COMPANY,NNM07AB03C,2026-01-09,0.0,National Aeronautics and Space Administration,National Aeronautics and Space Administration,DEFINITIVE CONTRACT,2026-01-09,234.53,227.38,3.14,189.21,2026-03-30,54,-19.32,252.15,2026-01-23,9,7.51,33.26,4.0,,,,,,,2.25,3.45,5.61,6.63,5.93,-0.35,3.44,-0.49,-10.11,-7.13,-5.26
NOC,NORTHROP GRUMMAN SYSTEMS CORPORATION,FA821421F0009,2025-12-08,785962.49,Department of Defense,Department of the Air Force,DELIVERY ORDER,2025-12-08,549.3748,544.8195,0.84,546.467,2025-12-09,1,-0.53,764.6547,2026-03-02,56,39.19,39.93,10.0,18.0,25.0,27.0,48.0,,,-0.53,1.17,4.02,1.92,5.62,4.38,6.73,21.11,25.56,37.03,19.06
GE,GENERAL ELECTRIC COMPANY,80GRC020F0081,2025-09-30,0.0,National Aeronautics and Space Administration,National Aeronautics and Space Administration,DELIVERY ORDER,2025-09-30,299.6658,292.5033,2.45,282.5118,2025-12-10,50,-5.72,326.6564,2026-01-06,67,9.01,15.63,60.0,,,,,,,0.02,-1.27,0.31,-0.49,-0.25,0.62,4.47,3.29,-4.1,5.3,5.41
BA,THE BOEING COMPANY,FA863423F0400,2026-01-28,-1200000.0,Department of Defense,Department of the Air Force,DELIVERY ORDER,2026-01-28,241.59,244.56,-1.21,189.21,2026-03-30,42,-21.68,244.71,2026-02-09,8,1.29,29.33,,,,,,,,-3.13,-3.55,-2.33,0.6,-2.21,-1.1,-5.82,-15.24,-13.81,-3.79,-10.63
VSEC,"VSE AVIATION, INC.",SPE4A726C0055,2026-02-09,1964938.5,Department of Defense,Defense Logistics Agency,DEFINITIVE CONTRACT,2026-02-09,204.7696,199.8042,2.49,158.5839,2026-05-19,69,-22.55,227.5684,2026-02-20,8,11.13,43.5,6.0,8.0,,,,,,3.07,-1.01,4.09,9.61,9.37,8.29,5.04,-14.54,9.65,1.26,7.01
HII,HUNTINGTON INGALLS INC,N0002415C4301,2025-09-30,10446758.0,Department of Defense,Department of the Navy,DEFINITIVE CONTRACT,2025-09-30,284.5241,276.2427,3.0,276.7269,2025-10-17,13,-2.74,426.4597,2026-02-03,86,49.89,54.11,22.0,22.0,57.0,58.0,69.0,,,-0.66,-1.27,-0.88,-0.61,1.4,-0.74,3.65,12.6,7.88,24.0,41.58
LMT,LOCKHEED MARTIN CORPORATION,FA868223FB004,2026-01-27,0.0,Department of Defense,Department of the Air Force,DELIVERY ORDER,2026-01-27,587.9818,574.8474,2.28,503.2157,2026-05-08,71,-14.42,672.2988,2026-03-02,23,14.34,33.6,3.0,16.0,,,,,,0.39,6.6,5.6,2.39,5.82,9.18,7.85,9.74,4.36,-10.48,-10.92
LDOS,"LEIDOS, INC.",HC102821F0135,2026-03-26,500000.0,Department of Defense,Defense Information Systems Agency,DELIVERY ORDER,2026-03-26,157.0253,158.3208,-0.82,100.0,2026-06-25,62,-36.32,160.0746,2026-04-08,8,1.94,60.07,,,,,,,,-1.3,-1.31,0.79,0.82,-2.98,-0.7,-8.47,-17.43,-18.95,-32.42,-19.22
GD,"GENERAL DYNAMICS INFORMATION TECHNOLOGY, INC.",HC102819F0141,2026-01-30,0.0,Department of Defense,Defense Information Systems Agency,BPA CALL,2026-01-30,347.9355,346.8057,0.33,311.1606,2026-04-27,59,-10.57,362.8304,2026-03-04,22,4.28,16.61,,,,,,,,-1.34,0.65,2.56,2.2,-0.98,0.09,3.88,0.93,-0.76,-10.24,-2.4
CACI,"CACI TECHNOLOGIES, LLC",W56KGU23F0014,2026-01-02,632416.0,Department of Defense,Department of the Army,DELIVERY ORDER,2026-01-02,537.41,532.81,0.86,480.99,2026-05-08,87,-10.5,662.19,2026-01-23,14,23.22,37.67,1.0,5.0,9.0,13.0,,,,5.81,4.72,11.45,12.5,18.23,23.22,15.15,5.05,10.1,1.2,-6.24
LDOS,"LEIDOS, INC.",36C77020C0002,2026-01-28,0.0,Department of Veterans Affairs,Department of Veterans Affairs,DEFINITIVE CONTRACT,2026-01-28,186.6463,186.03,0.33,122.3678,2026-06-08,90,-34.44,193.5547,2026-02-10,9,3.7,58.17,,,,,,,,-0.31,0.14,0.36,2.78,-7.87,-8.65,-6.75,-7.43,-15.21,-22.02,-34.44
CACI,"CACI, INC. - FEDERAL",FA807522F0054,2026-02-18,4970179.0,Department of Defense,Department of the Air Force,DELIVERY ORDER,2026-02-18,566.99,564.53,0.44,443.26,2026-06-25,88,-21.82,633.21,2026-03-09,13,11.68,42.85,6.0,8.0,,,,,,4.27,0.71,4.06,7.62,10.15,4.36,8.1,-1.03,-7.14,-11.08,-19.39
LMT,LOCKHEED MARTIN CORPORATION,FA865124FB002,2025-12-16,0.0,Department of Defense,Department of the Air Force,DELIVERY ORDER,2025-12-16,471.4725,478.7463,-1.52,464.6336,2025-12-18,2,-1.45,672.2988,2026-03-02,50,42.6,44.69,12.0,16.0,17.0,19.0,29.0,,,-0.48,-0.61,1.15,1.25,1.39,4.15,22.09,32.94,38.48,35.96,7.95
BA,THE BOEING COMPANY,FA882326FB003,2026-01-27,18720520.0,Department of Defense,Department of the Air Force,DELIVERY ORDER,2026-01-27,244.56,248.43,-1.56,189.21,2026-03-30,43,-22.63,244.71,2026-02-09,9,0.06,29.33,,,,,,,,-1.21,-4.43,-4.67,-3.11,-0.81,-0.21,-6.19,-12.46,-15.23,-4.26,-11.9
NOC,NORTHROP GRUMMAN SYSTEMS CORPORATION,W52P1J18F0099,2025-09-23,0.0,Department of Defense,Department of the Army,DELIVERY ORDER,2025-09-23,570.4052,569.4859,0.16,541.3857,2025-12-01,48,-5.09,690.0928,2026-01-29,88,20.98,27.47,5.0,11.0,80.0,88.0,,,,1.59,3.02,5.59,4.84,7.72,7.24,3.36,0.01,-1.33,-1.84,19.19
LMT,LOCKHEED MARTIN CORPORATION,FA868224FB004,2026-02-27,154841.53,Department of Defense,Department of the Air Force,DELIVERY ORDER,2026-02-27,650.3724,634.1151,2.56,491.64,2026-06-24,80,-24.41,672.2988,2026-03-02,1,3.37,36.75,,,,,,,,3.37,1.5,2.62,-0.52,-1.32,-2.62,-8.56,-5.34,-20.85,-18.6,-20.31
LMT,LOCKHEED MARTIN CORPORATION,FA823222F0114,2025-10-30,-80000.0,Department of Defense,Department of the Air Force,DELIVERY ORDER,2025-10-30,480.3374,476.0315,0.9,434.0461,2025-12-01,21,-9.64,672.2988,2026-03-02,82,39.96,54.89,44.0,48.0,51.0,55.0,62.0,,,0.44,-0.97,-4.25,-7.68,-6.92,-4.05,-9.64,-1.19,7.41,22.89,35.03
ACN,ACCENTURE FEDERAL SERVICES LLC,89303023FSE000001,2026-04-02,1251158.75,Department of Energy,Department of Energy,BPA CALL,2026-04-02,197.265,193.0813,2.17,122.9615,2026-06-30,60,-37.67,197.265,2026-04-02,0,0.0,60.43,,,,,,,,-1.18,-3.72,-10.07,-4.64,-1.0,-10.7,-9.78,-15.44,-12.63,-37.67,-8.68
BA,THE BOEING COMPANY,FA810726FB005,2025-12-29,9486097.46,Department of Defense,Department of the Air Force,DELIVERY ORDER,2025-12-29,217.25,216.44,0.37,189.21,2026-03-30,62,-12.91,252.15,2026-01-23,17,16.06,33.26,4.0,9.0,15.0,,,,,0.58,4.84,5.8,4.66,12.57,14.61,7.73,8.75,2.21,-10.54,9.26
BA,THE BOEING COMPANY,FA813425F4202,2026-03-02,0.0,Department of Defense,Defense Contract Management Agency,DELIVERY ORDER,2026-03-02,229.74,227.53,0.97,189.21,2026-03-30,20,-17.64,240.6,2026-05-13,51,4.73,27.16,,,,,,,,-2.45,-3.34,-2.06,-6.81,-7.08,-15.07,-13.37,-2.6,-2.33,-2.37,-3.25
BAH,BOOZ ALLEN HAMILTON INC,N3220525C1201,2025-12-11,7606410.39,Department of Defense,Department of the Navy,DEFINITIVE CONTRACT,2025-12-11,92.9654,91.6258,1.46,73.705,2026-02-23,48,-20.72,100.6977,2026-01-23,28,8.32,36.62,28.0,,,,,,,-1.7,-9.51,-8.87,-8.36,-9.53,-10.06,0.99,-5.11,-16.42,-18.92,-15.65
GD,"GENERAL DYNAMICS INFORMATION TECHNOLOGY, INC.",1331L524F13ES0024,2026-02-17,-39301.37,Department of Commerce,Office of the Secretary,BPA CALL,2026-02-17,339.4424,344.5165,-1.47,311.1606,2026-04-27,48,-8.33,362.8304,2026-03-04,11,6.89,16.61,9.0,,,,,,,2.03,2.6,2.53,2.39,6.48,5.68,3.16,0.2,-5.92,0.12,1.69
CACI,"CACI NSS, LLC",12760425F0002,2026-01-13,1071525.6,Department of Agriculture,Forest Service,BPA CALL,2026-01-13,604.57,604.82,-0.04,480.99,2026-05-08,80,-20.44,662.19,2026-01-23,7,9.53,37.67,3.0,,,,,,,1.12,5.1,4.63,9.53,5.57,2.36,-7.14,-1.23,1.38,-11.59,-17.07
LMT,LOCKHEED MARTIN CORPORATION,N0002418C2301,2025-08-19,0.0,Department of Defense,Department of the Navy,DEFINITIVE CONTRACT,2025-08-19,429.5154,429.0674,0.1,429.5154,2025-08-19,0,0.0,504.3876,2025-10-06,33,17.43,17.43,12.0,24.0,32.0,,,,,1.11,1.16,3.26,3.42,2.55,4.37,8.16,13.95,11.24,4.37,11.14
CACI,"CACI NSS, LLC",HDTRA123F0020,2025-08-26,19980151.0,Department of Defense,Defense Threat Reduction Agency,DELIVERY ORDER,2025-08-26,483.13,484.81,-0.35,460.1,2025-09-04,6,-4.77,617.97,2025-11-25,64,27.91,34.31,25.0,39.0,41.0,41.0,,,,0.82,-0.71,-2.83,-1.8,0.64,1.71,-1.43,9.02,16.36,24.78,17.7
LDOS,"LEIDOS, INC.",FA945125FX008,2025-09-19,0.0,Department of Defense,Department of the Air Force,DELIVERY ORDER,2025-09-19,185.9059,185.6084,0.16,179.3204,2025-12-31,71,-3.54,197.9062,2025-11-04,32,6.46,10.36,11.0,,,,,,,0.22,-0.03,-1.36,0.81,4.34,3.52,1.62,1.61,-0.51,-0.57,0.09
LMT,LOCKHEED MARTIN CORPORATION,FA854024F0060,2025-09-15,379703.0,Department of Defense,Department of the Air Force,DELIVERY ORDER,2025-09-15,464.1829,462.2801,0.41,434.0461,2025-12-01,54,-6.49,586.9539,2026-01-22,89,26.45,35.23,11.0,78.0,81.0,84.0,,,,0.23,0.08,1.51,2.75,3.96,6.6,6.75,2.89,-0.52,-0.59,25.79
NOC,NORTHROP GRUMMAN SYSTEMS CORPORATION,N0038326FS50R,2026-02-27,0.0,Department of Defense,Department of the Navy,DELIVERY ORDER,2026-02-27,721.2059,707.7849,1.9,496.02,2026-06-29,83,-31.22,764.6547,2026-03-02,1,6.02,54.16,1.0,,,,,,,6.02,4.07,4.38,1.46,1.29,-1.41,-7.29,-5.95,-21.73,-23.13,-26.2
LMT,LOCKHEED MARTIN CORPORATION,H9225425FE023,2025-10-06,0.0,Department of Defense,U.S. Special Operations Command,DELIVERY ORDER,2025-10-06,504.3876,494.8244,1.93,434.0461,2025-12-01,39,-13.95,644.9368,2026-02-13,90,27.87,48.59,66.0,69.0,74.0,79.0,,,,-0.62,-1.26,-2.02,-2.88,-1.62,-5.61,-5.69,-8.45,-8.52,-5.23,27.87
BA,THE BOEING COMPANY,N0042125F0651,2025-08-21,1000000.0,Department of Defense,Department of the Navy,DELIVERY ORDER,2025-08-21,224.46,225.62,-0.51,179.12,2025-11-24,66,-20.2,237.38,2025-09-02,7,5.76,32.53,5.0,,,,,,,2.52,4.62,5.21,5.76,2.29,-1.99,-5.51,-3.64,-1.39,-13.34,-2.66
LDOS,"LEIDOS, INC.",N0018924FZ882,2025-09-24,21825.7,Department of Defense,Department of the Navy,DELIVERY ORDER,2025-09-24,185.8563,185.5687,0.15,179.3204,2025-12-31,68,-3.52,197.9062,2025-11-04,29,6.48,10.36,8.0,,,,,,,-2.69,-0.96,2.26,4.36,5.78,-0.07,2.13,4.09,1.58,-3.09,1.51
BAH,BOOZ ALLEN HAMILTON INC,47QFWA26F0005,2026-01-20,692172.8,General Services Administration,Federal Acquisition Service,DELIVERY ORDER,2026-01-20,92.0592,95.9401,-4.05,71.0549,2026-05-13,79,-22.82,100.6977,2026-01-23,3,9.38,41.72,3.0,,,,,,,2.26,9.38,-4.17,-5.06,-11.19,-3.56,-13.81,-15.53,-13.62,-10.85,-14.63
ACN,ACCENTURE FEDERAL SERVICES LLC,205AE925F00007,2025-09-22,9488022.06,Department of the Treasury,Internal Revenue Service,BPA CALL,2025-09-22,235.1445,234.8603,0.12,227.8645,2025-09-25,3,-3.1,282.7142,2026-01-14,79,20.23,24.07,12.0,51.0,75.0,79.0,,,,-1.87,-3.1,2.92,1.55,3.41,0.4,4.38,3.52,1.51,13.35,9.85
LMT,LOCKHEED MARTIN CORPORATION,H9225425F2903,2026-03-19,13277246.25,Department of Defense,U.S. Special Operations Command,DELIVERY ORDER,2026-03-19,633.3637,638.1027,-0.74,491.64,2026-06-24,66,-22.38,633.7512,2026-04-06,11,0.06,28.91,,,,,,,,-1.58,-4.29,-1.6,-6.11,-2.31,-2.14,-8.82,-19.57,-16.36,-16.26,-10.13
BA,THE BOEING COMPANY,FA821426FB006,2026-01-23,1539657.22,Department of Defense,Department of the Air Force,DELIVERY ORDER,2026-01-23,252.15,251.41,0.29,189.21,2026-03-30,45,-24.96,252.15,2026-01-23,0,0.0,33.26,,,,,,,,-1.48,-4.19,-7.31,-7.54,-3.62,-5.08,-7.44,-10.77,-24.96,-13.08,-16.49
BAH,BOOZ ALLEN HAMILTON INC,36C10B21N10150057,2026-01-22,47390013.03,Department of Veterans Affairs,Department of Veterans Affairs,DELIVERY ORDER,2026-01-22,94.3247,94.1376,0.2,71.0549,2026-05-13,77,-24.67,100.6977,2026-01-23,1,6.76,41.72,1.0,,,,,,,6.76,-6.47,-7.34,-8.63,-11.74,-16.68,-21.86,-13.83,-17.41,-15.07,-15.47
BAH,BOOZ ALLEN HAMILTON INC,75N97023F00001,2026-02-11,0.0,Department of Health and Human Services,National Institutes of Health,DELIVERY ORDER,2026-02-11,78.5941,88.6018,-11.3,63.33,2026-06-22,89,-19.42,83.4516,2026-04-07,37,6.18,31.77,36.0,,,,,,,-2.33,-3.49,0.95,-6.22,0.74,-1.06,-1.16,1.44,3.26,-2.71,-18.72
LMT,LOCKHEED MARTIN CORPORATION,W900KK23F0533,2025-08-26,-1078719.42,Department of Defense,Department of the Army,DELIVERY ORDER,2025-08-26,443.4982,435.9615,1.73,434.0461,2025-12-01,67,-2.13,505.5783,2026-01-05,90,14.0,16.48,18.0,24.0,,,,,,-0.22,0.04,-0.69,2.6,2.59,4.9,7.12,13.68,7.34,3.93,14.0
BA,THE BOEING COMPANY,FA861725FB005,2026-01-22,5000000.0,Department of Defense,Department of the Air Force,DELIVERY ORDER,2026-01-22,251.41,250.07,0.54,189.21,2026-03-30,46,-24.74,252.15,2026-01-23,1,0.29,33.26,,,,,,,,0.29,-2.72,-6.91,-7.31,-5.75,-6.03,-8.34,-8.07,-24.22,-10.47,-13.41
BAH,BOOZ ALLEN HAMILTON INC,FA807521F0075,2026-03-12,39760.0,Department of Defense,Department of the Air Force,DELIVERY ORDER,2026-03-12,76.5337,75.3724,1.54,59.71,2026-06-25,72,-21.98,83.4516,2026-04-07,17,9.04,39.76,15.0,,,,,,,1.5,0.01,4.82,3.62,4.18,4.23,6.1,2.11,-5.76,2.75,-13.59
CACI,"CACI, INC. - FEDERAL",FA701425F0001,2025-12-23,3503280.06,Department of Defense,Department of the Air Force,DELIVERY ORDER,2025-12-23,544.55,550.0,-0.99,494.04,2026-05-05,90,-9.28,662.19,2026-01-23,20,21.6,34.04,10.0,12.0,15.0,19.0,,,,-0.03,-0.93,-2.16,4.42,7.26,12.26,18.04,13.58,14.77,8.21,-9.28
NOC,NORTHROP GRUMMAN SYSTEMS CORP,FA821920C0006,2025-12-09,900000000.0,Department of Defense,Department of the Air Force,DEFINITIVE CONTRACT,2025-12-09,546.467,549.3748,-0.53,546.467,2025-12-09,0,0.0,764.6547,2026-03-02,55,39.93,39.93,9.0,17.0,24.0,26.0,47.0,,,0.86,3.47,3.29,1.61,5.34,4.35,12.38,22.21,27.59,36.16,11.34
LDOS,"LEIDOS, INC.",80JSC024CA005,2025-09-10,514000.0,National Aeronautics and Space Administration,National Aeronautics and Space Administration,DEFINITIVE CONTRACT,2025-09-10,178.4951,177.169,0.75,178.4951,2025-09-10,0,0.0,197.9062,2025-11-04,39,10.87,10.87,15.0,18.0,,,,,,2.64,1.53,2.12,4.15,4.12,4.99,7.82,4.72,7.25,6.91,6.32
LMT,LOCKHEED MARTIN CORPORATION,N6339424C0003,2025-12-19,-155679.31,Department of Defense,Department of the Navy,DEFINITIVE CONTRACT,2025-12-19,468.5768,464.6336,0.85,468.5768,2025-12-19,0,0.0,672.2988,2026-03-02,47,43.48,43.48,9.0,10.0,14.0,16.0,26.0,,,1.99,2.45,3.11,2.01,10.1,16.26,25.26,27.13,35.33,35.17,8.72
ACN,ACCENTURE FEDERAL SERVICES LLC,89233124FNA000152,2026-01-23,3260411.67,Department of Energy,Department of Energy,BPA CALL,2026-01-23,275.3951,279.3339,-1.41,157.7433,2026-05-13,76,-42.72,275.3951,2026-01-23,0,0.0,74.58,,,,,,,,-0.13,-3.79,-6.2,-14.18,-14.39,-21.0,-30.01,-25.51,-29.72,-30.24,-36.34
ACN,ACCENTURE FEDERAL SERVICES LLC,SP470125F0238,2025-12-17,90000.0,Department of Defense,Defense Logistics Agency,BPA CALL,2025-12-17,268.213,266.5474,0.62,174.8674,2026-04-27,88,-34.8,282.7142,2026-01-14,18,5.41,61.67,18.0,,,,,,,-1.38,-1.12,-1.37,-0.88,-5.04,2.95,-0.38,-2.54,-28.13,-27.43,-33.59
BA,THE BOEING COMPANY,FA813823F1005,2026-02-24,-560190.17,Department of Defense,Department of the Air Force,DELIVERY ORDER,2026-02-24,233.39,230.44,1.28,189.21,2026-03-30,24,-18.93,240.6,2026-05-13,55,3.09,27.16,,,,,,,,-1.3,-2.51,-3.97,-4.85,-6.7,-8.54,-14.47,-6.68,-3.98,-4.79,0.49
ACN,ACCENTURE FEDERAL SERVICES LLC,19AQMM23F7220,2026-03-24,524523.86,Department of State,Department of State,BPA CALL,2026-03-24,189.6323,195.9815,-3.24,122.9615,2026-06-30,67,-35.16,197.265,2026-04-02,7,4.03,60.43,,,,,,,,-0.65,-0.49,2.45,4.03,0.16,-0.8,-7.1,-9.04,-7.04,-33.31,-12.59
NOC,NORTHROP GRUMMAN SYSTEMS CORPORATION,HR001125C0009,2025-09-15,519048.0,Department of Defense,Defense Advanced Research Projects Agency,DEFINITIVE CONTRACT,2025-09-15,567.8945,569.298,-0.25,541.3857,2025-12-01,54,-4.67,667.8622,2026-01-23,90,17.6,23.36,11.0,17.0,86.0,,,,,0.84,-0.14,0.28,2.04,3.39,6.09,9.12,3.73,-2.0,-3.77,17.6
GD,GENERAL DYNAMICS LAND SYSTEMS INC.,W56HZV17C0067,2026-01-22,-6482035.5,Department of Defense,Department of the Army,DEFINITIVE CONTRACT,2026-01-22,362.543,361.5024,0.29,311.1606,2026-04-27,65,-14.17,363.3259,2026-01-27,3,0.22,16.76,,,,,,,,-0.7,0.22,-4.34,-5.32,-3.77,-5.33,-4.61,-0.64,-5.21,-8.79,-7.29
LMT,LOCKHEED MARTIN CORPORATION,H9225426FE033,2026-03-20,5712609.31,Department of Defense,U.S. Special Operations Command,DELIVERY ORDER,2026-03-20,623.3492,633.3637,-1.58,491.64,2026-06-24,65,-21.13,633.7512,2026-04-06,10,1.67,28.91,,,,,,,,-1.78,-0.51,-1.85,-3.67,1.67,-2.19,-8.84,-17.42,-15.07,-14.02,-7.9
BAH,BOOZ ALLEN HAMILTON INC,75FCMC26F0047,2026-03-03,36529879.66,Department of Health and Human Services,Centers for Medicare and Medicaid Services,DELIVERY ORDER,2026-03-03,78.6081,77.2284,1.79,59.71,2026-06-25,79,-24.04,83.4516,2026-04-07,24,6.16,39.76,23.0,,,,,,,-1.07,3.4,-2.12,-2.64,-2.63,0.88,1.48,3.91,-3.69,2.34,-17.57
EMR,"EMERSON CONSTRUCTION COMPANY, INC.",W9126G25C0010,2026-03-13,10974.46,Department of Defense,Department of the Army,DEFINITIVE CONTRACT,2026-03-13,131.7077,131.6479,0.05,122.8037,2026-03-30,11,-6.76,150.66,2026-06-18,67,14.39,22.68,17.0,24.0,,,,,,0.64,-1.78,-3.09,-1.58,-5.17,-0.41,9.32,6.98,0.39,8.13,10.02
LMT,LOCKHEED MARTIN CORPORATION,N0001924F0123,2025-08-20,0.0,Department of Defense,Department of the Navy,DELIVERY ORDER,2025-08-20,434.2866,429.5154,1.11,434.0461,2025-12-01,71,-0.06,504.3876,2025-10-06,32,16.14,16.21,15.0,26.0,32.0,,,,,0.27,0.39,1.9,2.16,3.18,4.77,6.81,12.78,10.23,2.95,11.25
NOC,NORTHROP GRUMMAN SYSTEMS CORPORATION,FA865018C1020,2025-09-08,86000.0,Department of Defense,Department of the Air Force,DEFINITIVE CONTRACT,2025-09-08,575.1694,574.0821,0.19,541.3857,2025-12-01,59,-5.87,649.6609,2026-01-15,90,12.95,20.0,20.0,89.0,,,,,,-1.76,0.18,-1.26,-0.83,-0.99,2.17,6.83,3.45,-3.25,-5.62,12.95
BA,THE BOEING COMPANY,SPRDL126F0081,2026-04-07,1222097.25,Department of Defense,Defense Logistics Agency,DELIVERY ORDER,2026-04-07,210.0,212.3,-1.08,204.8,2026-07-21,72,-2.48,240.6,2026-05-13,26,14.57,17.48,4.0,11.0,,,,,,3.71,3.63,6.56,4.23,4.36,10.16,9.49,2.39,-0.48,7.85,10.32
BA,THE BOEING COMPANY,FA852626FB001,2025-12-11,40110941.43,Department of Defense,Department of the Air Force,DELIVERY ORDER,2025-12-11,200.71,198.72,1.0,189.21,2026-03-30,73,-5.73,252.15,2026-01-23,28,25.63,33.26,6.0,14.0,19.0,21.0,,,,1.83,2.99,3.77,8.04,7.84,13.48,21.84,21.85,19.04,6.67,16.66
NOC,NORTHROP GRUMMAN SYSTEMS CORP,FA854014C0009,2026-02-10,0.0,Department of Defense,Department of the Air Force,DEFINITIVE CONTRACT,2026-02-10,679.8211,692.7427,-1.87,507.33,2026-06-22,90,-25.37,764.6547,2026-03-02,13,12.48,50.72,5.0,13.0,,,,,,-0.9,2.56,5.81,5.63,3.05,11.17,7.83,1.23,-1.47,-19.12,-25.37
GD,"GENERAL DYNAMICS MISSION SYSTEMS, INC.",FA830724FB042,2025-09-04,0.0,Department of Defense,Department of the Air Force,DELIVERY ORDER,2025-09-04,316.8502,317.2138,-0.11,315.7594,2025-09-09,3,-0.34,358.571,2026-01-13,90,13.17,13.56,18.0,37.0,,,,,,0.13,-0.34,2.23,1.41,0.66,0.37,6.57,2.98,6.0,6.42,13.17
GE,GENERAL ELECTRIC COMPANY,80GRC020F0188,2025-09-30,0.0,National Aeronautics and Space Administration,National Aeronautics and Space Administration,DELIVERY ORDER,2025-09-30,299.6658,292.5033,2.45,282.5118,2025-12-10,50,-5.72,326.6564,2026-01-06,67,9.01,15.63,60.0,,,,,,,0.02,-1.27,0.31,-0.49,-0.25,0.62,4.47,3.29,-4.1,5.3,5.41
CACI,"CACI TECHNOLOGIES, LLC",BD33,2025-08-21,-52463.95,Department of Defense,Department of the Army,DELIVERY ORDER,2025-08-21,486.02,486.63,-0.13,460.1,2025-09-04,9,-5.33,617.97,2025-11-25,67,27.15,34.31,28.0,44.0,44.0,44.0,,,,-0.95,-0.59,-1.3,-0.63,-2.38,1.46,3.24,9.1,20.48,21.56,10.9
NOC,NORTHROP GRUMMAN SYSTEMS CORPORATION,N6523622F0176,2026-01-30,333333.33,Department of Defense,Department of the Navy,DELIVERY ORDER,2026-01-30,687.0262,690.0928,-0.44,526.06,2026-06-03,85,-23.43,764.6547,2026-03-02,20,11.3,45.36,13.0,20.0,,,,,,-1.05,-0.36,2.43,-1.05,1.49,4.52,10.01,6.65,0.07,-16.26,-21.09
LDOS,"LEIDOS, INC.",N0003925F7516,2026-02-10,91421.08,Department of Defense,Department of the Navy,DELIVERY ORDER,2026-02-10,193.5547,193.4155,0.07,104.84,2026-06-22,90,-45.83,193.5547,2026-02-10,0,0.0,84.62,,,,,,,,-11.15,-9.46,-11.91,-10.9,-12.75,-7.23,-10.74,-18.2,-19.44,-32.42,-45.83
BAH,BOOZ ALLEN HAMILTON INC,N0042125F3008,2026-01-08,0.0,Department of Defense,Department of the Navy,DELIVERY ORDER,2026-01-08,92.8078,88.9072,4.39,71.0549,2026-05-13,86,-23.44,100.6977,2026-01-23,10,8.5,41.72,10.0,,,,,,,2.08,1.16,3.07,-0.81,8.5,-5.83,-4.34,-20.58,-18.98,-10.08,-17.65
LDOS,"LEIDOS, INC.",15A00020FAQA00189,2026-04-06,209915.38,Department of Justice,"Bureau of Alcohol, Tobacco, Firearms and Explosives Acquisition and Property Management Division",DELIVERY ORDER,2026-04-06,158.9087,158.261,0.41,100.0,2026-06-25,56,-37.07,160.0746,2026-04-08,2,0.73,60.07,,,,,,,,-0.38,-2.41,-1.18,-0.27,-2.92,-8.41,-13.97,-21.72,-22.54,-35.14,-10.26
LMT,LOCKHEED MARTIN CORPORATION,SPRPA126FDT04,2026-02-11,0.0,Department of Defense,Defense Logistics Agency,DELIVERY ORDER,2026-02-11,621.3365,622.1863,-0.14,493.6,2026-06-22,89,-20.56,672.2988,2026-03-02,12,8.2,36.2,5.0,,,,,,,1.39,3.32,6.01,5.08,2.06,6.25,3.29,0.31,-5.31,-19.01,-18.94
LMT,LOCKHEED MARTIN CORPORATION,FA823224F4321,2026-02-26,12807585.43,Department of Defense,Department of the Air Force,DELIVERY ORDER,2026-02-26,634.115,639.9163,-0.91,491.64,2026-06-24,81,-22.47,672.2988,2026-03-02,2,6.02,36.75,2.0,,,,,,,2.56,4.63,2.62,4.06,2.28,0.63,-3.51,-3.85,-19.66,-16.45,-16.74
LDOS,"LEIDOS, INC.",M6785425F4205,2025-08-28,82780.0,Department of Defense,Department of the Navy,DELIVERY ORDER,2025-08-28,179.4748,181.4837,-1.11,175.8627,2025-09-03,3,-2.01,197.9062,2025-11-04,47,10.27,12.53,23.0,47.0,,,,,,-0.24,-2.01,-1.3,-1.28,1.38,3.42,2.57,3.9,5.25,3.05,8.89
LMT,LOCKHEED MARTIN CORPORATION,FA820222F0039,2025-08-28,287621.0,Department of Defense,Department of the Air Force,DELIVERY ORDER,2025-08-28,444.1993,442.5342,0.38,434.0461,2025-12-01,65,-2.29,515.9257,2026-01-06,89,16.15,18.86,16.0,22.0,89.0,,,,,-0.12,-0.84,2.43,0.92,4.07,4.58,8.63,11.52,8.61,1.75,10.55
IBM,INTERNATIONAL BUSINESS MACHINES CORPORATION,HQ072724F4001,2026-02-25,422063.0,Department of Defense,Defense Microelectronics Activity,DELIVERY ORDER,2026-02-25,234.125,226.0232,3.58,213.1113,2026-05-13,54,-8.98,326.8851,2026-06-02,67,39.62,53.39,5.0,64.0,65.0,65.0,66.0,,,1.88,0.77,5.27,8.97,4.77,7.82,1.74,-0.15,-2.76,7.28,29.82
BA,THE BOEING COMPANY,FA880819C0001,2025-10-02,0.0,Department of Defense,Department of the Air Force,DEFINITIVE CONTRACT,2025-10-02,217.43,215.2,1.04,179.12,2025-11-24,37,-17.62,252.15,2026-01-23,77,15.97,40.77,65.0,69.0,75.0,,,,,-0.52,2.02,-0.66,-0.86,-2.55,-0.39,-7.55,-10.51,-7.15,-0.08,8.66
LMT,LOCKHEED MARTIN CORPORATION,N0002419C4109,2025-09-30,694999.94,Department of Defense,Department of the Navy,DEFINITIVE CONTRACT,2025-09-30,489.6456,482.5541,1.47,434.0461,2025-12-01,43,-11.36,630.8141,2026-02-09,90,28.83,45.33,67.0,71.0,73.0,81.0,,,,-0.04,1.06,2.38,1.71,1.2,1.34,-2.78,-8.44,-9.82,-1.96,28.83
NOC,NORTHROP GRUMMAN SYSTEMS CORP,FA857524F0004,2026-03-25,0.0,Department of Defense,Department of the Air Force,DELIVERY ORDER,2026-03-25,688.1812,679.1708,1.33,496.02,2026-06-29,65,-27.92,699.4217,2026-04-02,6,1.63,41.01,,,,,,,,0.11,-2.84,0.84,0.66,-0.09,-1.83,-16.8,-20.1,-18.45,-26.28,-19.85
LDOS,"LEIDOS, INC.",N6893621F0260,2025-08-28,0.0,Department of Defense,Department of the Navy,DELIVERY ORDER,2025-08-28,179.4748,181.4837,-1.11,175.8627,2025-09-03,3,-2.01,197.9062,2025-11-04,47,10.27,12.53,23.0,47.0,,,,,,-0.24,-2.01,-1.3,-1.28,1.38,3.42,2.57,3.9,5.25,3.05,8.89
BA,THE BOEING COMPANY,N6660421C0778,2025-08-15,0.0,Department of Defense,Department of the Navy,DEFINITIVE CONTRACT,2025-08-15,235.26,233.19,0.89,179.12,2025-11-24,70,-23.86,237.38,2025-09-02,11,0.9,32.53,,,,,,,,-1.21,-4.1,-2.18,-0.18,-0.25,-2.4,-8.6,-7.73,-7.84,-17.19,-7.83
CAT,CATERPILLAR INC,W91CRB26FA009,2025-10-14,23126792.92,Department of Defense,Department of the Army,DELIVERY ORDER,2025-10-14,522.7643,500.2569,4.5,510.7885,2025-10-22,6,-2.29,772.095,2026-02-11,82,47.69,51.16,11.0,11.0,40.0,62.0,75.0,,,1.25,-0.07,-0.25,-1.04,-0.28,8.49,8.95,7.73,6.83,17.43,46.4
LMT,LOCKHEED MARTIN CORP,HQ085325FE002,2025-08-29,88064855.0,Department of Defense,Missile Defense Agency,DELIVERY ORDER,2025-08-29,443.6638,444.1992,-0.12,434.0461,2025-12-01,64,-2.17,515.9257,2026-01-06,88,16.29,18.86,15.0,21.0,88.0,,,,,0.04,1.0,1.5,2.55,4.62,4.56,10.36,11.39,7.87,-0.28,15.49
GD,"GENERAL DYNAMICS MISSION SYSTEMS, INC.",FA254123CB002,2026-01-15,2755683.51,Department of Defense,Department of the Air Force,DEFINITIVE CONTRACT,2026-01-15,363.8908,361.2358,0.73,311.1606,2026-04-27,69,-14.49,364.0791,2026-01-16,1,0.05,17.01,,,,,,,,0.05,-0.66,-1.07,-0.16,-4.38,-4.12,-6.72,-0.66,-5.4,-7.01,-6.24
LMT,LOCKHEED MARTIN CORPORATION,H9225423F2659,2026-03-02,0.0,Department of Defense,U.S. Special Operations Command,DELIVERY ORDER,2026-03-02,672.2988,650.3724,3.37,491.64,2026-06-24,79,-26.87,672.2988,2026-03-02,0,0.0,36.75,,,,,,,,-1.31,-3.21,-1.85,-4.02,-4.65,-7.28,-10.69,-9.62,-24.79,-21.51,-22.17
LDOS,"LEIDOS, INC.",70B04C23F00001108,2025-08-19,-613541.74,Department of Homeland Security,U.S. Customs and Border Protection,DELIVERY ORDER,2025-08-19,176.882,176.2684,0.35,175.8627,2025-09-03,10,-0.58,197.9062,2025-11-04,54,11.89,12.53,22.0,33.0,,,,,,0.79,1.68,2.02,1.47,-0.58,0.16,4.93,7.45,5.67,8.22,4.45
CACI,"CACI, INC. - FEDERAL",N0018925FZ244,2025-09-24,1652207.73,Department of Defense,Department of the Navy,DELIVERY ORDER,2025-09-24,497.23,492.95,0.87,476.24,2025-09-25,1,-4.22,662.19,2026-01-23,83,33.18,39.05,7.0,21.0,21.0,39.0,82.0,,,-4.22,-1.84,3.61,6.64,5.93,3.44,17.57,18.37,23.76,10.4,24.46
LMT,LOCKHEED MARTIN CORP,NNG09HR00C,2026-01-16,0.0,National Aeronautics and Space Administration,National Aeronautics and Space Administration,DEFINITIVE CONTRACT,2026-01-16,575.6083,571.1216,0.79,503.2157,2026-05-08,77,-12.58,672.2988,2026-03-02,29,16.8,33.6,8.0,19.0,29.0,,,,,-1.09,1.97,-0.13,2.55,9.2,7.07,11.57,15.27,5.31,5.48,-7.28
CACI,"CACI, INC. - FEDERAL",N0042122C0025,2025-12-29,3460000.0,Department of Defense,Department of the Navy,DEFINITIVE CONTRACT,2025-12-29,539.48,541.97,-0.46,480.99,2026-05-08,90,-10.84,662.19,2026-01-23,17,22.75,37.67,4.0,8.0,12.0,16.0,,,,-0.09,-0.38,3.7,8.27,12.07,16.62,15.51,6.18,13.54,7.48,-10.84
NOC,NORTHROP GRUMMAN SYSTEMS CORPORATION,HC104723F0033,2025-11-21,126922.26,Department of Defense,Defense Information Systems Agency,DELIVERY ORDER,2025-11-21,560.1452,560.7876,-0.11,541.3857,2025-12-01,5,-3.35,764.6547,2026-03-02,66,36.51,41.24,28.0,33.0,35.0,43.0,59.0,,,-0.2,0.07,-3.35,-1.97,-1.92,0.95,2.77,2.23,23.2,28.2,23.67
NOC,NORTHROP GRUMMAN SYSTEMS CORPORATION,N0001913C0135,2025-09-29,927578.0,Department of Defense,Department of the Navy,DEFINITIVE CONTRACT,2025-09-29,587.1195,587.6434,-0.09,541.3857,2025-12-01,44,-7.79,703.7488,2026-02-06,90,19.86,29.99,7.0,74.0,83.0,,,,,2.58,1.86,4.13,7.4,4.19,0.09,0.18,-5.22,-7.54,-1.95,19.86
LMT,LOCKHEED MARTIN CORPORATION,80AFRC18C0018,2025-09-23,13472877.0,National Aeronautics and Space Administration,National Aeronautics and Space Administration,DEFINITIVE CONTRACT,2025-09-23,477.3458,471.1862,1.31,434.0461,2025-12-01,48,-9.07,628.5509,2026-02-02,90,31.68,44.81,9.0,75.0,77.0,80.0,89.0,,,-0.09,0.16,2.58,2.61,5.01,3.53,0.1,-0.35,-7.04,-1.7,31.68
LDOS,"LEIDOS, INC.",N0003925F7473,2025-11-26,1517126.28,Department of Defense,Department of the Navy,DELIVERY ORDER,2025-11-26,188.7919,189.9225,-0.6,153.6473,2026-03-30,83,-18.62,197.153,2026-01-09,29,4.43,28.32,,,,,,,,0.39,-1.73,1.08,-2.49,0.09,-4.51,-2.34,2.99,-0.07,-10.55,-17.86
BAH,BOOZ ALLEN HAMILTON INC,FA807525F0039,2026-02-13,485397.0,Department of Defense,Department of the Air Force,DELIVERY ORDER,2026-02-13,78.7272,76.762,2.56,59.71,2026-06-25,90,-24.16,83.4516,2026-04-07,35,6.0,39.76,34.0,,,,,,,-3.66,0.78,-6.38,-5.31,-1.9,3.24,-2.77,-0.47,2.12,-4.9,-24.16
LMT,LOCKHEED MARTIN CORPORATION,W31P4Q19C0011,2025-10-23,0.0,Department of Defense,Department of the Army,DEFINITIVE CONTRACT,2025-10-23,478.6994,477.8068,0.19,434.0461,2025-12-01,26,-9.33,672.2988,2026-03-02,87,40.44,54.89,49.0,53.0,55.0,58.0,67.0,,,-0.54,-0.47,0.34,-0.02,-3.92,-6.35,-5.59,-6.64,0.93,21.03,35.94
NOC,NORTHROP GRUMMAN SYSTEMS CORP,FA811025F0003,2025-12-17,705650.0,Department of Defense,Department of the Air Force,DELIVERY ORDER,2025-12-17,559.9244,564.4202,-0.8,555.2898,2025-12-18,1,-0.83,764.6547,2026-03-02,49,36.56,37.7,11.0,16.0,18.0,26.0,42.0,,,-0.83,3.63,3.22,2.41,3.81,4.71,16.5,21.42,29.4,28.74,1.78
BAH,BOOZ ALLEN HAMILTON INC,47QFNA21F0001,2025-08-18,400105.0,General Services Administration,Federal Acquisition Service,DELIVERY ORDER,2025-08-18,106.6944,106.9782,-0.27,78.7024,2025-11-20,67,-26.24,108.3971,2025-08-27,7,1.6,37.73,,,,,,,,0.56,-0.06,0.38,1.6,0.96,-6.73,-6.83,-8.33,-7.69,-20.14,-21.39
IBM,INTERNATIONAL BUSINESS MACHINES CORPORATION,N0003924F9002,2025-09-18,2405515.77,Department of Defense,Department of the Navy,DELIVERY ORDER,2025-09-18,258.2853,252.5154,2.28,258.2853,2025-09-18,0,0.0,308.6917,2025-11-12,39,19.52,19.52,5.0,13.0,26.0,,,,,0.53,2.73,6.2,5.58,8.2,9.23,6.14,17.0,10.19,17.34,11.62
GD,"GENERAL DYNAMICS INFORMATION TECHNOLOGY, INC.",89303020FCF000012,2025-11-24,0.0,Department of Energy,Department of Energy,BPA CALL,2025-11-24,333.7286,335.9099,-0.65,328.0535,2025-12-01,4,-1.7,364.0791,2026-01-16,36,9.09,10.98,27.0,,,,,,,0.87,1.04,-0.69,1.06,-1.14,0.76,2.15,3.94,4.26,3.63,3.47
LDOS,"LEIDOS, INC.",75FCMC23F0076,2026-02-17,3762.0,Department of Health and Human Services,Centers for Medicare and Medicaid Services,DELIVERY ORDER,2026-02-17,160.5633,175.2449,-8.38,100.0,2026-06-25,89,-37.72,179.5689,2026-03-03,10,11.84,79.57,1.0,9.0,,,,,,6.19,7.41,7.8,8.87,11.84,11.15,3.49,-3.48,-6.47,-22.94,-36.62
ONDS,"CONDOR RELIABILITY SERVICES, INC.",6973GH25F00949,2025-12-01,2122661.12,Department of Transportation,Federal Aviation Administration,DELIVERY ORDER,2025-12-01,7.58,7.9,-4.05,7.37,2025-12-17,12,-2.77,14.01,2026-01-08,26,84.83,90.09,1.0,2.0,2.0,3.0,22.0,23.0,,6.46,21.24,19.0,9.83,1.45,21.64,28.76,78.89,11.87,32.98,24.93
CACI,"CACI, INC. - FEDERAL",N0016726F3002,2026-03-23,3895154.0,Department of Defense,Department of the Navy,DELIVERY ORDER,2026-03-23,589.28,606.38,-2.82,440.76,2026-07-21,82,-25.2,589.28,2026-03-23,0,0.0,33.7,,,,,,,,-2.13,-1.6,-5.23,-4.77,-3.42,-8.39,-13.07,-16.16,-13.31,-16.01,-15.53
HON,"HONEYWELL INTERNATIONAL, INC",GSP0816JE7081,2025-12-16,0.0,General Services Administration,Public Buildings Service,DELIVERY ORDER,2025-12-16,205.7706,204.9299,0.41,202.4805,2025-12-31,10,-1.6,258.7145,2026-03-02,50,25.73,27.77,17.0,21.0,32.0,35.0,,,,0.82,0.43,-1.39,-0.45,-1.6,0.63,10.66,14.76,22.6,18.87,7.93
LMT,LOCKHEED MARTIN CORPORATION,H9225425F2916,2026-01-29,695104.53,Department of Defense,U.S. Special Operations Command,DELIVERY ORDER,2026-01-29,615.2189,590.2746,4.23,503.2157,2026-05-08,69,-18.21,672.2988,2026-03-02,21,9.28,33.6,14.0,,,,,,,1.88,0.92,-2.14,2.53,2.4,7.07,9.28,4.32,3.01,-17.1,-13.83
PSN,PARSONS GOVERNMENT SERVICES INC.,N0017324C2010,2025-12-03,216151.8,Department of Defense,Department of the Navy,DEFINITIVE CONTRACT,2025-12-03,82.9,82.88,0.02,50.04,2026-03-20,73,-39.64,84.46,2025-12-04,1,1.88,68.78,,,,,,,,1.88,-23.8,-19.16,-23.61,-27.38,-24.32,-19.75,-12.58,-16.19,-19.59,-31.76
GD,"GENERAL DYNAMICS INFORMATION TECHNOLOGY, INC.",EHR5,2025-09-24,-445633.67,Department of Defense,Department of the Navy,DELIVERY ORDER,2025-09-24,318.0097,317.597,0.13,318.0097,2025-09-24,0,0.0,364.0791,2026-01-16,79,14.49,14.49,4.0,70.0,,,,,,0.25,2.64,5.29,6.18,7.05,4.13,5.99,6.43,5.54,4.7,10.73
LMT,LOCKHEED MARTIN CORPORATION,FA854025FB025,2026-01-15,1287097.0,Department of Defense,Department of the Air Force,DELIVERY ORDER,2026-01-15,571.1216,565.9924,0.91,503.2157,2026-05-08,78,-11.89,672.2988,2026-03-02,30,17.72,33.6,9.0,11.0,23.0,,,,,0.79,1.44,2.24,2.95,9.75,5.41,12.41,17.72,7.2,6.39,-7.61
LMT,LOCKHEED MARTIN ACULIGHT CORPORATION,HR001123C0003,2025-12-03,0.0,Department of Defense,Defense Advanced Research Projects Agency,DEFINITIVE CONTRACT,2025-12-03,441.5669,436.6452,1.13,441.5669,2025-12-03,0,0.0,672.2988,2026-03-02,59,52.25,52.25,6.0,20.0,22.0,25.0,30.0,59.0,,0.35,4.16,4.73,7.49,6.26,8.0,14.5,30.36,42.86,50.26,37.49
BA,BELL BOEING JOINT PROJECT OFFICE,N0001917F1034,2025-12-12,0.0,Department of Defense,Department of the Navy,DELIVERY ORDER,2025-12-12,204.38,200.71,1.83,189.21,2026-03-30,72,-7.42,252.15,2026-01-23,27,23.37,33.26,6.0,13.0,19.0,22.0,,,,0.55,0.95,4.75,6.1,6.3,11.62,18.71,18.21,14.35,0.19,13.73
BA,THE BOEING COMPANY,FA810616C0001,2025-11-25,15191229.36,Department of Defense,Department of the Air Force,DEFINITIVE CONTRACT,2025-11-25,182.44,179.12,1.85,182.44,2025-11-25,0,0.0,252.15,2026-01-23,39,38.21,38.21,4.0,4.0,17.0,25.0,31.0,,,2.46,2.2,11.02,10.66,8.92,13.3,18.64,28.55,27.72,27.93,19.38
GD,"GENERAL DYNAMICS INFORMATION TECHNOLOGY, INC.",68HERD24F0097,2025-09-22,32000.0,Environmental Protection Agency,Environmental Protection Agency,BPA CALL,2025-09-22,317.0664,318.4617,-0.44,317.0664,2025-09-22,0,0.0,364.0791,2026-01-16,81,14.83,14.83,6.0,25.0,,,,,,0.17,0.55,2.95,5.61,7.39,3.64,6.05,6.42,5.26,5.06,9.74
PLTR,PALANTIR USG INC,19AQMM25F7270,2025-09-30,8073227.34,Department of State,Department of State,BPA CALL,2025-09-30,182.42,178.86,1.99,130.01,2026-02-05,88,-28.73,207.18,2025-11-03,24,13.57,59.36,21.0,24.0,,,,,,1.39,-5.13,-0.14,1.67,-1.47,-0.45,8.98,4.68,-3.48,6.44,-21.66
NOC,NORTHROP GRUMMAN SYSTEMS CORPORATION,M6785423F0013,2025-08-20,0.0,Department of Defense,Department of the Navy,DELIVERY ORDER,2025-08-20,583.3933,577.1807,1.08,541.3857,2025-12-01,71,-7.2,630.571,2025-10-08,34,8.09,16.47,33.0,,,,,,,0.79,-0.98,-1.0,-0.42,-1.77,-1.75,-2.91,2.51,2.63,-5.46,-1.71
LMT,LOCKHEED MARTIN CORPORATION,N0003019C0045,2025-09-30,-1411190.0,Department of Defense,Department of the Navy,DEFINITIVE CONTRACT,2025-09-30,489.6456,482.5541,1.47,434.0461,2025-12-01,43,-11.36,630.8141,2026-02-09,90,28.83,45.33,67.0,71.0,73.0,81.0,,,,-0.04,1.06,2.38,1.71,1.2,1.34,-2.78,-8.44,-9.82,-1.96,28.83
LMT,LOCKHEED MARTIN CORPORATION,FA868218F1039,2025-09-09,-1145507.0,Department of Defense,Defense Contract Management Agency,DELIVERY ORDER,2025-09-09,448.3031,450.3138,-0.45,434.0461,2025-12-01,58,-3.18,575.6083,2026-01-16,90,28.4,32.61,9.0,18.0,82.0,86.0,,,,1.49,3.12,3.78,3.62,6.48,7.64,12.46,7.1,0.0,-1.5,28.4
NOC,NORTHROP GRUMMAN SYSTEMS CORPORATION,FA854024F0036,2026-03-03,0.0,Department of Defense,Department of the Air Force,DELIVERY ORDER,2026-03-03,755.7836,764.6547,-1.16,496.02,2026-06-29,81,-34.37,755.7836,2026-03-03,0,0.0,52.37,,,,,,,,-0.69,-0.39,-3.18,-3.0,-4.62,-10.42,-8.18,-10.61,-26.28,-26.32,-28.31
BAH,BOOZ ALLEN HAMILTON INC,W31P4Q21FB004,2026-02-12,5629649.42,Department of Defense,Department of the Army,DELIVERY ORDER,2026-02-12,76.762,78.5941,-2.33,62.68,2026-06-24,90,-18.34,83.4516,2026-04-07,36,8.71,33.14,15.0,,,,,,,2.56,1.23,-0.17,-2.12,1.93,3.18,-2.04,1.49,4.36,-3.09,-18.34
LMT,LOCKHEED MARTIN CORPORATION,W52P1J19F0485,2025-12-18,1010203.0,Department of Defense,Department of the Army,DELIVERY ORDER,2025-12-18,464.6335,469.2291,-0.98,464.6335,2025-12-18,0,0.0,672.2988,2026-03-02,48,44.69,44.69,9.0,11.0,14.0,17.0,27.0,,,0.85,2.64,2.74,3.8,8.81,15.48,24.69,33.63,37.72,37.33,10.75
BA,"BOEING SATELLITE SYSTEMS, INC.",FA880810C0001,2025-10-07,400000.0,Department of Defense,Department of the Air Force,DEFINITIVE CONTRACT,2025-10-07,221.82,219.73,0.95,179.12,2025-11-24,34,-19.25,252.15,2026-01-23,74,13.67,40.77,65.0,67.0,,,,,,1.58,-5.0,-3.39,-4.48,-2.06,0.53,-10.91,-14.51,-10.41,2.68,10.02
CACI,"CACI, LLC - COMMERCIAL",9523ZY21F0070,2026-03-06,1824769.45,Commodity Futures Trading Commission,Commodity Futures Trading Commission,DELIVERY ORDER,2026-03-06,616.0,612.52,0.57,443.26,2026-06-25,76,-28.04,633.21,2026-03-09,1,2.79,42.85,,,,,,,,2.79,-1.89,-1.51,-0.5,-1.56,-5.87,-7.61,-15.25,-21.66,-14.81,-24.86
LDOS,LEIDOS BIOMEDICAL RESEARCH INC,HHSN26100023,2025-09-25,745000.0,Department of Health and Human Services,National Institutes of Health,DELIVERY ORDER,2025-09-25,180.8578,185.8563,-2.69,179.3204,2025-12-31,67,-0.85,197.9062,2025-11-04,28,9.43,10.36,4.0,,,,,,,1.39,3.62,5.77,8.6,6.41,2.31,4.17,6.8,4.79,1.5,3.57
LMT,LOCKHEED MARTIN CORPORATION,FA854024F0010,2026-01-15,373382.0,Department of Defense,Department of the Air Force,DELIVERY ORDER,2026-01-15,571.1216,565.9924,0.91,503.2157,2026-05-08,78,-11.89,672.2988,2026-03-02,30,17.72,33.6,9.0,11.0,23.0,,,,,0.79,1.44,2.24,2.95,9.75,5.41,12.41,17.72,7.2,6.39,-7.61
LMT,LOCKHEED MARTIN CORPORATION,H9225425F2897,2025-10-30,0.0,Department of Defense,U.S. Special Operations Command,DELIVERY ORDER,2025-10-30,480.3374,476.0315,0.9,434.0461,2025-12-01,21,-9.64,672.2988,2026-03-02,82,39.96,54.89,44.0,48.0,51.0,55.0,62.0,,,0.44,-0.97,-4.25,-7.68,-6.92,-4.05,-9.64,-1.19,7.41,22.89,35.03
NOC,NORTHROP GRUMMAN SYSTEMS CORPORATION,FA229124FB007,2026-01-30,98393.0,Department of Defense,Department of the Air Force,DELIVERY ORDER,2026-01-30,687.0262,690.0928,-0.44,526.06,2026-06-03,85,-23.43,764.6547,2026-03-02,20,11.3,45.36,13.0,20.0,,,,,,-1.05,-0.36,2.43,-1.05,1.49,4.52,10.01,6.65,0.07,-16.26,-21.09
LMT,LOCKHEED MARTIN CORPORATION,N0010425F0CN2,2025-09-08,2530003.98,Department of Defense,Department of the Navy,DELIVERY ORDER,2025-09-08,450.3138,455.0121,-1.03,434.0461,2025-12-01,59,-3.61,571.1216,2026-01-15,90,26.83,31.58,11.0,20.0,86.0,87.0,,,,-0.45,2.53,3.08,3.05,4.64,6.17,11.32,10.19,-1.53,-3.04,26.83
WWD,WOODWARD HRT INC,N0038325CB035,2025-08-27,0.0,Department of Defense,Department of the Navy,DEFINITIVE CONTRACT,2025-08-27,248.9434,251.586,-1.05,236.6678,2025-09-09,8,-4.93,325.4117,2026-01-06,90,30.72,37.5,40.0,63.0,63.0,65.0,90.0,,,-0.14,-1.46,-2.02,-3.49,-3.87,-4.87,-0.22,0.84,6.35,3.69,30.72
GD,"GENERAL DYNAMICS INFORMATION TECHNOLOGY, INC.",N6133125F3004,2026-03-02,100000.0,Department of Defense,Department of the Navy,DELIVERY ORDER,2026-03-02,361.5025,353.8419,2.16,311.1606,2026-04-27,39,-13.93,376.88,2026-07-06,86,4.25,21.12,,,,,,,,-0.02,-1.12,-0.77,-3.0,-2.86,-5.21,-5.91,-6.39,-3.84,-5.62,3.75
BAH,BOOZ ALLEN HAMILTON INC,FA807525F0022,2025-12-29,302026.6,Department of Defense,Department of the Air Force,DELIVERY ORDER,2025-12-29,83.8442,84.1101,-0.32,73.705,2026-02-23,37,-12.09,100.6977,2026-01-23,17,20.1,36.62,5.0,7.0,17.0,17.0,,,,0.04,-0.27,5.78,10.69,11.97,9.8,4.24,-6.26,-5.53,-4.91,-8.8
LMT,LOCKHEED MARTIN CORPORATION,N0002420C6320,2026-03-25,13204.01,Department of Defense,Department of the Navy,DEFINITIVE CONTRACT,2026-03-25,620.1403,606.2015,2.3,491.64,2026-06-24,62,-20.72,633.7512,2026-04-06,7,2.19,28.91,,,,,,,,0.5,-4.11,-1.05,2.19,-0.05,-2.1,-17.74,-17.91,-15.02,-20.41,-4.97
LDOS,"LEIDOS, INC.",FA877219F0018,2025-09-23,-423081.22,Department of Defense,Department of the Air Force,DELIVERY ORDER,2025-09-23,185.5687,186.3224,-0.4,179.3204,2025-12-31,69,-3.37,197.9062,2025-11-04,30,6.65,10.36,9.0,,,,,,,0.15,-1.18,0.99,3.09,5.29,-0.63,0.73,6.65,2.35,-2.85,0.73
BAH,BOOZ ALLEN HAMILTON INC,FA875025CB022,2026-02-19,51600.0,Department of Defense,Department of the Air Force,DEFINITIVE CONTRACT,2026-02-19,79.3425,77.7049,2.11,59.71,2026-06-25,87,-24.74,83.4516,2026-04-07,32,5.18,39.76,32.0,,,,,,,-3.42,-5.3,-0.21,-2.66,-0.18,-5.0,0.01,3.99,-1.5,-9.09,-23.53
BAH,BOOZ ALLEN HAMILTON INC,68HERD24F0100,2026-03-18,248000.0,Environmental Protection Agency,Environmental Protection Agency,BPA CALL,2026-03-18,78.0721,76.5436,2.0,59.71,2026-06-25,68,-23.52,83.4516,2026-04-07,13,6.89,39.76,11.0,,,,,,,2.76,1.58,1.86,-0.22,2.17,3.74,3.95,-1.13,-2.94,-0.85,-6.25
CACI,"CACI, LLC - COMMERCIAL",15JPSS21F00000531,2025-09-10,700000.0,Department of Justice,"Offices, Boards and Divisions",DELIVERY ORDER,2025-09-10,486.24,479.62,1.38,476.24,2025-09-25,11,-2.06,635.4,2026-01-16,89,30.68,33.42,15.0,31.0,31.0,31.0,89.0,,,1.41,1.81,1.93,2.59,2.26,2.58,5.15,6.98,20.65,24.55,29.39
CACI,"CACI, INC. - FEDERAL",FA882124FB001,2026-01-30,9311827.0,Department of Defense,Department of the Air Force,DELIVERY ORDER,2026-01-30,620.58,623.13,-0.41,480.99,2026-05-08,68,-22.49,637.27,2026-02-09,6,2.69,32.49,,,,,,,,-1.32,-2.5,-0.34,0.84,-7.62,-5.57,1.48,-2.45,-8.29,-18.03,-16.02
LMT,LOCKHEED MARTIN CORP,FA862521F3004,2025-12-17,0.0,Department of Defense,Department of the Air Force,DELIVERY ORDER,2025-12-17,469.2291,471.4725,-0.48,464.6336,2025-12-18,1,-0.98,672.2988,2026-03-02,49,43.28,44.69,11.0,15.0,16.0,18.0,28.0,,,-0.98,1.85,2.31,2.97,4.69,9.19,21.33,33.95,39.94,34.73,7.94
GD,"GENERAL DYNAMICS INFORMATION TECHNOLOGY, INC.",0028,2025-09-17,-8187.71,Department of Defense,Department of the Army,DELIVERY ORDER,2025-09-17,319.6409,320.7415,-0.34,317.0663,2025-09-22,3,-0.81,364.0791,2026-01-16,84,13.9,14.83,12.0,76.0,,,,,,-0.22,-0.81,-0.51,1.56,4.76,5.58,2.08,6.06,5.93,5.44,13.67
PSN,PARSONS GOVERNMENT SERVICES INC.,1333ND24FNB190037,2026-03-19,-7969.73,Department of Commerce,National Institute of Standards and Technology,DELIVERY ORDER,2026-03-19,50.16,51.11,-1.86,40.32,2026-07-29,90,-19.62,62.03,2026-07-28,89,23.66,53.84,4.0,10.0,13.0,50.0,,,,-0.24,0.54,6.9,4.09,12.28,13.9,9.49,1.42,7.08,10.63,-19.62
PSN,PARSONS GOVERNMENT SERVICES INC.,W56KGU22F0021,2026-03-18,825621.53,Department of Defense,Department of the Army,DELIVERY ORDER,2026-03-18,51.11,54.18,-5.67,47.05,2026-06-25,68,-7.94,62.03,2026-07-28,90,21.37,31.84,5.0,11.0,49.0,90.0,,,,-1.86,0.63,5.34,2.74,7.79,13.48,9.08,-1.37,1.37,10.94,21.37
GD,"GENERAL DYNAMICS INFORMATION TECHNOLOGY, INC.",19AQMM19F2774,2025-09-29,-20471.23,Department of State,Department of State,DELIVERY ORDER,2025-09-29,326.4115,324.6132,0.55,326.2868,2025-10-16,13,-0.04,364.0791,2026-01-16,76,11.54,11.58,19.0,74.0,,,,,,2.66,2.67,4.31,4.3,1.11,0.13,4.83,5.68,1.54,3.97,9.32
HON,HONEYWELL INTERNATIONAL INC.,W58RGZ24F0425,2025-11-25,0.0,Department of Defense,Department of the Army,DELIVERY ORDER,2025-11-25,198.2563,195.8069,1.25,197.1873,2025-11-26,1,-0.54,258.7145,2026-03-02,64,30.49,31.2,26.0,32.0,38.0,46.0,64.0,,,-0.54,-0.42,1.28,0.16,0.54,3.79,3.32,8.56,19.13,27.53,22.3
BA,THE BOEING COMPANY,N6893625F5092,2025-10-16,4700000.0,Department of Defense,Department of the Navy,DELIVERY ORDER,2025-10-16,211.89,214.0,-0.99,179.12,2025-11-24,27,-15.47,252.15,2026-01-23,67,19.0,40.77,7.0,58.0,60.0,,,,,0.5,2.53,2.78,5.24,-5.57,-6.73,-8.2,-10.8,1.03,15.41,8.27
BA,THE BOEING COMPANY,W58RGZ21C0015,2026-02-04,0.0,Department of Defense,Defense Contract Management Agency,DEFINITIVE CONTRACT,2026-02-04,235.95,233.15,1.2,189.21,2026-03-30,37,-19.81,244.71,2026-02-09,3,3.71,29.33,,,,,,,,0.42,3.71,0.13,2.97,-0.95,-2.37,-2.05,-14.74,-7.76,-3.63,-2.97
GD,GENERAL DYNAMICS INFORMATION TECHNOLOGY INC.,19AQMM23F2355,2025-09-09,20962377.31,Department of State,Department of State,DELIVERY ORDER,2025-09-09,315.7594,317.1253,-0.43,315.7594,2025-09-09,0,0.0,364.0791,2026-01-16,90,15.3,15.3,15.0,34.0,89.0,,,,,0.54,1.5,1.58,1.01,0.58,3.37,7.81,6.49,10.16,5.68,15.3
BA,THE BOEING COMPANY,FA873018C0001,2025-08-19,2300000.0,Department of Defense,Department of the Air Force,DEFINITIVE CONTRACT,2025-08-19,225.0,232.41,-3.19,179.12,2025-11-24,68,-20.39,237.38,2025-09-02,9,5.5,32.53,9.0,,,,,,,0.28,2.28,4.37,4.96,3.28,2.01,-4.15,-4.36,-3.74,-13.11,-3.8
NOC,NORTHROP GRUMMAN SYSTEMS CORPORATION,N0001922F0014,2025-09-29,3529547.0,Department of Defense,Department of the Navy,DELIVERY ORDER,2025-09-29,587.1195,587.6434,-0.09,541.3857,2025-12-01,44,-7.79,703.7488,2026-02-06,90,19.86,29.99,7.0,74.0,83.0,,,,,2.58,1.86,4.13,7.4,4.19,0.09,0.18,-5.22,-7.54,-1.95,19.86
LMT,LOCKHEED MARTIN CORP,FA850425FB001,2025-09-17,0.0,Department of Defense,Department of the Air Force,DELIVERY ORDER,2025-09-17,464.0554,465.2324,-0.25,434.0461,2025-12-01,52,-6.47,587.9818,2026-01-27,90,26.71,35.47,9.0,76.0,79.0,82.0,,,,0.11,1.54,2.78,3.03,5.47,8.02,4.25,2.58,-0.68,1.13,26.71
CACI,"CACI, INC. - FEDERAL",47QFRA24F0005,2026-01-09,2411365.67,General Services Administration,Federal Acquisition Service,DELIVERY ORDER,2026-01-09,598.94,584.09,2.54,480.99,2026-05-08,82,-19.69,662.19,2026-01-23,9,10.56,37.67,5.0,9.0,,,,,,0.98,2.07,6.09,5.61,7.32,3.61,4.48,-2.16,2.34,-3.42,-17.7
LMT,LOCKHEED MARTIN CORPORATION,W900KK24C0014,2025-09-18,905100.0,Department of Defense,Department of the Army,DEFINITIVE CONTRACT,2025-09-18,464.5458,464.0554,0.11,434.0461,2025-12-01,51,-6.57,590.2746,2026-01-28,90,27.06,35.99,8.0,75.0,78.0,81.0,,,,-0.14,2.76,2.26,3.88,5.43,8.53,4.55,3.4,-1.13,2.17,27.06
CACI,"CACI, INC. - FEDERAL",N6426724F3007,2026-03-05,1900000.99,Department of Defense,Department of the Navy,DELIVERY ORDER,2026-03-05,612.52,624.55,-1.93,443.26,2026-06-25,77,-27.63,633.21,2026-03-09,2,3.38,42.85,,,,,,,,0.57,-3.4,0.02,-1.17,0.07,-5.48,-6.63,-13.94,-21.47,-14.3,-22.97
IBM,INTERNATIONAL BUSINESS MACHINES CORPORATION,693KA721C00022,2026-03-20,828808.28,Department of Transportation,Federal Aviation Administration,DEFINITIVE CONTRACT,2026-03-20,238.2942,246.7705,-3.43,204.3044,2026-07-22,84,-14.26,326.8851,2026-06-02,50,37.18,60.0,21.0,47.0,48.0,48.0,49.0,,,2.76,-0.16,-2.25,0.26,2.06,-4.55,5.75,-5.08,4.45,12.84,-7.61
BA,THE BOEING COMPANY,FA811723F0174,2026-02-12,0.0,Department of Defense,Department of the Air Force,DELIVERY ORDER,2026-02-12,239.35,236.26,1.31,189.21,2026-03-30,31,-20.95,244.04,2026-02-17,2,1.96,28.98,,,,,,,,1.51,-0.18,-3.06,-2.49,-4.94,-7.22,-10.81,-20.4,-5.96,-0.48,-7.98
GD,"GENERAL DYNAMICS INFORMATION TECHNOLOGY, INC.",19AQMM20F0274,2025-09-29,-19451.67,Department of State,Department of State,DELIVERY ORDER,2025-09-29,326.4115,324.6132,0.55,326.2868,2025-10-16,13,-0.04,364.0791,2026-01-16,76,11.54,11.58,19.0,74.0,,,,,,2.66,2.67,4.31,4.3,1.11,0.13,4.83,5.68,1.54,3.97,9.32
LMT,LOCKHEED MARTIN CORP,NNH15CN70C,2025-12-02,0.0,National Aeronautics and Space Administration,National Aeronautics and Space Administration,DEFINITIVE CONTRACT,2025-12-02,436.6453,434.0461,0.6,436.6453,2025-12-02,0,0.0,672.2988,2026-03-02,60,53.97,53.97,4.0,18.0,22.0,26.0,30.0,53.0,,1.13,2.35,5.67,7.48,7.98,9.45,12.51,30.8,41.14,53.97,39.15
BA,THE BOEING COMPANY,S2606A22F0012,2025-12-16,0.0,Department of Defense,Defense Contract Management Agency,DELIVERY ORDER,2025-12-16,206.71,205.5,0.59,189.21,2026-03-30,70,-8.47,252.15,2026-01-23,25,21.98,33.26,6.0,11.0,17.0,22.0,,,,-0.18,3.57,4.91,4.71,5.04,10.36,19.82,13.07,11.48,3.27,11.62
BA,THE BOEING COMPANY,N0001914C0067,2025-11-07,0.0,Department of Defense,Defense Contract Management Agency,DEFINITIVE CONTRACT,2025-11-07,194.61,196.5,-0.96,179.12,2025-11-24,11,-7.96,252.15,2026-01-23,51,29.57,40.77,16.0,29.0,37.0,42.0,,,,0.1,0.46,-0.05,-2.56,-7.66,-2.88,2.96,11.42,24.66,21.76,0.26
BA,THE BOEING COMPANY,FA945125CX002,2025-12-03,600000.0,Department of Defense,Department of the Air Force,DEFINITIVE CONTRACT,2025-12-03,202.54,205.38,-1.38,189.21,2026-03-30,79,-6.58,252.15,2026-01-23,34,24.49,33.26,12.0,20.0,25.0,27.0,,,,-0.33,1.84,-1.89,0.91,1.87,7.07,12.63,22.29,20.82,10.65,10.56
ACN,ACCENTURE FEDERAL SERVICES LLC,89243423FEE000249,2026-03-02,131140.0,Department of Energy,Department of Energy,BPA CALL,2026-03-02,201.7722,204.5058,-1.34,122.9615,2026-06-30,83,-39.06,210.6591,2026-03-06,4,4.4,71.32,,,,,,,,1.92,3.92,1.67,-2.16,-3.21,-2.88,-3.71,-6.77,-12.34,-13.63,-32.98
BAH,BOOZ ALLEN HAMILTON INC,N0018919F3035,2026-03-03,0.0,Department of Defense,Department of the Navy,DELIVERY ORDER,2026-03-03,78.6081,77.2284,1.79,59.71,2026-06-25,79,-24.04,83.4516,2026-04-07,24,6.16,39.76,23.0,,,,,,,-1.07,3.4,-2.12,-2.64,-2.63,0.88,1.48,3.91,-3.69,2.34,-17.57
LMT,LOCKHEED MARTIN CORPORATION,H9225425F2887,2025-12-22,684489.0,Department of Defense,U.S. Special Operations Command,DELIVERY ORDER,2025-12-22,477.9062,468.5768,1.99,476.8982,2025-12-23,1,-0.21,672.2988,2026-03-02,46,40.68,40.97,8.0,12.0,14.0,17.0,26.0,,,-0.21,-0.11,0.92,2.79,2.75,15.45,22.18,25.98,36.09,30.43,7.72
LMT,LOCKHEED MARTIN CORPORATION,H9225426FE005,2025-11-25,3143459.0,Department of Defense,U.S. Special Operations Command,DELIVERY ORDER,2025-11-25,443.7422,442.4181,0.3,434.0461,2025-12-01,3,-2.19,672.2988,2026-03-02,64,51.51,54.89,11.0,25.0,27.0,30.0,37.0,64.0,,0.39,-2.19,-0.49,0.71,4.22,6.25,7.58,20.92,41.65,47.98,40.72
LDOS,"LEIDOS, INC.",HC102821F0091,2026-01-16,-15622.01,Department of Defense,Defense Information Systems Agency,DELIVERY ORDER,2026-01-16,193.5348,192.2028,0.69,122.6069,2026-05-21,86,-36.65,193.5547,2026-02-10,16,0.01,57.87,,,,,,,,-1.94,-0.64,-2.67,-3.56,-3.42,-0.88,-11.9,-7.22,-18.14,-18.11,-32.25
PSN,PARSONS GOVERNMENT SERVICES INC.,W56KGU20F0011,2025-09-09,-31925.75,Department of Defense,Department of the Army,DELIVERY ORDER,2025-09-09,74.5,75.0,-0.67,60.2,2025-12-17,70,-19.19,89.29,2025-10-08,21,19.85,48.32,6.0,6.0,17.0,,,,,0.35,2.85,1.23,9.3,7.56,9.89,19.85,13.92,16.26,11.28,-2.72
LDOS,"LEIDOS, INC.",HQ003424F0667,2025-08-26,1998701.0,Department of Defense,Washington Headquarters Services,DELIVERY ORDER,2025-08-26,180.4545,179.7222,0.41,175.8627,2025-09-03,5,-2.54,197.9062,2025-11-04,49,9.67,12.53,25.0,,,,,,,0.57,-0.78,-2.54,-1.84,-1.09,0.34,0.22,8.95,3.41,3.97,7.68
GD,"GENERAL DYNAMICS INFORMATION TECHNOLOGY, INC.",47QFCA25F0018,2026-03-12,0.0,General Services Administration,Federal Acquisition Service,DELIVERY ORDER,2026-03-12,352.0383,350.6707,0.39,311.1606,2026-04-27,31,-11.61,376.88,2026-07-06,78,7.06,21.12,77.0,,,,,,,-1.04,0.3,-1.58,-2.21,0.01,-1.32,-3.63,-11.42,-5.4,-3.6,6.0
BA,THE BOEING COMPANY,FA860924FB017,2025-11-26,800608.0,Department of Defense,Department of the Air Force,DELIVERY ORDER,2025-11-26,186.92,182.44,2.46,186.46,2025-12-01,2,-0.25,252.15,2026-01-23,38,34.9,35.23,3.0,7.0,17.0,24.0,31.0,,,1.11,9.88,8.0,10.35,7.38,10.38,16.23,28.3,24.73,23.24,17.73
ACN,ACCENTURE FEDERAL SERVICES LLC,15JPSS22C00000042,2025-09-19,325209.45,Department of Justice,"Offices, Boards and Divisions",DEFINITIVE CONTRACT,2025-09-19,234.8603,234.7134,0.06,227.8645,2025-09-25,4,-2.98,282.7142,2026-01-14,80,20.38,24.07,13.0,52.0,74.0,80.0,,,,0.12,-0.26,-0.3,2.88,2.34,5.15,1.03,4.34,5.07,14.58,8.98
ACN,ACCENTURE FEDERAL SERVICES LLC,2043FY25F00111,2025-09-23,2271110.67,Department of the Treasury,Internal Revenue Service,DELIVERY ORDER,2025-09-23,230.7451,235.1445,-1.87,227.8645,2025-09-25,2,-1.25,282.7142,2026-01-14,78,22.52,24.07,9.0,49.0,50.0,78.0,,,,1.52,1.47,4.71,3.75,6.68,3.42,5.79,3.14,5.83,16.24,13.29
LMT,LOCKHEED MARTIN CORP,FA945325CX015,2026-01-21,235000.0,Department of Defense,Department of the Air Force,DEFINITIVE CONTRACT,2026-01-21,579.3638,569.313,1.77,503.2157,2026-05-08,75,-13.14,672.2988,2026-03-02,27,16.04,33.6,6.0,17.0,27.0,,,,,1.31,-0.78,1.88,8.19,2.82,7.39,12.29,12.32,7.57,1.55,-10.85
ACN,ACCENTURE FEDERAL SERVICES LLC,89303024FIM000152,2025-12-08,200000.0,Department of Energy,Department of Energy,BPA CALL,2025-12-08,261.1192,261.2074,-0.03,177.3969,2026-04-10,84,-32.06,282.7142,2026-01-14,25,8.27,59.37,21.0,,,,,,,1.14,1.45,3.06,2.72,1.56,1.82,5.75,6.98,-16.68,-19.32,-26.19
CACI,"CACI, INC. - FEDERAL",70B06C26F00000087,2026-03-31,8358426.0,Department of Homeland Security,U.S. Customs and Border Protection,BPA CALL,2026-03-31,543.87,558.48,-2.62,440.76,2026-07-21,76,-18.96,648.24,2026-08-10,90,19.19,47.07,2.0,88.0,88.0,,,,,3.18,5.16,6.36,-1.72,-2.24,-4.69,-4.47,-7.35,-2.16,-16.54,19.19
LMT,LOCKHEED MARTIN CORPORATION,N0001923C0009,2025-12-30,148291371.0,Department of Defense,Department of the Navy,DEFINITIVE CONTRACT,2025-12-30,482.2844,483.1442,-0.18,478.0051,2025-12-31,1,-0.89,672.2988,2026-03-02,41,39.4,40.65,4.0,7.0,10.0,14.0,22.0,,,-0.89,4.83,1.82,11.25,17.36,20.13,29.96,30.62,38.38,26.86,5.52
CAT,CATERPILLAR INC,SPE8EC24F0664,2025-08-22,0.0,Department of Defense,Defense Logistics Agency,DELIVERY ORDER,2025-08-22,431.7833,414.1619,4.25,411.4166,2025-09-03,7,-4.72,621.8101,2025-12-11,77,44.01,51.14,18.0,27.0,32.0,36.0,47.0,,,-0.77,-0.69,-3.82,-4.72,-2.96,-0.95,8.17,13.71,21.33,27.08,31.87
BAH,BOOZ ALLEN HAMILTON INC,47QFCA22F0047,2026-03-17,18380529.0,General Services Administration,Federal Acquisition Service,DELIVERY ORDER,2026-03-17,76.5436,75.1938,1.8,59.71,2026-06-25,69,-21.99,83.4516,2026-04-07,14,9.02,39.76,12.0,,,,,,,2.0,3.67,2.28,4.16,1.18,9.02,7.22,-0.87,0.43,0.86,-6.41
GE,GENERAL ELECTRIC COMPANY,70Z03826FJ0000043,2026-01-29,1177935.0,Department of Homeland Security,U.S. Coast Guard,DELIVERY ORDER,2026-01-29,298.0537,291.691,2.18,272.9098,2026-03-30,41,-8.44,344.8073,2026-03-02,21,15.69,26.34,6.0,13.0,17.0,,,,,2.65,3.7,2.51,5.98,4.69,12.01,15.69,0.42,-3.26,-4.65,10.73
LMT,LOCKHEED MARTIN CORPORATION,H9225419F2303,2025-09-26,-59.82,Department of Defense,U.S. Special Operations Command,DELIVERY ORDER,2025-09-26,478.1011,475.0605,0.64,434.0461,2025-12-01,45,-9.21,628.5509,2026-02-02,87,31.47,44.81,6.0,72.0,74.0,77.0,86.0,,,0.93,2.37,3.5,4.85,3.61,1.19,-0.11,-5.97,-9.21,-0.04,25.92
GD,"GENERAL DYNAMICS INFORMATION TECHNOLOGY, INC.",HC102825F1401,2025-09-23,4698750.99,Department of Defense,Defense Information Systems Agency,BPA CALL,2025-09-23,317.597,317.0664,0.17,317.597,2025-09-23,0,0.0,364.0791,2026-01-16,80,14.64,14.64,5.0,71.0,,,,,,0.13,2.21,5.51,5.52,6.26,3.92,5.11,6.74,5.99,4.54,8.08
BA,THE BOEING COMPANY,N6134025F0004,2025-12-17,0.0,Department of Defense,Department of the Navy,DELIVERY ORDER,2025-12-17,206.33,206.71,-0.18,189.21,2026-03-30,69,-8.3,252.15,2026-01-23,24,22.21,33.26,3.0,10.0,16.0,19.0,,,,0.94,5.09,5.73,5.29,10.39,10.2,20.68,12.94,13.11,2.18,8.62
IBM,INTERNATIONAL BUSINESS MACHINES CORPORATION,15F06722F0001130,2025-09-19,-243187.27,Department of Justice,Federal Bureau of Investigation,DELIVERY ORDER,2025-09-19,259.6499,258.2854,0.53,259.6499,2025-09-19,0,0.0,308.6917,2025-11-12,38,18.89,18.89,4.0,12.0,25.0,,,,,1.87,0.42,6.72,5.92,8.25,8.19,6.48,15.39,12.27,16.5,16.72
BA,THE BOEING COMPANY,FA880725CB006,2026-02-10,1433228.35,Department of Defense,Department of the Air Force,DEFINITIVE CONTRACT,2026-02-10,242.59,244.71,-0.87,189.21,2026-03-30,33,-22.0,244.04,2026-02-17,4,0.6,28.98,,,,,,,,-2.61,0.15,-1.51,-4.35,-5.04,-7.61,-15.59,-17.72,-9.77,-4.77,-8.97
ACN,ACCENTURE FEDERAL SERVICES LLC,89243423FEE000261,2026-02-02,799000.0,Department of Energy,Department of Energy,BPA CALL,2026-02-02,261.4034,258.317,1.19,157.7433,2026-05-13,70,-39.66,261.4034,2026-02-02,0,0.0,65.71,,,,,,,,-9.59,-12.45,-11.26,-13.63,-17.58,-24.59,-21.29,-25.54,-27.34,-31.86,-36.68
LDOS,LEIDOS BIOMEDICAL RESEARCH INC,75N91019F00131,2026-01-09,0.0,Department of Health and Human Services,National Institutes of Health,DELIVERY ORDER,2026-01-09,197.153,194.0517,1.6,123.2546,2026-05-15,87,-37.48,197.153,2026-01-09,0,0.0,59.96,,,,,,,,-1.38,-3.79,-1.84,-3.14,-4.46,-5.07,-1.83,-12.21,-14.59,-18.81,-37.13
LMT,LOCKHEED MARTIN CORP,80GSFC24CA001,2025-08-25,0.0,National Aeronautics and Space Administration,National Aeronautics and Space Administration,DEFINITIVE CONTRACT,2025-08-25,435.9615,434.4814,0.34,434.0461,2025-12-01,68,-0.44,504.3876,2025-10-06,29,15.7,16.21,12.0,24.0,29.0,,,,,1.73,1.89,1.8,2.78,2.83,6.47,9.4,14.98,9.29,6.8,12.68
BA,THE BOEING COMPANY,N0038323FYY2J,2025-10-28,0.0,Department of Defense,Department of the Navy,DELIVERY ORDER,2025-10-28,223.33,223.0,0.15,179.12,2025-11-24,19,-19.8,252.15,2026-01-23,59,12.9,40.77,50.0,54.0,,,,,,-4.37,-9.99,-11.32,-12.01,-12.59,-14.11,-16.3,-11.02,1.99,11.24,-2.49
GD,"GENERAL DYNAMICS-OTS, INC.",W519TC25F0358,2025-09-18,44092448.4,Department of Defense,Department of the Army,DELIVERY ORDER,2025-09-18,318.9433,319.641,-0.22,317.0664,2025-09-22,2,-0.59,364.0791,2026-01-16,83,14.15,14.83,8.0,74.0,,,,,,-0.15,-0.42,-0.04,2.34,5.08,6.74,2.48,6.66,5.04,4.44,10.83
BAH,BOOZ ALLEN HAMILTON INC,W15P7T24F0004,2025-12-12,4835000.0,Department of Defense,Department of the Army,DELIVERY ORDER,2025-12-12,91.3894,92.9654,-1.7,73.705,2026-02-23,47,-19.35,100.6977,2026-01-23,27,10.19,36.62,27.0,27.0,,,,,,-0.98,-6.71,-8.11,-8.76,-8.26,-3.71,3.85,-1.81,-13.18,-16.26,-14.49
LMT,LOCKHEED MARTIN CORPORATION,N0010426FF902,2026-03-23,9809455.87,Department of Defense,Department of the Navy,DELIVERY ORDER,2026-03-23,612.2419,623.3492,-1.78,491.64,2026-06-24,64,-19.7,633.7512,2026-04-06,9,3.51,28.91,,,,,,,,-0.99,1.8,-2.87,0.23,1.86,0.56,-9.87,-17.42,-13.81,-13.05,-4.82
LMT,LOCKHEED MARTIN CORPORATION,N0002423C6411,2025-12-17,0.0,Department of Defense,Department of the Navy,DEFINITIVE CONTRACT,2025-12-17,469.2291,471.4725,-0.48,464.6336,2025-12-18,1,-0.98,672.2988,2026-03-02,49,43.28,44.69,11.0,15.0,16.0,18.0,28.0,,,-0.98,1.85,2.31,2.97,4.69,9.19,21.33,33.95,39.94,34.73,7.94
HII,HUNTINGTON INGALLS INC,N0002416C2116,2026-02-18,160000.0,Department of Defense,Department of the Navy,DEFINITIVE CONTRACT,2026-02-18,421.7449,414.7372,1.69,277.39,2026-06-29,90,-34.23,451.7788,2026-03-02,8,7.12,62.87,4.0,,,,,,,4.3,3.09,2.52,4.95,3.18,-1.43,-1.22,-7.14,-12.61,-20.45,-34.23
GD,"GENERAL DYNAMICS INFORMATION TECHNOLOGY, INC.",DTFAWA10D00003CALL0002,2025-10-29,0.0,Department of Transportation,Federal Aviation Administration,DELIVERY ORDER,2025-10-29,339.009,342.1673,-0.92,328.0535,2025-12-01,22,-3.23,364.0791,2026-01-16,54,7.4,10.98,46.0,,,,,,,0.34,-0.47,-0.17,0.83,1.74,-0.64,-0.54,-0.58,3.52,7.17,3.44
LMT,LOCKHEED MARTIN CORPORATION,N0001925F0137,2026-01-09,500000.0,Department of Defense,Department of the Navy,DELIVERY ORDER,2026-01-09,536.5611,512.3679,4.72,503.2157,2026-05-08,82,-6.21,672.2988,2026-03-02,34,25.3,33.6,3.0,12.0,14.0,24.0,,,,1.53,5.49,7.28,7.98,7.14,16.82,15.96,22.38,17.82,16.37,-3.24
GE,GENERAL ELECTRIC COMPANY,SPE4A226F0776,2026-04-02,0.0,Department of Defense,Defense Logistics Agency,DELIVERY ORDER,2026-04-02,280.81,292.3156,-3.94,275.946,2026-04-22,13,-1.73,381.22,2026-08-05,85,35.76,38.15,3.0,4.0,39.0,50.0,56.0,,,2.68,9.57,9.67,13.1,8.17,0.42,-0.23,0.13,14.54,32.92,30.1
BA,THE BOEING COMPANY,FA822025FB006,2026-03-11,20959.0,Department of Defense,Department of the Air Force,DELIVERY ORDER,2026-03-11,214.1,217.76,-1.68,189.21,2026-03-30,13,-11.63,240.6,2026-05-13,44,12.38,27.16,27.0,41.0,,,,,,-4.36,-0.29,-3.79,-8.87,-6.77,-7.04,1.65,9.36,7.06,0.63,-4.34
HII,HUNTINGTON INGALLS INC,N0002415C4301,2025-12-19,108818.0,Department of Defense,Department of the Navy,DEFINITIVE CONTRACT,2025-12-19,334.1482,320.2419,4.34,334.1482,2025-12-19,0,0.0,451.7788,2026-03-02,47,35.2,35.2,1.0,12.0,14.0,15.0,40.0,,,5.01,5.59,2.7,1.02,9.2,18.3,25.99,22.72,31.59,24.68,7.45
BA,THE BOEING COMPANY,FA852618F0009,2025-09-10,-905950.5,Department of Defense,Defense Contract Management Agency,DELIVERY ORDER,2025-09-10,227.52,229.52,-0.87,179.12,2025-11-24,53,-21.27,249.0,2026-01-20,90,9.44,39.01,85.0,,,,,,,-3.31,-5.17,-5.67,-5.22,-5.46,-5.14,-5.06,-4.8,-14.07,-11.27,9.44
ACN,ACCENTURE FEDERAL SERVICES LLC,1333BJ22F00180003,2025-10-31,780339.0,Department of Commerce,U.S. Patent and Trademark Office,DELIVERY ORDER,2025-10-31,245.0504,244.2175,0.34,187.6335,2026-02-25,78,-23.43,282.7142,2026-01-14,50,15.37,50.67,22.0,44.0,50.0,,,,,-0.66,-0.91,-1.74,-3.01,-1.96,-3.72,4.37,9.82,9.55,4.45,-21.37
HON,HONEYWELL INTERNATIONAL INC.,W58RGZ23F0509,2025-09-10,0.0,Department of Defense,Department of the Army,DELIVERY ORDER,2025-09-10,205.8544,208.2854,-1.17,195.2672,2025-11-20,51,-5.14,227.7011,2026-01-16,89,10.61,16.61,85.0,89.0,,,,,,1.71,0.02,-0.01,-1.1,-1.46,-0.57,-3.53,-2.4,1.03,-3.08,8.43
BA,THE BOEING COMPANY,N0001914C0067,2025-12-18,0.0,Department of Defense,Defense Contract Management Agency,DEFINITIVE CONTRACT,2025-12-18,208.27,206.33,0.94,189.21,2026-03-30,68,-9.15,252.15,2026-01-23,23,21.07,33.26,9.0,11.0,15.0,21.0,,,,2.79,4.12,3.92,4.91,9.54,12.61,20.07,11.95,10.61,-1.09,9.97
NOC,NORTHROP GRUMMAN SYSTEMS CORPORATION,FA861517C6047,2025-11-12,0.0,Department of Defense,Department of the Air Force,DEFINITIVE CONTRACT,2025-11-12,552.1092,560.1847,-1.44,541.3857,2025-12-01,12,-1.94,764.6547,2026-03-02,73,38.5,41.24,27.0,39.0,42.0,47.0,65.0,,,-0.1,0.8,1.15,1.46,1.53,-0.54,2.42,3.78,18.15,23.13,24.65
LDOS,"LEIDOS, INC.",FA807524F0016,2026-03-20,78693.0,Department of Defense,Department of the Air Force,DELIVERY ORDER,2026-03-20,165.2861,165.3659,-0.05,100.0,2026-06-25,66,-39.5,165.2861,2026-03-20,0,0.0,65.29,,,,,,,,-2.01,-4.21,-6.23,-6.24,-3.86,-7.83,-7.64,-10.29,-22.76,-31.28,-31.99
GD,GENERAL DYNAMICS INFORMATION TECHNOLOGY INC.,W56JSR19F0109,2025-09-04,0.0,Department of Defense,Department of the Army,DELIVERY ORDER,2025-09-04,316.8502,317.2137,-0.11,315.7594,2025-09-09,3,-0.34,358.571,2026-01-13,90,13.17,13.56,18.0,37.0,,,,,,0.13,-0.34,2.23,1.41,0.66,0.37,6.57,2.98,6.0,6.42,13.17
LMT,LOCKHEED MARTIN CORP,FA945325CX015,2026-03-19,884000.0,Department of Defense,Department of the Air Force,DEFINITIVE CONTRACT,2026-03-19,633.3637,638.1027,-0.74,491.64,2026-06-24,66,-22.38,633.7512,2026-04-06,11,0.06,28.91,,,,,,,,-1.58,-4.29,-1.6,-6.11,-2.31,-2.14,-8.82,-19.57,-16.36,-16.26,-10.13
LMT,LOCKHEED MARTIN CORP,FA862925FB034,2026-03-19,0.0,Department of Defense,Department of the Air Force,DELIVERY ORDER,2026-03-19,633.3637,638.1027,-0.74,491.64,2026-06-24,66,-22.38,633.7512,2026-04-06,11,0.06,28.91,,,,,,,,-1.58,-4.29,-1.6,-6.11,-2.31,-2.14,-8.82,-19.57,-16.36,-16.26,-10.13
LMT,LOCKHEED MARTIN CORPORATION,W52P1J19F0077,2025-12-19,1037736.0,Department of Defense,Department of the Army,DELIVERY ORDER,2025-12-19,468.5768,464.6335,0.85,468.5768,2025-12-19,0,0.0,672.2988,2026-03-02,47,43.48,43.48,9.0,10.0,14.0,16.0,26.0,,,1.99,2.45,3.11,2.01,10.1,16.26,25.26,27.13,35.33,35.17,8.72
SPIR,"CORESPHERE, LLC",83310124F0125,2025-08-29,0.0,Export-Import Bank of the United States,Export-Import Bank of the United States,DELIVERY ORDER,2025-08-29,9.04,9.11,-0.77,7.02,2025-12-17,76,-22.35,14.05,2025-10-08,27,55.42,100.14,8.0,12.0,14.0,15.0,16.0,24.0,,1.22,-3.1,-0.88,-1.11,8.85,16.48,21.57,41.37,23.45,-12.17,15.15
NOC,NORTHROP GRUMMAN SYSTEMS CORP,FA811025F0005,2025-09-23,6330912.33,Department of Defense,Department of the Air Force,DELIVERY ORDER,2025-09-23,570.4052,569.4859,0.16,541.3857,2025-12-01,48,-5.09,690.0928,2026-01-29,88,20.98,27.47,5.0,11.0,80.0,88.0,,,,1.59,3.02,5.59,4.84,7.72,7.24,3.36,0.01,-1.33,-1.84,19.19
ACN,ACCENTURE FEDERAL SERVICES LLC,89303023FIM000112,2026-01-13,161229.0,Department of Energy,Department of Energy,BPA CALL,2026-01-13,271.2113,275.2873,-1.48,157.7433,2026-05-13,83,-41.84,282.7142,2026-01-14,1,4.24,79.22,,,,,,,,4.24,3.4,1.42,1.54,-2.3,-12.86,-19.78,-25.08,-26.46,-34.59,-34.7
GD,GENERAL DYNAMICS LAND SYSTEMS INC.,W56HZV23C0025,2026-02-09,2285919.0,Department of Defense,Department of the Army,DEFINITIVE CONTRACT,2026-02-09,356.8645,356.8348,0.01,311.1606,2026-04-27,53,-12.81,362.8304,2026-03-04,16,1.67,16.61,,,,,,,,-0.35,-5.37,-4.88,-1.6,-2.48,1.3,-1.74,-3.85,-5.46,-3.11,-2.35
BAH,BOOZ ALLEN HAMILTON INC,FA807524F0020,2026-01-30,436611.0,Department of Defense,Department of the Air Force,DELIVERY ORDER,2026-01-30,87.0947,87.4001,-0.35,71.0549,2026-05-13,71,-18.42,88.7791,2026-02-09,6,1.93,24.94,,,,,,,,-1.04,-3.82,0.67,1.73,-9.61,-12.01,-9.74,-13.66,-4.18,-13.12,-11.26
NOC,NORTHROP GRUMMAN SYSTEMS CORPORATION,N6134023C0013,2025-12-03,68103.0,Department of Defense,Department of the Navy,DEFINITIVE CONTRACT,2025-12-03,549.1367,542.8347,1.16,544.8195,2025-12-05,2,-0.79,764.6547,2026-03-02,59,39.25,40.35,13.0,21.0,28.0,30.0,51.0,,,-0.06,0.04,0.37,2.97,1.96,4.83,10.48,20.53,26.15,37.63,23.03
NOC,NORTHROP GRUMMAN SYSTEMS CORPORATION,NNM07AA75C,2026-03-26,2000000.0,National Aeronautics and Space Administration,National Aeronautics and Space Administration,DEFINITIVE CONTRACT,2026-03-26,688.9578,688.1812,0.11,496.02,2026-06-29,64,-28.0,699.4217,2026-04-02,5,1.52,41.01,,,,,,,,-1.88,-1.41,1.52,-0.22,-2.64,-2.78,-16.87,-20.59,-21.73,-25.51,-19.09
LDOS,"LEIDOS, INC.",FA807524F0016,2025-09-18,269906.0,Department of Defense,Department of the Air Force,DELIVERY ORDER,2025-09-18,185.6084,182.286,1.82,179.3204,2025-12-31,72,-3.39,197.9062,2025-11-04,33,6.63,10.36,12.0,,,,,,,0.16,-0.02,-2.56,-0.82,3.07,5.92,-1.41,2.01,-0.8,1.38,0.56
GD,"GENERAL DYNAMICS INFORMATION TECHNOLOGY, INC.",47QFCA24F0009,2025-09-16,3414635.0,General Services Administration,Federal Acquisition Service,DELIVERY ORDER,2025-09-16,320.7415,321.3115,-0.18,317.0664,2025-09-22,4,-1.15,364.0791,2026-01-16,85,13.51,14.83,13.0,77.0,,,,,,-0.34,-0.71,-0.98,-0.6,4.47,6.16,2.18,6.68,5.02,5.31,12.33
BA,THE BOEING COMPANY,FA867810C0100,2025-09-10,420821.19,Department of Defense,Department of the Air Force,DEFINITIVE CONTRACT,2025-09-10,227.52,229.52,-0.87,179.12,2025-11-24,53,-21.27,249.0,2026-01-20,90,9.44,39.01,85.0,,,,,,,-3.31,-5.17,-5.67,-5.22,-5.46,-5.14,-5.06,-4.8,-14.07,-11.27,9.44
BAH,BOOZ ALLEN HAMILTON INC,15F06724F0001275,2025-09-15,48609149.86,Department of Justice,Federal Bureau of Investigation,DELIVERY ORDER,2025-09-15,99.4431,102.3789,-2.87,78.7024,2025-11-20,48,-20.86,101.8113,2025-10-07,16,2.38,29.36,,,,,,,,0.21,-0.4,-1.8,-2.3,-2.69,2.36,-3.76,-14.85,-19.11,-10.33,1.26
GD,"GENERAL DYNAMICS INFORMATION TECHNOLOGY, INC.",HT942525F0224,2026-01-16,0.0,Department of Defense,Defense Health Agency,DELIVERY ORDER,2026-01-16,364.0791,363.8908,0.05,311.1606,2026-04-27,68,-14.53,364.0791,2026-01-16,0,0.0,17.01,,,,,,,,-2.23,-0.42,-1.05,-2.91,-5.72,-1.99,-4.87,-0.73,-5.76,-7.33,-4.57
LMT,LOCKHEED MARTIN CORPORATION,N0003024C0100,2025-09-26,0.0,Department of Defense,Department of the Navy,DEFINITIVE CONTRACT,2025-09-26,478.1011,475.0605,0.64,434.0461,2025-12-01,45,-9.21,628.5509,2026-02-02,87,31.47,44.81,6.0,72.0,74.0,77.0,86.0,,,0.93,2.37,3.5,4.85,3.61,1.19,-0.11,-5.97,-9.21,-0.04,25.92
LMT,LOCKHEED MARTIN CORPORATION,W58RGZ23F0242,2025-09-09,0.0,Department of Defense,Department of the Army,DELIVERY ORDER,2025-09-09,448.3031,450.3138,-0.45,434.0461,2025-12-01,58,-3.18,575.6083,2026-01-16,90,28.4,32.61,9.0,18.0,82.0,86.0,,,,1.49,3.12,3.78,3.62,6.48,7.64,12.46,7.1,0.0,-1.5,28.4
LMT,LOCKHEED MARTIN CORPORATION,N0001924F1844,2025-12-17,0.0,Department of Defense,Department of the Navy,DELIVERY ORDER,2025-12-17,469.2291,471.4725,-0.48,464.6336,2025-12-18,1,-0.98,672.2988,2026-03-02,49,43.28,44.69,11.0,15.0,16.0,18.0,28.0,,,-0.98,1.85,2.31,2.97,4.69,9.19,21.33,33.95,39.94,34.73,7.94
BAH,BOOZ ALLEN HAMILTON INC,693KA823F00207,2026-04-06,900000.0,Department of Transportation,Federal Aviation Administration,DELIVERY ORDER,2026-04-06,83.0844,82.5087,0.7,59.71,2026-06-25,56,-28.13,83.4516,2026-04-07,1,0.44,39.76,,,,,,,,0.44,-4.99,-2.27,-1.68,-3.58,-5.94,-8.9,-10.51,-5.7,-27.77,-5.64
GE,GENERAL ELECTRIC COMPANY,FA862620F0026,2026-03-10,-109765.16,Department of Defense,Department of the Air Force,DELIVERY ORDER,2026-03-10,326.1135,321.5292,1.43,272.9098,2026-03-30,14,-16.31,378.68,2026-07-06,80,16.12,38.76,68.0,73.0,79.0,,,,,-0.42,-8.22,-7.48,-10.69,-10.99,-16.31,-4.13,-15.38,-9.74,0.35,4.66
CAT,CATERPILLAR INC,SPE8EC24F0523,2025-12-08,0.0,Department of Defense,Defense Logistics Agency,DELIVERY ORDER,2025-12-08,592.877,599.5065,-1.11,558.4772,2025-12-17,7,-5.8,796.9216,2026-04-20,90,34.42,42.7,23.0,35.0,37.0,41.0,44.0,,,-0.36,4.88,-1.13,-5.8,-2.36,-3.0,1.95,8.96,27.42,14.42,34.42
GD,"GENERAL DYNAMICS INFORMATION TECHNOLOGY, INC.",75FCMC24F0029,2025-12-08,6387995.68,Department of Health and Human Services,Centers for Medicare and Medicaid Services,DELIVERY ORDER,2025-12-08,331.6362,332.9193,-0.39,329.9188,2025-12-09,1,-0.52,364.0791,2026-01-16,27,9.78,10.35,18.0,,,,,,,-0.52,1.63,1.39,0.12,2.73,1.33,4.59,9.32,1.82,8.62,-0.29
NOC,NORTHROP GRUMMAN SYSTEMS CORPORATION,N0001923C0001,2026-04-01,0.0,Department of Defense,Department of the Navy,DEFINITIVE CONTRACT,2026-04-01,693.9458,679.2505,2.16,496.02,2026-06-29,60,-28.52,699.4217,2026-04-02,1,0.79,41.01,,,,,,,,0.79,-0.93,-0.92,-2.25,-3.48,-15.41,-18.49,-21.28,-21.55,-28.52,-17.04
NOC,NORTHROP GRUMMAN SYSTEMS CORPORATION,NNH15CN76C,2026-01-23,0.0,National Aeronautics and Space Administration,National Aeronautics and Space Administration,DEFINITIVE CONTRACT,2026-01-23,667.8622,665.3712,0.37,526.06,2026-06-03,90,-21.23,764.6547,2026-03-02,25,14.49,45.36,10.0,25.0,,,,,,-1.78,2.4,2.87,4.76,5.37,3.29,8.49,11.41,0.12,-8.9,-21.23
BA,THE BOEING COMPANY,FA852619F0003,2025-09-10,-447284.39,Department of Defense,Defense Contract Management Agency,DELIVERY ORDER,2025-09-10,227.52,229.52,-0.87,179.12,2025-11-24,53,-21.27,249.0,2026-01-20,90,9.44,39.01,85.0,,,,,,,-3.31,-5.17,-5.67,-5.22,-5.46,-5.14,-5.06,-4.8,-14.07,-11.27,9.44
NOC,NORTHROP GRUMMAN SYSTEMS CORPORATION,HQ072726FE003,2026-01-28,2200000.0,Department of Defense,Defense Microelectronics Activity,DELIVERY ORDER,2026-01-28,683.9199,673.6084,1.53,526.06,2026-06-03,87,-23.08,764.6547,2026-03-02,22,11.8,45.36,14.0,22.0,,,,,,0.9,-0.6,0.09,2.9,-1.49,5.18,5.45,7.19,2.27,-16.28,-20.92
HII,HUNTINGTON INGALLS INCORPORATED,N0002422C2300,2025-10-14,0.0,Department of Defense,Department of the Navy,DEFINITIVE CONTRACT,2025-10-14,288.5067,284.5142,1.4,276.7269,2025-10-17,3,-4.08,444.4159,2026-02-24,90,54.04,60.6,12.0,13.0,47.0,48.0,59.0,87.0,,-2.39,-4.08,-1.51,-0.63,2.47,8.77,8.89,7.81,10.54,33.14,54.04
GD,"GENERAL DYNAMICS GLOBAL FORCE, LLC",W15P7T25F0038,2025-10-29,728402.0,Department of Defense,Department of the Army,DELIVERY ORDER,2025-10-29,339.009,342.1673,-0.92,328.0535,2025-12-01,22,-3.23,364.0791,2026-01-16,54,7.4,10.98,46.0,,,,,,,0.34,-0.47,-0.17,0.83,1.74,-0.64,-0.54,-0.58,3.52,7.17,3.44
LDOS,"LEIDOS, INC.",FA861224FB007,2026-01-14,0.0,Department of Defense,Department of the Air Force,DELIVERY ORDER,2026-01-14,189.6781,194.7873,-2.62,122.6069,2026-05-21,88,-35.36,193.5547,2026-02-10,18,2.04,57.87,,,,,,,,1.33,0.05,1.38,-0.69,-1.9,-1.25,-7.61,-8.24,-12.86,-17.21,-32.69
BAH,BOOZ ALLEN HAMILTON INC,36C10B21N10150057,2025-10-27,0.0,Department of Veterans Affairs,Department of Veterans Affairs,DELIVERY ORDER,2025-10-27,84.6764,89.4421,-5.33,73.705,2026-02-23,80,-12.96,100.6977,2026-01-23,60,18.92,36.62,29.0,51.0,60.0,,,,,-1.12,-4.29,-1.19,0.09,0.89,-3.55,-2.69,5.31,-1.87,18.92,-4.55
LMT,LOCKHEED MARTIN CORPORATION,HQ014719C0007,2025-08-14,0.0,Department of Defense,Missile Defense Agency,DEFINITIVE CONTRACT,2025-08-14,425.8346,430.9467,-1.19,425.8346,2025-08-14,0,0.0,504.3876,2025-10-06,36,18.45,18.45,14.0,26.0,34.0,,,,,0.05,0.86,2.26,2.38,4.31,5.23,9.01,12.27,14.05,5.57,12.23
LDOS,"LEIDOS, INC.",N0003925F7522,2025-10-31,246963.69,Department of Defense,Department of the Navy,DELIVERY ORDER,2025-10-31,188.901,189.3473,-0.24,160.5633,2026-02-17,72,-15.0,197.9062,2025-11-04,2,4.77,23.26,,,,,,,,1.35,2.42,3.42,4.08,0.49,-2.53,-1.79,-2.15,3.46,-1.5,-8.51
GD,"GENERAL DYNAMICS INFORMATION TECHNOLOGY, INC.",W91RUS20F0217,2025-08-27,-17041.04,Department of Defense,Department of the Army,DELIVERY ORDER,2025-08-27,319.8178,316.5947,1.02,315.7594,2025-09-09,8,-1.27,356.0147,2026-01-06,90,11.32,12.75,26.0,90.0,,,,,,-0.17,-0.33,-0.93,-0.84,1.28,-0.06,1.5,5.32,6.36,4.75,11.32
LMT,LOCKHEED MARTIN CORPORATION,FA868222F1030,2025-10-21,0.0,Department of Defense,Department of the Air Force,DELIVERY ORDER,2025-10-21,480.1216,496.2074,-3.24,434.0461,2025-12-01,28,-9.6,672.2988,2026-03-02,89,40.03,54.89,51.0,55.0,58.0,62.0,69.0,,,-0.48,-0.84,-0.76,0.04,-0.92,-7.64,-4.0,-8.03,-0.01,19.89,38.19
GD,"GENERAL DYNAMICS INFORMATION TECHNOLOGY, INC.",FA489024C0030,2026-03-19,498071.0,Department of Defense,Department of the Air Force,DEFINITIVE CONTRACT,2026-03-19,346.4886,350.1851,-1.06,311.1606,2026-04-27,26,-10.2,393.19,2026-07-28,89,13.48,26.36,72.0,86.0,,,,,,-1.1,-0.97,1.62,-2.53,-0.15,-1.64,-4.56,-0.62,-1.47,3.31,9.95
ACN,ACCENTURE FEDERAL SERVICES LLC,89603024F0002,2025-10-06,0.0,Department of Energy,Federal Energy Regulatory Commission,BPA CALL,2025-10-06,243.1593,240.3669,1.16,217.5667,2026-02-12,89,-10.53,282.7142,2026-01-14,69,16.27,29.94,40.0,49.0,69.0,,,,,1.23,1.56,-1.86,-3.41,-2.41,-0.21,-2.12,-2.76,8.61,8.11,-9.65
BA,THE BOEING COMPANY,FA810616C0001,2026-01-26,817653.62,Department of Defense,Department of the Air Force,DEFINITIVE CONTRACT,2026-01-26,248.43,252.15,-1.48,189.21,2026-03-30,44,-23.84,248.43,2026-01-26,0,0.0,31.3,,,,,,,,-1.56,-5.79,-6.2,-5.02,-1.5,-2.2,-7.27,-12.35,-19.88,-6.9,-12.48
GD,"GENERAL DYNAMICS MISSION SYSTEMS, INC.",N0002421C6425,2025-08-14,3761770.0,Department of Defense,Department of the Navy,DEFINITIVE CONTRACT,2025-08-14,310.3646,311.986,-0.52,308.1438,2025-08-18,2,-0.72,349.165,2025-10-27,51,12.5,13.31,31.0,50.0,,,,,,-0.68,0.18,0.22,1.28,2.87,2.09,3.53,4.59,5.31,10.14,9.77
LMT,LOCKHEED MARTIN CORP,FA821424F0004,2026-03-16,0.0,Department of Defense,Department of the Air Force,DELIVERY ORDER,2026-03-16,641.0037,641.7985,-0.12,491.64,2026-06-24,69,-23.3,641.0037,2026-03-16,0,0.0,30.38,,,,,,,,-1.37,-1.19,-4.49,-3.25,-7.23,-1.13,-5.29,-20.6,-18.38,-18.09,-9.11
LMT,LOCKHEED MARTIN CORPORATION,HQ085125FE015,2025-09-29,1385287.0,Department of Defense,Missile Defense Agency,DELIVERY ORDER,2025-09-29,482.5541,478.1011,0.93,434.0461,2025-12-01,44,-10.05,628.551,2026-02-02,86,30.26,44.81,68.0,71.0,74.0,78.0,86.0,,,1.47,1.5,4.52,4.48,2.41,0.64,-1.26,-8.11,-9.51,-1.17,27.71
BA,THE BOEING COMPANY,FA863416C2653,2026-02-11,0.0,Department of Defense,Department of the Air Force,DEFINITIVE CONTRACT,2026-02-11,236.26,242.59,-2.61,189.21,2026-03-30,32,-19.91,244.04,2026-02-17,3,3.29,28.98,,,,,,,,1.31,3.29,-1.08,-2.46,-2.9,-3.79,-11.16,-17.73,-5.45,0.47,-8.27
ETN,"EATON AEROSPACE, LLC",N0038325FBF08,2025-10-20,0.0,Department of Defense,Department of the Navy,DELIVERY ORDER,2025-10-20,373.5255,369.1839,1.18,313.2,2025-12-17,41,-16.15,392.8041,2026-02-11,78,5.16,25.42,78.0,,,,,,,-1.12,-1.4,0.54,2.66,2.35,-0.76,-10.18,-11.56,-14.29,-11.47,0.2
NOC,NORTHROP GRUMMAN SYSTEMS CORPORATION,NNH15CN76C,2025-11-17,0.0,National Aeronautics and Space Administration,National Aeronautics and Space Administration,DEFINITIVE CONTRACT,2025-11-17,556.5176,551.5458,0.9,541.3857,2025-12-01,9,-2.72,764.6547,2026-03-02,70,37.4,41.24,32.0,36.0,39.0,45.0,63.0,,,0.66,0.77,0.45,0.72,-2.46,-1.28,0.61,1.69,20.01,25.29,20.15
BA,THE BOEING COMPANY,SPRPA122F0LB5,2025-10-28,-7147321.23,Department of Defense,Defense Logistics Agency,DELIVERY ORDER,2025-10-28,223.33,223.0,0.15,179.12,2025-11-24,19,-19.8,252.15,2026-01-23,59,12.9,40.77,50.0,54.0,,,,,,-4.37,-9.99,-11.32,-12.01,-12.59,-14.11,-16.3,-11.02,1.99,11.24,-2.49
NOC,NORTHROP GRUMMAN SYSTEMS CORPORATION,N0001924F2597,2025-10-24,0.0,Department of Defense,Defense Contract Management Agency,DELIVERY ORDER,2025-10-24,598.5754,598.7336,-0.03,541.3857,2025-12-01,25,-9.55,764.6547,2026-03-02,86,27.75,41.24,55.0,57.0,65.0,78.0,,,,-1.59,-3.4,-3.65,-4.7,-6.1,-7.86,-6.61,-8.22,-4.74,11.16,25.77
NOC,NORTHROP GRUMMAN SYSTEMS CORPORATION,HR001124C0367,2025-12-31,645789.0,Department of Defense,Defense Advanced Research Projects Agency,DEFINITIVE CONTRACT,2025-12-31,565.899,570.226,-0.76,545.8078,2026-05-11,89,-3.55,764.6547,2026-03-02,40,35.12,40.1,2.0,7.0,11.0,18.0,40.0,,,2.71,7.09,3.61,10.37,14.8,17.58,20.13,23.21,31.48,18.16,-1.78
SPIR,"ANASPHERE, INC",80LARC25FA033,2026-02-05,0.0,National Aeronautics and Space Administration,National Aeronautics and Space Administration,DELIVERY ORDER,2026-02-05,9.7,10.61,-8.58,8.4,2026-02-23,11,-13.4,25.48,2026-05-27,76,162.68,203.33,1.0,2.0,29.0,29.0,31.0,39.0,42.0,8.45,5.05,-7.63,-5.88,-5.05,-4.74,6.7,25.98,138.56,79.9,76.8
BA,THE BOEING COMPANY,W58RGZ25F0055,2026-02-19,0.0,Department of Defense,Department of the Army,DELIVERY ORDER,2026-02-19,233.71,238.93,-2.18,189.21,2026-03-30,27,-19.04,240.6,2026-05-13,58,2.95,27.16,,,,,,,,-0.72,-0.14,-1.84,-1.7,-4.98,-8.39,-16.51,-10.91,-0.54,-5.66,-7.38
BA,THE BOEING COMPANY,HC101321C0003,2026-03-18,7414810.91,Department of Defense,Defense Information Systems Agency,DEFINITIVE CONTRACT,2026-03-18,205.99,210.82,-2.29,189.21,2026-03-30,8,-8.15,240.6,2026-05-13,39,16.8,27.16,14.0,24.0,36.0,,,,,-2.34,-3.68,-3.1,-7.51,0.65,5.73,8.44,11.19,6.61,6.34,7.56
PSN,PARSONS GOVERNMENT SERVICES INC.,W912P722F0037,2026-04-03,0.0,Department of Defense,Department of the Army,DELIVERY ORDER,2026-04-06,56.38,56.32,0.11,40.32,2026-07-29,79,-28.49,62.03,2026-07-28,78,10.02,53.84,39.0,78.0,,,,,,-0.23,1.33,-0.44,0.34,-2.59,-5.2,-11.67,-8.69,3.78,-5.71,-15.04
LMT,LOCKHEED MARTIN CORPORATION,80MSFC24CA015,2026-04-06,100000.0,National Aeronautics and Space Administration,National Aeronautics and Space Administration,DEFINITIVE CONTRACT,2026-04-06,633.7512,618.7394,2.43,491.64,2026-06-24,55,-22.42,633.7512,2026-04-06,0,0.0,28.91,,,,,,,,-1.6,-2.2,-2.85,-4.2,-8.88,-19.51,-20.22,-17.18,-16.35,-17.66,-5.64
CACI,"CACI, INC. - FEDERAL",HQ003425FE024,2025-12-09,3550319.0,Department of Defense,Washington Headquarters Services,DELIVERY ORDER,2025-12-09,589.19,593.43,-0.71,518.38,2026-04-21,90,-12.02,662.19,2026-01-23,30,12.39,27.74,25.0,29.0,,,,,,1.23,-2.84,-4.92,-6.83,-7.58,-8.52,1.65,12.39,-2.7,7.47,-12.02
LMT,LOCKHEED MARTIN CORPORATION,W31P4Q22C0047,2026-01-27,0.0,Department of Defense,Department of the Army,DEFINITIVE CONTRACT,2026-01-27,587.9818,574.8474,2.28,503.2157,2026-05-08,71,-14.42,672.2988,2026-03-02,23,14.34,33.6,3.0,16.0,,,,,,0.39,6.6,5.6,2.39,5.82,9.18,7.85,9.74,4.36,-10.48,-10.92
LDOS,LEIDOS BIOMEDICAL RESEARCH INC,75N91019F00137,2026-04-01,-13366.0,Department of Health and Human Services,National Institutes of Health,DELIVERY ORDER,2026-04-01,155.4608,154.9726,0.32,100.0,2026-06-25,58,-35.68,160.0746,2026-04-08,4,2.97,60.07,,,,,,,,1.8,1.83,-0.24,1.01,0.29,-3.4,-4.35,-19.52,-20.24,-35.39,-9.37
BA,THE BOEING COMPANY,W58RGZ26F0186,2026-03-31,33573728.23,Department of Defense,Department of the Army,DELIVERY ORDER,2026-03-31,199.03,189.21,5.19,199.03,2026-03-31,0,0.0,240.6,2026-05-13,30,20.89,20.89,3.0,6.0,15.0,30.0,,,,4.17,6.67,9.43,9.35,12.51,10.11,15.07,20.89,9.24,9.15,16.96
BA,THE BOEING COMPANY,FA860926FB010,2025-11-25,0.0,Department of Defense,Department of the Air Force,DELIVERY ORDER,2025-11-25,182.44,179.12,1.85,182.44,2025-11-25,0,0.0,252.15,2026-01-23,39,38.21,38.21,4.0,4.0,17.0,25.0,31.0,,,2.46,2.2,11.02,10.66,8.92,13.3,18.64,28.55,27.72,27.93,19.38
GD,"GENERAL DYNAMICS INFORMATION TECHNOLOGY, INC.",DTFAWA10D00003CALL0004,2025-12-05,7671040.0,Department of Transportation,Federal Aviation Administration,DELIVERY ORDER,2025-12-05,332.9193,337.2521,-1.28,329.9188,2025-12-09,2,-0.9,364.0791,2026-01-16,28,9.36,10.35,19.0,,,,,,,-0.39,1.46,0.05,0.05,0.61,1.45,2.47,8.59,3.1,7.37,0.57
CACI,"CACI, INC. - FEDERAL",FA822725F0038,2025-09-08,2795802.16,Department of Defense,Department of the Air Force,DELIVERY ORDER,2025-09-08,474.04,474.45,-0.09,474.04,2025-09-08,0,0.0,627.5,2026-01-15,90,32.37,32.37,9.0,19.0,33.0,33.0,56.0,,,1.18,4.02,4.43,4.55,5.85,2.44,10.95,11.14,24.85,27.91,32.37
LMT,LOCKHEED MARTIN CORP,FA852522F0005,2025-09-25,0.0,Department of Defense,Department of the Air Force,DELIVERY ORDER,2025-09-25,475.0605,476.9339,-0.39,434.0461,2025-12-01,46,-8.63,628.5509,2026-02-02,88,32.31,44.81,7.0,73.0,75.0,77.0,87.0,,,0.64,3.07,3.1,6.17,4.84,3.11,0.22,-3.18,-5.47,-1.36,25.39
NOC,NORTHROP GRUMMAN SYSTEMS CORPORATION,N0001922F0014,2025-12-15,0.0,Department of Defense,Department of the Navy,DELIVERY ORDER,2025-12-15,571.4367,565.4523,1.06,555.2898,2025-12-18,3,-2.83,764.6547,2026-03-02,51,33.81,37.7,13.0,20.0,22.0,30.0,51.0,,,-1.23,-2.83,1.54,1.14,-0.21,6.05,13.69,20.76,25.66,27.83,0.23
BA,THE BOEING COMPANY,SPE4A226F0009,2025-11-03,3061543.26,Department of Defense,Defense Logistics Agency,DELIVERY ORDER,2025-11-03,204.55,201.02,1.76,179.12,2025-11-24,15,-12.43,252.15,2026-01-23,55,23.27,40.77,34.0,41.0,47.0,50.0,,,,-3.18,-3.94,-4.76,-4.42,-6.23,-12.15,-0.98,1.06,11.16,14.26,4.36
BAH,BOOZ ALLEN HAMILTON INC,140D0425F0107,2025-10-14,0.0,Department of the Interior,Departmental Offices,BPA CALL,2025-10-14,95.705,94.2273,1.57,73.705,2026-02-23,89,-22.99,100.6977,2026-01-23,69,5.22,36.62,69.0,,,,,,,-1.48,0.25,2.91,2.55,-12.52,-12.58,-13.24,-13.91,-10.92,-1.01,-21.49
LMT,LOCKHEED MARTIN CORPORATION,W31P4Q22C0060,2025-10-27,0.0,Department of Defense,Department of the Army,DEFINITIVE CONTRACT,2025-10-27,477.5812,476.11,0.31,434.0461,2025-12-01,24,-9.12,672.2988,2026-03-02,85,40.77,54.89,47.0,51.0,53.0,56.0,65.0,,,-0.23,0.58,0.21,-2.83,-7.15,-4.34,-7.09,-3.38,0.09,22.26,38.16
BAH,BOOZ ALLEN HAMILTON INC,15DDHQ25F00000049,2025-12-15,977189.6,Department of Justice,Drug Enforcement Administration,BPA CALL,2025-12-15,90.493,91.3894,-0.98,73.705,2026-02-23,46,-18.55,100.6977,2026-01-23,26,11.28,36.62,18.0,26.0,,,,,,-7.04,-6.38,-5.86,-7.31,-7.31,-1.99,5.7,-3.42,-15.32,-14.15,-16.43
GD,"GENERAL DYNAMICS MISSION SYSTEMS, INC.",N0038324F0P20,2026-01-27,-17948.62,Department of Defense,Department of the Navy,DELIVERY ORDER,2026-01-27,363.3259,360.2736,0.85,311.1606,2026-04-27,62,-14.36,363.3259,2026-01-27,0,0.0,16.76,,,,,,,,-2.71,-4.24,-3.08,-3.97,-2.12,-6.57,-4.34,-3.48,-4.39,-12.66,-5.07
GD,GENERAL DYNAMICS LAND SYSTEMS INC.,W31P4Q24F0225,2025-09-29,0.0,Department of Defense,Department of the Army,DELIVERY ORDER,2025-09-29,326.4115,324.6132,0.55,326.2868,2025-10-16,13,-0.04,364.0791,2026-01-16,76,11.54,11.58,19.0,74.0,,,,,,2.66,2.67,4.31,4.3,1.11,0.13,4.83,5.68,1.54,3.97,9.32
GD,"GENERAL DYNAMICS INFORMATION TECHNOLOGY, INC.",HC102821F0086,2025-09-29,-32256.2,Department of Defense,Defense Information Systems Agency,BPA CALL,2025-09-29,326.4115,324.6132,0.55,326.2868,2025-10-16,13,-0.04,364.0791,2026-01-16,76,11.54,11.58,19.0,74.0,,,,,,2.66,2.67,4.31,4.3,1.11,0.13,4.83,5.68,1.54,3.97,9.32
NOC,NORTHROP GRUMMAN SYSTEMS CORPORATION,M6785426F0038,2026-02-17,0.0,Department of Defense,Department of the Navy,DELIVERY ORDER,2026-02-17,695.8192,697.2582,-0.21,499.33,2026-06-25,89,-28.24,764.6547,2026-03-02,9,9.89,53.14,2.0,,,,,,,3.38,3.2,4.13,1.72,8.62,6.93,3.71,-2.38,-15.63,-21.05,-28.14
ETN,"EATON AEROSPACE, LLC",SPRRA225C0016,2025-09-30,4500600.0,Department of Defense,Defense Logistics Agency,DEFINITIVE CONTRACT,2025-09-30,370.1234,363.1017,1.93,313.2,2025-12-17,55,-15.38,383.4745,2025-10-29,21,3.61,22.44,,,,,,,,-0.11,-0.21,-0.88,0.79,0.03,0.92,3.61,-1.42,-10.09,-13.28,1.03
LMT,LOCKHEED MARTIN CORPORATION,W31P4Q23C0006,2026-01-20,0.0,Department of Defense,Department of the Army,DEFINITIVE CONTRACT,2026-01-20,569.313,575.6083,-1.09,503.2157,2026-05-08,76,-11.61,672.2988,2026-03-02,28,18.09,33.6,7.0,8.0,21.0,,,,,1.77,2.56,3.28,8.06,9.06,10.8,15.7,15.96,8.93,6.01,-7.43
LMT,LOCKHEED MARTIN CORPORATION,W58RGZ22F0381,2026-03-31,0.0,Department of Defense,Department of the Army,DELIVERY ORDER,2026-03-31,600.4591,594.6769,0.97,491.64,2026-06-24,58,-18.12,633.7512,2026-04-06,3,5.54,28.91,3.0,,,,,,,2.19,5.54,3.99,1.54,1.11,-5.37,-14.3,-13.97,-13.56,-15.5,0.45
LDOS,"LEIDOS, INC.",68HERD25F0001,2025-12-22,600000.0,Environmental Protection Agency,Environmental Protection Agency,DELIVERY ORDER,2025-12-22,184.9267,183.5748,0.74,143.7323,2026-04-27,85,-22.28,197.153,2026-01-09,12,6.61,37.17,8.0,,,,,,,0.15,-0.1,-1.45,-1.38,5.68,5.33,2.79,0.02,-5.88,-10.62,-19.81
CACI,"CACI, INC. - FEDERAL",N6523622F3022,2025-12-23,665931.0,Department of Defense,Department of the Navy,DELIVERY ORDER,2025-12-23,544.55,550.0,-0.99,494.04,2026-05-05,90,-9.28,662.19,2026-01-23,20,21.6,34.04,10.0,12.0,15.0,19.0,,,,-0.03,-0.93,-2.16,4.42,7.26,12.26,18.04,13.58,14.77,8.21,-9.28
ACN,ACCENTURE FEDERAL SERVICES LLC,91003125C0013,2025-12-10,44722.0,Department of Education,Department of Education,DEFINITIVE CONTRACT,2025-12-10,266.7238,264.088,1.0,177.3969,2026-04-10,82,-33.49,282.7142,2026-01-14,23,6.0,59.37,23.0,,,,,,,-0.68,0.9,0.56,0.01,-0.82,-1.44,3.21,3.12,-19.22,-25.93,-29.57
LDOS,"LEIDOS, INC.",N6883625F7M5G,2026-01-13,17128.0,Department of Defense,Department of the Navy,DELIVERY ORDER,2026-01-13,194.7873,194.4294,0.18,122.6069,2026-05-21,89,-37.06,194.7873,2026-01-13,0,0.0,58.87,,,,,,,,-2.62,-0.64,-1.96,-2.41,-4.18,-3.15,-12.51,-10.26,-15.1,-21.79,-35.54
TXT,TEXTRON SYSTEMS CORP,N0002417C2480,2026-01-06,-1290.56,Department of Defense,Department of the Navy,DEFINITIVE CONTRACT,2026-01-06,90.0311,88.9616,1.2,85.9317,2026-03-30,57,-4.55,100.7265,2026-02-20,31,11.88,17.22,10.0,28.0,,,,,,-1.65,4.17,3.81,3.87,6.94,4.62,3.09,9.95,1.63,-2.22,-1.42
HII,HUNTINGTON INGALLS INCORPORATED,N0002425C4229,2025-10-02,12814.0,Department of Defense,Department of the Navy,DEFINITIVE CONTRACT,2025-10-02,278.9011,282.6465,-1.33,276.7269,2025-10-17,11,-0.78,426.4597,2026-02-03,84,52.91,54.11,16.0,20.0,48.0,56.0,65.0,73.0,,0.72,1.12,1.39,2.01,0.16,0.5,14.1,10.79,8.4,23.04,39.76
LMT,LOCKHEED MARTIN CORPORATION,FA823222F0124,2026-03-02,382520.0,Department of Defense,Department of the Air Force,DELIVERY ORDER,2026-03-02,672.2988,650.3724,3.37,491.64,2026-06-24,79,-26.87,672.2988,2026-03-02,0,0.0,36.75,,,,,,,,-1.31,-3.21,-1.85,-4.02,-4.65,-7.28,-10.69,-9.62,-24.79,-21.51,-22.17
GE,GENERAL ELECTRIC COMPANY,SPRTA125F0317,2025-11-03,0.0,Department of Defense,Defense Logistics Agency,DELIVERY ORDER,2025-11-03,307.4359,307.7646,-0.11,282.5118,2025-12-10,26,-8.11,344.8073,2026-03-02,80,12.16,22.05,42.0,74.0,,,,,,-1.43,-1.09,1.08,0.13,-2.75,-6.86,-6.52,-3.2,2.0,-0.48,-1.24
GD,GENERAL DYNAMICS LAND SYSTEMS INC.,W912CH24F0010,2026-03-25,0.0,Department of Defense,Department of the Army,DELIVERY ORDER,2026-03-25,349.3328,343.1191,1.81,311.1606,2026-04-27,22,-10.93,393.19,2026-07-28,85,12.55,26.36,68.0,83.0,,,,,,0.79,-3.32,-0.56,-0.31,-2.44,-3.42,-10.73,-0.89,-1.15,-2.14,10.43
LMT,LOCKHEED MARTIN CORPORATION,FA853325F0001,2025-08-20,0.0,Department of Defense,Department of the Air Force,DELIVERY ORDER,2025-08-20,434.2866,429.5154,1.11,434.0461,2025-12-01,71,-0.06,504.3876,2025-10-06,32,16.14,16.21,15.0,26.0,32.0,,,,,0.27,0.39,1.9,2.16,3.18,4.77,6.81,12.78,10.23,2.95,11.25
GD,"GENERAL DYNAMICS INFORMATION TECHNOLOGY, INC.",HT942525F0063,2026-02-19,-296109.0,Department of Defense,Defense Health Agency,DELIVERY ORDER,2026-02-19,351.1562,346.3498,1.39,311.1606,2026-04-27,46,-11.39,362.8304,2026-03-04,9,3.32,16.61,,,,,,,,-0.82,-0.89,-1.02,2.95,1.79,-0.14,-2.42,-1.48,-11.2,-5.16,0.44
NOC,NORTHROP GRUMMAN SYSTEMS CORPORATION,N0038325FBH0F,2025-09-23,0.0,Department of Defense,Department of the Navy,DELIVERY ORDER,2025-09-23,570.4051,569.4859,0.16,541.3857,2025-12-01,48,-5.09,690.0928,2026-01-29,88,20.98,27.47,5.0,11.0,80.0,88.0,,,,1.59,3.02,5.59,4.84,7.72,7.24,3.36,0.01,-1.33,-1.84,19.19
HII,HUNTINGTON INGALLS INCORPORATED,N0002425C4229,2025-12-02,1767660.0,Department of Defense,Department of the Navy,DEFINITIVE CONTRACT,2025-12-02,304.9261,304.3801,0.18,302.3254,2025-12-05,3,-0.85,451.7788,2026-03-02,60,48.16,49.43,6.0,14.0,14.0,25.0,28.0,,,0.66,-0.85,2.52,6.35,6.38,15.08,13.85,36.35,29.48,48.16,29.98
CACI,"CACI TECHNOLOGIES, LLC",W909MY24F0002,2026-03-04,1238209.72,Department of Defense,Department of the Army,DELIVERY ORDER,2026-03-04,624.55,629.75,-0.83,443.26,2026-06-25,78,-29.03,633.21,2026-03-09,3,1.39,42.85,,,,,,,,-1.93,1.39,-3.23,-2.85,-2.53,-7.66,-7.83,-15.12,-21.56,-17.78,-24.98
LMT,LOCKHEED MARTIN CORPORATION,FA823223F0281,2026-01-26,0.0,Department of Defense,Department of the Air Force,DELIVERY ORDER,2026-01-26,574.8474,583.9001,-1.55,503.2157,2026-05-08,72,-12.46,672.2988,2026-03-02,24,16.95,33.6,3.0,14.0,24.0,,,,,2.28,7.02,9.34,3.63,9.74,12.19,11.32,12.55,4.46,-4.01,-9.71
LDOS,"LEIDOS, INC.",75N92019F00063,2025-09-23,-3257.91,Department of Health and Human Services,National Institutes of Health,BPA CALL,2025-09-23,185.5687,186.3224,-0.4,179.3204,2025-12-31,69,-3.37,197.9062,2025-11-04,30,6.65,10.36,9.0,,,,,,,0.15,-1.18,0.99,3.09,5.29,-0.63,0.73,6.65,2.35,-2.85,0.73
BA,THE BOEING COMPANY,FA863422C2705,2026-03-06,47000000.0,Department of Defense,Department of the Air Force,DEFINITIVE CONTRACT,2026-03-06,231.11,222.06,4.08,189.21,2026-03-30,16,-18.13,240.6,2026-05-13,47,4.11,27.16,,,,,,,,-2.64,-7.36,-9.18,-8.78,-15.57,-15.9,-9.13,-2.61,3.07,-5.8,-7.26
GD,GENERAL DYNAMICS LAND SYSTEMS INC.,W56HZV19F0221,2025-09-25,0.0,Department of Defense,Department of the Army,DELIVERY ORDER,2025-09-25,318.8057,318.0097,0.25,318.8057,2025-09-25,0,0.0,364.0791,2026-01-16,78,14.2,14.2,3.0,69.0,,,,,,1.82,5.11,5.12,6.8,5.65,2.8,8.59,5.35,5.76,5.06,9.85
BA,THE BOEING COMPANY,W58RGZ21C0015,2026-01-11,750000.0,Department of Defense,Department of the Army,DEFINITIVE CONTRACT,2026-01-12,239.81,234.53,2.25,189.21,2026-03-30,53,-21.1,252.15,2026-01-23,8,5.15,33.26,8.0,,,,,,,1.98,3.31,3.83,4.84,1.98,-2.83,-1.48,-3.94,-14.1,-8.24,-8.42
HII,HUNTINGTON INGALLS INC,N0002415C2114,2026-01-21,2548400.0,Department of Defense,Department of the Navy,DEFINITIVE CONTRACT,2026-01-21,419.5512,412.5038,1.71,296.41,2026-06-01,90,-29.35,451.7788,2026-03-02,27,7.68,52.42,23.0,,,,,,,0.35,-2.16,0.64,-0.51,-2.26,-5.51,3.52,-0.05,-8.68,-6.3,-29.35
BAH,BOOZ ALLEN HAMILTON INC,HC102820F6102,2025-09-23,0.0,Department of Defense,Defense Information Systems Agency,DELIVERY ORDER,2025-09-23,96.2236,97.6523,-1.46,78.7024,2025-11-20,42,-18.21,101.8113,2025-10-07,10,5.81,29.36,8.0,,,,,,,0.97,0.76,1.65,4.86,5.81,-2.07,0.42,-13.09,-14.37,-11.4,-10.43
LMT,LOCKHEED MARTIN CORPORATION,N0038323CB003,2025-12-17,0.0,Department of Defense,Department of the Navy,DEFINITIVE CONTRACT,2025-12-17,469.2291,471.4725,-0.48,464.6335,2025-12-18,1,-0.98,672.2988,2026-03-02,49,43.28,44.69,11.0,15.0,16.0,18.0,28.0,,,-0.98,1.85,2.31,2.97,4.69,9.19,21.33,33.95,39.94,34.73,7.94
BA,THE BOEING COMPANY,FA863422F0044,2026-03-31,300000.0,Department of Defense,Department of the Air Force,DELIVERY ORDER,2026-03-31,199.03,189.21,5.19,199.03,2026-03-31,0,0.0,240.6,2026-05-13,30,20.89,20.89,3.0,6.0,15.0,30.0,,,,4.17,6.67,9.43,9.35,12.51,10.11,15.07,20.89,9.24,9.15,16.96
BA,THE BOEING COMPANY,FA813423F0001,2025-12-08,0.0,Department of Defense,Department of the Air Force,DELIVERY ORDER,2025-12-08,206.27,201.89,2.17,189.21,2026-03-30,76,-8.27,252.15,2026-01-23,31,22.24,33.26,10.0,17.0,23.0,26.0,,,,-2.86,-2.7,-0.37,0.03,5.12,5.32,10.23,21.88,16.04,12.04,9.12
GD,"GENERAL DYNAMICS INFORMATION TECHNOLOGY, INC.",692M1518F00501,2026-02-02,52000.0,Department of Transportation,Federal Aviation Administration,DELIVERY ORDER,2026-02-02,343.2579,347.9355,-1.34,311.1606,2026-04-27,58,-9.35,362.8304,2026-03-04,21,5.7,16.61,19.0,,,,,,,2.58,1.64,3.96,-0.01,-1.11,0.75,5.7,2.86,1.05,-1.75,4.09
LMT,LOCKHEED MARTIN CORPORATION,N0002425C6108,2025-12-10,9864341.0,Department of Defense,Department of the Navy,DEFINITIVE CONTRACT,2025-12-10,462.4593,461.4216,0.22,462.4593,2025-12-10,0,0.0,672.2988,2026-03-02,54,45.37,45.37,15.0,17.0,20.0,23.0,33.0,,,1.48,3.52,1.46,1.32,3.81,3.36,17.8,24.3,38.82,39.9,19.32
CAT,CATERPILLAR INC,W911RQ26FA020,2026-03-11,0.0,Department of Defense,Department of the Army,DELIVERY ORDER,2026-03-11,704.9377,713.9936,-1.27,664.9283,2026-03-30,13,-5.68,1062.9282,2026-06-30,76,50.78,59.86,19.0,20.0,30.0,35.0,39.0,76.0,,-0.98,-1.1,-1.97,-3.77,1.62,0.12,11.74,18.26,30.3,28.04,26.25
BAH,BOOZ ALLEN HAMILTON INC,FA807525F0035,2025-09-16,1800000.0,Department of Defense,Department of the Air Force,DELIVERY ORDER,2025-09-16,99.6486,99.4431,0.21,78.7024,2025-11-20,47,-21.02,101.8113,2025-10-07,15,2.17,29.36,,,,,,,,-0.25,0.3,-3.44,-4.22,-1.85,1.78,-5.38,-15.98,-19.97,-8.05,-7.15
BA,THE BOEING COMPANY,N0001923F0685,2026-03-19,230000.0,Department of Defense,Department of the Navy,DELIVERY ORDER,2026-03-19,201.18,205.99,-2.34,189.21,2026-03-30,7,-5.95,240.6,2026-05-13,38,19.59,27.16,11.0,16.0,24.0,,,,,-3.01,-2.37,-3.39,-5.95,3.5,9.38,11.88,13.02,8.87,13.8,6.38
BAH,BOOZ ALLEN HAMILTON INC,80HQTR25FA054,2025-09-26,1800391.0,National Aeronautics and Space Administration,National Aeronautics and Space Administration,BPA CALL,2025-09-26,96.9575,95.4407,1.59,78.7024,2025-11-20,39,-18.83,101.8113,2025-10-07,7,5.01,29.36,7.0,,,,,,,-0.19,3.55,4.99,5.01,-1.96,-1.82,-12.67,-11.74,-16.25,-12.13,-14.13
GD,"GENERAL DYNAMICS MISSION SYSTEMS, INC.",N0002424C6315,2026-03-11,15149196.73,Department of Defense,Department of the Navy,DEFINITIVE CONTRACT,2026-03-11,350.6707,352.395,-0.49,311.1606,2026-04-27,32,-11.27,376.88,2026-07-06,79,7.47,21.12,78.0,,,,,,,0.39,0.14,-0.14,-2.28,-0.38,-3.0,-4.84,-9.51,-3.29,-1.64,4.86
LMT,LOCKHEED MARTIN CORPORATION,FA820523F0501,2025-09-19,21870600.0,Department of Defense,Department of the Air Force,DELIVERY ORDER,2025-09-19,463.8789,464.5458,-0.14,434.0461,2025-12-01,50,-6.43,615.2189,2026-01-29,90,32.62,41.74,7.0,74.0,77.0,80.0,90.0,,,1.58,2.81,3.07,5.55,6.67,7.36,6.97,4.0,-2.57,3.21,32.62
LMT,LOCKHEED MARTIN CORPORATION,W31P4Q16C0036,2026-02-09,0.0,Department of Defense,Department of the Army,DEFINITIVE CONTRACT,2026-02-09,630.8141,616.2764,2.36,503.2157,2026-05-08,62,-20.23,672.2988,2026-03-02,14,6.58,33.6,14.0,,,,,,,-1.37,-0.13,1.77,4.42,4.1,6.58,2.29,-3.9,-3.76,-19.01,-19.0
BAH,BOOZ ALLEN HAMILTON INC,FA807517F1422,2026-02-26,76.56,Department of Defense,Department of the Air Force,DELIVERY ORDER,2026-02-26,79.1738,74.5486,6.2,59.71,2026-06-25,82,-24.58,83.4516,2026-04-07,27,5.4,39.76,27.0,,,,,,,-1.18,-0.71,0.04,2.08,-3.33,-1.39,-1.6,-2.01,-1.83,-1.37,-20.83
NOC,NORTHROP GRUMMAN SYSTEMS CORPORATION,NNM07AA75C,2026-01-15,1200000.0,National Aeronautics and Space Administration,National Aeronautics and Space Administration,DEFINITIVE CONTRACT,2026-01-15,649.6609,648.202,0.23,538.3207,2026-05-15,83,-17.14,764.6547,2026-03-02,30,17.7,42.04,8.0,22.0,30.0,,,,,1.88,1.46,2.8,3.69,5.75,6.4,7.1,17.7,4.21,4.23,-15.51
IBM,INTERNATIONAL BUSINESS MACHINES CORPORATION,15BNAS21FRCA00031,2025-09-08,0.0,Department of Justice,Federal Prison System / Bureau of Prisons,DELIVERY ORDER,2025-09-08,249.6012,242.2327,3.04,247.0183,2025-09-12,4,-1.03,308.6917,2025-11-12,47,23.67,24.97,10.0,14.0,34.0,34.0,,,,1.18,0.36,0.06,1.17,5.97,11.02,14.75,10.76,21.38,18.49,16.99
LDOS,"LEIDOS, INC.",FA701425F0112,2025-12-10,0.0,Department of Defense,Department of the Air Force,DELIVERY ORDER,2025-12-10,186.7588,183.4265,1.82,150.1795,2026-04-22,90,-19.59,197.153,2026-01-09,20,5.57,31.28,17.0,,,,,,,1.18,-1.03,-3.47,-1.7,-0.67,-3.98,4.11,0.86,-14.03,-8.18,-19.59
PLTR,PALANTIR TECHNOLOGIES INC.,HS002124F0071,2025-12-18,0.0,Department of Defense,Defense Counterintelligence and Security Agency,DELIVERY ORDER,2025-12-18,185.69,177.29,4.74,128.06,2026-04-10,76,-31.04,194.17,2025-12-24,4,4.57,51.62,,,,,,,,4.14,4.55,1.63,-2.61,-6.27,-4.42,-10.96,-14.98,-27.73,-17.73,-25.08
GD,"GENERAL DYNAMICS INFORMATION TECHNOLOGY, INC.",0002,2025-09-15,0.0,Department of Defense,Defense Contract Management Agency,DELIVERY ORDER,2025-09-15,321.3115,320.4958,0.25,317.0664,2025-09-22,5,-1.32,364.0791,2026-01-16,86,13.31,14.83,14.0,78.0,,,,,,-0.18,-0.74,-1.32,-1.03,1.59,5.09,3.06,8.67,4.99,2.68,12.04
BA,THE BOEING COMPANY,HTC71124FD064,2025-10-01,1575057.51,Department of Defense,USTRANSCOM,DELIVERY ORDER,2025-10-01,215.2,215.83,-0.29,179.12,2025-11-24,38,-16.77,252.15,2026-01-23,78,17.17,40.77,64.0,70.0,73.0,,,,,1.04,2.11,4.7,-2.08,-0.56,0.96,-7.03,-9.15,-6.19,0.58,12.73
LDOS,"LEIDOS, INC.",47QFPA22F0019,2026-02-10,-590.08,General Services Administration,Federal Acquisition Service,DELIVERY ORDER,2026-02-10,193.5547,193.4155,0.07,104.84,2026-06-22,90,-45.83,193.5547,2026-02-10,0,0.0,84.62,,,,,,,,-11.15,-9.46,-11.91,-10.9,-12.75,-7.23,-10.74,-18.2,-19.44,-32.42,-45.83
HII,HUNTINGTON INGALLS INC,N5523625F9922,2025-09-12,6720195.0,Department of Defense,Department of the Navy,DELIVERY ORDER,2025-09-12,271.4794,272.8234,-0.49,268.0601,2025-09-25,9,-1.26,422.7474,2026-01-16,87,55.72,57.71,16.0,34.0,34.0,65.0,78.0,84.0,,-0.62,-0.82,0.15,0.47,1.48,2.73,4.8,9.17,14.29,15.49,55.08
ACN,ACCENTURE FEDERAL SERVICES LLC,FA872624FB071,2025-12-19,22327960.74,Department of Defense,Department of the Air Force,DELIVERY ORDER,2025-12-19,266.7531,264.5094,0.85,174.8674,2026-04-27,86,-34.45,282.7143,2026-01-14,16,5.98,61.67,16.0,,,,,,,-0.58,-0.83,-0.33,-1.45,1.35,3.2,4.72,-11.24,-23.83,-25.23,-33.39
CACI,"CACI, INC. - FEDERAL",HS002123F0020,2026-02-23,0.0,Department of Defense,Defense Counterintelligence and Security Agency,DELIVERY ORDER,2026-02-23,570.99,586.03,-2.57,443.26,2026-06-25,85,-22.37,633.21,2026-03-09,10,10.9,42.85,4.0,6.0,,,,,,2.63,4.58,9.45,9.38,10.9,6.26,1.0,-0.33,-10.91,-13.6,-11.94
GD,"GENERAL DYNAMICS INFORMATION TECHNOLOGY, INC.",68HERC23F0070,2025-09-26,95000.0,Environmental Protection Agency,Environmental Protection Agency,DELIVERY ORDER,2025-09-26,324.6132,318.8057,1.82,324.6132,2025-09-26,0,0.0,364.0791,2026-01-16,77,12.16,12.16,20.0,74.0,,,,,,0.55,3.15,4.02,3.96,1.23,0.52,7.56,5.3,1.06,4.95,7.48
NOC,NORTHROP GRUMMAN SYSTEMS CORPORATION,N0001921F0889,2025-09-30,1216287.0,Department of Defense,Department of the Navy,DELIVERY ORDER,2025-09-30,602.2722,587.1196,2.58,541.3857,2025-12-01,43,-10.11,703.7488,2026-02-06,89,16.85,29.99,73.0,78.0,86.0,,,,,-0.64,0.04,2.02,4.22,2.89,-1.2,-3.99,-6.99,-8.82,-4.04,15.02
BAH,BOOZ ALLEN HAMILTON INC,FA807522F0047,2026-01-21,3697081.19,Department of Defense,Department of the Air Force,DELIVERY ORDER,2026-01-21,94.1376,92.0592,2.26,71.0549,2026-05-13,78,-24.52,100.6977,2026-01-23,2,6.97,41.72,2.0,,,,,,,0.2,-1.72,-4.68,-7.48,-11.02,-5.88,-18.59,-15.86,-15.31,-13.79,-11.38
LMT,LOCKHEED MARTIN CORPORATION,W912CH25F0151,2026-01-30,0.0,Department of Defense,Department of the Army,DELIVERY ORDER,2026-01-30,626.7917,615.2189,1.88,503.2157,2026-05-08,68,-19.72,672.2988,2026-03-02,20,7.26,33.6,13.0,,,,,,,0.28,-4.96,-1.68,-0.73,2.89,3.79,5.85,2.27,-0.51,-18.8,-16.24
PSN,PARSONS GOVERNMENT SERVICES INC.,47QFCA21F0042,2025-12-19,5523379.0,General Services Administration,Federal Acquisition Service,DELIVERY ORDER,2025-12-19,61.38,60.55,1.37,50.04,2026-03-20,61,-18.48,72.73,2026-01-23,22,18.49,45.34,9.0,12.0,17.0,,,,,1.29,2.38,2.17,0.68,7.35,12.63,17.89,11.62,8.03,-18.28,-17.12
BAH,BOOZ ALLEN HAMILTON INC,2032H524F00155,2026-03-26,455414.87,Department of the Treasury,Internal Revenue Service,BPA CALL,2026-03-26,79.7296,79.5212,0.26,59.71,2026-06-25,62,-25.11,83.4516,2026-04-07,7,4.67,39.76,,,,,,,,-2.29,-2.86,3.49,4.67,-2.69,2.94,-5.15,-4.1,4.63,-19.88,-9.81
BA,THE BOEING COMPANY,N6660421C0778,2026-01-21,4036052.0,Department of Defense,Department of the Navy,DEFINITIVE CONTRACT,2026-01-21,250.07,249.0,0.43,189.21,2026-03-30,47,-24.34,252.15,2026-01-23,2,0.83,33.26,,,,,,,,0.54,-0.66,-3.39,-6.54,-5.65,-2.99,-7.21,-11.2,-22.28,-10.67,-10.31
GD,"GENERAL DYNAMICS MISSION SYSTEMS, INC.",N0003921F6002,2025-09-23,0.0,Department of Defense,Department of the Air Force,DELIVERY ORDER,2025-09-23,317.597,317.0663,0.17,317.597,2025-09-23,0,0.0,364.0791,2026-01-16,80,14.64,14.64,5.0,71.0,,,,,,0.13,2.21,5.51,5.52,6.26,3.92,5.11,6.74,5.99,4.54,8.08
BAH,BOOZ ALLEN HAMILTON INC,N0016425F3009,2025-10-31,1008295.43,Department of Defense,Department of the Navy,DELIVERY ORDER,2025-10-31,85.2929,81.0459,5.24,73.705,2026-02-23,76,-13.59,100.6977,2026-01-23,56,18.06,36.62,25.0,47.0,56.0,,,,,-1.9,-0.63,0.33,-0.1,-4.25,-7.73,-5.72,6.1,4.24,2.47,-8.92
NOC,NORTHROP GRUMMAN SYSTEMS CORPORATION,M6785424F0009,2026-02-10,0.0,Department of Defense,Department of the Navy,DELIVERY ORDER,2026-02-10,679.8211,692.7427,-1.87,507.33,2026-06-22,90,-25.37,764.6547,2026-03-02,13,12.48,50.72,5.0,13.0,,,,,,-0.9,2.56,5.81,5.63,3.05,11.17,7.83,1.23,-1.47,-19.12,-25.37
GE,GENERAL ELECTRIC COMPANY,W58RGZ19C0003,2025-09-17,7107895.38,Department of Defense,Department of the Army,DEFINITIVE CONTRACT,2025-09-17,288.0372,291.4897,-1.18,282.5118,2025-12-10,59,-1.92,326.6564,2026-01-06,76,13.41,15.63,4.0,74.0,,,,,,2.62,3.98,3.73,1.89,4.06,4.36,3.7,8.69,4.04,-0.25,3.0
LMT,LOCKHEED MARTIN CORPORATION,W31P4Q20C0023,2025-10-01,0.0,Department of Defense,Department of the Army,DEFINITIVE CONTRACT,2025-10-01,489.4396,489.6455,-0.04,434.0461,2025-12-01,42,-11.32,630.8141,2026-02-09,89,28.88,45.33,66.0,70.0,72.0,80.0,,,,0.07,3.05,3.01,1.21,0.08,-1.9,-1.86,-8.41,-9.47,-2.47,27.12
PSN,PARSONS GOVERNMENT SERVICES INC.,W56KGU20F0011,2025-12-16,-1684268.57,Department of Defense,Department of the Army,DELIVERY ORDER,2025-12-16,61.69,61.61,0.13,50.04,2026-03-20,64,-18.88,72.73,2026-01-23,25,17.9,45.34,12.0,15.0,20.0,,,,,-2.42,-0.5,1.7,1.41,0.18,6.58,17.47,13.57,4.21,-14.73,-15.97
GD,GENERAL DYNAMICS LAND SYSTEMS INC.,W912CH26F0102,2026-02-27,21723.0,Department of Defense,Department of the Army,DELIVERY ORDER,2026-02-27,353.8419,347.5688,1.8,311.1606,2026-04-27,40,-12.06,376.88,2026-07-06,87,6.51,21.12,86.0,,,,,,,2.16,2.54,1.8,-0.41,-1.55,-2.08,-4.55,-4.12,-1.78,-3.03,5.87
BA,THE BOEING COMPANY,N0001916C0006,2026-02-04,-5729.02,Department of Defense,Department of the Navy,DEFINITIVE CONTRACT,2026-02-04,235.95,233.15,1.2,189.21,2026-03-30,37,-19.81,244.71,2026-02-09,3,3.71,29.33,,,,,,,,0.42,3.71,0.13,2.97,-0.95,-2.37,-2.05,-14.74,-7.76,-3.63,-2.97
PSN,PARSONS GOVERNMENT SERVICES INC.,89233123FNA000121,2025-09-26,0.0,Department of Energy,Department of Energy,BPA CALL,2025-09-26,81.46,79.7,2.21,60.2,2025-12-17,57,-26.1,89.29,2025-10-08,8,9.61,48.32,4.0,,,,,,,0.5,4.64,7.39,7.75,5.39,2.1,3.03,5.49,1.51,-23.68,-17.11
BA,THE BOEING COMPANY,W58RGZ16C0023,2025-08-19,0.0,Department of Defense,Defense Contract Management Agency,DEFINITIVE CONTRACT,2025-08-19,225.0,232.41,-3.19,179.12,2025-11-24,68,-20.39,237.38,2025-09-02,9,5.5,32.53,9.0,,,,,,,0.28,2.28,4.37,4.96,3.28,2.01,-4.15,-4.36,-3.74,-13.11,-3.8
BAH,BOOZ ALLEN HAMILTON INC,80JSC026FA012,2026-04-06,397531.0,National Aeronautics and Space Administration,National Aeronautics and Space Administration,BPA CALL,2026-04-06,83.0844,82.5087,0.7,59.71,2026-06-25,56,-28.13,83.4516,2026-04-07,1,0.44,39.76,,,,,,,,0.44,-4.99,-2.27,-1.68,-3.58,-5.94,-8.9,-10.51,-5.7,-27.77,-5.64
BAH,BOOZ ALLEN HAMILTON INC,75FCMC25FJ030,2026-04-07,9005619.18,Department of Health and Human Services,Centers for Medicare and Medicaid Services,DELIVERY ORDER,2026-04-07,83.4516,83.0844,0.44,59.71,2026-06-25,55,-28.45,83.4516,2026-04-07,0,0.0,39.76,,,,,,,,-2.95,-7.03,-3.16,-1.65,-3.66,-9.38,-9.28,-8.42,-7.38,-25.17,-7.18
BA,THE BOEING COMPANY,N0001924F0304,2026-03-06,-394725.54,Department of Defense,Department of the Navy,DELIVERY ORDER,2026-03-06,231.11,222.06,4.08,189.21,2026-03-30,16,-18.13,240.6,2026-05-13,47,4.11,27.16,,,,,,,,-2.64,-7.36,-9.18,-8.78,-15.57,-15.9,-9.13,-2.61,3.07,-5.8,-7.26
TXT,TEXTRON SYSTEMS CORPORATION,N6893625F0575,2025-09-22,0.0,Department of Defense,Department of the Navy,DELIVERY ORDER,2025-09-22,83.4347,83.5646,-0.16,79.3674,2025-10-30,28,-4.87,96.2784,2026-01-21,83,15.39,21.31,59.0,76.0,83.0,,,,,-0.57,-1.37,0.65,2.06,4.61,-2.35,-0.56,-4.2,-1.32,3.43,5.5
LMT,LOCKHEED MARTIN CORPORATION,FA820525F0708,2025-12-03,992571.0,Department of Defense,Department of the Air Force,DELIVERY ORDER,2025-12-03,441.5669,436.6453,1.13,441.5669,2025-12-03,0,0.0,672.2988,2026-03-02,59,52.25,52.25,6.0,20.0,22.0,25.0,30.0,59.0,,0.35,4.16,4.73,7.49,6.26,8.0,14.5,30.36,42.86,50.26,37.49
NOC,NORTHROP GRUMMAN SYSTEMS CORPORATION,FA231824FB010,2026-03-18,9426170.0,Department of Defense,Department of the Air Force,DELIVERY ORDER,2026-03-18,721.6639,720.8574,0.11,496.02,2026-06-29,70,-31.27,721.6639,2026-03-18,0,0.0,45.49,,,,,,,,-1.47,-6.19,-4.64,-6.32,-3.84,-5.16,-8.22,-20.05,-23.9,-23.74,-23.9
BA,THE BOEING COMPANY,HQ085424C0001,2025-12-02,11123000.0,Department of Defense,Missile Defense Agency,DEFINITIVE CONTRACT,2025-12-02,205.38,186.46,10.15,189.21,2026-03-30,80,-7.87,252.15,2026-01-23,35,22.77,33.26,14.0,21.0,27.0,30.0,,,,-1.38,-1.7,-2.44,-2.27,0.65,5.58,10.9,20.63,18.33,11.86,8.95
ACN,ACCENTURE FEDERAL SERVICES LLC,SP470924F0021,2026-01-13,3610090.06,Department of Defense,Defense Logistics Agency,DELIVERY ORDER,2026-01-13,271.2113,275.2873,-1.48,157.7433,2026-05-13,83,-41.84,282.7142,2026-01-14,1,4.24,79.22,,,,,,,,4.24,3.4,1.42,1.54,-2.3,-12.86,-19.78,-25.08,-26.46,-34.59,-34.7
BA,THE BOEING COMPANY,N0038322F0A30,2025-08-19,0.0,Department of Defense,Department of the Navy,DELIVERY ORDER,2025-08-19,225.0,232.41,-3.19,179.12,2025-11-24,68,-20.39,237.38,2025-09-02,9,5.5,32.53,9.0,,,,,,,0.28,2.28,4.37,4.96,3.28,2.01,-4.15,-4.36,-3.74,-13.11,-3.8
GE,GENERAL ELECTRIC COMPANY,SPRTA124F0207,2026-03-23,-191745.3,Department of Defense,Defense Logistics Agency,DELIVERY ORDER,2026-03-23,291.1771,286.433,1.66,272.9098,2026-03-30,5,-6.27,378.68,2026-07-06,71,30.05,38.76,11.0,46.0,57.0,59.0,71.0,,,-0.31,-2.16,-6.27,0.39,-1.01,6.98,-5.23,-1.67,8.8,22.46,23.66
NOC,NORTHROP GRUMMAN SYSTEMS CORPORATION,FA881823F0003,2025-08-25,0.0,Department of Defense,Department of the Air Force,DELIVERY ORDER,2025-08-25,577.6828,583.2949,-0.96,541.3857,2025-12-01,68,-6.28,630.571,2025-10-08,31,9.16,16.47,29.0,,,,,,,1.07,0.2,0.83,-0.8,-2.19,-1.69,0.31,6.36,1.81,-3.03,0.61
NOC,NORTHROP GRUMMAN SYSTEMS CORPORATION,HQ085624F0003,2025-09-25,0.0,Department of Defense,Missile Defense Agency,DELIVERY ORDER,2025-09-25,578.9946,579.4888,-0.09,541.3857,2025-12-01,46,-6.5,699.65,2026-02-03,89,20.84,29.23,7.0,76.0,82.0,89.0,,,,1.49,4.02,3.28,5.59,8.41,3.95,3.38,-2.36,-2.31,-2.56,18.23
LDOS,"LEIDOS, INC.",N6523625F3003,2025-09-26,1214000.0,Department of Defense,Department of the Navy,DELIVERY ORDER,2025-09-26,183.3769,180.8578,1.39,179.3204,2025-12-31,66,-2.21,197.9062,2025-11-04,27,7.92,10.36,5.0,,,,,,,0.38,3.64,5.78,6.54,1.69,-0.26,2.28,6.53,1.9,0.85,0.87
BA,THE BOEING COMPANY,NNM07AB03C,2025-10-22,0.0,National Aeronautics and Space Administration,National Aeronautics and Space Administration,DEFINITIVE CONTRACT,2025-10-22,216.59,217.26,-0.31,179.12,2025-11-24,23,-17.3,252.15,2026-01-23,63,16.42,40.77,49.0,55.0,61.0,,,,,0.54,2.96,-1.39,-7.19,-8.76,-9.87,-17.18,-6.8,-0.07,14.96,4.95
BA,THE BOEING COMPANY,FA860925FB001,2026-02-27,0.0,Department of Defense,Department of the Air Force,DELIVERY ORDER,2026-02-27,227.53,229.41,-0.82,189.21,2026-03-30,21,-16.84,240.6,2026-05-13,52,5.74,27.16,52.0,,,,,,,0.97,-0.1,1.57,-4.29,-7.75,-11.58,-16.84,-2.37,-2.74,-3.79,-1.94
LMT,LOCKHEED MARTIN CORPORATION,N0001919C0010,2025-10-21,500.0,Department of Defense,Department of the Navy,DEFINITIVE CONTRACT,2025-10-21,480.1216,496.2074,-3.24,434.0461,2025-12-01,28,-9.6,672.2988,2026-03-02,89,40.03,54.89,51.0,55.0,58.0,62.0,69.0,,,-0.48,-0.84,-0.76,0.04,-0.92,-7.64,-4.0,-8.03,-0.01,19.89,38.19
NOC,NORTHROP GRUMMAN SYSTEMS CORP,W519TC25F0430,2025-09-30,116150544.0,Department of Defense,Department of the Army,DELIVERY ORDER,2025-09-30,602.2722,587.1196,2.58,541.3857,2025-12-01,43,-10.11,703.7488,2026-02-06,89,16.85,29.99,73.0,78.0,86.0,,,,,-0.64,0.04,2.02,4.22,2.89,-1.2,-3.99,-6.99,-8.82,-4.04,15.02
GD,"GENERAL DYNAMICS INFORMATION TECHNOLOGY, INC.",91990018F0014,2026-01-22,0.0,Department of Education,Department of Education,DELIVERY ORDER,2026-01-22,362.543,361.5025,0.29,311.1606,2026-04-27,65,-14.17,363.3259,2026-01-27,3,0.22,16.76,,,,,,,,-0.7,0.22,-4.34,-5.32,-3.77,-5.33,-4.61,-0.64,-5.21,-8.79,-7.29
BA,THE BOEING COMPANY,FA813424F1003,2025-12-19,873417.77,Department of Defense,Department of the Air Force,DELIVERY ORDER,2025-12-19,214.08,208.27,2.79,189.21,2026-03-30,67,-11.62,252.15,2026-01-23,22,17.78,33.26,8.0,14.0,17.0,,,,,1.29,1.91,1.48,1.42,7.36,12.02,17.44,10.22,7.16,-6.03,6.21
BA,BELL BOEING JOINT PROJECT OFFICE,SPRPA126F0001,2025-11-06,10005110.08,Department of Defense,Defense Logistics Agency,DELIVERY ORDER,2025-11-06,196.5,197.62,-0.57,179.12,2025-11-24,12,-8.84,252.15,2026-01-23,52,28.32,40.77,27.0,31.0,38.0,44.0,,,,-0.96,-0.66,-0.98,-2.39,-8.71,-4.88,4.97,8.95,24.45,20.08,2.38
BAH,BOOZ ALLEN HAMILTON INC,70FA2023F00000045,2025-09-30,1949642.31,Department of Homeland Security,Federal Emergency Management Agency,DELIVERY ORDER,2025-09-30,97.8089,96.7716,1.07,78.7024,2025-11-20,37,-19.53,101.8113,2025-10-07,5,4.09,29.36,,,,,,,,2.65,4.07,4.09,-0.22,-2.15,1.0,-17.13,-12.89,-16.93,-14.25,-9.23
NOC,NORTHROP GRUMMAN SYSTEMS CORPORATION,N0001913C9999,2025-09-17,-57477.0,Department of Defense,Defense Contract Management Agency,DEFINITIVE CONTRACT,2025-09-17,570.4052,572.6588,-0.39,541.3857,2025-12-01,52,-5.09,673.6084,2026-01-27,90,18.09,24.42,9.0,15.0,84.0,,,,,-0.58,-0.16,1.59,3.02,4.91,7.72,3.79,1.37,-2.09,-2.56,18.09
LMT,LOCKHEED MARTIN CORP,FA850423F0016,2025-09-26,213863.42,Department of Defense,Department of the Air Force,DELIVERY ORDER,2025-09-26,478.1011,475.0605,0.64,434.0461,2025-12-01,45,-9.21,628.5509,2026-02-02,87,31.47,44.81,6.0,72.0,74.0,77.0,86.0,,,0.93,2.37,3.5,4.85,3.61,1.19,-0.11,-5.97,-9.21,-0.04,25.92
HII,HUNTINGTON INGALLS INCORPORATED,N0002421C4205,2025-09-17,-10347571.0,Department of Defense,Department of the Navy,DEFINITIVE CONTRACT,2025-09-17,269.2558,269.9772,-0.27,268.06,2025-09-25,6,-0.44,422.7474,2026-01-16,84,57.01,57.71,9.0,27.0,31.0,60.0,67.0,81.0,,0.82,1.36,1.85,2.32,4.97,4.74,3.74,9.53,13.68,20.44,55.86
LDOS,"LEIDOS, INC.",FA945119C0007,2025-08-21,187200.0,Department of Defense,Department of the Air Force,DEFINITIVE CONTRACT,2025-08-21,178.5643,178.2872,0.16,175.8627,2025-09-03,8,-1.51,197.9062,2025-11-04,52,10.83,12.53,28.0,33.0,,,,,,0.72,1.06,0.51,0.25,-0.8,2.6,4.34,8.63,5.51,6.31,2.07
LMT,LOCKHEED MARTIN CORPORATION,W31P4Q23F0006,2026-02-12,0.0,Department of Defense,Department of the Army,DELIVERY ORDER,2026-02-12,629.9642,621.3364,1.39,491.64,2026-06-24,90,-21.96,672.2988,2026-03-02,11,6.72,36.75,11.0,,,,,,,2.38,1.94,3.27,4.24,3.24,3.3,1.75,-2.88,-8.33,-19.21,-21.96
BAH,BOOZ ALLEN HAMILTON INC,N6133122F3011,2025-08-21,78600.0,Department of Defense,Department of the Navy,DELIVERY ORDER,2025-08-21,106.6357,106.8705,-0.22,78.7024,2025-11-20,64,-26.2,108.3971,2025-08-27,4,1.65,37.73,,,,,,,,0.88,1.19,-0.69,1.02,-5.98,-4.71,-8.42,-4.54,-16.12,-23.41,-21.35
GD,"GENERAL DYNAMICS INFORMATION TECHNOLOGY, INC.",89303020FCF000016,2026-01-21,475000.0,Department of Energy,Department of Energy,BPA CALL,2026-01-21,361.5024,355.9429,1.56,311.1606,2026-04-27,66,-13.93,363.3259,2026-01-27,4,0.5,16.76,,,,,,,,0.29,-0.34,-2.22,-3.75,-3.13,-1.63,-3.66,-1.12,-2.6,-7.38,-6.58
LMT,LOCKHEED MARTIN CORPORATION,N6449822F4048,2025-09-26,0.0,Department of Defense,Department of the Navy,DELIVERY ORDER,2025-09-26,478.1011,475.0605,0.64,434.0461,2025-12-01,45,-9.21,628.5509,2026-02-02,87,31.47,44.81,6.0,72.0,74.0,77.0,86.0,,,0.93,2.37,3.5,4.85,3.61,1.19,-0.11,-5.97,-9.21,-0.04,25.92
CACI,"CACI TECHNOLOGIES, LLC",W56KGU18F0002,2025-08-26,-4612.68,Department of Defense,Department of the Army,DELIVERY ORDER,2025-08-26,483.13,484.81,-0.35,460.1,2025-09-04,6,-4.77,617.97,2025-11-25,64,27.91,34.31,25.0,39.0,41.0,41.0,,,,0.82,-0.71,-2.83,-1.8,0.64,1.71,-1.43,9.02,16.36,24.78,17.7
NOC,NORTHROP GRUMMAN SYSTEMS CORPORATION,FA861721C6237,2025-09-17,0.0,Department of Defense,Department of the Air Force,DEFINITIVE CONTRACT,2025-09-17,570.4052,572.6588,-0.39,541.3857,2025-12-01,52,-5.09,673.6084,2026-01-27,90,18.09,24.42,9.0,15.0,84.0,,,,,-0.58,-0.16,1.59,3.02,4.91,7.72,3.79,1.37,-2.09,-2.56,18.09
NOC,NORTHROP GRUMMAN SYSTEMS CORPORATION,FA810225F0007,2026-04-02,-48752.43,Department of Defense,Department of the Air Force,DELIVERY ORDER,2026-04-02,699.4217,693.9458,0.79,496.02,2026-06-29,59,-29.08,699.4217,2026-04-02,0,0.0,41.01,,,,,,,,-0.96,-2.14,-4.1,-3.18,-5.3,-16.35,-19.29,-23.03,-22.68,-27.18,-17.46
CACI,"CACI, INC. - FEDERAL",47QFRA24F0005,2025-08-20,17074116.89,General Services Administration,Federal Acquisition Service,DELIVERY ORDER,2025-08-20,486.63,486.85,-0.05,460.1,2025-09-04,10,-5.45,617.97,2025-11-25,68,26.99,34.31,29.0,45.0,45.0,45.0,,,,-0.13,-0.37,0.09,-1.42,-5.45,-0.08,2.5,6.67,20.13,20.69,10.86
NOC,NORTHROP GRUMMAN SYSTEMS CORPORATION,FA869024CB001,2025-08-20,1927584.0,Department of Defense,Department of the Air Force,DEFINITIVE CONTRACT,2025-08-20,583.3934,577.1807,1.08,541.3857,2025-12-01,71,-7.2,630.571,2025-10-08,34,8.09,16.47,33.0,,,,,,,0.79,-0.98,-1.0,-0.42,-1.77,-1.75,-2.91,2.51,2.63,-5.46,-1.71
LDOS,"LEIDOS, INC.",89243318CFE000003,2026-02-03,80000.0,Department of Energy,Department of Energy,DEFINITIVE CONTRACT,2026-02-03,188.6542,186.9147,0.93,121.2617,2026-06-10,88,-35.72,193.5547,2026-02-10,5,2.6,59.62,,,,,,,,-0.71,1.69,2.6,-9.67,-9.62,-8.25,-7.45,-11.92,-17.8,-21.18,-35.47
ACN,ACCENTURE FEDERAL SERVICES LLC,89303024FIM000144,2025-11-20,0.0,Department of Energy,Department of Energy,BPA CALL,2025-11-20,235.9283,236.2125,-0.12,187.6335,2026-02-25,64,-20.47,282.7142,2026-01-14,36,19.83,50.67,6.0,8.0,32.0,,,,,4.59,3.51,3.82,8.4,10.71,12.28,12.41,14.59,12.31,-10.73,-16.39
BA,THE BOEING COMPANY,80MSFC20C0052,2026-01-15,-750001.0,National Aeronautics and Space Administration,National Aeronautics and Space Administration,DEFINITIVE CONTRACT,2026-01-15,247.74,242.61,2.11,189.21,2026-03-30,50,-23.63,252.15,2026-01-23,5,1.78,33.26,,,,,,,,-0.02,0.94,1.78,-1.28,-5.66,-4.36,-1.49,-7.27,-19.91,-9.68,-9.46
NOC,NORTHROP GRUMMAN SYSTEMS CORP,FA811025F0002,2025-11-06,0.0,Department of Defense,Department of the Air Force,DELIVERY ORDER,2025-11-06,565.3444,563.9012,0.26,541.3857,2025-12-01,16,-4.24,764.6547,2026-03-02,77,35.25,41.24,39.0,44.0,48.0,55.0,77.0,,,-0.59,-0.91,-2.44,-1.56,-0.81,-0.85,-2.82,-0.21,9.8,21.08,25.77
NOC,NORTHROP GRUMMAN SYSTEMS CORPORATION,HQ072725FE042,2026-01-15,720000.0,Department of Defense,Defense Microelectronics Activity,DELIVERY ORDER,2026-01-15,649.6609,648.202,0.23,538.3207,2026-05-15,83,-17.14,764.6547,2026-03-02,30,17.7,42.04,8.0,22.0,30.0,,,,,1.88,1.46,2.8,3.69,5.75,6.4,7.1,17.7,4.21,4.23,-15.51
LDOS,"LEIDOS, INC.",0014,2026-02-19,51337.09,Department of Defense,Department of the Army,DELIVERY ORDER,2026-02-19,175.2151,170.5035,2.76,100.0,2026-06-25,87,-42.93,179.5689,2026-03-03,8,2.48,79.57,,,,,,,,-1.57,-1.21,-0.23,1.78,-0.35,-1.65,-5.67,-9.68,-16.93,-29.66,-41.23
PLTR,PALANTIR TECHNOLOGIES INC.,75P00125F37006,2025-08-25,0.0,Department of Health and Human Services,Office of the Assistant Secretary for Administration,BPA CALL,2025-08-25,157.17,158.74,-0.99,153.11,2025-09-05,8,-2.58,207.18,2025-11-03,49,31.82,35.31,11.0,17.0,18.0,44.0,49.0,,,2.35,0.6,-0.05,-0.66,3.3,8.93,14.25,15.91,20.63,6.46,6.8
GD,"GENERAL DYNAMICS INFORMATION TECHNOLOGY, INC.",N0018924FZ445,2025-09-26,205128.0,Department of Defense,Department of the Navy,DELIVERY ORDER,2025-09-26,324.6132,318.8057,1.82,324.6132,2025-09-26,0,0.0,364.0791,2026-01-16,77,12.16,12.16,20.0,74.0,,,,,,0.55,3.15,4.02,3.96,1.23,0.52,7.56,5.3,1.06,4.95,7.48
LDOS,"LEIDOS, INC.",HC102821F0049,2026-03-17,0.0,Department of Defense,Defense Information Systems Agency,DELIVERY ORDER,2026-03-17,168.3852,166.8606,0.91,100.0,2026-06-25,69,-40.61,168.3852,2026-03-17,0,0.0,68.39,,,,,,,,-1.32,-1.84,-5.91,-6.75,-7.97,-5.98,-7.4,-13.65,-26.39,-27.75,-31.73
BA,THE BOEING COMPANY,FA852625F0002,2025-12-17,1250260.88,Department of Defense,Department of the Air Force,DELIVERY ORDER,2025-12-17,206.33,206.71,-0.18,189.21,2026-03-30,69,-8.3,252.15,2026-01-23,24,22.21,33.26,3.0,10.0,16.0,19.0,,,,0.94,5.09,5.73,5.29,10.39,10.2,20.68,12.94,13.11,2.18,8.62
BA,THE BOEING COMPANY,W58RGZ24F0141,2025-08-18,-70392.8,Department of Defense,Department of the Army,DELIVERY ORDER,2025-08-18,232.41,235.26,-1.21,179.12,2025-11-24,69,-22.93,237.38,2025-09-02,10,2.14,32.53,,,,,,,,-3.19,-3.42,-2.38,1.38,2.14,-0.63,-7.65,-7.13,-6.52,-16.01,-6.13
LDOS,"LEIDOS, INC.",HC102821F0002,2025-12-15,0.0,Department of Defense,Defense Information Systems Agency,DELIVERY ORDER,2025-12-15,184.8372,188.1671,-1.77,143.7323,2026-04-27,90,-22.24,197.153,2026-01-09,17,6.66,37.17,13.0,,,,,,,-2.04,-2.56,0.05,0.37,-1.4,6.21,3.98,0.67,-6.7,-6.5,-22.24
GD,"GENERAL DYNAMICS INFORMATION TECHNOLOGY, INC.",0008,2025-09-15,0.0,Department of Defense,Defense Contract Management Agency,DELIVERY ORDER,2025-09-15,321.3115,320.4958,0.25,317.0664,2025-09-22,5,-1.32,364.0791,2026-01-16,86,13.31,14.83,14.0,78.0,,,,,,-0.18,-0.74,-1.32,-1.03,1.59,5.09,3.06,8.67,4.99,2.68,12.04
NOC,NORTHROP GRUMMAN SYSTEMS CORPORATION,W58RGZ17C0014,2025-09-22,0.0,Department of Defense,Department of the Army,DEFINITIVE CONTRACT,2025-09-22,569.486,566.402,0.54,541.3857,2025-12-01,49,-4.93,690.0928,2026-01-29,89,21.18,27.47,6.0,12.0,81.0,88.0,,,,0.16,1.67,3.1,5.08,7.35,8.22,4.03,-0.13,-1.84,-0.89,20.64
CACI,"CACI, INC. - FEDERAL",N0018921F3015,2025-09-24,0.0,Department of Defense,Department of the Navy,DELIVERY ORDER,2025-09-24,497.23,492.95,0.87,476.24,2025-09-25,1,-4.22,662.19,2026-01-23,83,33.18,39.05,7.0,21.0,21.0,39.0,82.0,,,-4.22,-1.84,3.61,6.64,5.93,3.44,17.57,18.37,23.76,10.4,24.46
BA,THE BOEING COMPANY,FA860922F0001,2025-12-19,108756.0,Department of Defense,Department of the Air Force,DELIVERY ORDER,2025-12-19,214.08,208.27,2.79,189.21,2026-03-30,67,-11.62,252.15,2026-01-23,22,17.78,33.26,8.0,14.0,17.0,,,,,1.29,1.91,1.48,1.42,7.36,12.02,17.44,10.22,7.16,-6.03,6.21
ACN,ACCENTURE FEDERAL SERVICES LLC,693JJ324F00457N,2026-02-06,-410011.32,Department of Transportation,Federal Highway Administration,BPA CALL,2026-02-06,235.7618,228.8639,3.01,154.1564,2026-06-17,90,-34.61,235.9969,2026-02-10,2,0.1,53.09,,,,,,,,-1.6,-4.23,-6.81,-7.07,-16.39,-13.26,-16.2,-16.87,-20.21,-24.97,-34.61
CACI,"CACI, INC. - FEDERAL",N6426724F3008,2025-12-12,1001429.0,Department of Defense,Department of the Navy,DELIVERY ORDER,2025-12-12,572.45,586.51,-2.4,512.25,2026-04-22,88,-10.52,662.19,2026-01-23,27,15.68,29.27,19.0,23.0,27.0,,,,,-0.88,-2.04,-2.77,-4.87,-5.76,-0.67,6.79,11.49,3.28,7.02,-9.77
NOC,NORTHROP GRUMMAN SYSTEMS CORPORATION,N4215822PS253,2026-01-14,310036.0,Department of Defense,Department of the Navy,PURCHASE ORDER,2026-01-14,648.202,620.7709,4.42,538.3207,2026-05-15,84,-16.95,764.6547,2026-03-02,31,17.97,42.04,9.0,23.0,31.0,,,,,0.23,0.64,2.65,1.2,6.46,5.61,7.57,11.26,8.59,4.65,-14.48
BA,THE BOEING COMPANY,FA813826FB003,2026-03-11,300000.0,Department of Defense,Department of the Air Force,DELIVERY ORDER,2026-03-11,214.1,217.76,-1.68,189.21,2026-03-30,13,-11.63,240.6,2026-05-13,44,12.38,27.16,27.0,41.0,,,,,,-4.36,-0.29,-3.79,-8.87,-6.77,-7.04,1.65,9.36,7.06,0.63,-4.34
BAH,BOOZ ALLEN HAMILTON INC,HC102825F0166,2026-03-16,1564167.9,Department of Defense,Defense Information Systems Agency,BPA CALL,2026-03-16,75.1938,77.685,-3.21,59.71,2026-06-25,70,-20.59,83.4516,2026-04-07,15,10.98,39.76,3.0,14.0,,,,,,1.8,6.69,5.46,5.76,4.21,10.49,8.63,0.63,1.64,2.79,-3.54
IBM,INTERNATIONAL BUSINESS MACHINES CORPORATION,47QFLA25F0017,2026-02-19,15112.5,General Services Administration,Federal Acquisition Service,DELIVERY ORDER,2026-02-19,252.5956,257.0407,-1.73,213.1113,2026-05-13,58,-15.63,326.8851,2026-06-02,71,29.41,53.39,69.0,69.0,69.0,70.0,,,,0.34,-10.52,-5.57,-6.6,0.11,-2.89,-5.66,-3.17,-9.48,-13.8,10.54
HON,HONEYWELL INTERNATIONAL INC.,SPRRA123F0253,2026-02-24,0.0,Department of Defense,Defense Logistics Agency,DELIVERY ORDER,2026-02-24,252.8386,252.2677,0.23,215.9203,2026-06-10,74,-14.6,258.7145,2026-03-02,4,2.32,19.82,,,,,,,,-0.58,0.49,0.6,-1.66,-0.74,-3.26,-6.85,-4.1,-13.24,-9.83,-8.57
LDOS,"LEIDOS, INC.",HDTRA119C0032,2025-09-29,145455.4,Department of Defense,Defense Threat Reduction Agency,DEFINITIVE CONTRACT,2025-09-29,184.0811,183.3769,0.38,179.3204,2025-12-31,65,-2.59,197.9062,2025-11-04,26,7.51,10.36,4.0,,,,,,,1.8,3.92,6.7,6.8,0.18,-0.59,1.19,6.07,0.79,0.61,4.21
LMT,LOCKHEED MARTIN CORPORATION,HQ085125FE020,2025-09-24,785000.0,Department of Defense,Missile Defense Agency,DELIVERY ORDER,2025-09-24,476.9339,477.3458,-0.09,434.0461,2025-12-01,47,-8.99,628.5509,2026-02-02,89,31.79,44.81,8.0,74.0,76.0,79.0,88.0,,,-0.39,1.18,2.62,3.75,5.71,3.89,0.37,-2.7,-6.6,-2.58,30.19
BAH,BOOZ ALLEN HAMILTON INC,FA807517F1422,2026-02-17,-65011.81,Department of Defense,Department of the Air Force,DELIVERY ORDER,2026-02-17,75.8488,78.7272,-3.66,59.71,2026-06-25,89,-21.28,83.4516,2026-04-07,34,10.02,39.76,13.0,34.0,,,,,,2.45,1.03,-0.94,4.38,3.64,6.56,2.93,2.11,1.24,-6.32,-17.97
LMT,LOCKHEED MARTIN CORPORATION,N0001923F0003,2025-09-02,135000.0,Department of Defense,Department of the Navy,DELIVERY ORDER,2025-09-02,443.8305,443.6638,0.04,434.0461,2025-12-01,63,-2.2,536.5611,2026-01-09,90,20.89,23.62,14.0,20.0,87.0,90.0,,,,-0.76,2.52,1.01,4.03,4.82,6.16,10.28,11.64,7.18,-0.02,20.89
NOC,NORTHROP GRUMMAN ITALIA S.P.A,W56JSR23F0105,2025-09-10,1829165.78,Department of Defense,Department of the Army,DELIVERY ORDER,2025-09-10,573.1628,565.0181,1.44,541.3857,2025-12-01,57,-5.54,661.858,2026-01-16,89,15.47,22.25,14.0,20.0,89.0,,,,,0.53,-0.92,-0.48,-1.18,1.1,5.08,9.51,2.86,-3.67,-4.25,13.81
BA,THE BOEING COMPANY,FA855724F0006,2026-01-14,0.0,Department of Defense,Department of the Air Force,DELIVERY ORDER,2026-01-14,242.61,244.55,-0.79,189.21,2026-03-30,51,-22.01,252.15,2026-01-23,6,3.93,33.26,,,,,,,,2.11,2.63,3.63,2.4,-3.53,-2.75,0.14,-6.22,-19.57,-8.44,-9.77
GD,"GENERAL DYNAMICS INFORMATION TECHNOLOGY, INC.",70B06C24F00000452,2025-08-27,-120000.0,Department of Homeland Security,U.S. Customs and Border Protection,DELIVERY ORDER,2025-08-27,319.8178,316.5947,1.02,315.7594,2025-09-09,8,-1.27,356.0147,2026-01-06,90,11.32,12.75,26.0,90.0,,,,,,-0.17,-0.33,-0.93,-0.84,1.28,-0.06,1.5,5.32,6.36,4.75,11.32
LMT,LOCKHEED MARTIN CORPORATION,HSCG2317CAC4138,2025-08-19,-629602.1,Department of Homeland Security,U.S. Coast Guard,DEFINITIVE CONTRACT,2025-08-19,429.5154,429.0674,0.1,429.5154,2025-08-19,0,0.0,504.3876,2025-10-06,33,17.43,17.43,12.0,24.0,32.0,,,,,1.11,1.16,3.26,3.42,2.55,4.37,8.16,13.95,11.24,4.37,11.14
GD,"GENERAL DYNAMICS INFORMATION TECHNOLOGY, INC.",FA564125F0007,2026-02-24,2806088.0,Department of Defense,Department of the Air Force,DELIVERY ORDER,2026-02-24,348.0246,345.8445,0.63,311.1606,2026-04-27,43,-10.59,376.88,2026-07-06,90,8.29,21.12,89.0,,,,,,,-2.29,1.67,3.85,2.71,1.26,0.91,0.38,-0.33,-3.1,-2.81,8.29
LMT,LOCKHEED MARTIN CORPORATION,W31P4Q20C0023,2025-08-22,0.0,Department of Defense,Department of the Army,DEFINITIVE CONTRACT,2025-08-22,434.4814,435.4551,-0.22,434.0461,2025-12-01,69,-0.1,504.3876,2025-10-06,30,16.09,16.21,13.0,24.0,30.0,,,,,0.34,1.85,2.11,1.38,3.64,6.4,9.87,16.09,9.92,6.28,10.02
BAH,BOOZ ALLEN HAMILTON INC,N0017824F3009,2025-09-12,161500.0,Department of Defense,Department of the Navy,DELIVERY ORDER,2025-09-12,102.3789,101.6156,0.75,78.7024,2025-11-20,49,-23.13,102.3789,2025-09-12,0,0.0,30.08,,,,,,,,-2.87,-2.91,-2.37,-6.01,-5.3,-1.44,-7.96,-12.64,-20.23,-12.12,-7.87
BA,THE BOEING COMPANY,N0001925F0165,2026-01-27,0.0,Department of Defense,Department of the Navy,DELIVERY ORDER,2026-01-27,244.56,248.43,-1.56,189.21,2026-03-30,43,-22.63,244.71,2026-02-09,9,0.06,29.33,,,,,,,,-1.21,-4.43,-4.67,-3.11,-0.81,-0.21,-6.19,-12.46,-15.23,-4.26,-11.9
HII,HUNTINGTON INGALLS INCORPORATED,N0002421C4205,2025-09-16,777869.0,Department of Defense,Department of the Navy,DEFINITIVE CONTRACT,2025-09-16,269.9772,269.8092,0.06,268.0601,2025-09-25,7,-0.71,422.7474,2026-01-16,85,56.59,57.71,10.0,29.0,32.0,61.0,69.0,82.0,,-0.27,0.71,1.03,-0.71,5.39,5.6,4.31,9.5,13.17,18.81,52.05
HII,HUNTINGTON INGALLS INCORPORATED,N0002425C2400,2025-09-26,1509405.0,Department of Defense,Department of the Navy,DEFINITIVE CONTRACT,2025-09-26,275.4916,268.06,2.77,275.4916,2025-09-26,0,0.0,426.4597,2026-02-03,88,54.8,54.8,20.0,24.0,25.0,59.0,68.0,76.0,,0.27,2.6,1.96,2.37,1.51,1.4,8.22,11.04,10.49,27.37,33.09
LMT,"LOCKHEED MARTIN LOGISTIC SERVICES, INC.",N0042126F0011,2026-01-08,795434.77,Department of Defense,Department of the Navy,DELIVERY ORDER,2026-01-08,512.3679,491.0505,4.34,503.2157,2026-05-08,83,-1.79,672.2988,2026-03-02,35,31.21,33.6,2.0,4.0,13.0,14.0,35.0,,,4.72,7.69,11.47,11.11,13.96,20.07,23.12,27.42,25.11,21.71,2.12
ACN,ACCENTURE FEDERAL SERVICES LLC,89303024FIM000147,2025-12-10,1452958.19,Department of Energy,Department of Energy,BPA CALL,2025-12-10,266.7238,264.0881,1.0,177.3969,2026-04-10,82,-33.49,282.7143,2026-01-14,23,6.0,59.37,23.0,,,,,,,-0.68,0.9,0.56,0.01,-0.82,-1.44,3.21,3.12,-19.22,-25.93,-29.57
CACI,"CACI, LLC - COMMERCIAL",15JPSS20F00000853,2026-02-27,183000.0,Department of Justice,"Offices, Boards and Divisions",DELIVERY ORDER,2026-02-27,610.17,597.16,2.18,443.26,2026-06-25,81,-27.35,633.21,2026-03-09,6,3.78,42.85,,,,,,,,2.42,2.36,0.96,-3.03,-0.57,0.45,-8.47,-11.53,-15.83,-17.87,-20.79
LDOS,"LEIDOS, INC.",W912CG21C0025,2025-08-26,50000.0,Department of Defense,Department of the Army,DEFINITIVE CONTRACT,2025-08-26,180.4545,179.7222,0.41,175.8627,2025-09-03,5,-2.54,197.9062,2025-11-04,49,9.67,12.53,25.0,,,,,,,0.57,-0.78,-2.54,-1.84,-1.09,0.34,0.22,8.95,3.41,3.97,7.68
LMT,LOCKHEED MARTIN CORPORATION,FA861125F0034,2025-10-31,0.0,Department of Defense,Department of the Air Force,DELIVERY ORDER,2025-10-31,482.456,480.3374,0.44,434.0461,2025-12-01,20,-10.03,672.2988,2026-03-02,81,39.35,54.89,44.0,47.0,50.0,54.0,62.0,,,-0.8,-3.81,-6.82,-7.08,-5.31,-4.8,-9.5,-0.77,1.78,27.52,33.03
LMT,LOCKHEED MARTIN CORPORATION,W31P4Q24C0007,2026-03-20,263036.08,Department of Defense,Department of the Army,DEFINITIVE CONTRACT,2026-03-20,623.3492,633.3637,-1.58,491.64,2026-06-24,65,-21.13,633.7512,2026-04-06,10,1.67,28.91,,,,,,,,-1.78,-0.51,-1.85,-3.67,1.67,-2.19,-8.84,-17.42,-15.07,-14.02,-7.9
BAH,BOOZ ALLEN HAMILTON INC,N0017821F3011,2025-12-31,92500.0,Department of Defense,Department of the Navy,DELIVERY ORDER,2025-12-31,83.0956,83.8737,-0.93,73.705,2026-02-23,35,-11.3,100.6977,2026-01-23,15,21.18,36.62,2.0,5.0,10.0,15.0,,,,0.63,6.73,11.69,14.71,15.11,13.51,3.72,-5.26,-2.74,-5.7,-9.9
NOC,NORTHROP GRUMMAN SYSTEMS CORPORATION,W15QKN24C0041,2025-12-04,0.0,Department of Defense,Department of the Army,DEFINITIVE CONTRACT,2025-12-04,548.819,549.1367,-0.06,544.8195,2025-12-05,1,-0.73,764.6547,2026-03-02,58,39.33,40.35,12.0,20.0,27.0,29.0,50.0,,,-0.73,-0.43,1.27,4.12,1.18,5.31,10.42,18.86,23.87,36.75,22.05
BA,THE BOEING COMPANY,FA813425F4402,2025-08-28,117214.94,Department of Defense,Department of the Air Force,DELIVERY ORDER,2025-08-28,236.16,235.62,0.23,179.12,2025-11-24,61,-24.15,237.38,2025-09-02,2,0.52,32.53,,,,,,,,-0.63,-1.6,-2.77,-2.81,-8.56,-8.68,-8.08,-10.77,-14.88,-23.91,-3.4
TXT,BELL TEXTRON INC,N6893622F0678,2025-10-01,-88012.78,Department of Defense,Department of the Navy,DELIVERY ORDER,2025-10-01,85.1536,84.4341,0.85,79.3674,2025-10-30,21,-6.79,96.2784,2026-01-21,76,13.06,21.31,56.0,69.0,,,,,,1.34,2.5,1.19,-4.32,-3.17,-2.57,-6.79,-3.2,-2.43,5.9,12.54
PSN,PARSONS GOVERNMENT SERVICES INC.,89233122FNA000107,2025-12-22,3050000.0,Department of Energy,Department of Energy,BPA CALL,2025-12-22,62.17,61.38,1.29,50.02,2026-05-04,90,-19.54,72.73,2026-01-23,21,16.99,45.4,8.0,12.0,16.0,,,,,0.92,0.63,0.13,0.06,5.76,11.28,16.99,8.61,6.16,-19.51,-19.54
BA,THE BOEING COMPANY,FA852620F0020,2025-09-10,-1228.25,Department of Defense,Defense Contract Management Agency,DELIVERY ORDER,2025-09-10,227.52,229.52,-0.87,179.12,2025-11-24,53,-21.27,249.0,2026-01-20,90,9.44,39.01,85.0,,,,,,,-3.31,-5.17,-5.67,-5.22,-5.46,-5.14,-5.06,-4.8,-14.07,-11.27,9.44
LMT,LOCKHEED MARTIN CORP,H9240824F0002,2025-12-04,0.0,Department of Defense,U.S. Special Operations Command,DELIVERY ORDER,2025-12-04,443.0988,441.5669,0.35,443.0988,2025-12-04,0,0.0,672.2988,2026-03-02,58,51.73,51.73,5.0,19.0,21.0,24.0,31.0,58.0,,0.86,4.14,5.92,8.05,4.86,8.34,16.44,28.48,40.42,48.99,36.21
KTOS,"KRATOS SRE, INC.",N0017823C2405,2026-04-07,113270.83,Department of Defense,Department of the Navy,DEFINITIVE CONTRACT,2026-04-07,71.96,74.09,-2.87,43.88,2026-07-29,78,-39.02,74.66,2026-04-15,6,3.75,70.15,,,,,,,,3.47,-2.25,2.36,3.4,-4.74,-12.23,-14.51,-25.69,-23.82,-23.08,-10.26
GD,GENERAL DYNAMICS ONE SOURCE LLC,FA824025F5001,2026-01-29,0.0,Department of Defense,Department of the Air Force,DELIVERY ORDER,2026-01-29,346.8057,353.4752,-1.89,311.1606,2026-04-27,60,-10.28,362.8304,2026-03-04,23,4.62,16.61,,,,,,,,0.33,1.53,0.6,2.9,-2.63,1.25,4.24,0.45,0.41,-10.28,-0.76
BA,THE BOEING COMPANY,N0038323FYY2J,2025-10-21,0.0,Department of Defense,Department of the Navy,DELIVERY ORDER,2025-10-21,217.26,216.82,0.2,179.12,2025-11-24,24,-17.56,252.15,2026-01-23,64,16.06,40.77,51.0,56.0,62.0,,,,,-0.31,1.88,2.79,-7.91,-8.84,-10.33,-14.53,-6.78,0.41,14.0,3.16
LDOS,"LEIDOS, INC.",W909MY20F0007,2026-01-30,0.0,Department of Defense,Department of the Army,DELIVERY ORDER,2026-01-30,187.1532,186.0698,0.58,121.2617,2026-06-10,90,-35.21,193.5547,2026-02-10,7,3.42,59.62,,,,,,,,-0.13,0.08,2.5,3.42,-6.36,-7.85,-4.05,-10.84,-15.41,-22.18,-35.21
GD,"GENERAL DYNAMICS INFORMATION TECHNOLOGY, INC.",47QFCA24F0007,2026-03-17,1951220.0,General Services Administration,Federal Acquisition Service,DELIVERY ORDER,2026-03-17,353.0887,351.1761,0.54,311.1606,2026-04-27,28,-11.87,389.14,2026-07-27,90,10.21,25.06,74.0,90.0,,,,,,-0.82,-2.95,-2.82,-0.28,-3.67,-2.21,-5.56,-4.49,-4.2,1.19,10.21
LMT,LOCKHEED MARTIN CORPORATION,N0001925F0291,2026-03-09,0.0,Department of Defense,Department of the Navy,DELIVERY ORDER,2026-03-09,659.8304,667.4009,-1.13,491.64,2026-06-24,74,-25.49,659.8304,2026-03-09,0,0.0,34.21,,,,,,,,-1.95,-1.7,-2.85,-3.29,-7.21,-7.27,-5.37,-13.88,-21.55,-22.4,-22.89
HII,HUNTINGTON INGALLS INC,N0002425C2122,2025-09-30,139734.0,Department of Defense,Department of the Navy,DEFINITIVE CONTRACT,2025-09-30,284.5241,276.2427,3.0,276.7269,2025-10-17,13,-2.74,426.4598,2026-02-03,86,49.89,54.11,22.0,22.0,57.0,58.0,69.0,,,-0.66,-1.27,-0.88,-0.61,1.4,-0.74,3.65,12.6,7.88,24.0,41.58
LMT,LOCKHEED MARTIN CORPORATION,FA868222CB001,2025-09-25,0.0,Department of Defense,Department of the Air Force,DEFINITIVE CONTRACT,2025-09-25,475.0605,476.9339,-0.39,434.0461,2025-12-01,46,-8.63,628.551,2026-02-02,88,32.31,44.81,7.0,73.0,75.0,77.0,87.0,,,0.64,3.07,3.1,6.17,4.84,3.11,0.22,-3.18,-5.47,-1.36,25.39
NOC,NORTHROP GRUMMAN SYSTEMS CORPORATION,HQ085223C0002,2026-01-15,13435000.0,Department of Defense,Missile Defense Agency,DEFINITIVE CONTRACT,2026-01-15,649.6609,648.202,0.23,538.3207,2026-05-15,83,-17.14,764.6547,2026-03-02,30,17.7,42.04,8.0,22.0,30.0,,,,,1.88,1.46,2.8,3.69,5.75,6.4,7.1,17.7,4.21,4.23,-15.51
NOC,NORTHROP GRUMMAN SYSTEMS CORPORATION,FA857823F0001,2025-08-21,0.0,Department of Defense,Department of the Air Force,DELIVERY ORDER,2025-08-21,587.9913,583.3933,0.79,541.3857,2025-12-01,70,-7.93,630.571,2025-10-08,33,7.24,16.47,33.0,,,,,,,-0.8,-0.7,-1.56,-0.93,-2.37,-2.0,-3.15,2.47,1.8,-6.2,-3.02
LMT,LOCKHEED MARTIN CORPORATION,W31P4Q23C0032,2025-09-26,106548.35,Department of Defense,Department of the Army,DEFINITIVE CONTRACT,2025-09-26,478.1011,475.0605,0.64,434.0461,2025-12-01,45,-9.21,628.5509,2026-02-02,87,31.47,44.81,6.0,72.0,74.0,77.0,86.0,,,0.93,2.37,3.5,4.85,3.61,1.19,-0.11,-5.97,-9.21,-0.04,25.92
BAH,BOOZ ALLEN HAMILTON INC,FA807522F0060,2026-03-16,1453088.5,Department of Defense,Department of the Air Force,DELIVERY ORDER,2026-03-16,75.1938,77.685,-3.21,59.71,2026-06-25,70,-20.59,83.4516,2026-04-07,15,10.98,39.76,3.0,14.0,,,,,,1.8,6.69,5.46,5.76,4.21,10.49,8.63,0.63,1.64,2.79,-3.54
LMT,LOCKHEED MARTIN CORP,NNG09EK34C,2026-03-24,0.0,National Aeronautics and Space Administration,National Aeronautics and Space Administration,DEFINITIVE CONTRACT,2026-03-24,606.2015,612.2419,-0.99,491.64,2026-06-24,63,-18.9,633.7512,2026-04-06,8,4.54,28.91,,,,,,,,2.3,0.93,-0.95,2.07,3.0,0.23,-13.17,-15.72,-11.96,-15.71,-3.28
LDOS,LEIDOS BIOMEDICAL RESEARCH INC,75N91024F00029,2025-09-16,-241847.0,Department of Health and Human Services,National Institutes of Health,DELIVERY ORDER,2025-09-16,181.076,181.2248,-0.08,179.3204,2025-12-31,74,-0.97,197.9062,2025-11-04,35,9.29,10.36,12.0,,,,,,,0.67,2.67,2.48,-0.12,3.49,8.47,2.19,2.86,3.58,3.14,4.03
LDOS,"LEIDOS, INC.",W15P7T26F0009,2025-12-01,2395698.72,Department of Defense,Department of the Army,DELIVERY ORDER,2025-12-01,186.8679,189.5258,-1.4,152.3419,2026-04-10,89,-18.48,197.153,2026-01-09,27,5.5,29.41,24.0,,,,,,,-0.72,2.12,-1.49,-0.06,-1.09,-1.76,-4.04,1.5,-1.02,-6.86,-15.96
LMT,LOCKHEED MARTIN CORPORATION,W31P4Q24F0165,2025-09-12,81948271.11,Department of Defense,Department of the Army,DELIVERY ORDER,2025-09-12,462.2801,461.7112,0.12,434.0461,2025-12-01,55,-6.11,586.9539,2026-01-22,90,26.97,35.23,12.0,79.0,82.0,85.0,,,,0.41,0.38,0.35,3.26,3.42,5.95,6.9,2.99,-1.18,-0.51,26.97
GD,"GENERAL DYNAMICS INFORMATION TECHNOLOGY, INC.",N0018921F3028,2025-09-24,12680000.0,Department of Defense,Department of the Navy,DELIVERY ORDER,2025-09-24,318.0097,317.597,0.13,318.0097,2025-09-24,0,0.0,364.0791,2026-01-16,79,14.49,14.49,4.0,70.0,,,,,,0.25,2.64,5.29,6.18,7.05,4.13,5.99,6.43,5.54,4.7,10.73
LMT,LOCKHEED MARTIN CORPORATION,H9225425FE038,2025-09-26,518050.21,Department of Defense,U.S. Special Operations Command,DELIVERY ORDER,2025-09-26,478.1011,475.0605,0.64,434.0461,2025-12-01,45,-9.21,628.5509,2026-02-02,87,31.47,44.81,6.0,72.0,74.0,77.0,86.0,,,0.93,2.37,3.5,4.85,3.61,1.19,-0.11,-5.97,-9.21,-0.04,25.92
SATL,SATELLITE SERVICES INC,70CMSW19FR0000044,2025-09-18,99000.0,Department of Homeland Security,U.S. Immigration and Customs Enforcement,DELIVERY ORDER,2025-09-18,3.55,3.53,0.57,1.27,2025-11-20,45,-64.23,5.5,2026-01-27,89,54.93,333.07,3.0,14.0,19.0,86.0,87.0,89.0,,3.1,5.35,-5.35,-6.48,-1.13,13.8,-23.38,-49.3,-64.23,-41.97,51.27
LMT,LOCKHEED MARTIN CORP,NNJ06TA25C,2025-12-17,0.0,National Aeronautics and Space Administration,National Aeronautics and Space Administration,DEFINITIVE CONTRACT,2025-12-17,469.2291,471.4725,-0.48,464.6336,2025-12-18,1,-0.98,672.2988,2026-03-02,49,43.28,44.69,11.0,15.0,16.0,18.0,28.0,,,-0.98,1.85,2.31,2.97,4.69,9.19,21.33,33.95,39.94,34.73,7.94
LMT,LOCKHEED MARTIN CORPORATION,0097,2026-01-14,0.0,Department of Defense,Department of the Navy,DELIVERY ORDER,2026-01-14,565.9924,551.761,2.58,503.2157,2026-05-08,79,-11.09,672.2988,2026-03-02,31,18.78,33.6,10.0,11.0,24.0,,,,,0.91,0.59,3.7,1.56,8.7,5.25,13.95,14.91,10.13,8.78,-6.46
GD,"GENERAL DYNAMICS INFORMATION TECHNOLOGY, INC.",70SBUR25F00000086,2026-03-16,69207.98,Department of Homeland Security,U.S. Citizenship and Immigration Services,DELIVERY ORDER,2026-03-16,351.1761,348.3616,0.81,311.1606,2026-04-27,29,-11.39,386.75,2026-07-24,90,10.13,24.29,75.0,90.0,,,,,,0.54,-1.33,-1.97,-0.52,-3.83,-0.84,-3.92,-11.07,-3.57,-3.3,10.13
ACN,ACCENTURE FEDERAL SERVICES LLC,SP470924F0042,2025-12-10,-18009.0,Department of Defense,Defense Logistics Agency,DELIVERY ORDER,2025-12-10,266.7238,264.0881,1.0,177.3969,2026-04-10,82,-33.49,282.7143,2026-01-14,23,6.0,59.37,23.0,,,,,,,-0.68,0.9,0.56,0.01,-0.82,-1.44,3.21,3.12,-19.22,-25.93,-29.57
LDOS,"LEIDOS, INC.",47QFMA22F0002,2026-02-13,0.0,General Services Administration,Federal Acquisition Service,DELIVERY ORDER,2026-02-13,175.2449,170.414,2.83,100.0,2026-06-25,90,-42.94,179.5689,2026-03-03,11,2.47,79.57,,,,,,,,-8.38,-0.02,-2.44,-3.64,1.76,0.9,-3.91,-12.32,-12.89,-26.99,-42.94
LDOS,"LEIDOS, INC.",FA231826FB011,2025-11-21,0.0,Department of Defense,Department of the Air Force,DELIVERY ORDER,2025-11-21,184.9538,184.1307,0.45,153.6473,2026-03-30,86,-16.93,197.153,2026-01-09,32,6.6,28.32,28.0,,,,,,,0.17,2.08,1.03,1.05,-0.47,1.74,0.14,5.67,0.6,-6.75,-14.08
BAH,BOOZ ALLEN HAMILTON INC,N0003923F3003,2026-03-26,2401888.63,Department of Defense,Department of the Navy,DELIVERY ORDER,2026-03-26,79.7296,79.5212,0.26,59.71,2026-06-25,62,-25.11,83.4516,2026-04-07,7,4.67,39.76,,,,,,,,-2.29,-2.86,3.49,4.67,-2.69,2.94,-5.15,-4.1,4.63,-19.88,-9.81
LMT,LOCKHEED MARTIN CORP,N0003015C0005,2025-09-17,-323602.0,Department of Defense,Department of the Navy,DEFINITIVE CONTRACT,2025-09-17,464.0554,465.2324,-0.25,434.0461,2025-12-01,52,-6.47,587.9818,2026-01-27,90,26.71,35.47,9.0,76.0,79.0,82.0,,,,0.11,1.54,2.78,3.03,5.47,8.02,4.25,2.58,-0.68,1.13,26.71
LMT,LOCKHEED MARTIN CORPORATION,H9225423F2699,2025-12-29,0.0,Department of Defense,U.S. Special Operations Command,DELIVERY ORDER,2025-12-29,483.1442,477.3726,1.21,478.0051,2025-12-31,2,-1.06,672.2988,2026-03-02,42,39.15,40.65,5.0,8.0,11.0,16.0,23.0,,,-0.18,1.68,6.79,6.05,14.2,17.84,27.34,28.6,34.69,29.0,4.15
LMT,LOCKHEED MARTIN CORPORATION,H9225425FE024,2025-09-30,679419.32,Department of Defense,U.S. Special Operations Command,DELIVERY ORDER,2025-09-30,489.6455,482.5541,1.47,434.0461,2025-12-01,43,-11.36,630.8141,2026-02-09,90,28.83,45.33,67.0,71.0,73.0,81.0,,,,-0.04,1.06,2.38,1.71,1.2,1.34,-2.78,-8.44,-9.82,-1.96,28.83
PSN,PARSONS GOVERNMENT SERVICES INC.,FA460025F0098,2025-11-17,0.0,Department of Defense,Department of the Air Force,DELIVERY ORDER,2025-11-17,81.53,82.63,-1.33,50.04,2026-03-20,84,-38.62,84.68,2025-11-28,8,3.86,69.22,,,,,,,,1.34,0.58,1.88,3.19,1.66,-22.52,-26.16,-24.2,-10.79,-22.26,-35.96
LDOS,"LEIDOS, INC.",15JPSS22F00000108,2026-02-26,298990.4,Department of Justice,"Offices, Boards and Divisions",DELIVERY ORDER,2026-02-26,174.8076,168.8733,3.51,100.0,2026-06-25,82,-42.79,179.5689,2026-03-03,3,2.72,79.57,,,,,,,,-0.43,2.72,-0.11,2.09,-1.17,-4.95,-11.34,-12.85,-14.93,-28.17,-38.69
BAH,BOOZ ALLEN HAMILTON INC,N0003923F3008,2025-08-20,0.0,Department of Defense,Department of the Navy,DELIVERY ORDER,2025-08-20,106.8705,107.2913,-0.39,78.7024,2025-11-20,65,-26.36,108.3971,2025-08-27,5,1.43,37.73,,,,,,,,-0.22,0.21,1.43,-0.45,-5.5,-6.14,-6.47,-5.59,-8.17,-22.89,-21.55
GD,"GENERAL DYNAMICS INFORMATION TECHNOLOGY, INC.",W91RUS19F0174,2025-08-28,1466290.06,Department of Defense,Department of the Army,DELIVERY ORDER,2025-08-28,319.2773,319.8178,-0.17,315.7594,2025-09-09,7,-1.1,356.0147,2026-01-06,89,11.51,12.75,25.0,89.0,,,,,,-0.1,-0.65,-0.63,-1.1,0.38,-0.1,2.23,2.92,6.62,5.21,6.85
BAH,BOOZ ALLEN HAMILTON INC,47HAA022F0006,2025-09-05,-896985.35,General Services Administration,Office of Administrative Services,DELIVERY ORDER,2025-09-05,100.2553,100.9893,-0.73,78.7024,2025-11-20,54,-21.5,102.3789,2025-09-12,5,2.12,30.08,,,,,,,,-0.74,0.05,2.12,-0.61,-0.3,-4.8,1.16,-4.3,-14.64,-19.0,-5.34
BA,THE BOEING COMPANY,0009,2025-12-18,-685617.9,Department of Defense,Defense Contract Management Agency,DELIVERY ORDER,2025-12-18,208.27,206.33,0.94,189.21,2026-03-30,68,-9.15,252.15,2026-01-23,23,21.07,33.26,9.0,11.0,15.0,21.0,,,,2.79,4.12,3.92,4.91,9.54,12.61,20.07,11.95,10.61,-1.09,9.97
GD,"GENERAL DYNAMICS INFORMATION TECHNOLOGY, INC.",70T01021F7670N008,2025-09-12,1146895.68,Department of Homeland Security,Transportation Security Administration,DELIVERY ORDER,2025-09-12,320.4958,323.9057,-1.05,317.0664,2025-09-22,6,-1.07,364.0791,2026-01-16,87,13.6,14.83,15.0,79.0,,,,,,0.25,-0.27,-0.63,-0.9,1.28,4.57,2.98,8.02,6.01,3.48,13.12
LMT,LOCKHEED MARTIN CORPORATION,N0001921F0042,2025-08-26,0.0,Department of Defense,Department of the Navy,DELIVERY ORDER,2025-08-26,443.4982,435.9615,1.73,434.0461,2025-12-01,67,-2.13,505.5783,2026-01-05,90,14.0,16.48,18.0,24.0,,,,,,-0.22,0.04,-0.69,2.6,2.59,4.9,7.12,13.68,7.34,3.93,14.0
BA,THE BOEING COMPANY,FA880725CB006,2026-04-01,60000000.0,Department of Defense,Department of the Air Force,DEFINITIVE CONTRACT,2026-04-01,207.32,199.03,4.17,204.8,2026-07-21,75,-1.22,240.6,2026-05-13,29,16.05,17.48,4.0,14.0,29.0,,,,,0.43,1.29,6.15,7.15,5.58,11.56,9.68,10.56,3.92,3.55,12.5
LMT,LOCKHEED MARTIN CORPORATION,W31P4Q23C0005,2025-09-26,0.0,Department of Defense,Department of the Army,DEFINITIVE CONTRACT,2025-09-26,478.1011,475.0605,0.64,434.0461,2025-12-01,45,-9.21,628.5509,2026-02-02,87,31.47,44.81,6.0,72.0,74.0,77.0,86.0,,,0.93,2.37,3.5,4.85,3.61,1.19,-0.11,-5.97,-9.21,-0.04,25.92
BA,THE BOEING COMPANY,W58RGZ21C0015,2025-09-22,0.0,Department of Defense,Department of the Army,DEFINITIVE CONTRACT,2025-09-22,212.09,215.65,-1.65,179.12,2025-11-24,45,-15.55,252.15,2026-01-23,85,18.89,40.77,12.0,76.0,78.0,,,,,2.0,0.68,2.35,1.47,3.6,-0.64,2.44,-3.56,-15.55,-2.54,10.2
BA,THE BOEING COMPANY,FA813425F1000,2025-08-27,849859.2,Department of Defense,Department of the Air Force,DELIVERY ORDER,2025-08-27,235.62,234.83,0.34,179.12,2025-11-24,62,-23.98,237.38,2025-09-02,3,0.75,32.53,,,,,,,,0.23,0.75,-2.07,-1.98,-6.63,-8.91,-6.09,-8.33,-15.08,-23.87,-2.45
GD,"GENERAL DYNAMICS INFORMATION TECHNOLOGY, INC.",V802,2025-09-30,-4531.63,Department of Defense,Department of the Navy,DELIVERY ORDER,2025-09-30,335.0884,326.4115,2.66,326.2868,2025-10-16,12,-2.63,364.0791,2026-01-16,75,8.65,11.58,67.0,,,,,,,-0.07,0.77,0.71,0.52,-1.18,-0.68,1.17,3.8,-0.42,1.73,6.5
BAH,BOOZ ALLEN HAMILTON INC,N0042125F3014,2026-03-19,339324.57,Department of Defense,Department of the Navy,DELIVERY ORDER,2026-03-19,80.2259,78.0721,2.76,59.71,2026-06-25,67,-25.57,83.4516,2026-04-07,12,4.02,39.76,,,,,,,,-1.09,-2.41,-0.62,-2.33,2.85,-1.61,-0.15,-3.12,-2.66,-7.07,-12.53
LMT,LOCKHEED MARTIN CORP,FA852520F0019,2025-09-18,-1440313.87,Department of Defense,Defense Contract Management Agency,DELIVERY ORDER,2025-09-18,464.5458,464.0554,0.11,434.0461,2025-12-01,51,-6.57,590.2745,2026-01-28,90,27.06,35.99,8.0,75.0,78.0,81.0,,,,-0.14,2.76,2.26,3.88,5.43,8.53,4.55,3.4,-1.13,2.17,27.06
BAH,BOOZ ALLEN HAMILTON INC,1605DC19F00268,2025-09-29,4390000.0,Department of Labor,Office of the Assistant Secretary for Administration and Management,DELIVERY ORDER,2025-09-29,96.7716,96.9575,-0.19,78.7024,2025-11-20,38,-18.67,101.8113,2025-10-07,6,5.21,29.36,4.0,,,,,,,1.07,4.27,4.8,4.09,-2.63,-0.86,-13.48,-11.72,-16.9,-13.84,-9.4
LMT,LOCKHEED MARTIN CORPORATION,FA861123F0007,2026-03-18,174604.17,Department of Defense,Department of the Air Force,DELIVERY ORDER,2026-03-18,638.1027,632.1913,0.94,491.64,2026-06-24,67,-22.95,638.1027,2026-03-18,0,0.0,29.79,,,,,,,,-0.74,-4.05,-2.81,-4.12,-3.84,-2.15,-7.8,-19.35,-18.6,-15.32,-8.9
GD,"GENERAL DYNAMICS INFORMATION TECHNOLOGY, INC.",HT942523F0284,2026-04-02,209615.56,Department of Defense,Defense Health Agency,DELIVERY ORDER,2026-04-02,345.9534,347.3805,-0.41,311.1606,2026-04-27,16,-10.06,395.97,2026-08-10,88,14.46,27.26,62.0,76.0,,,,,,0.66,0.27,-3.55,-2.19,-3.22,-8.28,0.46,-3.73,-1.9,1.95,13.95
BAH,BOOZ ALLEN HAMILTON INC,47QFCA23F0014,2025-09-29,0.0,General Services Administration,Federal Acquisition Service,DELIVERY ORDER,2025-09-29,96.7716,96.9575,-0.19,78.7024,2025-11-20,38,-18.67,101.8113,2025-10-07,6,5.21,29.36,4.0,,,,,,,1.07,4.27,4.8,4.09,-2.63,-0.86,-13.48,-11.72,-16.9,-13.84,-9.4
BA,THE BOEING COMPANY,N0001914C0067,2026-01-26,0.0,Department of Defense,Defense Contract Management Agency,DEFINITIVE CONTRACT,2026-01-26,248.43,252.15,-1.48,189.21,2026-03-30,44,-23.84,248.43,2026-01-26,0,0.0,31.3,,,,,,,,-1.56,-5.79,-6.2,-5.02,-1.5,-2.2,-7.27,-12.35,-19.88,-6.9,-12.48
GE,GENERAL ELECTRIC COMPANY,W58RGZ25F0239,2025-12-22,0.0,Department of Defense,Department of the Army,DELIVERY ORDER,2025-12-22,313.5224,306.0312,2.45,272.9098,2026-03-30,66,-12.95,344.8073,2026-03-02,46,9.98,26.34,39.0,,,,,,,0.25,0.13,-0.82,2.03,2.95,4.09,-6.52,-2.54,8.87,-8.64,-10.64
LDOS,"LEIDOS, INC.",W5J9CQ18F0041,2025-09-26,-20105.76,Department of Defense,Department of the Army,DELIVERY ORDER,2025-09-26,183.3769,180.8578,1.39,179.3204,2025-12-31,66,-2.21,197.9062,2025-11-04,27,7.92,10.36,5.0,,,,,,,0.38,3.64,5.78,6.54,1.69,-0.27,2.28,6.53,1.9,0.85,0.87
BA,THE BOEING COMPANY,H9224122F0073,2025-12-02,0.0,Department of Defense,Defense Contract Management Agency,DELIVERY ORDER,2025-12-02,205.38,186.46,10.15,189.21,2026-03-30,80,-7.87,252.15,2026-01-23,35,22.77,33.26,14.0,21.0,27.0,30.0,,,,-1.38,-1.7,-2.44,-2.27,0.65,5.58,10.9,20.63,18.33,11.86,8.95
TXT,TEXTRON SYSTEMS CORPORATION,N6133125F0103,2025-09-26,0.0,Department of Defense,Department of the Navy,DELIVERY ORDER,2025-09-26,83.4347,82.2955,1.38,79.3674,2025-10-30,24,-4.87,96.2784,2026-01-21,79,15.39,21.31,55.0,72.0,79.0,,,,,0.65,2.06,4.02,1.84,-2.35,-2.2,-3.62,-1.75,-1.78,8.88,11.24
CACI,"CACI, INC. - FEDERAL",FA822726F0012,2025-12-18,45246632.17,Department of Defense,Department of the Air Force,DELIVERY ORDER,2025-12-18,548.96,560.75,-2.1,501.9,2026-04-27,87,-8.57,662.19,2026-01-23,23,20.63,31.94,13.0,15.0,19.0,23.0,,,,1.39,-0.8,-1.27,-1.81,3.58,9.1,15.23,12.73,7.48,10.89,-5.36
BA,BELL BOEING JOINT PROJECT OFFICE,N0001924F0085,2026-01-12,0.0,Department of Defense,Department of the Navy,DELIVERY ORDER,2026-01-12,239.81,234.53,2.25,189.21,2026-03-30,53,-21.1,252.15,2026-01-23,8,5.15,33.26,8.0,,,,,,,1.98,3.31,3.83,4.84,1.98,-2.83,-1.48,-3.94,-14.1,-8.24,-8.42
BA,THE BOEING COMPANY,W58RGZ23F0120,2026-02-03,0.0,Department of Defense,Defense Contract Management Agency,DELIVERY ORDER,2026-02-03,233.15,233.02,0.06,189.21,2026-03-30,38,-18.85,244.71,2026-02-09,4,4.96,29.33,,,,,,,,1.2,4.24,4.05,2.66,2.48,0.1,-4.76,-11.65,-5.61,-1.77,-6.05
BAH,BOOZ ALLEN HAMILTON INC,N0003917F3000,2025-09-08,-660000.0,Department of Defense,Department of the Navy,DELIVERY ORDER,2025-09-08,99.5116,100.2553,-0.74,78.7024,2025-11-20,53,-20.91,102.3789,2025-09-12,4,2.88,30.08,,,,,,,,1.41,2.11,-0.07,-0.11,-1.87,-2.57,2.31,-0.73,-14.15,-19.19,-3.88
HON,HONEYWELL INTERNATIONAL INC.,SPRRA125F0091,2025-09-30,1233124.41,Department of Defense,Defense Logistics Agency,DELIVERY ORDER,2025-09-30,204.6876,203.5013,0.58,195.2672,2025-11-20,37,-4.6,248.9258,2026-02-09,90,21.61,27.48,70.0,75.0,83.0,89.0,,,,-0.15,-0.69,-0.72,-2.98,-0.9,-2.12,1.14,1.01,-1.9,-0.15,21.61
NOC,NORTHROP GRUMMAN SYSTEMS CORPORATION,W31P4Q22F0031,2025-12-21,0.0,Department of Defense,Department of the Army,DELIVERY ORDER,2025-12-22,580.2397,564.1622,2.85,564.5154,2026-05-04,90,-2.71,764.6547,2026-03-02,46,31.78,35.45,12.0,15.0,21.0,28.0,46.0,,,-0.79,-1.25,-1.73,0.17,-1.31,6.99,15.1,19.13,24.29,21.3,-2.71
BAH,BOOZ ALLEN HAMILTON INC,FA701424F0404,2025-10-01,0.0,Department of Defense,Department of the Air Force,DELIVERY ORDER,2025-10-01,100.4021,97.8089,2.65,78.7024,2025-11-20,36,-21.61,101.8113,2025-10-07,4,1.4,29.36,,,,,,,,0.5,1.01,0.32,-5.32,-6.09,-1.9,-19.28,-17.3,-14.01,-16.23,-11.75
LDOS,"LEIDOS, INC.",FA873018C0011,2025-08-21,0.0,Department of Defense,Department of the Air Force,DEFINITIVE CONTRACT,2025-08-21,178.5643,178.2872,0.16,175.8627,2025-09-03,8,-1.51,197.9062,2025-11-04,52,10.83,12.53,28.0,33.0,,,,,,0.72,1.06,0.51,0.25,-0.8,2.6,4.34,8.63,5.51,6.31,2.07
BAH,BOOZ ALLEN HAMILTON INC,N6133122F3011,2026-03-26,96000.0,Department of Defense,Department of the Navy,DELIVERY ORDER,2026-03-26,79.7296,79.5212,0.26,59.71,2026-06-25,62,-25.11,83.4516,2026-04-07,7,4.67,39.76,,,,,,,,-2.29,-2.86,3.49,4.67,-2.69,2.94,-5.15,-4.1,4.63,-19.88,-9.81
HON,HONEYWELL BUILDING SOLUTIONS SES CORP,47PM0721F0093,2026-02-27,12368546.16,General Services Administration,Public Buildings Service,DELIVERY ORDER,2026-02-27,254.073,250.0052,1.63,215.9203,2026-06-10,71,-15.02,258.7145,2026-03-02,1,1.83,19.82,,,,,,,,1.83,0.98,-3.41,-1.22,-3.73,-5.98,-8.26,-4.08,-13.96,-4.35,-12.06
LMT,LOCKHEED MARTIN CORPORATION,N6833520F0795,2025-09-24,1210086.31,Department of Defense,Department of the Navy,DELIVERY ORDER,2025-09-24,476.9339,477.3458,-0.09,434.0461,2025-12-01,47,-8.99,628.551,2026-02-02,89,31.79,44.81,8.0,74.0,76.0,79.0,88.0,,,-0.39,1.18,2.62,3.75,5.71,3.89,0.37,-2.7,-6.6,-2.58,30.19
LMT,LOCKHEED MARTIN CORPORATION,H9225426FE045,2026-03-26,460000.0,Department of Defense,U.S. Special Operations Command,DELIVERY ORDER,2026-03-26,623.2499,620.1403,0.5,491.64,2026-06-24,61,-21.12,633.7512,2026-04-06,6,1.68,28.91,,,,,,,,-1.83,-3.66,-0.72,0.06,-2.17,-3.16,-18.17,-19.26,-17.13,-19.19,-7.32
LMT,LOCKHEED MARTIN CORPORATION,N0002421C5127,2025-11-03,23000000.0,Department of Defense,Department of the Navy,DEFINITIVE CONTRACT,2025-11-03,478.5915,482.456,-0.8,434.0461,2025-12-01,19,-9.31,672.2988,2026-03-02,80,40.47,54.89,42.0,46.0,48.0,51.0,60.0,,,-0.61,-3.9,-7.35,-6.33,-3.52,-5.57,-7.74,-1.49,7.06,30.97,33.94
CACI,"CACI NSS, LLC",75D30124F19872,2025-09-08,1057951.04,Department of Health and Human Services,Centers for Disease Control and Prevention,DELIVERY ORDER,2025-09-08,474.04,474.45,-0.09,474.04,2025-09-08,0,0.0,627.5,2026-01-15,90,32.37,32.37,9.0,19.0,33.0,33.0,56.0,,,1.18,4.02,4.43,4.55,5.85,2.44,10.95,11.14,24.85,27.91,32.37
GD,"GENERAL DYNAMICS INFORMATION TECHNOLOGY, INC.",N6339423C0009,2025-09-08,333491.59,Department of Defense,Department of the Navy,DEFINITIVE CONTRACT,2025-09-08,317.1253,317.2629,-0.04,315.7594,2025-09-09,1,-0.43,363.8908,2026-01-15,90,14.75,15.24,16.0,35.0,,,,,,-0.43,2.14,1.32,0.79,-0.02,2.36,6.42,4.94,8.77,4.51,14.75
NOC,NORTHROP GRUMMAN SYSTEMS CORPORATION,W519TC24F0194,2025-11-20,0.0,Department of Defense,Department of the Army,DELIVERY ORDER,2025-11-20,560.7877,558.4648,0.42,541.3857,2025-12-01,6,-3.46,764.6547,2026-03-02,67,36.35,41.24,29.0,34.0,36.0,44.0,60.0,,,-0.11,0.36,0.86,-3.2,-2.85,-0.89,3.47,8.06,21.96,30.41,24.72
HII,HUNTINGTON INGALLS INC,N0002415C2114,2026-04-01,0.0,Department of Defense,Department of the Navy,DEFINITIVE CONTRACT,2026-04-01,391.6286,378.2663,3.53,268.76,2026-07-21,75,-31.37,409.581,2026-04-08,4,4.58,52.4,,,,,,,,0.84,2.28,2.56,0.29,0.72,-6.72,-8.32,-14.33,-25.17,-29.17,-16.29
LMT,LOCKHEED MARTIN CORPORATION,FA862117F0026,2025-09-23,-2516059.0,Department of Defense,Department of the Air Force,DELIVERY ORDER,2025-09-23,477.3458,471.1861,1.31,434.0461,2025-12-01,48,-9.07,628.551,2026-02-02,90,31.68,44.81,9.0,75.0,77.0,80.0,89.0,,,-0.09,0.16,2.58,2.61,5.01,3.53,0.1,-0.35,-7.04,-1.7,31.68
LMT,LOCKHEED MARTIN CORPORATION,SCEK,2026-02-25,0.0,Department of Defense,Department of the Air Force,DELIVERY ORDER,2026-02-25,639.9163,656.6479,-2.55,491.64,2026-06-24,82,-23.17,672.2988,2026-03-02,3,5.06,36.75,3.0,,,,,,,-0.91,5.06,3.16,4.3,0.83,-1.21,-2.6,-3.14,-19.58,-18.83,-16.34
BA,THE BOEING COMPANY,FA813425FB014,2025-12-01,0.0,Department of Defense,Department of the Air Force,DELIVERY ORDER,2025-12-01,186.46,189.0,-1.34,186.46,2025-12-01,0,0.0,252.15,2026-01-23,36,35.23,35.23,1.0,1.0,15.0,22.0,29.0,,,10.15,8.26,10.62,6.58,10.21,14.81,16.44,30.11,27.08,22.03,19.14
BAH,BOOZ ALLEN HAMILTON INC,50310220F0017,2025-12-30,339316.77,Securities and Exchange Commission,Securities and Exchange Commission,DELIVERY ORDER,2025-12-30,83.8737,83.8442,0.04,73.705,2026-02-23,36,-12.12,100.6977,2026-01-23,16,20.06,36.62,4.0,6.0,16.0,16.0,,,,-0.93,4.92,6.0,12.95,13.15,12.24,3.84,-8.48,-3.09,-7.12,-11.31
NOC,NORTHROP GRUMMAN SYSTEMS CORPORATION,FA875023F0501,2026-03-17,0.0,Department of Defense,Department of the Air Force,DELIVERY ORDER,2026-03-17,720.8574,732.7351,-1.62,496.02,2026-06-29,71,-31.19,721.6639,2026-03-18,1,0.11,45.49,,,,,,,,0.11,-2.36,-5.78,-4.43,-5.77,-4.63,-7.08,-20.94,-23.74,-23.35,-24.04
LMT,LOCKHEED MARTIN CORPORATION,N0001919C0013,2025-09-24,0.0,Department of Defense,Department of the Navy,DEFINITIVE CONTRACT,2025-09-24,476.9339,477.3458,-0.09,434.0461,2025-12-01,47,-8.99,628.551,2026-02-02,89,31.79,44.81,8.0,74.0,76.0,79.0,88.0,,,-0.39,1.18,2.62,3.75,5.71,3.89,0.37,-2.7,-6.6,-2.58,30.19
BAH,BOOZ ALLEN HAMILTON INC,1605TA23F00001,2026-03-03,5037.5,Department of Labor,Office of the Assistant Secretary for Administration and Management,DELIVERY ORDER,2026-03-03,78.6081,77.2284,1.79,59.71,2026-06-25,79,-24.04,83.4516,2026-04-07,24,6.16,39.76,23.0,,,,,,,-1.07,3.4,-2.12,-2.64,-2.63,0.88,1.48,3.91,-3.69,2.34,-17.57
LMT,LOCKHEED MARTIN CORPORATION,W31P4Q20C0023,2026-03-04,0.0,Department of Defense,Department of the Army,DEFINITIVE CONTRACT,2026-03-04,660.1583,663.4766,-0.5,491.64,2026-06-24,77,-25.53,667.4009,2026-03-06,2,1.1,35.75,,,,,,,,-1.43,-0.05,-2.26,-2.78,-3.34,-8.17,-6.27,-8.58,-22.89,-20.17,-21.99
GD,GENERAL DYNAMICS ONE SOURCE LLC,FA824025F5004,2026-01-29,55031.58,Department of Defense,Department of the Air Force,DELIVERY ORDER,2026-01-29,346.8057,353.4752,-1.89,311.1606,2026-04-27,60,-10.28,362.8304,2026-03-04,23,4.62,16.61,,,,,,,,0.33,1.53,0.6,2.9,-2.63,1.25,4.24,0.45,0.41,-10.28,-0.76
GD,"GENERAL DYNAMICS INFORMATION TECHNOLOGY, INC.",FA862923F0040,2025-09-25,2436223.38,Department of Defense,Department of the Air Force,DELIVERY ORDER,2025-09-25,318.8057,318.0097,0.25,318.8057,2025-09-25,0,0.0,364.0791,2026-01-16,78,14.2,14.2,3.0,69.0,,,,,,1.82,5.11,5.12,6.8,5.65,2.8,8.59,5.35,5.76,5.06,9.85
CACI,"CACI TECHNOLOGIES, LLC",W909MY22F0069,2025-09-12,2255447.0,Department of Defense,Department of the Army,DELIVERY ORDER,2025-09-12,495.96,493.12,0.58,476.24,2025-09-25,9,-3.98,655.46,2026-01-22,90,32.16,37.63,15.0,29.0,29.0,47.0,90.0,,,-0.18,-0.07,0.57,-0.61,-2.09,4.66,2.44,18.06,19.13,19.65,32.16
BA,THE BOEING COMPANY,89233123CNA000303,2026-02-10,0.0,Department of Energy,Department of Energy,DEFINITIVE CONTRACT,2026-02-10,242.59,244.71,-0.87,189.21,2026-03-30,33,-22.0,244.04,2026-02-17,4,0.6,28.98,,,,,,,,-2.61,0.15,-1.51,-4.35,-5.04,-7.61,-15.59,-17.72,-9.77,-4.77,-8.97
KTOS,"KRATOS UNMANNED AERIAL SYSTEMS, INC",N0001924F5560,2025-09-30,0.0,Department of Defense,Department of the Navy,DELIVERY ORDER,2025-09-30,91.37,88.08,3.74,67.31,2025-11-20,37,-26.33,130.72,2026-01-16,75,43.07,94.21,3.0,5.0,6.0,70.0,72.0,,,1.74,5.28,13.48,7.86,4.3,-5.17,-0.18,-16.18,-20.35,-12.48,8.14
BA,THE BOEING COMPANY,W58RGZ23F0120,2026-02-12,0.0,Department of Defense,Defense Contract Management Agency,DELIVERY ORDER,2026-02-12,239.35,236.26,1.31,189.21,2026-03-30,31,-20.95,244.04,2026-02-17,2,1.96,28.98,,,,,,,,1.51,-0.18,-3.06,-2.49,-4.94,-7.22,-10.81,-20.4,-5.96,-0.48,-7.98
HON,HONEYWELL INTERNATIONAL INC.,N0038326FA80M,2026-01-21,3174369.0,Department of Defense,Department of the Navy,DELIVERY ORDER,2026-01-21,227.4727,223.2174,1.91,218.057,2026-05-05,72,-4.14,258.7145,2026-03-02,27,13.73,18.65,9.0,14.0,,,,,,1.54,0.91,-1.15,3.81,7.38,11.03,11.32,9.3,3.25,7.09,9.06
LMT,LOCKHEED MARTIN CORPORATION,H9225418F2116,2025-08-25,-337804.79,Department of Defense,U.S. Special Operations Command,DELIVERY ORDER,2025-08-25,435.9615,434.4814,0.34,434.0461,2025-12-01,68,-0.44,504.3876,2025-10-06,29,15.7,16.21,12.0,24.0,29.0,,,,,1.73,1.89,1.8,2.78,2.83,6.47,9.4,14.98,9.29,6.8,12.68
BA,THE BOEING COMPANY,FA813425F4302,2026-01-20,-22316.3,Department of Defense,Defense Contract Management Agency,DELIVERY ORDER,2026-01-20,249.0,247.68,0.53,189.21,2026-03-30,48,-24.01,252.15,2026-01-23,3,1.27,33.26,,,,,,,,0.43,1.27,-1.78,-6.01,-6.37,-1.72,-6.14,-8.71,-19.84,-12.1,-7.17
NOC,NORTHROP GRUMMAN SYSTEMS CORPORATION,FA854019C0001,2025-09-30,14999000.0,Department of Defense,Department of the Air Force,DEFINITIVE CONTRACT,2025-09-30,602.2722,587.1195,2.58,541.3857,2025-12-01,43,-10.11,703.7488,2026-02-06,89,16.85,29.99,73.0,78.0,86.0,,,,,-0.64,0.04,2.02,4.22,2.89,-1.2,-3.99,-6.99,-8.82,-4.04,15.02
LDOS,"LEIDOS, INC.",HDTRA125FE010,2026-03-05,1099754.0,Department of Defense,Defense Threat Reduction Agency,DELIVERY ORDER,2026-03-05,174.6088,175.6425,-0.59,100.0,2026-06-25,77,-42.73,178.4655,2026-03-09,2,2.21,78.47,,,,,,,,1.27,-1.79,-1.05,-4.44,-5.29,-9.33,-8.99,-11.45,-25.75,-27.11,-38.03
AVAV,"AEROVIRONMENT, INC",W91CRB24F0412,2025-09-11,0.0,Department of Defense,Department of the Army,DELIVERY ORDER,2025-09-11,241.81,247.05,-2.12,229.1,2025-12-17,68,-5.26,409.83,2025-10-13,22,69.48,78.89,3.0,4.0,5.0,8.0,13.0,16.0,,0.49,9.95,17.21,19.13,24.8,43.12,62.23,50.65,22.2,15.13,32.18
LMT,LOCKHEED MARTIN CORPORATION,W31P4Q20C0023,2025-11-07,-1.72,Department of Defense,Department of the Army,DEFINITIVE CONTRACT,2025-11-07,449.5684,459.9359,-2.25,434.0461,2025-12-01,15,-3.45,672.2988,2026-03-02,76,49.54,54.89,24.0,38.0,42.0,43.0,50.0,,,-1.36,-0.29,1.62,3.57,0.53,-0.11,2.64,6.3,25.9,33.92,38.66
LMT,LOCKHEED MARTIN CORPORATION,H9225418F2118,2025-09-29,-27684.46,Department of Defense,U.S. Special Operations Command,DELIVERY ORDER,2025-09-29,482.5541,478.1011,0.93,434.0461,2025-12-01,44,-10.05,628.5509,2026-02-02,86,30.26,44.81,68.0,71.0,74.0,78.0,86.0,,,1.47,1.5,4.52,4.48,2.41,0.64,-1.26,-8.11,-9.51,-1.17,27.71
GD,"GENERAL DYNAMICS INFORMATION TECHNOLOGY, INC.",692M1520F00640,2025-12-09,0.0,Department of Transportation,Federal Aviation Administration,DELIVERY ORDER,2025-12-09,329.9188,331.6362,-0.52,324.0936,2026-04-21,90,-1.77,364.0791,2026-01-16,26,10.35,12.34,17.0,25.0,,,,,,2.38,0.96,0.96,0.92,2.86,1.56,5.87,9.12,4.42,8.73,-1.77
CACI,"CACI, INC. - FEDERAL",N0016425F3019,2025-09-22,350000.0,Department of Defense,Department of the Navy,DELIVERY ORDER,2025-09-22,501.77,498.81,0.59,476.24,2025-09-25,3,-5.09,662.19,2026-01-23,85,31.97,39.05,9.0,23.0,23.0,42.0,84.0,,,-1.76,-5.09,-2.73,2.67,5.43,1.71,6.36,12.43,21.62,11.64,23.68
LMT,LOCKHEED MARTIN CORPORATION,N0001920C0009,2025-11-21,310139.0,Department of Defense,Department of the Navy,DEFINITIVE CONTRACT,2025-11-21,451.9518,459.2885,-1.6,434.0461,2025-12-01,5,-3.96,672.2988,2026-03-02,66,48.75,54.89,14.0,28.0,32.0,33.0,43.0,,,-2.11,-1.44,-3.96,-2.3,1.77,5.02,5.52,8.65,36.12,43.94,40.23
CAT,CATERPILLAR INC,SPE8EC24F0665,2025-08-22,0.0,Department of Defense,Defense Logistics Agency,DELIVERY ORDER,2025-08-22,431.7833,414.1619,4.25,411.4166,2025-09-03,7,-4.72,621.8101,2025-12-11,77,44.01,51.14,18.0,27.0,32.0,36.0,47.0,,,-0.77,-0.69,-3.82,-4.72,-2.96,-0.95,8.17,13.71,21.33,27.08,31.87
GD,"GENERAL DYNAMICS INFORMATION TECHNOLOGY, INC.",HC101322F0184,2025-09-30,0.0,Department of Defense,Defense Information Systems Agency,BPA CALL,2025-09-30,335.0884,326.4115,2.66,326.2868,2025-10-16,12,-2.63,364.0791,2026-01-16,75,8.65,11.58,67.0,,,,,,,-0.07,0.77,0.71,0.52,-1.18,-0.68,1.17,3.8,-0.42,1.73,6.5
LMT,LOCKHEED MARTIN CORPORATION,FA823223F0344,2026-01-21,0.0,Department of Defense,Department of the Air Force,DELIVERY ORDER,2026-01-21,579.3639,569.313,1.77,503.2157,2026-05-08,75,-13.14,672.2988,2026-03-02,27,16.04,33.6,6.0,17.0,27.0,,,,,1.31,-0.78,1.88,8.19,2.82,7.39,12.29,12.32,7.57,1.55,-10.85
ACN,ACCENTURE FEDERAL SERVICES LLC,1333BJ24C00280005,2026-02-10,9850227.92,Department of Commerce,U.S. Patent and Trademark Office,DEFINITIVE CONTRACT,2026-02-10,235.9969,231.9797,1.73,123.3469,2026-06-22,90,-47.73,235.9969,2026-02-10,0,0.0,91.33,,,,,,,,-4.33,-6.9,-7.16,-10.59,-20.49,-12.86,-18.6,-20.17,-18.77,-24.55,-47.73
BA,THE BOEING COMPANY,N0038323FYY2J,2025-11-25,0.0,Department of Defense,Department of the Navy,DELIVERY ORDER,2025-11-25,182.44,179.12,1.85,182.44,2025-11-25,0,0.0,252.15,2026-01-23,39,38.21,38.21,4.0,4.0,17.0,25.0,31.0,,,2.46,2.2,11.02,10.66,8.92,13.3,18.64,28.55,27.72,27.93,19.38
GD,"GENERAL DYNAMICS MISSION SYSTEMS, INC.",W900KK25FA010,2026-03-20,1795030.07,Department of Defense,Department of the Army,DELIVERY ORDER,2026-03-20,342.6732,346.4886,-1.1,311.1606,2026-04-27,25,-9.2,393.19,2026-07-28,88,14.74,26.36,60.0,85.0,,,,,,0.46,1.94,0.28,-0.74,1.62,-2.62,-5.42,1.42,0.13,5.79,11.53
BA,THE BOEING COMPANY,N6893624F0758,2025-08-28,-1760219.3,Department of Defense,Department of the Navy,DELIVERY ORDER,2025-08-28,236.16,235.62,0.23,179.12,2025-11-24,61,-24.15,237.38,2025-09-02,2,0.52,32.53,,,,,,,,-0.63,-1.6,-2.77,-2.81,-8.56,-8.68,-8.08,-10.77,-14.88,-23.91,-3.4
ETN,"EATON AEROSPACE, LLC",SPRRA224C0013,2026-01-21,0.0,Department of Defense,Defense Logistics Agency,DEFINITIVE CONTRACT,2026-01-21,335.1564,334.7894,0.11,328.4723,2026-01-23,2,-1.99,430.7569,2026-04-30,69,28.52,31.14,8.0,12.0,15.0,60.0,,,,-1.16,-1.68,2.77,3.98,8.0,11.69,10.48,4.98,5.99,20.57,19.08
BAH,BOOZ ALLEN HAMILTON INC,75N94019F00354,2025-09-05,-27290.99,Department of Health and Human Services,National Institutes of Health,DELIVERY ORDER,2025-09-05,100.2553,100.9893,-0.73,78.7024,2025-11-20,54,-21.5,102.3789,2025-09-12,5,2.12,30.08,,,,,,,,-0.74,0.05,2.12,-0.61,-0.3,-4.8,1.16,-4.3,-14.64,-19.0,-5.34
LMT,LOCKHEED MARTIN CORPORATION,FA820525F0729,2025-09-30,39809361.53,Department of Defense,Department of the Air Force,DELIVERY ORDER,2025-09-30,489.6455,482.5541,1.47,434.0461,2025-12-01,43,-11.36,630.8141,2026-02-09,90,28.83,45.33,67.0,71.0,73.0,81.0,,,,-0.04,1.06,2.38,1.71,1.2,1.34,-2.78,-8.44,-9.82,-1.96,28.83
NOC,NORTHROP GRUMMAN SYSTEMS CORPORATION,FA865022C5705,2025-12-02,0.0,Department of Defense,Department of the Air Force,DEFINITIVE CONTRACT,2025-12-02,542.8346,541.3857,0.27,542.8346,2025-12-02,0,0.0,764.6547,2026-03-02,60,40.86,40.86,9.0,22.0,27.0,31.0,52.0,,,1.16,0.37,0.67,2.39,3.98,6.89,7.07,19.68,29.64,40.86,24.74
BAH,BOOZ ALLEN HAMILTON INC,N6660422F3007,2026-03-03,12949597.0,Department of Defense,Department of the Navy,DELIVERY ORDER,2026-03-03,78.6081,77.2284,1.79,59.71,2026-06-25,79,-24.04,83.4516,2026-04-07,24,6.16,39.76,23.0,,,,,,,-1.07,3.4,-2.12,-2.64,-2.63,0.88,1.48,3.91,-3.69,2.34,-17.57
BA,THE BOEING COMPANY,FA300220F0037,2025-10-27,-11269.59,Department of Defense,Department of the Air Force,DELIVERY ORDER,2025-10-27,223.0,221.35,0.75,179.12,2025-11-24,20,-19.68,252.15,2026-01-23,60,13.07,40.77,51.0,55.0,,,,,,0.15,-10.28,-8.27,-11.38,-12.64,-12.77,-18.19,-10.15,-2.64,13.07,0.9
GD,"GENERAL DYNAMICS GLOBAL FORCE, LLC",W909MY25F0055,2025-08-27,3520473.21,Department of Defense,Department of the Army,DELIVERY ORDER,2025-08-27,319.8178,316.5947,1.02,315.7594,2025-09-09,8,-1.27,356.0146,2026-01-06,90,11.32,12.75,26.0,90.0,,,,,,-0.17,-0.33,-0.93,-0.84,1.28,-0.06,1.5,5.32,6.36,4.75,11.32
NOC,NORTHROP GRUMMAN SYSTEMS CORPORATION,FA857624F0044,2026-03-31,0.0,Department of Defense,Defense Contract Management Agency,DELIVERY ORDER,2026-03-31,679.2505,668.6472,1.59,496.02,2026-06-29,61,-26.98,699.4217,2026-04-02,2,2.97,41.01,,,,,,,,2.16,1.99,0.77,-1.25,-0.53,-10.42,-15.06,-19.12,-19.74,-26.39,-14.92
BAH,BOOZ ALLEN HAMILTON INC,HDTRA123F0021,2025-09-27,8794703.64,Department of Defense,Defense Threat Reduction Agency,DELIVERY ORDER,2025-09-29,96.7716,96.9575,-0.19,78.7024,2025-11-20,38,-18.67,101.8113,2025-10-07,6,5.21,29.36,4.0,,,,,,,1.07,4.27,4.8,4.09,-2.63,-0.86,-13.48,-11.72,-16.9,-13.84,-9.4
HII,HUNTINGTON INGALLS INCORPORATED,N0002424C2312,2026-03-10,1417640.0,Department of Defense,Department of the Navy,DEFINITIVE CONTRACT,2026-03-10,415.7145,427.7326,-2.81,269.13,2026-07-17,89,-35.26,426.1494,2026-03-18,6,2.51,58.34,,,,,,,,-0.91,-0.43,1.3,0.22,-3.7,-11.6,-3.39,-12.13,-19.95,-29.15,-35.04
IBM,INTERNATIONAL BUSINESS MACHINES CORPORATION,SP470922F0088,2026-03-26,-149387.54,Department of Defense,Defense Logistics Agency,DELIVERY ORDER,2026-03-26,238.1956,237.9196,0.12,204.3044,2026-07-22,80,-14.23,326.8851,2026-06-02,46,37.23,60.0,17.0,43.0,44.0,44.0,45.0,,,-2.21,0.3,2.69,1.41,-4.51,3.86,-5.64,-4.23,33.56,10.44,-1.66
LMT,LOCKHEED MARTIN CORPORATION,W31P4Q23C0035,2026-02-18,1371005.01,Department of Defense,Department of the Army,DEFINITIVE CONTRACT,2026-02-18,642.1992,641.9719,0.04,491.64,2026-06-24,87,-23.44,672.2988,2026-03-02,8,4.69,36.75,,,,,,,,2.57,1.66,-0.36,1.27,2.8,0.75,-1.38,-4.45,-18.04,-19.49,-21.82
BA,THE BOEING COMPANY,FA880819C0001,2026-01-08,263197.04,Department of Defense,Department of the Air Force,DEFINITIVE CONTRACT,2026-01-08,227.38,228.12,-0.32,189.21,2026-03-30,55,-16.79,252.15,2026-01-23,10,10.89,33.26,2.0,9.0,,,,,,3.14,7.55,8.95,9.51,10.89,2.93,7.62,1.35,-6.12,-7.64,-5.44
LMT,LOCKHEED MARTIN CORPORATION,H9225426FE039,2026-03-24,635000.0,Department of Defense,U.S. Special Operations Command,DELIVERY ORDER,2026-03-24,606.2015,612.2419,-0.99,491.64,2026-06-24,63,-18.9,633.7512,2026-04-06,8,4.54,28.91,,,,,,,,2.3,0.93,-0.95,2.07,3.0,0.23,-13.17,-15.72,-11.96,-15.71,-3.28
LMT,LOCKHEED MARTIN CORPORATION,N0003923C9000,2026-01-22,639017.0,Department of Defense,Department of the Navy,DEFINITIVE CONTRACT,2026-01-22,586.9539,579.3638,1.31,503.2157,2026-05-08,74,-14.27,672.2988,2026-03-02,26,14.54,33.6,6.0,19.0,,,,,,-0.52,0.18,4.82,7.09,2.57,5.86,11.23,13.71,4.24,-1.61,-12.53
BAH,BOOZ ALLEN HAMILTON INC,47QFPA22F0007,2026-02-26,13246619.95,General Services Administration,Federal Acquisition Service,DELIVERY ORDER,2026-02-26,79.1738,74.5486,6.2,59.71,2026-06-25,82,-24.58,83.4516,2026-04-07,27,5.4,39.76,27.0,,,,,,,-1.18,-0.71,0.04,2.08,-3.33,-1.39,-1.6,-2.01,-1.83,-1.37,-20.83
BAH,BOOZ ALLEN HAMILTON INC,FA807525F0024,2025-08-21,181752.93,Department of Defense,Department of the Air Force,DELIVERY ORDER,2025-08-21,106.6357,106.8705,-0.22,78.7024,2025-11-20,64,-26.2,108.3971,2025-08-27,4,1.65,37.73,,,,,,,,0.88,1.19,-0.69,1.02,-5.98,-4.71,-8.42,-4.54,-16.12,-23.41,-21.35
ACN,ACCENTURE FEDERAL SERVICES LLC,SP470125F0258,2025-09-17,1749812.92,Department of Defense,Defense Logistics Agency,BPA CALL,2025-09-17,236.3693,232.0287,1.87,227.8645,2025-09-25,6,-3.6,282.7142,2026-01-14,82,19.61,24.07,29.0,54.0,78.0,,,,,-0.7,-0.52,-0.9,-0.94,1.02,4.14,-2.99,2.7,-0.07,12.08,14.33
ACN,ACCENTURE FEDERAL SERVICES LLC,140G0224F0336,2025-08-25,4038009.24,Department of the Interior,U.S. Geological Survey,DELIVERY ORDER,2025-08-25,250.8802,253.9862,-1.22,227.8645,2025-09-25,22,-9.17,269.1145,2025-12-15,78,7.27,18.1,70.0,,,,,,,-0.25,0.05,0.05,-1.21,-1.59,-7.1,-6.63,-1.88,-1.05,-6.27,1.52
LMT,LOCKHEED MARTIN CORPORATION,FA300224F0147,2025-10-02,1828171.47,Department of Defense,Department of the Air Force,DELIVERY ORDER,2025-10-02,489.7927,489.4396,0.07,434.0461,2025-12-01,41,-11.38,630.8141,2026-02-09,88,28.79,45.33,65.0,69.0,71.0,79.0,,,,1.03,2.35,1.68,0.9,-1.22,-2.45,-1.5,-8.71,-8.76,-1.36,26.86
CACI,"CACI NSS, LLC",FA872625FB048,2025-12-15,6547607.61,Department of Defense,Department of the Air Force,BPA CALL,2025-12-15,567.41,572.45,-0.88,501.9,2026-04-27,90,-11.55,662.19,2026-01-23,26,16.7,31.94,17.0,21.0,25.0,,,,,-1.27,-3.25,-3.07,-4.05,-5.01,-1.4,10.59,9.82,3.28,6.93,-11.55
ACN,ACCENTURE FEDERAL SERVICES LLC,89303025FIM000170,2025-09-15,310454.73,Department of Energy,Department of Energy,BPA CALL,2025-09-15,233.0673,233.7238,-0.28,227.8645,2025-09-25,8,-2.23,282.7143,2026-01-14,84,21.3,24.07,16.0,56.0,64.0,84.0,,,,-0.45,0.71,0.89,0.51,3.84,3.13,2.66,5.42,1.45,13.31,18.16
HII,HUNTINGTON INGALLS INCORPORATED,N0002418C2406,2025-09-08,0.0,Department of Defense,Department of the Navy,DEFINITIVE CONTRACT,2025-09-08,266.7654,267.9414,-0.44,263.9292,2025-09-09,1,-1.06,415.7595,2026-01-15,90,55.85,57.53,16.0,34.0,38.0,46.0,74.0,88.0,,-1.06,2.27,1.14,0.93,2.3,3.27,5.72,5.86,18.05,14.3,55.85
GE,GENERAL ELECTRIC COMPANY,HR001118C0040,2025-09-19,-10045.12,Department of Defense,Defense Contract Management Agency,DEFINITIVE CONTRACT,2025-09-19,299.6184,295.5889,1.36,282.5118,2025-12-10,57,-5.71,326.6564,2026-01-06,74,9.02,15.63,67.0,,,,,,,-0.04,-0.28,-2.05,0.02,-1.25,-0.47,0.63,2.72,-4.43,0.07,-0.52
LDOS,"LEIDOS, INC.",FA945122C0002,2025-08-26,500000.0,Department of Defense,Department of the Air Force,DEFINITIVE CONTRACT,2025-08-26,180.4545,179.7222,0.41,175.8627,2025-09-03,5,-2.54,197.9062,2025-11-04,49,9.67,12.53,25.0,,,,,,,0.57,-0.78,-2.54,-1.84,-1.09,0.34,0.22,8.95,3.41,3.97,7.68
HII,HUNTINGTON INGALLS INCORPORATED,N0002418C2307,2025-11-21,77236.0,Department of Defense,Department of the Navy,DEFINITIVE CONTRACT,2025-11-21,301.8974,298.2804,1.21,301.8974,2025-11-21,0,0.0,451.7788,2026-03-02,66,49.65,49.65,12.0,19.0,20.0,29.0,33.0,,,1.45,2.89,0.82,1.67,3.86,7.49,16.56,17.2,40.66,43.87,34.45
NOC,NORTHROP GRUMMAN SYSTEMS CORPORATION,70B02C20C00000024,2026-03-12,100000.0,Department of Homeland Security,U.S. Customs and Border Protection,DEFINITIVE CONTRACT,2026-03-12,733.0736,729.9673,0.43,496.02,2026-06-29,74,-32.34,733.0736,2026-03-12,0,0.0,47.79,,,,,,,,-0.35,-1.67,-3.01,-7.65,-6.02,-5.34,-7.47,-21.89,-26.57,-26.23,-28.35
LMT,LOCKHEED MARTIN CORPORATION,FA830724CB003,2025-12-02,186000.0,Department of Defense,Department of the Air Force,DEFINITIVE CONTRACT,2025-12-02,436.6452,434.0461,0.6,436.6452,2025-12-02,0,0.0,672.2988,2026-03-02,60,53.97,53.97,4.0,18.0,22.0,26.0,30.0,53.0,,1.13,2.35,5.67,7.48,7.98,9.45,12.51,30.8,41.14,53.97,39.15
BA,THE BOEING COMPANY,FA852620F0001,2025-09-16,-352677.32,Department of Defense,Defense Contract Management Agency,DELIVERY ORDER,2025-09-16,215.02,215.75,-0.34,179.12,2025-11-24,49,-16.7,252.15,2026-01-23,89,17.27,40.77,75.0,81.0,84.0,,,,,-0.18,0.29,0.61,-0.69,0.38,2.19,-0.47,3.86,-11.81,-7.58,15.54
NOC,NORTHROP GRUMMAN SYSTEMS CORPORATION,N0001924F0064,2025-09-25,300000.0,Department of Defense,Department of the Navy,DELIVERY ORDER,2025-09-25,578.9947,579.4888,-0.09,541.3857,2025-12-01,46,-6.5,699.65,2026-02-03,89,20.84,29.23,7.0,76.0,82.0,89.0,,,,1.49,4.02,3.28,5.59,8.41,3.95,3.38,-2.36,-2.31,-2.56,18.23
BA,THE BOEING COMPANY,SPE4AX26F3118,2025-12-02,0.0,Department of Defense,Defense Logistics Agency,DELIVERY ORDER,2025-12-02,205.38,186.46,10.15,189.21,2026-03-30,80,-7.87,252.15,2026-01-23,35,22.77,33.26,14.0,21.0,27.0,30.0,,,,-1.38,-1.7,-2.44,-2.27,0.65,5.58,10.9,20.63,18.33,11.86,8.95
LMT,LOCKHEED MARTIN CORPORATION,FA861122F0003,2025-11-24,54240029.66,Department of Defense,Department of the Air Force,DELIVERY ORDER,2025-11-24,442.4181,451.9518,-2.11,434.0461,2025-12-01,4,-1.89,672.2988,2026-03-02,65,51.96,54.89,12.0,26.0,28.0,31.0,36.0,65.0,,0.3,1.51,-1.3,0.15,4.3,8.21,8.51,15.81,41.67,47.57,40.96
CACI,"CACI, INC. - FEDERAL",FA807524F0042,2026-01-23,72913.84,Department of Defense,Department of the Air Force,DELIVERY ORDER,2026-01-23,662.19,655.46,1.03,480.99,2026-05-08,73,-27.36,662.19,2026-01-23,0,0.0,37.67,,,,,,,,-2.93,-3.62,-6.28,-6.55,-6.6,-15.22,-11.5,-4.38,-15.66,-21.72,-20.25
NOC,NORTHROP GRUMMAN SYSTEMS CORPORATION,FA863824F0011,2025-12-10,2243991.0,Department of Defense,Department of the Air Force,DELIVERY ORDER,2025-12-10,551.1612,546.467,0.86,551.1612,2025-12-10,0,0.0,764.6547,2026-03-02,54,38.74,38.74,8.0,16.0,23.0,25.0,46.0,,,0.84,3.68,1.59,2.36,4.86,2.67,13.32,19.02,26.25,32.77,6.51
AVAV,"AEROVIRONMENT, INC",FA862926FB002,2025-10-24,0.0,Department of Defense,Department of the Air Force,DELIVERY ORDER,2025-10-24,378.54,364.28,3.91,208.32,2026-03-02,86,-44.97,392.86,2026-01-16,57,3.78,88.58,,,,,,,,0.42,0.56,-2.28,-3.56,-12.92,-21.94,-26.83,-25.38,-35.54,-17.55,-39.29
ACN,ACCENTURE FEDERAL SERVICES LLC,W519TC24F0049,2026-01-29,4804366.0,Department of Defense,Department of the Army,DELIVERY ORDER,2026-01-29,255.9459,264.9699,-3.41,157.7433,2026-05-13,72,-38.37,261.4034,2026-02-02,2,2.13,65.71,,,,,,,,0.93,-7.66,-10.58,-9.36,-15.0,-17.71,-21.17,-24.72,-23.84,-31.68,-33.03
HON,HONEYWELL INTERNATIONAL INC.,W58RGZ23F0468,2026-03-23,-858500.0,Department of Defense,Department of the Army,DELIVERY ORDER,2026-03-23,232.6073,231.0323,0.68,215.9203,2026-06-10,55,-7.17,249.4599,2026-05-29,47,7.25,15.53,12.0,,,,,,,-0.65,0.97,0.21,2.33,0.37,4.77,-1.36,-6.26,4.4,3.07,4.49
LMT,LOCKHEED MARTIN CORPORATION,H9225425F2890,2026-01-28,68027.0,Department of Defense,U.S. Special Operations Command,DELIVERY ORDER,2026-01-28,590.2745,587.9818,0.39,503.2157,2026-05-08,70,-14.75,672.2988,2026-03-02,22,13.9,33.6,2.0,15.0,,,,,,4.23,6.48,0.92,4.41,5.26,8.8,10.18,9.88,4.82,-13.58,-11.89
CACI,"CACI AZURE SUMMIT TECHNOLOGY, LLC",SPRPA126PZA06,2026-02-10,0.0,Department of Defense,Defense Logistics Agency,PURCHASE ORDER,2026-02-10,625.8,637.27,-1.8,449.72,2026-06-22,90,-28.14,633.21,2026-03-09,18,1.18,40.8,,,,,,,,-8.46,-8.39,-9.4,-6.36,-5.72,0.63,-2.1,-7.49,-15.29,-21.72,-28.14
LMT,LOCKHEED MARTIN CORPORATION,H9225423F2739,2025-12-17,0.0,Department of Defense,U.S. Special Operations Command,DELIVERY ORDER,2025-12-17,469.2291,471.4725,-0.48,464.6336,2025-12-18,1,-0.98,672.2988,2026-03-02,49,43.28,44.69,11.0,15.0,16.0,18.0,28.0,,,-0.98,1.85,2.31,2.97,4.69,9.19,21.33,33.95,39.94,34.73,7.94
GD,"GENERAL DYNAMICS MISSION SYSTEMS, INC.",FA205725CB002,2025-08-21,1638896.18,Department of Defense,Department of the Air Force,DEFINITIVE CONTRACT,2025-08-21,311.0426,311.9762,-0.3,311.0426,2025-08-21,0,0.0,349.165,2025-10-27,46,12.26,12.26,27.0,45.0,,,,,,0.97,1.78,2.65,2.48,2.0,4.14,1.94,8.56,11.3,9.24,7.72
NOC,NORTHROP GRUMMAN SYSTEMS CORPORATION,FA861222FB006,2025-12-17,3500000.0,Department of Defense,Department of the Air Force,DELIVERY ORDER,2025-12-17,559.9244,564.4202,-0.8,555.2898,2025-12-18,1,-0.83,764.6547,2026-03-02,49,36.56,37.7,11.0,16.0,18.0,26.0,42.0,,,-0.83,3.63,3.22,2.41,3.81,4.71,16.5,21.42,29.4,28.74,1.78
LDOS,"LEIDOS, INC.",693JJ324F00454N,2025-11-18,0.0,Department of Transportation,Federal Highway Administration,DELIVERY ORDER,2025-11-18,187.5522,187.2349,0.17,153.6473,2026-03-30,89,-18.08,197.153,2026-01-09,35,5.12,28.32,35.0,,,,,,,0.04,-1.39,1.26,1.05,-0.35,-2.2,-3.97,-2.76,0.43,-14.39,-17.37
LDOS,"LEIDOS, INC.",47QFCA21C0002,2025-08-19,-24138.0,General Services Administration,Federal Acquisition Service,DEFINITIVE CONTRACT,2025-08-19,176.882,176.2684,0.35,175.8627,2025-09-03,10,-0.58,197.9062,2025-11-04,54,11.89,12.53,22.0,33.0,,,,,,0.79,1.68,2.02,1.47,-0.58,0.16,4.93,7.45,5.67,8.22,4.45
LMT,LOCKHEED MARTIN CORPORATION,N0002418C2300,2026-01-26,0.0,Department of Defense,Department of the Navy,DEFINITIVE CONTRACT,2026-01-26,574.8474,583.9001,-1.55,503.2157,2026-05-08,72,-12.46,672.2988,2026-03-02,24,16.95,33.6,3.0,14.0,24.0,,,,,2.28,7.02,9.34,3.63,9.74,12.19,11.32,12.55,4.46,-4.01,-9.71
LMT,LOCKHEED MARTIN CORPORATION,W56KGY23F0030,2025-12-10,1002.73,Department of Defense,Department of the Army,DELIVERY ORDER,2025-12-10,462.4593,461.4216,0.22,462.4593,2025-12-10,0,0.0,672.2988,2026-03-02,54,45.37,45.37,15.0,17.0,20.0,23.0,33.0,,,1.48,3.52,1.46,1.32,3.81,3.36,17.8,24.3,38.82,39.9,19.32
WWD,WOODWARD HRT INC,N0038325C002B,2026-02-23,0.0,Department of Defense,Department of the Navy,DEFINITIVE CONTRACT,2026-02-23,392.4173,393.6762,-0.32,341.2133,2026-03-30,25,-13.05,436.44,2026-06-25,85,11.22,27.91,79.0,80.0,,,,,,0.51,-1.28,2.49,-1.98,-2.09,-9.16,-6.05,-4.48,-7.33,-12.2,6.52
LDOS,"LEIDOS, INC.",FA873017C0036,2025-12-09,2147158.0,Department of Defense,Department of the Air Force,DEFINITIVE CONTRACT,2025-12-09,183.4265,184.091,-0.36,152.3419,2026-04-10,83,-16.95,197.153,2026-01-09,21,7.48,29.41,17.0,,,,,,,1.82,2.58,-1.28,-1.81,0.97,-0.64,7.48,3.63,-4.46,-2.7,-16.77
LMT,LOCKHEED MARTIN CORPORATION,W31P4Q23C0014,2025-11-04,32000.0,Department of Defense,Department of the Army,DEFINITIVE CONTRACT,2025-11-04,475.6882,478.5915,-0.61,434.0461,2025-12-01,18,-8.75,672.2988,2026-03-02,79,41.33,54.89,41.0,45.0,47.0,49.0,59.0,,,-2.44,-5.49,-5.75,-6.01,-2.12,-6.99,-6.85,-1.36,12.8,32.14,32.9
LDOS,"LEIDOS, INC.",N0003924F7268,2025-08-18,138400.0,Department of Defense,Department of the Navy,DELIVERY ORDER,2025-08-18,176.2684,175.7835,0.28,175.8627,2025-09-03,11,-0.23,197.9062,2025-11-04,55,12.28,12.53,22.0,33.0,,,,,,0.35,1.3,1.96,2.96,1.56,0.16,3.41,6.32,8.68,11.54,5.24
ACN,ACCENTURE FEDERAL SERVICES LLC,FA714624F0002,2025-12-05,0.0,Department of Defense,Department of the Air Force,DELIVERY ORDER,2025-12-05,261.2074,263.9019,-1.02,177.3969,2026-04-10,85,-32.09,282.7142,2026-01-14,26,8.23,59.37,22.0,,,,,,,-0.03,2.11,1.86,2.04,2.12,1.69,2.77,5.3,-13.56,-19.73,-25.23
BAH,BOOZ ALLEN HAMILTON INC,47QFSA23F0008,2026-03-24,812093.88,General Services Administration,Federal Acquisition Service,DELIVERY ORDER,2026-03-24,78.2905,79.3028,-1.28,59.71,2026-06-25,64,-23.73,83.4516,2026-04-07,9,6.59,39.76,7.0,,,,,,,1.57,-0.49,-1.08,5.39,3.45,3.22,0.16,-3.3,2.75,-15.24,-9.12
GD,"GENERAL DYNAMICS INFORMATION TECHNOLOGY, INC.",HDTRA125FE047,2026-01-28,521507.36,Department of Defense,Defense Threat Reduction Agency,DELIVERY ORDER,2026-01-28,353.4752,363.3259,-2.71,311.1606,2026-04-27,61,-11.97,362.8304,2026-03-04,24,2.65,16.61,,,,,,,,-1.89,-2.89,-0.93,0.95,-2.9,-2.02,0.1,-0.41,-2.13,-11.78,-3.99
LMT,LOCKHEED MARTIN CORPORATION,FA823218C0011,2025-08-27,-469350.0,Department of Defense,Department of the Air Force,DEFINITIVE CONTRACT,2025-08-27,442.5342,443.4982,-0.22,434.0461,2025-12-01,66,-1.92,515.9257,2026-01-06,90,16.58,18.86,13.0,23.0,90.0,,,,,0.38,0.29,1.26,1.76,4.33,4.86,8.04,12.54,8.54,3.79,16.58
ACN,ACCENTURE FEDERAL SERVICES LLC,91003119F0003,2026-03-02,0.0,Department of Education,Department of Education,DELIVERY ORDER,2026-03-02,201.7722,204.5059,-1.34,122.9615,2026-06-30,83,-39.06,210.6591,2026-03-06,4,4.4,71.32,,,,,,,,1.92,3.92,1.67,-2.16,-3.21,-2.88,-3.71,-6.77,-12.34,-13.63,-32.98
BAH,BOOZ ALLEN HAMILTON INC,FA807522F0052,2026-04-07,653956.0,Department of Defense,Department of the Air Force,DELIVERY ORDER,2026-04-07,83.4516,83.0844,0.44,59.71,2026-06-25,55,-28.45,83.4516,2026-04-07,0,0.0,39.76,,,,,,,,-2.95,-7.03,-3.16,-1.65,-3.66,-9.38,-9.28,-8.42,-7.38,-25.17,-7.18
GD,"GENERAL DYNAMICS ORDNANCE & TACTICAL SYSTEMS, INC.",W519TC24F0161,2025-09-04,0.0,Department of Defense,Department of the Army,DELIVERY ORDER,2025-09-04,316.8502,317.2137,-0.11,315.7594,2025-09-09,3,-0.34,358.571,2026-01-13,90,13.17,13.56,18.0,37.0,,,,,,0.13,-0.34,2.23,1.41,0.66,0.37,6.57,2.98,6.0,6.42,13.17
LDOS,"LEIDOS, INC.",N0016722F3005,2025-10-16,0.0,Department of Defense,Department of the Navy,DELIVERY ORDER,2025-10-16,182.891,185.0332,-1.16,160.5633,2026-02-17,83,-12.21,197.9062,2025-11-04,13,8.21,23.26,13.0,,,,,,,0.05,4.74,3.79,2.55,3.53,5.78,3.8,3.63,0.37,6.5,-4.42
LDOS,"LEIDOS, INC.",N0003925F7451,2025-09-26,635599.85,Department of Defense,Department of the Navy,DELIVERY ORDER,2025-09-26,183.3769,180.8578,1.39,179.3204,2025-12-31,66,-2.21,197.9062,2025-11-04,27,7.92,10.36,5.0,,,,,,,0.38,3.64,5.78,6.54,1.69,-0.27,2.28,6.53,1.9,0.85,0.87
NOC,NORTHROP GRUMMAN SYSTEMS CORPORATION,FA229124FB011,2026-03-12,7600000.0,Department of Defense,Department of the Air Force,DELIVERY ORDER,2026-03-12,733.0736,729.9673,0.43,496.02,2026-06-29,74,-32.34,733.0736,2026-03-12,0,0.0,47.79,,,,,,,,-0.35,-1.67,-3.01,-7.65,-6.02,-5.34,-7.47,-21.89,-26.57,-26.23,-28.35
LMT,LOCKHEED MARTIN CORP,FA865021C5408,2025-08-25,127160.0,Department of Defense,Department of the Air Force,DEFINITIVE CONTRACT,2025-08-25,435.9614,434.4814,0.34,434.0461,2025-12-01,68,-0.44,504.3876,2025-10-06,29,15.7,16.21,12.0,24.0,29.0,,,,,1.73,1.89,1.8,2.78,2.83,6.47,9.4,14.98,9.29,6.8,12.68
LMT,LOCKHEED MARTIN CORPORATION,SPRRA225F0170,2025-09-29,0.0,Department of Defense,Defense Logistics Agency,DELIVERY ORDER,2025-09-29,482.5541,478.1011,0.93,434.0461,2025-12-01,44,-10.05,628.5509,2026-02-02,86,30.26,44.81,68.0,71.0,74.0,78.0,86.0,,,1.47,1.5,4.52,4.48,2.41,0.64,-1.26,-8.11,-9.51,-1.17,27.71
GD,"GENERAL DYNAMICS INFORMATION TECHNOLOGY, INC.",47QFCA24F0014,2025-09-24,2076082.0,General Services Administration,Federal Acquisition Service,DELIVERY ORDER,2025-09-24,318.0097,317.597,0.13,318.0097,2025-09-24,0,0.0,364.0791,2026-01-16,79,14.49,14.49,4.0,70.0,,,,,,0.25,2.64,5.29,6.18,7.05,4.13,5.99,6.43,5.54,4.7,10.73
NOC,NORTHROP GRUMMAN SYSTEMS CORPORATION,SPRTA123F0626,2025-11-19,0.0,Department of Defense,Defense Logistics Agency,DELIVERY ORDER,2025-11-19,558.4648,560.2045,-0.31,541.3857,2025-12-01,7,-3.06,764.6547,2026-03-02,68,36.92,41.24,30.0,35.0,37.0,45.0,61.0,,,0.42,0.1,0.37,-3.06,-1.73,-1.31,1.02,8.64,20.62,28.81,24.26
NOC,NORTHROP GRUMMAN SYSTEMS CORPORATION,N0017826PC602,2026-03-26,1497880.0,Department of Defense,Department of the Navy,PURCHASE ORDER,2026-03-26,688.9578,688.1812,0.11,496.02,2026-06-29,64,-28.0,699.4217,2026-04-02,5,1.52,41.01,,,,,,,,-1.88,-1.41,1.52,-0.22,-2.64,-2.78,-16.87,-20.59,-21.73,-25.51,-19.09
ACN,ACCENTURE FEDERAL SERVICES LLC,89603024F0002,2025-12-16,14542300.0,Department of Energy,Federal Energy Regulatory Commission,BPA CALL,2025-12-16,266.5474,269.1145,-0.95,174.8674,2026-04-27,89,-34.4,282.7142,2026-01-14,19,6.07,61.67,19.0,,,,,,,0.62,0.08,-0.47,-0.35,-1.37,0.71,5.21,-3.09,-26.05,-26.74,-34.11
BA,THE BOEING COMPANY,FA863423F0048,2026-01-20,300000.0,Department of Defense,Department of the Air Force,DELIVERY ORDER,2026-01-20,249.0,247.68,0.53,189.21,2026-03-30,48,-24.01,252.15,2026-01-23,3,1.27,33.26,,,,,,,,0.43,1.27,-1.78,-6.01,-6.37,-1.72,-6.14,-8.71,-19.84,-12.1,-7.17
NOC,NORTHROP GRUMMAN SYSTEMS CORPORATION,FA863825FB001,2026-01-26,0.0,Department of Defense,Department of the Air Force,DELIVERY ORDER,2026-01-26,655.9727,667.8622,-1.78,526.06,2026-06-03,89,-19.8,764.6547,2026-03-02,24,16.57,45.36,3.0,17.0,24.0,,,,,2.69,5.2,3.64,4.35,5.61,6.29,6.8,11.55,3.55,-10.51,-16.89
LMT,LOCKHEED MARTIN CORPORATION,W31P4Q25F0179,2026-02-17,0.0,Department of Defense,Department of the Army,DELIVERY ORDER,2026-02-17,641.9719,644.9368,-0.46,491.64,2026-06-24,88,-23.42,672.2988,2026-03-02,9,4.72,36.75,,,,,,,,0.04,1.34,2.29,-1.22,3.35,2.78,-0.6,-6.47,-14.04,-19.54,-20.96
BA,THE BOEING COMPANY,FA862516C6599,2026-03-19,0.0,Department of Defense,Defense Contract Management Agency,DEFINITIVE CONTRACT,2026-03-19,201.18,205.99,-2.34,189.21,2026-03-30,7,-5.95,240.6,2026-05-13,38,19.59,27.16,11.0,16.0,24.0,,,,,-3.01,-2.37,-3.39,-5.95,3.5,9.38,11.88,13.02,8.87,13.8,6.38
LMT,LOCKHEED MARTIN CORPORATION,H9225426FE044,2026-03-12,639970.0,Department of Defense,U.S. Special Operations Command,DELIVERY ORDER,2026-03-12,648.584,645.2458,0.52,491.64,2026-06-24,71,-24.2,648.584,2026-03-12,0,0.0,31.92,,,,,,,,-1.05,-2.53,-2.35,-5.6,-3.91,-5.39,-5.08,-21.35,-20.96,-19.81,-20.69
LMT,LOCKHEED MARTIN CORP,FA862522F3011,2025-10-28,0.0,Department of Defense,Department of the Air Force,DELIVERY ORDER,2025-10-28,476.463,477.5812,-0.23,434.0461,2025-12-01,23,-8.9,672.2988,2026-03-02,84,41.1,54.89,46.0,50.0,52.0,55.0,64.0,,,-0.09,1.26,-0.16,-3.47,-5.91,-3.09,-6.51,-2.94,3.1,20.65,35.79
NOC,NORTHROP GRUMMAN SYSTEMS CORPORATION,FA462523C0003,2026-01-27,5300.0,Department of Defense,Department of the Air Force,DEFINITIVE CONTRACT,2026-01-27,673.6084,655.9727,2.69,526.06,2026-06-03,88,-21.9,764.6547,2026-03-02,23,13.52,45.36,15.0,23.0,,,,,,1.53,1.99,3.87,2.62,0.92,3.3,5.07,8.37,3.02,-13.14,-19.18
LMT,LOCKHEED MARTIN CORPORATION,N0002409C6247,2026-03-05,0.0,Department of Defense,Defense Contract Management Agency,DEFINITIVE CONTRACT,2026-03-05,650.7399,660.1583,-1.43,491.64,2026-06-24,76,-24.45,667.4009,2026-03-06,1,2.56,35.75,,,,,,,,2.56,-0.58,-0.33,-1.5,-2.67,-4.7,-2.61,-9.59,-22.67,-20.63,-20.94
TXT,TEXTRON AVIATION INC,W58RGZ23F0553,2026-01-08,0.0,Department of Defense,Department of the Army,DELIVERY ORDER,2026-01-08,91.6704,88.5418,3.53,85.9317,2026-03-30,55,-6.26,100.7265,2026-02-20,29,9.88,17.22,8.0,,,,,,,2.31,1.95,2.02,1.58,3.59,-4.24,4.1,7.73,0.19,-4.37,-3.83
GD,"GENERAL DYNAMICS GLOBAL FORCE, LLC",W56JSR21F0043,2025-09-09,-3974899.89,Department of Defense,Department of the Army,DELIVERY ORDER,2025-09-09,315.7594,317.1253,-0.43,315.7594,2025-09-09,0,0.0,364.0791,2026-01-16,90,15.3,15.3,15.0,34.0,89.0,,,,,0.54,1.5,1.58,1.01,0.58,3.37,7.81,6.49,10.16,5.68,15.3
BA,"BOEING AEROSPACE OPERATIONS, INC.",FA231824FB011,2026-02-25,34914.88,Department of Defense,Department of the Air Force,DELIVERY ORDER,2026-02-25,230.36,233.39,-1.3,189.21,2026-03-30,23,-17.86,240.6,2026-05-13,54,4.45,27.16,,,,,,,,-0.41,-0.27,-1.32,0.33,-7.06,-8.48,-15.63,-4.47,-0.58,-4.67,0.57
TXT,BELL TEXTRON INC,W58RGZ25F0058,2025-10-27,14301.08,Department of Defense,Department of the Army,DELIVERY ORDER,2025-10-27,80.4167,81.1662,-0.92,79.3674,2025-10-30,3,-1.3,100.7265,2026-02-20,79,25.26,26.91,31.0,38.0,51.0,73.0,,,,-0.65,-1.3,-0.61,-0.25,1.98,0.31,3.04,4.26,8.35,18.08,17.01
BA,THE BOEING COMPANY,W58RGZ16C0023,2025-11-13,0.0,Department of Defense,Department of the Army,DEFINITIVE CONTRACT,2025-11-13,194.58,195.5,-0.47,179.12,2025-11-24,7,-7.95,252.15,2026-01-23,47,29.59,40.77,12.0,25.0,33.0,38.0,,,,-0.03,-2.54,-7.81,-7.95,-2.87,3.75,5.61,11.65,28.52,21.42,-0.11
ACN,ACCENTURE FEDERAL SERVICES LLC,19AQMM25F7037,2026-01-08,16439.71,Department of State,Department of State,BPA CALL,2026-01-08,276.1299,268.4482,2.86,157.7433,2026-05-13,86,-42.87,282.7143,2026-01-14,4,2.38,79.22,,,,,,,,-0.41,-1.78,2.11,-3.23,-0.27,-7.31,-15.99,-28.61,-29.28,-29.99,-36.73
NOC,NORTHROP GRUMMAN SYSTEMS CORPORATION,HQ072724F1412,2026-02-24,0.0,Department of Defense,Defense Contract Management Agency,DELIVERY ORDER,2026-02-24,724.5411,722.2114,0.32,496.02,2026-06-29,86,-31.54,764.6547,2026-03-02,4,5.54,54.16,4.0,,,,,,,-3.31,-0.46,4.31,1.69,1.0,1.13,-5.02,-5.53,-21.34,-24.12,-24.4
NOC,NORTHROP GRUMMAN SYSTEMS CORPORATION,FA865023C9313,2025-12-11,5000000.0,Department of Defense,Department of the Air Force,DEFINITIVE CONTRACT,2025-12-11,555.8058,551.1612,0.84,555.2898,2025-12-18,5,-0.09,764.6547,2026-03-02,53,37.58,37.7,15.0,19.0,22.0,28.0,46.0,,,1.74,1.55,-0.09,4.4,3.09,4.57,11.69,21.19,29.42,31.33,5.27
PLTR,PALANTIR USG INC,W900KK25FA125,2025-11-05,1755093.75,Department of Defense,Department of the Army,DELIVERY ORDER,2025-11-05,187.9,190.74,-1.49,128.84,2026-02-24,74,-31.43,194.17,2025-12-24,34,3.34,50.71,,,,,,,,-6.84,3.04,-1.99,-7.39,-11.96,-12.96,-3.27,-1.18,-4.52,-15.98,-18.7
NOC,NORTHROP GRUMMAN SYSTEMS CORP,FA811025F0002,2026-01-30,262963.0,Department of Defense,Department of the Air Force,DELIVERY ORDER,2026-01-30,687.0262,690.0928,-0.44,526.06,2026-06-03,85,-23.43,764.6547,2026-03-02,20,11.3,45.36,13.0,20.0,,,,,,-1.05,-0.36,2.43,-1.05,1.49,4.52,10.01,6.65,0.07,-16.26,-21.09
BAH,BOOZ ALLEN HAMILTON INC,47QFWA21F0024,2026-01-29,-513.26,General Services Administration,Federal Acquisition Service,DELIVERY ORDER,2026-01-29,87.4001,89.7346,-2.6,71.0549,2026-05-13,72,-18.7,88.7791,2026-02-09,7,1.58,24.94,,,,,,,,-0.35,-6.46,-4.74,1.58,-12.17,-9.22,-11.64,-11.12,-4.94,-13.48,-10.35
BAH,BOOZ ALLEN HAMILTON INC,36C10B22N10070023,2025-08-14,55000000.0,Department of Veterans Affairs,Department of Veterans Affairs,DELIVERY ORDER,2025-08-14,105.8332,108.7005,-2.64,78.7024,2025-11-20,69,-25.64,108.3971,2025-08-27,9,2.42,37.73,,,,,,,,1.08,1.38,0.76,1.19,0.06,-4.58,-6.04,-8.39,-9.35,-19.14,-19.5
LMT,LOCKHEED MARTIN CORP,FA862521F3201,2025-12-31,0.0,Department of Defense,Department of the Air Force,DELIVERY ORDER,2025-12-31,478.0051,482.2844,-0.89,478.0051,2025-12-31,0,0.0,672.2988,2026-03-02,40,40.65,40.65,2.0,6.0,8.0,11.0,20.0,,,2.77,7.93,7.19,13.97,19.48,22.79,31.49,34.92,38.04,24.41,8.29
BA,THE BOEING COMPANY,FA880724CB002,2026-03-16,2441496.0,Department of Defense,Department of the Air Force,DEFINITIVE CONTRACT,2026-03-16,213.47,209.89,1.71,189.21,2026-03-30,10,-11.36,240.6,2026-05-13,41,12.71,27.16,24.0,38.0,,,,,,-1.24,-5.76,-7.05,-6.49,-11.36,-0.55,4.9,8.08,0.72,-2.09,-1.85
GD,GENERAL DYNAMICS LAND SYSTEMS INC.,W56HZV22F0035,2026-01-08,-5675.43,Department of Defense,Department of the Army,DELIVERY ORDER,2026-01-08,346.8653,341.1409,1.68,311.1606,2026-04-27,74,-10.29,364.0791,2026-01-16,6,4.96,17.01,,,,,,,,0.7,3.37,4.91,2.62,3.79,-0.02,2.88,-0.29,1.24,-0.45,-2.37
NOC,NORTHROP GRUMMAN SYSTEMS CORPORATION,FA857823F0001,2025-09-22,5167525.1,Department of Defense,Department of the Air Force,DELIVERY ORDER,2025-09-22,569.4859,566.402,0.54,541.3857,2025-12-01,49,-4.93,690.0928,2026-01-29,89,21.18,27.47,6.0,12.0,81.0,88.0,,,,0.16,1.67,3.1,5.08,7.35,8.22,4.03,-0.13,-1.84,-0.89,20.64
IBM,INTERNATIONAL BUSINESS MACHINES CORPORATION,HR001125C0052,2025-11-17,733137.0,Department of Defense,Defense Advanced Research Projects Agency,DEFINITIVE CONTRACT,2025-11-17,291.2372,299.5871,-2.79,220.139,2026-02-23,65,-24.41,308.4467,2026-02-02,51,5.91,40.11,16.0,,,,,,,-2.43,-2.28,2.34,2.03,1.55,4.04,2.07,-0.32,-1.59,-11.2,-19.71
HII,HUNTINGTON INGALLS INC,N5523624F9919,2026-03-24,369930.0,Department of Defense,Department of the Navy,DELIVERY ORDER,2026-03-24,400.3509,394.8646,1.39,268.76,2026-07-21,81,-32.87,409.581,2026-04-08,10,2.31,52.4,,,,,,,,0.12,-5.05,-5.52,-1.36,2.31,-1.0,-7.94,-20.53,-20.19,-28.71,-18.58
BA,THE BOEING COMPANY,0026,2025-09-09,1082871.03,Department of Defense,Department of the Air Force,DELIVERY ORDER,2025-09-09,229.52,230.95,-0.62,179.12,2025-11-24,54,-21.96,247.74,2026-01-15,89,7.94,38.31,87.0,,,,,,,-0.87,-5.92,-6.32,-6.04,-5.74,-5.42,-1.83,-5.34,-14.95,-11.75,7.91
LMT,LOCKHEED MARTIN CORPORATION,W31P4Q24C0022,2025-09-29,1876405331.29,Department of Defense,Department of the Army,DEFINITIVE CONTRACT,2025-09-29,482.5541,478.1011,0.93,434.0461,2025-12-01,44,-10.05,628.5509,2026-02-02,86,30.26,44.81,68.0,71.0,74.0,78.0,86.0,,,1.47,1.5,4.52,4.48,2.41,0.64,-1.26,-8.11,-9.51,-1.17,27.71
GD,"GENERAL DYNAMICS INFORMATION TECHNOLOGY, INC.",68HERD24F0089,2025-09-22,689461.0,Environmental Protection Agency,Environmental Protection Agency,BPA CALL,2025-09-22,317.0664,318.4618,-0.44,317.0664,2025-09-22,0,0.0,364.0791,2026-01-16,81,14.83,14.83,6.0,25.0,,,,,,0.17,0.55,2.95,5.61,7.39,3.64,6.05,6.42,5.26,5.06,9.74
LDOS,"LEIDOS, INC.",W909MY20F0003,2025-08-26,-1176.19,Department of Defense,Department of the Army,DELIVERY ORDER,2025-08-26,180.4545,179.7222,0.41,175.8627,2025-09-03,5,-2.54,197.9062,2025-11-04,49,9.67,12.53,25.0,,,,,,,0.57,-0.78,-2.54,-1.84,-1.09,0.34,0.22,8.95,3.41,3.97,7.68
LMT,LOCKHEED MARTIN CORP,FA852525FB016,2025-09-15,34861826.92,Department of Defense,Department of the Air Force,DELIVERY ORDER,2025-09-15,464.1829,462.2801,0.41,434.0461,2025-12-01,54,-6.49,586.9539,2026-01-22,89,26.45,35.23,11.0,78.0,81.0,84.0,,,,0.23,0.08,1.51,2.75,3.96,6.6,6.75,2.89,-0.52,-0.59,25.79
GD,"GENERAL DYNAMICS INFORMATION TECHNOLOGY, INC.",1331L525F13351086,2025-08-19,0.0,Department of Commerce,Office of the Secretary,BPA CALL,2025-08-19,310.9149,308.1438,0.9,310.9149,2025-08-19,0,0.0,349.165,2025-10-27,48,12.3,12.3,29.0,47.0,,,,,,0.34,1.01,1.83,2.69,2.03,1.56,2.58,7.7,7.37,10.93,8.63
GD,"GENERAL DYNAMICS INFORMATION TECHNOLOGY, INC.",47QFSA24F0011,2025-09-18,242857.14,General Services Administration,Federal Acquisition Service,DELIVERY ORDER,2025-09-18,318.9433,319.6409,-0.22,317.0663,2025-09-22,2,-0.59,364.0791,2026-01-16,83,14.15,14.83,8.0,74.0,,,,,,-0.15,-0.42,-0.04,2.34,5.08,6.74,2.48,6.66,5.04,4.44,10.83
LMT,LOCKHEED MARTIN CORP,FA862923F3052,2025-09-18,62221.0,Department of Defense,Department of the Air Force,DELIVERY ORDER,2025-09-18,464.5458,464.0554,0.11,434.0461,2025-12-01,51,-6.57,590.2745,2026-01-28,90,27.06,35.99,8.0,75.0,78.0,81.0,,,,-0.14,2.76,2.26,3.88,5.43,8.53,4.55,3.4,-1.13,2.17,27.06
LMT,LOCKHEED MARTIN CORPORATION,W56HZV24F0105,2025-09-23,248224.0,Department of Defense,Department of the Army,DELIVERY ORDER,2025-09-23,477.3458,471.1861,1.31,434.0461,2025-12-01,48,-9.07,628.551,2026-02-02,90,31.68,44.81,9.0,75.0,77.0,80.0,89.0,,,-0.09,0.16,2.58,2.61,5.01,3.53,0.1,-0.35,-7.04,-1.7,31.68
BA,THE BOEING COMPANY,FA868120F1152,2026-01-08,0.0,Department of Defense,Department of the Air Force,DELIVERY ORDER,2026-01-08,227.38,228.12,-0.32,189.21,2026-03-30,55,-16.79,252.15,2026-01-23,10,10.89,33.26,2.0,9.0,,,,,,3.14,7.55,8.95,9.51,10.89,2.93,7.62,1.35,-6.12,-7.64,-5.44
LMT,"LOCKHEED MARTIN GLOBAL, INC.",FA238324CB012,2025-09-18,4875000.0,Department of Defense,Department of the Air Force,DEFINITIVE CONTRACT,2025-09-18,464.5458,464.0554,0.11,434.0461,2025-12-01,51,-6.57,590.2745,2026-01-28,90,27.06,35.99,8.0,75.0,78.0,81.0,,,,-0.14,2.76,2.26,3.88,5.43,8.53,4.55,3.4,-1.13,2.17,27.06
GD,"GENERAL DYNAMICS INFORMATION TECHNOLOGY, INC.",75N92020F00183,2025-09-11,-3690.19,Department of Health and Human Services,National Institutes of Health,DELIVERY ORDER,2025-09-11,323.9057,317.4496,2.03,317.0664,2025-09-22,7,-2.11,364.0791,2026-01-16,88,12.4,14.83,17.0,85.0,,,,,,-1.05,-0.98,-1.53,-2.11,-1.57,3.38,1.45,4.06,4.84,2.78,11.61
GD,"GENERAL DYNAMICS INFORMATION TECHNOLOGY, INC.",N6660423F3004,2025-11-24,179724.0,Department of Defense,Department of the Navy,DELIVERY ORDER,2025-11-24,333.7286,335.9098,-0.65,328.0535,2025-12-01,4,-1.7,364.0791,2026-01-16,36,9.09,10.98,27.0,,,,,,,0.87,1.04,-0.69,1.06,-1.14,0.76,2.15,3.94,4.26,3.63,3.47
NOC,NORTHROP GRUMMAN SYSTEMS CORPORATION,80ARC024CA007,2025-09-22,1478651.0,National Aeronautics and Space Administration,National Aeronautics and Space Administration,DEFINITIVE CONTRACT,2025-09-22,569.4859,566.402,0.54,541.3857,2025-12-01,49,-4.93,690.0928,2026-01-29,89,21.18,27.47,6.0,12.0,81.0,88.0,,,,0.16,1.67,3.1,5.08,7.35,8.22,4.03,-0.13,-1.84,-0.89,20.64
LMT,LOCKHEED MARTIN CORPORATION,N0002424C5510,2025-08-21,395000.0,Department of Defense,Department of the Navy,DEFINITIVE CONTRACT,2025-08-21,435.4552,434.2866,0.27,434.0461,2025-12-01,70,-0.32,504.3876,2025-10-06,31,15.83,16.21,14.0,26.0,31.0,,,,,-0.22,1.85,2.01,1.92,4.49,6.03,8.21,13.63,9.34,4.91,10.75
PLTR,PALANTIR USG INC,W9124P26FA095,2026-02-11,4227960.99,Department of Defense,Department of the Army,DELIVERY ORDER,2026-02-11,135.68,139.51,-2.75,116.7,2026-06-23,90,-13.99,160.84,2026-03-23,27,18.54,37.82,12.0,14.0,16.0,,,,,-4.83,-1.96,-0.58,-3.74,0.19,12.91,11.25,8.76,7.89,1.56,-13.99
LMT,LOCKHEED MARTIN CORPORATION,N0003025C6045,2025-12-12,204908.0,Department of Defense,Department of the Navy,DEFINITIVE CONTRACT,2025-12-12,474.6252,469.318,1.13,464.6335,2025-12-18,4,-2.11,672.2988,2026-03-02,52,41.65,44.69,14.0,18.0,20.0,22.0,32.0,,,0.87,-1.14,-1.27,0.48,1.79,6.52,19.25,24.37,38.78,36.65,7.48
BA,THE BOEING COMPANY,FA813826FB003,2026-02-13,1460388.51,Department of Defense,Department of the Air Force,DELIVERY ORDER,2026-02-13,242.96,239.35,1.51,189.21,2026-03-30,30,-22.12,244.04,2026-02-17,1,0.44,28.98,,,,,,,,0.44,-3.81,-5.15,-5.19,-5.44,-4.88,-13.23,-22.12,-9.8,-2.51,-10.22
ACN,ACCENTURE FEDERAL SERVICES LLC,70CTD021FR0000232,2025-08-28,12804849.47,Department of Homeland Security,U.S. Immigration and Customs Enforcement,DELIVERY ORDER,2025-08-28,250.9978,251.9286,-0.37,227.8645,2025-09-25,19,-9.22,270.3588,2026-01-06,89,7.71,18.65,67.0,,,,,,,1.48,-0.79,-0.48,-1.63,-6.88,-6.49,-3.58,-5.95,-2.37,-1.69,6.95
BA,THE BOEING COMPANY,W58RGZ19C0024,2025-10-01,0.0,Department of Defense,Department of the Army,DEFINITIVE CONTRACT,2025-10-01,215.2,215.83,-0.29,179.12,2025-11-24,38,-16.77,252.15,2026-01-23,78,17.17,40.77,64.0,70.0,73.0,,,,,1.04,2.11,4.7,-2.08,-0.56,0.96,-7.03,-9.15,-6.19,0.58,12.73
IBM,INTERNATIONAL BUSINESS MACHINES CORPORATION,FA701424F0210,2025-08-19,213557.09,Department of Defense,Department of the Air Force,DELIVERY ORDER,2025-08-19,235.1664,233.3828,0.76,233.334,2025-08-21,2,-0.78,308.6917,2025-11-12,60,31.27,32.3,13.0,22.0,26.0,34.0,59.0,,,0.53,0.34,0.56,1.84,1.17,7.39,9.83,18.74,19.16,31.27,27.14
GD,"GENERAL DYNAMICS INFORMATION TECHNOLOGY, INC.",692M1519F00345,2026-03-25,21000.0,Department of Transportation,Federal Aviation Administration,DELIVERY ORDER,2026-03-25,349.3328,343.1191,1.81,311.1606,2026-04-27,22,-10.93,393.19,2026-07-28,85,12.55,26.36,68.0,83.0,,,,,,0.79,-3.32,-0.56,-0.31,-2.44,-3.42,-10.73,-0.89,-1.15,-2.14,10.43
BAH,BOOZ ALLEN HAMILTON INC,70B04C25F00001171,2025-09-29,2558712.8,Department of Homeland Security,U.S. Customs and Border Protection,BPA CALL,2025-09-29,96.7716,96.9575,-0.19,78.7024,2025-11-20,38,-18.67,101.8113,2025-10-07,6,5.21,29.36,4.0,,,,,,,1.07,4.27,4.8,4.09,-2.63,-0.86,-13.48,-11.72,-16.9,-13.84,-9.4
LDOS,"LEIDOS, INC.",FA873017C0036,2025-12-16,9985815.0,Department of Defense,Department of the Air Force,DEFINITIVE CONTRACT,2025-12-16,181.0699,184.8372,-2.04,143.7323,2026-04-27,89,-20.62,197.153,2026-01-09,16,8.88,37.17,12.0,,,,,,,-0.44,1.38,2.28,2.03,-0.97,7.93,6.88,3.36,-5.58,-7.85,-19.57
LMT,LOCKHEED MARTIN CORPORATION,FA873018C0005,2026-03-26,0.0,Department of Defense,Department of the Air Force,DEFINITIVE CONTRACT,2026-03-26,623.2499,620.1403,0.5,491.64,2026-06-24,61,-21.12,633.7512,2026-04-06,6,1.68,28.91,,,,,,,,-1.83,-3.66,-0.72,0.06,-2.17,-3.16,-18.17,-19.26,-17.13,-19.19,-7.32
TXT,BELL TEXTRON INC,W58RGZ23C0001,2025-09-24,9805854.0,Department of Defense,Department of the Army,DEFINITIVE CONTRACT,2025-09-24,82.7052,82.9551,-0.3,79.3674,2025-10-30,26,-4.04,96.2784,2026-01-21,81,16.41,21.31,8.0,73.0,81.0,,,,,-0.5,1.53,2.96,4.94,4.18,1.21,-3.98,-3.01,0.34,6.31,7.12
CACI,"CACI, INC. - FEDERAL",70B02C21F00001280,2025-09-26,1027085.9,Department of Homeland Security,U.S. Customs and Border Protection,DELIVERY ORDER,2025-09-26,485.59,476.24,1.96,485.59,2025-09-26,0,0.0,662.19,2026-01-23,81,36.37,36.37,3.0,19.0,19.0,19.0,77.0,,,0.51,6.09,9.19,8.31,5.1,6.72,19.18,21.35,26.08,13.26,23.22
CACI,"CACI, INC. - FEDERAL",N0017819F3000,2026-03-20,0.0,Department of Defense,Department of the Navy,DELIVERY ORDER,2026-03-20,606.38,612.93,-1.07,440.76,2026-07-21,83,-27.31,606.38,2026-03-20,0,0.0,37.58,,,,,,,,-2.82,-4.53,-7.04,-10.31,-5.68,-11.86,-14.51,-15.3,-17.36,-16.81,-21.28
CACI,"CACI, LLC - COMMERCIAL",15JPSS24F00000270,2026-02-17,1260000.0,Department of Justice,"Offices, Boards and Divisions",DELIVERY ORDER,2026-02-17,564.53,573.3,-1.53,443.26,2026-06-25,89,-21.48,633.21,2026-03-09,14,12.17,42.85,7.0,9.0,,,,,,0.44,3.81,3.81,5.78,11.55,12.17,7.83,-3.66,-9.26,-10.75,-19.59
BA,THE BOEING COMPANY,FA813423F0001,2025-09-08,4477771.36,Department of Defense,Department of the Air Force,DELIVERY ORDER,2025-09-08,230.95,229.61,0.58,179.12,2025-11-24,55,-22.44,247.74,2026-01-15,90,7.27,38.31,88.0,,,,,,,-0.62,-4.75,-6.58,-7.07,-8.17,-4.2,-3.95,-6.12,-15.65,-11.07,7.27
HII,HUNTINGTON INGALLS INC,N5523625F9922,2025-12-18,432161.0,Department of Defense,Department of the Navy,DELIVERY ORDER,2025-12-18,320.2419,318.9118,0.42,320.2419,2025-12-18,0,0.0,451.7788,2026-03-02,48,41.07,41.07,2.0,4.0,13.0,15.0,19.0,,,4.34,9.88,8.83,6.0,12.66,19.95,31.01,33.17,35.01,33.07,13.27
NOC,NORTHROP GRUMMAN SYSTEMS CORP,FA811020F0013,2025-08-26,-49227.0,Department of Defense,Department of the Air Force,DELIVERY ORDER,2025-08-26,583.8659,577.6829,1.07,541.3857,2025-12-01,67,-7.28,630.571,2025-10-08,30,8.0,16.47,29.0,,,,,,,-1.08,-0.5,-1.64,-1.68,-1.83,-1.92,-0.83,8.0,-0.97,-4.35,3.91
BAH,BOOZ ALLEN HAMILTON INC,75A50126F80001,2026-02-17,24900000.0,Department of Health and Human Services,Office of Assistant Secretary for Preparedness and Response,DELIVERY ORDER,2026-02-17,75.8488,78.7272,-3.66,59.71,2026-06-25,89,-21.28,83.4516,2026-04-07,34,10.02,39.76,13.0,34.0,,,,,,2.45,1.03,-0.94,4.38,3.64,6.56,2.93,2.11,1.24,-6.32,-17.97
BAH,BOOZ ALLEN HAMILTON INC,47QFCA22F0047,2025-10-23,0.0,General Services Administration,Federal Acquisition Service,DELIVERY ORDER,2025-10-23,98.1416,96.6248,1.57,73.705,2026-02-23,82,-24.9,100.6977,2026-01-23,62,2.6,36.62,,,,,,,,-8.86,-14.69,-17.42,-14.75,-14.68,-15.4,-18.92,-11.67,-14.57,-4.08,-19.3
LMT,LOCKHEED MARTIN CORP,F0470102C0002,2026-03-11,-106521.44,Department of Defense,Defense Contract Management Agency,DEFINITIVE CONTRACT,2026-03-11,645.2458,646.9845,-0.27,491.64,2026-06-24,72,-23.81,648.584,2026-03-12,1,0.52,31.92,,,,,,,,0.52,-0.66,-1.11,-3.39,-3.89,-6.94,-5.5,-18.43,-19.87,-18.83,-21.41
NOC,NORTHROP GRUMMAN SYSTEMS CORPORATION,HQ085624F0003,2025-10-24,0.0,Department of Defense,Missile Defense Agency,DELIVERY ORDER,2025-10-24,598.5755,598.7336,-0.03,541.3857,2025-12-01,25,-9.55,764.6547,2026-03-02,86,27.75,41.24,55.0,57.0,65.0,78.0,,,,-1.59,-3.4,-3.65,-4.7,-6.1,-7.86,-6.61,-8.22,-4.74,11.16,25.77
BAH,BOOZ ALLEN HAMILTON INC,N6133122F3011,2025-09-11,22000.0,Department of Defense,Department of the Navy,DELIVERY ORDER,2025-09-11,101.6156,100.3043,1.31,78.7024,2025-11-20,50,-22.55,102.3789,2025-09-12,1,0.75,30.08,,,,,,,,0.75,-1.94,-2.53,-3.9,-6.08,-1.19,-6.45,-3.42,-18.9,-14.69,-7.36
BA,THE BOEING COMPANY,FA813425FB025,2025-09-10,3311236.49,Department of Defense,Department of the Air Force,DELIVERY ORDER,2025-09-10,227.52,229.52,-0.87,179.12,2025-11-24,53,-21.27,249.0,2026-01-20,90,9.44,39.01,85.0,,,,,,,-3.31,-5.17,-5.67,-5.22,-5.46,-5.14,-5.06,-4.8,-14.07,-11.27,9.44
BAH,BOOZ ALLEN HAMILTON INC,36C10B25F0048,2026-02-24,1925450.54,Department of Veterans Affairs,Department of Veterans Affairs,DELIVERY ORDER,2026-02-24,75.1342,73.705,1.94,59.71,2026-06-25,84,-20.53,83.4516,2026-04-07,29,11.07,39.76,2.0,28.0,,,,,,-0.78,4.13,4.62,5.42,2.4,0.08,5.84,7.79,0.99,2.31,-17.07
LMT,LOCKHEED MARTIN CORPORATION,H9225426FE066,2026-03-31,3727051.15,Department of Defense,U.S. Special Operations Command,DELIVERY ORDER,2026-03-31,600.4591,594.6769,0.97,491.64,2026-06-24,58,-18.12,633.7512,2026-04-06,3,5.54,28.91,3.0,,,,,,,2.19,5.54,3.99,1.54,1.11,-5.37,-14.3,-13.97,-13.56,-15.5,0.45
BA,THE BOEING COMPANY,FA852626CB001,2026-03-25,0.0,Department of Defense,Department of the Air Force,DEFINITIVE CONTRACT,2026-03-25,199.61,196.42,1.62,189.21,2026-03-30,3,-5.21,240.6,2026-05-13,34,20.54,27.16,7.0,10.0,19.0,34.0,,,,-2.63,-5.21,3.86,6.36,10.24,12.18,16.45,15.74,15.8,10.63,18.81
NOC,NORTHROP GRUMMAN SYSTEMS CORP,FA811021F0005,2025-11-21,0.0,Department of Defense,Department of the Air Force,DELIVERY ORDER,2025-11-21,560.1452,560.7877,-0.11,541.3857,2025-12-01,5,-3.35,764.6547,2026-03-02,66,36.51,41.24,28.0,33.0,35.0,43.0,59.0,,,-0.2,0.07,-3.35,-1.97,-1.92,0.95,2.77,2.23,23.2,28.2,23.67
BAH,BOOZ ALLEN HAMILTON INC,2032H520F00200,2025-09-05,-13896.31,Department of the Treasury,Internal Revenue Service,DELIVERY ORDER,2025-09-05,100.2553,100.9893,-0.73,78.7024,2025-11-20,54,-21.5,102.3789,2025-09-12,5,2.12,30.08,,,,,,,,-0.74,0.05,2.12,-0.61,-0.3,-4.8,1.16,-4.3,-14.64,-19.0,-5.34
BAH,BOOZ ALLEN HAMILTON INC,HC102825F0471,2025-11-04,0.0,Department of Defense,Defense Information Systems Agency,BPA CALL,2025-11-04,83.6293,83.6684,-0.05,73.705,2026-02-23,74,-11.87,100.6977,2026-01-23,54,20.41,36.62,23.0,26.0,54.0,54.0,,,,1.35,2.33,1.88,-1.46,-4.64,-4.88,3.24,1.94,13.28,3.06,-8.47
GD,GENERAL DYNAMICS LAND SYSTEMS INC.,W31P4Q23F0188,2026-03-10,0.0,Department of Defense,Department of the Army,DELIVERY ORDER,2026-03-10,352.395,358.7276,-1.77,311.1606,2026-04-27,33,-11.7,376.88,2026-07-06,80,6.95,21.12,79.0,,,,,,,-0.49,-1.14,0.2,-1.68,-2.63,-4.16,-3.29,-9.38,-3.56,-3.52,5.17
GD,"GENERAL DYNAMICS INFORMATION TECHNOLOGY, INC.",HC102819F0141,2026-03-25,17901388.75,Department of Defense,Defense Information Systems Agency,BPA CALL,2026-03-25,349.3328,343.1191,1.81,311.1606,2026-04-27,22,-10.93,393.19,2026-07-28,85,12.55,26.36,68.0,83.0,,,,,,0.79,-3.32,-0.56,-0.31,-2.44,-3.42,-10.73,-0.89,-1.15,-2.14,10.43
BA,THE BOEING COMPANY,N0001923F0685,2026-02-24,100000.0,Department of Defense,Department of the Navy,DELIVERY ORDER,2026-02-24,233.39,230.44,1.28,189.21,2026-03-30,24,-18.93,240.6,2026-05-13,55,3.09,27.16,,,,,,,,-1.3,-2.51,-3.97,-4.85,-6.7,-8.54,-14.47,-6.68,-3.98,-4.79,0.49
GD,"GENERAL DYNAMICS MISSION SYSTEMS, INC.",N0003024C1005,2025-12-12,42888453.0,Department of Defense,Department of the Navy,DEFINITIVE CONTRACT,2025-12-12,333.0969,337.035,-1.17,311.8376,2026-04-24,90,-6.38,364.0791,2026-01-16,23,9.3,16.75,14.0,,,,,,,0.95,-0.32,0.55,1.88,0.89,5.35,8.45,6.12,5.42,5.69,-6.38
LDOS,"LEIDOS, INC.",29FTC121F0002,2025-08-20,150000.0,Federal Trade Commission,Federal Trade Commission,BPA CALL,2025-08-20,178.2873,176.882,0.79,175.8627,2025-09-03,9,-1.36,197.9062,2025-11-04,53,11.0,12.53,28.0,32.0,,,,,,0.16,0.8,1.79,0.42,-0.88,0.12,4.27,7.3,6.46,6.43,3.42
BA,THE BOEING COMPANY,FA821323F1001,2025-09-15,0.0,Department of Defense,Department of the Air Force,DELIVERY ORDER,2025-09-15,215.75,215.94,-0.09,179.12,2025-11-24,50,-16.98,252.15,2026-01-23,90,16.87,40.77,76.0,82.0,87.0,,,,,-0.34,-0.04,-1.7,-0.3,0.62,0.25,-0.67,3.36,-11.1,-7.13,16.87
GD,"GENERAL DYNAMICS INFORMATION TECHNOLOGY, INC.",19AQMM25F0678,2026-04-01,12548710.56,Department of State,Department of State,DELIVERY ORDER,2026-04-01,347.3805,340.1362,2.13,311.1606,2026-04-27,17,-10.43,395.97,2026-08-10,89,13.99,27.26,63.0,78.0,,,,,,-0.41,-0.6,-1.89,-2.34,-4.01,-8.07,-0.88,-2.38,-0.71,-0.24,12.81
LMT,LOCKHEED MARTIN CORPORATION,H9225426FE008,2025-12-19,0.0,Department of Defense,U.S. Special Operations Command,DELIVERY ORDER,2025-12-19,468.5768,464.6336,0.85,468.5768,2025-12-19,0,0.0,672.2988,2026-03-02,47,43.48,43.48,9.0,10.0,14.0,16.0,26.0,,,1.99,2.45,3.11,2.01,10.1,16.26,25.26,27.13,35.33,35.17,8.72
NOC,NORTHROP GRUMMAN SYSTEMS CORPORATION,HQ085223C0002,2026-03-13,4500000.0,Department of Defense,Missile Defense Agency,DEFINITIVE CONTRACT,2026-03-13,730.495,733.0736,-0.35,496.02,2026-06-29,73,-32.1,732.7351,2026-03-16,1,0.31,47.72,,,,,,,,0.31,-1.21,-3.65,-7.03,-7.46,-4.25,-7.3,-21.59,-25.04,-24.89,-26.97
BAH,BOOZ ALLEN HAMILTON INC,FA807522F0062,2025-08-14,-460643.44,Department of Defense,Department of the Air Force,DELIVERY ORDER,2025-08-14,105.8332,108.7005,-2.64,78.7024,2025-11-20,69,-25.64,108.3971,2025-08-27,9,2.42,37.73,,,,,,,,1.08,1.38,0.76,1.19,0.06,-4.58,-6.04,-8.39,-9.35,-19.14,-19.5
NOC,NORTHROP GRUMMAN SYSTEMS CORPORATION,FA238325CB002,2026-04-01,0.0,Department of Defense,Department of the Air Force,DEFINITIVE CONTRACT,2026-04-01,693.9458,679.2505,2.16,496.02,2026-06-29,60,-28.52,699.4217,2026-04-02,1,0.79,41.01,,,,,,,,0.79,-0.93,-0.92,-2.25,-3.48,-15.41,-18.49,-21.28,-21.55,-28.52,-17.04
GD,GENERAL DYNAMICS ONE SOURCE LLC,70T01019F5NFDO010,2025-09-29,-126429.02,Department of Homeland Security,Transportation Security Administration,DELIVERY ORDER,2025-09-29,326.4115,324.6132,0.55,326.2867,2025-10-16,13,-0.04,364.0791,2026-01-16,76,11.54,11.58,19.0,74.0,,,,,,2.66,2.67,4.31,4.3,1.11,0.13,4.83,5.68,1.54,3.97,9.32
BA,THE BOEING COMPANY,N6893625F5092,2025-09-24,1600000.0,Department of Defense,Department of the Navy,DELIVERY ORDER,2025-09-24,215.1,216.34,-0.57,179.12,2025-11-24,43,-16.73,252.15,2026-01-23,83,17.22,40.77,69.0,75.0,78.0,,,,,-0.73,0.92,0.05,0.56,4.75,-0.37,1.24,-8.13,-13.1,-3.18,8.39
LMT,LOCKHEED MARTIN CORPORATION,W31P4Q25C0026,2026-02-27,0.0,Department of Defense,Department of the Army,DEFINITIVE CONTRACT,2026-02-27,650.3724,634.1151,2.56,491.64,2026-06-24,80,-24.41,672.2988,2026-03-02,1,3.37,36.75,,,,,,,,3.37,1.5,2.62,-0.52,-1.32,-2.62,-8.56,-5.34,-20.85,-18.6,-20.31
LMT,LOCKHEED MARTIN CORPORATION,0014,2026-03-04,0.0,Department of Defense,Department of the Navy,DELIVERY ORDER,2026-03-04,660.1583,663.4766,-0.5,491.64,2026-06-24,77,-25.53,667.4009,2026-03-06,2,1.1,35.75,,,,,,,,-1.43,-0.05,-2.26,-2.78,-3.34,-8.17,-6.27,-8.58,-22.89,-20.17,-21.99
GD,GENERAL DYNAMICS LAND SYSTEMS INC.,W912CH24F0009,2026-03-09,0.0,Department of Defense,Department of the Army,DELIVERY ORDER,2026-03-09,358.7276,360.2241,-0.42,311.1606,2026-04-27,34,-13.26,376.88,2026-07-06,81,5.06,21.12,81.0,,,,,,,-1.77,-1.86,-2.11,-2.38,-4.04,-4.2,-3.3,-9.65,-3.84,-6.46,2.75
NOC,NORTHROP GRUMMAN SYSTEMS CORPORATION,FA852820F0009,2025-09-02,-951713.45,Department of Defense,Department of the Air Force,DELIVERY ORDER,2025-09-02,582.5035,580.9319,0.27,541.3857,2025-12-01,63,-7.06,630.571,2025-10-08,26,8.25,16.47,25.0,,,,,,,-1.41,-1.45,-3.0,-1.08,-1.69,-2.23,2.73,6.38,-2.07,-3.38,5.43
PSN,PARSONS GOVERNMENT SERVICES INC.,HQ085822C0005,2026-03-19,2663659.4,Department of Defense,Missile Defense Agency,DEFINITIVE CONTRACT,2026-03-19,50.16,51.11,-1.86,40.32,2026-07-29,90,-19.62,62.03,2026-07-28,89,23.66,53.84,4.0,10.0,13.0,50.0,,,,-0.24,0.54,6.9,4.09,12.28,13.9,9.49,1.42,7.08,10.63,-19.62
BA,THE BOEING COMPANY,N0001914C0067,2025-12-09,0.0,Department of Defense,Defense Contract Management Agency,DEFINITIVE CONTRACT,2025-12-09,200.37,206.27,-2.86,189.21,2026-03-30,75,-5.57,252.15,2026-01-23,30,25.84,33.26,8.0,16.0,21.0,23.0,,,,-0.82,2.0,3.16,3.94,8.22,9.05,17.05,25.84,21.26,12.29,9.38
GD,"GENERAL DYNAMICS MISSION SYSTEMS, INC.",FA830722F0006,2026-02-17,0.0,Department of Defense,Department of the Air Force,DELIVERY ORDER,2026-02-17,339.4425,344.5164,-1.47,311.1606,2026-04-27,48,-8.33,362.8304,2026-03-04,11,6.89,16.61,9.0,,,,,,,2.03,2.6,2.53,2.39,6.48,5.68,3.16,0.2,-5.92,0.12,1.69
ACN,ACCENTURE FEDERAL SERVICES LLC,15F06725F0000990,2025-08-21,19594922.07,Department of Justice,Federal Bureau of Investigation,BPA CALL,2025-08-21,248.8618,249.9004,-0.42,227.8645,2025-09-25,24,-8.44,269.1145,2025-12-15,80,8.14,18.1,72.0,,,,,,,2.06,0.56,0.86,0.86,0.38,-3.87,-5.51,-3.41,-2.5,-3.46,6.3
LMT,LOCKHEED MARTIN CORPORATION,W31P4Q19C0077,2025-09-30,0.0,Department of Defense,Department of the Army,DEFINITIVE CONTRACT,2025-09-30,489.6455,482.5541,1.47,434.0461,2025-12-01,43,-11.36,630.8141,2026-02-09,90,28.83,45.33,67.0,71.0,73.0,81.0,,,,-0.04,1.06,2.38,1.71,1.2,1.34,-2.78,-8.44,-9.82,-1.96,28.83
LMT,LOCKHEED MARTIN CORPORATION,W31P4Q23F0024,2026-04-01,0.0,Department of Defense,Department of the Army,DELIVERY ORDER,2026-04-01,613.6229,600.4591,2.19,491.64,2026-06-24,57,-19.88,633.7512,2026-04-06,2,3.28,28.91,,,,,,,,0.83,1.63,1.01,0.33,-1.64,-10.07,-16.98,-15.74,-14.64,-18.18,-2.58
LMT,LOCKHEED MARTIN CORPORATION,N0001923C0058,2025-08-27,0.0,Department of Defense,Department of the Navy,DEFINITIVE CONTRACT,2025-08-27,442.5342,443.4982,-0.22,434.0461,2025-12-01,66,-1.92,515.9257,2026-01-06,90,16.58,18.86,13.0,23.0,90.0,,,,,0.38,0.29,1.26,1.76,4.33,4.86,8.04,12.54,8.54,3.79,16.58
GD,"GENERAL DYNAMICS MISSION SYSTEMS, INC.",N6833521F0035,2025-09-24,231260.0,Department of Defense,Department of the Navy,DELIVERY ORDER,2025-09-24,318.0097,317.597,0.13,318.0097,2025-09-24,0,0.0,364.0791,2026-01-16,79,14.49,14.49,4.0,70.0,,,,,,0.25,2.64,5.29,6.18,7.05,4.13,5.99,6.43,5.54,4.7,10.73
NOC,NORTHROP GRUMMAN SYSTEMS CORPORATION,HQ072724F1426,2026-04-02,8417486.0,Department of Defense,Defense Microelectronics Activity,DELIVERY ORDER,2026-04-02,699.4217,693.9458,0.79,496.02,2026-06-29,59,-29.08,699.4217,2026-04-02,0,0.0,41.01,,,,,,,,-0.96,-2.14,-4.1,-3.18,-5.3,-16.35,-19.29,-23.03,-22.68,-27.18,-17.46
BAH,BOOZ ALLEN HAMILTON INC,FA701425F0019,2025-11-26,5048453.08,Department of Defense,Department of the Air Force,DELIVERY ORDER,2025-11-26,82.0022,82.3962,-0.48,73.705,2026-02-23,58,-10.12,100.6977,2026-01-23,38,22.8,36.62,5.0,9.0,29.0,38.0,,,,0.25,-1.93,5.29,9.72,13.37,3.96,2.25,16.24,-0.3,-9.09,-3.74
CACI,"CACI, INC. - FEDERAL",FA807524F0042,2026-03-12,-31951.5,Department of Defense,Department of the Air Force,DELIVERY ORDER,2026-03-12,612.63,604.38,1.37,440.76,2026-07-21,89,-28.05,612.93,2026-03-17,3,0.05,39.06,,,,,,,,-0.96,0.05,0.05,-3.81,-5.35,-8.4,-11.88,-15.68,-20.51,-15.26,-23.7
SATL,IRIDIUM SATELLITE LLC,FA254124CB001,2025-09-30,0.0,Department of Defense,Department of the Air Force,DEFINITIVE CONTRACT,2025-09-30,3.28,3.32,-1.2,1.27,2025-11-20,37,-61.28,5.5,2026-01-27,81,67.68,333.07,2.0,4.0,6.0,6.0,78.0,79.0,,1.52,6.71,10.67,22.87,19.21,-23.17,-43.29,-50.61,-50.91,-33.23,6.4
LMT,LOCKHEED MARTIN CORPORATION,FA861523C6050,2026-02-20,82400000.0,Department of Defense,Department of the Air Force,DEFINITIVE CONTRACT,2026-02-20,650.5502,658.7036,-1.24,491.64,2026-06-24,85,-24.43,672.2988,2026-03-02,6,3.34,36.75,,,,,,,,0.36,-1.63,-0.03,1.99,2.59,-0.3,-5.89,-2.58,-21.6,-19.32,-19.79
IBM,INTERNATIONAL BUSINESS MACHINES CORPORATION,273FCC22F0168,2026-03-23,324750.58,Federal Communications Commission,Federal Communications Commission,DELIVERY ORDER,2026-03-23,244.8683,238.2942,2.76,204.3044,2026-07-22,83,-16.57,326.8851,2026-06-02,49,33.49,60.0,46.0,47.0,47.0,47.0,49.0,,,-3.16,-2.73,-4.5,-2.13,-1.36,-4.27,1.38,-7.81,3.48,6.38,-9.32
BAH,BOOZ ALLEN HAMILTON INC,W519TC24F2229,2026-02-24,164974.54,Department of Defense,Department of the Army,DELIVERY ORDER,2026-02-24,75.1342,73.705,1.94,59.71,2026-06-25,84,-20.53,83.4516,2026-04-07,29,11.07,39.76,2.0,28.0,,,,,,-0.78,4.13,4.62,5.42,2.4,0.08,5.84,7.79,0.99,2.31,-17.07
LDOS,"LEIDOS, INC.",N0003925F7503,2026-03-26,3824284.0,Department of Defense,Department of the Navy,DELIVERY ORDER,2026-03-26,157.0253,158.3208,-0.82,100.0,2026-06-25,62,-36.32,160.0746,2026-04-08,8,1.94,60.07,,,,,,,,-1.3,-1.31,0.79,0.82,-2.98,-0.7,-8.47,-17.43,-18.95,-32.42,-19.22
BA,THE BOEING COMPANY,80MSFC20C0052,2025-12-31,0.0,National Aeronautics and Space Administration,National Aeronautics and Space Administration,DEFINITIVE CONTRACT,2025-12-31,217.12,218.5,-0.63,189.21,2026-03-30,60,-12.85,252.15,2026-01-23,15,16.13,33.26,2.0,7.0,13.0,,,,,4.91,5.86,4.73,10.45,14.1,15.79,7.32,11.9,3.63,-12.85,9.1
LMT,LOCKHEED MARTIN CORPORATION,N0001925F0147,2025-09-08,1984096.0,Department of Defense,Department of the Navy,DELIVERY ORDER,2025-09-08,450.3138,455.0121,-1.03,434.0461,2025-12-01,59,-3.61,571.1216,2026-01-15,90,26.83,31.58,11.0,20.0,86.0,87.0,,,,-0.45,2.53,3.08,3.05,4.64,6.17,11.32,10.19,-1.53,-3.04,26.83
CACI,"CACI TECHNOLOGIES, LLC",W56KGU25F0020,2026-04-01,187620.0,Department of Defense,Department of the Army,DELIVERY ORDER,2026-04-01,561.15,543.87,3.18,440.76,2026-07-21,75,-21.45,667.57,2026-08-11,90,18.96,51.46,87.0,87.0,89.0,,,,,2.58,1.42,0.37,-3.8,-5.53,-8.71,-8.53,-10.15,-5.3,-18.55,18.96
GD,GENERAL DYNAMICS ONE SOURCE LLC,W5J9CQ21F0012,2025-09-18,-89306.3,Department of Defense,Department of the Army,DELIVERY ORDER,2025-09-18,318.9433,319.6409,-0.22,317.0663,2025-09-22,2,-0.59,364.0791,2026-01-16,83,14.15,14.83,8.0,74.0,,,,,,-0.15,-0.42,-0.04,2.34,5.08,6.74,2.48,6.66,5.04,4.44,10.83
BA,THE BOEING COMPANY,FA813825F1003,2026-03-23,-108759.89,Department of Defense,Department of the Air Force,DELIVERY ORDER,2026-03-23,198.41,195.12,1.69,189.21,2026-03-30,5,-4.64,240.6,2026-05-13,36,21.26,27.16,9.0,12.0,21.0,34.0,,,,-1.0,-2.04,-4.64,4.49,5.84,11.96,16.57,13.09,13.05,13.72,8.94
IBM,INTERNATIONAL BUSINESS MACHINES CORPORATION,0007,2026-01-15,0.0,Department of Defense,Defense Contract Management Agency,DELIVERY ORDER,2026-01-15,292.0016,302.8605,-3.59,213.1113,2026-05-13,81,-27.02,308.4467,2026-02-02,11,5.63,44.74,11.0,,,,,,,2.59,-0.14,-1.85,-1.37,2.94,-2.71,-12.81,-19.2,-16.14,-18.9,-13.23
LMT,LOCKHEED MARTIN CORPORATION,N0002415C5151,2025-09-03,13845278.57,Department of Defense,Department of the Navy,DEFINITIVE CONTRACT,2025-09-03,440.4564,443.8305,-0.76,434.0461,2025-12-01,62,-1.46,544.7837,2026-01-12,90,23.69,25.51,8.0,19.0,86.0,89.0,,,,1.73,2.24,3.3,4.95,5.36,8.38,11.2,11.21,5.36,1.14,23.69
TXT,BELL TEXTRON INC,SPRPA125F0025,2025-12-10,16496863.56,Department of Defense,Defense Logistics Agency,DELIVERY ORDER,2025-12-10,85.0437,83.8445,1.43,85.0437,2025-12-10,0,0.0,100.7265,2026-02-20,48,18.44,18.44,7.0,20.0,43.0,,,,,2.06,3.36,2.77,5.15,6.8,2.46,9.64,11.24,17.18,8.73,5.17
HII,HUNTINGTON INGALLS INCORPORATED,N0002423C2307,2026-02-19,14387.0,Department of Defense,Department of the Navy,DEFINITIVE CONTRACT,2026-02-19,439.8598,421.7449,4.3,277.39,2026-06-29,89,-36.94,451.7788,2026-03-02,7,2.71,62.87,,,,,,,,-1.26,1.04,-0.03,2.71,-4.66,-6.35,-7.65,-10.22,-18.67,-26.17,-36.37
LMT,LOCKHEED MARTIN CORPORATION,FA868225FB007,2026-03-19,0.0,Department of Defense,Department of the Air Force,DELIVERY ORDER,2026-03-19,633.3637,638.1027,-0.74,491.64,2026-06-24,66,-22.38,633.7512,2026-04-06,11,0.06,28.91,,,,,,,,-1.58,-4.29,-1.6,-6.11,-2.31,-2.14,-8.82,-19.57,-16.36,-16.26,-10.13
GD,"GENERAL DYNAMICS INFORMATION TECHNOLOGY, INC.",W900KK24F0150,2025-09-16,15680407.53,Department of Defense,Department of the Army,DELIVERY ORDER,2025-09-16,320.7415,321.3115,-0.18,317.0664,2025-09-22,4,-1.15,364.0791,2026-01-16,85,13.51,14.83,13.0,77.0,,,,,,-0.34,-0.71,-0.98,-0.6,4.47,6.16,2.18,6.68,5.02,5.31,12.33
LMT,LOCKHEED MARTIN CORPORATION,FA820523F0501,2025-12-15,174783075.0,Department of Defense,Department of the Air Force,DELIVERY ORDER,2025-12-15,478.7463,474.6251,0.87,464.6336,2025-12-18,3,-2.95,672.2988,2026-03-02,51,40.43,44.69,13.0,17.0,19.0,22.0,31.0,,,-1.52,-2.95,-0.18,0.27,0.74,7.77,19.3,28.51,35.89,34.06,6.53
BA,THE BOEING COMPANY,47QSWC23F0180,2025-08-22,0.0,General Services Administration,Federal Acquisition Service,DELIVERY ORDER,2025-08-22,230.12,224.46,2.52,179.12,2025-11-24,65,-22.16,237.38,2025-09-02,6,3.15,32.53,,,,,,,,-1.41,2.39,1.98,0.98,0.36,-6.16,-5.99,-4.52,-3.09,-16.65,-5.65
LDOS,"LEIDOS, INC.",N6523625F3003,2026-03-05,183888.0,Department of Defense,Department of the Navy,DELIVERY ORDER,2026-03-05,174.6088,175.6425,-0.59,100.0,2026-06-25,77,-42.73,178.4655,2026-03-09,2,2.21,78.47,,,,,,,,1.27,-1.79,-1.05,-4.44,-5.29,-9.33,-8.99,-11.45,-25.75,-27.11,-38.03
BA,BELL BOEING JOINT PROJECT OFFICE,N0001924F1045,2025-09-30,266288.0,Department of Defense,Department of the Navy,DELIVERY ORDER,2025-09-30,215.83,217.08,-0.58,179.12,2025-11-24,39,-17.01,252.15,2026-01-23,79,16.83,40.77,65.0,71.0,76.0,,,,,-0.29,0.22,2.78,0.08,-0.71,0.46,-1.04,-9.55,-6.16,1.08,13.38
GD,"GENERAL DYNAMICS INFORMATION TECHNOLOGY, INC.",N0003921F7887,2025-09-11,4615431.77,Department of Defense,Department of the Navy,DELIVERY ORDER,2025-09-11,323.9057,317.4496,2.03,317.0664,2025-09-22,7,-2.11,364.0791,2026-01-16,88,12.4,14.83,17.0,85.0,,,,,,-1.05,-0.98,-1.53,-2.11,-1.57,3.38,1.45,4.06,4.84,2.78,11.61
LMT,LOCKHEED MARTIN CORPORATION,N6339424C0003,2025-09-03,492786.62,Department of Defense,Department of the Navy,DEFINITIVE CONTRACT,2025-09-03,440.4564,443.8305,-0.76,434.0461,2025-12-01,62,-1.46,544.7837,2026-01-12,90,23.69,25.51,8.0,19.0,86.0,89.0,,,,1.73,2.24,3.3,4.95,5.36,8.38,11.2,11.21,5.36,1.14,23.69
LMT,LOCKHEED MARTIN CORPORATION,N0001924C0011,2026-02-09,0.0,Department of Defense,Department of the Navy,DEFINITIVE CONTRACT,2026-02-09,630.8141,616.2764,2.36,503.2157,2026-05-08,62,-20.23,672.2988,2026-03-02,14,6.58,33.6,14.0,,,,,,,-1.37,-0.13,1.77,4.42,4.1,6.58,2.29,-3.9,-3.76,-19.01,-19.0
NOC,NORTHROP GRUMMAN SYSTEMS CORPORATION,N0042123F0031,2025-09-26,0.0,Department of Defense,Department of the Navy,DELIVERY ORDER,2025-09-26,587.6434,578.9946,1.49,541.3857,2025-12-01,45,-7.87,699.65,2026-02-03,88,19.06,29.23,8.0,75.0,84.0,,,,,-0.09,1.83,2.53,4.56,4.87,0.75,0.24,-4.36,-7.87,-1.26,17.63
BA,THE BOEING COMPANY,FA873018C0001,2025-12-18,0.0,Department of Defense,Department of the Air Force,DEFINITIVE CONTRACT,2025-12-18,208.27,206.33,0.94,189.21,2026-03-30,68,-9.15,252.15,2026-01-23,23,21.07,33.26,9.0,11.0,15.0,21.0,,,,2.79,4.12,3.92,4.91,9.54,12.61,20.07,11.95,10.61,-1.09,9.97
NOC,NORTHROP GRUMMAN SYSTEMS CORP,FA852226F0003,2026-03-24,0.0,Department of Defense,Department of the Air Force,DELIVERY ORDER,2026-03-24,679.1708,677.0203,0.32,496.02,2026-06-29,66,-26.97,699.4217,2026-04-02,7,2.98,41.01,,,,,,,,1.33,-0.46,0.01,2.98,0.78,-0.3,-13.85,-17.97,-18.01,-23.22,-19.24
TXT,TEXTRON AVIATION INC,6973GH23F01933,2026-02-19,0.0,Department of Transportation,Federal Aviation Administration,DELIVERY ORDER,2026-02-19,98.9872,100.2067,-1.22,85.9317,2026-03-30,27,-13.19,100.7265,2026-02-20,1,1.76,17.22,,,,,,,,1.76,-0.04,-0.4,1.67,-2.66,-5.82,-10.34,-11.07,-11.16,-10.34,-7.33
LMT,LOCKHEED MARTIN CORPORATION,H9225426FE008,2026-03-06,1400000.0,Department of Defense,U.S. Special Operations Command,DELIVERY ORDER,2026-03-06,667.4009,650.7399,2.56,491.64,2026-06-24,75,-26.34,667.4009,2026-03-06,0,0.0,35.75,,,,,,,,-1.13,-3.32,-3.84,-5.28,-6.6,-6.62,-6.56,-13.47,-23.75,-23.07,-23.06
BA,THE BOEING COMPANY,FA810722F5002,2026-01-07,0.0,Department of Defense,Department of the Air Force,DELIVERY ORDER,2026-01-07,228.12,229.84,-0.75,189.21,2026-03-30,56,-17.06,252.15,2026-01-23,11,10.53,33.26,3.0,10.0,,,,,,-0.32,5.12,6.35,8.57,10.21,5.9,6.54,1.71,-7.99,-6.93,-3.29
PSN,PARSONS GOVERNMENT SERVICES INC.,47QFMA24F0007,2026-01-29,6760194.17,General Services Administration,Federal Acquisition Service,DELIVERY ORDER,2026-01-29,70.9,71.71,-1.13,48.74,2026-05-11,70,-31.26,70.9,2026-01-29,0,0.0,45.47,,,,,,,,-1.18,-3.61,-4.77,-2.0,-11.61,-7.01,-4.29,-22.5,-20.48,-27.36,-17.48
LMT,LOCKHEED MARTIN CORPORATION,H9225425F2898,2026-03-09,-1206599.29,Department of Defense,U.S. Special Operations Command,DELIVERY ORDER,2026-03-09,659.8304,667.4009,-1.13,491.64,2026-06-24,74,-25.49,659.8304,2026-03-09,0,0.0,34.21,,,,,,,,-1.95,-1.7,-2.85,-3.29,-7.21,-7.27,-5.37,-13.88,-21.55,-22.4,-22.89
ACN,ACCENTURE FEDERAL SERVICES LLC,89303019FIM000026,2025-09-24,-36430.57,Department of Energy,Department of Energy,BPA CALL,2025-09-24,234.2529,230.7451,1.52,227.8645,2025-09-25,1,-2.73,282.7142,2026-01-14,77,20.69,24.07,9.0,49.0,71.0,77.0,,,,-2.73,3.31,1.94,2.61,5.81,2.14,4.49,3.66,3.67,12.92,0.89
HON,HONEYWELL INTERNATIONAL INC.,HQ072725FE068,2025-09-29,12363681.0,Department of Defense,Defense Microelectronics Activity,DELIVERY ORDER,2025-09-29,203.5013,202.4413,0.52,195.2672,2025-11-20,38,-4.05,247.4105,2026-02-06,90,21.58,26.7,18.0,76.0,84.0,88.0,,,,0.58,0.83,-0.13,0.27,-3.04,-3.02,2.45,-0.6,-1.49,-0.29,21.58
NOC,NORTHROP GRUMMAN SYSTEMS CORPORATION,W519TC24F0004,2026-02-27,-1774821.03,Department of Defense,Department of the Army,DELIVERY ORDER,2026-02-27,721.2059,707.7849,1.9,496.02,2026-06-29,83,-31.22,764.6547,2026-03-02,1,6.02,54.16,1.0,,,,,,,6.02,4.07,4.38,1.46,1.29,-1.41,-7.29,-5.95,-21.73,-23.13,-26.2
PLTR,PALANTIR USG INC,W519TC26FA070,2026-03-17,334000.0,Department of Defense,Department of the Army,DELIVERY ORDER,2026-03-17,155.08,152.72,1.55,107.27,2026-06-25,69,-30.83,160.84,2026-03-23,4,3.71,49.94,,,,,,,,-1.49,-2.84,-0.19,-4.85,-5.67,-3.23,-7.94,-11.03,-11.56,-15.48,-15.19
TXT,BELL TEXTRON INC,W58RGZ21F0012,2025-09-22,-355930.8,Department of Defense,Department of the Army,DELIVERY ORDER,2025-09-22,83.4347,83.5646,-0.16,79.3674,2025-10-30,28,-4.87,96.2784,2026-01-21,83,15.39,21.31,59.0,76.0,83.0,,,,,-0.57,-1.37,0.65,2.06,4.61,-2.35,-0.56,-4.2,-1.32,3.43,5.5
LDOS,"LEIDOS, INC.",W5J9CQ23F0014,2025-11-21,-400000.0,Department of Defense,Department of the Army,DELIVERY ORDER,2025-11-21,184.9538,184.1307,0.45,153.6473,2026-03-30,86,-16.93,197.153,2026-01-09,32,6.6,28.32,28.0,,,,,,,0.17,2.08,1.03,1.05,-0.47,1.74,0.14,5.67,0.6,-6.75,-14.08
BAH,BOOZ ALLEN HAMILTON INC,FA807525F0022,2026-02-24,0.0,Department of Defense,Department of the Air Force,DELIVERY ORDER,2026-02-24,75.1342,73.705,1.94,59.71,2026-06-25,84,-20.53,83.4516,2026-04-07,29,11.07,39.76,2.0,28.0,,,,,,-0.78,4.13,4.62,5.42,2.4,0.08,5.84,7.79,0.99,2.31,-17.07
GD,"GENERAL DYNAMICS INFORMATION TECHNOLOGY, INC.",HC101322F0184,2025-12-22,0.0,Department of Defense,Defense Information Systems Agency,BPA CALL,2025-12-22,340.6967,334.9426,1.72,311.1606,2026-04-27,85,-8.67,364.0791,2026-01-16,17,6.86,17.01,14.0,,,,,,,-0.39,-0.87,-1.66,-0.52,0.13,5.25,5.67,2.4,3.86,0.58,2.01
LMT,LOCKHEED MARTIN CORPORATION,N0003025F3401,2025-09-30,3521470.0,Department of Defense,Department of the Navy,DELIVERY ORDER,2025-09-30,489.6455,482.5541,1.47,434.0461,2025-12-01,43,-11.36,630.8141,2026-02-09,90,28.83,45.33,67.0,71.0,73.0,81.0,,,,-0.04,1.06,2.38,1.71,1.2,1.34,-2.78,-8.44,-9.82,-1.96,28.83
ACN,ACCENTURE FEDERAL SERVICES LLC,FA701424F0419,2025-09-09,625000.0,Department of Defense,Department of the Air Force,DELIVERY ORDER,2025-09-09,246.9022,250.4099,-1.4,227.8645,2025-09-25,12,-7.71,282.7143,2026-01-14,88,14.5,24.07,60.0,84.0,,,,,,-3.52,-5.34,-6.02,-4.94,-6.54,-1.98,0.39,-0.59,-3.74,8.28,13.58
BAH,BOOZ ALLEN HAMILTON INC,W15P7T22F0154,2025-09-12,0.0,Department of Defense,Department of the Army,DELIVERY ORDER,2025-09-12,102.3789,101.6156,0.75,78.7024,2025-11-20,49,-23.13,102.3789,2025-09-12,0,0.0,30.08,,,,,,,,-2.87,-2.91,-2.37,-6.01,-5.3,-1.44,-7.96,-12.64,-20.23,-12.12,-7.87
BAH,BOOZ ALLEN HAMILTON INC,H9400209F0021,2026-03-16,-114413.65,Department of Defense,Defense Health Agency,DELIVERY ORDER,2026-03-16,75.1938,77.685,-3.21,59.71,2026-06-25,70,-20.59,83.4516,2026-04-07,15,10.98,39.76,3.0,14.0,,,,,,1.8,6.69,5.46,5.76,4.21,10.49,8.63,0.63,1.64,2.79,-3.54
BA,THE BOEING COMPANY,FA868126FB008,2026-01-29,0.0,Department of Defense,Department of the Air Force,DELIVERY ORDER,2026-01-29,234.04,241.59,-3.13,189.21,2026-03-30,41,-19.15,244.71,2026-02-09,7,4.56,29.33,,,,,,,,-0.14,-0.38,1.24,4.56,2.27,-0.14,-1.84,-10.32,-9.29,-1.16,-8.34
LMT,LOCKHEED MARTIN CORPORATION,N0002425F6260,2026-03-27,7129536.07,Department of Defense,Department of the Navy,DELIVERY ORDER,2026-03-27,611.8347,623.2499,-1.83,491.64,2026-06-24,60,-19.64,633.7512,2026-04-06,5,3.58,28.91,,,,,,,,-2.8,0.29,3.58,2.06,0.63,-3.84,-16.81,-16.82,-16.08,-19.64,-4.74
BA,THE BOEING COMPANY,FA813425F1001,2025-09-23,0.0,Department of Defense,Department of the Air Force,DELIVERY ORDER,2025-09-23,216.34,212.09,2.0,179.12,2025-11-24,44,-17.2,252.15,2026-01-23,84,16.55,40.77,70.0,76.0,81.0,,,,,-0.57,2.27,-0.24,0.5,2.53,-0.36,0.12,-8.45,-15.67,-4.63,7.71
HII,HUNTINGTON INGALLS INC,N0002419C2100,2025-09-29,4912250.0,Department of Defense,Department of the Navy,DEFINITIVE CONTRACT,2025-09-29,276.2427,275.4916,0.27,276.2427,2025-09-29,0,0.0,426.4598,2026-02-03,87,54.38,54.38,19.0,23.0,24.0,58.0,67.0,75.0,,3.0,0.96,3.21,4.04,2.99,0.18,7.02,14.0,10.38,27.39,42.93
TXT,TEXTRON AVIATION DEFENSE LLC,FA861722C6238,2026-02-09,0.0,Department of Defense,Department of the Air Force,DEFINITIVE CONTRACT,2026-02-09,95.4288,95.3988,0.03,85.9317,2026-03-30,34,-9.95,100.7265,2026-02-20,8,5.55,17.22,6.0,,,,,,,0.42,3.44,4.43,3.73,3.69,5.46,-2.3,-5.1,-5.2,-2.47,-6.24
BA,THE BOEING COMPANY,N6134022F7003,2026-02-11,2690340.0,Department of Defense,Department of the Navy,DELIVERY ORDER,2026-02-11,236.26,242.59,-2.61,189.21,2026-03-30,32,-19.91,244.04,2026-02-17,3,3.29,28.98,,,,,,,,1.31,3.29,-1.08,-2.46,-2.9,-3.79,-11.16,-17.73,-5.45,0.47,-8.27
BA,THE BOEING COMPANY,N0001914C0067,2026-01-07,0.0,Department of Defense,Defense Contract Management Agency,DEFINITIVE CONTRACT,2026-01-07,228.12,229.84,-0.75,189.21,2026-03-30,56,-17.06,252.15,2026-01-23,11,10.53,33.26,3.0,10.0,,,,,,-0.32,5.12,6.35,8.57,10.21,5.9,6.54,1.71,-7.99,-6.93,-3.29
BA,"BOEING AEROSPACE OPERATIONS, INC.",N6852025F0041,2025-09-25,1500.0,Department of Defense,Department of the Navy,DELIVERY ORDER,2025-09-25,213.53,215.1,-0.73,179.12,2025-11-24,42,-16.11,252.15,2026-01-23,82,18.09,40.77,9.0,74.0,77.0,,,,,3.62,1.08,1.83,2.9,1.16,0.22,3.66,-7.98,-11.49,0.26,10.5
LMT,LOCKHEED MARTIN CORPORATION,H9225423F2723,2026-01-16,0.0,Department of Defense,U.S. Special Operations Command,DELIVERY ORDER,2026-01-16,575.6083,571.1216,0.79,503.2157,2026-05-08,77,-12.58,672.2988,2026-03-02,29,16.8,33.6,8.0,19.0,29.0,,,,,-1.09,1.97,-0.13,2.55,9.2,7.07,11.57,15.27,5.31,5.48,-7.28
BA,THE BOEING COMPANY,S2606A25F0039,2025-08-19,1627000.0,Department of Defense,Defense Contract Management Agency,DELIVERY ORDER,2025-08-19,225.0,232.41,-3.19,179.12,2025-11-24,68,-20.39,237.38,2025-09-02,9,5.5,32.53,9.0,,,,,,,0.28,2.28,4.37,4.96,3.28,2.01,-4.15,-4.36,-3.74,-13.11,-3.8
LMT,LOCKHEED MARTIN CORPORATION,W900KK23F0070,2026-03-03,2567928.0,Department of Defense,Department of the Army,DELIVERY ORDER,2026-03-03,663.4766,672.2988,-1.31,491.64,2026-06-24,78,-25.9,667.4009,2026-03-06,3,0.59,35.75,,,,,,,,-0.5,0.59,-2.49,-2.24,-4.72,-7.72,-7.51,-8.49,-22.99,-19.56,-21.52
CACI,"CACI, INC. - FEDERAL",70FA5020C00000003,2025-09-18,0.0,Department of Homeland Security,Federal Emergency Management Agency,DEFINITIVE CONTRACT,2025-09-18,496.5,495.63,0.18,476.24,2025-09-25,5,-4.08,662.19,2026-01-23,87,33.37,39.05,11.0,25.0,25.0,43.0,86.0,,,0.47,-0.72,-4.08,-1.7,4.55,6.08,3.89,13.44,19.84,15.3,28.55
LMT,LOCKHEED MARTIN CORPORATION,N0002418C5218,2025-09-29,2995666.47,Department of Defense,Department of the Navy,DEFINITIVE CONTRACT,2025-09-29,482.5541,478.1011,0.93,434.0461,2025-12-01,44,-10.05,628.5509,2026-02-02,86,30.26,44.81,68.0,71.0,74.0,78.0,86.0,,,1.47,1.5,4.52,4.48,2.41,0.64,-1.26,-8.11,-9.51,-1.17,27.71
LMT,LOCKHEED MARTIN CORPORATION,FA861120C9708,2026-03-13,4056803.42,Department of Defense,Department of the Air Force,DEFINITIVE CONTRACT,2026-03-13,641.7985,648.584,-1.05,491.64,2026-06-24,70,-23.4,641.7985,2026-03-13,0,0.0,30.54,,,,,,,,-0.12,-0.58,-2.87,-5.55,-4.67,-3.59,-5.33,-20.53,-18.22,-17.4,-11.41
LMT,LOCKHEED MARTIN CORP,N0003019C0025,2026-02-05,8710891.67,Department of Defense,Department of the Navy,DEFINITIVE CONTRACT,2026-02-05,602.045,595.7003,1.07,503.2157,2026-05-08,64,-16.42,672.2988,2026-03-02,16,11.67,33.6,6.0,16.0,,,,,,2.36,3.35,4.64,6.63,8.06,5.33,9.6,3.54,2.26,-14.49,-10.98
BA,THE BOEING COMPANY,SPRPA118FKH35,2026-03-12,-190600.0,Department of Defense,Defense Logistics Agency,DELIVERY ORDER,2026-03-12,204.76,214.1,-4.36,189.21,2026-03-30,12,-7.59,240.6,2026-05-13,43,17.5,27.16,18.0,28.0,40.0,,,,,2.51,2.96,-1.75,-3.1,-5.08,1.25,8.49,13.52,7.68,5.45,1.9
NOC,NORTHROP GRUMMAN SYSTEMS CORPORATION,N0001924F5005,2026-02-15,0.0,Department of Defense,Department of the Navy,DELIVERY ORDER,2026-02-17,695.8192,697.2582,-0.21,499.33,2026-06-25,89,-28.24,764.6547,2026-03-02,9,9.89,53.14,2.0,,,,,,,3.38,3.2,4.13,1.72,8.62,6.93,3.71,-2.38,-15.63,-21.05,-28.14
BA,THE BOEING COMPANY,HC104714F0042,2025-12-11,-2952.58,Department of Defense,Defense Information Systems Agency,DELIVERY ORDER,2025-12-11,200.71,198.72,1.0,189.21,2026-03-30,73,-5.73,252.15,2026-01-23,28,25.63,33.26,6.0,14.0,19.0,21.0,,,,1.83,2.99,3.77,8.04,7.84,13.48,21.84,21.85,19.04,6.67,16.66
ACN,ACCENTURE FEDERAL SERVICES LLC,89303019FIM000026,2025-11-13,0.0,Department of Energy,Department of Energy,BPA CALL,2025-11-13,242.5715,241.5524,0.42,187.6335,2026-02-25,69,-22.65,282.7143,2026-01-14,41,16.55,50.67,12.0,13.0,41.0,,,,,-0.95,-3.06,-2.74,-1.6,0.98,8.79,10.94,9.6,13.39,-6.92,-20.66
LMT,LOCKHEED MARTIN CORPORATION,N0001923C0003,2025-09-29,14145203547.0,Department of Defense,Department of the Navy,DEFINITIVE CONTRACT,2025-09-29,482.5541,478.1011,0.93,434.0461,2025-12-01,44,-10.05,628.5509,2026-02-02,86,30.26,44.81,68.0,71.0,74.0,78.0,86.0,,,1.47,1.5,4.52,4.48,2.41,0.64,-1.26,-8.11,-9.51,-1.17,27.71
BA,THE BOEING COMPANY,0014,2025-11-06,0.0,Department of Defense,Defense Contract Management Agency,DELIVERY ORDER,2025-11-06,196.5,197.62,-0.57,179.12,2025-11-24,12,-8.84,252.15,2026-01-23,52,28.32,40.77,27.0,31.0,38.0,44.0,,,,-0.96,-0.66,-0.98,-2.39,-8.71,-4.88,4.97,8.95,24.45,20.08,2.38
NOC,NORTHROP GRUMMAN SYSTEMS CORPORATION,FA863825FB007,2026-04-01,0.0,Department of Defense,Department of the Air Force,DELIVERY ORDER,2026-04-01,693.9458,679.2505,2.16,496.02,2026-06-29,60,-28.52,699.4217,2026-04-02,1,0.79,41.01,,,,,,,,0.79,-0.93,-0.92,-2.25,-3.48,-15.41,-18.49,-21.28,-21.55,-28.52,-17.04
LDOS,"LEIDOS, INC.",80JSC024CA005,2025-09-10,18542797.84,National Aeronautics and Space Administration,National Aeronautics and Space Administration,DEFINITIVE CONTRACT,2025-09-10,178.4951,177.169,0.75,178.4951,2025-09-10,0,0.0,197.9062,2025-11-04,39,10.87,10.87,15.0,18.0,,,,,,2.64,1.53,2.12,4.15,4.12,4.99,7.82,4.72,7.25,6.91,6.32
GD,GENERAL DYNAMICS ONE SOURCE LLC,FA824026F5005,2026-02-17,4714621.89,Department of Defense,Department of the Air Force,DELIVERY ORDER,2026-02-17,339.4425,344.5164,-1.47,311.1606,2026-04-27,48,-8.33,362.8304,2026-03-04,11,6.89,16.61,9.0,,,,,,,2.03,2.6,2.53,2.39,6.48,5.68,3.16,0.2,-5.92,0.12,1.69
BA,THE BOEING COMPANY,NAS1510000,2025-09-23,0.0,National Aeronautics and Space Administration,National Aeronautics and Space Administration,DEFINITIVE CONTRACT,2025-09-23,216.34,212.09,2.0,179.12,2025-11-24,44,-17.2,252.15,2026-01-23,84,16.55,40.77,70.0,76.0,81.0,,,,,-0.57,2.27,-0.24,0.5,2.53,-0.36,0.12,-8.45,-15.67,-4.63,7.71
GD,GENERAL DYNAMICS LAND SYSTEMS INC.,W912CH25F0124,2026-01-30,0.0,Department of Defense,Department of the Army,DELIVERY ORDER,2026-01-30,347.9355,346.8057,0.33,311.1606,2026-04-27,59,-10.57,362.8304,2026-03-04,22,4.28,16.61,,,,,,,,-1.34,0.65,2.56,2.2,-0.98,0.09,3.88,0.93,-0.76,-10.24,-2.4
LMT,LOCKHEED MARTIN CORP,FA880725FB004,2025-12-17,330000.0,Department of Defense,Department of the Air Force,DELIVERY ORDER,2025-12-17,469.2291,471.4725,-0.48,464.6336,2025-12-18,1,-0.98,672.2988,2026-03-02,49,43.28,44.69,11.0,15.0,16.0,18.0,28.0,,,-0.98,1.85,2.31,2.97,4.69,9.19,21.33,33.95,39.94,34.73,7.94
BA,THE BOEING COMPANY,FA863422F0044,2025-08-28,0.0,Department of Defense,Department of the Air Force,DELIVERY ORDER,2025-08-28,236.16,235.62,0.23,179.12,2025-11-24,61,-24.15,237.38,2025-09-02,2,0.52,32.53,,,,,,,,-0.63,-1.6,-2.77,-2.81,-8.56,-8.68,-8.08,-10.77,-14.88,-23.91,-3.4
IBM,INTERNATIONAL BUSINESS MACHINES CORPORATION,273FCC23F0070,2026-01-28,0.0,Federal Communications Commission,Federal Communications Commission,DELIVERY ORDER,2026-01-28,288.2873,287.9933,0.1,213.1113,2026-05-13,73,-26.08,326.8851,2026-06-02,86,13.39,53.39,1.0,85.0,,,,,,5.13,6.99,-1.74,1.62,-6.73,-10.84,-17.87,-15.32,-15.16,-20.69,-3.28
CAT,CATERPILLAR INC,SPE8EC24F0669,2025-10-03,0.0,Department of Defense,Defense Logistics Agency,DELIVERY ORDER,2025-10-03,493.4085,486.1935,1.48,482.3679,2025-10-07,2,-2.24,772.095,2026-02-11,89,56.48,60.06,7.0,18.0,18.0,43.0,71.0,89.0,,-0.5,0.86,-1.32,5.95,5.87,4.85,14.94,11.6,20.16,16.31,53.11
GE,GENERAL ELECTRIC COMPANY,FA862626FB005,2025-11-20,480940.0,Department of Defense,Department of the Air Force,DELIVERY ORDER,2025-11-20,289.5049,299.6658,-3.39,272.9098,2026-03-30,87,-5.73,344.8073,2026-03-02,67,19.1,26.34,20.0,28.0,60.0,,,,,-1.09,0.97,2.69,-0.45,-2.3,-0.76,8.3,12.83,0.76,15.31,-3.0
NOC,NORTHROP GRUMMAN SYSTEMS CORP,FA811025FB003,2025-09-24,23945627.0,Department of Defense,Department of the Air Force,DELIVERY ORDER,2025-09-24,579.4888,570.4051,1.59,541.3857,2025-12-01,47,-6.58,699.65,2026-02-03,90,20.74,29.23,8.0,77.0,83.0,90.0,,,,-0.09,1.32,3.27,3.97,8.82,6.94,3.32,-2.69,-3.27,-4.18,20.74
LDOS,"LEIDOS, INC.",W81XWH20F0363,2025-09-22,-1062.32,Department of Defense,Defense Health Agency,DELIVERY ORDER,2025-09-22,186.3224,185.9059,0.22,179.3204,2025-12-31,70,-3.76,197.9062,2025-11-04,31,6.22,10.36,10.0,,,,,,,-0.4,-2.93,-1.2,2.0,5.41,0.09,2.82,2.76,-0.56,-2.82,0.45
NOC,NORTHROP GRUMMAN SYSTEMS CORP,FA811021F0002,2025-08-18,0.0,Department of Defense,Department of the Air Force,DELIVERY ORDER,2025-08-18,575.7925,574.9457,0.15,541.3857,2025-12-01,73,-5.98,630.571,2025-10-08,36,9.51,16.47,34.0,,,,,,,0.24,2.12,0.33,0.31,1.17,-0.11,-0.94,4.6,2.89,-2.71,0.37
HII,HUNTINGTON INGALLS INC,N0002424C2106,2025-09-17,0.0,Department of Defense,Department of the Navy,DEFINITIVE CONTRACT,2025-09-17,269.2558,269.9772,-0.27,268.0601,2025-09-25,6,-0.44,422.7474,2026-01-16,84,57.01,57.71,9.0,27.0,31.0,60.0,67.0,81.0,,0.82,1.36,1.85,2.32,4.97,4.74,3.74,9.53,13.68,20.44,55.86
HII,HUNTINGTON INGALLS INCORPORATED,N0002423C2307,2026-02-19,0.0,Department of Defense,Department of the Navy,DEFINITIVE CONTRACT,2026-02-19,439.8598,421.7449,4.3,277.39,2026-06-29,89,-36.94,451.7788,2026-03-02,7,2.71,62.87,,,,,,,,-1.26,1.04,-0.03,2.71,-4.66,-6.35,-7.65,-10.22,-18.67,-26.17,-36.37
GE,GENERAL ELECTRIC COMPANY,N0038321F0UK0,2025-11-26,-258179.61,Department of Defense,Department of the Navy,DELIVERY ORDER,2025-11-26,295.4819,292.3141,1.08,272.9098,2026-03-30,83,-7.64,344.8073,2026-03-02,63,16.69,26.34,17.0,26.0,57.0,,,,,0.62,-2.46,-1.6,-3.18,-2.76,-1.5,5.16,9.41,4.61,15.73,5.8
GD,"GENERAL DYNAMICS ORDNANCE & TACTICAL SYSTEMS, INC.",W519TC25F0140,2026-04-03,-203641.0,Department of Defense,Department of the Army,DELIVERY ORDER,2026-04-06,348.2328,345.9534,0.66,311.1606,2026-04-27,15,-10.65,395.97,2026-08-10,87,13.71,27.26,61.0,76.0,,,,,,-0.84,-2.13,-2.57,-3.11,-5.04,-10.45,-0.17,-1.9,-1.17,3.74,12.84
CACI,"CACI NSS, LLC",47QFCA21F0087,2026-02-26,1299381.61,General Services Administration,Federal Acquisition Service,DELIVERY ORDER,2026-02-26,597.16,590.03,1.21,443.26,2026-06-25,82,-25.77,633.21,2026-03-09,7,6.04,42.85,3.0,,,,,,,2.18,5.46,2.57,6.04,2.59,1.94,-5.61,-10.49,-14.04,-16.04,-17.31
LDOS,"LEIDOS, INC.",N6523625F3003,2025-08-18,2237169.23,Department of Defense,Department of the Navy,DELIVERY ORDER,2025-08-18,176.2684,175.7835,0.28,175.8627,2025-09-03,11,-0.23,197.9062,2025-11-04,55,12.28,12.53,22.0,33.0,,,,,,0.35,1.3,1.96,2.96,1.56,0.16,3.41,6.32,8.68,11.54,5.24
BAH,BOOZ ALLEN HAMILTON INC,N0042122F3009,2026-03-19,42627.68,Department of Defense,Department of the Navy,DELIVERY ORDER,2026-03-19,80.2259,78.0721,2.76,59.71,2026-06-25,67,-25.57,83.4516,2026-04-07,12,4.02,39.76,,,,,,,,-1.09,-2.41,-0.62,-2.33,2.85,-1.61,-0.15,-3.12,-2.66,-7.07,-12.53
GD,"GENERAL DYNAMICS MISSION SYSTEMS, INC.",N0017820C2310,2025-12-09,0.0,Department of Defense,Department of the Navy,DEFINITIVE CONTRACT,2025-12-09,329.9188,331.6362,-0.52,324.0936,2026-04-21,90,-1.77,364.0791,2026-01-16,26,10.35,12.34,17.0,25.0,,,,,,2.38,0.96,0.96,0.92,2.86,1.56,5.87,9.12,4.42,8.73,-1.77
HON,HONEYWELL INTERNATIONAL INC.,SPRRA125F0061,2025-10-06,0.0,Department of Defense,Defense Logistics Agency,DELIVERY ORDER,2025-10-06,203.229,203.2776,-0.02,195.2672,2025-11-20,33,-3.92,252.5583,2026-02-10,87,24.27,29.34,13.0,71.0,79.0,83.0,,,,-0.01,-2.28,-2.91,-3.11,-1.42,3.42,-0.27,0.14,-2.88,-0.37,23.27
BAH,BOOZ ALLEN HAMILTON INC,47QFDA24F0025,2025-11-03,0.0,General Services Administration,Federal Acquisition Service,DELIVERY ORDER,2025-11-03,83.6684,85.2929,-1.9,73.705,2026-02-23,75,-11.91,100.6977,2026-01-23,55,20.35,36.62,24.0,27.0,55.0,55.0,,,,-0.05,0.08,2.11,-0.76,-3.86,-4.9,-2.89,0.54,10.92,4.1,-10.13
NOC,NORTHROP GRUMMAN SYSTEMS CORPORATION,693KA821C00009,2025-12-16,694201.73,Department of Transportation,Federal Aviation Administration,DEFINITIVE CONTRACT,2025-12-16,564.4202,571.4367,-1.23,555.2898,2025-12-18,2,-1.62,764.6547,2026-03-02,50,35.48,37.7,12.0,17.0,20.0,28.0,50.0,,,-0.8,-0.05,1.99,1.52,0.26,1.46,17.26,21.72,27.96,29.82,1.93
PLTR,PALANTIR TECHNOLOGIES INC.,75P00122F37002,2025-09-19,12608.0,Department of Health and Human Services,Office of the Assistant Secretary for Administration,BPA CALL,2025-09-19,182.39,176.97,3.06,151.86,2026-01-29,90,-16.74,207.18,2025-11-03,31,13.59,36.43,28.0,31.0,,,,,,-1.68,-1.55,-2.64,0.02,-5.11,1.69,-0.44,9.91,-15.1,0.47,-16.74
LDOS,"LEIDOS, INC.",N6883625F7K09,2025-12-29,9292.28,Department of Defense,Department of the Navy,DELIVERY ORDER,2025-12-29,184.3799,184.7477,-0.2,129.652,2026-05-08,90,-29.68,197.153,2026-01-09,8,6.93,52.06,4.0,,,,,,,-1.15,-1.09,6.47,5.25,5.64,2.93,0.92,-6.73,-5.3,-14.84,-29.68
BA,THE BOEING COMPANY,N0001926F0054,2026-01-30,2460132.17,Department of Defense,Department of the Navy,DELIVERY ORDER,2026-01-30,233.72,234.04,-0.14,189.21,2026-03-30,40,-19.04,244.71,2026-02-09,6,4.7,29.33,,,,,,,,-0.3,0.95,3.98,3.8,3.95,-0.72,-4.11,-8.66,-10.15,-1.28,-10.58
BAH,BOOZ ALLEN HAMILTON INC,693KA823F00143,2025-09-04,29478.84,Department of Transportation,Federal Aviation Administration,DELIVERY ORDER,2025-09-04,100.9893,104.4632,-3.33,78.7024,2025-11-20,55,-22.07,102.3789,2025-09-12,6,1.38,30.08,,,,,,,,-0.73,-0.08,0.62,-1.53,-1.93,-3.8,0.79,-5.74,-17.08,-18.6,-7.04
AVAV,"AEROVIRONMENT, INC",W58RGZ25C0026,2025-10-03,0.0,Department of Defense,Department of the Army,DEFINITIVE CONTRACT,2025-10-03,374.64,360.28,3.99,229.1,2025-12-17,52,-38.85,409.83,2025-10-13,6,9.39,78.89,2.0,,,,,,,4.6,8.77,4.71,7.2,-6.42,-2.77,-1.8,-22.27,-24.6,-34.87,-37.24
LDOS,"LEIDOS, INC.",W15P7T25F0130,2026-03-23,59700.0,Department of Defense,Department of the Army,DELIVERY ORDER,2026-03-23,161.9679,165.2861,-2.01,100.0,2026-06-25,65,-38.26,161.9679,2026-03-23,0,0.0,61.97,,,,,,,,-2.18,-3.05,-5.14,-4.02,-2.26,-3.05,-7.28,-15.6,-19.64,-32.91,-28.63
LMT,LOCKHEED MARTIN CORPORATION,HR001122C0141,2026-02-09,400000.0,Department of Defense,Defense Advanced Research Projects Agency,DEFINITIVE CONTRACT,2026-02-09,630.8141,616.2764,2.36,503.2157,2026-05-08,62,-20.23,672.2988,2026-03-02,14,6.58,33.6,14.0,,,,,,,-1.37,-0.13,1.77,4.42,4.1,6.58,2.29,-3.9,-3.76,-19.01,-19.0
LDOS,"LEIDOS, INC.",N0003925F7469,2025-12-22,8390619.75,Department of Defense,Department of the Navy,DELIVERY ORDER,2025-12-22,184.9267,183.5748,0.74,143.7323,2026-04-27,85,-22.28,197.153,2026-01-09,12,6.61,37.17,8.0,,,,,,,0.15,-0.1,-1.45,-1.38,5.68,5.33,2.79,0.02,-5.88,-10.62,-19.81
GD,"GENERAL DYNAMICS MISSION SYSTEMS, INC.",N0003024C1005,2025-09-17,4596681.0,Department of Defense,Department of the Navy,DEFINITIVE CONTRACT,2025-09-17,319.6409,320.7415,-0.34,317.0663,2025-09-22,3,-0.81,364.0791,2026-01-16,84,13.9,14.83,12.0,76.0,,,,,,-0.22,-0.81,-0.51,1.56,4.76,5.58,2.08,6.06,5.93,5.44,13.67
LMT,LOCKHEED MARTIN CORPORATION,W31P4Q23C0014,2025-10-28,32000.0,Department of Defense,Department of the Army,DEFINITIVE CONTRACT,2025-10-28,476.463,477.5812,-0.23,434.0461,2025-12-01,23,-8.9,672.2988,2026-03-02,84,41.1,54.89,46.0,50.0,52.0,55.0,64.0,,,-0.09,1.26,-0.16,-3.47,-5.91,-3.09,-6.51,-2.94,3.1,20.65,35.79
LDOS,LEIDOS BIOMEDICAL RESEARCH INC,75N91023F00017,2025-09-22,560278.0,Department of Health and Human Services,National Institutes of Health,DELIVERY ORDER,2025-09-22,186.3224,185.9059,0.22,179.3204,2025-12-31,70,-3.76,197.9062,2025-11-04,31,6.22,10.36,10.0,,,,,,,-0.4,-2.93,-1.2,2.0,5.41,0.09,2.82,2.76,-0.56,-2.82,0.45
LMT,LOCKHEED MARTIN CORPORATION,FA823224C0002,2025-11-04,675066.01,Department of Defense,Department of the Air Force,DEFINITIVE CONTRACT,2025-11-04,475.6882,478.5915,-0.61,434.0461,2025-12-01,18,-8.75,672.2988,2026-03-02,79,41.33,54.89,41.0,45.0,47.0,49.0,59.0,,,-2.44,-5.49,-5.75,-6.01,-2.12,-6.99,-6.85,-1.36,12.8,32.14,32.9
GE,GENERAL ELECTRIC COMPANY,FA860426FB010,2026-03-02,1120689.5,Department of Defense,Department of the Air Force,DELIVERY ORDER,2026-03-02,344.8073,341.3367,1.02,272.9098,2026-03-30,20,-20.85,378.68,2026-07-06,86,9.82,38.76,79.0,,,,,,,-3.36,-5.42,-6.75,-5.82,-11.94,-16.93,-17.8,-7.89,-16.96,-8.12,4.19
NOC,NORTHROP GRUMMAN SYSTEMS CORPORATION,FA869024FB002,2026-03-23,0.0,Department of Defense,Department of the Air Force,DELIVERY ORDER,2026-03-23,677.0203,703.8522,-3.81,496.02,2026-06-29,67,-26.73,699.4217,2026-04-02,8,3.31,41.01,,,,,,,,0.32,1.76,-1.24,2.5,1.54,0.19,-13.29,-17.85,-18.92,-18.74,-19.87
GD,GENERAL DYNAMICS LAND SYSTEMS CUSTOMER SERVICE & SUPPORT COMPANY,W56HZV23C0059,2026-01-07,0.0,Department of Defense,Department of the Army,DEFINITIVE CONTRACT,2026-01-07,341.1409,356.0146,-4.18,311.1606,2026-04-27,75,-8.79,364.0791,2026-01-16,7,6.72,17.01,4.0,,,,,,,1.68,4.43,5.89,6.72,6.27,3.62,4.6,2.09,2.12,2.08,0.14
LMT,LOCKHEED MARTIN CORPORATION,W31P4Q20C0023,2025-12-30,6136878.0,Department of Defense,Department of the Army,DEFINITIVE CONTRACT,2025-12-30,482.2844,483.1442,-0.18,478.0051,2025-12-31,1,-0.89,672.2988,2026-03-02,41,39.4,40.65,4.0,7.0,10.0,14.0,22.0,,,-0.89,4.83,1.82,11.25,17.36,20.13,29.96,30.62,38.38,26.86,5.52
BAH,BOOZ ALLEN HAMILTON INC,HB000123C1000,2025-11-19,1480000.0,Department of Defense,U.S. Cyber Command,DEFINITIVE CONTRACT,2025-11-19,79.2245,79.7465,-0.65,73.705,2026-02-23,63,-6.97,100.6977,2026-01-23,43,27.1,36.62,10.0,12.0,14.0,35.0,,,,-0.66,0.41,3.51,2.5,8.98,15.65,6.01,11.08,11.35,-1.92,0.69
LMT,LOCKHEED MARTIN CORPORATION,FA823224F0206,2025-10-30,0.0,Department of Defense,Department of the Air Force,DELIVERY ORDER,2025-10-30,480.3374,476.0315,0.9,434.0461,2025-12-01,21,-9.64,672.2988,2026-03-02,82,39.96,54.89,44.0,48.0,51.0,55.0,62.0,,,0.44,-0.97,-4.25,-7.68,-6.92,-4.05,-9.64,-1.19,7.41,22.89,35.03
BA,THE BOEING COMPANY,N0001923F0112,2025-09-17,-61709.03,Department of Defense,Department of the Navy,DELIVERY ORDER,2025-09-17,214.63,215.02,-0.18,179.12,2025-11-24,48,-16.54,252.15,2026-01-23,88,17.48,40.77,74.0,80.0,83.0,,,,,0.48,-1.18,0.22,3.09,0.27,3.35,-1.28,-0.49,-13.48,-6.49,13.94
GD,"GENERAL DYNAMICS MISSION SYSTEMS, INC.",HQ085022C0007,2026-03-05,4953407.85,Department of Defense,Department of the Air Force,DEFINITIVE CONTRACT,2026-03-05,357.4591,362.8304,-1.48,311.1606,2026-04-27,36,-12.95,376.88,2026-07-06,83,5.43,21.12,83.0,,,,,,,0.77,-1.42,-1.52,-1.76,-3.07,-2.27,-2.58,-6.33,-3.48,-5.52,2.29
CACI,"CACI, INC. - FEDERAL",47QFRA24F0005,2026-03-12,3019094.07,General Services Administration,Federal Acquisition Service,DELIVERY ORDER,2026-03-12,612.63,604.38,1.37,440.76,2026-07-21,89,-28.05,612.93,2026-03-17,3,0.05,39.06,,,,,,,,-0.96,0.05,0.05,-3.81,-5.35,-8.4,-11.88,-15.68,-20.51,-15.26,-23.7
NOC,NORTHROP GRUMMAN SYSTEMS CORPORATION,SPEFA323C0001,2025-09-19,0.0,Department of Defense,Defense Logistics Agency,DEFINITIVE CONTRACT,2025-09-19,566.402,567.1136,-0.13,541.3857,2025-12-01,50,-4.42,690.0928,2026-01-29,90,21.84,27.47,7.0,13.0,82.0,89.0,,,,0.54,2.31,3.75,6.33,6.37,10.82,5.06,1.82,-1.1,0.89,21.84
LDOS,"LEIDOS, INC.",70B03C25F00000933,2025-09-24,2056000.0,Department of Homeland Security,U.S. Customs and Border Protection,DELIVERY ORDER,2025-09-24,185.8563,185.5687,0.15,179.3204,2025-12-31,68,-3.52,197.9062,2025-11-04,29,6.48,10.36,8.0,,,,,,,-2.69,-0.96,2.26,4.36,5.78,-0.07,2.13,4.09,1.58,-3.09,1.51
GD,GENERAL DYNAMICS LAND SYSTEMS INC.,W912CH25F0122,2026-03-18,-3034217.35,Department of Defense,Department of the Army,DELIVERY ORDER,2026-03-18,350.1851,353.0887,-0.82,311.1606,2026-04-27,27,-11.14,393.19,2026-07-28,90,12.28,26.36,73.0,88.0,,,,,,-1.06,-1.7,-0.24,-1.87,-0.8,-0.95,-4.39,-2.11,-3.7,2.41,12.28
BAH,BOOZ ALLEN HAMILTON INC.,HB000121C1000,2025-10-17,0.0,Department of Defense,U.S. Cyber Command,DEFINITIVE CONTRACT,2025-10-17,95.9398,95.1961,0.78,73.705,2026-02-23,86,-23.18,100.6977,2026-01-23,66,4.96,36.62,,,,,,,,2.97,0.71,-6.77,-12.73,-11.1,-12.72,-16.16,-15.36,-11.2,-1.08,-18.45
NOC,NORTHROP GRUMMAN SYSTEMS CORP,FA811023F0003,2026-03-05,0.0,Department of Defense,Department of the Air Force,DELIVERY ORDER,2026-03-05,736.7673,750.5368,-1.83,496.02,2026-06-29,79,-32.68,752.8167,2026-03-06,1,2.18,51.77,,,,,,,,2.18,-0.68,-0.5,-0.55,-3.49,-6.59,-5.98,-10.1,-25.74,-26.81,-28.71
BA,THE BOEING COMPANY,FA852624F0003,2025-08-25,0.0,Department of Defense,Department of the Air Force,DELIVERY ORDER,2025-08-25,226.87,230.12,-1.41,179.12,2025-11-24,64,-21.05,237.38,2025-09-02,5,4.63,32.53,,,,,,,,3.51,4.09,4.63,1.71,1.17,-4.9,-5.19,-2.23,-1.56,-16.41,0.4
LMT,RAYTHEON/LOCKHEED MARTIN JAVELIN JV,W31P4Q24C0047,2026-01-30,-189257.06,Department of Defense,Department of the Army,DEFINITIVE CONTRACT,2026-01-30,626.7917,615.2189,1.88,503.2157,2026-05-08,68,-19.72,672.2988,2026-03-02,20,7.26,33.6,13.0,,,,,,,0.28,-4.96,-1.68,-0.73,2.89,3.79,5.85,2.27,-0.51,-18.8,-16.24
BAH,BOOZ ALLEN HAMILTON INC,FA807519FA035,2026-01-13,-3675.54,Department of Defense,Department of the Air Force,DELIVERY ORDER,2026-01-13,93.8815,95.3196,-1.51,71.0549,2026-05-13,83,-24.31,100.6977,2026-01-23,7,7.26,41.72,7.0,,,,,,,1.09,2.19,0.27,7.26,-4.42,-12.92,-18.24,-15.67,-14.55,-17.36,-16.82
NOC,NORTHROP GRUMMAN SYSTEMS CORPORATION,FA823226FB053,2026-01-06,1309503.66,Department of Defense,Department of the Air Force,DELIVERY ORDER,2026-01-06,605.9935,606.6982,-0.12,538.3207,2026-05-15,90,-11.17,764.6547,2026-03-02,37,26.18,42.04,6.0,12.0,19.0,30.0,,,,-5.5,1.34,2.44,7.21,8.77,11.16,14.07,20.68,20.97,15.42,-11.17
LMT,LOCKHEED MARTIN CORP,FA862920F7171,2025-10-30,0.0,Department of Defense,Defense Contract Management Agency,DELIVERY ORDER,2025-10-30,480.3374,476.0315,0.9,434.0461,2025-12-01,21,-9.64,672.2988,2026-03-02,82,39.96,54.89,44.0,48.0,51.0,55.0,62.0,,,0.44,-0.97,-4.25,-7.68,-6.92,-4.05,-9.64,-1.19,7.41,22.89,35.03
BA,THE BOEING COMPANY,FA810725F5006,2026-03-05,0.0,Department of Defense,Department of the Air Force,DELIVERY ORDER,2026-03-05,222.06,227.31,-2.31,189.21,2026-03-30,17,-14.79,240.6,2026-05-13,48,8.35,27.16,34.0,,,,,,,4.08,-1.94,-7.79,-3.87,-9.4,-10.11,-4.4,0.59,6.89,1.01,-1.77
BAH,BOOZ ALLEN HAMILTON INC,FA807525F0039,2025-09-05,796929.0,Department of Defense,Department of the Air Force,DELIVERY ORDER,2025-09-05,100.2553,100.9893,-0.73,78.7024,2025-11-20,54,-21.5,102.3789,2025-09-12,5,2.12,30.08,,,,,,,,-0.74,0.05,2.12,-0.61,-0.3,-4.8,1.16,-4.3,-14.64,-19.0,-5.34
LDOS,LEIDOS BIOMEDICAL RESEARCH INC,75N91025F00004,2025-12-19,0.0,Department of Health and Human Services,National Institutes of Health,DELIVERY ORDER,2025-12-19,183.5748,180.1057,1.93,143.7323,2026-04-27,86,-21.7,197.153,2026-01-09,13,7.4,37.17,9.0,,,,,,,0.74,1.06,0.44,-2.32,6.94,5.91,4.75,2.04,-4.78,-9.92,-19.0
HII,HUNTINGTON INGALLS INCORPORATED,N0002416C2427,2026-03-31,0.0,Department of Defense,Department of the Navy,DEFINITIVE CONTRACT,2026-03-31,378.2663,367.4928,2.93,268.76,2026-07-21,76,-28.95,409.581,2026-04-08,5,8.28,52.4,3.0,,,,,,,3.53,7.31,8.28,3.82,4.8,-0.44,-4.11,-12.02,-22.14,-25.45,-12.55
LMT,LOCKHEED MARTIN CORP,FA882322F4001,2025-12-11,13617325.0,Department of Defense,Department of the Air Force,DELIVERY ORDER,2025-12-11,469.318,462.4593,1.48,464.6335,2025-12-18,5,-1.0,672.2988,2026-03-02,53,43.25,44.69,15.0,19.0,20.0,22.0,32.0,,,1.13,0.46,-1.0,1.83,1.72,4.67,17.57,25.28,36.84,37.49,12.15
BAH,BOOZ ALLEN HAMILTON INC,FA807525F0039,2026-04-07,593100.0,Department of Defense,Department of the Air Force,DELIVERY ORDER,2026-04-07,83.4516,83.0844,0.44,59.71,2026-06-25,55,-28.45,83.4516,2026-04-07,0,0.0,39.76,,,,,,,,-2.95,-7.03,-3.16,-1.65,-3.66,-9.38,-9.28,-8.42,-7.38,-25.17,-7.18
BA,THE BOEING COMPANY,FA813825F1003,2025-09-23,12474372.48,Department of Defense,Department of the Air Force,DELIVERY ORDER,2025-09-23,216.34,212.09,2.0,179.12,2025-11-24,44,-17.2,252.15,2026-01-23,84,16.55,40.77,70.0,76.0,81.0,,,,,-0.57,2.27,-0.24,0.5,2.53,-0.36,0.12,-8.45,-15.67,-4.63,7.71
LMT,LOCKHEED MARTIN CORPORATION,N0001920F0157,2025-11-21,0.0,Department of Defense,Department of the Navy,DELIVERY ORDER,2025-11-21,451.9518,459.2885,-1.6,434.0461,2025-12-01,5,-3.96,672.2988,2026-03-02,66,48.75,54.89,14.0,28.0,32.0,33.0,43.0,,,-2.11,-1.44,-3.96,-2.3,1.77,5.02,5.52,8.65,36.12,43.94,40.23
ROK,ROCKWELL AUTOMATION INC,N6449826FX023,2026-01-23,0.0,Department of Defense,Department of the Navy,DELIVERY ORDER,2026-01-23,415.1136,422.5447,-1.76,347.4382,2026-03-30,45,-16.3,463.41,2026-06-02,89,11.63,33.38,71.0,71.0,,,,,,0.61,-0.7,0.91,2.98,-0.67,-8.58,-2.66,-9.81,-16.3,-1.53,11.23
LMT,LOCKHEED MARTIN CORPORATION,HQ072725F1100,2026-02-09,0.0,Department of Defense,Defense Microelectronics Activity,DELIVERY ORDER,2026-02-09,630.8141,616.2764,2.36,503.2157,2026-05-08,62,-20.23,672.2988,2026-03-02,14,6.58,33.6,14.0,,,,,,,-1.37,-0.13,1.77,4.42,4.1,6.58,2.29,-3.9,-3.76,-19.01,-19.0
BAH,BOOZ ALLEN HAMILTON INC,FA863025CB014,2026-01-13,762000.0,Department of Defense,Department of the Air Force,DEFINITIVE CONTRACT,2026-01-13,93.8815,95.3196,-1.51,71.0549,2026-05-13,83,-24.31,100.6977,2026-01-23,7,7.26,41.72,7.0,,,,,,,1.09,2.19,0.27,7.26,-4.42,-12.92,-18.24,-15.67,-14.55,-17.36,-16.82
BA,THE BOEING COMPANY,FA868123FB023,2026-01-15,0.0,Department of Defense,Department of the Air Force,DELIVERY ORDER,2026-01-15,247.74,242.61,2.11,189.21,2026-03-30,50,-23.63,252.15,2026-01-23,5,1.78,33.26,,,,,,,,-0.02,0.94,1.78,-1.28,-5.66,-4.36,-1.49,-7.27,-19.91,-9.68,-9.46
LDOS,"LEIDOS, INC.",N0003925F7431,2025-09-08,1217061.03,Department of Defense,Department of the Navy,DELIVERY ORDER,2025-09-08,176.5554,177.1393,-0.33,176.5554,2025-09-08,0,0.0,197.9062,2025-11-04,41,12.09,12.09,8.0,20.0,,,,,,0.35,3.77,2.64,3.25,5.53,3.86,10.66,7.0,10.59,5.08,8.86
LMT,LOCKHEED MARTIN CORPORATION,FA862124FB006,2026-03-30,0.0,Department of Defense,Department of the Air Force,DELIVERY ORDER,2026-03-30,594.6769,611.8347,-2.8,491.64,2026-06-24,59,-17.33,633.7512,2026-04-06,4,6.57,28.91,4.0,,,,,,,0.97,4.05,4.87,4.23,2.17,-2.89,-14.83,-12.96,-13.9,-15.08,-1.13
BA,THE BOEING COMPANY,SPE4A526F3611,2026-01-26,2013306.25,Department of Defense,Defense Logistics Agency,DELIVERY ORDER,2026-01-26,248.43,252.15,-1.48,189.21,2026-03-30,44,-23.84,248.43,2026-01-26,0,0.0,31.3,,,,,,,,-1.56,-5.79,-6.2,-5.02,-1.5,-2.2,-7.27,-12.35,-19.88,-6.9,-12.48
BAH,BOOZ ALLEN HAMILTON INC,47QFCA21F0018,2025-09-24,101944.0,General Services Administration,Federal Acquisition Service,DELIVERY ORDER,2025-09-24,97.1532,96.2236,0.97,78.7024,2025-11-20,41,-18.99,101.8113,2025-10-07,9,4.79,29.36,,,,,,,,-1.76,-0.39,3.34,4.77,3.68,-1.49,1.02,-12.76,-15.59,-12.8,-15.85
LDOS,"LEIDOS, INC.",FA873021F0113,2025-12-18,1698285.8,Department of Defense,Department of the Air Force,DELIVERY ORDER,2025-12-18,180.1057,180.2747,-0.09,143.7323,2026-04-27,87,-20.2,197.153,2026-01-09,14,9.47,37.17,10.0,,,,,,,1.93,2.83,2.58,1.19,7.89,9.47,6.03,4.75,-6.24,-7.74,-17.44
BAH,BOOZ ALLEN HAMILTON INC,N0017824F3009,2026-03-27,2101314.0,Department of Defense,Department of the Navy,DELIVERY ORDER,2026-03-27,77.9034,79.7296,-2.29,59.71,2026-06-25,61,-23.35,83.4516,2026-04-07,6,7.12,39.76,4.0,,,,,,,0.59,2.4,6.65,3.96,4.23,4.18,-2.87,-4.51,2.34,-19.54,-5.1
LDOS,"LEIDOS, INC.",DTFAWA16C00021,2025-09-05,235526.1,Department of Transportation,Federal Aviation Administration,DEFINITIVE CONTRACT,2025-09-05,177.1393,176.7237,0.24,176.5554,2025-09-08,1,-0.33,197.9062,2025-11-04,42,11.72,12.09,11.0,21.0,,,,,,-0.33,0.77,2.72,2.22,4.95,2.1,10.88,3.3,10.28,5.49,7.08
LMT,LOCKHEED MARTIN CORPORATION,N6339422F0005,2026-03-24,0.0,Department of Defense,Department of the Navy,DELIVERY ORDER,2026-03-24,606.2015,612.2419,-0.99,491.64,2026-06-24,63,-18.9,633.7512,2026-04-06,8,4.54,28.91,,,,,,,,2.3,0.93,-0.95,2.07,3.0,0.23,-13.17,-15.72,-11.96,-15.71,-3.28
GD,GENERAL DYNAMICS LAND SYSTEMS INC.,W56HZV23F0072,2025-12-18,0.0,Department of Defense,Department of the Army,DELIVERY ORDER,2025-12-18,332.9489,332.031,0.28,311.1606,2026-04-27,87,-6.54,364.0791,2026-01-16,19,9.35,17.01,10.0,,,,,,,0.6,1.93,1.44,0.63,5.4,4.91,8.58,5.76,2.13,5.18,2.96
GD,"GENERAL DYNAMICS MISSION SYSTEMS, INC.",W15P7T21F0186,2026-03-31,2229604.89,Department of Defense,Department of the Army,DELIVERY ORDER,2026-03-31,340.1362,337.728,0.71,311.1606,2026-04-27,18,-8.52,395.97,2026-08-10,90,16.42,27.26,50.0,65.0,81.0,,,,,2.13,2.38,1.98,-1.9,-0.81,-4.72,0.78,-0.08,-0.04,1.49,16.42
ACN,ACCENTURE FEDERAL SERVICES LLC,HC104714F0116,2026-01-20,-115503.19,Department of Defense,Defense Information Systems Agency,DELIVERY ORDER,2026-01-20,267.2038,280.4313,-4.72,157.7433,2026-05-13,79,-40.97,279.3339,2026-01-22,2,4.54,77.08,,,,,,,,2.94,3.07,1.13,-4.21,-11.55,-13.18,-21.18,-23.0,-29.49,-28.26,-30.82
LMT,LOCKHEED MARTIN CORPORATION,N0002421C5105,2026-01-22,1695057.0,Department of Defense,Department of the Navy,DEFINITIVE CONTRACT,2026-01-22,586.9539,579.3638,1.31,503.2157,2026-05-08,74,-14.27,672.2988,2026-03-02,26,14.54,33.6,6.0,19.0,,,,,,-0.52,0.18,4.82,7.09,2.57,5.86,11.23,13.71,4.24,-1.61,-12.53
LDOS,"LEIDOS, INC.",HT942525F0223,2026-04-01,0.0,Department of Defense,Defense Health Agency,DELIVERY ORDER,2026-04-01,155.4608,154.9726,0.32,100.0,2026-06-25,58,-35.68,160.0746,2026-04-08,4,2.97,60.07,,,,,,,,1.8,1.83,-0.24,1.01,0.29,-3.4,-4.35,-19.52,-20.24,-35.39,-9.37
LMT,LOCKHEED MARTIN CORPORATION,W31P4Q23F0024,2025-09-18,3490159.26,Department of Defense,Department of the Army,DELIVERY ORDER,2025-09-18,464.5458,464.0554,0.11,434.0461,2025-12-01,51,-6.57,590.2746,2026-01-28,90,27.06,35.99,8.0,75.0,78.0,81.0,,,,-0.14,2.76,2.26,3.88,5.43,8.53,4.55,3.4,-1.13,2.17,27.06
PLTR,PALANTIR USG INC,W519TC26F0012,2025-12-11,18278143.0,Department of Defense,Department of the Army,DELIVERY ORDER,2025-12-11,187.54,187.91,-0.2,128.06,2026-04-10,81,-31.72,194.17,2025-12-24,9,3.54,51.62,,,,,,,,-2.12,0.11,-0.99,3.43,0.62,-10.49,-4.58,-11.65,-27.81,-19.16,-24.51
GD,GENERAL DYNAMICS LAND SYSTEMS INC.,N0002425F5320,2025-09-30,2423288.0,Department of Defense,Department of the Navy,DELIVERY ORDER,2025-09-30,335.0884,326.4115,2.66,326.2868,2025-10-16,12,-2.63,364.0791,2026-01-16,75,8.65,11.58,67.0,,,,,,,-0.07,0.77,0.71,0.52,-1.18,-0.68,1.17,3.8,-0.42,1.73,6.5
BA,"BOEING AEROSPACE OPERATIONS, INC.",N6852025F0041,2026-03-24,3432226.31,Department of Defense,Department of the Navy,DELIVERY ORDER,2026-03-24,196.42,198.41,-1.0,189.21,2026-03-30,4,-3.67,240.6,2026-05-13,35,22.49,27.16,6.0,10.0,20.0,32.0,,,,1.62,-3.0,1.33,6.01,10.88,13.92,19.21,17.06,16.47,13.39,18.87
PSN,PARSONS GOVERNMENT SERVICES INC.,FA875023F0507,2026-03-04,610891.0,Department of Defense,Department of the Air Force,DELIVERY ORDER,2026-03-04,66.03,66.66,-0.95,47.05,2026-06-25,78,-28.74,66.03,2026-03-04,0,0.0,40.34,,,,,,,,-0.88,-5.27,-11.07,-16.78,-22.6,-23.63,-14.71,-15.16,-22.43,-10.5,-18.17
LDOS,"LEIDOS, INC.",15A00020FAQA00189,2026-01-15,0.0,Department of Justice,"Bureau of Alcohol, Tobacco, Firearms and Explosives Acquisition and Property Management Division",DELIVERY ORDER,2026-01-15,192.2028,189.6781,1.33,122.6069,2026-05-21,87,-36.21,193.5547,2026-02-10,17,0.7,57.87,,,,,,,,0.69,-0.64,-1.1,-3.21,-2.63,-3.76,-16.46,-7.22,-15.73,-19.03,-32.28
LMT,LOCKHEED MARTIN CORPORATION,FA865019C9314,2026-02-06,500000.0,Department of Defense,Department of the Air Force,DEFINITIVE CONTRACT,2026-02-06,616.2764,602.045,2.36,503.2157,2026-05-08,63,-18.35,672.2988,2026-03-02,15,9.09,33.6,8.0,,,,,,,2.36,0.82,4.65,4.21,5.94,5.53,4.98,-0.65,-1.41,-17.96,-13.62
BA,THE BOEING COMPANY,FA813422F1000,2026-01-29,0.0,Department of Defense,Department of the Air Force,DELIVERY ORDER,2026-01-29,234.04,241.59,-3.13,189.21,2026-03-30,41,-19.15,244.71,2026-02-09,7,4.56,29.33,,,,,,,,-0.14,-0.38,1.24,4.56,2.27,-0.14,-1.84,-10.32,-9.29,-1.16,-8.34
BAH,BOOZ ALLEN HAMILTON INC,N6133122F3011,2026-02-02,37898.0,Department of Defense,Department of the Navy,DELIVERY ORDER,2026-02-02,86.1885,87.0947,-1.04,71.0549,2026-05-13,70,-17.56,88.7791,2026-02-09,5,3.01,24.94,,,,,,,,-5.14,-3.41,3.01,-8.81,-12.0,-14.48,-9.77,-11.19,-6.03,-11.96,-10.43
LMT,LOCKHEED MARTIN CORPORATION,FA823224F0158,2025-12-23,644924.0,Department of Defense,Department of the Air Force,DELIVERY ORDER,2025-12-23,476.8982,477.9062,-0.21,476.8982,2025-12-23,0,0.0,672.2988,2026-03-02,45,40.97,40.97,7.0,11.0,13.0,16.0,25.0,,,0.66,1.31,0.23,6.01,7.44,18.68,20.54,29.23,40.97,28.38,6.02
BAH,BOOZ ALLEN HAMILTON INC,W56KGU24F0009,2026-02-11,58382.3,Department of Defense,Department of the Army,DELIVERY ORDER,2026-02-11,78.5941,88.6018,-11.3,63.33,2026-06-22,89,-19.42,83.4516,2026-04-07,37,6.18,31.77,36.0,,,,,,,-2.33,-3.49,0.95,-6.22,0.74,-1.06,-1.16,1.44,3.26,-2.71,-18.72
LMT,LOCKHEED MARTIN CORP,FA852521F0003,2025-08-14,0.0,Department of Defense,Department of the Air Force,DELIVERY ORDER,2025-08-14,425.8346,430.9467,-1.19,425.8346,2025-08-14,0,0.0,504.3876,2025-10-06,36,18.45,18.45,14.0,26.0,34.0,,,,,0.05,0.86,2.26,2.38,4.31,5.23,9.01,12.27,14.05,5.57,12.23
TXT,TEXTRON SYSTEMS CORP,N0002417C2480,2026-02-19,-104902.15,Department of Defense,Department of the Navy,DEFINITIVE CONTRACT,2026-02-19,98.9872,100.2067,-1.22,85.9317,2026-03-30,27,-13.19,100.7265,2026-02-20,1,1.76,17.22,,,,,,,,1.76,-0.04,-0.4,1.67,-2.66,-5.82,-10.34,-11.07,-11.16,-10.34,-7.33
GD,"GENERAL DYNAMICS INFORMATION TECHNOLOGY, INC.",HC101322F0007,2025-08-22,258168.23,Department of Defense,Defense Information Systems Agency,BPA CALL,2025-08-22,314.0692,311.0426,0.97,314.0692,2025-08-22,0,0.0,349.165,2025-10-27,45,11.17,11.17,26.0,44.0,,,,,,0.09,1.83,1.55,1.0,0.97,2.05,1.12,8.41,11.17,7.41,5.8
BA,THE BOEING COMPANY,FA810724F5008,2025-09-19,537015.0,Department of Defense,Department of the Air Force,DELIVERY ORDER,2025-09-19,215.65,215.66,-0.0,179.12,2025-11-24,46,-16.94,252.15,2026-01-23,86,16.93,40.77,72.0,78.0,83.0,,,,,-1.65,-0.26,2.6,0.08,0.3,0.16,0.54,-6.78,-16.67,-4.71,8.53
LMT,LOCKHEED MARTIN CORPORATION,N0002423C5123,2025-12-22,40327022.23,Department of Defense,Department of the Navy,DEFINITIVE CONTRACT,2025-12-22,477.9062,468.5768,1.99,476.8982,2025-12-23,1,-0.21,672.2988,2026-03-02,46,40.68,40.97,8.0,12.0,14.0,17.0,26.0,,,-0.21,-0.11,0.92,2.79,2.75,15.45,22.18,25.98,36.09,30.43,7.72
ACN,ACCENTURE FEDERAL SERVICES LLC,FA820422F0001,2025-12-08,5145883.5,Department of Defense,Department of the Air Force,DELIVERY ORDER,2025-12-08,261.1192,261.2074,-0.03,177.3969,2026-04-10,84,-32.06,282.7142,2026-01-14,25,8.27,59.37,21.0,,,,,,,1.14,1.45,3.06,2.72,1.56,1.82,5.75,6.98,-16.68,-19.32,-26.19
LDOS,"LEIDOS, INC.",36C77020C0002,2026-02-12,0.0,Department of Veterans Affairs,Department of Veterans Affairs,DEFINITIVE CONTRACT,2026-02-12,170.414,171.9647,-0.9,104.32,2026-06-24,90,-38.78,179.5689,2026-03-03,12,5.37,72.13,12.0,,,,,,,2.83,0.05,1.2,1.57,2.13,2.46,-2.09,-9.06,-9.47,-25.34,-38.78
GD,GENERAL DYNAMICS LAND SYSTEMS INC.,W56HZV21F0136,2026-01-20,-10877.0,Department of Defense,Department of the Army,DELIVERY ORDER,2026-01-20,355.9429,364.0791,-2.23,311.1606,2026-04-27,67,-12.58,363.3259,2026-01-27,5,2.07,16.76,,,,,,,,1.56,1.14,2.07,-2.57,-1.07,0.26,-1.34,1.94,-1.86,-6.32,-2.99
LDOS,"LEIDOS, INC.",N6883625F7K0J,2025-09-14,535011.34,Department of Defense,Department of the Navy,DELIVERY ORDER,2025-09-15,181.2248,181.9488,-0.4,179.3204,2025-12-31,75,-1.05,197.9062,2025-11-04,36,9.2,10.36,13.0,,,,,,,-0.08,2.42,2.81,2.56,1.58,7.03,2.48,3.49,3.32,1.21,4.89
LMT,LOCKHEED MARTIN CORPORATION,FA823226FB034,2026-03-31,15023679.91,Department of Defense,Department of the Air Force,DELIVERY ORDER,2026-03-31,600.4591,594.6769,0.97,491.64,2026-06-24,58,-18.12,633.7512,2026-04-06,3,5.54,28.91,3.0,,,,,,,2.19,5.54,3.99,1.54,1.11,-5.37,-14.3,-13.97,-13.56,-15.5,0.45
KTOS,"KRATOS S2, INC",47QFCA20C0019,2025-09-16,6289828.5,General Services Administration,Federal Acquisition Service,DEFINITIVE CONTRACT,2025-09-16,76.35,70.74,7.93,67.31,2025-11-20,47,-11.84,130.72,2026-01-16,85,71.21,94.21,2.0,7.0,9.0,11.0,14.0,81.0,,-0.8,5.79,9.89,10.28,19.67,31.3,18.64,17.59,-7.85,0.73,45.8
HII,HUNTINGTON INGALLS INC,N0002426C2100,2025-12-30,755483.0,Department of Defense,Department of the Navy,DEFINITIVE CONTRACT,2025-12-30,339.4486,343.1709,-1.08,313.3666,2026-05-07,88,-7.68,451.7788,2026-03-02,41,33.09,44.17,3.0,6.0,8.0,9.0,37.0,,,-0.56,6.29,4.23,13.16,21.47,23.6,22.96,18.94,25.87,11.99,-6.79
BA,THE BOEING COMPANY,FA852621F0014,2025-11-13,0.0,Department of Defense,Department of the Air Force,DELIVERY ORDER,2025-11-13,194.58,195.5,-0.47,179.12,2025-11-24,7,-7.95,252.15,2026-01-23,47,29.59,40.77,12.0,25.0,33.0,38.0,,,,-0.03,-2.54,-7.81,-7.95,-2.87,3.75,5.61,11.65,28.52,21.42,-0.11
LDOS,"LEIDOS, INC.",FA873021F0113,2025-08-22,68068.0,Department of Defense,Department of the Air Force,DELIVERY ORDER,2025-08-22,179.8508,178.5643,0.72,175.8627,2025-09-03,7,-2.22,197.9062,2025-11-04,51,10.04,12.53,27.0,51.0,,,,,,-0.07,0.91,-0.45,-2.22,-1.83,1.17,3.18,9.21,4.28,4.11,-0.29
HON,HONEYWELL INTERNATIONAL INC.,FA869225CB001,2026-01-27,10000.0,Department of Defense,Department of the Air Force,DEFINITIVE CONTRACT,2026-01-27,229.2786,229.5381,-0.11,218.057,2026-05-05,68,-4.89,258.7145,2026-03-02,23,12.84,18.65,6.0,10.0,,,,,,-1.93,2.99,4.53,5.86,10.15,9.84,9.04,8.93,3.81,-2.49,-2.13
LDOS,"LEIDOS, INC.",47QFMA22F0002,2025-12-18,3902500.01,General Services Administration,Federal Acquisition Service,DELIVERY ORDER,2025-12-18,180.1057,180.2747,-0.09,143.7323,2026-04-27,87,-20.2,197.153,2026-01-09,14,9.47,37.17,10.0,,,,,,,1.93,2.83,2.58,1.19,7.89,9.47,6.03,4.75,-6.24,-7.74,-17.44
NOC,NORTHROP GRUMMAN SYSTEMS CORPORATION,N0001920C0054,2025-09-25,1167278.17,Department of Defense,Department of the Navy,DEFINITIVE CONTRACT,2025-09-25,578.9946,579.4889,-0.09,541.3857,2025-12-01,46,-6.5,699.65,2026-02-03,89,20.84,29.23,7.0,76.0,82.0,89.0,,,,1.49,4.02,3.28,5.59,8.41,3.95,3.38,-2.36,-2.31,-2.56,18.23
IBM,INTERNATIONAL BUSINESS MACHINES CORPORATION,W31P4Q20F0558,2026-03-13,-6653.24,Department of Defense,Department of the Army,DELIVERY ORDER,2026-03-13,242.7393,244.1192,-0.57,204.3044,2026-07-22,89,-15.83,326.8851,2026-06-02,55,34.67,60.0,52.0,53.0,53.0,53.0,54.0,,,1.21,2.16,-1.83,-2.31,-4.04,0.76,-2.44,-7.4,-8.89,13.5,-15.47
NOC,NORTHROP GRUMMAN SYSTEMS CORPORATION,N0018924F3037,2025-08-27,143500.0,Department of Defense,Department of the Navy,DELIVERY ORDER,2025-08-27,577.5549,583.8659,-1.08,541.3857,2025-12-01,66,-6.26,630.571,2025-10-08,29,9.18,16.47,27.0,,,,,,,0.22,0.86,-0.78,-0.41,-0.23,-1.24,1.75,8.68,-0.98,-2.9,4.92
LMT,LOCKHEED MARTIN CORPORATION,FA820526FB005,2026-03-17,0.0,Department of Defense,Department of the Air Force,DELIVERY ORDER,2026-03-17,632.1913,641.0037,-1.37,491.64,2026-06-24,68,-22.23,638.1027,2026-03-18,1,0.94,29.79,,,,,,,,0.94,-1.4,-4.11,-1.41,-5.02,-1.36,-4.53,-19.88,-17.87,-13.21,-8.26
NOC,NORTHROP GRUMMAN SYSTEMS CORPORATION,FA811920F0106,2025-09-17,0.0,Department of Defense,Department of the Air Force,DELIVERY ORDER,2025-09-17,570.4051,572.6587,-0.39,541.3857,2025-12-01,52,-5.09,673.6084,2026-01-27,90,18.09,24.42,9.0,15.0,84.0,,,,,-0.58,-0.16,1.59,3.02,4.91,7.72,3.79,1.37,-2.09,-2.56,18.09
CACI,"CACI, LLC - COMMERCIAL",15JPSS21F00000410,2025-09-18,2078663.0,Department of Justice,"Offices, Boards and Divisions",DELIVERY ORDER,2025-09-18,496.5,495.63,0.18,476.24,2025-09-25,5,-4.08,662.19,2026-01-23,87,33.37,39.05,11.0,25.0,25.0,43.0,86.0,,,0.47,-0.72,-4.08,-1.7,4.55,6.08,3.89,13.44,19.84,15.3,28.55
HII,HUNTINGTON INGALLS INC,N0002425C2127,2026-03-25,0.0,Department of Defense,Department of the Navy,DEFINITIVE CONTRACT,2026-03-25,400.8288,400.3509,0.12,268.76,2026-07-21,80,-32.95,409.581,2026-04-08,9,2.18,52.4,,,,,,,,-4.41,-8.32,-2.3,1.27,0.2,-1.1,-10.75,-21.82,-23.12,-30.6,-19.4
BAH,BOOZ ALLEN HAMILTON INC,HQ042321F0025,2025-11-19,0.0,Department of Defense,Defense Finance and Accounting Service,DELIVERY ORDER,2025-11-19,79.2245,79.7465,-0.65,73.705,2026-02-23,63,-6.97,100.6977,2026-01-23,43,27.1,36.62,10.0,12.0,14.0,35.0,,,,-0.66,0.41,3.51,2.5,8.98,15.65,6.01,11.08,11.35,-1.92,0.69
NOC,NORTHROP GRUMMAN SYSTEMS CORPORATION,FA869021F1001,2025-12-09,2394082.0,Department of Defense,Department of the Air Force,DELIVERY ORDER,2025-12-09,546.467,549.3748,-0.53,546.467,2025-12-09,0,0.0,764.6547,2026-03-02,55,39.93,39.93,9.0,17.0,24.0,26.0,47.0,,,0.86,3.47,3.29,1.61,5.34,4.35,12.38,22.21,27.59,36.16,11.34
LDOS,"LEIDOS, INC.",HC104726F0005,2026-01-16,0.0,Department of Defense,Defense Information Systems Agency,DELIVERY ORDER,2026-01-16,193.5348,192.2028,0.69,122.6069,2026-05-21,86,-36.65,193.5547,2026-02-10,16,0.01,57.87,,,,,,,,-1.94,-0.64,-2.67,-3.56,-3.42,-0.88,-11.9,-7.22,-18.14,-18.11,-32.25
NOC,NORTHROP GRUMMAN SYSTEMS CORPORATION,FA854025FB004,2025-08-22,0.0,Department of Defense,Department of the Air Force,DELIVERY ORDER,2025-08-22,583.2948,587.9913,-0.8,541.3857,2025-12-01,69,-7.18,630.571,2025-10-08,32,8.11,16.47,31.0,,,,,,,-0.96,-0.98,-0.41,-1.54,-1.39,-2.4,-2.21,4.81,0.99,-4.59,-2.98
BAH,BOOZ ALLEN HAMILTON INC,HC108420F0147,2025-10-28,7784.97,Department of Defense,Defense Information Systems Agency,DELIVERY ORDER,2025-10-28,83.7271,84.6764,-1.12,73.705,2026-02-23,79,-11.97,100.6977,2026-01-23,59,20.27,36.62,28.0,31.0,59.0,59.0,,,,-3.19,1.87,-0.12,0.01,1.76,-3.93,-2.06,9.43,-0.13,10.5,-8.11
BA,BELL BOEING JOINT PROJECT OFFICE,SPRPA126F0006,2026-02-24,13102732.05,Department of Defense,Defense Logistics Agency,DELIVERY ORDER,2026-02-24,233.39,230.44,1.28,189.21,2026-03-30,24,-18.93,240.6,2026-05-13,55,3.09,27.16,,,,,,,,-1.3,-2.51,-3.97,-4.85,-6.7,-8.54,-14.47,-6.68,-3.98,-4.79,0.49
LDOS,"LEIDOS, INC.",FA807524F0016,2026-03-26,60000.0,Department of Defense,Department of the Air Force,DELIVERY ORDER,2026-03-26,157.0253,158.3208,-0.82,100.0,2026-06-25,62,-36.32,160.0746,2026-04-08,8,1.94,60.07,,,,,,,,-1.3,-1.31,0.79,0.82,-2.98,-0.7,-8.47,-17.43,-18.95,-32.42,-19.22
GE,GENERAL ELECTRIC COMPANY,N0001924C0019,2026-01-08,497410973.76,Department of Defense,Department of the Navy,DEFINITIVE CONTRACT,2026-01-08,313.5917,322.7669,-2.84,272.9098,2026-03-30,55,-12.97,344.8073,2026-03-02,35,9.95,26.34,28.0,,,,,,,2.27,4.07,1.75,-0.67,-6.54,-4.95,0.73,7.81,-3.18,-8.08,-9.14
NOC,NORTHROP GRUMMAN SYSTEMS CORPORATION,W15QKN25F0307,2025-09-15,-519949.11,Department of Defense,Department of the Army,DELIVERY ORDER,2025-09-15,567.8945,569.298,-0.25,541.3857,2025-12-01,54,-4.67,667.8622,2026-01-23,90,17.6,23.36,11.0,17.0,86.0,,,,,0.84,-0.14,0.28,2.04,3.39,6.09,9.12,3.73,-2.0,-3.77,17.6
GD,"GENERAL DYNAMICS INFORMATION TECHNOLOGY, INC.",W91RUS18F0027,2025-08-19,180.0,Department of Defense,Department of the Army,DELIVERY ORDER,2025-08-19,310.9149,308.1438,0.9,310.9149,2025-08-19,0,0.0,349.165,2025-10-27,48,12.3,12.3,29.0,47.0,,,,,,0.34,1.01,1.83,2.69,2.03,1.56,2.58,7.7,7.37,10.93,8.63
LMT,LOCKHEED MARTIN CORPORATION,FA868118C0021,2025-08-21,25701913.0,Department of Defense,Department of the Air Force,DEFINITIVE CONTRACT,2025-08-21,435.4551,434.2867,0.27,434.0461,2025-12-01,70,-0.32,504.3876,2025-10-06,31,15.83,16.21,14.0,26.0,31.0,,,,,-0.22,1.85,2.01,1.92,4.49,6.03,8.21,13.63,9.34,4.91,10.75
LMT,LOCKHEED MARTIN CORP,FA862521F3006,2026-01-08,0.0,Department of Defense,Department of the Air Force,DELIVERY ORDER,2026-01-08,512.3678,491.0505,4.34,503.2157,2026-05-08,83,-1.79,672.2988,2026-03-02,35,31.21,33.6,2.0,4.0,13.0,14.0,35.0,,,4.72,7.69,11.47,11.11,13.96,20.07,23.12,27.42,25.11,21.71,2.12
LMT,LOCKHEED MARTIN CORPORATION,140D0423C0085,2026-02-05,731980.0,Department of the Interior,Departmental Offices,DEFINITIVE CONTRACT,2026-02-05,602.045,595.7003,1.07,503.2157,2026-05-08,64,-16.42,672.2988,2026-03-02,16,11.67,33.6,6.0,16.0,,,,,,2.36,3.35,4.64,6.63,8.06,5.33,9.6,3.54,2.26,-14.49,-10.98
BA,THE BOEING COMPANY,N0001924F2578,2025-08-19,0.0,Department of Defense,Department of the Navy,DELIVERY ORDER,2025-08-19,225.0,232.41,-3.19,179.12,2025-11-24,68,-20.39,237.38,2025-09-02,9,5.5,32.53,9.0,,,,,,,0.28,2.28,4.37,4.96,3.28,2.01,-4.15,-4.36,-3.74,-13.11,-3.8
HON,HONEYWELL INTERNATIONAL INC.,FA465919CA008,2026-03-03,-6278.33,Department of Defense,Department of the Air Force,DEFINITIVE CONTRACT,2026-03-03,254.3442,258.7145,-1.69,215.9203,2026-06-10,69,-15.11,256.5554,2026-03-04,1,0.87,18.82,,,,,,,,0.87,-3.51,-1.33,-4.29,-5.1,-8.55,-6.42,-4.78,-11.07,-3.92,-12.62
LMT,LOCKHEED MARTIN CORPORATION,SPRRA225F0009,2025-10-03,0.0,Department of Defense,Defense Logistics Agency,DELIVERY ORDER,2025-10-03,494.8244,489.7927,1.03,434.0461,2025-12-01,40,-12.28,630.8141,2026-02-09,87,27.48,45.33,67.0,68.0,71.0,80.0,,,,1.93,1.89,0.11,0.14,-1.85,-3.26,-3.28,-7.68,-7.05,-2.53,27.31
LDOS,"LEIDOS, INC.",N6600124F3515,2026-01-12,0.0,Department of Defense,Department of the Navy,DELIVERY ORDER,2026-01-12,194.4294,197.153,-1.38,122.6069,2026-05-21,90,-36.94,194.7873,2026-01-13,1,0.18,58.87,,,,,,,,0.18,-1.15,-2.39,-1.1,-4.32,-3.87,-11.55,-13.14,-14.54,-20.24,-36.94
LMT,LOCKHEED MARTIN CORPORATION,N0017818F3008,2025-10-21,70000.0,Department of Defense,Department of the Navy,DELIVERY ORDER,2025-10-21,480.1216,496.2074,-3.24,434.0461,2025-12-01,28,-9.6,672.2988,2026-03-02,89,40.03,54.89,51.0,55.0,58.0,62.0,69.0,,,-0.48,-0.84,-0.76,0.04,-0.92,-7.64,-4.0,-8.03,-0.01,19.89,38.19
CACI,"CACI, INC. - FEDERAL",FA807522F0033,2025-09-10,1623925.49,Department of Defense,Department of the Air Force,DELIVERY ORDER,2025-09-10,486.24,479.62,1.38,476.24,2025-09-25,11,-2.06,635.4,2026-01-16,89,30.68,33.42,15.0,31.0,31.0,31.0,89.0,,,1.41,1.81,1.93,2.59,2.26,2.58,5.15,6.98,20.65,24.55,29.39
TXT,BELL TEXTRON INC,N0001920C0061,2025-11-13,1319521.0,Department of Defense,Department of the Navy,DEFINITIVE CONTRACT,2025-11-13,81.3961,82.4254,-1.25,79.4773,2025-11-20,5,-2.36,100.7265,2026-02-20,66,23.75,26.74,19.0,26.0,38.0,61.0,,,,-0.9,-1.96,-2.36,1.15,2.1,2.07,7.99,8.98,18.28,19.46,9.18
BA,THE BOEING COMPANY,FA813421F1003,2025-10-08,0.0,Department of Defense,Department of the Air Force,DELIVERY ORDER,2025-10-08,225.32,221.82,1.58,179.12,2025-11-24,33,-20.5,252.15,2026-01-23,73,11.91,40.77,65.0,70.0,,,,,,-4.14,-4.33,-5.02,-5.49,-3.87,-0.88,-12.79,-17.58,-10.92,1.25,6.04
HON,HONEYWELL INTERNATIONAL INC.,SPE4A526F0214,2025-11-05,1062187.5,Department of Defense,Defense Logistics Agency,DELIVERY ORDER,2025-11-05,203.2971,202.6884,0.3,195.2672,2025-11-20,11,-3.95,258.7145,2026-03-02,78,27.26,32.49,44.0,49.0,57.0,61.0,,,,-0.58,-0.5,2.3,1.61,-2.71,-2.48,-2.32,1.12,6.5,17.89,17.96
ACN,ACCENTURE FEDERAL SERVICES LLC,SP330025F0888,2025-11-12,0.0,Department of Defense,Defense Logistics Agency,DELIVERY ORDER,2025-11-12,241.5524,237.6626,1.64,187.6335,2026-02-25,70,-22.32,282.7142,2026-01-14,42,17.04,50.67,13.0,14.0,42.0,,,,,0.42,-2.11,-2.21,2.16,0.54,10.68,10.15,9.96,10.62,-2.3,-22.0
BAH,BOOZ ALLEN HAMILTON INC,N6600125F0133,2025-09-26,171907.02,Department of Defense,Department of the Navy,DELIVERY ORDER,2025-09-26,96.9575,95.4407,1.59,78.7024,2025-11-20,39,-18.83,101.8113,2025-10-07,7,5.01,29.36,7.0,,,,,,,-0.19,3.55,4.99,5.01,-1.96,-1.82,-12.67,-11.74,-16.25,-12.13,-14.13
GD,"GENERAL DYNAMICS INFORMATION TECHNOLOGY, INC.",68HERH24F0187,2025-10-08,-11366.77,Environmental Protection Agency,Environmental Protection Agency,BPA CALL,2025-10-08,340.4341,337.4763,0.88,326.2868,2025-10-16,6,-4.16,364.0791,2026-01-16,69,6.95,11.58,66.0,,,,,,,-1.06,-3.05,-3.74,-3.99,-1.94,0.51,-1.34,-0.54,-1.0,3.08,1.74
HII,HUNTINGTON INGALLS INCORPORATED,N0002423C2307,2026-02-02,0.0,Department of Defense,Department of the Navy,DEFINITIVE CONTRACT,2026-02-02,417.1889,417.3973,-0.05,287.54,2026-06-03,84,-31.08,451.7788,2026-03-02,19,8.29,57.12,12.0,,,,,,,2.22,-12.12,-3.45,-6.57,-0.59,4.21,4.31,0.94,-1.82,-13.56,-27.86
GD,"GENERAL DYNAMICS MISSION SYSTEMS, INC.",N0002419C6407,2025-09-04,-246496.46,Department of Defense,Department of the Navy,DEFINITIVE CONTRACT,2025-09-04,316.8502,317.2138,-0.11,315.7594,2025-09-09,3,-0.34,358.571,2026-01-13,90,13.17,13.56,18.0,37.0,,,,,,0.13,-0.34,2.23,1.41,0.66,0.37,6.57,2.98,6.0,6.42,13.17
LMT,LOCKHEED MARTIN CORPORATION,H9225426FE018,2026-02-20,500000.0,Department of Defense,U.S. Special Operations Command,DELIVERY ORDER,2026-02-20,650.5502,658.7036,-1.24,491.64,2026-06-24,85,-24.43,672.2988,2026-03-02,6,3.34,36.75,,,,,,,,0.36,-1.63,-0.03,1.99,2.59,-0.3,-5.89,-2.58,-21.6,-19.32,-19.79
LMT,"LOCKHEED MARTIN INTEGRATED SYSTEMS, LLC",NNG11FC20C,2026-01-30,115000.0,National Aeronautics and Space Administration,National Aeronautics and Space Administration,DEFINITIVE CONTRACT,2026-01-30,626.7917,615.2189,1.88,503.2157,2026-05-08,68,-19.72,672.2988,2026-03-02,20,7.26,33.6,13.0,,,,,,,0.28,-4.96,-1.68,-0.73,2.89,3.79,5.85,2.27,-0.51,-18.8,-16.24
BA,THE BOEING COMPANY,FA852620F0002,2025-08-27,-79194.66,Department of Defense,Defense Contract Management Agency,DELIVERY ORDER,2025-08-27,235.62,234.83,0.34,179.12,2025-11-24,62,-23.98,237.38,2025-09-02,3,0.75,32.53,,,,,,,,0.23,0.75,-2.07,-1.98,-6.63,-8.91,-6.09,-8.33,-15.08,-23.87,-2.45
NOC,NORTHROP GRUMMAN SYSTEMS CORPORATION,FA865623F1052,2025-12-17,0.0,Department of Defense,Department of the Air Force,DELIVERY ORDER,2025-12-17,559.9244,564.4202,-0.8,555.2898,2025-12-18,1,-0.83,764.6547,2026-03-02,49,36.56,37.7,11.0,16.0,18.0,26.0,42.0,,,-0.83,3.63,3.22,2.41,3.81,4.71,16.5,21.42,29.4,28.74,1.78
GE,GENERAL ELECTRIC COMPANY,SPE4AX25F1284,2026-01-09,5618025.88,Department of Defense,Defense Logistics Agency,DELIVERY ORDER,2026-01-09,320.7224,313.5917,2.27,272.9098,2026-03-30,54,-14.91,344.8073,2026-03-02,34,7.51,26.34,28.0,,,,,,,0.8,-0.84,1.1,-0.96,-8.25,-4.6,-1.64,7.48,-5.93,-4.07,-6.52
LMT,LOCKHEED MARTIN CORPORATION,FA823226FB034,2026-03-31,7672245.44,Department of Defense,Department of the Air Force,DELIVERY ORDER,2026-03-31,600.4591,594.6769,0.97,491.64,2026-06-24,58,-18.12,633.7512,2026-04-06,3,5.54,28.91,3.0,,,,,,,2.19,5.54,3.99,1.54,1.11,-5.37,-14.3,-13.97,-13.56,-15.5,0.45
HON,HONEYWELL INTERNATIONAL INC.,SPRPA126FE80C,2025-10-31,11280000.0,Department of Defense,Defense Logistics Agency,DELIVERY ORDER,2025-10-31,207.7128,206.4541,0.61,195.2672,2025-11-20,14,-5.99,258.7145,2026-03-02,81,24.55,32.49,49.0,55.0,63.0,68.0,,,,-1.77,-2.13,-3.61,-0.46,-0.55,-5.99,-3.49,-1.34,-0.31,13.55,17.75
LMT,LOCKHEED MARTIN CORPORATION,N0038326F0W00,2025-10-08,328690253.29,Department of Defense,Department of the Navy,DELIVERY ORDER,2025-10-08,504.1718,501.2784,0.58,434.0461,2025-12-01,37,-13.91,644.9368,2026-02-13,88,27.92,48.59,64.0,67.0,72.0,77.0,,,,-1.22,-1.98,-2.84,-3.67,-5.23,-5.5,-8.77,-8.58,-6.91,0.28,27.38
LMT,LOCKHEED MARTIN CORPORATION,H9225426FE015,2026-01-20,0.0,Department of Defense,U.S. Special Operations Command,DELIVERY ORDER,2026-01-20,569.313,575.6083,-1.09,503.2157,2026-05-08,76,-11.61,672.2988,2026-03-02,28,18.09,33.6,7.0,8.0,21.0,,,,,1.77,2.56,3.28,8.06,9.06,10.8,15.7,15.96,8.93,6.01,-7.43
BA,THE BOEING COMPANY,N0038324FYY1S,2026-01-08,0.0,Department of Defense,Department of the Navy,DELIVERY ORDER,2026-01-08,227.38,228.12,-0.32,189.21,2026-03-30,55,-16.79,252.15,2026-01-23,10,10.89,33.26,2.0,9.0,,,,,,3.14,7.55,8.95,9.51,10.89,2.93,7.62,1.35,-6.12,-7.64,-5.44
LDOS,"LEIDOS, INC.",N0016723F3001,2026-02-12,84000.0,Department of Defense,Department of the Navy,DELIVERY ORDER,2026-02-12,170.414,171.9647,-0.9,104.32,2026-06-24,90,-38.78,179.5689,2026-03-03,12,5.37,72.13,12.0,,,,,,,2.83,0.05,1.2,1.57,2.13,2.46,-2.09,-9.06,-9.47,-25.34,-38.78
BAH,BOOZ ALLEN HAMILTON INC,47QFCA23F0014,2026-01-29,929448.0,General Services Administration,Federal Acquisition Service,DELIVERY ORDER,2026-01-29,87.4001,89.7346,-2.6,71.0549,2026-05-13,72,-18.7,88.7791,2026-02-09,7,1.58,24.94,,,,,,,,-0.35,-6.46,-4.74,1.58,-12.17,-9.22,-11.64,-11.12,-4.94,-13.48,-10.35
LDOS,"LEIDOS, INC.",N6883625F7K0J,2026-02-12,30747.09,Department of Defense,Department of the Navy,DELIVERY ORDER,2026-02-12,170.414,171.9647,-0.9,104.32,2026-06-24,90,-38.78,179.5689,2026-03-03,12,5.37,72.13,12.0,,,,,,,2.83,0.05,1.2,1.57,2.13,2.46,-2.09,-9.06,-9.47,-25.34,-38.78
LMT,LOCKHEED MARTIN CORPORATION,H9225426FE016,2026-01-15,531482.0,Department of Defense,U.S. Special Operations Command,DELIVERY ORDER,2026-01-15,571.1216,565.9924,0.91,503.2157,2026-05-08,78,-11.89,672.2988,2026-03-02,30,17.72,33.6,9.0,11.0,23.0,,,,,0.79,1.44,2.24,2.95,9.75,5.41,12.41,17.72,7.2,6.39,-7.61
LDOS,"LEIDOS, INC.",W911NF24F0038,2025-12-19,0.0,Department of Defense,Department of the Army,DELIVERY ORDER,2025-12-19,183.5748,180.1057,1.93,143.7323,2026-04-27,86,-21.7,197.153,2026-01-09,13,7.4,37.17,9.0,,,,,,,0.74,1.06,0.44,-2.32,6.94,5.91,4.75,2.04,-4.78,-9.92,-19.0
NOC,NORTHROP GRUMMAN SYSTEMS CORP,FA811025F0001,2026-04-01,0.0,Department of Defense,Department of the Air Force,DELIVERY ORDER,2026-04-01,693.9458,679.2505,2.16,496.02,2026-06-29,60,-28.52,699.4217,2026-04-02,1,0.79,41.01,,,,,,,,0.79,-0.93,-0.92,-2.25,-3.48,-15.41,-18.49,-21.28,-21.55,-28.52,-17.04
WWD,WOODWARD HRT INC,SPRRA126C0010,2026-02-12,4502400.0,Department of Defense,Defense Logistics Agency,DEFINITIVE CONTRACT,2026-02-12,379.7784,388.9427,-2.36,341.2133,2026-03-30,31,-10.15,434.83,2026-06-17,86,14.5,27.44,11.0,85.0,,,,,,-0.27,3.14,3.66,3.85,1.75,1.7,-3.3,-7.62,3.6,-2.6,13.96
HII,HUNTINGTON INGALLS INC,N6279325F0003,2026-02-27,0.0,Department of Defense,Department of the Navy,DELIVERY ORDER,2026-02-27,442.6084,439.7209,0.66,277.39,2026-06-29,83,-37.33,451.7788,2026-03-02,1,2.07,62.87,,,,,,,,2.07,-1.68,-3.47,-6.08,-6.48,-5.87,-16.97,-11.26,-18.26,-27.8,-35.34
NOC,NORTHROP GRUMMAN SYSTEMS CORPORATION,47QFPA21F0087,2025-12-17,-18089.43,General Services Administration,Federal Acquisition Service,DELIVERY ORDER,2025-12-17,559.9244,564.4202,-0.8,555.2898,2025-12-18,1,-0.83,764.6547,2026-03-02,49,36.56,37.7,11.0,16.0,18.0,26.0,42.0,,,-0.83,3.63,3.22,2.41,3.81,4.71,16.5,21.42,29.4,28.74,1.78
GD,"GENERAL DYNAMICS MISSION SYSTEMS, INC.",N0003026C1005,2026-01-29,9216605.0,Department of Defense,Department of the Navy,DEFINITIVE CONTRACT,2026-01-29,346.8057,353.4752,-1.89,311.1606,2026-04-27,60,-10.28,362.8304,2026-03-04,23,4.62,16.61,,,,,,,,0.33,1.53,0.6,2.9,-2.63,1.25,4.24,0.45,0.41,-10.28,-0.76
BAH,BOOZ ALLEN HAMILTON INC,HSHQDC17F00204,2025-09-29,-16285.84,Department of Homeland Security,Office of Procurement Operations,DELIVERY ORDER,2025-09-29,96.7716,96.9575,-0.19,78.7024,2025-11-20,38,-18.67,101.8113,2025-10-07,6,5.21,29.36,4.0,,,,,,,1.07,4.27,4.8,4.09,-2.63,-0.86,-13.48,-11.72,-16.9,-13.84,-9.4
GE,GENERAL ELECTRIC COMPANY,N0001922F2381,2025-12-03,0.0,Department of Defense,Department of the Navy,DELIVERY ORDER,2025-12-03,287.3831,288.2099,-0.29,272.9098,2026-03-30,79,-5.04,344.8073,2026-03-02,59,19.98,26.34,12.0,20.0,52.0,,,,,1.17,-0.45,-1.7,3.92,1.28,9.37,12.55,12.83,9.92,15.96,9.1
BA,THE BOEING COMPANY,N0001925F2261,2025-09-22,104066.55,Department of Defense,Department of the Navy,DELIVERY ORDER,2025-09-22,212.09,215.65,-1.65,179.12,2025-11-24,45,-15.55,252.15,2026-01-23,85,18.89,40.77,12.0,76.0,78.0,,,,,2.0,0.68,2.35,1.47,3.6,-0.64,2.44,-3.56,-15.55,-2.54,10.2
BA,THE BOEING COMPANY,FA813425F0003,2025-12-15,10473584.54,Department of Defense,Department of the Air Force,DELIVERY ORDER,2025-12-15,205.5,204.38,0.55,189.21,2026-03-30,71,-7.93,252.15,2026-01-23,26,22.7,33.26,5.0,12.0,18.0,21.0,,,,0.59,1.35,5.52,6.16,6.33,11.84,20.55,13.89,12.91,2.14,12.57
GD,"GENERAL DYNAMICS INFORMATION TECHNOLOGY, INC.",75N97023F00002,2025-08-21,3215605.28,Department of Health and Human Services,National Institutes of Health,DELIVERY ORDER,2025-08-21,311.0426,311.9762,-0.3,311.0426,2025-08-21,0,0.0,349.165,2025-10-27,46,12.26,12.26,27.0,45.0,,,,,,0.97,1.78,2.65,2.48,2.0,4.14,1.94,8.56,11.3,9.24,7.72
LMT,LOCKHEED MARTIN CORPORATION,H9225426FE030,2026-03-12,1500000.0,Department of Defense,U.S. Special Operations Command,DELIVERY ORDER,2026-03-12,648.584,645.2458,0.52,491.64,2026-06-24,71,-24.2,648.584,2026-03-12,0,0.0,31.92,,,,,,,,-1.05,-2.53,-2.35,-5.6,-3.91,-5.39,-5.08,-21.35,-20.96,-19.81,-20.69
HII,HUNTINGTON INGALLS INC,N0002415C4301,2025-11-21,74000000.0,Department of Defense,Department of the Navy,DEFINITIVE CONTRACT,2025-11-21,301.8974,298.2804,1.21,301.8974,2025-11-21,0,0.0,451.7788,2026-03-02,66,49.65,49.65,12.0,19.0,20.0,29.0,33.0,,,1.45,2.89,0.82,1.67,3.86,7.49,16.56,17.2,40.66,43.87,34.45
LMT,LOCKHEED MARTIN CORPORATION,FA820523F0513,2025-09-10,74023.0,Department of Defense,Department of the Air Force,DELIVERY ORDER,2025-09-10,454.9827,448.3031,1.49,434.0461,2025-12-01,57,-4.6,575.6083,2026-01-16,89,26.51,32.61,12.0,18.0,84.0,86.0,,,,1.48,2.02,1.99,1.96,4.82,7.62,9.46,5.02,-1.47,-2.61,25.13
VSEC,VSE CORPORATION,N0017419F3003,2025-12-11,0.0,Department of Defense,Department of the Navy,DELIVERY ORDER,2025-12-11,173.795,169.8506,2.32,161.4025,2025-12-17,4,-7.13,227.5684,2026-02-20,47,30.94,40.99,15.0,15.0,16.0,23.0,47.0,,,-2.28,-3.25,-3.67,2.83,3.13,4.18,19.29,21.57,25.01,23.77,5.69
BA,THE BOEING COMPANY,FA880819C0001,2025-12-15,0.0,Department of Defense,Department of the Air Force,DEFINITIVE CONTRACT,2025-12-15,205.5,204.38,0.55,189.21,2026-03-30,71,-7.93,252.15,2026-01-23,26,22.7,33.26,5.0,12.0,18.0,21.0,,,,0.59,1.35,5.52,6.16,6.33,11.84,20.55,13.89,12.91,2.14,12.57
HON,"HONEYWELL FEDERAL MANUFACTURING & TECHNOLOGIES, LLC",DENA0002839,2026-03-31,-23986497.94,Department of Energy,Department of Energy,DEFINITIVE CONTRACT,2026-03-31,235.7573,233.0975,1.14,215.9203,2026-06-10,49,-8.41,249.4599,2026-05-29,41,5.81,15.53,41.0,,,,,,,0.96,0.96,2.85,3.99,2.73,-1.69,-5.18,-3.57,-3.18,3.3,3.04
BA,THE BOEING COMPANY,FA813426FB039,2026-02-19,0.0,Department of Defense,Department of the Air Force,DELIVERY ORDER,2026-02-19,233.71,238.93,-2.18,189.21,2026-03-30,27,-19.04,240.6,2026-05-13,58,2.95,27.16,,,,,,,,-0.72,-0.14,-1.84,-1.7,-4.98,-8.39,-16.51,-10.91,-0.54,-5.66,-7.38
BAH,BOOZ ALLEN HAMILTON INC,FA807525F0024,2025-09-12,404377.92,Department of Defense,Department of the Air Force,DELIVERY ORDER,2025-09-12,102.3789,101.6156,0.75,78.7024,2025-11-20,49,-23.13,102.3789,2025-09-12,0,0.0,30.08,,,,,,,,-2.87,-2.91,-2.37,-6.01,-5.3,-1.44,-7.96,-12.64,-20.23,-12.12,-7.87
BAH,BOOZ ALLEN HAMILTON INC,FA807525F0022,2026-03-26,1619766.17,Department of Defense,Department of the Air Force,DELIVERY ORDER,2026-03-26,79.7296,79.5212,0.26,59.71,2026-06-25,62,-25.11,83.4516,2026-04-07,7,4.67,39.76,,,,,,,,-2.29,-2.86,3.49,4.67,-2.69,2.94,-5.15,-4.1,4.63,-19.88,-9.81
LMT,LOCKHEED MARTIN CORP,FA862521F3202,2026-02-25,21900.0,Department of Defense,Department of the Air Force,DELIVERY ORDER,2026-02-25,639.9163,656.6479,-2.55,491.64,2026-06-24,82,-23.17,672.2988,2026-03-02,3,5.06,36.75,3.0,,,,,,,-0.91,5.06,3.16,4.3,0.83,-1.21,-2.6,-3.14,-19.58,-18.83,-16.34
LDOS,"LEIDOS, INC.",SP470923F0062,2025-09-26,61797.41,Department of Defense,Defense Logistics Agency,DELIVERY ORDER,2025-09-26,183.3769,180.8578,1.39,179.3204,2025-12-31,66,-2.21,197.9062,2025-11-04,27,7.92,10.36,5.0,,,,,,,0.38,3.64,5.78,6.54,1.69,-0.27,2.28,6.53,1.9,0.85,0.87
LDOS,"LEIDOS, INC.",N0003925F7700,2025-08-20,10961413.49,Department of Defense,Department of the Navy,DELIVERY ORDER,2025-08-20,178.2872,176.882,0.79,175.8627,2025-09-03,9,-1.36,197.9062,2025-11-04,53,11.0,12.53,28.0,32.0,,,,,,0.16,0.8,1.79,0.42,-0.88,0.12,4.27,7.3,6.46,6.43,3.42
BA,BELL BOEING JOINT PROJECT OFFICE,SPRPA126F0001,2025-12-05,10005110.12,Department of Defense,Defense Logistics Agency,DELIVERY ORDER,2025-12-05,201.89,201.87,0.01,189.21,2026-03-30,77,-6.28,252.15,2026-01-23,32,24.89,33.26,10.0,18.0,23.0,25.0,,,,2.17,-1.57,1.23,2.39,6.04,7.21,12.99,23.86,17.02,9.99,10.64
LMT,LOCKHEED MARTIN CORP,FA882321C0001,2026-01-27,11511300.0,Department of Defense,Department of the Air Force,DEFINITIVE CONTRACT,2026-01-27,587.9818,574.8474,2.28,503.2157,2026-05-08,71,-14.42,672.2988,2026-03-02,23,14.34,33.6,3.0,16.0,,,,,,0.39,6.6,5.6,2.39,5.82,9.18,7.85,9.74,4.36,-10.48,-10.92
LDOS,"LEIDOS, INC.",FA701425F0238,2025-08-14,682194.62,Department of Defense,Department of the Air Force,DELIVERY ORDER,2025-08-14,176.5851,180.0586,-1.93,175.7835,2025-08-15,1,-0.45,197.9062,2025-11-04,57,12.07,12.59,24.0,36.0,,,,,,-0.45,0.17,1.12,1.78,1.64,0.08,2.63,3.85,3.63,10.63,4.72
BA,THE BOEING COMPANY,FA852622F0003,2025-09-09,0.0,Department of Defense,Defense Contract Management Agency,DELIVERY ORDER,2025-09-09,229.52,230.95,-0.62,179.12,2025-11-24,54,-21.96,247.74,2026-01-15,89,7.94,38.31,87.0,,,,,,,-0.87,-5.92,-6.32,-6.04,-5.74,-5.42,-1.83,-5.34,-14.95,-11.75,7.91
BA,THE BOEING COMPANY,FA862820C2269,2025-09-11,-240000.0,Department of Defense,Department of the Air Force,DEFINITIVE CONTRACT,2025-09-11,219.99,227.52,-3.31,179.12,2025-11-24,52,-18.58,250.07,2026-01-21,90,13.67,39.61,83.0,85.0,,,,,,-1.84,-2.26,-1.97,-3.59,-2.94,-2.18,-4.21,-1.01,-11.55,-8.23,13.67
ACN,ACCENTURE FEDERAL SERVICES LLC,89303024FIM000150,2026-02-27,150268.48,Department of Energy,Department of Energy,BPA CALL,2026-02-27,204.5059,203.1929,0.65,122.9615,2026-06-30,84,-39.87,210.6591,2026-03-06,5,3.01,71.32,,,,,,,,-1.34,0.61,3.01,-3.4,-5.78,-2.48,-5.35,-7.25,-12.97,-14.48,-32.0
LDOS,"LEIDOS, INC.",HC102826F0011,2026-01-12,4099089.62,Department of Defense,Defense Information Systems Agency,DELIVERY ORDER,2026-01-12,194.4294,197.153,-1.38,122.6069,2026-05-21,90,-36.94,194.7873,2026-01-13,1,0.18,58.87,,,,,,,,0.18,-1.15,-2.39,-1.1,-4.32,-3.87,-11.55,-13.14,-14.54,-20.24,-36.94
LDOS,"LEIDOS, INC.",N0003925F7512,2025-10-31,106339.84,Department of Defense,Department of the Navy,DELIVERY ORDER,2025-10-31,188.901,189.3473,-0.24,160.5633,2026-02-17,72,-15.0,197.9062,2025-11-04,2,4.77,23.26,,,,,,,,1.35,2.42,3.42,4.08,0.49,-2.53,-1.79,-2.15,3.46,-1.5,-8.51
LDOS,"LEIDOS, INC.",FA807524F0016,2025-09-10,206694.0,Department of Defense,Department of the Air Force,DELIVERY ORDER,2025-09-10,178.4951,177.169,0.75,178.4951,2025-09-10,0,0.0,197.9062,2025-11-04,39,10.87,10.87,15.0,18.0,,,,,,2.64,1.53,2.12,4.15,4.12,4.99,7.82,4.72,7.25,6.91,6.32
LMT,LOCKHEED MARTIN CORPORATION,N0002420C6117,2025-08-28,8281487.0,Department of Defense,Department of the Navy,DEFINITIVE CONTRACT,2025-08-28,444.1993,442.5342,0.38,434.0461,2025-12-01,65,-2.29,515.9257,2026-01-06,89,16.15,18.86,16.0,22.0,89.0,,,,,-0.12,-0.84,2.43,0.92,4.07,4.58,8.63,11.52,8.61,1.75,10.55
PLTR,PALANTIR TECHNOLOGIES INC.,205AE925F00071,2025-09-10,0.0,Department of the Treasury,Internal Revenue Service,BPA CALL,2025-09-10,166.74,162.36,2.7,154.85,2025-11-21,52,-7.13,207.18,2025-11-03,38,24.25,33.79,6.0,15.0,35.0,37.0,,,,-1.43,2.68,0.95,9.39,7.69,9.4,11.23,5.25,10.45,6.71,1.07
GD,"GENERAL DYNAMICS INFORMATION TECHNOLOGY, INC.",FA564123F0003,2025-11-17,-0.01,Department of Defense,Department of the Air Force,DELIVERY ORDER,2025-11-17,337.3311,339.769,-0.72,328.0535,2025-12-01,9,-2.75,364.0791,2026-01-16,41,7.93,10.98,33.0,,,,,,,-0.14,-0.68,-1.07,-0.51,-1.75,-1.69,-1.57,-1.5,6.72,2.13,0.12
LDOS,"LEIDOS, INC.",W909MY20F0066,2026-01-22,0.0,Department of Defense,Department of the Army,DELIVERY ORDER,2026-01-22,192.2923,190.9703,0.69,122.6069,2026-05-21,83,-36.24,193.5547,2026-02-10,13,0.66,57.87,,,,,,,,-1.15,-3.26,-3.24,-2.8,-3.81,-10.57,-11.09,-8.04,-19.4,-19.77,-34.28
LDOS,LEIDOS BIOMEDICAL RESEARCH INC,75N91019F00138,2025-09-17,2478621.0,Department of Health and Human Services,National Institutes of Health,DELIVERY ORDER,2025-09-17,182.286,181.076,0.67,179.3204,2025-12-31,73,-1.63,197.9062,2025-11-04,34,8.57,10.36,12.0,,,,,,,1.82,2.21,1.96,0.6,4.26,7.18,0.33,2.37,2.93,3.66,2.05
GE,GENERAL ELECTRIC COMPANY,FA862626FB006,2025-12-02,0.0,Department of Defense,Department of the Air Force,DELIVERY ORDER,2025-12-02,288.2099,287.3432,0.3,272.9098,2026-03-30,80,-5.31,344.8073,2026-03-02,60,19.64,26.34,13.0,21.0,53.0,,,,,-0.29,-1.86,-1.39,-0.31,3.25,8.78,10.99,10.71,11.08,19.64,10.2
LDOS,"LEIDOS, INC.",DTFAWA16C00021,2026-03-16,24731411.6,Department of Transportation,Federal Aviation Administration,DEFINITIVE CONTRACT,2026-03-16,166.8606,172.8195,-3.45,100.0,2026-06-25,70,-40.07,168.3852,2026-03-17,1,0.91,68.39,,,,,,,,0.91,-0.9,-2.93,-5.12,-7.92,-4.77,-5.02,-12.72,-24.78,-27.33,-32.79
GD,"GENERAL DYNAMICS INFORMATION TECHNOLOGY, INC.",68HERD24F0102,2026-03-25,25000.0,Environmental Protection Agency,Environmental Protection Agency,BPA CALL,2026-03-25,349.3328,343.1191,1.81,311.1606,2026-04-27,22,-10.93,393.19,2026-07-28,85,12.55,26.36,68.0,83.0,,,,,,0.79,-3.32,-0.56,-0.31,-2.44,-3.42,-10.73,-0.89,-1.15,-2.14,10.43
CACI,"CACI, INC. - FEDERAL",FA807522F0030,2026-01-15,120000.0,Department of Defense,Department of the Air Force,DELIVERY ORDER,2026-01-15,627.5,611.33,2.65,480.99,2026-05-08,78,-23.35,662.19,2026-01-23,5,5.53,37.67,5.0,,,,,,,1.26,0.81,5.53,2.5,-1.1,-4.65,-10.04,-0.4,-6.09,-14.97,-18.59
CACI,"CACI, INC. - FEDERAL",47QFCA24F0005,2025-09-29,0.0,General Services Administration,Federal Acquisition Service,DELIVERY ORDER,2025-09-29,488.06,485.59,0.51,488.06,2025-09-29,0,0.0,662.19,2026-01-23,80,35.68,35.68,2.0,18.0,18.0,27.0,76.0,,,2.2,6.35,8.39,7.92,4.1,5.69,17.3,21.27,24.24,11.57,26.73
BAH,BOOZ ALLEN HAMILTON INC,N6133121F3006,2025-09-18,936027.0,Department of Defense,Department of the Navy,DELIVERY ORDER,2025-09-18,99.0419,99.404,-0.36,78.7024,2025-11-20,45,-20.54,101.8113,2025-10-07,13,2.8,29.36,,,,,,,,0.92,-2.85,-3.64,-2.29,1.88,1.7,-3.13,-18.17,-20.54,-7.73,-9.4
NOC,NORTHROP GRUMMAN SYSTEMS CORPORATION,FA812825F0002,2026-04-02,0.0,Department of Defense,Department of the Air Force,DELIVERY ORDER,2026-04-02,699.4217,693.9458,0.79,496.02,2026-06-29,59,-29.08,699.4217,2026-04-02,0,0.0,41.01,,,,,,,,-0.96,-2.14,-4.1,-3.18,-5.3,-16.35,-19.29,-23.03,-22.68,-27.18,-17.46
NOC,NORTHROP GRUMMAN SYSTEMS CORPORATION,FA853923F0049,2025-08-22,20885.0,Department of Defense,Department of the Air Force,DELIVERY ORDER,2025-08-22,583.2949,587.9913,-0.8,541.3857,2025-12-01,69,-7.18,630.571,2025-10-08,32,8.11,16.47,31.0,,,,,,,-0.96,-0.98,-0.41,-1.54,-1.39,-2.4,-2.21,4.81,0.99,-4.59,-2.98
LMT,LOCKHEED MARTIN CORPORATION,H9225425FE051,2026-02-19,787945.0,Department of Defense,U.S. Special Operations Command,DELIVERY ORDER,2026-02-19,658.7036,642.1992,2.57,491.64,2026-06-24,86,-25.36,672.2988,2026-03-02,7,2.06,36.75,,,,,,,,-1.24,-0.31,-3.73,2.06,-1.21,-2.04,-5.37,-6.07,-22.56,-22.17,-22.66
RDW,"REDWIRE SPACE TECHNOLOGIES, INC.",80JSC025F0046,2026-02-05,0.0,National Aeronautics and Space Administration,National Aeronautics and Space Administration,DELIVERY ORDER,2026-02-05,8.8,10.03,-12.26,7.71,2026-03-30,36,-12.39,25.9,2026-05-28,77,194.32,235.93,1.0,1.0,27.0,48.0,52.0,68.0,75.0,14.09,6.59,-10.34,-9.09,-9.2,8.52,9.66,4.55,13.52,-1.82,53.41
LDOS,"LEIDOS, INC.",HC102821F0135,2025-09-30,7823960.88,Department of Defense,Defense Information Systems Agency,DELIVERY ORDER,2025-09-30,187.4035,184.0811,1.8,179.3204,2025-12-31,64,-4.31,197.9062,2025-11-04,25,5.6,10.36,25.0,,,,,,,1.41,3.5,4.25,2.69,-0.89,0.81,-0.42,4.92,-0.28,-1.01,3.21
LDOS,"LEIDOS, INC.",N6264521F0184,2025-11-07,929050.0,Department of Defense,Department of the Navy,DELIVERY ORDER,2025-11-07,195.3574,193.1557,1.14,160.5633,2026-02-17,67,-17.81,197.153,2026-01-09,42,0.92,22.79,,,,,,,,-0.06,-2.01,-2.83,-4.0,-5.33,-2.99,-6.11,-5.34,-2.91,-5.32,-15.39
LMT,LOCKHEED MARTIN CORPORATION,HQ085126FE002,2025-12-02,5570544.36,Department of Defense,Missile Defense Agency,DELIVERY ORDER,2025-12-02,436.6452,434.0461,0.6,436.6452,2025-12-02,0,0.0,672.2988,2026-03-02,60,53.97,53.97,4.0,18.0,22.0,26.0,30.0,53.0,,1.13,2.35,5.67,7.48,7.98,9.45,12.51,30.8,41.14,53.97,39.15
BA,THE BOEING COMPANY,N0001923F2517,2026-03-06,564155.86,Department of Defense,Department of the Navy,DELIVERY ORDER,2026-03-06,231.11,222.06,4.08,189.21,2026-03-30,16,-18.13,240.6,2026-05-13,47,4.11,27.16,,,,,,,,-2.64,-7.36,-9.18,-8.78,-15.57,-15.9,-9.13,-2.61,3.07,-5.8,-7.26
BAH,BOOZ ALLEN HAMILTON INC,N0001922F2106,2025-09-09,0.0,Department of Defense,Department of the Navy,DELIVERY ORDER,2025-09-09,100.911,99.5116,1.41,78.7024,2025-11-20,52,-22.01,102.3789,2025-09-12,3,1.45,30.08,,,,,,,,-0.6,1.45,-1.25,-1.85,-4.65,-4.1,-0.18,-2.4,-15.56,-19.48,-4.93
NOC,NORTHROP GRUMMAN SYSTEMS CORPORATION,HQ072723F1418,2025-09-30,0.0,Department of Defense,Defense Microelectronics Activity,DELIVERY ORDER,2025-09-30,602.2723,587.1195,2.58,541.3857,2025-12-01,43,-10.11,703.7488,2026-02-06,89,16.85,29.99,73.0,78.0,86.0,,,,,-0.64,0.04,2.02,4.22,2.89,-1.2,-3.99,-6.99,-8.82,-4.04,15.02
CACI,"CACI NSS, LLC",HDTRA123F0020,2026-03-23,30134365.0,Department of Defense,Defense Threat Reduction Agency,DELIVERY ORDER,2026-03-23,589.28,606.38,-2.82,440.76,2026-07-21,82,-25.2,589.28,2026-03-23,0,0.0,33.7,,,,,,,,-2.13,-1.6,-5.23,-4.77,-3.42,-8.39,-13.07,-16.16,-13.31,-16.01,-15.53
HII,HUNTINGTON INGALLS INC,N5523625F9931,2025-09-30,0.0,Department of Defense,Department of the Navy,DELIVERY ORDER,2025-09-30,284.5241,276.2426,3.0,276.7269,2025-10-17,13,-2.74,426.4597,2026-02-03,86,49.89,54.11,22.0,22.0,57.0,58.0,69.0,,,-0.66,-1.27,-0.88,-0.61,1.4,-0.74,3.65,12.6,7.88,24.0,41.58
LDOS,"LEIDOS, INC.",N6893622F0472,2026-01-26,918661.53,Department of Defense,Department of the Navy,DELIVERY ORDER,2026-01-26,188.3659,190.0856,-0.9,122.6069,2026-05-21,81,-34.91,193.5547,2026-02-10,11,2.75,57.87,,,,,,,,-1.24,-1.22,-0.77,-0.56,2.68,-6.97,-10.35,-8.97,-17.73,-20.27,-34.1
NOC,NORTHROP GRUMMAN SYSTEMS CORPORATION,FA863825FB007,2026-01-29,5314.0,Department of Defense,Department of the Air Force,DELIVERY ORDER,2026-01-29,690.0928,683.9199,0.9,526.06,2026-06-03,86,-23.77,764.6547,2026-03-02,21,10.8,45.36,14.0,21.0,,,,,,-0.44,1.38,0.17,0.38,-0.04,5.97,10.8,5.85,0.38,-17.0,-20.49
HII,HUNTINGTON INGALLS INCORPORATED,N0002418C2406,2025-12-18,0.0,Department of Defense,Department of the Navy,DEFINITIVE CONTRACT,2025-12-18,320.2419,318.9118,0.42,320.2419,2025-12-18,0,0.0,451.7788,2026-03-02,48,41.07,41.07,2.0,4.0,13.0,15.0,19.0,,,4.34,9.88,8.83,6.0,12.66,19.95,31.01,33.17,35.01,33.07,13.27
LMT,LOCKHEED MARTIN CORPORATION,N0001925F0960,2026-02-03,-1274686.83,Department of Defense,Defense Contract Management Agency,DELIVERY ORDER,2026-02-03,620.9016,628.5509,-1.22,503.2157,2026-05-08,66,-18.95,672.2988,2026-03-02,18,8.28,33.6,11.0,,,,,,,-4.06,-0.74,0.21,1.46,3.43,5.76,4.81,2.77,-0.18,-17.12,-12.98
LDOS,"LEIDOS, INC.",N6883625F7KVJ,2025-09-24,3179849.0,Department of Defense,Department of the Navy,DELIVERY ORDER,2025-09-24,185.8563,185.5687,0.15,179.3204,2025-12-31,68,-3.52,197.9062,2025-11-04,29,6.48,10.36,8.0,,,,,,,-2.69,-0.96,2.26,4.36,5.78,-0.07,2.13,4.09,1.58,-3.09,1.51
BAH,BOOZ ALLEN HAMILTON INC,FA875025FB014,2025-09-23,0.0,Department of Defense,Department of the Air Force,DELIVERY ORDER,2025-09-23,96.2236,97.6523,-1.46,78.7024,2025-11-20,42,-18.21,101.8113,2025-10-07,10,5.81,29.36,8.0,,,,,,,0.97,0.76,1.65,4.86,5.81,-2.07,0.42,-13.09,-14.37,-11.4,-10.43
LDOS,"LEIDOS, INC.",HC102826F0011,2026-02-06,421362.38,Department of Defense,Defense Information Systems Agency,DELIVERY ORDER,2026-02-06,191.8351,184.9664,3.71,108.67,2026-06-17,90,-43.35,193.5547,2026-02-10,2,0.9,78.11,,,,,,,,0.82,-10.36,-8.65,-11.12,-10.88,-9.27,-10.61,-15.57,-18.88,-28.74,-43.35
BAH,BOOZ ALLEN HAMILTON INC,FA807523F0039,2026-01-15,39761.0,Department of Defense,Department of the Air Force,DELIVERY ORDER,2026-01-15,95.6545,94.9059,0.79,71.0549,2026-05-13,81,-25.72,100.6977,2026-01-23,5,5.27,41.72,5.0,,,,,,,0.3,-1.59,5.27,-7.77,-8.95,-12.96,-20.71,-19.26,-17.09,-15.52,-15.97
LDOS,"LEIDOS, INC.",HC102820F0500,2025-08-28,0.0,Department of Defense,Defense Information Systems Agency,DELIVERY ORDER,2025-08-28,179.4748,181.4837,-1.11,175.8627,2025-09-03,3,-2.01,197.9062,2025-11-04,47,10.27,12.53,23.0,47.0,,,,,,-0.24,-2.01,-1.3,-1.28,1.38,3.42,2.57,3.9,5.25,3.05,8.89
BA,THE BOEING COMPANY,N0001925F0210,2025-09-18,14318247.07,Department of Defense,Department of the Navy,DELIVERY ORDER,2025-09-18,215.66,214.63,0.48,179.12,2025-11-24,47,-16.94,252.15,2026-01-23,87,16.92,40.77,73.0,79.0,84.0,,,,,-0.0,0.32,-0.99,0.66,0.82,4.48,-1.26,-7.22,-16.82,-5.23,12.02
LDOS,"LEIDOS, INC.",FA702226F0019,2025-10-31,6370785.0,Department of Defense,Department of the Air Force,DELIVERY ORDER,2025-10-31,188.901,189.3473,-0.24,160.5633,2026-02-17,72,-15.0,197.9062,2025-11-04,2,4.77,23.26,,,,,,,,1.35,2.42,3.42,4.08,0.49,-2.53,-1.79,-2.15,3.46,-1.5,-8.51
LMT,LOCKHEED MARTIN CORPORATION,W31P4Q24C0007,2025-10-22,0.0,Department of Defense,Department of the Army,DEFINITIVE CONTRACT,2025-10-22,477.8068,480.1216,-0.48,434.0461,2025-12-01,27,-9.16,672.2988,2026-03-02,88,40.71,54.89,50.0,54.0,56.0,59.0,68.0,,,0.19,-0.05,-0.37,0.97,-2.87,-6.17,-3.88,-7.26,-0.09,19.15,38.16
BAH,BOOZ ALLEN HAMILTON INC,HC104725F0003,2025-09-27,2125686.61,Department of Defense,Defense Information Systems Agency,DELIVERY ORDER,2025-09-29,96.7716,96.9575,-0.19,78.7024,2025-11-20,38,-18.67,101.8113,2025-10-07,6,5.21,29.36,4.0,,,,,,,1.07,4.27,4.8,4.09,-2.63,-0.86,-13.48,-11.72,-16.9,-13.84,-9.4
IBM,INTERNATIONAL BUSINESS MACHINES CORPORATION,N0003921F3007,2025-08-21,1389811.0,Department of Defense,Department of the Navy,DELIVERY ORDER,2025-08-21,233.334,236.4042,-1.3,233.334,2025-08-21,0,0.0,308.6917,2025-11-12,58,32.3,32.3,11.0,19.0,24.0,30.0,46.0,,,1.12,1.35,2.64,0.88,3.81,7.36,13.35,20.46,28.43,28.39,26.87
BAH,BOOZ ALLEN HAMILTON INC,M6700417F4017,2025-09-30,-412.15,Department of Defense,Department of the Navy,DELIVERY ORDER,2025-09-30,97.8089,96.7716,1.07,78.7024,2025-11-20,37,-19.53,101.8113,2025-10-07,5,4.09,29.36,,,,,,,,2.65,4.07,4.09,-0.22,-2.15,1.0,-17.13,-12.89,-16.93,-14.25,-9.23
CACI,"CACI, INC. - FEDERAL",N0017824F3000,2025-10-24,326050.0,Department of Defense,Department of the Navy,DELIVERY ORDER,2025-10-24,585.55,584.57,0.17,532.81,2025-12-31,46,-9.01,662.19,2026-01-23,61,13.09,24.28,22.0,60.0,,,,,,-1.16,-3.99,-3.98,-0.14,0.63,0.3,4.21,1.35,-7.95,11.94,5.2
CACI,"CACI, INC. - FEDERAL",N0042123F0668,2026-02-23,1066885.88,Department of Defense,Department of the Navy,DELIVERY ORDER,2026-02-23,570.99,586.03,-2.57,443.26,2026-06-25,85,-22.37,633.21,2026-03-09,10,10.9,42.85,4.0,6.0,,,,,,2.63,4.58,9.45,9.38,10.9,6.26,1.0,-0.33,-10.91,-13.6,-11.94
GD,"GENERAL DYNAMICS MISSION SYSTEMS, INC.",FA830724FB042,2026-03-24,-3800000.0,Department of Defense,Department of the Air Force,DELIVERY ORDER,2026-03-24,343.1191,344.2489,-0.33,311.1606,2026-04-27,23,-9.31,393.19,2026-07-28,86,14.59,26.36,58.0,83.0,,,,,,1.81,0.15,-0.87,0.83,1.09,-1.38,-7.52,0.77,1.26,1.56,11.46
LMT,LOCKHEED MARTIN CORP,FA882321C0001,2026-01-13,3060511.02,Department of Defense,Department of the Air Force,DEFINITIVE CONTRACT,2026-01-13,551.761,544.7837,1.28,503.2157,2026-05-08,80,-8.8,672.2988,2026-03-02,32,21.85,33.6,5.0,11.0,22.0,32.0,,,,2.58,4.32,5.0,5.82,6.98,12.53,14.17,14.93,14.79,10.51,-3.99
LMT,LOCKHEED MARTIN CORPORATION,FA868225FB006,2025-12-02,80912.0,Department of Defense,Department of the Air Force,DELIVERY ORDER,2025-12-02,436.6452,434.0461,0.6,436.6452,2025-12-02,0,0.0,672.2988,2026-03-02,60,53.97,53.97,4.0,18.0,22.0,26.0,30.0,53.0,,1.13,2.35,5.67,7.48,7.98,9.45,12.51,30.8,41.14,53.97,39.15
PSN,PARSONS GOVERNMENT SERVICES INC.,HB000123F1013,2026-01-09,90357.25,Department of Defense,U.S. Cyber Command,DELIVERY ORDER,2026-01-09,69.93,68.17,2.58,48.74,2026-05-11,83,-30.3,72.73,2026-01-23,9,4.0,49.22,,,,,,,,-1.14,0.63,3.63,3.96,0.84,0.19,0.4,-7.49,-22.52,-17.06,-26.14
ACN,ACCENTURE FEDERAL SERVICES LLC,89243424FEE000456,2026-04-02,115169.0,Department of Energy,Department of Energy,BPA CALL,2026-04-02,197.2651,193.0813,2.17,122.9615,2026-06-30,60,-37.67,197.2651,2026-04-02,0,0.0,60.43,,,,,,,,-1.18,-3.72,-10.07,-4.64,-1.0,-10.7,-9.78,-15.44,-12.63,-37.67,-8.68
BA,THE BOEING COMPANY,FA205725FB015,2025-12-12,570751.0,Department of Defense,Department of the Air Force,DELIVERY ORDER,2025-12-12,204.38,200.71,1.83,189.21,2026-03-30,72,-7.42,252.15,2026-01-23,27,23.37,33.26,6.0,13.0,19.0,22.0,,,,0.55,0.95,4.75,6.1,6.3,11.62,18.71,18.21,14.35,0.19,13.73
HII,HUNTINGTON INGALLS INCORPORATED,N0002425C4229,2025-12-05,6327165.0,Department of Defense,Department of the Navy,DEFINITIVE CONTRACT,2025-12-05,302.3254,313.5418,-3.58,302.3254,2025-12-05,0,0.0,451.7788,2026-03-02,57,49.43,49.43,3.0,10.0,11.0,20.0,24.0,,,3.71,6.09,7.33,7.3,10.53,15.28,17.03,38.77,28.93,38.71,30.03
TXT,TEXTRON SYSTEMS CORPORATION,W56KGY24F0103,2026-02-19,0.0,Department of Defense,Department of the Army,DELIVERY ORDER,2026-02-19,98.9872,100.2067,-1.22,85.9317,2026-03-30,27,-13.19,100.7265,2026-02-20,1,1.76,17.22,,,,,,,,1.76,-0.04,-0.4,1.67,-2.66,-5.82,-10.34,-11.07,-11.16,-10.34,-7.33
LDOS,"LEIDOS, INC.",693KA818F00069,2025-08-26,-129037.31,Department of Transportation,Federal Aviation Administration,DELIVERY ORDER,2025-08-26,180.4545,179.7222,0.41,175.8627,2025-09-03,5,-2.54,197.9062,2025-11-04,49,9.67,12.53,25.0,,,,,,,0.57,-0.78,-2.54,-1.84,-1.09,0.34,0.22,8.95,3.41,3.97,7.68
LMT,LOCKHEED MARTIN CORP,FA882321C0001,2025-09-08,385679.21,Department of Defense,Department of the Air Force,DEFINITIVE CONTRACT,2025-09-08,450.3138,455.0121,-1.03,434.0461,2025-12-01,59,-3.61,571.1216,2026-01-15,90,26.83,31.58,11.0,20.0,86.0,87.0,,,,-0.45,2.53,3.08,3.05,4.64,6.17,11.32,10.19,-1.53,-3.04,26.83
BAH,BOOZ ALLEN HAMILTON INC,2032H822F00169,2026-01-22,-316133.88,Department of the Treasury,Internal Revenue Service,BPA CALL,2026-01-22,94.3247,94.1376,0.2,71.0549,2026-05-13,77,-24.67,100.6977,2026-01-23,1,6.76,41.72,1.0,,,,,,,6.76,-6.47,-7.34,-8.63,-11.74,-16.68,-21.86,-13.83,-17.41,-15.07,-15.47
GD,"GENERAL DYNAMICS MISSION SYSTEMS, INC.",N0003921F4030,2026-04-02,-17063.9,Department of Defense,Defense Contract Management Agency,DELIVERY ORDER,2026-04-02,345.9534,347.3805,-0.41,311.1606,2026-04-27,16,-10.06,395.97,2026-08-10,88,14.46,27.26,62.0,76.0,,,,,,0.66,0.27,-3.55,-2.19,-3.22,-8.28,0.46,-3.73,-1.9,1.95,13.95
CACI,"CACI, INC. - FEDERAL",HS002123F0020,2025-08-27,54203053.48,Department of Defense,Defense Counterintelligence and Security Agency,DELIVERY ORDER,2025-08-27,487.07,483.13,0.82,460.1,2025-09-04,5,-5.54,617.97,2025-11-25,63,26.87,34.31,24.0,40.0,40.0,40.0,,,,-1.51,-0.85,-5.54,-2.68,1.24,1.76,-0.3,4.97,15.64,22.16,14.86
ACN,ACCENTURE FEDERAL SERVICES LLC,2032H522F00071,2026-03-11,1538352.62,Department of the Treasury,Internal Revenue Service,DELIVERY ORDER,2026-03-11,197.412,197.559,-0.07,122.9615,2026-06-30,76,-37.71,199.4402,2026-03-19,6,1.03,62.2,,,,,,,,-2.7,-1.08,-3.14,-0.74,-4.56,-1.58,-10.14,-10.76,-17.92,-10.78,-28.65
LMT,LOCKHEED MARTIN CORPORATION,FA868224FB006,2025-10-09,700000.0,Department of Defense,Department of the Air Force,DELIVERY ORDER,2025-10-09,498.0317,504.1718,-1.22,434.0461,2025-12-01,36,-12.85,658.7036,2026-02-19,90,32.26,51.76,63.0,65.0,68.0,76.0,90.0,,,-0.53,-0.51,-2.86,-0.37,-3.88,-4.42,-9.73,-7.78,-4.7,3.59,32.26
BA,THE BOEING COMPANY,FA945119F0007,2025-08-15,0.0,Department of Defense,Department of the Air Force,DELIVERY ORDER,2025-08-15,235.26,233.19,0.89,179.12,2025-11-24,70,-23.86,237.38,2025-09-02,11,0.9,32.53,,,,,,,,-1.21,-4.1,-2.18,-0.18,-0.25,-2.4,-8.6,-7.73,-7.84,-17.19,-7.83
ACN,ACCENTURE FEDERAL SERVICES LLC,89303025FIM000170,2026-04-02,-163078.5,Department of Energy,Department of Energy,BPA CALL,2026-04-02,197.2651,193.0813,2.17,122.9615,2026-06-30,60,-37.67,197.2651,2026-04-02,0,0.0,60.43,,,,,,,,-1.18,-3.72,-10.07,-4.64,-1.0,-10.7,-9.78,-15.44,-12.63,-37.67,-8.68
TXT,TEXTRON AVIATION INC,W58RGZ25F0136,2026-01-20,0.0,Department of Defense,Department of the Army,DELIVERY ORDER,2026-01-20,93.1198,94.1893,-1.14,85.9317,2026-03-30,48,-7.72,100.7265,2026-02-20,22,8.17,17.22,17.0,,,,,,,3.39,1.98,1.15,-5.73,-4.86,2.48,6.3,6.6,-2.61,-3.08,-1.48
LMT,LOCKHEED MARTIN CORPORATION,W56KGY23F0001,2025-09-03,-201397.76,Department of Defense,Department of the Army,DELIVERY ORDER,2025-09-03,440.4564,443.8305,-0.76,434.0461,2025-12-01,62,-1.46,544.7837,2026-01-12,90,23.69,25.51,8.0,19.0,86.0,89.0,,,,1.73,2.24,3.3,4.95,5.36,8.38,11.2,11.21,5.36,1.14,23.69
GD,"GENERAL DYNAMICS INFORMATION TECHNOLOGY, INC.",DTFAWA10D00003CALL0002,2026-01-09,7114.74,Department of Transportation,Federal Aviation Administration,DELIVERY ORDER,2026-01-09,349.2835,346.8654,0.7,311.1606,2026-04-27,73,-10.91,364.0791,2026-01-16,5,4.24,17.01,,,,,,,,1.99,3.42,4.24,3.5,3.15,-0.39,1.81,-0.36,1.09,-0.69,-3.16
BAH,BOOZ ALLEN HAMILTON INC,FA807522F0005,2026-03-19,0.0,Department of Defense,Department of the Air Force,DELIVERY ORDER,2026-03-19,80.2259,78.0721,2.76,59.71,2026-06-25,67,-25.57,83.4516,2026-04-07,12,4.02,39.76,,,,,,,,-1.09,-2.41,-0.62,-2.33,2.85,-1.61,-0.15,-3.12,-2.66,-7.07,-12.53
GD,"GENERAL DYNAMICS MISSION SYSTEMS, INC.",N0002421C6425,2025-10-21,3341583.0,Department of Defense,Department of the Navy,DEFINITIVE CONTRACT,2025-10-21,336.2553,332.8009,1.04,328.0534,2025-12-01,28,-2.44,364.0791,2026-01-16,60,8.27,10.98,52.0,,,,,,,-0.72,2.96,1.76,1.17,0.82,2.58,0.7,-0.77,1.38,8.27,7.48
HII,HUNTINGTON INGALLS INCORPORATED,N0002416C2427,2026-01-16,0.0,Department of Defense,Department of the Navy,DEFINITIVE CONTRACT,2026-01-16,422.7474,415.7595,1.68,313.3666,2026-05-07,76,-25.87,451.7788,2026-03-02,29,6.87,44.17,25.0,,,,,,,-2.42,-0.41,-2.9,-0.12,-1.31,-6.6,-0.24,3.71,-5.3,-6.23,-24.42
PSN,PARSONS GOVERNMENT SERVICES INC.,FA830725FB131,2025-08-19,400000.0,Department of Defense,Department of the Air Force,DELIVERY ORDER,2025-08-19,78.66,79.41,-0.94,60.2,2025-12-17,84,-23.47,89.29,2025-10-08,35,13.51,48.32,20.0,31.0,,,,,,-0.93,1.47,1.59,1.58,0.03,-5.29,3.52,8.37,4.45,9.9,-20.47
BA,THE BOEING COMPANY,FA868120F1305,2025-10-01,0.0,Department of Defense,Department of the Air Force,DELIVERY ORDER,2025-10-01,215.2,215.83,-0.29,179.12,2025-11-24,38,-16.77,252.15,2026-01-23,78,17.17,40.77,64.0,70.0,73.0,,,,,1.04,2.11,4.7,-2.08,-0.56,0.96,-7.03,-9.15,-6.19,0.58,12.73
GE,GENERAL ELECTRIC COMPANY,SPRTA126F0044,2025-12-12,3955427.02,Department of Defense,Defense Logistics Agency,DELIVERY ORDER,2025-12-12,298.6596,287.3134,3.95,272.9098,2026-03-30,72,-8.62,344.8073,2026-03-02,52,15.45,26.34,7.0,44.0,48.0,,,,,0.39,-2.54,2.47,5.24,4.04,8.3,6.48,-2.33,11.78,2.56,-4.83
CACI,"CACI, INC. - FEDERAL",FA807522F0030,2026-03-19,-573.5,Department of Defense,Department of the Air Force,DELIVERY ORDER,2026-03-19,612.93,608.73,0.69,440.76,2026-07-21,84,-28.09,612.93,2026-03-19,0,0.0,39.06,,,,,,,,-1.07,-5.91,-5.4,-8.88,-6.09,-8.11,-14.82,-16.26,-18.2,-17.19,-20.42
NOC,NORTHROP GRUMMAN SYSTEMS CORPORATION,N6893624F0241,2025-10-23,-995035.28,Department of Defense,Department of the Navy,DELIVERY ORDER,2025-10-23,598.7336,589.5807,1.55,541.3857,2025-12-01,26,-9.58,764.6547,2026-03-02,87,27.71,41.24,56.0,58.0,66.0,79.0,,,,-0.03,-1.76,-4.48,-5.01,-5.58,-7.79,-6.45,-9.0,-4.23,10.09,23.05
LDOS,"LEIDOS, INC.",N0016725F0078,2025-10-16,350000.0,Department of Defense,Department of the Navy,DELIVERY ORDER,2025-10-16,182.8909,185.0332,-1.16,160.5633,2026-02-17,83,-12.21,197.9062,2025-11-04,13,8.21,23.26,13.0,,,,,,,0.05,4.74,3.79,2.55,3.53,5.78,3.8,3.63,0.37,6.5,-4.42
LDOS,"LEIDOS, INC.",HQ003417C0017,2025-08-22,-4780.55,Department of Defense,Washington Headquarters Services,DEFINITIVE CONTRACT,2025-08-22,179.8508,178.5643,0.72,175.8627,2025-09-03,7,-2.22,197.9062,2025-11-04,51,10.04,12.53,27.0,51.0,,,,,,-0.07,0.91,-0.45,-2.22,-1.83,1.17,3.18,9.21,4.28,4.11,-0.29
LMT,LOCKHEED MARTIN CORPORATION,H9225426FE026,2026-02-20,1000000.0,Department of Defense,U.S. Special Operations Command,DELIVERY ORDER,2026-02-20,650.5502,658.7036,-1.24,491.64,2026-06-24,85,-24.43,672.2988,2026-03-02,6,3.34,36.75,,,,,,,,0.36,-1.63,-0.03,1.99,2.59,-0.3,-5.89,-2.58,-21.6,-19.32,-19.79
GD,GENERAL DYNAMICS LAND SYSTEMS INC.,W912CH25F0182,2026-02-04,0.0,Department of Defense,Department of the Army,DELIVERY ORDER,2026-02-04,350.1949,352.1176,-0.55,311.1606,2026-04-27,56,-11.15,362.8304,2026-03-04,19,3.61,16.61,,,,,,,,-0.37,1.9,-1.99,-1.62,0.27,-2.89,2.86,-1.06,-4.72,-1.68,2.22
GE,GENERAL ELECTRIC COMPANY,W58RGZ25F0239,2026-03-03,0.0,Department of Defense,Department of the Army,DELIVERY ORDER,2026-03-03,333.2386,344.8073,-3.36,272.9098,2026-03-30,19,-18.1,378.68,2026-07-06,85,13.64,38.76,73.0,79.0,,,,,,1.7,-3.3,-2.14,-8.08,-9.46,-12.62,-12.28,-5.91,-8.34,-3.85,6.06
GD,"GENERAL DYNAMICS MISSION SYSTEMS, INC.",FA880724F0003,2026-01-16,120000.0,Department of Defense,Department of the Air Force,DELIVERY ORDER,2026-01-16,364.0791,363.8908,0.05,311.1606,2026-04-27,68,-14.53,364.0791,2026-01-16,0,0.0,17.01,,,,,,,,-2.23,-0.42,-1.05,-2.91,-5.72,-1.99,-4.87,-0.73,-5.76,-7.33,-4.57
BA,BELL BOEING JOINT PROJECT OFFICE,N0001904C0012,2025-08-20,19015.72,Department of Defense,Department of the Navy,DEFINITIVE CONTRACT,2025-08-20,225.62,225.0,0.28,179.12,2025-11-24,67,-20.61,237.38,2025-09-02,8,5.21,32.53,8.0,,,,,,,-0.51,0.55,4.43,4.02,2.27,0.84,-4.42,-3.63,-3.48,-13.76,-3.71
IBM,INTERNATIONAL BUSINESS MACHINES CORPORATION,205AE925F00081,2026-04-07,1049853.86,Department of the Treasury,Internal Revenue Service,DELIVERY ORDER,2026-04-07,241.5468,243.1927,-0.68,204.3044,2026-07-22,73,-15.42,326.8851,2026-06-02,39,35.33,60.0,36.0,37.0,37.0,37.0,38.0,,,-1.36,-5.84,-1.96,2.42,4.33,-6.94,-7.89,-8.61,11.95,19.01,-2.99
BA,THE BOEING COMPANY,NNK16MA04T,2025-11-21,0.0,National Aeronautics and Space Administration,National Aeronautics and Space Administration,DELIVERY ORDER,2025-11-21,179.7,179.38,0.18,179.12,2025-11-24,1,-0.32,252.15,2026-01-23,41,40.32,40.77,4.0,6.0,16.0,20.0,32.0,,,-0.32,4.02,3.76,12.71,14.79,13.73,20.67,26.94,30.24,29.12,18.14
LMT,LOCKHEED MARTIN CORPORATION,HQ085224F0007,2025-08-20,7637902.41,Department of Defense,Missile Defense Agency,DELIVERY ORDER,2025-08-20,434.2867,429.5154,1.11,434.0461,2025-12-01,71,-0.06,504.3876,2025-10-06,32,16.14,16.21,15.0,26.0,32.0,,,,,0.27,0.39,1.9,2.16,3.18,4.77,6.81,12.78,10.23,2.95,11.25
NOC,NORTHROP GRUMMAN SYSTEMS CORPORATION,W58RGZ24F0184,2026-03-17,-213343.2,Department of Defense,Department of the Army,DELIVERY ORDER,2026-03-17,720.8574,732.7351,-1.62,496.02,2026-06-29,71,-31.19,721.6639,2026-03-18,1,0.11,45.49,,,,,,,,0.11,-2.36,-5.78,-4.43,-5.77,-4.63,-7.08,-20.94,-23.74,-23.35,-24.04
LMT,LOCKHEED MARTIN CORPORATION,FA861516C6048,2026-02-11,214947.0,Department of Defense,Department of the Air Force,DEFINITIVE CONTRACT,2026-02-11,621.3365,622.1863,-0.14,493.6,2026-06-22,89,-20.56,672.2988,2026-03-02,12,8.2,36.2,5.0,,,,,,,1.39,3.32,6.01,5.08,2.06,6.25,3.29,0.31,-5.31,-19.01,-18.94
BA,THE BOEING COMPANY,W58RGZ19F0329,2025-09-25,912704.05,Department of Defense,Department of the Army,DELIVERY ORDER,2025-09-25,213.53,215.1,-0.73,179.12,2025-11-24,42,-16.11,252.15,2026-01-23,82,18.09,40.77,9.0,74.0,77.0,,,,,3.62,1.08,1.83,2.9,1.16,0.22,3.66,-7.98,-11.49,0.26,10.5
LMT,LOCKHEED MARTIN CORPORATION,W31P4Q25C0026,2025-09-05,0.0,Department of Defense,Department of the Army,DEFINITIVE CONTRACT,2025-09-05,455.0121,448.0971,1.54,434.0461,2025-12-01,60,-4.61,565.9924,2026-01-14,90,24.39,30.4,15.0,21.0,87.0,89.0,,,,-1.03,-0.01,1.6,2.25,1.95,4.41,10.85,6.74,-1.2,-4.61,24.39
LDOS,"LEIDOS, INC.",N6883625F7KP6,2026-03-24,573.27,Department of Defense,Department of the Navy,DELIVERY ORDER,2026-03-24,158.4304,161.9679,-2.18,100.0,2026-06-25,64,-36.88,160.0746,2026-04-08,10,1.04,60.07,,,,,,,,-0.07,-2.18,-2.18,-0.11,1.04,-1.77,-7.16,-15.15,-17.23,-32.39,-25.06
TXT,TEXTRON AVIATION DEFENSE LLC,FA810624F0009,2025-12-16,31283.01,Department of Defense,Department of the Air Force,DELIVERY ORDER,2025-12-16,86.2927,87.902,-1.83,85.9317,2026-03-30,70,-0.42,100.7265,2026-02-20,44,16.73,17.22,4.0,23.0,41.0,,,,,1.29,3.63,4.83,4.51,0.97,2.61,9.15,2.0,14.44,6.43,2.12
LDOS,"LEIDOS, INC.",15PCMD20F00000001,2026-02-11,-675512.78,Department of Justice,Office of Justice Programs,DELIVERY ORDER,2026-02-11,171.9647,193.5547,-11.15,104.84,2026-06-22,89,-39.03,179.5689,2026-03-03,13,4.42,71.28,,,,,,,,-0.9,-6.63,1.89,-0.58,1.65,2.14,0.5,-8.69,-10.08,-24.61,-38.3
LMT,LOCKHEED MARTIN CORPORATION,W56KGY23C0008,2026-03-13,-480600.0,Department of Defense,Department of the Army,DEFINITIVE CONTRACT,2026-03-13,641.7985,648.584,-1.05,491.64,2026-06-24,70,-23.4,641.7985,2026-03-13,0,0.0,30.54,,,,,,,,-0.12,-0.58,-2.87,-5.55,-4.67,-3.59,-5.33,-20.53,-18.22,-17.4,-11.41
GD,"GENERAL DYNAMICS MISSION SYSTEMS, INC.",FA830722F0025,2025-09-24,653886.0,Department of Defense,Department of the Air Force,DELIVERY ORDER,2025-09-24,318.0097,317.597,0.13,318.0097,2025-09-24,0,0.0,364.0791,2026-01-16,79,14.49,14.49,4.0,70.0,,,,,,0.25,2.64,5.29,6.18,7.05,4.13,5.99,6.43,5.54,4.7,10.73
NOC,NORTHROP GRUMMAN SYSTEMS CORPORATION,0003,2026-03-20,0.0,Department of Defense,Department of the Air Force,DELIVERY ORDER,2026-03-20,703.8522,711.0207,-1.01,496.02,2026-06-29,68,-29.53,703.8522,2026-03-20,0,0.0,41.9,,,,,,,,-3.81,-2.23,-3.95,-3.5,-1.58,-4.7,-13.55,-19.8,-21.24,-21.69,-24.01
LMT,LOCKHEED MARTIN CORP,FA862525FB002,2025-09-29,1144319.0,Department of Defense,Department of the Air Force,DELIVERY ORDER,2025-09-29,482.5541,478.1011,0.93,434.0461,2025-12-01,44,-10.05,628.5509,2026-02-02,86,30.26,44.81,68.0,71.0,74.0,78.0,86.0,,,1.47,1.5,4.52,4.48,2.41,0.64,-1.26,-8.11,-9.51,-1.17,27.71
BAH,BOOZ ALLEN HAMILTON INC,20340920C00001,2025-11-26,115659.2,Department of the Treasury,Bureau of the Fiscal Service,DEFINITIVE CONTRACT,2025-11-26,82.0022,82.3962,-0.48,73.705,2026-02-23,58,-10.12,100.6977,2026-01-23,38,22.8,36.62,5.0,9.0,29.0,38.0,,,,0.25,-1.93,5.29,9.72,13.37,3.96,2.25,16.24,-0.3,-9.09,-3.74
CACI,"CACI, INC. - FEDERAL",N0042122F0260,2026-02-26,1260500.0,Department of Defense,Department of the Navy,DELIVERY ORDER,2026-02-26,597.16,590.03,1.21,443.26,2026-06-25,82,-25.77,633.21,2026-03-09,7,6.04,42.85,3.0,,,,,,,2.18,5.46,2.57,6.04,2.59,1.94,-5.61,-10.49,-14.04,-16.04,-17.31
LMT,LOCKHEED MARTIN CORPORATION,HR001124C0453,2025-10-03,0.0,Department of Defense,Defense Advanced Research Projects Agency,DEFINITIVE CONTRACT,2025-10-03,494.8244,489.7927,1.03,434.0461,2025-12-01,40,-12.28,630.8141,2026-02-09,87,27.48,45.33,67.0,68.0,71.0,80.0,,,,1.93,1.89,0.11,0.14,-1.85,-3.26,-3.28,-7.68,-7.05,-2.53,27.31
BAH,BOOZ ALLEN HAMILTON INC,47QFWA21F0026,2025-09-08,5468308.02,General Services Administration,Federal Acquisition Service,DELIVERY ORDER,2025-09-08,99.5116,100.2553,-0.74,78.7024,2025-11-20,53,-20.91,102.3789,2025-09-12,4,2.88,30.08,,,,,,,,1.41,2.11,-0.07,-0.11,-1.87,-2.57,2.31,-0.73,-14.15,-19.19,-3.88
BA,BELL BOEING JOINT PROJECT OFFICE,N0001921F0008,2026-01-30,0.0,Department of Defense,Department of the Navy,DELIVERY ORDER,2026-01-30,233.72,234.04,-0.14,189.21,2026-03-30,40,-19.04,244.71,2026-02-09,6,4.7,29.33,,,,,,,,-0.3,0.95,3.98,3.8,3.95,-0.72,-4.11,-8.66,-10.15,-1.28,-10.58
SATL,IRIDIUM SATELLITE LLC,HC101319C0003,2025-09-15,-30369.81,Department of Defense,Defense Information Systems Agency,DEFINITIVE CONTRACT,2025-09-15,3.73,3.83,-2.61,1.27,2025-11-20,48,-65.95,5.25,2026-01-23,90,40.75,313.39,17.0,22.0,89.0,89.0,90.0,,,1.07,-4.83,-2.41,-0.54,-10.99,-6.17,4.83,-45.31,-62.73,-49.33,40.75
GD,"GENERAL DYNAMICS MISSION SYSTEMS, INC.",W56KGY25F0022,2025-09-16,0.0,Department of Defense,Department of the Army,DELIVERY ORDER,2025-09-16,320.7415,321.3115,-0.18,317.0664,2025-09-22,4,-1.15,364.0791,2026-01-16,85,13.51,14.83,13.0,77.0,,,,,,-0.34,-0.71,-0.98,-0.6,4.47,6.16,2.18,6.68,5.02,5.31,12.33
BA,THE BOEING COMPANY,S1110A26F0002,2026-01-12,565123.2,Department of Defense,Defense Contract Management Agency,DELIVERY ORDER,2026-01-12,239.81,234.53,2.25,189.21,2026-03-30,53,-21.1,252.15,2026-01-23,8,5.15,33.26,8.0,,,,,,,1.98,3.31,3.83,4.84,1.98,-2.83,-1.48,-3.94,-14.1,-8.24,-8.42
LDOS,"LEIDOS, INC.",N0003925F7462,2025-12-18,487135.15,Department of Defense,Department of the Navy,DELIVERY ORDER,2025-12-18,180.1057,180.2747,-0.09,143.7323,2026-04-27,87,-20.2,197.153,2026-01-09,14,9.47,37.17,10.0,,,,,,,1.93,2.83,2.58,1.19,7.89,9.47,6.03,4.75,-6.24,-7.74,-17.44
NOC,NORTHROP GRUMMAN SYSTEMS CORPORATION,HQ072721F1410,2026-01-29,0.0,Department of Defense,Defense Microelectronics Activity,DELIVERY ORDER,2026-01-29,690.0928,683.9199,0.9,526.06,2026-06-03,86,-23.77,764.6547,2026-03-02,21,10.8,45.36,14.0,21.0,,,,,,-0.44,1.38,0.17,0.38,-0.04,5.97,10.8,5.85,0.38,-17.0,-20.49
NOC,NORTHROP GRUMMAN SYSTEMS CORPORATION,N6893626F5086,2026-02-17,2250000.0,Department of Defense,Department of the Navy,DELIVERY ORDER,2026-02-17,695.8192,697.2582,-0.21,499.33,2026-06-25,89,-28.24,764.6547,2026-03-02,9,9.89,53.14,2.0,,,,,,,3.38,3.2,4.13,1.72,8.62,6.93,3.71,-2.38,-15.63,-21.05,-28.14
BAH,BOOZ ALLEN HAMILTON INC,FA807523F0024,2025-09-23,1023349.0,Department of Defense,Department of the Air Force,DELIVERY ORDER,2025-09-23,96.2236,97.6523,-1.46,78.7024,2025-11-20,42,-18.21,101.8113,2025-10-07,10,5.81,29.36,8.0,,,,,,,0.97,0.76,1.65,4.86,5.81,-2.07,0.42,-13.09,-14.37,-11.4,-10.43
LMT,LOCKHEED MARTIN CORPORATION,N0001921C0037,2025-09-16,0.0,Department of Defense,Department of the Navy,DEFINITIVE CONTRACT,2025-09-16,465.2324,464.1829,0.23,434.0461,2025-12-01,53,-6.7,586.9539,2026-01-22,88,26.16,35.23,10.0,77.0,80.0,83.0,,,,-0.25,-0.29,2.6,2.11,5.25,8.42,5.29,2.41,0.08,-0.6,23.56
LMT,LOCKHEED MARTIN CORP,FA852518F0016,2025-09-18,-14453.75,Department of Defense,Defense Contract Management Agency,DELIVERY ORDER,2025-09-18,464.5458,464.0554,0.11,434.0461,2025-12-01,51,-6.57,590.2746,2026-01-28,90,27.06,35.99,8.0,75.0,78.0,81.0,,,,-0.14,2.76,2.26,3.88,5.43,8.53,4.55,3.4,-1.13,2.17,27.06
BAH,BOOZ ALLEN HAMILTON INC,W31P4Q21FB004,2026-04-07,998032.28,Department of Defense,Department of the Army,DELIVERY ORDER,2026-04-07,83.4516,83.0844,0.44,59.71,2026-06-25,55,-28.45,83.4516,2026-04-07,0,0.0,39.76,,,,,,,,-2.95,-7.03,-3.16,-1.65,-3.66,-9.38,-9.28,-8.42,-7.38,-25.17,-7.18
CACI,"CACI, INC. - FEDERAL",47QFCA19F0006,2025-11-13,334152.0,General Services Administration,Federal Acquisition Service,DELIVERY ORDER,2025-11-13,587.29,586.65,0.11,532.81,2025-12-31,32,-9.28,662.19,2026-01-23,47,12.75,24.28,8.0,46.0,,,,,,0.6,1.7,1.31,3.91,5.08,3.12,-3.39,-8.14,7.71,-2.46,-1.27
HII,HUNTINGTON INGALLS INCORPORATED,N6931618F7008,2025-09-22,-166965.0,Department of Defense,Department of the Navy,DELIVERY ORDER,2025-09-22,272.9123,271.8944,0.37,268.0601,2025-09-25,3,-1.78,424.6631,2026-01-29,89,55.6,58.42,12.0,28.0,28.0,63.0,72.0,79.0,,-0.05,-1.78,1.22,3.57,4.46,2.47,4.12,14.98,12.22,18.86,52.94
TXT,BELL TEXTRON INC,N0001923F0043,2025-09-30,0.0,Department of Defense,Department of the Navy,DELIVERY ORDER,2025-09-30,84.4341,83.9744,0.55,79.3674,2025-10-30,22,-6.0,96.2784,2026-01-21,77,14.03,21.31,57.0,70.0,,,,,,0.85,2.79,0.64,0.18,-0.86,-2.47,-5.33,-2.41,-0.94,7.58,13.02
BAH,BOOZ ALLEN HAMILTON INC,47QFDA22F0027,2026-01-29,1575339.0,General Services Administration,Federal Acquisition Service,DELIVERY ORDER,2026-01-29,87.4001,89.7346,-2.6,71.0549,2026-05-13,72,-18.7,88.7791,2026-02-09,7,1.58,24.94,,,,,,,,-0.35,-6.46,-4.74,1.58,-12.17,-9.22,-11.64,-11.12,-4.94,-13.48,-10.35
CACI,"CACI, INC. - FEDERAL",47QFCA19F0006,2025-11-07,1730169.0,General Services Administration,Federal Acquisition Service,DELIVERY ORDER,2025-11-07,589.25,584.4,0.83,532.81,2025-12-31,36,-9.58,662.19,2026-01-23,51,12.38,24.28,46.0,50.0,,,,,,0.44,-0.44,0.27,1.36,1.81,4.73,-0.01,-6.66,3.75,1.54,2.91
BA,THE BOEING COMPANY,N0038322FYY0P,2026-03-24,-229280.53,Department of Defense,Department of the Navy,DELIVERY ORDER,2026-03-24,196.42,198.41,-1.0,189.21,2026-03-30,4,-3.67,240.6,2026-05-13,35,22.49,27.16,6.0,10.0,20.0,32.0,,,,1.62,-3.0,1.33,6.01,10.88,13.92,19.21,17.06,16.47,13.39,18.87
LMT,LOCKHEED MARTIN CORPORATION,N0002422F6210,2026-02-17,0.0,Department of Defense,Department of the Navy,DELIVERY ORDER,2026-02-17,641.9719,644.9368,-0.46,491.64,2026-06-24,88,-23.42,672.2988,2026-03-02,9,4.72,36.75,,,,,,,,0.04,1.34,2.29,-1.22,3.35,2.78,-0.6,-6.47,-14.04,-19.54,-20.96
LMT,LOCKHEED MARTIN CORPORATION,H9225425F2884,2025-12-10,-1342502.0,Department of Defense,U.S. Special Operations Command,DELIVERY ORDER,2025-12-10,462.4593,461.4216,0.22,462.4593,2025-12-10,0,0.0,672.2988,2026-03-02,54,45.37,45.37,15.0,17.0,20.0,23.0,33.0,,,1.48,3.52,1.46,1.32,3.81,3.36,17.8,24.3,38.82,39.9,19.32
BAH,BOOZ ALLEN HAMILTON INC,FA807525F0024,2026-01-30,123500.0,Department of Defense,Department of the Air Force,DELIVERY ORDER,2026-01-30,87.0947,87.4001,-0.35,71.0549,2026-05-13,71,-18.42,88.7791,2026-02-09,6,1.93,24.94,,,,,,,,-1.04,-3.82,0.67,1.73,-9.61,-12.01,-9.74,-13.66,-4.18,-13.12,-11.26
ACN,ACCENTURE FEDERAL SERVICES LLC,89303024FIM000138,2025-12-11,38750.8,Department of Energy,Department of Energy,BPA CALL,2025-12-11,264.9111,266.7238,-0.68,176.1618,2026-04-23,90,-33.5,282.7143,2026-01-14,22,6.72,60.49,22.0,,,,,,,0.44,0.62,-0.15,0.11,0.27,-3.85,2.38,2.01,-17.29,-25.48,-33.5
ACN,ACCENTURE FEDERAL SERVICES LLC,SP470125F0242,2025-09-24,2629032.35,Department of Defense,Defense Logistics Agency,BPA CALL,2025-09-24,234.2529,230.7451,1.52,227.8645,2025-09-25,1,-2.73,282.7142,2026-01-14,77,20.69,24.07,9.0,49.0,71.0,77.0,,,,-2.73,3.31,1.94,2.61,5.81,2.14,4.49,3.66,3.67,12.92,0.89
BAH,BOOZ ALLEN HAMILTON INC,75N98122F00001,2025-11-14,418000.0,Department of Health and Human Services,National Institutes of Health,DELIVERY ORDER,2025-11-14,81.6673,82.4061,-0.9,73.705,2026-02-23,66,-9.75,100.6977,2026-01-23,46,23.3,36.62,13.0,15.0,37.0,46.0,,,,-1.51,-2.99,-2.57,0.89,-0.57,6.15,3.0,2.7,15.5,-6.01,-4.61
LMT,LOCKHEED MARTIN CORPORATION,FA820525F0703,2026-03-09,13206762.0,Department of Defense,Department of the Air Force,DELIVERY ORDER,2026-03-09,659.8304,667.4009,-1.13,491.64,2026-06-24,74,-25.49,659.8304,2026-03-09,0,0.0,34.21,,,,,,,,-1.95,-1.7,-2.85,-3.29,-7.21,-7.27,-5.37,-13.88,-21.55,-22.4,-22.89
IBM,INTERNATIONAL BUSINESS MACHINES CORPORATION,88310324F00044,2025-12-16,2395637.82,National Archives and Records Administration,National Archives and Records Administration,BPA CALL,2025-12-16,297.1272,302.4978,-1.78,220.139,2026-02-23,45,-25.91,308.4467,2026-02-02,31,3.81,40.11,,,,,,,,0.05,-0.73,0.2,0.63,-2.3,-2.13,0.82,1.16,-25.91,-17.32,-22.7
LMT,LOCKHEED MARTIN CORPORATION,N0002423C6106,2025-12-23,1654237.8,Department of Defense,Department of the Navy,DEFINITIVE CONTRACT,2025-12-23,476.8982,477.9062,-0.21,476.8982,2025-12-23,0,0.0,672.2988,2026-03-02,45,40.97,40.97,7.0,11.0,13.0,16.0,25.0,,,0.66,1.31,0.23,6.01,7.44,18.68,20.54,29.23,40.97,28.38,6.02
BA,THE BOEING COMPANY,FA821423C0002,2025-10-28,776602.0,Department of Defense,Department of the Air Force,DEFINITIVE CONTRACT,2025-10-28,223.33,223.0,0.15,179.12,2025-11-24,19,-19.8,252.15,2026-01-23,59,12.9,40.77,50.0,54.0,,,,,,-4.37,-9.99,-11.32,-12.01,-12.59,-14.11,-16.3,-11.02,1.99,11.24,-2.49
LMT,LOCKHEED MARTIN CORP,FA821420F0001,2026-01-23,2099957.0,Department of Defense,Department of the Air Force,DELIVERY ORDER,2026-01-23,583.9001,586.9539,-0.52,503.2157,2026-05-08,73,-13.82,672.2988,2026-03-02,25,15.14,33.6,4.0,15.0,25.0,,,,,-1.55,1.09,7.35,6.34,5.54,7.89,12.46,13.0,1.85,-2.68,-12.31
BA,THE BOEING COMPANY,FA863420F0022,2025-10-30,0.0,Department of Defense,Department of the Air Force,DELIVERY ORDER,2025-10-30,200.08,213.58,-6.32,179.12,2025-11-24,17,-10.48,252.15,2026-01-23,57,26.02,40.77,35.0,43.0,48.0,50.0,,,,0.47,-1.01,-1.79,-2.63,-2.75,-7.19,-6.81,2.15,14.87,20.75,2.34
HII,HUNTINGTON INGALLS INCORPORATED,N0002418C2307,2026-04-07,26883.0,Department of Defense,Department of the Navy,DEFINITIVE CONTRACT,2026-04-07,400.55,405.9069,-1.32,268.76,2026-07-21,72,-32.9,409.581,2026-04-08,1,2.25,52.4,,,,,,,,2.25,-1.96,-1.05,-1.52,-5.98,-10.91,-20.57,-19.31,-27.82,-27.23,-18.19
BAH,BOOZ ALLEN HAMILTON INC,FA807522F0024,2025-08-14,110000.0,Department of Defense,Department of the Air Force,DELIVERY ORDER,2025-08-14,105.8332,108.7005,-2.64,78.7024,2025-11-20,69,-25.64,108.3971,2025-08-27,9,2.42,37.73,,,,,,,,1.08,1.38,0.76,1.19,0.06,-4.58,-6.04,-8.39,-9.35,-19.14,-19.5
LDOS,LEIDOS BIOMEDICAL RESEARCH INC,75N91021F00009,2026-03-05,0.0,Department of Health and Human Services,National Institutes of Health,DELIVERY ORDER,2026-03-05,174.6088,175.6425,-0.59,100.0,2026-06-25,77,-42.73,178.4655,2026-03-09,2,2.21,78.47,,,,,,,,1.27,-1.79,-1.05,-4.44,-5.29,-9.33,-8.99,-11.45,-25.75,-27.11,-38.03
LDOS,"LEIDOS, INC.",N0003925F7464,2025-09-23,2482686.2,Department of Defense,Department of the Navy,DELIVERY ORDER,2025-09-23,185.5687,186.3224,-0.4,179.3204,2025-12-31,69,-3.37,197.9062,2025-11-04,30,6.65,10.36,9.0,,,,,,,0.15,-1.18,0.99,3.09,5.29,-0.63,0.73,6.65,2.35,-2.85,0.73
LMT,LOCKHEED MARTIN CORP,HQ014719C5001,2025-12-30,106369893.0,Department of Defense,Missile Defense Agency,DEFINITIVE CONTRACT,2025-12-30,482.2844,483.1442,-0.18,478.0051,2025-12-31,1,-0.89,672.2988,2026-03-02,41,39.4,40.65,4.0,7.0,10.0,14.0,22.0,,,-0.89,4.83,1.82,11.25,17.36,20.13,29.96,30.62,38.38,26.86,5.52
BA,THE BOEING COMPANY,FA861419F0001,2026-02-23,0.0,Department of Defense,Department of the Air Force,DELIVERY ORDER,2026-02-23,230.44,232.03,-0.69,189.21,2026-03-30,25,-17.89,240.6,2026-05-13,56,4.41,27.16,,,,,,,,1.28,-0.45,-0.3,-1.36,-2.36,-8.92,-14.76,-8.87,0.12,-6.7,-1.71
LDOS,"LEIDOS, INC.",80JSC024CA005,2026-03-30,0.0,National Aeronautics and Space Administration,National Aeronautics and Space Administration,DEFINITIVE CONTRACT,2026-03-30,153.6473,154.9825,-0.86,100.0,2026-06-25,60,-34.92,160.0746,2026-04-08,6,4.18,60.07,,,,,,,,0.86,3.0,3.04,0.93,1.28,0.41,-5.37,-16.73,-19.35,-34.92,-10.46
LDOS,"LEIDOS, INC.",W58RGZ20C0024,2025-09-25,-1286683.51,Department of Defense,Department of the Army,DEFINITIVE CONTRACT,2025-09-25,180.8578,185.8563,-2.69,179.3204,2025-12-31,67,-0.85,197.9062,2025-11-04,28,9.43,10.36,4.0,,,,,,,1.39,3.62,5.77,8.6,6.41,2.31,4.17,6.8,4.79,1.5,3.57
BAH,BOOZ ALLEN HAMILTON INC,0007,2026-02-10,-232.89,Department of Defense,Department of the Air Force,DELIVERY ORDER,2026-02-10,88.6018,88.7791,-0.2,63.33,2026-06-22,90,-28.52,88.6018,2026-02-10,0,0.0,39.9,,,,,,,,-11.3,-11.14,-12.3,-13.51,-15.86,-11.28,-13.62,-10.25,-7.37,-13.91,-28.52
GE,GENERAL ELECTRIC COMPANY,HDTRA121C0016,2025-12-18,0.0,Department of Defense,Defense Threat Reduction Agency,DEFINITIVE CONTRACT,2025-12-18,300.5324,291.0589,3.25,272.9098,2026-03-30,68,-9.19,344.8073,2026-03-02,48,14.73,26.34,9.0,41.0,,,,,,1.83,4.59,4.46,3.47,7.62,6.72,5.69,2.85,13.79,0.02,-3.65
BAH,BOOZ ALLEN HAMILTON INC,HHSN275201600122U,2025-08-18,-161129.49,Department of Health and Human Services,National Institutes of Health,DELIVERY ORDER,2025-08-18,106.6944,106.9782,-0.27,78.7024,2025-11-20,67,-26.24,108.3971,2025-08-27,7,1.6,37.73,,,,,,,,0.56,-0.06,0.38,1.6,0.96,-6.73,-6.83,-8.33,-7.69,-20.14,-21.39
BAH,BOOZ ALLEN HAMILTON INC,1333BJ26F00054002,2026-04-02,390371.92,Department of Commerce,U.S. Patent and Trademark Office,BPA CALL,2026-04-02,82.5087,79.7693,3.43,59.71,2026-06-25,57,-27.63,83.4516,2026-04-07,2,1.14,39.76,,,,,,,,0.7,-1.84,-5.97,-2.06,-1.64,-4.96,-6.36,-12.58,-4.69,-26.47,-4.98
PLTR,PALANTIR TECHNOLOGIES INC.,12639522F0270,2026-01-28,2644038.75,Department of Agriculture,Animal and Plant Health Inspection Service,DELIVERY ORDER,2026-01-28,157.35,165.7,-5.04,128.06,2026-04-10,50,-18.61,160.84,2026-03-23,37,2.22,25.6,,,,,,,,-3.49,-6.09,-11.32,-13.63,-13.77,-13.96,-12.81,-2.45,-5.65,-9.06,-13.27
LMT,LOCKHEED MARTIN CORPORATION,N0003025C6045,2025-12-03,0.0,Department of Defense,Department of the Navy,DEFINITIVE CONTRACT,2025-12-03,441.5669,436.6453,1.13,441.5669,2025-12-03,0,0.0,672.2988,2026-03-02,59,52.25,52.25,6.0,20.0,22.0,25.0,30.0,59.0,,0.35,4.16,4.73,7.49,6.26,8.0,14.5,30.36,42.86,50.26,37.49
LMT,LOCKHEED MARTIN CORPORATION,W58RGZ24F0093,2025-12-05,0.0,Department of Defense,Department of the Army,DELIVERY ORDER,2025-12-05,446.9037,443.0988,0.86,446.9037,2025-12-05,0,0.0,672.2988,2026-03-02,57,50.43,50.43,4.0,19.0,20.0,23.0,31.0,57.0,,2.91,3.48,6.2,5.5,4.85,6.82,9.88,29.64,39.03,45.61,31.65
SATL,SATELLITE CAR COMPANY,W56KGZ22P2033,2025-11-17,0.0,Department of Defense,Department of the Army,PURCHASE ORDER,2025-11-17,1.39,1.5,-7.33,1.27,2025-11-20,3,-8.63,6.42,2026-03-26,88,361.87,405.51,5.0,6.0,7.0,12.0,15.0,17.0,35.0,-2.16,-8.63,5.04,19.42,12.23,25.9,31.65,34.53,277.7,125.9,257.55
LDOS,"LEIDOS, INC.",FA807524F0016,2025-12-23,1439726.91,Department of Defense,Department of the Air Force,DELIVERY ORDER,2025-12-23,185.205,184.9267,0.15,136.7071,2026-05-05,90,-26.19,197.153,2026-01-09,11,6.45,44.22,8.0,,,,,,,0.17,-0.45,-3.18,4.92,4.78,2.42,1.71,3.58,-3.71,-12.55,-26.19
BA,THE BOEING COMPANY,N0001922F0030,2026-03-23,0.0,Department of Defense,Department of the Navy,DELIVERY ORDER,2026-03-23,198.41,195.12,1.69,189.21,2026-03-30,5,-4.64,240.6,2026-05-13,36,21.26,27.16,9.0,12.0,21.0,34.0,,,,-1.0,-2.04,-4.64,4.49,5.84,11.96,16.57,13.09,13.05,13.72,8.94
GD,"GENERAL DYNAMICS INFORMATION TECHNOLOGY, INC.",15PTDD25F00000004,2025-09-30,7219986.77,Department of Justice,Office of Justice Programs,BPA CALL,2025-09-30,335.0884,326.4115,2.66,326.2867,2025-10-16,12,-2.63,364.0791,2026-01-16,75,8.65,11.58,67.0,,,,,,,-0.07,0.77,0.71,0.52,-1.18,-0.68,1.17,3.8,-0.42,1.73,6.5
IBM,INTERNATIONAL BUSINESS MACHINES CORPORATION,47QFLA25F0017,2025-08-14,50375.0,General Services Administration,Federal Acquisition Service,DELIVERY ORDER,2025-08-14,231.1021,233.9871,-1.23,231.1021,2025-08-14,0,0.0,308.6917,2025-11-12,63,33.57,33.57,16.0,24.0,29.0,33.0,51.0,,,1.1,1.76,0.97,0.98,3.64,4.25,8.07,19.91,18.63,29.21,28.4
LMT,LOCKHEED MARTIN CORPORATION,W56KGY23F0030,2025-09-24,0.0,Department of Defense,Department of the Army,DELIVERY ORDER,2025-09-24,476.9339,477.3458,-0.09,434.0461,2025-12-01,47,-8.99,628.5509,2026-02-02,89,31.79,44.81,8.0,74.0,76.0,79.0,88.0,,,-0.39,1.18,2.62,3.75,5.71,3.89,0.37,-2.7,-6.6,-2.58,30.19
BAH,BOOZ ALLEN HAMILTON INC,FA807521F0017,2025-08-14,65152.0,Department of Defense,Department of the Air Force,DELIVERY ORDER,2025-08-14,105.8332,108.7005,-2.64,78.7024,2025-11-20,69,-25.64,108.3971,2025-08-27,9,2.42,37.73,,,,,,,,1.08,1.38,0.76,1.19,0.06,-4.58,-6.04,-8.39,-9.35,-19.14,-19.5
NOC,NORTHROP GRUMMAN SYSTEMS CORPORATION,M6785425F0006,2025-09-25,8146511.92,Department of Defense,Department of the Navy,DELIVERY ORDER,2025-09-25,578.9946,579.4888,-0.09,541.3857,2025-12-01,46,-6.5,699.65,2026-02-03,89,20.84,29.23,7.0,76.0,82.0,89.0,,,,1.49,4.02,3.28,5.59,8.41,3.95,3.38,-2.36,-2.31,-2.56,18.23
BA,"BOEING AEROSPACE OPERATIONS, INC.",80LARC21F0100,2025-09-16,581528.0,National Aeronautics and Space Administration,National Aeronautics and Space Administration,DELIVERY ORDER,2025-09-16,215.02,215.75,-0.34,179.12,2025-11-24,49,-16.7,252.15,2026-01-23,89,17.27,40.77,75.0,81.0,84.0,,,,,-0.18,0.29,0.61,-0.69,0.38,2.19,-0.47,3.86,-11.81,-7.58,15.54
NOC,NORTHROP GRUMMAN SYSTEMS CORPORATION,N0001922F2290,2026-02-05,0.0,Department of Defense,Department of the Navy,DELIVERY ORDER,2026-02-05,691.2341,684.5352,0.98,526.06,2026-06-03,81,-23.9,764.6547,2026-03-02,16,10.62,45.36,9.0,16.0,,,,,,1.81,-1.65,-0.21,0.66,3.89,2.39,7.64,1.83,-1.87,-18.33,-20.26
ACN,ACCENTURE FEDERAL SERVICES LLC,91003119F0003,2025-09-30,519133.0,Department of Education,Department of Education,DELIVERY ORDER,2025-09-30,241.621,242.013,-0.16,228.8639,2026-02-05,88,-5.28,282.7142,2026-01-14,73,17.01,23.53,44.0,45.0,73.0,,,,,-1.17,-0.52,1.88,2.21,-0.97,-1.79,0.47,-1.64,10.64,9.48,-3.99
ACN,ACCENTURE FEDERAL SERVICES LLC,70T03025F7667N028,2025-09-10,0.0,Department of Homeland Security,Transportation Security Administration,BPA CALL,2025-09-10,238.2015,246.9022,-3.52,227.8645,2025-09-25,11,-4.34,282.7143,2026-01-14,87,18.69,24.07,57.0,59.0,83.0,,,,,0.43,-2.16,-0.77,-1.4,-1.66,1.44,3.67,2.48,1.41,10.79,12.18
CACI,"CACI, INC. - FEDERAL",N6426724F3008,2025-10-22,75000.0,Department of Defense,Department of the Navy,DELIVERY ORDER,2025-10-22,520.16,533.69,-2.54,520.16,2025-10-22,0,0.0,662.19,2026-01-23,63,27.31,27.31,1.0,1.0,20.0,58.0,,,,12.38,11.26,8.08,8.09,13.15,13.02,14.39,16.43,4.19,20.95,20.07
GD,GENERAL DYNAMICS LAND SYSTEMS INC.,W912CH24F0008,2026-04-07,52008.0,Department of Defense,Department of the Army,DELIVERY ORDER,2026-04-07,345.2993,348.2328,-0.84,311.1606,2026-04-27,14,-9.89,395.97,2026-08-10,86,14.67,27.26,60.0,74.0,,,,,,0.46,-3.36,-2.0,-3.43,-6.14,-9.89,0.13,-1.93,-1.66,8.18,14.62
BA,THE BOEING COMPANY,80MSFC20C0052,2025-10-14,0.0,National Aeronautics and Space Administration,National Aeronautics and Space Administration,DEFINITIVE CONTRACT,2025-10-14,214.3,215.56,-0.58,179.12,2025-11-24,29,-16.42,252.15,2026-01-23,69,17.66,40.77,55.0,61.0,64.0,,,,,-0.14,-0.63,1.38,1.62,4.21,-4.55,-8.77,-14.87,-3.72,9.44,8.91
BAH,BOOZ ALLEN HAMILTON INC,47QFSA24F0018,2025-09-08,4192522.88,General Services Administration,Federal Acquisition Service,DELIVERY ORDER,2025-09-08,99.5116,100.2553,-0.74,78.7024,2025-11-20,53,-20.91,102.3789,2025-09-12,4,2.88,30.08,,,,,,,,1.41,2.11,-0.07,-0.11,-1.87,-2.57,2.31,-0.73,-14.15,-19.19,-3.88
BAH,BOOZ ALLEN HAMILTON INC,FA807523F0024,2026-03-31,4248000.0,Department of Defense,Department of the Air Force,DELIVERY ORDER,2026-03-31,77.4468,78.3599,-1.17,59.71,2026-06-25,59,-22.9,83.4516,2026-04-07,4,7.75,39.76,2.0,,,,,,,3.0,7.28,4.58,0.18,5.47,3.81,-0.33,-8.25,2.54,-19.66,0.59
BA,THE BOEING COMPANY,N0001914C0067,2025-09-05,0.0,Department of Defense,Defense Contract Management Agency,DEFINITIVE CONTRACT,2025-09-05,229.61,230.75,-0.49,179.12,2025-11-24,56,-21.99,244.55,2026-01-13,89,6.51,36.53,89.0,,,,,,,0.58,-0.91,-5.95,-6.35,-6.08,-7.0,-4.3,-7.26,-15.24,-18.79,5.66
LMT,LOCKHEED MARTIN CORPORATION,H9225423F2668,2026-01-15,0.0,Department of Defense,U.S. Special Operations Command,DELIVERY ORDER,2026-01-15,571.1216,565.9924,0.91,503.2157,2026-05-08,78,-11.89,672.2988,2026-03-02,30,17.72,33.6,9.0,11.0,23.0,,,,,0.79,1.44,2.24,2.95,9.75,5.41,12.41,17.72,7.2,6.39,-7.61
GD,"GENERAL DYNAMICS MISSION SYSTEMS, INC.",0003,2026-02-10,0.0,Department of Defense,Department of the Army,DELIVERY ORDER,2026-02-10,355.6059,356.8645,-0.35,311.1606,2026-04-27,52,-12.5,362.8304,2026-03-04,15,2.03,16.61,,,,,,,,-3.48,-3.12,-2.6,-2.07,-4.37,1.64,-1.0,-1.76,-6.23,-2.63,-3.87
BAH,BOOZ ALLEN HAMILTON INC,1605TA23F00001,2025-09-30,0.0,Department of Labor,Office of the Assistant Secretary for Administration and Management,DELIVERY ORDER,2025-09-30,97.8089,96.7716,1.07,78.7024,2025-11-20,37,-19.53,101.8113,2025-10-07,5,4.09,29.36,,,,,,,,2.65,4.07,4.09,-0.22,-2.15,1.0,-17.13,-12.89,-16.93,-14.25,-9.23
LMT,LOCKHEED MARTIN CORPORATION,H9225426FE018,2026-02-09,-13160.0,Department of Defense,U.S. Special Operations Command,DELIVERY ORDER,2026-02-09,630.8141,616.2764,2.36,503.2157,2026-05-08,62,-20.23,672.2988,2026-03-02,14,6.58,33.6,14.0,,,,,,,-1.37,-0.13,1.77,4.42,4.1,6.58,2.29,-3.9,-3.76,-19.01,-19.0
LDOS,"LEIDOS, INC.",HC102820F0032,2025-09-10,776081.03,Department of Defense,Defense Information Systems Agency,DELIVERY ORDER,2025-09-10,178.4951,177.169,0.75,178.4951,2025-09-10,0,0.0,197.9062,2025-11-04,39,10.87,10.87,15.0,18.0,,,,,,2.64,1.53,2.12,4.15,4.12,4.99,7.82,4.72,7.25,6.91,6.32
HII,HUNTINGTON INGALLS INC,N0002425C2127,2025-11-19,0.0,Department of Defense,Department of the Navy,DEFINITIVE CONTRACT,2025-11-19,306.0974,305.5242,0.19,298.2804,2025-11-20,1,-2.55,451.7788,2026-03-02,68,47.59,51.46,15.0,22.0,24.0,33.0,36.0,,,-2.55,0.06,1.48,-0.56,2.43,4.79,9.16,17.87,37.1,37.78,27.94
LMT,LOCKHEED MARTIN CORPORATION,FA823224F0126,2025-09-29,212349.46,Department of Defense,Department of the Air Force,DELIVERY ORDER,2025-09-29,482.5541,478.1011,0.93,434.0461,2025-12-01,44,-10.05,628.5509,2026-02-02,86,30.26,44.81,68.0,71.0,74.0,78.0,86.0,,,1.47,1.5,4.52,4.48,2.41,0.64,-1.26,-8.11,-9.51,-1.17,27.71
BA,THE BOEING COMPANY,FA821423F0004,2025-11-24,0.0,Department of Defense,Department of the Air Force,DELIVERY ORDER,2025-11-24,179.12,179.7,-0.32,179.12,2025-11-24,0,0.0,252.15,2026-01-23,40,40.77,40.77,3.0,5.0,9.0,19.0,31.0,,,1.85,5.52,14.66,12.7,11.86,14.73,21.8,26.94,30.48,28.65,17.24
LMT,LOCKHEED MARTIN CORPORATION,N6134022F7009,2026-01-23,452846.0,Department of Defense,Department of the Navy,DELIVERY ORDER,2026-01-23,583.9001,586.9539,-0.52,503.2157,2026-05-08,73,-13.82,672.2988,2026-03-02,25,15.14,33.6,4.0,15.0,25.0,,,,,-1.55,1.09,7.35,6.34,5.54,7.89,12.46,13.0,1.85,-2.68,-12.31
LDOS,"LEIDOS, INC.",HC102826F0016,2026-03-17,16625916.87,Department of Defense,Defense Information Systems Agency,DELIVERY ORDER,2026-03-17,168.3852,166.8606,0.91,100.0,2026-06-25,69,-40.61,168.3852,2026-03-17,0,0.0,68.39,,,,,,,,-1.32,-1.84,-5.91,-6.75,-7.97,-5.98,-7.4,-13.65,-26.39,-27.75,-31.73
BA,THE BOEING COMPANY,FA852621F0021,2026-02-24,0.0,Department of Defense,Defense Contract Management Agency,DELIVERY ORDER,2026-02-24,233.39,230.44,1.28,189.21,2026-03-30,24,-18.93,240.6,2026-05-13,55,3.09,27.16,,,,,,,,-1.3,-2.51,-3.97,-4.85,-6.7,-8.54,-14.47,-6.68,-3.98,-4.79,0.49
BAH,BOOZ ALLEN HAMILTON INC,W31P4Q21FB004,2025-08-21,743955.32,Department of Defense,Department of the Army,DELIVERY ORDER,2025-08-21,106.6357,106.8705,-0.22,78.7024,2025-11-20,64,-26.2,108.3971,2025-08-27,4,1.65,37.73,,,,,,,,0.88,1.19,-0.69,1.02,-5.98,-4.71,-8.42,-4.54,-16.12,-23.41,-21.35
PSN,PARSONS GOVERNMENT SERVICES INC.,W81XWH20F0284,2026-04-01,0.0,Department of Defense,Defense Health Agency,DELIVERY ORDER,2026-04-01,55.09,54.17,1.7,40.32,2026-07-29,81,-26.81,62.03,2026-07-28,80,12.6,53.84,4.0,41.0,,,,,,2.23,2.11,3.7,1.89,1.69,-2.58,-7.66,-7.15,6.59,-6.84,-12.36
LMT,LOCKHEED MARTIN CORPORATION,W31P4Q15C0082,2026-03-03,-47573.83,Department of Defense,Department of the Army,DEFINITIVE CONTRACT,2026-03-03,663.4766,672.2988,-1.31,491.64,2026-06-24,78,-25.9,667.4009,2026-03-06,3,0.59,35.75,,,,,,,,-0.5,0.59,-2.49,-2.24,-4.72,-7.72,-7.51,-8.49,-22.99,-19.56,-21.52
LDOS,"LEIDOS, INC.",N6883625F7M5D,2026-04-03,137373.92,Department of Defense,Department of the Navy,DELIVERY ORDER,2026-04-06,158.9087,158.261,0.41,100.0,2026-06-25,56,-37.07,160.0746,2026-04-08,2,0.73,60.07,,,,,,,,-0.38,-2.41,-1.18,-0.27,-2.92,-8.41,-13.97,-21.72,-22.54,-35.14,-10.26
PSN,PARSONS GOVERNMENT SERVICES INC,W9123623C4007,2025-09-29,120341.0,Department of Defense,Department of the Army,DEFINITIVE CONTRACT,2025-09-29,81.87,81.46,0.5,60.2,2025-12-17,56,-26.47,89.29,2025-10-08,7,9.06,48.32,3.0,,,,,,,1.28,6.77,7.89,9.06,5.48,1.06,1.88,4.89,1.23,-23.37,-15.18
LMT,LOCKHEED MARTIN CORPORATION,H9225426FE008,2026-01-06,0.0,Department of Defense,U.S. Special Operations Command,DELIVERY ORDER,2026-01-06,515.9257,505.5783,2.05,491.0505,2026-01-07,1,-4.82,672.2988,2026-03-02,37,30.31,36.91,4.0,7.0,16.0,17.0,37.0,,,-4.82,4.0,6.95,10.7,12.3,13.97,16.69,27.67,25.71,19.93,-0.63
LMT,RAYTHEON/LOCKHEED MARTIN JAVELIN JV,W31P4Q24C0047,2025-08-28,0.0,Department of Defense,Department of the Army,DEFINITIVE CONTRACT,2025-08-28,444.1993,442.5342,0.38,434.0461,2025-12-01,65,-2.29,515.9257,2026-01-06,89,16.15,18.86,16.0,22.0,89.0,,,,,-0.12,-0.84,2.43,0.92,4.07,4.58,8.63,11.52,8.61,1.75,10.55
AVAV,"AEROVIRONMENT, INC",N0001415C0028,2025-08-14,0.0,Department of Defense,Defense Contract Management Agency,DEFINITIVE CONTRACT,2025-08-14,249.73,254.81,-1.99,226.08,2025-09-05,15,-9.47,409.83,2025-10-13,41,64.11,81.28,22.0,24.0,26.0,28.0,33.0,35.0,,-1.23,-5.83,-5.87,-3.44,-0.32,-9.2,0.52,20.61,40.39,32.0,2.27
HII,HUNTINGTON INGALLS INC,N6279325F0003,2026-03-27,0.0,Department of Defense,Department of the Navy,DELIVERY ORDER,2026-03-27,380.1482,383.1353,-0.78,268.76,2026-07-21,78,-29.3,409.581,2026-04-08,7,7.74,52.4,5.0,,,,,,,-3.33,3.02,6.78,7.74,3.32,3.41,-5.34,-16.77,-22.75,-26.44,-15.36
ACN,ACCENTURE FEDERAL SERVICES LLC,SP470125F0282,2025-11-20,0.0,Department of Defense,Defense Logistics Agency,BPA CALL,2025-11-20,235.9283,236.2125,-0.12,187.6335,2026-02-25,64,-20.47,282.7142,2026-01-14,36,19.83,50.67,6.0,8.0,32.0,,,,,4.59,3.51,3.82,8.4,10.71,12.28,12.41,14.59,12.31,-10.73,-16.39
LMT,LOCKHEED MARTIN CORPORATION,FA823222C0006,2025-09-24,5717534.0,Department of Defense,Department of the Air Force,DEFINITIVE CONTRACT,2025-09-24,476.9339,477.3458,-0.09,434.0461,2025-12-01,47,-8.99,628.5509,2026-02-02,89,31.79,44.81,8.0,74.0,76.0,79.0,88.0,,,-0.39,1.18,2.62,3.75,5.71,3.89,0.37,-2.7,-6.6,-2.58,30.19
LMT,LOCKHEED MARTIN CORP,FA882322F4001,2025-12-22,0.0,Department of Defense,Department of the Air Force,DELIVERY ORDER,2025-12-22,477.9062,468.5768,1.99,476.8982,2025-12-23,1,-0.21,672.2988,2026-03-02,46,40.68,40.97,8.0,12.0,14.0,17.0,26.0,,,-0.21,-0.11,0.92,2.79,2.75,15.45,22.18,25.98,36.09,30.43,7.72
NOC,NORTHROP GRUMMAN SYSTEMS CORPORATION,W912CH24F0244,2026-01-20,0.0,Department of Defense,Department of the Army,DELIVERY ORDER,2026-01-20,652.3305,661.858,-1.44,538.3207,2026-05-15,81,-17.48,764.6547,2026-03-02,28,17.22,42.04,7.0,20.0,28.0,,,,,1.04,2.38,3.26,5.79,7.25,6.2,12.11,15.05,5.5,2.68,-13.97
LDOS,"LEIDOS, INC.",N6883625F7K0W,2025-09-14,1231398.72,Department of Defense,Department of the Navy,DELIVERY ORDER,2025-09-15,181.2248,181.9488,-0.4,179.3204,2025-12-31,75,-1.05,197.9062,2025-11-04,36,9.2,10.36,13.0,,,,,,,-0.08,2.42,2.81,2.56,1.58,7.03,2.48,3.49,3.32,1.21,4.89
LMT,LOCKHEED MARTIN CORPORATION,N6339425C0005,2026-01-16,3531856.52,Department of Defense,Department of the Navy,DEFINITIVE CONTRACT,2026-01-16,575.6083,571.1216,0.79,503.2157,2026-05-08,77,-12.58,672.2988,2026-03-02,29,16.8,33.6,8.0,19.0,29.0,,,,,-1.09,1.97,-0.13,2.55,9.2,7.07,11.57,15.27,5.31,5.48,-7.28
PSN,PARSONS GOVERNMENT SERVICES INC.,HDTRA123F0050,2025-11-21,3472074.63,Department of Defense,Defense Threat Reduction Agency,DELIVERY ORDER,2025-11-21,81.68,82.0,-0.39,50.04,2026-03-20,80,-38.74,84.68,2025-11-28,4,3.67,69.22,,,,,,,,1.69,3.0,1.24,1.49,-22.66,-22.47,-23.19,-19.5,-13.2,-19.77,-30.97
ACN,ACCENTURE FEDERAL SERVICES LLC,70T03026F7667N012,2026-02-10,1306800.0,Department of Homeland Security,Transportation Security Administration,BPA CALL,2026-02-10,235.9969,231.9797,1.73,123.3469,2026-06-22,90,-47.73,235.9969,2026-02-10,0,0.0,91.33,,,,,,,,-4.33,-6.9,-7.16,-10.59,-20.49,-12.86,-18.6,-20.17,-18.77,-24.55,-47.73
GD,GENERAL DYNAMICS LAND SYSTEMS INC.,W31P4Q25F0244,2026-03-13,0.0,Department of Defense,Department of the Army,DELIVERY ORDER,2026-03-13,348.3616,352.0383,-1.04,311.1606,2026-04-27,30,-10.68,381.79,2026-07-23,90,9.6,22.7,76.0,,,,,,,0.81,0.52,-1.63,-1.5,-1.35,-0.69,-2.86,-10.68,-1.94,-1.2,9.6
BA,THE BOEING COMPANY,W58RGZ22F0407,2025-09-22,0.0,Department of Defense,Defense Contract Management Agency,DELIVERY ORDER,2025-09-22,212.09,215.65,-1.65,179.12,2025-11-24,45,-15.55,252.15,2026-01-23,85,18.89,40.77,12.0,76.0,78.0,,,,,2.0,0.68,2.35,1.47,3.6,-0.64,2.44,-3.56,-15.55,-2.54,10.2
BA,"BOEING AEROSPACE OPERATIONS, INC.",W58RGZ22F0126,2026-04-01,-323249.32,Department of Defense,Department of the Army,DELIVERY ORDER,2026-04-01,207.32,199.03,4.17,204.8,2026-07-21,75,-1.22,240.6,2026-05-13,29,16.05,17.48,4.0,14.0,29.0,,,,,0.43,1.29,6.15,7.15,5.58,11.56,9.68,10.56,3.92,3.55,12.5
IBM,INTERNATIONAL BUSINESS MACHINES CORPORATION,2032H524F00199,2025-12-18,900000.0,Department of the Treasury,Internal Revenue Service,DELIVERY ORDER,2025-12-18,294.4518,297.2645,-0.95,220.139,2026-02-23,43,-25.24,308.4467,2026-02-02,29,4.75,40.11,,,,,,,,0.18,1.11,1.54,0.53,-1.82,1.25,-0.97,-2.04,-20.49,-15.78,-22.68
PLTR,PALANTIR TECHNOLOGIES INC.,36C10B25F0313,2026-03-02,11520958.18,Department of Veterans Affairs,Department of Veterans Affairs,DELIVERY ORDER,2026-03-02,145.17,137.19,5.82,107.27,2026-06-25,80,-26.11,160.84,2026-03-23,15,10.79,49.94,2.0,15.0,,,,,,1.41,5.17,7.76,4.43,5.2,3.8,0.76,-6.52,-6.38,-8.72,-12.66
PSN,PARSONS GOVERNMENT SERVICES INC.,FA830721F0001,2025-09-19,0.0,Department of Defense,Department of the Air Force,DELIVERY ORDER,2025-09-19,81.9,81.43,0.58,60.2,2025-12-17,62,-26.5,89.29,2025-10-08,13,9.02,48.32,9.0,,,,,,,-0.7,-1.5,-0.54,1.25,6.81,6.73,3.76,1.51,-0.27,-24.77,-13.43
BA,THE BOEING COMPANY,FA813425F4402,2026-01-29,0.0,Department of Defense,Defense Contract Management Agency,DELIVERY ORDER,2026-01-29,234.04,241.59,-3.13,189.21,2026-03-30,41,-19.15,244.71,2026-02-09,7,4.56,29.33,,,,,,,,-0.14,-0.38,1.24,4.56,2.27,-0.14,-1.84,-10.32,-9.29,-1.16,-8.34
BA,BELL BOEING JOINT PROJECT OFFICE,N0001924F5029,2026-01-23,0.0,Department of Defense,Defense Contract Management Agency,DELIVERY ORDER,2026-01-23,252.15,251.41,0.29,189.21,2026-03-30,45,-24.96,252.15,2026-01-23,0,0.0,33.26,,,,,,,,-1.48,-4.19,-7.31,-7.54,-3.62,-5.08,-7.44,-10.77,-24.96,-13.08,-16.49
BA,THE BOEING COMPANY,FA813424F4201,2025-10-08,0.0,Department of Defense,Defense Contract Management Agency,DELIVERY ORDER,2025-10-08,225.32,221.82,1.58,179.12,2025-11-24,33,-20.5,252.15,2026-01-23,73,11.91,40.77,65.0,70.0,,,,,,-4.14,-4.33,-5.02,-5.49,-3.87,-0.88,-12.79,-17.58,-10.92,1.25,6.04
CACI,"CACI, INC. - FEDERAL",N0042122F0260,2025-09-15,3444252.35,Department of Defense,Department of the Navy,DELIVERY ORDER,2025-09-15,495.06,495.96,-0.18,476.24,2025-09-25,8,-3.8,662.19,2026-01-23,90,33.76,39.05,14.0,28.0,28.0,46.0,89.0,,,-0.75,0.29,1.36,0.44,-1.41,7.1,3.89,16.9,18.43,19.01,33.76
BA,THE BOEING COMPANY,N0001922F2068,2026-03-05,229776.26,Department of Defense,Department of the Navy,DELIVERY ORDER,2026-03-05,222.06,227.31,-2.31,189.21,2026-03-30,17,-14.79,240.6,2026-05-13,48,8.35,27.16,34.0,,,,,,,4.08,-1.94,-7.79,-3.87,-9.4,-10.11,-4.4,0.59,6.89,1.01,-1.77
GE,GENERAL ELECTRIC COMPANY,FA812225F0004,2025-12-03,2773625.84,Department of Defense,Department of the Air Force,DELIVERY ORDER,2025-12-03,287.3831,288.2099,-0.29,272.9098,2026-03-30,79,-5.04,344.8073,2026-03-02,59,19.98,26.34,12.0,20.0,52.0,,,,,1.17,-0.45,-1.7,3.92,1.28,9.37,12.55,12.83,9.92,15.96,9.1
NOC,NORTHROP GRUMMAN SYSTEMS CORPORATION,W52P1J19F0433,2025-08-25,0.0,Department of Defense,Department of the Army,DELIVERY ORDER,2025-08-25,577.6829,583.2948,-0.96,541.3857,2025-12-01,68,-6.28,630.571,2025-10-08,31,9.16,16.47,29.0,,,,,,,1.07,0.2,0.83,-0.8,-2.19,-1.69,0.31,6.36,1.81,-3.03,0.61
LDOS,LEIDOS BIOMEDICAL RESEARCH INC,75N91019F00138,2025-08-26,2014484.0,Department of Health and Human Services,National Institutes of Health,DELIVERY ORDER,2025-08-26,180.4545,179.7222,0.41,175.8627,2025-09-03,5,-2.54,197.9062,2025-11-04,49,9.67,12.53,25.0,,,,,,,0.57,-0.78,-2.54,-1.84,-1.09,0.34,0.22,8.95,3.41,3.97,7.68
BAH,BOOZ ALLEN HAMILTON INC,N0042125F3008,2025-11-05,811275.18,Department of Defense,Department of the Navy,DELIVERY ORDER,2025-11-05,84.7547,83.6293,1.35,73.705,2026-02-23,73,-13.04,100.6977,2026-01-23,53,18.81,36.62,22.0,44.0,53.0,,,,,-1.2,0.8,-2.03,-3.64,-6.52,-2.78,2.28,-0.04,12.47,-3.54,-7.88
LMT,LOCKHEED MARTIN CORPORATION,N0002420C5101,2025-09-30,0.0,Department of Defense,Department of the Navy,DEFINITIVE CONTRACT,2025-09-30,489.6455,482.5541,1.47,434.0461,2025-12-01,43,-11.36,630.8141,2026-02-09,90,28.83,45.33,67.0,71.0,73.0,81.0,,,,-0.04,1.06,2.38,1.71,1.2,1.34,-2.78,-8.44,-9.82,-1.96,28.83
LMT,LOCKHEED MARTIN CORPORATION,FA239124CB040,2026-03-23,1000000.0,Department of Defense,Department of the Air Force,DEFINITIVE CONTRACT,2026-03-23,612.2419,623.3492,-1.78,491.64,2026-06-24,64,-19.7,633.7512,2026-04-06,9,3.51,28.91,,,,,,,,-0.99,1.8,-2.87,0.23,1.86,0.56,-9.87,-17.42,-13.81,-13.05,-4.82
BAH,BOOZ ALLEN HAMILTON INC,FA862023F4001,2026-02-26,-103940.51,Department of Defense,Department of the Air Force,DELIVERY ORDER,2026-02-26,79.1738,74.5486,6.2,59.71,2026-06-25,82,-24.58,83.4516,2026-04-07,27,5.4,39.76,27.0,,,,,,,-1.18,-0.71,0.04,2.08,-3.33,-1.39,-1.6,-2.01,-1.83,-1.37,-20.83
BA,THE BOEING COMPANY,FA813423FB005,2026-03-02,0.0,Department of Defense,Defense Contract Management Agency,DELIVERY ORDER,2026-03-02,229.74,227.53,0.97,189.21,2026-03-30,20,-17.64,240.6,2026-05-13,51,4.73,27.16,,,,,,,,-2.45,-3.34,-2.06,-6.81,-7.08,-15.07,-13.37,-2.6,-2.33,-2.37,-3.25
GD,"GENERAL DYNAMICS INFORMATION TECHNOLOGY, INC.",FA872625FB025,2026-02-26,0.0,Department of Defense,Department of the Air Force,BPA CALL,2026-02-26,347.5688,340.0569,2.21,311.1606,2026-04-27,41,-10.48,376.88,2026-07-06,88,8.43,21.12,87.0,,,,,,,1.8,3.99,2.85,3.21,1.29,0.75,-1.13,-4.0,-0.93,-1.78,7.69
LDOS,"LEIDOS, INC.",N6883625F7M5L,2026-01-23,200128.06,Department of Defense,Department of the Navy,DELIVERY ORDER,2026-01-23,190.0856,192.2923,-1.15,122.6069,2026-05-21,82,-35.5,193.5547,2026-02-10,12,1.83,57.87,,,,,,,,-0.9,-1.81,-1.54,-0.75,0.92,-10.35,-8.94,-6.11,-19.17,-19.69,-34.81
LDOS,"LEIDOS, INC.",31310021F0150,2026-04-01,300000.0,Nuclear Regulatory Commission,Nuclear Regulatory Commission,BPA CALL,2026-04-01,155.4608,154.9726,0.32,100.0,2026-06-25,58,-35.68,160.0746,2026-04-08,4,2.97,60.07,,,,,,,,1.8,1.83,-0.24,1.01,0.29,-3.4,-4.35,-19.52,-20.24,-35.39,-9.37
NOC,NORTHROP GRUMMAN SYSTEMS CORPORATION,HQ014719C0005,2026-02-12,577180.11,Department of Defense,Missile Defense Agency,DEFINITIVE CONTRACT,2026-02-12,689.8051,673.6978,2.39,503.01,2026-06-24,90,-27.08,764.6547,2026-03-02,11,10.85,52.02,4.0,11.0,,,,,,1.08,4.28,4.1,5.04,4.55,6.81,6.22,-2.0,-5.18,-20.88,-27.08
LMT,LOCKHEED MARTIN CORPORATION,H9225425FE052,2026-03-12,35311.54,Department of Defense,U.S. Special Operations Command,DELIVERY ORDER,2026-03-12,648.584,645.2458,0.52,491.64,2026-06-24,71,-24.2,648.584,2026-03-12,0,0.0,31.92,,,,,,,,-1.05,-2.53,-2.35,-5.6,-3.91,-5.39,-5.08,-21.35,-20.96,-19.81,-20.69
HII,HUNTINGTON INGALLS INC,N0002409C2116,2025-09-08,0.0,Department of Defense,Department of the Navy,DEFINITIVE CONTRACT,2025-09-08,266.7654,267.9414,-0.44,263.9292,2025-09-09,1,-1.06,415.7595,2026-01-15,90,55.85,57.53,16.0,34.0,38.0,46.0,74.0,88.0,,-1.06,2.27,1.14,0.93,2.3,3.27,5.72,5.86,18.05,14.3,55.85
GD,"GENERAL DYNAMICS INFORMATION TECHNOLOGY, INC.",692M1524F00188,2026-02-02,0.0,Department of Transportation,Federal Aviation Administration,DELIVERY ORDER,2026-02-02,343.2579,347.9355,-1.34,311.1606,2026-04-27,58,-9.35,362.8304,2026-03-04,21,5.7,16.61,19.0,,,,,,,2.58,1.64,3.96,-0.01,-1.11,0.75,5.7,2.86,1.05,-1.75,4.09
PSN,PARSONS GOVERNMENT SERVICES INC.,89233123FNA000125,2025-09-04,0.0,Department of Energy,Department of Energy,BPA CALL,2025-09-04,73.9,78.68,-6.08,60.2,2025-12-17,73,-18.54,89.29,2025-10-08,24,20.83,48.32,9.0,9.0,19.0,24.0,,,,2.37,0.81,2.98,3.09,10.19,9.16,18.38,12.54,11.07,14.59,-6.39
NOC,NORTHROP GRUMMAN SYSTEMS CORP,FA811025F0008,2025-11-20,0.0,Department of Defense,Department of the Air Force,DELIVERY ORDER,2025-11-20,560.7876,558.4648,0.42,541.3857,2025-12-01,6,-3.46,764.6547,2026-03-02,67,36.35,41.24,29.0,34.0,36.0,44.0,60.0,,,-0.11,0.36,0.86,-3.2,-2.85,-0.89,3.47,8.06,21.96,30.41,24.72
NOC,NORTHROP GRUMMAN SYSTEMS CORPORATION,FA830721F0002,2025-08-18,48188.97,Department of Defense,Department of the Air Force,DELIVERY ORDER,2025-08-18,575.7925,574.9457,0.15,541.3857,2025-12-01,73,-5.98,630.571,2025-10-08,36,9.51,16.47,34.0,,,,,,,0.24,2.12,0.33,0.31,1.17,-0.11,-0.94,4.6,2.89,-2.71,0.37
LDOS,"LEIDOS, INC.",75N94024F00001,2026-03-10,17400000.0,Department of Health and Human Services,National Institutes of Health,DELIVERY ORDER,2026-03-10,171.4776,178.4655,-3.92,100.0,2026-06-25,74,-41.68,172.8195,2026-03-13,3,0.78,72.82,,,,,,,,0.5,0.78,-1.8,-3.56,-7.61,-10.4,-9.56,-12.42,-27.84,-27.61,-37.59
BAH,BOOZ ALLEN HAMILTON INC,70B03C25F00001199,2025-09-29,4622169.39,Department of Homeland Security,U.S. Customs and Border Protection,DELIVERY ORDER,2025-09-29,96.7716,96.9575,-0.19,78.7024,2025-11-20,38,-18.67,101.8113,2025-10-07,6,5.21,29.36,4.0,,,,,,,1.07,4.27,4.8,4.09,-2.63,-0.86,-13.48,-11.72,-16.9,-13.84,-9.4
BA,THE BOEING COMPANY,FA880819C0001,2025-12-22,0.0,Department of Defense,Department of the Air Force,DEFINITIVE CONTRACT,2025-12-22,216.84,214.08,1.29,189.21,2026-03-30,66,-12.74,252.15,2026-01-23,21,16.28,33.26,7.0,13.0,19.0,,,,,0.0,-0.18,0.77,5.04,5.2,12.78,16.28,9.27,4.93,-10.02,2.06
CACI,"CACI, INC. - FEDERAL",47QFCA24F0005,2026-01-08,973236.0,General Services Administration,Federal Acquisition Service,DELIVERY ORDER,2026-01-08,584.09,562.79,3.78,480.99,2026-05-08,83,-17.65,662.19,2026-01-23,10,13.37,37.67,5.0,9.0,,,,,,2.54,3.51,7.43,7.71,13.37,6.68,9.1,-2.24,3.64,-2.56,-15.54
LMT,LOCKHEED MARTIN CORPORATION,N0001925F0041,2025-09-11,825724.72,Department of Defense,Department of the Navy,DELIVERY ORDER,2025-09-11,461.7112,454.9826,1.48,434.0461,2025-12-01,56,-5.99,579.3638,2026-01-21,90,25.48,33.48,13.0,80.0,83.0,86.0,,,,0.12,0.76,0.61,2.05,2.89,6.01,7.29,3.68,-3.16,-3.21,25.48
BAH,BOOZ ALLEN HAMILTON INC,HC104722F0052,2025-09-18,0.0,Department of Defense,Defense Information Systems Agency,DELIVERY ORDER,2025-09-18,99.0419,99.404,-0.36,78.7024,2025-11-20,45,-20.54,101.8113,2025-10-07,13,2.8,29.36,,,,,,,,0.92,-2.85,-3.64,-2.29,1.88,1.7,-3.13,-18.17,-20.54,-7.73,-9.4
BA,THE BOEING COMPANY,FA880819C0001,2026-01-29,0.0,Department of Defense,Department of the Air Force,DEFINITIVE CONTRACT,2026-01-29,234.04,241.59,-3.13,189.21,2026-03-30,41,-19.15,244.71,2026-02-09,7,4.56,29.33,,,,,,,,-0.14,-0.38,1.24,4.56,2.27,-0.14,-1.84,-10.32,-9.29,-1.16,-8.34
BAH,BOOZ ALLEN HAMILTON INC,70RSAT18FR0000150,2025-12-11,-45077.66,Department of Homeland Security,Office of Procurement Operations,DELIVERY ORDER,2025-12-11,92.9654,91.6258,1.46,73.705,2026-02-23,48,-20.72,100.6977,2026-01-23,28,8.32,36.62,28.0,,,,,,,-1.7,-9.51,-8.87,-8.36,-9.53,-10.06,0.99,-5.11,-16.42,-18.92,-15.65
HON,HONEYWELL INTERNATIONAL INC.,N0038325CD027,2026-02-03,0.0,Department of Defense,Department of the Navy,DEFINITIVE CONTRACT,2026-02-03,239.6575,236.1806,1.47,215.9203,2026-06-10,88,-9.9,258.7145,2026-03-02,18,7.95,19.82,5.0,,,,,,,1.92,3.24,5.38,3.86,4.43,5.5,3.75,0.07,2.74,-6.72,-3.59
NOC,NORTHROP GRUMMAN SYSTEMS CORPORATION,N3225325C1005,2025-09-26,0.0,Department of Defense,Department of the Navy,DEFINITIVE CONTRACT,2025-09-26,587.6434,578.9947,1.49,541.3857,2025-12-01,45,-7.87,699.65,2026-02-03,88,19.06,29.23,8.0,75.0,84.0,,,,,-0.09,1.83,2.53,4.56,4.87,0.75,0.24,-4.36,-7.87,-1.26,17.63
BAH,BOOZ ALLEN HAMILTON INC,47QFWA21F0008,2026-01-12,0.0,General Services Administration,Federal Acquisition Service,DELIVERY ORDER,2026-01-12,95.3196,94.7384,0.61,71.0549,2026-05-13,84,-25.46,100.6977,2026-01-23,8,5.64,41.72,8.0,,,,,,,-1.51,0.35,-3.42,-1.04,-7.45,-9.58,-17.55,-21.79,-18.09,-17.19,-20.5
LDOS,"LEIDOS, INC.",FA861225FB008,2025-09-26,0.0,Department of Defense,Department of the Air Force,DELIVERY ORDER,2025-09-26,183.3769,180.8578,1.39,179.3204,2025-12-31,66,-2.21,197.9062,2025-11-04,27,7.92,10.36,5.0,,,,,,,0.38,3.64,5.78,6.54,1.69,-0.26,2.28,6.53,1.9,0.85,0.87
LDOS,"LEIDOS, INC.",28321322FDS030130,2025-08-22,-314482.95,Social Security Administration,Social Security Administration,DELIVERY ORDER,2025-08-22,179.8508,178.5643,0.72,175.8627,2025-09-03,7,-2.22,197.9062,2025-11-04,51,10.04,12.53,27.0,51.0,,,,,,-0.07,0.91,-0.45,-2.22,-1.83,1.17,3.18,9.21,4.28,4.11,-0.29
NOC,NORTHROP GRUMMAN SYSTEMS CORPORATION,N0001923F0041,2025-08-20,0.0,Department of Defense,Department of the Navy,DELIVERY ORDER,2025-08-20,583.3934,577.1807,1.08,541.3857,2025-12-01,71,-7.2,630.571,2025-10-08,34,8.09,16.47,33.0,,,,,,,0.79,-0.98,-1.0,-0.42,-1.77,-1.75,-2.91,2.51,2.63,-5.46,-1.71
LMT,LOCKHEED MARTIN CORPORATION,N0001922C0041,2025-09-19,12895615.9,Department of Defense,Department of the Navy,DEFINITIVE CONTRACT,2025-09-19,463.8789,464.5458,-0.14,434.0461,2025-12-01,50,-6.43,615.2189,2026-01-29,90,32.62,41.74,7.0,74.0,77.0,80.0,90.0,,,1.58,2.81,3.07,5.55,6.67,7.36,6.97,4.0,-2.57,3.21,32.62
CACI,"CACI, LLC - COMMERCIAL",15JPSS20F00000853,2025-12-05,295000.0,Department of Justice,"Offices, Boards and Divisions",DELIVERY ORDER,2025-12-05,595.65,605.6,-1.64,527.16,2026-04-17,90,-11.5,662.19,2026-01-23,32,11.17,25.61,27.0,31.0,,,,,,-0.37,0.13,-3.89,-5.95,-6.55,-9.01,-5.52,6.2,-3.83,2.83,-11.5
LMT,LOCKHEED MARTIN CORPORATION,N0001923F0030,2025-09-30,0.0,Department of Defense,Department of the Navy,DELIVERY ORDER,2025-09-30,489.6455,482.5541,1.47,434.0461,2025-12-01,43,-11.36,630.8141,2026-02-09,90,28.83,45.33,67.0,71.0,73.0,81.0,,,,-0.04,1.06,2.38,1.71,1.2,1.34,-2.78,-8.44,-9.82,-1.96,28.83
LMT,LOCKHEED MARTIN CORPORATION,FA811923F0032,2026-01-16,0.0,Department of Defense,Department of the Air Force,DELIVERY ORDER,2026-01-16,575.6083,571.1216,0.79,503.2157,2026-05-08,77,-12.58,672.2988,2026-03-02,29,16.8,33.6,8.0,19.0,29.0,,,,,-1.09,1.97,-0.13,2.55,9.2,7.07,11.57,15.27,5.31,5.48,-7.28
GD,"GENERAL DYNAMICS INFORMATION TECHNOLOGY, INC.",W900KK24F0014,2025-09-30,6500000.0,Department of Defense,Department of the Army,DELIVERY ORDER,2025-09-30,335.0884,326.4115,2.66,326.2867,2025-10-16,12,-2.63,364.0791,2026-01-16,75,8.65,11.58,67.0,,,,,,,-0.07,0.77,0.71,0.52,-1.18,-0.68,1.17,3.8,-0.42,1.73,6.5
LMT,LOCKHEED MARTIN CORPORATION,FA868224FB008,2025-11-24,0.0,Department of Defense,Department of the Air Force,DELIVERY ORDER,2025-11-24,442.4181,451.9518,-2.11,434.0461,2025-12-01,4,-1.89,672.2988,2026-03-02,65,51.96,54.89,12.0,26.0,28.0,31.0,36.0,65.0,,0.3,1.51,-1.3,0.15,4.3,8.21,8.51,15.81,41.67,47.57,40.96
LMT,LOCKHEED MARTIN CORPORATION,N0002421C6113,2025-11-17,0.0,Department of Defense,Department of the Navy,DEFINITIVE CONTRACT,2025-11-17,461.7603,456.8463,1.08,434.0461,2025-12-01,9,-6.0,672.2988,2026-03-02,70,45.59,54.89,31.0,33.0,36.0,39.0,49.0,,,0.84,-0.54,-4.19,-3.53,-5.44,-0.4,1.62,3.52,26.45,39.67,28.78
GD,GENERAL DYNAMICS LAND SYSTEMS INC.,W912CH25F0351,2026-04-01,1803717.0,Department of Defense,Department of the Army,DELIVERY ORDER,2026-04-01,347.3805,340.1362,2.13,311.1606,2026-04-27,17,-10.43,395.97,2026-08-10,89,13.99,27.26,63.0,78.0,,,,,,-0.41,-0.6,-1.89,-2.34,-4.01,-8.07,-0.88,-2.38,-0.71,-0.24,12.81
LDOS,"LEIDOS, INC.",N6883625F7K9T,2025-09-15,1575012.6,Department of Defense,Department of the Navy,DELIVERY ORDER,2025-09-15,181.2248,181.9488,-0.4,179.3204,2025-12-31,75,-1.05,197.9062,2025-11-04,36,9.2,10.36,13.0,,,,,,,-0.08,2.42,2.81,2.56,1.58,7.03,2.48,3.49,3.32,1.21,4.89
BA,THE BOEING COMPANY,FA880819C0001,2026-01-08,14264.5,Department of Defense,Department of the Air Force,DEFINITIVE CONTRACT,2026-01-08,227.38,228.12,-0.32,189.21,2026-03-30,55,-16.79,252.15,2026-01-23,10,10.89,33.26,2.0,9.0,,,,,,3.14,7.55,8.95,9.51,10.89,2.93,7.62,1.35,-6.12,-7.64,-5.44
LMT,LOCKHEED MARTIN CORPORATION,H9225419F2181,2025-12-10,0.0,Department of Defense,U.S. Special Operations Command,DELIVERY ORDER,2025-12-10,462.4593,461.4216,0.22,462.4593,2025-12-10,0,0.0,672.2988,2026-03-02,54,45.37,45.37,15.0,17.0,20.0,23.0,33.0,,,1.48,3.52,1.46,1.32,3.81,3.36,17.8,24.3,38.82,39.9,19.32
LMT,LOCKHEED MARTIN CORP,FA862526FB006,2025-12-23,51980981.41,Department of Defense,Department of the Air Force,DELIVERY ORDER,2025-12-23,476.8982,477.9062,-0.21,476.8982,2025-12-23,0,0.0,672.2988,2026-03-02,45,40.97,40.97,7.0,11.0,13.0,16.0,25.0,,,0.66,1.31,0.23,6.01,7.44,18.68,20.54,29.23,40.97,28.38,6.02
LDOS,LEIDOS BIOMEDICAL RESEARCH INC,75N91023F00013,2025-12-12,-45853.0,Department of Health and Human Services,National Institutes of Health,DELIVERY ORDER,2025-12-12,188.1671,188.9606,-0.42,145.5459,2026-04-24,90,-22.65,197.153,2026-01-09,18,4.78,35.46,,,,,,,,-1.77,-4.19,-2.44,-1.57,-2.01,3.27,0.8,-0.81,-6.88,-8.18,-22.65
GD,"GENERAL DYNAMICS INFORMATION TECHNOLOGY, INC.",15PTDD24F00000006,2025-08-21,-22653.66,Department of Justice,Office of Justice Programs,BPA CALL,2025-08-21,311.0426,311.9761,-0.3,311.0426,2025-08-21,0,0.0,349.165,2025-10-27,46,12.26,12.26,27.0,45.0,,,,,,0.97,1.78,2.65,2.48,2.0,4.14,1.94,8.56,11.3,9.24,7.72
BAH,BOOZ ALLEN HAMILTON INC,47QFHA25F0003,2025-09-12,1354192.19,General Services Administration,Federal Acquisition Service,DELIVERY ORDER,2025-09-12,102.3789,101.6156,0.75,78.7024,2025-11-20,49,-23.13,102.3789,2025-09-12,0,0.0,30.08,,,,,,,,-2.87,-2.91,-2.37,-6.01,-5.3,-1.44,-7.96,-12.64,-20.23,-12.12,-7.87
LMT,LOCKHEED MARTIN CORPORATION,HR001123C0066,2025-09-30,1200000.0,Department of Defense,Defense Advanced Research Projects Agency,DEFINITIVE CONTRACT,2025-09-30,489.6455,482.5541,1.47,434.0461,2025-12-01,43,-11.36,630.8141,2026-02-09,90,28.83,45.33,67.0,71.0,73.0,81.0,,,,-0.04,1.06,2.38,1.71,1.2,1.34,-2.78,-8.44,-9.82,-1.96,28.83
LMT,LOCKHEED MARTIN CORPORATION,N0001926F1009,2025-12-15,2968364.0,Department of Defense,Department of the Navy,DELIVERY ORDER,2025-12-15,478.7463,474.6251,0.87,464.6336,2025-12-18,3,-2.95,672.2988,2026-03-02,51,40.43,44.69,13.0,17.0,19.0,22.0,31.0,,,-1.52,-2.95,-0.18,0.27,0.74,7.77,19.3,28.51,35.89,34.06,6.53
ACN,ACCENTURE FEDERAL SERVICES LLC,FA810023F0001,2026-02-25,0.0,Department of Defense,Department of the Air Force,DELIVERY ORDER,2026-02-25,187.6335,192.7579,-2.66,122.9615,2026-06-30,86,-34.47,210.6591,2026-03-06,7,12.27,71.32,1.0,6.0,,,,,,8.29,7.54,9.66,12.27,5.21,3.74,2.57,-2.03,-5.89,-6.33,-25.15
HII,HUNTINGTON INGALLS INC,N6279325F0003,2025-12-18,3450000.0,Department of Defense,Department of the Navy,DELIVERY ORDER,2025-12-18,320.2419,318.9118,0.42,320.2419,2025-12-18,0,0.0,451.7788,2026-03-02,48,41.07,41.07,2.0,4.0,13.0,15.0,19.0,,,4.34,9.88,8.83,6.0,12.66,19.95,31.01,33.17,35.01,33.07,13.27
PLTR,PALANTIR USG INC,77344425C0009,2025-08-14,7888965.54,U.S. International Development Finance Corporation,U.S. International Development Finance Corporation,DEFINITIVE CONTRACT,2025-08-14,181.02,184.37,-1.82,153.11,2025-09-05,15,-15.42,207.18,2025-11-03,56,14.45,35.31,53.0,55.0,,,,,,-2.13,-12.85,-13.72,-13.18,-12.65,-13.74,-5.42,-1.91,-1.59,-1.71,7.16
LMT,LOCKHEED MARTIN CORPORATION,N0003024C0100,2025-12-04,0.0,Department of Defense,Department of the Navy,DEFINITIVE CONTRACT,2025-12-04,443.0988,441.5669,0.35,443.0988,2025-12-04,0,0.0,672.2988,2026-03-02,58,51.73,51.73,5.0,19.0,21.0,24.0,31.0,58.0,,0.86,4.14,5.92,8.05,4.86,8.34,16.44,28.48,40.42,48.99,36.21
CACI,"CACI, INC. - FEDERAL",W519TC23F0281,2025-12-15,3300000.0,Department of Defense,Department of the Army,DELIVERY ORDER,2025-12-15,567.41,572.45,-0.88,501.9,2026-04-27,90,-11.55,662.19,2026-01-23,26,16.7,31.94,17.0,21.0,25.0,,,,,-1.27,-3.25,-3.07,-4.05,-5.01,-1.4,10.59,9.82,3.28,6.93,-11.55
GE,GENERAL ELECTRIC COMPANY,SPRTA121F0105,2026-02-11,-447503.28,Department of Defense,Defense Logistics Agency,DELIVERY ORDER,2026-02-11,312.8836,315.4766,-0.82,272.9098,2026-03-30,32,-12.78,357.1948,2026-06-18,88,14.16,30.88,4.0,8.0,,,,,,-0.27,4.26,6.7,8.05,8.64,8.31,-4.34,-8.95,-2.92,-5.15,13.79
HII,HUNTINGTON INGALLS INCORPORATED,N0002422C2319,2025-09-10,1470353.0,Department of Defense,Department of the Navy,DEFINITIVE CONTRACT,2025-09-10,268.732,263.9292,1.82,268.0601,2025-09-25,11,-0.25,422.7474,2026-01-16,89,57.31,57.71,14.0,32.0,36.0,65.0,72.0,86.0,,1.52,0.4,0.19,1.18,2.05,5.88,5.23,4.31,16.9,16.67,53.5
BAH,BOOZ ALLEN HAMILTON INC,N6600124F3514,2026-01-05,3909639.83,Department of Defense,Department of the Navy,DELIVERY ORDER,2026-01-05,88.0009,83.6176,5.24,71.0549,2026-05-13,89,-19.26,100.6977,2026-01-23,13,14.43,41.72,3.0,13.0,,,,,,0.78,5.46,8.32,7.85,4.61,5.14,-4.81,-11.7,-14.35,-9.35,-17.24
BA,THE BOEING COMPANY,N0038324FUQ00,2025-11-05,0.0,Department of Defense,Department of the Navy,DELIVERY ORDER,2025-11-05,197.62,198.05,-0.22,179.12,2025-11-24,13,-9.36,252.15,2026-01-23,53,27.59,40.77,30.0,34.0,39.0,45.0,,,,-0.57,-1.42,-1.07,-1.57,-6.03,-7.68,2.16,5.39,21.35,17.98,4.24
PLTR,PALANTIR USG INC,W900KK25FA125,2026-03-31,0.0,Department of Defense,Department of the Army,DELIVERY ORDER,2026-03-31,146.28,137.55,6.35,107.27,2026-06-25,59,-26.67,175.23,2026-08-10,90,19.79,63.35,41.0,86.0,89.0,,,,,0.14,1.13,-3.77,-12.46,-2.82,-0.21,-4.9,-11.1,-3.13,-22.8,19.79
LMT,LOCKHEED MARTIN CORPORATION,N0003025C6045,2025-11-24,0.0,Department of Defense,Department of the Navy,DEFINITIVE CONTRACT,2025-11-24,442.4181,451.9518,-2.11,434.0461,2025-12-01,4,-1.89,672.2988,2026-03-02,65,51.96,54.89,12.0,26.0,28.0,31.0,36.0,65.0,,0.3,1.51,-1.3,0.15,4.3,8.21,8.51,15.81,41.67,47.57,40.96
LDOS,"LEIDOS, INC.",HC102826F0012,2025-12-17,4549889.64,Department of Defense,Defense Information Systems Agency,DELIVERY ORDER,2025-12-17,180.2747,181.0699,-0.44,143.7323,2026-04-27,88,-20.27,197.153,2026-01-09,15,9.36,37.17,11.0,,,,,,,-0.09,2.58,2.91,2.28,1.16,7.64,5.27,3.68,-3.99,-6.6,-19.35
BAH,BOOZ ALLEN HAMILTON INC,FA875018F0004,2025-09-15,-22999.64,Department of Defense,Defense Contract Management Agency,DELIVERY ORDER,2025-09-15,99.4431,102.3789,-2.87,78.7024,2025-11-20,48,-20.86,101.8113,2025-10-07,16,2.38,29.36,,,,,,,,0.21,-0.4,-1.8,-2.3,-2.69,2.36,-3.76,-14.85,-19.11,-10.33,1.26
BA,THE BOEING COMPANY,W58RGZ20F0243,2025-10-30,-677182.33,Department of Defense,Department of the Army,DELIVERY ORDER,2025-10-30,200.08,213.58,-6.32,179.12,2025-11-24,17,-10.48,252.15,2026-01-23,57,26.02,40.77,35.0,43.0,48.0,50.0,,,,0.47,-1.01,-1.79,-2.63,-2.75,-7.19,-6.81,2.15,14.87,20.75,2.34
GD,GENERAL DYNAMICS LAND SYSTEMS INC.,W56HZV21F0136,2026-01-20,-1544293.0,Department of Defense,Department of the Army,DELIVERY ORDER,2026-01-20,355.9429,364.0791,-2.23,311.1606,2026-04-27,67,-12.58,363.3259,2026-01-27,5,2.07,16.76,,,,,,,,1.56,1.14,2.07,-2.57,-1.07,0.26,-1.34,1.94,-1.86,-6.32,-2.99
AVAV,"AEROVIRONMENT, INC",W58RGZ26F0064,2026-01-14,0.0,Department of Defense,Department of the Army,DELIVERY ORDER,2026-01-14,381.8,363.86,4.93,158.0,2026-05-15,84,-58.62,392.86,2026-01-16,2,2.9,148.65,,,,,,,,-0.85,-13.33,-18.25,-20.73,-23.2,-32.61,-36.13,-33.93,-48.21,-49.09,-52.26
NOC,NORTHROP GRUMMAN SYSTEMS CORPORATION,HQ085622F0003,2026-03-26,219.35,Department of Defense,Missile Defense Agency,DELIVERY ORDER,2026-03-26,688.9578,688.1812,0.11,496.02,2026-06-29,64,-28.0,699.4217,2026-04-02,5,1.52,41.01,,,,,,,,-1.88,-1.41,1.52,-0.22,-2.64,-2.78,-16.87,-20.59,-21.73,-25.51,-19.09
LMT,LOCKHEED MARTIN CORPORATION,FA854025FB034,2025-09-22,4126694.0,Department of Defense,Department of the Air Force,DELIVERY ORDER,2025-09-22,471.1861,463.8789,1.58,434.0461,2025-12-01,49,-7.88,626.7917,2026-01-30,90,33.02,44.41,9.0,76.0,77.0,79.0,89.0,,,1.31,0.82,2.41,3.87,7.05,5.13,1.9,1.57,-6.11,0.06,33.02
NOC,NORTHROP GRUMMAN SYSTEMS CORPORATION,HQ085421F0029,2025-12-08,11503717.52,Department of Defense,Missile Defense Agency,DELIVERY ORDER,2025-12-08,549.3748,544.8195,0.84,546.467,2025-12-09,1,-0.53,764.6547,2026-03-02,56,39.19,39.93,10.0,18.0,25.0,27.0,48.0,,,-0.53,1.17,4.02,1.92,5.62,4.38,6.73,21.11,25.56,37.03,19.06
TXT,BELL TEXTRON INC,SPE4A525F076Q,2025-08-25,1148399.3,Department of Defense,Defense Logistics Agency,DELIVERY ORDER,2025-08-25,80.6869,81.4562,-0.94,79.3674,2025-10-30,47,-1.64,90.8408,2025-12-22,83,12.58,14.46,26.0,82.0,,,,,,0.77,-0.37,-1.52,0.71,-0.28,1.84,2.5,5.31,-0.98,-1.1,7.84
LDOS,LEIDOS BIOMEDICAL RESEARCH INC,75N91025F00017,2025-09-29,5583900.0,Department of Health and Human Services,National Institutes of Health,DELIVERY ORDER,2025-09-29,184.0811,183.3769,0.38,179.3204,2025-12-31,65,-2.59,197.9062,2025-11-04,26,7.51,10.36,4.0,,,,,,,1.8,3.92,6.7,6.8,0.18,-0.59,1.19,6.07,0.79,0.61,4.21
CACI,"CACI, INC. - FEDERAL",FA701425F0001,2025-10-21,0.0,Department of Defense,Department of the Air Force,DELIVERY ORDER,2025-10-21,533.69,526.84,1.3,520.16,2025-10-22,1,-2.54,662.19,2026-01-23,64,24.08,27.31,2.0,11.0,25.0,63.0,,,,-2.54,9.72,7.27,5.54,9.57,10.9,12.96,11.09,2.01,19.06,18.0
HON,HONEYWELL INTERNATIONAL INC.,SPRDL124F0051,2026-03-05,0.0,Department of Defense,Defense Logistics Agency,DELIVERY ORDER,2026-03-05,248.6388,256.5554,-3.09,215.9203,2026-06-10,67,-13.16,250.9648,2026-03-10,3,0.94,16.23,,,,,,,,-1.3,0.94,-2.09,-1.62,-3.92,-5.28,-4.27,-2.03,-10.6,-0.23,-10.38
NOC,NORTHROP GRUMMAN SYSTEMS CORPORATION,W519TC24F0158,2025-09-23,9366136.96,Department of Defense,Department of the Army,DELIVERY ORDER,2025-09-23,570.4052,569.4859,0.16,541.3857,2025-12-01,48,-5.09,690.0928,2026-01-29,88,20.98,27.47,5.0,11.0,80.0,88.0,,,,1.59,3.02,5.59,4.84,7.72,7.24,3.36,0.01,-1.33,-1.84,19.19
BAH,BOOZ ALLEN HAMILTON INC,FA865021F2202,2025-09-16,189521.0,Department of Defense,Department of the Air Force,DELIVERY ORDER,2025-09-16,99.6486,99.4431,0.21,78.7024,2025-11-20,47,-21.02,101.8113,2025-10-07,15,2.17,29.36,,,,,,,,-0.25,0.3,-3.44,-4.22,-1.85,1.78,-5.38,-15.98,-19.97,-8.05,-7.15
NOC,NORTHROP GRUMMAN SYSTEMS CORPORATION,N6660420F3007,2025-08-27,0.0,Department of Defense,Department of the Navy,DELIVERY ORDER,2025-08-27,577.5549,583.866,-1.08,541.3857,2025-12-01,66,-6.26,630.571,2025-10-08,29,9.18,16.47,27.0,,,,,,,0.22,0.86,-0.78,-0.41,-0.23,-1.24,1.75,8.68,-0.98,-2.9,4.92
BA,THE BOEING COMPANY,N0001914C0067,2025-10-02,0.0,Department of Defense,Defense Contract Management Agency,DEFINITIVE CONTRACT,2025-10-02,217.43,215.2,1.04,179.12,2025-11-24,37,-17.62,252.15,2026-01-23,77,15.97,40.77,65.0,69.0,75.0,,,,,-0.52,2.02,-0.66,-0.86,-2.55,-0.39,-7.55,-10.51,-7.15,-0.08,8.66
GE,GENERAL ELECTRIC COMPANY,W58RGZ25F0436,2025-09-18,9429992.0,Department of Defense,Department of the Army,DELIVERY ORDER,2025-09-18,295.5889,288.0373,2.62,282.5118,2025-12-10,58,-4.42,326.6564,2026-01-06,75,10.51,15.63,27.0,75.0,,,,,,1.36,2.87,0.03,-1.04,0.92,1.97,1.15,4.73,-2.06,1.04,-1.32
GE,GENERAL ELECTRIC COMPANY,SPE4A226F1878,2026-03-27,30985445.9,Department of Defense,Defense Logistics Agency,DELIVERY ORDER,2026-03-27,282.4579,284.8849,-0.85,272.9098,2026-03-30,1,-3.38,381.22,2026-08-05,89,34.97,39.69,7.0,8.0,47.0,54.0,61.0,,,-3.38,3.49,2.08,8.93,10.29,7.54,2.26,6.35,12.34,29.37,32.6
BAH,BOOZ ALLEN HAMILTON INC,70B04C25F00000223,2026-03-06,0.0,Department of Homeland Security,U.S. Customs and Border Protection,BPA CALL,2026-03-06,81.278,79.2036,2.62,59.71,2026-06-25,76,-26.54,83.4516,2026-04-07,21,2.67,39.76,,,,,,,,-0.56,-7.27,-4.42,-5.82,-2.37,-1.9,2.67,-1.44,-8.47,-1.9,-19.71
BA,THE BOEING COMPANY,W58RGZ25F0163,2026-01-26,0.0,Department of Defense,Department of the Army,DELIVERY ORDER,2026-01-26,248.43,252.15,-1.48,189.21,2026-03-30,44,-23.84,248.43,2026-01-26,0,0.0,31.3,,,,,,,,-1.56,-5.79,-6.2,-5.02,-1.5,-2.2,-7.27,-12.35,-19.88,-6.9,-12.48
BA,THE BOEING COMPANY,FA813425F4202,2025-09-19,21024.81,Department of Defense,Department of the Air Force,DELIVERY ORDER,2025-09-19,215.65,215.66,-0.0,179.12,2025-11-24,46,-16.94,252.15,2026-01-23,86,16.93,40.77,72.0,78.0,83.0,,,,,-1.65,-0.26,2.6,0.08,0.3,0.16,0.54,-6.78,-16.67,-4.71,8.53
GE,GENERAL ELECTRIC COMPANY,FA239124CB006,2026-03-25,234797.2,Department of Defense,Department of the Air Force,DEFINITIVE CONTRACT,2026-03-25,296.1908,290.2682,2.04,272.9098,2026-03-30,3,-7.86,378.68,2026-07-06,69,27.85,38.76,10.0,49.0,56.0,58.0,,,,-3.82,-7.86,-1.31,-2.65,5.55,5.86,-4.03,2.05,9.17,19.75,27.38
BAH,BOOZ ALLEN HAMILTON INC,N0042125F3014,2026-01-14,105688.62,Department of Defense,Department of the Navy,DELIVERY ORDER,2026-01-14,94.9059,93.8815,1.09,71.0549,2026-05-13,82,-25.13,100.6977,2026-01-23,6,6.1,41.72,6.0,,,,,,,0.79,-3.0,-0.61,-2.51,-7.91,-11.74,-17.05,-17.56,-16.39,-14.44,-16.43
NOC,NORTHROP GRUMMAN SYSTEMS CORP,FA880818C0002,2026-03-12,0.0,Department of Defense,Defense Contract Management Agency,DEFINITIVE CONTRACT,2026-03-12,733.0736,729.9673,0.43,496.02,2026-06-29,74,-32.34,733.0736,2026-03-12,0,0.0,47.79,,,,,,,,-0.35,-1.67,-3.01,-7.65,-6.02,-5.34,-7.47,-21.89,-26.57,-26.23,-28.35
GD,GENERAL DYNAMICS LAND SYSTEMS CUSTOMER SERVICE & SUPPORT COMPANY,W56HZV23C0059,2025-08-28,26750262.35,Department of Defense,Department of the Army,DEFINITIVE CONTRACT,2025-08-28,319.2774,319.8178,-0.17,315.7594,2025-09-09,7,-1.1,356.0146,2026-01-06,89,11.51,12.75,25.0,89.0,,,,,,-0.1,-0.65,-0.63,-1.1,0.38,-0.1,2.23,2.92,6.62,5.21,6.85
BAH,BOOZ ALLEN HAMILTON INC,47QFHA25F0004,2026-03-03,548715.46,General Services Administration,Federal Acquisition Service,DELIVERY ORDER,2026-03-03,78.6081,77.2284,1.79,59.71,2026-06-25,79,-24.04,83.4516,2026-04-07,24,6.16,39.76,23.0,,,,,,,-1.07,3.4,-2.12,-2.64,-2.63,0.88,1.48,3.91,-3.69,2.34,-17.57
GD,"GENERAL DYNAMICS INFORMATION TECHNOLOGY, INC.",47QFCA23F0040,2026-02-03,9314602.19,General Services Administration,Federal Acquisition Service,DELIVERY ORDER,2026-02-03,352.1176,343.2579,2.58,311.1606,2026-04-27,57,-11.63,362.8304,2026-03-04,20,3.04,16.61,,,,,,,,-0.55,1.34,0.99,-4.1,-1.64,-1.16,1.52,-0.55,-3.21,-2.65,1.85
HON,"HONEYWELL FEDERAL MANUFACTURING & TECHNOLOGIES, LLC",DENA0002839,2025-12-30,0.0,Department of Energy,Department of Energy,DEFINITIVE CONTRACT,2025-12-30,203.7986,204.5563,-0.37,202.4805,2025-12-31,1,-0.65,258.7145,2026-03-02,41,26.95,27.77,7.0,12.0,20.0,26.0,,,,-0.65,2.41,1.6,5.61,8.49,11.62,15.87,22.14,20.42,14.19,12.14
BA,THE BOEING COMPANY,FA852618F0002,2025-12-29,0.0,Department of Defense,Department of the Air Force,DELIVERY ORDER,2025-12-29,217.25,216.44,0.37,189.21,2026-03-30,62,-12.91,252.15,2026-01-23,17,16.06,33.26,4.0,9.0,15.0,,,,,0.58,4.84,5.8,4.66,12.57,14.61,7.73,8.75,2.21,-10.54,9.26
LDOS,"LEIDOS, INC.",N0003925F7471,2026-03-18,466879.5,Department of Defense,Department of the Navy,DELIVERY ORDER,2026-03-18,166.1631,168.3852,-1.32,100.0,2026-06-25,68,-39.82,166.1631,2026-03-18,0,0.0,66.16,,,,,,,,-0.48,-2.52,-4.72,-6.73,-6.44,-3.66,-6.94,-10.51,-26.21,-26.74,-28.77
BA,THE BOEING COMPANY,W58RGZ23F0395,2025-11-10,0.0,Department of Defense,Defense Contract Management Agency,DELIVERY ORDER,2025-11-10,194.81,194.61,0.1,179.12,2025-11-24,10,-8.05,252.15,2026-01-23,50,29.43,40.77,15.0,29.0,36.0,41.0,,,,0.21,-0.12,-1.54,-4.68,-8.05,-4.29,2.01,11.31,27.17,24.75,1.85
LMT,LOCKHEED MARTIN CORP,FA945325CX015,2025-09-25,0.0,Department of Defense,Department of the Air Force,DEFINITIVE CONTRACT,2025-09-25,475.0605,476.9339,-0.39,434.0461,2025-12-01,46,-8.63,628.551,2026-02-02,88,32.31,44.81,7.0,73.0,75.0,77.0,87.0,,,0.64,3.07,3.1,6.17,4.84,3.11,0.22,-3.18,-5.47,-1.36,25.39
BAH,BOOZ ALLEN HAMILTON INC,W31P4Q21FB004,2026-01-23,907028.32,Department of Defense,Department of the Army,DELIVERY ORDER,2026-01-23,100.6977,94.3247,6.76,71.0549,2026-05-13,76,-29.44,100.6977,2026-01-23,0,0.0,41.72,,,,,,,,-8.12,-10.89,-13.51,-18.81,-12.93,-23.77,-25.39,-19.74,-22.18,-20.16,-22.63
LMT,LOCKHEED MARTIN CORPORATION,FA868224FB001,2025-12-11,0.0,Department of Defense,Department of the Air Force,DELIVERY ORDER,2025-12-11,469.318,462.4593,1.48,464.6335,2025-12-18,5,-1.0,672.2988,2026-03-02,53,43.25,44.69,15.0,19.0,20.0,22.0,32.0,,,1.13,0.46,-1.0,1.83,1.72,4.67,17.57,25.28,36.84,37.49,12.15
GD,"GENERAL DYNAMICS MISSION SYSTEMS, INC.",H9240122F0122,2026-04-01,0.0,Department of Defense,U.S. Special Operations Command,DELIVERY ORDER,2026-04-01,347.3805,340.1362,2.13,311.1606,2026-04-27,17,-10.43,395.97,2026-08-10,89,13.99,27.26,63.0,78.0,,,,,,-0.41,-0.6,-1.89,-2.34,-4.01,-8.07,-0.88,-2.38,-0.71,-0.24,12.81
BA,THE BOEING COMPANY,S2606A21F0034,2025-10-06,-66250.0,Department of Defense,Defense Contract Management Agency,DELIVERY ORDER,2025-10-06,219.73,216.3,1.59,179.12,2025-11-24,35,-18.48,252.15,2026-01-23,75,14.75,40.77,66.0,68.0,,,,,,0.95,-1.7,-1.9,-2.61,-1.32,0.74,-9.87,-12.71,-8.81,-1.19,10.57
BA,THE BOEING COMPANY,FA810722F5007,2025-09-30,0.0,Department of Defense,Department of the Air Force,DELIVERY ORDER,2025-09-30,215.83,217.08,-0.58,179.12,2025-11-24,39,-17.01,252.15,2026-01-23,79,16.83,40.77,65.0,71.0,76.0,,,,,-0.29,0.22,2.78,0.08,-0.71,0.46,-1.04,-9.55,-6.16,1.08,13.38
LMT,LOCKHEED MARTIN CORPORATION,N0002423F5118,2025-11-21,0.0,Department of Defense,Department of the Navy,DELIVERY ORDER,2025-11-21,451.9518,459.2885,-1.6,434.0461,2025-12-01,5,-3.96,672.2988,2026-03-02,66,48.75,54.89,14.0,28.0,32.0,33.0,43.0,,,-2.11,-1.44,-3.96,-2.3,1.77,5.02,5.52,8.65,36.12,43.94,40.23
LDOS,"LEIDOS, INC.",47QFRA20F0039,2025-08-21,0.0,General Services Administration,Federal Acquisition Service,DELIVERY ORDER,2025-08-21,178.5643,178.2872,0.16,175.8627,2025-09-03,8,-1.51,197.9062,2025-11-04,52,10.83,12.53,28.0,33.0,,,,,,0.72,1.06,0.51,0.25,-0.8,2.6,4.34,8.63,5.51,6.31,2.07
TXT,TEXTRON SYSTEMS CORP,N0002417C2480,2026-04-02,0.0,Department of Defense,Department of the Navy,DEFINITIVE CONTRACT,2026-04-02,88.0312,88.891,-0.97,85.26,2026-07-31,82,-3.15,96.13,2026-07-27,78,9.2,12.75,6.0,,,,,,,0.56,3.77,3.79,5.22,4.04,2.63,3.28,0.82,3.84,4.2,0.98
LDOS,"LEIDOS, INC.",36C77020C0002,2025-10-01,0.0,Department of Veterans Affairs,Department of Veterans Affairs,DEFINITIVE CONTRACT,2025-10-01,190.0515,187.4035,1.41,179.3204,2025-12-31,63,-5.65,197.9062,2025-11-04,24,4.13,10.36,,,,,,,,0.66,3.35,3.44,-1.88,-2.64,0.8,-0.37,0.73,0.41,-2.79,1.84
LDOS,"LEIDOS, INC.",N6883625F7K9B,2026-02-20,363148.63,Department of Defense,Department of the Navy,DELIVERY ORDER,2026-02-20,172.4617,175.2151,-1.57,100.0,2026-06-25,86,-42.02,179.5689,2026-03-03,7,4.12,79.57,,,,,,,,-0.86,-2.08,0.92,4.12,2.53,0.18,-6.08,-7.86,-16.66,-27.87,-40.24
GD,"GENERAL DYNAMICS-OTS, INC.",W519TC23F0108,2026-02-25,0.0,Department of Defense,Department of the Army,DELIVERY ORDER,2026-02-25,340.0569,348.0246,-2.29,311.1606,2026-04-27,42,-8.5,376.88,2026-07-06,89,10.83,21.12,3.0,89.0,,,,,,2.21,6.31,6.7,5.93,3.12,3.83,3.54,0.22,0.8,-0.83,10.17
LMT,LOCKHEED MARTIN CORPORATION,N0001923F0002,2025-12-18,158731205.14,Department of Defense,Department of the Navy,DELIVERY ORDER,2025-12-18,464.6335,469.2291,-0.98,464.6335,2025-12-18,0,0.0,672.2988,2026-03-02,48,44.69,44.69,9.0,11.0,14.0,17.0,27.0,,,0.85,2.64,2.74,3.8,8.81,15.48,24.69,33.63,37.72,37.33,10.75
LMT,LOCKHEED MARTIN CORPORATION,N0001921C0040,2026-03-30,0.0,Department of Defense,Department of the Navy,DEFINITIVE CONTRACT,2026-03-30,594.6769,611.8347,-2.8,491.64,2026-06-24,59,-17.33,633.7512,2026-04-06,4,6.57,28.91,4.0,,,,,,,0.97,4.05,4.87,4.23,2.17,-2.89,-14.83,-12.96,-13.9,-15.08,-1.13
SPIR,"CORESPHERE, LLC",2032H524F00404,2026-02-26,290000.0,Department of the Treasury,Internal Revenue Service,DELIVERY ORDER,2026-02-26,9.24,9.04,2.21,8.85,2026-02-27,1,-4.22,25.48,2026-05-27,62,175.76,187.91,5.0,7.0,9.0,15.0,15.0,25.0,28.0,-4.22,-3.03,5.84,12.01,17.21,16.23,33.77,133.33,96.75,129.0,75.87
BA,THE BOEING COMPANY,FA873018C0003,2025-11-10,0.0,Department of Defense,Department of the Air Force,DEFINITIVE CONTRACT,2025-11-10,194.81,194.61,0.1,179.12,2025-11-24,10,-8.05,252.15,2026-01-23,50,29.43,40.77,15.0,29.0,36.0,41.0,,,,0.21,-0.12,-1.54,-4.68,-8.05,-4.29,2.01,11.31,27.17,24.75,1.85
BA,THE BOEING COMPANY,FA852618F0007,2025-08-14,-195086.78,Department of Defense,Defense Contract Management Agency,DELIVERY ORDER,2025-08-14,233.19,233.37,-0.08,179.12,2025-11-24,71,-23.19,237.38,2025-09-02,12,1.8,32.53,,,,,,,,0.89,-3.51,-3.74,-2.71,1.27,-1.05,-7.48,-5.12,-8.68,-16.54,-7.01
LDOS,"LEIDOS, INC.",W912QR24F0195,2026-03-09,417692.46,Department of Defense,Department of the Army,DELIVERY ORDER,2026-03-09,178.4655,176.8254,0.93,100.0,2026-06-25,75,-43.97,178.4655,2026-03-09,0,0.0,78.47,,,,,,,,-3.92,-3.19,-6.5,-6.89,-9.24,-13.16,-10.31,-14.46,-28.31,-30.57,-40.34
GD,"GENERAL DYNAMICS GLOBAL FORCE, LLC",W56JSR21F0043,2025-11-10,0.0,Department of Defense,Department of the Army,DELIVERY ORDER,2025-11-10,344.9407,341.8317,0.91,328.0534,2025-12-01,14,-4.9,364.0791,2026-01-16,46,5.55,10.98,45.0,,,,,,,0.84,-1.55,-2.21,-1.84,-3.25,-4.9,-2.08,-1.62,5.49,3.45,-0.2
GD,"GENERAL DYNAMICS INFORMATION TECHNOLOGY, INC.",692M1519F00574,2025-08-14,320000.0,Department of Transportation,Federal Aviation Administration,DELIVERY ORDER,2025-08-14,310.3646,311.986,-0.52,308.1437,2025-08-18,2,-0.72,349.165,2025-10-27,51,12.5,13.31,31.0,50.0,,,,,,-0.68,0.18,0.22,1.28,2.87,2.09,3.53,4.59,5.31,10.14,9.77
BAH,BOOZ ALLEN HAMILTON INC,FA875018F0004,2025-08-26,-6401.97,Department of Defense,Defense Contract Management Agency,DELIVERY ORDER,2025-08-26,107.9078,107.0956,0.76,78.7024,2025-11-20,61,-27.07,108.3971,2025-08-27,1,0.45,37.73,,,,,,,,0.45,-1.41,-3.19,-7.09,-7.05,-7.65,-11.55,-6.66,-24.88,-26.58,-18.45
NOC,NORTHROP GRUMMAN SYSTEMS CORPORATION,W519TC24F0236,2026-04-06,16760783.32,Department of Defense,Department of the Army,DELIVERY ORDER,2026-04-06,692.7411,699.4217,-0.96,496.02,2026-06-29,58,-28.4,692.7411,2026-04-06,0,0.0,39.66,,,,,,,,-0.76,-0.75,-2.08,-2.47,-5.58,-17.34,-19.72,-20.95,-20.8,-24.94,-17.03
HII,HUNTINGTON INGALLS INC,N0002418C4314,2026-02-13,0.0,Department of Defense,Department of the Navy,DEFINITIVE CONTRACT,2026-02-13,415.6801,403.7491,2.96,278.19,2026-06-22,87,-33.08,451.7788,2026-03-02,10,8.68,62.4,3.0,,,,,,,-0.23,5.82,4.59,4.01,8.68,2.79,1.31,-11.59,-9.41,-20.1,-32.86
LDOS,"LEIDOS, INC.",FA807525F0034,2025-08-28,584818.0,Department of Defense,Department of the Air Force,DELIVERY ORDER,2025-08-28,179.4748,181.4837,-1.11,175.8627,2025-09-03,3,-2.01,197.9062,2025-11-04,47,10.27,12.53,23.0,47.0,,,,,,-0.24,-2.01,-1.3,-1.28,1.38,3.42,2.57,3.9,5.25,3.05,8.89
LMT,LOCKHEED MARTIN CORPORATION,H9225424F2821,2025-12-29,55072.0,Department of Defense,U.S. Special Operations Command,DELIVERY ORDER,2025-12-29,483.1442,477.3726,1.21,478.0051,2025-12-31,2,-1.06,672.2988,2026-03-02,42,39.15,40.65,5.0,8.0,11.0,16.0,23.0,,,-0.18,1.68,6.79,6.05,14.2,17.84,27.34,28.6,34.69,29.0,4.15
CACI,"CACI TECHNOLOGIES, LLC",W56KGU21F0013,2026-02-10,120000.0,Department of Defense,Department of the Army,DELIVERY ORDER,2026-02-10,625.8,637.27,-1.8,449.72,2026-06-22,90,-28.14,633.21,2026-03-09,18,1.18,40.8,,,,,,,,-8.46,-8.39,-9.4,-6.36,-5.72,0.63,-2.1,-7.49,-15.29,-21.72,-28.14
CACI,"CACI, INC. - FEDERAL",N0018925FZ244,2025-09-22,5384513.15,Department of Defense,Department of the Navy,DELIVERY ORDER,2025-09-22,501.77,498.81,0.59,476.24,2025-09-25,3,-5.09,662.19,2026-01-23,85,31.97,39.05,9.0,23.0,23.0,42.0,84.0,,,-1.76,-5.09,-2.73,2.67,5.43,1.71,6.36,12.43,21.62,11.64,23.68
BAH,BOOZ ALLEN HAMILTON INC,N3220525C1201,2026-03-12,0.0,Department of Defense,Department of the Navy,DEFINITIVE CONTRACT,2026-03-12,76.5337,75.3724,1.54,59.71,2026-06-25,72,-21.98,83.4516,2026-04-07,17,9.04,39.76,15.0,,,,,,,1.5,0.01,4.82,3.62,4.18,4.23,6.1,2.11,-5.76,2.75,-13.59
LMT,LOCKHEED MARTIN CORPORATION,FA861123F0012,2026-02-19,0.0,Department of Defense,Department of the Air Force,DELIVERY ORDER,2026-02-19,658.7036,642.1992,2.57,491.64,2026-06-24,86,-25.36,672.2988,2026-03-02,7,2.06,36.75,,,,,,,,-1.24,-0.31,-3.73,2.06,-1.21,-2.04,-5.37,-6.07,-22.56,-22.17,-22.66
NOC,NORTHROP GRUMMAN SYSTEMS CORPORATION,NNM07AA75C,2025-11-10,125463.0,National Aeronautics and Space Administration,National Aeronautics and Space Administration,DEFINITIVE CONTRACT,2025-11-10,556.4682,562.0331,-0.99,541.3857,2025-12-01,14,-2.71,764.6547,2026-03-02,75,37.41,41.24,37.0,41.0,44.0,50.0,68.0,,,0.67,-0.88,0.01,0.36,0.46,-2.71,-0.95,3.45,16.75,26.47,21.66
ETN,EATON CORPORATION,6973GH25F00851,2025-11-04,1105424.14,Department of Transportation,Federal Aviation Administration,DELIVERY ORDER,2025-11-04,373.5551,382.3076,-2.29,313.2,2025-12-17,30,-16.16,392.8041,2026-02-11,67,5.15,25.42,67.0,,,,,,,2.33,-0.77,-2.33,-6.0,-10.19,-12.28,-10.02,-16.16,-13.85,-4.58,-3.08
BAH,BOOZ ALLEN HAMILTON INC,140D0425F0056,2025-11-20,0.0,Department of the Interior,Departmental Offices,DELIVERY ORDER,2025-11-20,78.7024,79.2245,-0.66,73.705,2026-02-23,62,-6.35,100.6977,2026-01-23,42,27.95,36.62,9.0,10.0,13.0,33.0,,,,1.1,4.69,4.46,2.18,10.15,18.12,8.25,12.69,14.02,0.81,4.84
BA,THE BOEING COMPANY,W58RGZ23F0120,2025-12-15,0.0,Department of Defense,Defense Contract Management Agency,DELIVERY ORDER,2025-12-15,205.5,204.38,0.55,189.21,2026-03-30,71,-7.93,252.15,2026-01-23,26,22.7,33.26,5.0,12.0,18.0,21.0,,,,0.59,1.35,5.52,6.16,6.33,11.84,20.55,13.89,12.91,2.14,12.57
LMT,LOCKHEED MARTIN CORPORATION,W31P4Q18C0130,2025-09-16,0.0,Department of Defense,Department of the Army,DEFINITIVE CONTRACT,2025-09-16,465.2324,464.1829,0.23,434.0461,2025-12-01,53,-6.7,586.9539,2026-01-22,88,26.16,35.23,10.0,77.0,80.0,83.0,,,,-0.25,-0.29,2.6,2.11,5.25,8.42,5.29,2.41,0.08,-0.6,23.56
GE,GENERAL ELECTRIC COMPANY,80LARC22F0055,2025-08-22,595410.0,National Aeronautics and Space Administration,National Aeronautics and Space Administration,DELIVERY ORDER,2025-08-22,265.1833,267.3523,-0.81,265.1833,2025-08-22,0,0.0,315.5346,2025-12-24,86,18.99,18.99,8.0,18.0,41.0,,,,,0.03,2.56,3.25,3.53,3.57,5.69,14.67,12.03,17.52,12.74,15.84
BAH,BOOZ ALLEN HAMILTON INC,HC102825F0461,2025-10-24,0.0,Department of Defense,Defense Information Systems Agency,BPA CALL,2025-10-24,89.442,98.1416,-8.86,73.705,2026-02-23,81,-17.59,100.6977,2026-01-23,61,12.58,36.62,52.0,61.0,,,,,,-5.33,-9.38,-4.64,-6.5,-4.32,-7.87,-11.06,0.59,-6.23,5.46,-9.13
NOC,NORTHROP GRUMMAN SYSTEMS CORP,FA821326FB003,2026-02-09,13462428.0,Department of Defense,Department of the Air Force,DELIVERY ORDER,2026-02-09,692.7427,703.7488,-1.56,521.5,2026-06-18,90,-24.72,764.6547,2026-03-02,14,10.38,46.63,7.0,14.0,,,,,,-1.87,-0.42,0.44,5.57,4.59,10.38,5.37,-1.96,-2.47,-19.57,-24.72
HII,HUNTINGTON INGALLS INCORPORATED,N0002419C4313,2026-01-20,145915.0,Department of Defense,Department of the Navy,DEFINITIVE CONTRACT,2026-01-20,412.5038,422.7474,-2.42,308.17,2026-05-29,90,-25.29,451.7788,2026-03-02,28,9.52,46.6,21.0,,,,,,,1.71,0.72,1.73,2.95,3.38,-2.35,6.63,5.49,-2.83,-4.37,-25.29
NOC,NORTHROP GRUMMAN SYSTEMS CORPORATION,FA881925CB002,2026-02-05,811239.0,Department of Defense,Department of the Air Force,DEFINITIVE CONTRACT,2026-02-05,691.2341,684.5352,0.98,526.06,2026-06-03,81,-23.9,764.6547,2026-03-02,16,10.62,45.36,9.0,16.0,,,,,,1.81,-1.65,-0.21,0.66,3.89,2.39,7.64,1.83,-1.87,-18.33,-20.26
TXT,BELL TEXTRON INC,N0038326FNA00,2026-01-08,0.0,Department of Defense,Department of the Navy,DELIVERY ORDER,2026-01-08,91.6704,88.5418,3.53,85.9317,2026-03-30,55,-6.26,100.7265,2026-02-20,29,9.88,17.22,8.0,,,,,,,2.31,1.95,2.02,1.58,3.59,-4.24,4.1,7.73,0.19,-4.37,-3.83
LMT,LOCKHEED MARTIN CORPORATION,W31P4Q23F0104,2026-02-12,0.0,Department of Defense,Department of the Army,DELIVERY ORDER,2026-02-12,629.9642,621.3364,1.39,491.64,2026-06-24,90,-21.96,672.2988,2026-03-02,11,6.72,36.75,11.0,,,,,,,2.38,1.94,3.27,4.24,3.24,3.3,1.75,-2.88,-8.33,-19.21,-21.96
BAH,BOOZ ALLEN HAMILTON INC,75N98025F00001,2025-09-23,4523286.28,Department of Health and Human Services,National Institutes of Health,DELIVERY ORDER,2025-09-23,96.2236,97.6523,-1.46,78.7024,2025-11-20,42,-18.21,101.8113,2025-10-07,10,5.81,29.36,8.0,,,,,,,0.97,0.76,1.65,4.86,5.81,-2.07,0.42,-13.09,-14.37,-11.4,-10.43
PSN,PARSONS GOVERNMENT SERVICES INC.,HB000123F1013,2025-11-12,0.0,Department of Defense,U.S. Cyber Command,DELIVERY ORDER,2025-11-12,86.45,86.61,-0.18,50.04,2026-03-20,87,-42.12,86.45,2025-11-12,0,0.0,72.76,,,,,,,,-1.39,-5.69,-3.66,-5.52,-2.68,-4.11,-26.74,-27.63,-17.59,-18.79,-37.72
GD,"GENERAL DYNAMICS INFORMATION TECHNOLOGY, INC.",75N91023F00003,2025-09-04,700000.0,Department of Health and Human Services,National Institutes of Health,DELIVERY ORDER,2025-09-04,316.8502,317.2138,-0.11,315.7594,2025-09-09,3,-0.34,358.571,2026-01-13,90,13.17,13.56,18.0,37.0,,,,,,0.13,-0.34,2.23,1.41,0.66,0.37,6.57,2.98,6.0,6.42,13.17
HII,HUNTINGTON INGALLS INCORPORATED,N0002416C2431,2025-09-09,0.0,Department of Defense,Department of the Navy,DEFINITIVE CONTRACT,2025-09-09,263.9292,266.7654,-1.06,263.9292,2025-09-09,0,0.0,422.7474,2026-01-16,90,60.17,60.17,15.0,33.0,37.0,38.0,73.0,87.0,,1.82,2.86,2.29,2.85,3.35,4.67,8.9,7.66,21.39,16.3,60.17
CACI,"CACI, INC. - FEDERAL",N0016725F3003,2025-09-25,4192707.0,Department of Defense,Department of the Navy,DELIVERY ORDER,2025-09-25,476.24,497.23,-4.22,476.24,2025-09-25,0,0.0,662.19,2026-01-23,82,39.05,39.05,4.0,6.0,20.0,20.0,77.0,,,1.96,4.73,8.99,11.08,7.36,8.58,22.95,22.71,29.58,16.88,27.05
BA,THE BOEING COMPANY,0010,2026-04-01,0.0,Department of Defense,Defense Contract Management Agency,DELIVERY ORDER,2026-04-01,207.32,199.03,4.17,204.8,2026-07-21,75,-1.22,240.6,2026-05-13,29,16.05,17.48,4.0,14.0,29.0,,,,,0.43,1.29,6.15,7.15,5.58,11.56,9.68,10.56,3.92,3.55,12.5
BA,THE BOEING COMPANY,FA852626FB003,2025-11-01,8015826.0,Department of Defense,Department of the Air Force,DELIVERY ORDER,2025-11-03,204.55,201.02,1.76,179.12,2025-11-24,15,-12.43,252.15,2026-01-23,55,23.27,40.77,34.0,41.0,47.0,50.0,,,,-3.18,-3.94,-4.76,-4.42,-6.23,-12.15,-0.98,1.06,11.16,14.26,4.36
CACI,ESTUDIOS EDIFICACIONES E INTERVENTORIAS EN INGENIERIA EEII S A S,W9127823F0467,2025-09-30,0.0,Department of Defense,Department of the Army,DELIVERY ORDER,2025-09-30,498.78,488.06,2.2,498.78,2025-09-30,0,0.0,662.19,2026-01-23,79,32.76,32.76,3.0,17.0,17.0,36.0,78.0,,,3.28,6.31,5.45,2.51,3.11,5.63,12.71,17.86,18.87,9.15,27.77
LMT,LOCKHEED MARTIN CORPORATION,FA861525FB001,2026-01-08,50000.0,Department of Defense,Department of the Air Force,DELIVERY ORDER,2026-01-08,512.3678,491.0505,4.34,503.2157,2026-05-08,83,-1.79,672.2988,2026-03-02,35,31.21,33.6,2.0,4.0,13.0,14.0,35.0,,,4.72,7.69,11.47,11.11,13.96,20.07,23.12,27.42,25.11,21.71,2.12
LMT,LOCKHEED MARTIN CORPORATION,H9225425F2884,2025-12-18,1342502.0,Department of Defense,U.S. Special Operations Command,DELIVERY ORDER,2025-12-18,464.6335,469.2291,-0.98,464.6335,2025-12-18,0,0.0,672.2988,2026-03-02,48,44.69,44.69,9.0,11.0,14.0,17.0,27.0,,,0.85,2.64,2.74,3.8,8.81,15.48,24.69,33.63,37.72,37.33,10.75
BAH,BOOZ ALLEN HAMILTON INC,N0003921F3016,2025-09-15,7276645.24,Department of Defense,Department of the Navy,DELIVERY ORDER,2025-09-15,99.4431,102.3789,-2.87,78.7024,2025-11-20,48,-20.86,101.8113,2025-10-07,16,2.38,29.36,,,,,,,,0.21,-0.4,-1.8,-2.3,-2.69,2.36,-3.76,-14.85,-19.11,-10.33,1.26
CACI,"CACI NSS, LLC",86615325F00005,2026-03-02,0.0,Department of Housing and Urban Development,Department of Housing and Urban Development,DELIVERY ORDER,2026-03-02,624.96,610.17,2.42,443.26,2026-06-25,80,-29.07,633.21,2026-03-09,5,1.32,42.85,,,,,,,,0.77,-1.99,1.32,-3.29,-3.14,-2.97,-12.98,-14.62,-20.95,-18.26,-22.16
BA,THE BOEING COMPANY,FA813825F1003,2026-02-26,5200000.0,Department of Defense,Department of the Air Force,DELIVERY ORDER,2026-02-26,229.41,230.36,-0.41,189.21,2026-03-30,22,-17.52,240.6,2026-05-13,53,4.88,27.16,,,,,,,,-0.82,-2.31,-3.2,-1.92,-10.74,-10.21,-16.95,-5.13,-0.88,-4.53,-1.94
LMT,LOCKHEED MARTIN CORP,NNJ06TA25C,2025-11-25,97400000.0,National Aeronautics and Space Administration,National Aeronautics and Space Administration,DEFINITIVE CONTRACT,2025-11-25,443.7422,442.4181,0.3,434.0461,2025-12-01,3,-2.19,672.2988,2026-03-02,64,51.51,54.89,11.0,25.0,27.0,30.0,37.0,64.0,,0.39,-2.19,-0.49,0.71,4.22,6.25,7.58,20.92,41.65,47.98,40.72
BA,THE BOEING COMPANY,FA852620F0030,2025-08-19,-145060.89,Department of Defense,Defense Contract Management Agency,DELIVERY ORDER,2025-08-19,225.0,232.41,-3.19,179.12,2025-11-24,68,-20.39,237.38,2025-09-02,9,5.5,32.53,9.0,,,,,,,0.28,2.28,4.37,4.96,3.28,2.01,-4.15,-4.36,-3.74,-13.11,-3.8
NOC,NORTHROP GRUMMAN SYSTEMS CORPORATION,FA821421F0010,2026-03-12,211568.34,Department of Defense,Department of the Air Force,DELIVERY ORDER,2026-03-12,733.0736,729.9673,0.43,496.02,2026-06-29,74,-32.34,733.0736,2026-03-12,0,0.0,47.79,,,,,,,,-0.35,-1.67,-3.01,-7.65,-6.02,-5.34,-7.47,-21.89,-26.57,-26.23,-28.35
LMT,LOCKHEED MARTIN CORPORATION,N0002411C2300,2025-10-14,0.0,Department of Defense,Department of the Navy,DEFINITIVE CONTRACT,2025-10-14,495.5012,494.177,0.27,434.0461,2025-12-01,33,-12.4,658.7036,2026-02-19,87,32.94,51.76,60.0,62.0,64.0,73.0,84.0,,,-1.14,-1.99,-3.1,-3.39,-3.84,-3.41,-9.53,-10.45,-5.3,8.29,32.52
BA,THE BOEING COMPANY,FA810719F0003,2025-12-23,0.0,Department of Defense,Department of the Air Force,DELIVERY ORDER,2025-12-23,216.85,216.84,0.0,189.21,2026-03-30,65,-12.75,252.15,2026-01-23,20,16.28,33.26,6.0,12.0,18.0,,,,,0.6,0.18,0.12,5.2,4.86,11.88,14.56,12.07,5.94,-8.5,3.47
BA,THE BOEING COMPANY,N6134025F0013,2025-12-18,2433328.0,Department of Defense,Department of the Navy,DELIVERY ORDER,2025-12-18,208.27,206.33,0.94,189.21,2026-03-30,68,-9.15,252.15,2026-01-23,23,21.07,33.26,9.0,11.0,15.0,21.0,,,,2.79,4.12,3.92,4.91,9.54,12.61,20.07,11.95,10.61,-1.09,9.97
LMT,LOCKHEED MARTIN CORPORATION,HQ085224F0005,2025-09-04,600000.0,Department of Defense,Missile Defense Agency,DELIVERY ORDER,2025-09-04,448.0971,440.4564,1.73,434.0461,2025-12-01,61,-3.14,551.761,2026-01-13,90,23.13,27.12,12.0,21.0,85.0,89.0,,,,1.54,0.05,3.04,3.59,3.67,6.44,10.43,7.97,2.64,0.22,23.13
LDOS,"LEIDOS, INC.",HC102826F0010,2025-12-18,39325976.42,Department of Defense,Defense Information Systems Agency,DELIVERY ORDER,2025-12-18,180.1057,180.2747,-0.09,143.7323,2026-04-27,87,-20.2,197.153,2026-01-09,14,9.47,37.17,10.0,,,,,,,1.93,2.83,2.58,1.19,7.89,9.47,6.03,4.75,-6.24,-7.74,-17.44
CACI,"CACI NSS, LLC",70RCSJ25FC0000007,2025-09-29,0.0,Department of Homeland Security,Office of Procurement Operations,BPA CALL,2025-09-29,488.06,485.59,0.51,488.06,2025-09-29,0,0.0,662.19,2026-01-23,80,35.68,35.68,2.0,18.0,18.0,27.0,76.0,,,2.2,6.35,8.39,7.92,4.1,5.69,17.3,21.27,24.24,11.57,26.73
LMT,LOCKHEED MARTIN CORPORATION,N0001924F1803,2026-02-05,0.0,Department of Defense,Department of the Navy,DELIVERY ORDER,2026-02-05,602.045,595.7003,1.07,503.2157,2026-05-08,64,-16.42,672.2988,2026-03-02,16,11.67,33.6,6.0,16.0,,,,,,2.36,3.35,4.64,6.63,8.06,5.33,9.6,3.54,2.26,-14.49,-10.98
ACN,ACCENTURE FEDERAL SERVICES LLC,EDFSA15C0006,2025-08-22,-2516514.0,Department of Education,Department of Education,DEFINITIVE CONTRACT,2025-08-22,253.9862,248.8618,2.06,227.8645,2025-09-25,23,-10.28,269.1145,2025-12-15,79,5.96,18.1,71.0,,,,,,,-1.22,-0.81,0.29,-1.96,-1.41,-7.98,-9.15,-4.26,-3.26,-6.9,3.5
BAH,BOOZ ALLEN HAMILTON INC,FA222625F0002,2025-12-09,6500000.0,Department of Defense,Department of the Air Force,DELIVERY ORDER,2025-12-09,89.1731,89.971,-0.89,73.705,2026-02-23,50,-17.35,100.6977,2026-01-23,30,12.92,36.62,21.0,30.0,,,,,,2.75,2.49,-5.67,-4.99,-6.5,-5.94,6.24,12.92,-11.71,-9.37,-9.84
GD,"GENERAL DYNAMICS MISSION SYSTEMS, INC.",FA873526FB001,2025-11-26,5792780.42,Department of Defense,Department of the Air Force,DELIVERY ORDER,2025-11-26,335.6138,336.6303,-0.3,328.0535,2025-12-01,2,-2.25,364.0791,2026-01-16,34,8.48,10.98,26.0,,,,,,,0.47,-1.25,0.49,-1.19,0.42,-1.07,0.13,6.15,4.92,1.32,1.55
ACN,ACCENTURE FEDERAL SERVICES LLC,140D0426F0021,2026-01-29,160000.0,Department of the Interior,Departmental Offices,DELIVERY ORDER,2026-01-29,255.9459,264.9699,-3.41,157.7433,2026-05-13,72,-38.37,261.4034,2026-02-02,2,2.13,65.71,,,,,,,,0.93,-7.66,-10.58,-9.36,-15.0,-17.71,-21.17,-24.72,-23.84,-31.68,-33.03
LMT,LOCKHEED MARTIN CORPORATION,N0001925F0184,2025-09-17,0.0,Department of Defense,Defense Contract Management Agency,DELIVERY ORDER,2025-09-17,464.0554,465.2324,-0.25,434.0461,2025-12-01,52,-6.47,587.9818,2026-01-27,90,26.71,35.47,9.0,76.0,79.0,82.0,,,,0.11,1.54,2.78,3.03,5.47,8.02,4.25,2.58,-0.68,1.13,26.71
LDOS,"LEIDOS, INC.",W5J9CQ25F0017,2026-02-06,0.0,Department of Defense,Department of the Army,DELIVERY ORDER,2026-02-06,191.8351,184.9664,3.71,108.67,2026-06-17,90,-43.35,193.5547,2026-02-10,2,0.9,78.11,,,,,,,,0.82,-10.36,-8.65,-11.12,-10.88,-9.27,-10.61,-15.57,-18.88,-28.74,-43.35
GD,GENERAL DYNAMICS LAND SYSTEMS INC.,W912CH25C0055,2025-08-28,-24800000.0,Department of Defense,Department of the Army,DEFINITIVE CONTRACT,2025-08-28,319.2773,319.8178,-0.17,315.7594,2025-09-09,7,-1.1,356.0146,2026-01-06,89,11.51,12.75,25.0,89.0,,,,,,-0.1,-0.65,-0.63,-1.1,0.38,-0.1,2.23,2.92,6.62,5.21,6.85
LMT,LOCKHEED MARTIN ACULIGHT CORPORATION,N0002418C5392,2025-08-21,50000.0,Department of Defense,Department of the Navy,DEFINITIVE CONTRACT,2025-08-21,435.4551,434.2867,0.27,434.0461,2025-12-01,70,-0.32,504.3876,2025-10-06,31,15.83,16.21,14.0,26.0,31.0,,,,,-0.22,1.85,2.01,1.92,4.49,6.03,8.21,13.63,9.34,4.91,10.75
GD,"GENERAL DYNAMICS INFORMATION TECHNOLOGY, INC.",N5005424F1005,2025-09-08,69023.84,Department of Defense,Department of the Navy,DELIVERY ORDER,2025-09-08,317.1253,317.2629,-0.04,315.7594,2025-09-09,1,-0.43,363.8908,2026-01-15,90,14.75,15.24,16.0,35.0,,,,,,-0.43,2.14,1.32,0.79,-0.02,2.36,6.42,4.94,8.77,4.51,14.75
BA,THE BOEING COMPANY,N6893623F0096,2026-01-15,15583560.0,Department of Defense,Department of the Navy,DELIVERY ORDER,2026-01-15,247.74,242.61,2.11,189.21,2026-03-30,50,-23.63,252.15,2026-01-23,5,1.78,33.26,,,,,,,,-0.02,0.94,1.78,-1.28,-5.66,-4.36,-1.49,-7.27,-19.91,-9.68,-9.46
GD,GENERAL DYNAMICS LAND SYSTEMS INC.,W912CH24F0010,2026-01-29,0.0,Department of Defense,Department of the Army,DELIVERY ORDER,2026-01-29,346.8057,353.4752,-1.89,311.1606,2026-04-27,60,-10.28,362.8304,2026-03-04,23,4.62,16.61,,,,,,,,0.33,1.53,0.6,2.9,-2.63,1.25,4.24,0.45,0.41,-10.28,-0.76
GE,GENERAL ELECTRIC COMPANY,70Z03826FA0000061,2026-01-22,1162402.61,Department of Homeland Security,U.S. Coast Guard,DELIVERY ORDER,2026-01-22,294.2042,317.6408,-7.38,272.9098,2026-03-30,46,-7.24,344.8073,2026-03-02,26,17.2,26.34,8.0,17.0,20.0,,,,,-0.38,0.84,1.31,4.65,3.85,6.35,14.91,9.53,-3.99,3.07,7.86
ACN,ACCENTURE FEDERAL SERVICES LLC,19AQMM21F3625,2025-09-08,14841839.78,Department of State,Department of State,DELIVERY ORDER,2025-09-08,250.4099,249.8024,0.24,227.8645,2025-09-25,13,-9.0,282.7142,2026-01-14,89,12.9,24.07,61.0,85.0,,,,,,-1.4,-4.47,-6.93,-5.61,-6.1,-6.5,-1.7,-5.24,-4.31,2.13,12.6
GD,"GENERAL DYNAMICS INFORMATION TECHNOLOGY, INC.",N0016721F3000,2026-04-02,83000.0,Department of Defense,Department of the Navy,DELIVERY ORDER,2026-04-02,345.9534,347.3805,-0.41,311.1606,2026-04-27,16,-10.06,395.97,2026-08-10,88,14.46,27.26,62.0,76.0,,,,,,0.66,0.27,-3.55,-2.19,-3.22,-8.28,0.46,-3.73,-1.9,1.95,13.95
CACI,"CACI TECHNOLOGIES, LLC",W909MY20F0104,2025-09-12,-6068.42,Department of Defense,Department of the Army,DELIVERY ORDER,2025-09-12,495.96,493.12,0.58,476.24,2025-09-25,9,-3.98,655.46,2026-01-22,90,32.16,37.63,15.0,29.0,29.0,47.0,90.0,,,-0.18,-0.07,0.57,-0.61,-2.09,4.66,2.44,18.06,19.13,19.65,32.16
GD,GENERAL DYNAMICS LAND SYSTEMS INC.,W56HZV24F0030,2025-12-16,0.0,Department of Defense,Department of the Army,DELIVERY ORDER,2025-12-16,333.0969,336.2553,-0.94,311.1606,2026-04-27,89,-6.59,364.0791,2026-01-16,21,9.3,17.01,12.0,,,,,,,-0.32,0.55,1.88,1.4,-0.25,2.41,9.3,4.45,3.83,5.43,-6.24
BAH,BOOZ ALLEN HAMILTON INC,47QFAA20F0023,2026-02-11,-2130576.42,General Services Administration,Federal Acquisition Service,DELIVERY ORDER,2026-02-11,78.5941,88.6018,-11.3,63.33,2026-06-22,89,-19.42,83.4516,2026-04-07,37,6.18,31.77,36.0,,,,,,,-2.33,-3.49,0.95,-6.22,0.74,-1.06,-1.16,1.44,3.26,-2.71,-18.72
LDOS,"LEIDOS, INC.",N6883625F7M5H,2025-12-09,27989.3,Department of Defense,Department of the Navy,DELIVERY ORDER,2025-12-09,183.4265,184.091,-0.36,152.3419,2026-04-10,83,-16.95,197.153,2026-01-09,21,7.48,29.41,17.0,,,,,,,1.82,2.58,-1.28,-1.81,0.97,-0.64,7.48,3.63,-4.46,-2.7,-16.77
ACN,ACCENTURE FEDERAL SERVICES LLC,70B04C23F00000074,2025-09-10,8940969.03,Department of Homeland Security,U.S. Customs and Border Protection,DELIVERY ORDER,2025-09-10,238.2015,246.9022,-3.52,227.8645,2025-09-25,11,-4.34,282.7142,2026-01-14,87,18.69,24.07,57.0,59.0,83.0,,,,,0.43,-2.16,-0.77,-1.4,-1.66,1.44,3.67,2.48,1.41,10.79,12.18
LMT,LOCKHEED MARTIN CORPORATION,HQ085121C0002,2025-12-30,3585000.0,Department of Defense,Missile Defense Agency,DEFINITIVE CONTRACT,2025-12-30,482.2844,483.1442,-0.18,478.0051,2025-12-31,1,-0.89,672.2988,2026-03-02,41,39.4,40.65,4.0,7.0,10.0,14.0,22.0,,,-0.89,4.83,1.82,11.25,17.36,20.13,29.96,30.62,38.38,26.86,5.52
GD,GENERAL DYNAMICS LAND SYSTEMS INC.,W912CH26F0026,2025-12-18,209394782.52,Department of Defense,Department of the Army,DELIVERY ORDER,2025-12-18,332.9489,332.031,0.28,311.1606,2026-04-27,87,-6.54,364.0791,2026-01-16,19,9.35,17.01,10.0,,,,,,,0.6,1.93,1.44,0.63,5.4,4.91,8.58,5.76,2.13,5.18,2.96
LMT,LOCKHEED MARTIN CORPORATION,FA852821F0026,2026-02-18,0.0,Department of Defense,Department of the Air Force,DELIVERY ORDER,2026-02-18,642.1992,641.9719,0.04,491.64,2026-06-24,87,-23.44,672.2988,2026-03-02,8,4.69,36.75,,,,,,,,2.57,1.66,-0.36,1.27,2.8,0.75,-1.38,-4.45,-18.04,-19.49,-21.82
LMT,LOCKHEED MARTIN CORP,FA852522F0032,2026-01-26,0.0,Department of Defense,Department of the Air Force,DELIVERY ORDER,2026-01-26,574.8474,583.9001,-1.55,503.2157,2026-05-08,72,-12.46,672.2988,2026-03-02,24,16.95,33.6,3.0,14.0,24.0,,,,,2.28,7.02,9.34,3.63,9.74,12.19,11.32,12.55,4.46,-4.01,-9.71
LMT,LOCKHEED MARTIN CORPORATION,H9225424F2810,2025-11-17,-165713.0,Department of Defense,U.S. Special Operations Command,DELIVERY ORDER,2025-11-17,461.7603,456.8463,1.08,434.0461,2025-12-01,9,-6.0,672.2988,2026-03-02,70,45.59,54.89,31.0,33.0,36.0,39.0,49.0,,,0.84,-0.54,-4.19,-3.53,-5.44,-0.4,1.62,3.52,26.45,39.67,28.78
CACI,"CACI, INC. - FEDERAL",1331L526C13OS0002,2026-01-29,93250.22,Department of Commerce,Office of the Secretary,DEFINITIVE CONTRACT,2026-01-29,623.13,638.24,-2.37,480.99,2026-05-08,69,-22.81,637.27,2026-02-09,7,2.27,32.49,,,,,,,,-0.41,-0.69,-3.98,2.27,-9.91,-5.12,0.29,-2.63,-8.22,-19.46,-15.74
NOC,NORTHROP GRUMMAN SYSTEMS CORP,FA811025F0002,2025-09-16,755517.04,Department of Defense,Department of the Air Force,DELIVERY ORDER,2025-09-16,572.6588,567.8945,0.84,541.3857,2025-12-01,53,-5.46,667.8622,2026-01-23,89,16.62,23.36,10.0,16.0,85.0,,,,,-0.39,-1.09,-0.39,1.11,5.17,6.76,5.1,2.71,-2.17,-3.75,14.55
BAH,BOOZ ALLEN HAMILTON INC,80HQTR25FA056,2026-03-16,158000.0,National Aeronautics and Space Administration,National Aeronautics and Space Administration,BPA CALL,2026-03-16,75.1938,77.685,-3.21,59.71,2026-06-25,70,-20.59,83.4516,2026-04-07,15,10.98,39.76,3.0,14.0,,,,,,1.8,6.69,5.46,5.76,4.21,10.49,8.63,0.63,1.64,2.79,-3.54
HII,HUNTINGTON INGALLS INC,N0002409C2116,2025-12-03,60000000.0,Department of Defense,Department of the Navy,DEFINITIVE CONTRACT,2025-12-03,306.941,304.9261,0.66,302.3255,2025-12-05,2,-1.5,451.7788,2026-03-02,59,47.19,49.43,6.0,13.0,21.0,24.0,27.0,,,2.15,2.15,4.5,5.72,3.9,14.65,17.54,37.73,31.24,42.84,29.15
BA,THE BOEING COMPANY,N0038325FYY2U,2025-12-16,0.0,Department of Defense,Department of the Navy,DELIVERY ORDER,2025-12-16,206.71,205.5,0.59,189.21,2026-03-30,70,-8.47,252.15,2026-01-23,25,21.98,33.26,6.0,11.0,17.0,22.0,,,,-0.18,3.57,4.91,4.71,5.04,10.36,19.82,13.07,11.48,3.27,11.62
LDOS,"LEIDOS, INC.",N0003925F7710,2026-03-12,620831.55,Department of Defense,Department of the Navy,DELIVERY ORDER,2026-03-12,172.7698,172.3325,0.25,100.0,2026-06-25,72,-42.12,172.8195,2026-03-13,1,0.03,72.82,,,,,,,,0.03,-2.54,-4.29,-6.25,-9.11,-10.02,-9.11,-15.76,-28.66,-29.17,-37.92
LMT,LOCKHEED MARTIN CORPORATION,FA868223FB017,2025-12-18,0.0,Department of Defense,Department of the Air Force,DELIVERY ORDER,2025-12-18,464.6335,469.2291,-0.98,464.6335,2025-12-18,0,0.0,672.2988,2026-03-02,48,44.69,44.69,9.0,11.0,14.0,17.0,27.0,,,0.85,2.64,2.74,3.8,8.81,15.48,24.69,33.63,37.72,37.33,10.75
BAH,BOOZ ALLEN HAMILTON INC,FA807525F0022,2026-01-30,757262.0,Department of Defense,Department of the Air Force,DELIVERY ORDER,2026-01-30,87.0947,87.4001,-0.35,71.0549,2026-05-13,71,-18.42,88.7791,2026-02-09,6,1.93,24.94,,,,,,,,-1.04,-3.82,0.67,1.73,-9.61,-12.01,-9.74,-13.66,-4.18,-13.12,-11.26
LMT,LOCKHEED MARTIN CORPORATION,FA862125FB004,2025-09-25,0.0,Department of Defense,Department of the Air Force,DELIVERY ORDER,2025-09-25,475.0605,476.9339,-0.39,434.0461,2025-12-01,46,-8.63,628.551,2026-02-02,88,32.31,44.81,7.0,73.0,75.0,77.0,87.0,,,0.64,3.07,3.1,6.17,4.84,3.11,0.22,-3.18,-5.47,-1.36,25.39
CACI,"CACI, INC. - FEDERAL",FA807524F0060,2025-09-24,1364767.55,Department of Defense,Department of the Air Force,DELIVERY ORDER,2025-09-24,497.23,492.95,0.87,476.24,2025-09-25,1,-4.22,662.19,2026-01-23,83,33.18,39.05,7.0,21.0,21.0,39.0,82.0,,,-4.22,-1.84,3.61,6.64,5.93,3.44,17.57,18.37,23.76,10.4,24.46
LMT,LOCKHEED MARTIN CORPORATION,H9225421F2456,2025-12-11,0.0,Department of Defense,U.S. Special Operations Command,DELIVERY ORDER,2025-12-11,469.3181,462.4593,1.48,464.6336,2025-12-18,5,-1.0,672.2988,2026-03-02,53,43.25,44.69,15.0,19.0,20.0,22.0,32.0,,,1.13,0.46,-1.0,1.83,1.72,4.67,17.57,25.28,36.84,37.49,12.15
LMT,LOCKHEED MARTIN CORPORATION,FA868219C0008,2026-02-10,0.0,Department of Defense,Department of the Air Force,DEFINITIVE CONTRACT,2026-02-10,622.1863,630.8141,-1.37,493.6,2026-06-22,90,-20.67,672.2988,2026-03-02,13,8.05,36.2,6.0,,,,,,,-0.14,3.66,3.22,4.56,2.85,6.64,4.24,-0.33,-3.0,-18.18,-20.67
GD,"GENERAL DYNAMICS INFORMATION TECHNOLOGY, INC.",HT940214F0006,2026-03-05,0.0,Department of Defense,Defense Health Agency,DELIVERY ORDER,2026-03-05,357.4591,362.8304,-1.48,311.1606,2026-04-27,36,-12.95,376.88,2026-07-06,83,5.43,21.12,83.0,,,,,,,0.77,-1.42,-1.52,-1.76,-3.07,-2.27,-2.58,-6.33,-3.48,-5.52,2.29
NOC,NORTHROP GRUMMAN SYSTEMS CORPORATION,FA821421F0008,2025-12-05,213343.98,Department of Defense,Department of the Air Force,DELIVERY ORDER,2025-12-05,544.8195,548.819,-0.73,544.8195,2025-12-05,0,0.0,764.6547,2026-03-02,57,40.35,40.35,11.0,19.0,26.0,28.0,49.0,,,0.84,1.16,3.79,3.6,3.55,5.17,5.11,20.98,23.66,35.23,21.57
NOC,NORTHROP GRUMMAN SYSTEMS CORPORATION,FA872623F0028,2026-02-17,0.0,Department of Defense,Department of the Air Force,DELIVERY ORDER,2026-02-17,695.8192,697.2582,-0.21,499.33,2026-06-25,89,-28.24,764.6547,2026-03-02,9,9.89,53.14,2.0,,,,,,,3.38,3.2,4.13,1.72,8.62,6.93,3.71,-2.38,-15.63,-21.05,-28.14
NOC,NORTHROP GRUMMAN SYSTEMS CORPORATION,W519TC24F0335,2025-12-23,0.0,Department of Defense,Department of the Army,DELIVERY ORDER,2025-12-23,575.6745,580.2397,-0.79,556.1522,2026-05-05,90,-3.39,764.6547,2026-03-02,45,32.83,37.49,7.0,14.0,19.0,27.0,45.0,,,0.39,-0.39,-1.7,5.39,1.85,12.6,13.95,22.25,32.83,17.6,-3.39
BAH,BOOZ ALLEN HAMILTON INC,HDTRA122F0030,2025-12-08,0.0,Department of Defense,Defense Threat Reduction Agency,DELIVERY ORDER,2025-12-08,89.971,86.6909,3.78,73.705,2026-02-23,51,-18.08,100.6977,2026-01-23,31,11.92,36.62,22.0,31.0,,,,,,-0.89,3.33,0.58,-5.24,-5.31,-6.81,3.15,4.84,-14.68,-9.66,-10.96
GD,"GENERAL DYNAMICS INFORMATION TECHNOLOGY, INC.",36C10D24N0035,2026-02-11,0.0,Department of Veterans Affairs,Department of Veterans Affairs,DELIVERY ORDER,2026-02-11,343.2281,355.6059,-3.48,311.1606,2026-04-27,51,-9.34,362.8304,2026-03-04,14,5.71,16.61,12.0,,,,,,,-1.61,-1.1,2.31,0.76,1.26,5.71,1.5,2.58,-2.45,0.52,1.62
CACI,"CACI NSS, LLC",FA855519F0007,2025-08-21,-132236.52,Department of Defense,Defense Contract Management Agency,DELIVERY ORDER,2025-08-21,486.02,486.63,-0.13,460.1,2025-09-04,9,-5.33,617.97,2025-11-25,67,27.15,34.31,28.0,44.0,44.0,44.0,,,,-0.95,-0.59,-1.3,-0.63,-2.38,1.46,3.24,9.1,20.48,21.56,10.9
LDOS,"LEIDOS, INC.",N0018923F3033,2026-03-18,3000000.0,Department of Defense,Department of the Navy,DELIVERY ORDER,2026-03-18,166.1631,168.3852,-1.32,100.0,2026-06-25,68,-39.82,166.1631,2026-03-18,0,0.0,66.16,,,,,,,,-0.48,-2.52,-4.72,-6.73,-6.44,-3.66,-6.94,-10.51,-26.21,-26.74,-28.77
LMT,LOCKHEED MARTIN CORPORATION,FA868221C0001,2026-03-31,0.0,Department of Defense,Department of the Air Force,DEFINITIVE CONTRACT,2026-03-31,600.4591,594.6769,0.97,491.64,2026-06-24,58,-18.12,633.7512,2026-04-06,3,5.54,28.91,3.0,,,,,,,2.19,5.54,3.99,1.54,1.11,-5.37,-14.3,-13.97,-13.56,-15.5,0.45
CACI,"CACI, INC. - FEDERAL",47QFCA25F0014,2026-03-31,5808609.0,General Services Administration,Federal Acquisition Service,DELIVERY ORDER,2026-03-31,543.87,558.48,-2.62,440.76,2026-07-21,76,-18.96,648.24,2026-08-10,90,19.19,47.07,2.0,88.0,88.0,,,,,3.18,5.16,6.36,-1.72,-2.24,-4.69,-4.47,-7.35,-2.16,-16.54,19.19
GD,"GENERAL DYNAMICS INFORMATION TECHNOLOGY, INC.",FA564126F0009,2026-02-24,1755098.98,Department of Defense,Department of the Air Force,DELIVERY ORDER,2026-02-24,348.0246,345.8444,0.63,311.1606,2026-04-27,43,-10.59,376.88,2026-07-06,90,8.29,21.12,89.0,,,,,,,-2.29,1.67,3.85,2.71,1.26,0.91,0.38,-0.33,-3.1,-2.81,8.29
CACI,"CACI, INC. - FEDERAL",47QFMA24F0014,2026-04-02,1684316.0,General Services Administration,Federal Acquisition Service,DELIVERY ORDER,2026-04-02,575.63,561.15,2.58,440.76,2026-07-21,74,-23.43,680.08,2026-08-12,90,18.15,54.3,86.0,87.0,89.0,,,,,-0.64,0.49,-7.15,-7.31,-8.42,-8.54,-10.78,-15.4,-9.81,-19.52,18.15
BAH,BOOZ ALLEN HAMILTON INC,W56KGU25F0006,2026-01-21,191516.96,Department of Defense,Department of the Army,DELIVERY ORDER,2026-01-21,94.1376,92.0592,2.26,71.0549,2026-05-13,78,-24.52,100.6977,2026-01-23,2,6.97,41.72,2.0,,,,,,,0.2,-1.72,-4.68,-7.48,-11.02,-5.88,-18.59,-15.86,-15.31,-13.79,-11.38
GD,GENERAL DYNAMICS LAND SYSTEMS INC.,W56HZV24F0181,2026-04-06,0.0,Department of Defense,Department of the Army,DELIVERY ORDER,2026-04-06,348.2328,345.9534,0.66,311.1606,2026-04-27,15,-10.65,395.97,2026-08-10,87,13.71,27.26,61.0,76.0,,,,,,-0.84,-2.13,-2.57,-3.11,-5.04,-10.45,-0.17,-1.9,-1.17,3.74,12.84
CACI,"CACI NSS, LLC",FA489021F0010,2026-03-25,5481764.52,Department of Defense,Department of the Air Force,DELIVERY ORDER,2026-03-25,578.94,576.71,0.39,440.76,2026-07-21,80,-23.87,579.84,2026-03-26,1,0.16,31.55,,,,,,,,0.16,-3.53,-3.07,-1.21,-2.72,-8.16,-10.78,-15.38,-11.3,-22.32,-9.46
NOC,NORTHROP GRUMMAN SYSTEMS CORPORATION,FA865625FB003,2026-03-23,0.0,Department of Defense,Department of the Air Force,DELIVERY ORDER,2026-03-23,677.0203,703.8522,-3.81,496.02,2026-06-29,67,-26.73,699.4217,2026-04-02,8,3.31,41.01,,,,,,,,0.32,1.76,-1.24,2.5,1.54,0.19,-13.29,-17.85,-18.92,-18.74,-19.87
CACI,"CACI, INC. - FEDERAL",N0016421F3002,2026-03-02,-685057.91,Department of Defense,Department of the Navy,DELIVERY ORDER,2026-03-02,624.96,610.17,2.42,443.26,2026-06-25,80,-29.07,633.21,2026-03-09,5,1.32,42.85,,,,,,,,0.77,-1.99,1.32,-3.29,-3.14,-2.97,-12.98,-14.62,-20.95,-18.26,-22.16
CACI,"CACI, INC. - FEDERAL",N0018925F3025,2025-12-16,480937.0,Department of Defense,Department of the Navy,DELIVERY ORDER,2025-12-16,560.2,567.41,-1.27,501.9,2026-04-27,89,-10.41,662.19,2026-01-23,25,18.21,31.94,16.0,20.0,24.0,,,,,0.1,-0.64,-2.79,-3.25,-4.89,0.46,13.42,10.78,1.93,8.06,-9.19
CACI,"CACI, INC. - FEDERAL",N6523618F3044,2026-02-26,-180380.24,Department of Defense,Department of the Navy,DELIVERY ORDER,2026-02-26,597.16,590.03,1.21,443.26,2026-06-25,82,-25.77,633.21,2026-03-09,7,6.04,42.85,3.0,,,,,,,2.18,5.46,2.57,6.04,2.59,1.94,-5.61,-10.49,-14.04,-16.04,-17.31
CACI,"CACI, INC. - FEDERAL",FA807522F0054,2025-09-18,93043.0,Department of Defense,Department of the Air Force,DELIVERY ORDER,2025-09-18,496.5,495.63,0.18,476.24,2025-09-25,5,-4.08,662.19,2026-01-23,87,33.37,39.05,11.0,25.0,25.0,43.0,86.0,,,0.47,-0.72,-4.08,-1.7,4.55,6.08,3.89,13.44,19.84,15.3,28.55
CACI,"CACI, INC. - FEDERAL",47QFRA24F0005,2026-01-26,157655.52,General Services Administration,Federal Acquisition Service,DELIVERY ORDER,2026-01-26,642.78,662.19,-2.93,480.99,2026-05-08,72,-25.17,643.21,2026-01-27,1,0.07,33.73,,,,,,,,0.07,-3.06,-4.73,-5.87,-0.86,-10.81,-8.21,-7.95,-15.39,-20.31,-17.21
BAH,BOOZ ALLEN HAMILTON INC.,DTFAWA12D00060CALL0003,2025-09-03,-10659.03,Department of Transportation,Federal Aviation Administration,DELIVERY ORDER,2025-09-03,104.4632,107.7219,-3.03,78.7024,2025-11-20,56,-24.66,104.4632,2025-09-03,0,0.0,32.73,,,,,,,,-3.33,-4.74,-3.98,-2.0,-4.84,-7.89,-3.41,-9.74,-18.87,-21.5,-8.75
BA,THE BOEING COMPANY,FA881915C0007,2025-12-09,14266.0,Department of Defense,Department of the Air Force,DEFINITIVE CONTRACT,2025-12-09,200.37,206.27,-2.86,189.21,2026-03-30,75,-5.57,252.15,2026-01-23,30,25.84,33.26,8.0,16.0,21.0,23.0,,,,-0.82,2.0,3.16,3.94,8.22,9.05,17.05,25.84,21.26,12.29,9.38
GD,"GENERAL DYNAMICS MISSION SYSTEMS, INC.",W15P7T15C0002,2026-03-31,-3353.45,Department of Defense,Defense Contract Management Agency,DEFINITIVE CONTRACT,2026-03-31,340.1362,337.728,0.71,311.1606,2026-04-27,18,-8.52,395.97,2026-08-10,90,16.42,27.26,50.0,65.0,81.0,,,,,2.13,2.38,1.98,-1.9,-0.81,-4.72,0.78,-0.08,-0.04,1.49,16.42
NOC,NORTHROP GRUMMAN SYSTEMS CORPORATION,FA881821F0001,2026-03-23,5007989.0,Department of Defense,Department of the Air Force,DELIVERY ORDER,2026-03-23,677.0203,703.8522,-3.81,496.02,2026-06-29,67,-26.73,699.4217,2026-04-02,8,3.31,41.01,,,,,,,,0.32,1.76,-1.24,2.5,1.54,0.19,-13.29,-17.85,-18.92,-18.74,-19.87
NOC,NORTHROP GRUMMAN SYSTEMS CORPORATION,HR001122C0139,2025-12-09,1340870.0,Department of Defense,Defense Advanced Research Projects Agency,DEFINITIVE CONTRACT,2025-12-09,546.467,549.3748,-0.53,546.467,2025-12-09,0,0.0,764.6547,2026-03-02,55,39.93,39.93,9.0,17.0,24.0,26.0,47.0,,,0.86,3.47,3.29,1.61,5.34,4.35,12.38,22.21,27.59,36.16,11.34
GD,"GENERAL DYNAMICS INFORMATION TECHNOLOGY, INC.",W52P1J19F0765,2026-03-26,-3094729.87,Department of Defense,Department of the Army,DELIVERY ORDER,2026-03-26,352.0878,349.3328,0.79,311.1606,2026-04-27,21,-11.62,393.19,2026-07-28,84,11.67,26.36,67.0,83.0,,,,,,-2.4,-3.39,-1.74,-1.93,-5.23,-5.29,-11.62,-2.01,-4.08,-0.93,9.09
BAH,BOOZ ALLEN HAMILTON INC,W15P7T24F0004,2026-03-03,2000000.0,Department of Defense,Department of the Army,DELIVERY ORDER,2026-03-03,78.6081,77.2284,1.79,59.71,2026-06-25,79,-24.04,83.4516,2026-04-07,24,6.16,39.76,23.0,,,,,,,-1.07,3.4,-2.12,-2.64,-2.63,0.88,1.48,3.91,-3.69,2.34,-17.57
LMT,LOCKHEED MARTIN CORPORATION,H9225420F2409,2025-09-22,-0.83,Department of Defense,U.S. Special Operations Command,DELIVERY ORDER,2025-09-22,471.1862,463.8789,1.58,434.0461,2025-12-01,49,-7.88,626.7917,2026-01-30,90,33.02,44.41,9.0,76.0,77.0,79.0,89.0,,,1.31,0.82,2.41,3.87,7.05,5.13,1.9,1.57,-6.11,0.06,33.02
NOC,NORTHROP GRUMMAN SYSTEMS CORPORATION,FA825025C0011,2026-03-30,-411635.0,Department of Defense,Department of the Air Force,DEFINITIVE CONTRACT,2026-03-30,668.6472,676.0247,-1.09,496.02,2026-06-29,62,-25.82,699.4217,2026-04-02,3,4.6,41.01,,,,,,,,1.59,4.6,2.82,2.83,1.27,-2.18,-14.77,-16.87,-21.32,-25.32,-14.52
GD,"GENERAL DYNAMICS MISSION SYSTEMS, INC.",N0003022C1005,2025-08-29,11029656.53,Department of Defense,Department of the Navy,DEFINITIVE CONTRACT,2025-08-29,318.9433,319.2773,-0.1,315.7594,2025-09-09,6,-1.0,356.0146,2026-01-06,88,11.62,12.75,21.0,87.0,,,,,,-0.06,-0.66,-0.57,-0.47,0.74,-0.15,5.06,3.48,5.79,4.64,8.75
BA,THE BOEING COMPANY,FA205724FB004,2026-03-27,1012306.57,Department of Defense,Department of the Air Force,DELIVERY ORDER,2026-03-27,190.52,194.36,-1.98,189.21,2026-03-30,1,-0.69,240.6,2026-05-13,32,26.29,27.16,3.0,5.0,8.0,17.0,,,,-0.69,8.82,11.43,14.32,16.6,17.25,21.1,25.03,14.27,15.6,21.87
LDOS,"LEIDOS, INC.",31310022F0113,2025-09-03,109386.11,Nuclear Regulatory Commission,Nuclear Regulatory Commission,BPA CALL,2025-09-03,175.8627,179.0097,-1.76,175.8627,2025-09-03,0,0.0,197.9062,2025-11-04,44,12.53,12.53,11.0,22.0,,,,,,0.49,0.39,1.5,3.46,3.65,5.52,8.78,5.21,10.01,7.35,10.56
BAH,BOOZ ALLEN HAMILTON INC,N0024423F3003,2025-09-03,350226.26,Department of Defense,Department of the Navy,DELIVERY ORDER,2025-09-03,104.4632,107.7219,-3.03,78.7024,2025-11-20,56,-24.66,104.4632,2025-09-03,0,0.0,32.73,,,,,,,,-3.33,-4.74,-3.98,-2.0,-4.84,-7.89,-3.41,-9.74,-18.87,-21.5,-8.75
GD,"GENERAL DYNAMICS INFORMATION TECHNOLOGY, INC.",68HERH25F0078,2025-08-19,250000.0,Environmental Protection Agency,Environmental Protection Agency,DELIVERY ORDER,2025-08-19,310.9149,308.1437,0.9,310.9149,2025-08-19,0,0.0,349.165,2025-10-27,48,12.3,12.3,29.0,47.0,,,,,,0.34,1.01,1.83,2.69,2.03,1.56,2.58,7.7,7.37,10.93,8.63
BA,THE BOEING COMPANY,FA853921F0057,2025-08-26,0.0,Department of Defense,Defense Contract Management Agency,DELIVERY ORDER,2025-08-26,234.83,226.87,3.51,179.12,2025-11-24,63,-23.72,237.38,2025-09-02,4,1.09,32.53,,,,,,,,0.34,-0.06,-1.04,-2.22,-3.11,-8.44,-9.07,-4.05,-9.05,-20.92,-2.85
LMT,LOCKHEED MARTIN CORPORATION,N0002423F6211,2026-03-12,0.0,Department of Defense,Department of the Navy,DELIVERY ORDER,2026-03-12,648.584,645.2458,0.52,491.64,2026-06-24,71,-24.2,648.584,2026-03-12,0,0.0,31.92,,,,,,,,-1.05,-2.53,-2.35,-5.6,-3.91,-5.39,-5.08,-21.35,-20.96,-19.81,-20.69
BAH,BOOZ ALLEN HAMILTON INC,47QFCA24F0013,2026-01-29,1700797.0,General Services Administration,Federal Acquisition Service,DELIVERY ORDER,2026-01-29,87.4001,89.7346,-2.6,71.0549,2026-05-13,72,-18.7,88.7791,2026-02-09,7,1.58,24.94,,,,,,,,-0.35,-6.46,-4.74,1.58,-12.17,-9.22,-11.64,-11.12,-4.94,-13.48,-10.35
GD,"GENERAL DYNAMICS INFORMATION TECHNOLOGY, INC.",89303022FCF000025,2025-09-08,110000.0,Department of Energy,Department of Energy,BPA CALL,2025-09-08,317.1253,317.2629,-0.04,315.7594,2025-09-09,1,-0.43,363.8908,2026-01-15,90,14.75,15.24,16.0,35.0,,,,,,-0.43,2.14,1.32,0.79,-0.02,2.36,6.42,4.94,8.77,4.51,14.75
HII,HUNTINGTON INGALLS INCORPORATED,N0002419C4313,2026-02-17,605966.0,Department of Defense,Department of the Navy,DEFINITIVE CONTRACT,2026-02-17,414.7372,415.6801,-0.23,278.19,2026-06-22,86,-32.92,451.7788,2026-03-02,9,8.93,62.4,2.0,,,,,,,1.69,4.72,7.16,6.02,5.71,3.13,2.75,-8.79,-11.92,-19.76,-32.01
LDOS,"LEIDOS, INC.",47QFCA23F0039,2026-01-02,1359966.0,General Services Administration,Federal Acquisition Service,DELIVERY ORDER,2026-01-02,182.372,179.3204,1.7,123.7329,2026-05-13,90,-32.15,197.153,2026-01-09,5,8.1,59.34,1.0,,,,,,,6.55,7.16,8.1,6.81,6.12,4.23,3.44,-11.96,-5.97,-15.02,-32.15
HII,HUNTINGTON INGALLS INCORPORATED,N0002421C4205,2025-12-11,548565.0,Department of Defense,Department of the Navy,DEFINITIVE CONTRACT,2025-12-11,324.3016,320.7481,1.11,318.9118,2025-12-17,4,-1.66,451.7788,2026-03-02,53,39.31,41.66,7.0,15.0,18.0,20.0,24.0,,,0.06,0.02,-1.25,8.2,7.47,7.05,26.0,29.4,30.05,27.02,13.64
BAH,BOOZ ALLEN HAMILTON INC,1333BJ24F00280006,2025-11-10,0.0,Department of Commerce,U.S. Patent and Trademark Office,DELIVERY ORDER,2025-11-10,85.4299,85.5767,-0.17,73.705,2026-02-23,70,-13.72,100.6977,2026-01-23,50,17.87,36.62,19.0,41.0,50.0,,,,,-0.26,-3.54,-5.85,-7.26,-6.88,-4.95,7.25,-2.4,11.97,2.63,-7.17
LDOS,"LEIDOS, INC.",89243318CFE000003,2025-11-19,560309.0,Department of Energy,Department of Energy,DEFINITIVE CONTRACT,2025-11-19,187.6217,187.5522,0.04,153.6473,2026-03-30,88,-18.11,197.153,2026-01-09,34,5.08,28.32,34.0,,,,,,,-1.86,-1.25,0.62,-0.4,1.71,-0.46,-2.16,3.57,-0.85,-9.12,-17.14
LMT,LOCKHEED MARTIN CORPORATION,W31P4Q23C0035,2026-03-26,847894.91,Department of Defense,Department of the Army,DEFINITIVE CONTRACT,2026-03-26,623.2499,620.1403,0.5,491.64,2026-06-24,61,-21.12,633.7512,2026-04-06,6,1.68,28.91,,,,,,,,-1.83,-3.66,-0.72,0.06,-2.17,-3.16,-18.17,-19.26,-17.13,-19.19,-7.32
BA,THE BOEING COMPANY,N0001920F0647,2025-11-04,0.0,Department of Defense,Department of the Navy,DELIVERY ORDER,2025-11-04,198.05,204.55,-3.18,179.12,2025-11-24,14,-9.56,252.15,2026-01-23,54,27.32,40.77,31.0,35.0,40.0,46.0,,,,-0.22,-1.74,-1.43,-1.75,-4.25,-9.56,1.93,4.18,18.42,17.66,6.45
HII,HUNTINGTON INGALLS INC,N0002415C2114,2026-03-31,0.0,Department of Defense,Department of the Navy,DEFINITIVE CONTRACT,2026-03-31,378.2663,367.4928,2.93,268.76,2026-07-21,76,-28.95,409.581,2026-04-08,5,8.28,52.4,3.0,,,,,,,3.53,7.31,8.28,3.82,4.8,-0.44,-4.11,-12.02,-22.14,-25.45,-12.55
NOC,NORTHROP GRUMMAN SYSTEMS CORPORATION,W519TC24F0190,2026-03-25,0.0,Department of Defense,Department of the Army,DELIVERY ORDER,2026-03-25,688.1812,679.1708,1.33,496.02,2026-06-29,65,-27.92,699.4217,2026-04-02,6,1.63,41.01,,,,,,,,0.11,-2.84,0.84,0.66,-0.09,-1.83,-16.8,-20.1,-18.45,-26.28,-19.85
BA,THE BOEING COMPANY,FA813826FB001,2026-01-05,0.0,Department of Defense,Department of the Air Force,DELIVERY ORDER,2026-01-05,228.13,227.77,0.16,189.21,2026-03-30,58,-17.06,252.15,2026-01-23,13,10.53,33.26,5.0,12.0,,,,,,0.75,-0.33,5.12,6.35,9.15,8.9,3.43,4.73,-6.15,-9.12,0.47
TXT,TEXTRON AVIATION DEFENSE LLC,FA869124CB012,2025-10-16,5123410.0,Department of Defense,Department of the Air Force,DEFINITIVE CONTRACT,2025-10-16,81.596,82.4554,-1.04,79.3674,2025-10-30,10,-2.73,100.7265,2026-02-20,86,23.45,26.91,39.0,46.0,61.0,81.0,,,,-0.36,1.68,-2.67,-1.45,-2.73,-1.69,-1.14,1.85,9.59,14.54,20.82
GD,"GENERAL DYNAMICS INFORMATION TECHNOLOGY, INC.",W91RUS24F0042,2026-03-11,3634811.2,Department of Defense,Department of the Army,DELIVERY ORDER,2026-03-11,350.6707,352.395,-0.49,311.1606,2026-04-27,32,-11.27,376.88,2026-07-06,79,7.47,21.12,78.0,,,,,,,0.39,0.14,-0.14,-2.28,-0.38,-3.0,-4.84,-9.51,-3.29,-1.64,4.86
BAH,BOOZ ALLEN HAMILTON INC,W56KGU25F0019,2026-03-09,504000.0,Department of Defense,Department of the Army,DELIVERY ORDER,2026-03-09,80.8214,81.278,-0.56,59.71,2026-06-25,75,-26.12,83.4516,2026-04-07,20,3.25,39.76,,,,,,,,-4.8,-5.31,-6.96,-3.4,-1.88,-3.61,0.21,-0.53,-7.37,-3.6,-19.32
NOC,NORTHROP GRUMMAN SYSTEMS CORP,FA811026FB001,2026-01-29,2047212.23,Department of Defense,Department of the Air Force,DELIVERY ORDER,2026-01-29,690.0928,683.9199,0.9,526.06,2026-06-03,86,-23.77,764.6547,2026-03-02,21,10.8,45.36,14.0,21.0,,,,,,-0.44,1.38,0.17,0.38,-0.04,5.97,10.8,5.85,0.38,-17.0,-20.49
NOC,NORTHROP GRUMMAN SYSTEMS CORP,N0001925F2133,2025-08-28,0.0,Department of Defense,Department of the Navy,DELIVERY ORDER,2025-08-28,578.825,577.5549,0.22,541.3857,2025-12-01,65,-6.47,630.571,2025-10-08,28,8.94,16.47,26.0,,,,,,,0.36,-0.78,-0.82,-2.39,-1.65,-2.02,1.43,6.47,-0.37,-3.23,-1.07
HON,HONEYWELL BUILDING SOLUTIONS SES CORP,N6258308F0095,2025-11-25,1331793.0,Department of Defense,Department of the Navy,DELIVERY ORDER,2025-11-25,198.2563,195.8069,1.25,197.1873,2025-11-26,1,-0.54,258.7145,2026-03-02,64,30.49,31.2,26.0,32.0,38.0,46.0,64.0,,,-0.54,-0.42,1.28,0.16,0.54,3.79,3.32,8.56,19.13,27.53,22.3
BA,THE BOEING COMPANY,N0001923F0685,2025-12-11,300000.0,Department of Defense,Department of the Navy,DELIVERY ORDER,2025-12-11,200.71,198.72,1.0,189.21,2026-03-30,73,-5.73,252.15,2026-01-23,28,25.63,33.26,6.0,14.0,19.0,21.0,,,,1.83,2.99,3.77,8.04,7.84,13.48,21.84,21.85,19.04,6.67,16.66
LDOS,"LEIDOS, INC.",N0016722F3005,2025-10-16,123465.38,Department of Defense,Department of the Navy,DELIVERY ORDER,2025-10-16,182.8909,185.0332,-1.16,160.5633,2026-02-17,83,-12.21,197.9062,2025-11-04,13,8.21,23.26,13.0,,,,,,,0.05,4.74,3.79,2.55,3.53,5.78,3.8,3.63,0.37,6.5,-4.42
PSN,PARSONS GOVERNMENT SERVICES INC.,W911QX21F0013,2026-03-16,140000.0,Department of Defense,Department of the Army,DELIVERY ORDER,2026-03-16,52.6,54.95,-4.28,47.05,2026-06-25,70,-10.55,60.84,2026-06-02,54,15.67,29.31,13.0,16.0,53.0,,,,,3.0,-4.64,-2.22,2.36,-0.74,7.19,7.55,-1.44,-3.14,7.36,11.65
ONDS,"CONDOR RELIABILITY SERVICES, INC.",6973GH25F00951,2026-03-02,184546.57,Department of Transportation,Federal Aviation Administration,DELIVERY ORDER,2026-03-02,10.67,10.08,5.85,7.26,2026-07-10,90,-31.96,13.58,2026-06-02,64,27.27,87.05,11.0,61.0,61.0,61.0,,,,-6.09,-1.69,-8.9,-7.87,-1.31,-5.72,-15.28,-11.9,-12.56,1.22,-31.96
PSN,PARSONS GOVERNMENT SERVICES INC.,47QFCA21F0003,2026-02-10,1252547.0,General Services Administration,Federal Acquisition Service,DELIVERY ORDER,2026-02-10,70.21,69.48,1.05,48.65,2026-06-22,90,-30.71,70.21,2026-02-10,0,0.0,44.32,,,,,,,,-14.19,-9.73,-9.24,-6.67,-7.16,-5.06,-19.09,-23.32,-20.21,-27.05,-30.71
GD,"GENERAL DYNAMICS MISSION SYSTEMS, INC.",N0002419C6102,2025-11-10,603632.0,Department of Defense,Department of the Navy,DEFINITIVE CONTRACT,2025-11-10,344.9407,341.8317,0.91,328.0535,2025-12-01,14,-4.9,364.0791,2026-01-16,46,5.55,10.98,45.0,,,,,,,0.84,-1.55,-2.21,-1.84,-3.25,-4.9,-2.08,-1.62,5.49,3.45,-0.2
NOC,NORTHROP GRUMMAN SYSTEMS CORPORATION,W31P4Q24F0030,2025-11-24,6290157.0,Department of Defense,Department of the Army,DELIVERY ORDER,2025-11-24,559.0184,560.1452,-0.2,541.3857,2025-12-01,4,-3.15,764.6547,2026-03-02,65,36.79,41.24,27.0,32.0,34.0,42.0,58.0,,,0.68,1.18,-2.9,-1.82,-2.25,2.22,3.39,4.88,22.9,29.19,22.98
CAT,CATERPILLAR INC,W911RQ26FA020,2026-01-06,1008000.0,Department of Defense,Department of the Army,DELIVERY ORDER,2026-01-06,619.3055,612.3579,1.13,592.8969,2026-01-07,1,-4.26,925.2136,2026-05-06,83,49.4,56.05,16.0,18.0,22.0,25.0,73.0,,,-4.26,-0.88,2.16,3.87,3.82,2.78,9.12,22.34,12.72,15.38,43.17
LDOS,"LEIDOS, INC.",693KA818F00069,2026-03-23,5555944.56,Department of Transportation,Federal Aviation Administration,DELIVERY ORDER,2026-03-23,161.9679,165.2861,-2.01,100.0,2026-06-25,65,-38.26,161.9679,2026-03-23,0,0.0,61.97,,,,,,,,-2.18,-3.05,-5.14,-4.02,-2.26,-3.05,-7.28,-15.6,-19.64,-32.91,-28.63
BA,THE BOEING COMPANY,FA862819F1003,2025-09-02,-2838104.41,Department of Defense,Department of the Air Force,DELIVERY ORDER,2025-09-02,237.38,234.68,1.15,179.12,2025-11-24,59,-24.54,237.38,2025-09-02,0,0.0,32.53,,,,,,,,-2.11,-3.27,-3.31,-7.33,-9.42,-10.65,-9.34,-9.72,-16.57,-23.14,-1.2
NOC,NORTHROP GRUMMAN SYSTEMS CORPORATION,FA862017F1016,2025-09-16,0.0,Department of Defense,Department of the Air Force,DELIVERY ORDER,2025-09-16,572.6588,567.8945,0.84,541.3857,2025-12-01,53,-5.46,667.8622,2026-01-23,89,16.62,23.36,10.0,16.0,85.0,,,,,-0.39,-1.09,-0.39,1.11,5.17,6.76,5.1,2.71,-2.17,-3.75,14.55
LDOS,"LEIDOS, INC.",47QFCA21C0002,2025-11-12,0.0,General Services Administration,Federal Acquisition Service,DEFINITIVE CONTRACT,2025-11-12,191.43,196.6169,-2.64,158.3208,2026-03-25,90,-17.3,197.153,2026-01-09,39,2.99,24.53,,,,,,,,-0.88,-2.19,-1.99,-3.38,-1.38,-2.37,-1.7,-3.49,-0.86,1.11,-17.3
BA,THE BOEING COMPANY,FA867822C0003,2026-01-07,0.0,Department of Defense,Department of the Air Force,DEFINITIVE CONTRACT,2026-01-07,228.12,229.84,-0.75,189.21,2026-03-30,56,-17.06,252.15,2026-01-23,11,10.53,33.26,3.0,10.0,,,,,,-0.32,5.12,6.35,8.57,10.21,5.9,6.54,1.71,-7.99,-6.93,-3.29
BA,THE BOEING COMPANY,FA813825F1010,2025-08-28,5064000.0,Department of Defense,Department of the Air Force,DELIVERY ORDER,2025-08-28,236.16,235.62,0.23,179.12,2025-11-24,61,-24.15,237.38,2025-09-02,2,0.52,32.53,,,,,,,,-0.63,-1.6,-2.77,-2.81,-8.56,-8.68,-8.08,-10.77,-14.88,-23.91,-3.4
HII,HUNTINGTON INGALLS INC,N0002425C2127,2025-12-22,32700016.0,Department of Defense,Department of the Navy,DEFINITIVE CONTRACT,2025-12-22,350.9032,334.1482,5.01,337.5528,2025-12-31,6,-3.8,451.7788,2026-03-02,46,28.75,33.84,11.0,13.0,14.0,17.0,,,,0.28,-0.68,-3.26,-1.07,0.83,16.45,18.4,4.49,26.13,15.77,3.11
GD,"GENERAL DYNAMICS INFORMATION TECHNOLOGY, INC.",75P00120C00069,2025-09-15,-58752056.64,Department of Health and Human Services,Office of the Assistant Secretary for Administration,DEFINITIVE CONTRACT,2025-09-15,321.3115,320.4958,0.25,317.0664,2025-09-22,5,-1.32,364.0791,2026-01-16,86,13.31,14.83,14.0,78.0,,,,,,-0.18,-0.74,-1.32,-1.03,1.59,5.09,3.06,8.67,4.99,2.68,12.04
PSN,PARSONS GOVERNMENT SERVICES INC.,W56KGU25F0014,2025-09-22,531666.0,Department of Defense,Department of the Army,DELIVERY ORDER,2025-09-22,81.33,81.9,-0.7,60.2,2025-12-17,61,-25.98,89.29,2025-10-08,12,9.79,48.32,8.0,,,,,,,-1.48,-2.0,0.66,4.81,8.61,5.56,4.35,-1.96,2.13,-24.15,-13.86
LMT,LOCKHEED MARTIN CORPORATION,H9225425F2884,2025-12-08,1342502.0,Department of Defense,U.S. Special Operations Command,DELIVERY ORDER,2025-12-08,459.9293,446.9037,2.91,459.9293,2025-12-08,0,0.0,672.2988,2026-03-02,56,46.17,46.17,14.0,19.0,22.0,25.0,35.0,,,0.32,2.04,4.09,2.02,3.91,5.05,11.4,27.62,36.97,45.11,25.56
ACN,ACCENTURE FEDERAL SERVICES LLC,19AQMM24F1069,2025-09-30,1990620.94,Department of State,Department of State,DELIVERY ORDER,2025-09-30,241.621,242.013,-0.16,228.8639,2026-02-05,88,-5.28,282.7142,2026-01-14,73,17.01,23.53,44.0,45.0,73.0,,,,,-1.17,-0.52,1.88,2.21,-0.97,-1.79,0.47,-1.64,10.64,9.48,-3.99
NOC,NORTHROP GRUMMAN SYSTEMS CORPORATION,HC108425F0276,2025-08-26,0.0,Department of Defense,Defense Information Systems Agency,DELIVERY ORDER,2025-08-26,583.8659,577.6829,1.07,541.3857,2025-12-01,67,-7.28,630.571,2025-10-08,30,8.0,16.47,29.0,,,,,,,-1.08,-0.5,-1.64,-1.68,-1.83,-1.92,-0.83,8.0,-0.97,-4.35,3.91
NOC,NORTHROP GRUMMAN SYSTEMS CORPORATION,N0001913C9999,2026-01-15,0.0,Department of Defense,Department of the Navy,DEFINITIVE CONTRACT,2026-01-15,649.6609,648.202,0.23,538.3207,2026-05-15,83,-17.14,764.6547,2026-03-02,30,17.7,42.04,8.0,22.0,30.0,,,,,1.88,1.46,2.8,3.69,5.75,6.4,7.1,17.7,4.21,4.23,-15.51
GD,"GENERAL DYNAMICS MISSION SYSTEMS, INC.",S0701A22F1013,2026-03-09,-199792.93,Department of Defense,Defense Contract Management Agency,DELIVERY ORDER,2026-03-09,358.7276,360.224,-0.42,311.1606,2026-04-27,34,-13.26,376.88,2026-07-06,81,5.06,21.12,81.0,,,,,,,-1.77,-1.86,-2.11,-2.38,-4.04,-4.2,-3.3,-9.65,-3.84,-6.46,2.75
BAH,BOOZ ALLEN HAMILTON INC,N0018925F3032,2025-09-08,0.0,Department of Defense,Department of the Navy,DELIVERY ORDER,2025-09-08,99.5116,100.2553,-0.74,78.7024,2025-11-20,53,-20.91,102.3789,2025-09-12,4,2.88,30.08,,,,,,,,1.41,2.11,-0.07,-0.11,-1.87,-2.57,2.31,-0.73,-14.15,-19.19,-3.88
NOC,NORTHROP GRUMMAN SYSTEMS CORPORATION,W52P1J22C0024,2026-03-26,0.0,Department of Defense,Department of the Army,DEFINITIVE CONTRACT,2026-03-26,688.9578,688.1812,0.11,496.02,2026-06-29,64,-28.0,699.4217,2026-04-02,5,1.52,41.01,,,,,,,,-1.88,-1.41,1.52,-0.22,-2.64,-2.78,-16.87,-20.59,-21.73,-25.51,-19.09
NOC,NORTHROP GRUMMAN SYSTEMS CORPORATION,NNM07AA75C,2025-08-28,0.0,National Aeronautics and Space Administration,National Aeronautics and Space Administration,DEFINITIVE CONTRACT,2025-08-28,578.825,577.5549,0.22,541.3857,2025-12-01,65,-6.47,630.571,2025-10-08,28,8.94,16.47,26.0,,,,,,,0.36,-0.78,-0.82,-2.39,-1.65,-2.02,1.43,6.47,-0.37,-3.23,-1.07
NOC,NORTHROP GRUMMAN SYSTEMS CORPORATION,80AFRC21F0031,2025-09-29,1401676.41,National Aeronautics and Space Administration,National Aeronautics and Space Administration,DELIVERY ORDER,2025-09-29,587.1195,587.6434,-0.09,541.3857,2025-12-01,44,-7.79,703.7488,2026-02-06,90,19.86,29.99,7.0,74.0,83.0,,,,,2.58,1.86,4.13,7.4,4.19,0.09,0.18,-5.22,-7.54,-1.95,19.86
PSN,PARSONS GOVERNMENT SERVICES INC.,HR001122C0027,2025-10-16,0.0,Department of Defense,Department of the Air Force,DEFINITIVE CONTRACT,2025-10-16,83.17,84.11,-1.12,60.2,2025-12-17,43,-27.62,86.61,2025-11-11,18,4.14,43.87,,,,,,,,-0.52,2.04,1.38,0.91,-0.24,-0.31,-0.65,1.82,-26.2,-16.82,-20.27
LMT,LOCKHEED MARTIN CORPORATION,N0001924F1060,2025-08-18,350296.73,Department of Defense,Department of the Navy,DELIVERY ORDER,2025-08-18,429.0674,426.0683,0.7,429.0674,2025-08-18,0,0.0,504.3876,2025-10-06,34,17.55,17.55,13.0,25.0,33.0,,,,,0.1,1.49,1.61,3.14,3.44,4.95,8.15,14.12,11.9,4.49,11.88
HII,HUNTINGTON INGALLS INCORPORATED,N0002422C2300,2026-02-18,0.0,Department of Defense,Department of the Navy,DEFINITIVE CONTRACT,2026-02-18,421.7449,414.7372,1.69,277.39,2026-06-29,90,-34.23,451.7788,2026-03-02,8,7.12,62.87,4.0,,,,,,,4.3,3.09,2.52,4.95,3.18,-1.43,-1.22,-7.14,-12.61,-20.45,-34.23
GD,"GENERAL DYNAMICS INFORMATION TECHNOLOGY, INC.",0004,2026-03-09,3581530.03,Department of Defense,Defense Information Systems Agency,DELIVERY ORDER,2026-03-09,358.7276,360.224,-0.42,311.1606,2026-04-27,34,-13.26,376.88,2026-07-06,81,5.06,21.12,81.0,,,,,,,-1.77,-1.86,-2.11,-2.38,-4.04,-4.2,-3.3,-9.65,-3.84,-6.46,2.75
LMT,LOCKHEED MARTIN CORPORATION,HR001124C0304,2025-08-26,4919345.78,Department of Defense,Defense Advanced Research Projects Agency,DEFINITIVE CONTRACT,2025-08-26,443.4982,435.9615,1.73,434.0461,2025-12-01,67,-2.13,505.5783,2026-01-05,90,14.0,16.48,18.0,24.0,,,,,,-0.22,0.04,-0.69,2.6,2.59,4.9,7.12,13.68,7.34,3.93,14.0
BAH,BOOZ ALLEN HAMILTON INC,FA807523F0021,2025-09-17,480000.0,Department of Defense,Department of the Air Force,DELIVERY ORDER,2025-09-17,99.404,99.6486,-0.25,78.7024,2025-11-20,46,-20.83,101.8113,2025-10-07,14,2.42,29.36,,,,,,,,-0.36,-1.76,-2.26,-2.46,1.0,2.42,-4.23,-18.46,-20.3,-6.48,-11.25
ACN,ACCENTURE FEDERAL SERVICES LLC,89303024FIM000144,2025-10-21,4876587.64,Department of Energy,Department of Energy,BPA CALL,2025-10-21,245.4521,237.2903,3.44,187.6335,2026-02-25,86,-23.56,282.7143,2026-01-14,58,15.18,50.67,30.0,52.0,58.0,,,,,-0.55,-1.14,1.13,-0.5,-3.04,-2.38,-3.76,8.92,7.77,14.25,-16.21
NOC,NORTHROP GRUMMAN SYSTEMS CORPORATION,N6893625F0172,2025-09-08,2495550.34,Department of Defense,Department of the Navy,DELIVERY ORDER,2025-09-08,575.1694,574.0822,0.19,541.3857,2025-12-01,59,-5.87,649.6609,2026-01-15,90,12.95,20.0,20.0,89.0,,,,,,-1.76,0.18,-1.26,-0.83,-0.99,2.17,6.83,3.45,-3.25,-5.62,12.95
HII,HUNTINGTON INGALLS INCORPORATED,N0002423C2307,2026-03-25,757.0,Department of Defense,Department of the Navy,DEFINITIVE CONTRACT,2026-03-25,400.8288,400.3509,0.12,268.76,2026-07-21,80,-32.95,409.581,2026-04-08,9,2.18,52.4,,,,,,,,-4.41,-8.32,-2.3,1.27,0.2,-1.1,-10.75,-21.82,-23.12,-30.6,-19.4
GD,"GENERAL DYNAMICS MISSION SYSTEMS, INC.",N0003020C0003,2025-08-25,-53407.0,Department of Defense,Department of the Navy,DEFINITIVE CONTRACT,2025-08-25,314.3444,314.0692,0.09,314.3444,2025-08-25,0,0.0,349.165,2025-10-27,44,11.08,11.08,25.0,43.0,,,,,,0.72,1.57,1.41,0.8,0.45,2.22,1.17,7.36,8.85,7.16,7.82
BAH,BOOZ ALLEN HAMILTON INC,FA807521F0005,2026-01-14,-144619.0,Department of Defense,Department of the Air Force,DELIVERY ORDER,2026-01-14,94.9059,93.8815,1.09,71.0549,2026-05-13,82,-25.13,100.6977,2026-01-23,6,6.1,41.72,6.0,,,,,,,0.79,-3.0,-0.61,-2.51,-7.91,-11.74,-17.05,-17.56,-16.39,-14.44,-16.43
LDOS,"LEIDOS, INC.",DTFA0101CA0065CALL0001,2025-08-14,-487500.0,Department of Transportation,Federal Aviation Administration,DELIVERY ORDER,2025-08-14,176.5851,180.0586,-1.93,175.7835,2025-08-15,1,-0.45,197.9062,2025-11-04,57,12.07,12.59,24.0,36.0,,,,,,-0.45,0.17,1.12,1.78,1.64,0.08,2.63,3.85,3.63,10.63,4.72
NOC,NORTHROP GRUMMAN SYSTEMS CORPORATION,FA229124FB011,2025-08-21,0.0,Department of Defense,Department of the Air Force,DELIVERY ORDER,2025-08-21,587.9913,583.3932,0.79,541.3857,2025-12-01,70,-7.93,630.571,2025-10-08,33,7.24,16.47,33.0,,,,,,,-0.8,-0.7,-1.56,-0.93,-2.37,-2.0,-3.15,2.47,1.8,-6.2,-3.02
LDOS,"LEIDOS, INC.",W56KGY17F0005,2025-09-25,-188.64,Department of Defense,Defense Contract Management Agency,DELIVERY ORDER,2025-09-25,180.8578,185.8563,-2.69,179.3204,2025-12-31,67,-0.85,197.9062,2025-11-04,28,9.43,10.36,4.0,,,,,,,1.39,3.62,5.77,8.6,6.41,2.31,4.17,6.8,4.79,1.5,3.57
LDOS,"LEIDOS, INC.",15JPSS21F00000506,2026-03-16,118102.64,Department of Justice,"Offices, Boards and Divisions",DELIVERY ORDER,2026-03-16,166.8606,172.8195,-3.45,100.0,2026-06-25,70,-40.07,168.3852,2026-03-17,1,0.91,68.39,,,,,,,,0.91,-0.9,-2.93,-5.12,-7.92,-4.77,-5.02,-12.72,-24.78,-27.33,-32.79
CACI,"CACI TECHNOLOGIES, LLC",W56KGU21F0013,2025-09-15,-300.0,Department of Defense,Department of the Army,DELIVERY ORDER,2025-09-15,495.06,495.96,-0.18,476.24,2025-09-25,8,-3.8,662.19,2026-01-23,90,33.76,39.05,14.0,28.0,28.0,46.0,89.0,,,-0.75,0.29,1.36,0.44,-1.41,7.1,3.89,16.9,18.43,19.01,33.76
NOC,NORTHROP GRUMMAN SYSTEMS CORPORATION,HTC71120FD069,2026-03-06,-188747.72,Department of Defense,USTRANSCOM,DELIVERY ORDER,2026-03-06,752.8167,736.7673,2.18,496.02,2026-06-29,78,-34.11,752.8167,2026-03-06,0,0.0,51.77,,,,,,,,-1.16,-3.04,-2.97,-4.25,-6.5,-8.48,-8.68,-13.11,-27.5,-28.72,-31.11
BA,THE BOEING COMPANY,N0001918F2523,2026-01-14,-800000.0,Department of Defense,Department of the Navy,DELIVERY ORDER,2026-01-14,242.61,244.55,-0.79,189.21,2026-03-30,51,-22.01,252.15,2026-01-23,6,3.93,33.26,,,,,,,,2.11,2.63,3.63,2.4,-3.53,-2.75,0.14,-6.22,-19.57,-8.44,-9.77
BA,THE BOEING COMPANY,FA811818F0249,2026-02-09,0.0,Department of Defense,Department of the Air Force,DELIVERY ORDER,2026-02-09,244.71,243.03,0.69,189.21,2026-03-30,34,-22.68,244.71,2026-02-09,0,0.0,29.33,,,,,,,,-0.87,-2.19,-0.27,-4.5,-4.63,-6.12,-12.51,-19.73,-8.49,-6.04,-8.99
NOC,NORTHROP GRUMMAN SYSTEMS CORPORATION,80ARC024CA007,2026-01-05,2040845.0,National Aeronautics and Space Administration,National Aeronautics and Space Administration,DEFINITIVE CONTRACT,2026-01-05,606.6982,581.2321,4.38,545.8078,2026-05-11,87,-10.04,764.6547,2026-03-02,38,26.04,40.1,7.0,13.0,20.0,31.0,,,,-0.12,-3.36,2.94,6.84,7.52,8.12,12.83,18.57,20.32,14.38,-9.96
GD,"GENERAL DYNAMICS INFORMATION TECHNOLOGY, INC.",47QFSA24F0054,2026-02-04,-612310.2,General Services Administration,Federal Acquisition Service,DELIVERY ORDER,2026-02-04,350.195,352.1175,-0.55,311.1606,2026-04-27,56,-11.15,362.8304,2026-03-04,19,3.61,16.61,,,,,,,,-0.37,1.9,-1.99,-1.62,0.27,-2.89,2.86,-1.06,-4.72,-1.68,2.22
GD,GENERAL DYNAMICS LAND SYSTEMS INC.,W31P4Q23F0188,2025-11-26,0.0,Department of Defense,Department of the Army,DELIVERY ORDER,2025-11-26,335.6137,336.6303,-0.3,328.0535,2025-12-01,2,-2.25,364.0791,2026-01-16,34,8.48,10.98,26.0,,,,,,,0.47,-1.25,0.49,-1.19,0.42,-1.07,0.13,6.15,4.92,1.32,1.55
LMT,LOCKHEED MARTIN CORPORATION,N0001923F0157,2026-03-24,3087337.0,Department of Defense,Department of the Navy,DELIVERY ORDER,2026-03-24,606.2015,612.2419,-0.99,491.64,2026-06-24,63,-18.9,633.7512,2026-04-06,8,4.54,28.91,,,,,,,,2.3,0.93,-0.95,2.07,3.0,0.23,-13.17,-15.72,-11.96,-15.71,-3.28
NOC,NORTHROP GRUMMAN SYSTEMS CORPORATION,FA882024CB001,2026-02-27,111455632.0,Department of Defense,Department of the Air Force,DEFINITIVE CONTRACT,2026-02-27,721.2059,707.7849,1.9,496.02,2026-06-29,83,-31.22,764.6547,2026-03-02,1,6.02,54.16,1.0,,,,,,,6.02,4.07,4.38,1.46,1.29,-1.41,-7.29,-5.95,-21.73,-23.13,-26.2
LDOS,"LEIDOS, INC.",HT942525F0081,2026-02-02,-68022.37,Department of Defense,Defense Health Agency,DELIVERY ORDER,2026-02-02,186.9147,187.1532,-0.13,121.2617,2026-06-10,89,-35.12,193.5547,2026-02-10,6,3.55,59.62,,,,,,,,0.93,-1.04,3.48,-8.0,-14.1,-8.53,-6.03,-9.91,-14.36,-22.21,-34.92
BAH,BOOZ ALLEN HAMILTON INC,W519TC24C0033,2025-08-26,1516318.9,Department of Defense,Department of the Army,DEFINITIVE CONTRACT,2025-08-26,107.9078,107.0956,0.76,78.7024,2025-11-20,61,-27.07,108.3971,2025-08-27,1,0.45,37.73,,,,,,,,0.45,-1.41,-3.19,-7.09,-7.05,-7.65,-11.55,-6.66,-24.88,-26.58,-18.45
GD,"GENERAL DYNAMICS INFORMATION TECHNOLOGY, INC.",692M1519F00415,2026-02-12,219991.0,Department of Transportation,Federal Aviation Administration,DELIVERY ORDER,2026-02-12,337.6884,343.2281,-1.61,311.1606,2026-04-27,50,-7.86,362.8304,2026-03-04,13,7.45,16.61,11.0,,,,,,,2.02,2.56,3.13,3.06,4.78,5.85,3.99,1.76,-2.07,1.43,1.52
GD,"GENERAL DYNAMICS GLOBAL FORCE, LLC",W56JSR21F0043,2025-11-21,-1442290.0,Department of Defense,Department of the Army,DELIVERY ORDER,2025-11-21,335.9098,335.0215,0.27,328.0534,2025-12-01,5,-2.34,364.0791,2026-01-16,37,8.39,10.98,29.0,,,,,,,-0.65,-0.09,-2.34,-0.66,-1.27,-0.84,1.03,1.56,3.24,3.68,3.67
LDOS,"LEIDOS, INC.",W5J9CQ24F0003,2026-03-31,0.0,Department of Defense,Department of the Army,DELIVERY ORDER,2026-03-31,154.9726,153.6473,0.86,100.0,2026-06-25,59,-35.47,160.0746,2026-04-08,5,3.29,60.07,,,,,,,,0.32,2.54,3.29,-1.7,2.26,-1.49,-4.05,-20.16,-19.9,-34.34,-10.24
ACN,ACCENTURE FEDERAL SERVICES LLC,W912D122F0001,2025-10-23,491740.26,Department of Defense,Department of the Army,DELIVERY ORDER,2025-10-23,244.7662,244.1098,0.27,187.6335,2026-02-25,84,-23.34,282.7143,2026-01-14,56,15.5,50.67,28.0,50.0,56.0,,,,,-0.86,1.42,-0.22,-0.55,-3.39,-1.31,0.82,6.72,8.62,12.37,-14.33
GE,GENERAL ELECTRIC COMPANY,N0042125F0023,2025-11-12,0.0,Department of Defense,Defense Contract Management Agency,DELIVERY ORDER,2025-11-12,307.8343,309.5278,-0.55,282.5118,2025-12-10,19,-8.23,344.8073,2026-03-02,73,12.01,22.05,35.0,67.0,,,,,,-1.57,-2.88,-2.65,-6.98,-4.01,-6.64,-2.98,1.98,1.19,2.48,-3.78
LDOS,"LEIDOS, INC.",15JPSS21F00000540,2026-04-06,0.0,Department of Justice,"Offices, Boards and Divisions",DELIVERY ORDER,2026-04-06,158.9087,158.261,0.41,100.0,2026-06-25,56,-37.07,160.0746,2026-04-08,2,0.73,60.07,,,,,,,,-0.38,-2.41,-1.18,-0.27,-2.92,-8.41,-13.97,-21.72,-22.54,-35.14,-10.26
GD,"GENERAL DYNAMICS MISSION SYSTEMS, INC.",W15P7T21F0186,2026-03-12,570787.25,Department of Defense,Department of the Army,DELIVERY ORDER,2026-03-12,352.0383,350.6707,0.39,311.1606,2026-04-27,31,-11.61,376.88,2026-07-06,78,7.06,21.12,77.0,,,,,,,-1.04,0.3,-1.58,-2.21,0.01,-1.32,-3.63,-11.42,-5.4,-3.6,6.0
CACI,"CACI TECHNOLOGIES, LLC",W909MY23F0055,2025-09-26,100000.0,Department of Defense,Department of the Army,DELIVERY ORDER,2025-09-26,485.59,476.24,1.96,485.59,2025-09-26,0,0.0,662.19,2026-01-23,81,36.37,36.37,3.0,19.0,19.0,19.0,77.0,,,0.51,6.09,9.19,8.31,5.1,6.72,19.18,21.35,26.08,13.26,23.22
LMT,LOCKHEED MARTIN CORPORATION,FA854019F0077,2025-12-11,0.0,Department of Defense,Department of the Air Force,DELIVERY ORDER,2025-12-11,469.318,462.4593,1.48,464.6335,2025-12-18,5,-1.0,672.2988,2026-03-02,53,43.25,44.69,15.0,19.0,20.0,22.0,32.0,,,1.13,0.46,-1.0,1.83,1.72,4.67,17.57,25.28,36.84,37.49,12.15
SATL,IRIDIUM SATELLITE LLC,FA254124CB001,2026-02-03,0.0,Department of Defense,Department of the Air Force,DEFINITIVE CONTRACT,2026-02-03,4.18,3.68,13.59,2.85,2026-02-12,7,-31.82,10.74,2026-05-26,77,156.94,276.84,33.0,33.0,33.0,34.0,35.0,36.0,67.0,-10.05,-13.88,-20.57,-31.82,-25.24,-22.73,-23.44,-29.19,72.25,54.55,59.33
LMT,LOCKHEED MARTIN CORPORATION,SPRRA224F0095,2025-09-05,0.0,Department of Defense,Defense Logistics Agency,DELIVERY ORDER,2025-09-05,455.0121,448.0971,1.54,434.0461,2025-12-01,60,-4.61,565.9924,2026-01-14,90,24.39,30.4,15.0,21.0,87.0,89.0,,,,-1.03,-0.01,1.6,2.25,1.95,4.41,10.85,6.74,-1.2,-4.61,24.39
BA,THE BOEING COMPANY,NNM07AB03C,2025-09-22,0.0,National Aeronautics and Space Administration,National Aeronautics and Space Administration,DEFINITIVE CONTRACT,2025-09-22,212.09,215.65,-1.65,179.12,2025-11-24,45,-15.55,252.15,2026-01-23,85,18.89,40.77,12.0,76.0,78.0,,,,,2.0,0.68,2.35,1.47,3.6,-0.64,2.44,-3.56,-15.55,-2.54,10.2
BA,THE BOEING COMPANY,FA813426FB002,2026-03-30,0.0,Department of Defense,Department of the Air Force,DELIVERY ORDER,2026-03-30,189.21,190.52,-0.69,189.21,2026-03-30,0,0.0,240.6,2026-05-13,31,27.16,27.16,1.0,3.0,6.0,16.0,,,,5.19,10.05,10.99,16.3,18.27,18.96,18.45,25.19,11.29,15.28,23.89
LMT,LOCKHEED MARTIN CORPORATION,FA854025FB012,2026-03-18,36678.0,Department of Defense,Department of the Air Force,DELIVERY ORDER,2026-03-18,638.1027,632.1913,0.94,491.64,2026-06-24,67,-22.95,638.1027,2026-03-18,0,0.0,29.79,,,,,,,,-0.74,-4.05,-2.81,-4.12,-3.84,-2.15,-7.8,-19.35,-18.6,-15.32,-8.9
BAH,BOOZ ALLEN HAMILTON INC,47QFLA21F0126,2025-12-04,49531.08,General Services Administration,Federal Acquisition Service,DELIVERY ORDER,2025-12-04,86.3363,81.2536,6.26,73.705,2026-02-23,53,-14.63,100.6977,2026-01-23,33,16.63,36.62,4.0,25.0,33.0,,,,,0.41,3.29,7.68,4.81,-1.87,-2.85,2.73,6.63,2.62,-9.93,-4.94
NOC,NORTHROP GRUMMAN SYSTEMS CORPORATION,N0010421CFA49,2025-10-27,0.0,Department of Defense,Department of the Navy,DEFINITIVE CONTRACT,2025-10-27,589.0569,598.5755,-1.59,541.3857,2025-12-01,24,-8.09,764.6547,2026-03-02,85,29.81,41.24,52.0,54.0,63.0,77.0,,,,-0.15,-2.91,-3.45,-4.27,-5.53,-6.37,-4.45,-7.23,-3.93,13.38,26.31
LMT,LOCKHEED MARTIN CORPORATION,FA300223F0150,2026-03-19,0.0,Department of Defense,Department of the Air Force,DELIVERY ORDER,2026-03-19,633.3637,638.1027,-0.74,491.64,2026-06-24,66,-22.38,633.7512,2026-04-06,11,0.06,28.91,,,,,,,,-1.58,-4.29,-1.6,-6.11,-2.31,-2.14,-8.82,-19.57,-16.36,-16.26,-10.13
LMT,LOCKHEED MARTIN CORPORATION,N0003024C0100,2026-03-04,9200000.0,Department of Defense,Department of the Navy,DEFINITIVE CONTRACT,2026-03-04,660.1583,663.4766,-0.5,491.64,2026-06-24,77,-25.53,667.4009,2026-03-06,2,1.1,35.75,,,,,,,,-1.43,-0.05,-2.26,-2.78,-3.34,-8.17,-6.27,-8.58,-22.89,-20.17,-21.99
GE,GENERAL ELECTRIC COMPANY,N0042125F0020,2026-03-20,0.0,Department of Defense,Defense Contract Management Agency,DELIVERY ORDER,2026-03-20,286.433,291.2469,-1.65,272.9098,2026-03-30,6,-4.72,378.68,2026-07-06,72,32.21,38.76,12.0,16.0,55.0,60.0,68.0,,,1.66,3.41,-1.39,-1.05,0.66,7.52,-0.02,-2.19,9.66,22.64,23.95
LMT,LOCKHEED MARTIN CORPORATION,FA862123F6255,2026-03-30,0.0,Department of Defense,Department of the Air Force,DELIVERY ORDER,2026-03-30,594.6769,611.8347,-2.8,491.64,2026-06-24,59,-17.33,633.7512,2026-04-06,4,6.57,28.91,4.0,,,,,,,0.97,4.05,4.87,4.23,2.17,-2.89,-14.83,-12.96,-13.9,-15.08,-1.13
BA,"BOEING AEROSPACE OPERATIONS, INC.",W58RGZ15C0060,2025-09-16,-143269.84,Department of Defense,Department of the Army,DEFINITIVE CONTRACT,2025-09-16,215.02,215.75,-0.34,179.12,2025-11-24,49,-16.7,252.15,2026-01-23,89,17.27,40.77,75.0,81.0,84.0,,,,,-0.18,0.29,0.61,-0.69,0.38,2.19,-0.47,3.86,-11.81,-7.58,15.54
NOC,NORTHROP GRUMMAN SYSTEMS CORPORATION,HR001125C0009,2026-01-21,0.0,Department of Defense,Defense Advanced Research Projects Agency,DEFINITIVE CONTRACT,2026-01-21,659.1386,652.3305,1.04,538.3207,2026-05-15,80,-18.33,764.6547,2026-03-02,27,16.01,42.04,9.0,20.0,27.0,,,,,0.95,-0.48,3.76,4.23,3.85,3.14,8.94,11.78,4.52,0.49,-18.19
NOC,NORTHROP GRUMMAN SYSTEMS CORPORATION,N0038325FBH0D,2025-09-04,3257760.0,Department of Defense,Department of the Navy,DELIVERY ORDER,2025-09-04,573.0541,574.2897,-0.22,541.3857,2025-12-01,61,-5.53,630.571,2025-10-08,24,10.04,16.47,18.0,24.0,,,,,,0.18,-1.4,0.55,-0.9,-1.04,1.12,5.14,3.32,-1.35,-1.3,8.33
BA,THE BOEING COMPANY,N6893625F5092,2026-02-11,626824.0,Department of Defense,Department of the Navy,DELIVERY ORDER,2026-02-11,236.26,242.59,-2.61,189.21,2026-03-30,32,-19.91,244.04,2026-02-17,3,3.29,28.98,,,,,,,,1.31,3.29,-1.08,-2.46,-2.9,-3.79,-11.16,-17.73,-5.45,0.47,-8.27
CACI,"CACI, INC. - FEDERAL",47QFCA25F0014,2026-02-23,996123.0,General Services Administration,Federal Acquisition Service,DELIVERY ORDER,2026-02-23,570.99,586.03,-2.57,443.26,2026-06-25,85,-22.37,633.21,2026-03-09,10,10.9,42.85,4.0,6.0,,,,,,2.63,4.58,9.45,9.38,10.9,6.26,1.0,-0.33,-10.91,-13.6,-11.94
BA,THE BOEING COMPANY,N6893626F5003,2025-12-22,20518631.69,Department of Defense,Department of the Navy,DELIVERY ORDER,2025-12-22,216.84,214.08,1.29,189.21,2026-03-30,66,-12.74,252.15,2026-01-23,21,16.28,33.26,7.0,13.0,19.0,,,,,0.0,-0.18,0.77,5.04,5.2,12.78,16.28,9.27,4.93,-10.02,2.06
PSN,PARSONS GOVERNMENT SERVICES INC.,HQ014717C0034,2026-02-10,-1615.35,Department of Defense,Missile Defense Agency,DEFINITIVE CONTRACT,2026-02-10,70.21,69.48,1.05,48.65,2026-06-22,90,-30.71,70.21,2026-02-10,0,0.0,44.32,,,,,,,,-14.19,-9.73,-9.24,-6.67,-7.16,-5.06,-19.09,-23.32,-20.21,-27.05,-30.71
GD,"GENERAL DYNAMICS INFORMATION TECHNOLOGY, INC.",IND17PD00060,2025-12-31,0.0,Department of the Interior,Departmental Offices,DELIVERY ORDER,2025-12-31,332.2777,335.0511,-0.83,311.1606,2026-04-27,79,-6.36,364.0791,2026-01-16,11,9.57,17.01,2.0,,,,,,,2.0,7.14,4.39,7.21,9.51,9.11,3.3,3.68,7.96,1.64,3.81
BAH,BOOZ ALLEN HAMILTON INC,47QFPA22F0007,2025-09-11,4219727.85,General Services Administration,Federal Acquisition Service,DELIVERY ORDER,2025-09-11,101.6156,100.3043,1.31,78.7024,2025-11-20,50,-22.55,102.3789,2025-09-12,1,0.75,30.08,,,,,,,,0.75,-1.94,-2.53,-3.9,-6.08,-1.19,-6.45,-3.42,-18.9,-14.69,-7.36
LDOS,"LEIDOS, INC.",HT942525F0011,2026-01-29,919413.6,Department of Defense,Defense Health Agency,DELIVERY ORDER,2026-01-29,186.0698,186.6463,-0.31,122.3678,2026-06-08,89,-34.24,193.5547,2026-02-10,8,4.02,58.17,,,,,,,,0.58,1.39,-0.59,3.95,-8.41,-5.83,-4.16,-7.12,-14.6,-22.75,-33.85
LDOS,"LEIDOS, INC.",HC102821F0002,2025-09-23,277657.22,Department of Defense,Defense Information Systems Agency,DELIVERY ORDER,2025-09-23,185.5687,186.3224,-0.4,179.3204,2025-12-31,69,-3.37,197.9062,2025-11-04,30,6.65,10.36,9.0,,,,,,,0.15,-1.18,0.99,3.09,5.29,-0.63,0.73,6.65,2.35,-2.85,0.73
LDOS,"LEIDOS, INC.",HC102826F0011,2026-01-30,938772.43,Department of Defense,Defense Information Systems Agency,DELIVERY ORDER,2026-01-30,187.1532,186.0698,0.58,121.2617,2026-06-10,90,-35.21,193.5547,2026-02-10,7,3.42,59.62,,,,,,,,-0.13,0.08,2.5,3.42,-6.36,-7.85,-4.05,-10.84,-15.41,-22.18,-35.21
LDOS,"LEIDOS, INC.",W15P7T24F0017,2025-12-10,0.0,Department of Defense,Department of the Army,DELIVERY ORDER,2025-12-10,186.7588,183.4265,1.82,150.1795,2026-04-22,90,-19.59,197.153,2026-01-09,20,5.57,31.28,17.0,,,,,,,1.18,-1.03,-3.47,-1.7,-0.67,-3.98,4.11,0.86,-14.03,-8.18,-19.59
BA,THE BOEING COMPANY,FA813421F0001,2026-04-07,0.0,Department of Defense,Department of the Air Force,DELIVERY ORDER,2026-04-07,210.0,212.3,-1.08,204.8,2026-07-21,72,-2.48,240.6,2026-05-13,26,14.57,17.48,4.0,11.0,,,,,,3.71,3.63,6.56,4.23,4.36,10.16,9.49,2.39,-0.48,7.85,10.32
LMT,LOCKHEED MARTIN CORPORATION,N0001918C1048,2025-09-03,-9738980.0,Department of Defense,Defense Contract Management Agency,DEFINITIVE CONTRACT,2025-09-03,440.4564,443.8305,-0.76,434.0461,2025-12-01,62,-1.46,544.7837,2026-01-12,90,23.69,25.51,8.0,19.0,86.0,89.0,,,,1.73,2.24,3.3,4.95,5.36,8.38,11.2,11.21,5.36,1.14,23.69
LDOS,"LEIDOS, INC.",HC104726F0005,2026-03-31,4001245.51,Department of Defense,Defense Information Systems Agency,DELIVERY ORDER,2026-03-31,154.9726,153.6473,0.86,100.0,2026-06-25,59,-35.47,160.0746,2026-04-08,5,3.29,60.07,,,,,,,,0.32,2.54,3.29,-1.7,2.26,-1.49,-4.05,-20.16,-19.9,-34.34,-10.24
BAH,BOOZ ALLEN HAMILTON INC,W56KGU24F0009,2026-01-29,3000.0,Department of Defense,Department of the Army,DELIVERY ORDER,2026-01-29,87.4001,89.7346,-2.6,71.0549,2026-05-13,72,-18.7,88.7791,2026-02-09,7,1.58,24.94,,,,,,,,-0.35,-6.46,-4.74,1.58,-12.17,-9.22,-11.64,-11.12,-4.94,-13.48,-10.35
NOC,NORTHROP GRUMMAN SYSTEMS CORP,FA868124FB014,2026-03-02,0.0,Department of Defense,Department of the Air Force,DELIVERY ORDER,2026-03-02,764.6547,721.2059,6.02,496.02,2026-06-29,82,-35.13,764.6547,2026-03-02,0,0.0,54.16,,,,,,,,-1.16,-3.65,-2.69,-4.54,-4.17,-7.95,-11.17,-11.44,-27.27,-28.21,-29.43
IBM,INTERNATIONAL BUSINESS MACHINES CORPORATION,36C10B23F0039,2026-03-12,488240.04,Department of Veterans Affairs,Department of Veterans Affairs,DELIVERY ORDER,2026-03-12,244.1192,245.2921,-0.48,204.3044,2026-07-22,90,-16.31,326.8851,2026-06-02,56,33.9,60.0,53.0,54.0,54.0,54.0,55.0,,,-0.57,3.4,1.09,0.31,-2.43,-1.83,-3.98,-6.34,-10.81,14.21,-16.31
GD,"GENERAL DYNAMICS INFORMATION TECHNOLOGY, INC.",HC102819F0141,2025-09-23,0.0,Department of Defense,Defense Information Systems Agency,BPA CALL,2025-09-23,317.597,317.0663,0.17,317.597,2025-09-23,0,0.0,364.0791,2026-01-16,80,14.64,14.64,5.0,71.0,,,,,,0.13,2.21,5.51,5.52,6.26,3.92,5.11,6.74,5.99,4.54,8.08
TXT,TEXTRON SYSTEMS CORPORATION,N0001924F0105,2026-01-08,107545.44,Department of Defense,Department of the Navy,DELIVERY ORDER,2026-01-08,91.6704,88.5418,3.53,85.9317,2026-03-30,55,-6.26,100.7265,2026-02-20,29,9.88,17.22,8.0,,,,,,,2.31,1.95,2.02,1.58,3.59,-4.24,4.1,7.73,0.19,-4.37,-3.83
BA,THE BOEING COMPANY,HQ085623F0006,2025-11-25,7250000.0,Department of Defense,Missile Defense Agency,DELIVERY ORDER,2025-11-25,182.44,179.12,1.85,182.44,2025-11-25,0,0.0,252.15,2026-01-23,39,38.21,38.21,4.0,4.0,17.0,25.0,31.0,,,2.46,2.2,11.02,10.66,8.92,13.3,18.64,28.55,27.72,27.93,19.38
BAH,BOOZ ALLEN HAMILTON INC,N0017821F3011,2026-02-12,1027606.0,Department of Defense,Department of the Navy,DELIVERY ORDER,2026-02-12,76.762,78.5941,-2.33,62.68,2026-06-24,90,-18.34,83.4516,2026-04-07,36,8.71,33.14,15.0,,,,,,,2.56,1.23,-0.17,-2.12,1.93,3.18,-2.04,1.49,4.36,-3.09,-18.34
GD,"GENERAL DYNAMICS INFORMATION TECHNOLOGY, INC.",68HERC24F0021,2025-09-25,0.0,Environmental Protection Agency,Environmental Protection Agency,DELIVERY ORDER,2025-09-25,318.8057,318.0097,0.25,318.8057,2025-09-25,0,0.0,364.0791,2026-01-16,78,14.2,14.2,3.0,69.0,,,,,,1.82,5.11,5.12,6.8,5.65,2.8,8.59,5.35,5.76,5.06,9.85
HII,HUNTINGTON INGALLS INCORPORATED,N0002423C2307,2026-03-26,24041.0,Department of Defense,Department of the Navy,DEFINITIVE CONTRACT,2026-03-26,383.1353,400.8288,-4.41,268.76,2026-07-21,79,-29.85,409.581,2026-04-08,8,6.9,52.4,6.0,,,,,,,-0.78,-1.27,3.07,4.55,2.5,2.96,-6.86,-17.8,-22.64,-26.01,-17.08
CACI,"CACI TECHNOLOGIES, LLC",W56KGU20F0012,2025-09-16,0.0,Department of Defense,Department of the Army,DELIVERY ORDER,2025-09-16,491.37,495.06,-0.75,476.24,2025-09-25,7,-3.08,662.19,2026-01-23,89,34.76,39.05,12.0,27.0,27.0,39.0,88.0,,,0.87,1.51,0.32,-3.08,1.51,7.66,5.24,16.51,21.55,21.39,30.81
LMT,LOCKHEED MARTIN CORPORATION,N0002424C5510,2026-01-06,3450000.0,Department of Defense,Department of the Navy,DEFINITIVE CONTRACT,2026-01-06,515.9257,505.5783,2.05,491.0505,2026-01-07,1,-4.82,672.2988,2026-03-02,37,30.31,36.91,4.0,7.0,16.0,17.0,37.0,,,-4.82,4.0,6.95,10.7,12.3,13.97,16.69,27.67,25.71,19.93,-0.63
LDOS,"LEIDOS, INC.",FA231825FB002,2026-03-06,2309262.43,Department of Defense,Department of the Air Force,DELIVERY ORDER,2026-03-06,176.8254,174.6088,1.27,100.0,2026-06-25,76,-43.45,178.4655,2026-03-09,1,0.93,78.47,,,,,,,,0.93,-2.54,-2.27,-4.77,-6.53,-11.2,-10.47,-12.75,-28.05,-28.53,-38.76
BA,THE BOEING COMPANY,FA852623F0003,2026-03-17,0.0,Department of Defense,Department of the Air Force,DELIVERY ORDER,2026-03-17,210.82,213.47,-1.24,189.21,2026-03-30,9,-10.25,240.6,2026-05-13,40,14.13,27.16,18.0,26.0,,,,,,-2.29,-7.45,-6.83,-7.81,-5.59,-0.39,3.82,6.3,5.4,5.13,0.32
TXT,TEXTRON SYSTEMS CORP,N0002417C2480,2025-08-25,0.0,Department of Defense,Department of the Navy,DEFINITIVE CONTRACT,2025-08-25,80.6869,81.4562,-0.94,79.3674,2025-10-30,47,-1.64,90.8408,2025-12-22,83,12.58,14.46,26.0,82.0,,,,,,0.77,-0.37,-1.52,0.71,-0.28,1.84,2.5,5.31,-0.98,-1.1,7.84
BAH,BOOZ ALLEN HAMILTON INC,89703025FAR400021,2026-03-03,7000000.0,Department of Energy,Department of Energy,DELIVERY ORDER,2026-03-03,78.6081,77.2284,1.79,59.71,2026-06-25,79,-24.04,83.4516,2026-04-07,24,6.16,39.76,23.0,,,,,,,-1.07,3.4,-2.12,-2.64,-2.63,0.88,1.48,3.91,-3.69,2.34,-17.57
BA,THE BOEING COMPANY,N0001924C0025,2025-12-10,466256878.0,Department of Defense,Department of the Navy,DEFINITIVE CONTRACT,2025-12-10,198.72,200.37,-0.82,189.21,2026-03-30,74,-4.79,252.15,2026-01-23,29,26.89,33.26,7.0,15.0,17.0,21.0,,,,1.0,3.41,3.83,7.73,9.78,9.26,20.68,25.02,22.81,9.58,16.38
NOC,NORTHROP GRUMMAN SYSTEMS CORPORATION,W519TC24F0213,2025-10-23,0.0,Department of Defense,Defense Contract Management Agency,DELIVERY ORDER,2025-10-23,598.7336,589.5807,1.55,541.3857,2025-12-01,26,-9.58,764.6547,2026-03-02,87,27.71,41.24,56.0,58.0,66.0,79.0,,,,-0.03,-1.76,-4.48,-5.01,-5.58,-7.79,-6.45,-9.0,-4.23,10.09,23.05
ACN,ACCENTURE FEDERAL SERVICES LLC,47QFCA21F0065,2026-01-27,592253.0,General Services Administration,Federal Acquisition Service,DELIVERY ORDER,2026-01-27,270.2314,275.0423,-1.75,157.7433,2026-05-13,74,-41.63,270.2314,2026-01-27,0,0.0,71.31,,,,,,,,-1.95,-4.41,-12.54,-15.31,-12.67,-20.27,-24.81,-26.95,-28.55,-34.81,-34.82
IBM,INTERNATIONAL BUSINESS MACHINES CORPORATION,HQC00720F0017,2025-11-04,50014.43,Department of Defense,Defense Commissary Agency,DELIVERY ORDER,2025-11-04,293.2271,297.0087,-1.27,220.139,2026-02-23,74,-24.93,308.6917,2025-11-12,6,5.27,40.23,6.0,,,,,,,1.97,1.84,4.85,1.89,-3.09,1.64,2.94,1.38,1.68,5.19,-13.91
BAH,BOOZ ALLEN HAMILTON INC,W912HQ23F0238,2026-04-01,212979.2,Department of Defense,Department of the Army,DELIVERY ORDER,2026-04-01,79.7693,77.4468,3.0,59.71,2026-06-25,58,-25.15,83.4516,2026-04-07,3,4.62,39.76,,,,,,,,3.43,4.62,-1.05,1.79,2.89,-3.73,-2.56,-8.7,-1.11,-22.24,-1.5
BA,THE BOEING COMPANY,SPRPA124F0014,2026-01-21,1251201.03,Department of Defense,Defense Logistics Agency,DELIVERY ORDER,2026-01-21,250.07,249.0,0.43,189.21,2026-03-30,47,-24.34,252.15,2026-01-23,2,0.83,33.26,,,,,,,,0.54,-0.66,-3.39,-6.54,-5.65,-2.99,-7.21,-11.2,-22.28,-10.67,-10.31
GD,"GENERAL DYNAMICS INFORMATION TECHNOLOGY, INC.",91003122C0003,2025-09-08,-11462.86,Department of Education,Department of Education,DEFINITIVE CONTRACT,2025-09-08,317.1253,317.2629,-0.04,315.7594,2025-09-09,1,-0.43,363.8908,2026-01-15,90,14.75,15.24,16.0,35.0,,,,,,-0.43,2.14,1.32,0.79,-0.02,2.36,6.42,4.94,8.77,4.51,14.75
LMT,LOCKHEED MARTIN CORPORATION,FA873023FB014,2025-09-15,-493646.85,Department of Defense,Department of the Air Force,DELIVERY ORDER,2025-09-15,464.1829,462.2801,0.41,434.0461,2025-12-01,54,-6.49,586.9539,2026-01-22,89,26.45,35.23,11.0,78.0,81.0,84.0,,,,0.23,0.08,1.51,2.75,3.96,6.6,6.75,2.89,-0.52,-0.59,25.79
BAH,BOOZ ALLEN HAMILTON INC,FA807522F0042,2026-02-25,0.0,Department of Defense,Department of the Air Force,DELIVERY ORDER,2026-02-25,74.5486,75.1342,-0.78,59.71,2026-06-25,83,-19.9,83.4516,2026-04-07,28,11.94,39.76,1.0,26.0,,,,,,6.2,3.59,4.31,9.03,1.11,2.68,6.95,5.88,3.54,1.65,-15.08
BAH,BOOZ ALLEN HAMILTON INC,FA807521F0075,2026-01-08,29821.07,Department of Defense,Department of the Air Force,DELIVERY ORDER,2026-01-08,92.8078,88.9072,4.39,71.0549,2026-05-13,86,-23.44,100.6977,2026-01-23,10,8.5,41.72,10.0,,,,,,,2.08,1.16,3.07,-0.81,8.5,-5.83,-4.34,-20.58,-18.98,-10.08,-17.65
CACI,"CACI, INC. - FEDERAL",80TECH24CA002,2025-12-15,0.0,National Aeronautics and Space Administration,National Aeronautics and Space Administration,DEFINITIVE CONTRACT,2025-12-15,567.41,572.45,-0.88,501.9,2026-04-27,90,-11.55,662.19,2026-01-23,26,16.7,31.94,17.0,21.0,25.0,,,,,-1.27,-3.25,-3.07,-4.05,-5.01,-1.4,10.59,9.82,3.28,6.93,-11.55
HON,"HONEYWELL INTERNATIONAL, INC",FA442725P0119,2025-09-19,1235061.84,Department of Defense,Department of the Air Force,PURCHASE ORDER,2025-09-19,203.5888,204.3959,-0.39,195.2672,2025-11-20,44,-4.09,235.8484,2026-01-29,90,15.85,20.78,24.0,82.0,90.0,,,,,-0.18,-0.37,-0.56,0.54,-0.15,-2.45,-1.6,2.03,-3.13,0.66,15.85
PSN,AMENTUM PARSONS LOGISTICS SERVICES LLC,W519TC24F0212,2025-11-14,33087069.48,Department of Defense,Department of the Army,DELIVERY ORDER,2025-11-14,82.63,85.25,-3.07,50.04,2026-03-20,85,-39.44,84.68,2025-11-28,9,2.48,69.22,,,,,,,,-1.33,0.8,-1.15,1.91,0.07,-19.34,-25.34,-24.66,-12.43,-24.16,-36.45
BAH,BOOZ ALLEN HAMILTON INC,FA807524F0040,2026-01-21,1091456.95,Department of Defense,Department of the Air Force,DELIVERY ORDER,2026-01-21,94.1376,92.0592,2.26,71.0549,2026-05-13,78,-24.52,100.6977,2026-01-23,2,6.97,41.72,2.0,,,,,,,0.2,-1.72,-4.68,-7.48,-11.02,-5.88,-18.59,-15.86,-15.31,-13.79,-11.38
GD,"GENERAL DYNAMICS MISSION SYSTEMS, INC.",FA821424C0003,2026-03-12,701570.74,Department of Defense,Department of the Air Force,DEFINITIVE CONTRACT,2026-03-12,352.0383,350.6707,0.39,311.1606,2026-04-27,31,-11.61,376.88,2026-07-06,78,7.06,21.12,77.0,,,,,,,-1.04,0.3,-1.58,-2.21,0.01,-1.32,-3.63,-11.42,-5.4,-3.6,6.0
HON,"HONEYWELL FEDERAL MANUFACTURING & TECHNOLOGIES, LLC",DENA0002839,2026-03-31,73379474.48,Department of Energy,Department of Energy,DEFINITIVE CONTRACT,2026-03-31,235.7573,233.0975,1.14,215.9203,2026-06-10,49,-8.41,249.4599,2026-05-29,41,5.81,15.53,41.0,,,,,,,0.96,0.96,2.85,3.99,2.73,-1.69,-5.18,-3.57,-3.18,3.3,3.04
LMT,LOCKHEED MARTIN CORPORATION,H9222216C0096,2025-09-19,118993.81,Department of Defense,U.S. Special Operations Command,DEFINITIVE CONTRACT,2025-09-19,463.8789,464.5458,-0.14,434.0461,2025-12-01,50,-6.43,615.2189,2026-01-29,90,32.62,41.74,7.0,74.0,77.0,80.0,90.0,,,1.58,2.81,3.07,5.55,6.67,7.36,6.97,4.0,-2.57,3.21,32.62
LDOS,"LEIDOS, INC.",HC102825F0364,2025-10-23,0.0,Department of Defense,Defense Information Systems Agency,DELIVERY ORDER,2025-10-23,189.8135,186.9175,1.55,160.5633,2026-02-17,78,-15.41,197.9062,2025-11-04,8,4.26,23.26,,,,,,,,-0.75,-1.87,-0.25,0.87,1.76,0.85,-2.56,-2.39,-2.86,0.61,-8.01
HII,HUNTINGTON INGALLS INC,N0002421F6101,2026-02-04,2534171.0,Department of Defense,Department of the Navy,DELIVERY ORDER,2026-02-04,410.0819,426.4597,-3.84,287.54,2026-06-03,82,-29.88,451.7788,2026-03-02,17,10.17,57.12,10.0,17.0,,,,,,-10.59,-1.77,-4.95,1.37,7.26,5.43,4.19,1.59,-4.24,-12.44,-26.93
NOC,NORTHROP GRUMMAN SYSTEMS CORP,N0001925F2133,2025-08-28,4245278.0,Department of Defense,Department of the Navy,DELIVERY ORDER,2025-08-28,578.825,577.5549,0.22,541.3857,2025-12-01,65,-6.47,630.571,2025-10-08,28,8.94,16.47,26.0,,,,,,,0.36,-0.78,-0.82,-2.39,-1.65,-2.02,1.43,6.47,-0.37,-3.23,-1.07
LMT,LOCKHEED MARTIN CORPORATION,80GSFC21C0011,2026-02-13,6500305.87,National Aeronautics and Space Administration,National Aeronautics and Space Administration,DEFINITIVE CONTRACT,2026-02-13,644.9368,629.9642,2.38,491.64,2026-06-24,89,-23.77,672.2988,2026-03-02,10,4.24,36.75,,,,,,,,-0.46,2.13,1.23,-0.78,4.24,3.48,-1.98,-7.79,-11.89,-19.74,-21.69
GD,"GENERAL DYNAMICS-OTS, INC.",W31P4Q14C0154,2025-09-23,0.0,Department of Defense,Department of the Army,DEFINITIVE CONTRACT,2025-09-23,317.597,317.0663,0.17,317.597,2025-09-23,0,0.0,364.0791,2026-01-16,80,14.64,14.64,5.0,71.0,,,,,,0.13,2.21,5.51,5.52,6.26,3.92,5.11,6.74,5.99,4.54,8.08
LMT,LOCKHEED MARTIN CORPORATION,H9225421F2482,2025-11-06,1164822.0,Department of Defense,U.S. Special Operations Command,DELIVERY ORDER,2025-11-06,459.9359,464.0751,-0.89,434.0461,2025-12-01,16,-5.63,672.2988,2026-03-02,77,46.17,54.89,35.0,40.0,43.0,46.0,56.0,,,-2.25,-2.53,-2.79,0.4,-0.14,-3.15,-0.0,1.88,19.96,29.52,37.71
LMT,LOCKHEED MARTIN CORPORATION,HQ085321F0002,2025-09-25,0.0,Department of Defense,Missile Defense Agency,DELIVERY ORDER,2025-09-25,475.0605,476.9339,-0.39,434.0461,2025-12-01,46,-8.63,628.5509,2026-02-02,88,32.31,44.81,7.0,73.0,75.0,77.0,87.0,,,0.64,3.07,3.1,6.17,4.84,3.11,0.22,-3.18,-5.47,-1.36,25.39
CACI,"CACI, INC. - FEDERAL",47QFCA24F0011,2025-11-24,0.0,General Services Administration,Federal Acquisition Service,DELIVERY ORDER,2025-11-24,610.23,599.94,1.72,532.81,2025-12-31,25,-12.69,662.19,2026-01-23,40,8.51,24.28,39.0,,,,,,,1.27,1.13,-0.63,-0.76,-3.45,-7.02,-10.79,-4.28,1.7,-6.43,-6.74
IBM,INTERNATIONAL BUSINESS MACHINES CORPORATION,1333BJ23F00285006,2025-12-02,227848.21,Department of Commerce,U.S. Patent and Trademark Office,DELIVERY ORDER,2025-12-02,295.7552,299.5675,-1.27,220.139,2026-02-23,55,-25.57,308.4467,2026-02-02,41,4.29,40.11,,,,,,,,0.28,2.04,2.88,2.97,0.46,0.33,-3.41,-1.27,-0.94,-20.23,-19.93
BA,THE BOEING COMPANY,FA860922F0007,2026-01-29,2955510.31,Department of Defense,Department of the Air Force,DELIVERY ORDER,2026-01-29,234.04,241.59,-3.13,189.21,2026-03-30,41,-19.15,244.71,2026-02-09,7,4.56,29.33,,,,,,,,-0.14,-0.38,1.24,4.56,2.27,-0.14,-1.84,-10.32,-9.29,-1.16,-8.34
LMT,LOCKHEED MARTIN CORPORATION,FA861525FB001,2025-09-26,44417.39,Department of Defense,Department of the Air Force,DELIVERY ORDER,2025-09-26,478.1011,475.0605,0.64,434.0461,2025-12-01,45,-9.21,628.551,2026-02-02,87,31.47,44.81,6.0,72.0,74.0,77.0,86.0,,,0.93,2.37,3.5,4.85,3.61,1.19,-0.11,-5.97,-9.21,-0.04,25.92
IBM,INTERNATIONAL BUSINESS MACHINES CORPORATION,HQ042325FE014,2025-10-22,2786947.2,Department of Defense,Defense Finance and Accounting Service,DELIVERY ORDER,2025-10-22,280.225,274.9034,1.94,220.139,2026-02-23,83,-21.44,308.6917,2025-11-12,15,10.16,40.23,2.0,15.0,,,,,,-0.87,8.9,7.2,6.92,6.7,9.72,1.56,7.71,6.7,1.89,-12.05
NOC,NORTHROP GRUMMAN SYSTEMS CORPORATION,N6660425F3018,2026-01-22,239100.0,Department of Defense,Department of the Navy,DELIVERY ORDER,2026-01-22,665.3712,659.1386,0.95,536.59,2026-06-02,90,-19.35,764.6547,2026-03-02,26,14.92,42.5,8.0,26.0,,,,,,0.37,1.24,3.72,2.17,3.89,1.25,8.54,13.14,1.6,-1.69,-19.35
LDOS,"LEIDOS, INC.",FA703725F0042,2025-09-29,2375000.0,Department of Defense,Department of the Air Force,DELIVERY ORDER,2025-09-29,184.0811,183.3769,0.38,179.3204,2025-12-31,65,-2.59,197.9062,2025-11-04,26,7.51,10.36,4.0,,,,,,,1.8,3.92,6.7,6.8,0.18,-0.59,1.19,6.07,0.79,0.61,4.21
BA,THE BOEING COMPANY,N0038323FYY2J,2025-09-10,0.0,Department of Defense,Department of the Navy,DELIVERY ORDER,2025-09-10,227.52,229.52,-0.87,179.12,2025-11-24,53,-21.27,249.0,2026-01-20,90,9.44,39.01,85.0,,,,,,,-3.31,-5.17,-5.67,-5.22,-5.46,-5.14,-5.06,-4.8,-14.07,-11.27,9.44
BA,THE BOEING COMPANY,FA868121F1004,2026-02-12,33200.0,Department of Defense,Department of the Air Force,DELIVERY ORDER,2026-02-12,239.35,236.26,1.31,189.21,2026-03-30,31,-20.95,244.04,2026-02-17,2,1.96,28.98,,,,,,,,1.51,-0.18,-3.06,-2.49,-4.94,-7.22,-10.81,-20.4,-5.96,-0.48,-7.98
LMT,LOCKHEED MARTIN CORP,FA852521F0037,2026-02-06,0.0,Department of Defense,Department of the Air Force,DELIVERY ORDER,2026-02-06,616.2764,602.045,2.36,503.2157,2026-05-08,63,-18.35,672.2988,2026-03-02,15,9.09,33.6,8.0,,,,,,,2.36,0.82,4.65,4.21,5.94,5.53,4.98,-0.65,-1.41,-17.96,-13.62
NOC,NORTHROP GRUMMAN SYSTEMS CORPORATION,80MSFC24CA014,2025-09-23,-350225.0,National Aeronautics and Space Administration,National Aeronautics and Space Administration,DEFINITIVE CONTRACT,2025-09-23,570.4051,569.4859,0.16,541.3857,2025-12-01,48,-5.09,690.0928,2026-01-29,88,20.98,27.47,5.0,11.0,80.0,88.0,,,,1.59,3.02,5.59,4.84,7.72,7.24,3.36,0.01,-1.33,-1.84,19.19
BAH,BOOZ ALLEN HAMILTON INC,47QFAA24F0006,2025-10-28,465089.53,General Services Administration,Federal Acquisition Service,DELIVERY ORDER,2025-10-28,83.7271,84.6764,-1.12,73.705,2026-02-23,79,-11.97,100.6977,2026-01-23,59,20.27,36.62,28.0,31.0,59.0,59.0,,,,-3.19,1.87,-0.12,0.01,1.76,-3.93,-2.06,9.43,-0.13,10.5,-8.11
BA,THE BOEING COMPANY,FA236325CB003,2026-04-07,150000.0,Department of Defense,Department of the Air Force,DEFINITIVE CONTRACT,2026-04-07,210.0,212.3,-1.08,204.8,2026-07-21,72,-2.48,240.6,2026-05-13,26,14.57,17.48,4.0,11.0,,,,,,3.71,3.63,6.56,4.23,4.36,10.16,9.49,2.39,-0.48,7.85,10.32
NOC,NORTHROP GRUMMAN SYSTEMS CORPORATION,FA812825F0010,2026-04-03,0.0,Department of Defense,Department of the Air Force,DELIVERY ORDER,2026-04-06,692.7411,699.4217,-0.96,496.02,2026-06-29,58,-28.4,692.7411,2026-04-06,0,0.0,39.66,,,,,,,,-0.76,-0.75,-2.08,-2.47,-5.58,-17.34,-19.72,-20.95,-20.8,-24.94,-17.03
NOC,NORTHROP GRUMMAN SYSTEMS CORPORATION,M6785422F2109,2025-09-17,-39411.42,Department of Defense,Department of the Navy,DELIVERY ORDER,2025-09-17,570.4052,572.6587,-0.39,541.3857,2025-12-01,52,-5.09,673.6084,2026-01-27,90,18.09,24.42,9.0,15.0,84.0,,,,,-0.58,-0.16,1.59,3.02,4.91,7.72,3.79,1.37,-2.09,-2.56,18.09
LMT,LOCKHEED MARTIN CORPORATION,W31P4Q24C0007,2026-02-27,69079.74,Department of Defense,Department of the Army,DEFINITIVE CONTRACT,2026-02-27,650.3724,634.1151,2.56,491.64,2026-06-24,80,-24.41,672.2988,2026-03-02,1,3.37,36.75,,,,,,,,3.37,1.5,2.62,-0.52,-1.32,-2.62,-8.56,-5.34,-20.85,-18.6,-20.31
LMT,LOCKHEED MARTIN CORP,FA880725FB003,2025-12-18,1311000.0,Department of Defense,Department of the Air Force,DELIVERY ORDER,2025-12-18,464.6335,469.2291,-0.98,464.6335,2025-12-18,0,0.0,672.2988,2026-03-02,48,44.69,44.69,9.0,11.0,14.0,17.0,27.0,,,0.85,2.64,2.74,3.8,8.81,15.48,24.69,33.63,37.72,37.33,10.75
LMT,LOCKHEED MARTIN CORPORATION,FA861525FB001,2025-12-11,887598.0,Department of Defense,Department of the Air Force,DELIVERY ORDER,2025-12-11,469.318,462.4593,1.48,464.6335,2025-12-18,5,-1.0,672.2988,2026-03-02,53,43.25,44.69,15.0,19.0,20.0,22.0,32.0,,,1.13,0.46,-1.0,1.83,1.72,4.67,17.57,25.28,36.84,37.49,12.15
LMT,LOCKHEED MARTIN CORP,FA881018C0005,2026-03-06,0.0,Department of Defense,Department of the Air Force,DEFINITIVE CONTRACT,2026-03-06,667.4009,650.7399,2.56,491.64,2026-06-24,75,-26.34,667.4009,2026-03-06,0,0.0,35.75,,,,,,,,-1.13,-3.32,-3.84,-5.28,-6.6,-6.62,-6.56,-13.47,-23.75,-23.07,-23.06
CACI,"CACI, INC. - FEDERAL",FA251824F0006,2026-03-11,52000.0,Department of Defense,Department of the Air Force,DELIVERY ORDER,2026-03-11,604.38,591.71,2.14,440.76,2026-07-21,90,-27.07,612.93,2026-03-17,4,1.41,39.06,,,,,,,,1.37,0.16,0.72,0.33,-4.21,-10.01,-11.56,-12.89,-16.58,-12.07,-27.07
HON,HONEYWELL INTERNATIONAL INC.,N0038324FXP04,2025-11-17,29992.0,Department of Defense,Department of the Navy,DELIVERY ORDER,2025-11-17,203.508,206.5802,-1.49,195.2672,2025-11-20,3,-4.05,258.7145,2026-03-02,70,27.13,32.49,36.0,41.0,49.0,53.0,,,,-2.36,-4.05,-3.78,-3.11,-1.49,-2.09,1.94,-0.5,12.94,23.1,14.54
BAH,BOOZ ALLEN HAMILTON INC,49100424F0001,2025-12-17,3820000.0,National Science Foundation,National Science Foundation,DELIVERY ORDER,2025-12-17,85.2528,84.12,1.35,73.705,2026-02-23,44,-13.55,100.6977,2026-01-23,24,18.12,36.62,14.0,15.0,24.0,,,,,-0.62,-0.07,-1.62,-1.65,-1.92,8.86,7.98,1.1,-11.87,-10.22,-11.0
BA,THE BOEING COMPANY,FA813426FB005,2026-02-26,5101362.25,Department of Defense,Department of the Air Force,DELIVERY ORDER,2026-02-26,229.41,230.36,-0.41,189.21,2026-03-30,22,-17.52,240.6,2026-05-13,53,4.88,27.16,,,,,,,,-0.82,-2.31,-3.2,-1.92,-10.74,-10.21,-16.95,-5.13,-0.88,-4.53,-1.94
HII,HUNTINGTON INGALLS INC,N0002416C2116,2026-02-19,124800.0,Department of Defense,Department of the Navy,DEFINITIVE CONTRACT,2026-02-19,439.8598,421.7449,4.3,277.39,2026-06-29,89,-36.94,451.7788,2026-03-02,7,2.71,62.87,,,,,,,,-1.26,1.04,-0.03,2.71,-4.66,-6.35,-7.65,-10.22,-18.67,-26.17,-36.37
BA,THE BOEING COMPANY,FA852621F0010,2025-12-18,0.0,Department of Defense,Department of the Air Force,DELIVERY ORDER,2025-12-18,208.27,206.33,0.94,189.21,2026-03-30,68,-9.15,252.15,2026-01-23,23,21.07,33.26,9.0,11.0,15.0,21.0,,,,2.79,4.12,3.92,4.91,9.54,12.61,20.07,11.95,10.61,-1.09,9.97
GD,"GENERAL DYNAMICS INFORMATION TECHNOLOGY, INC.",47QFSA24F0091,2026-03-16,-7155.37,General Services Administration,Federal Acquisition Service,BPA CALL,2026-03-16,351.1761,348.3616,0.81,311.1606,2026-04-27,29,-11.39,386.75,2026-07-24,90,10.13,24.29,75.0,90.0,,,,,,0.54,-1.33,-1.97,-0.52,-3.83,-0.84,-3.92,-11.07,-3.57,-3.3,10.13
LMT,"LOCKHEED MARTIN GLOBAL, INC",W31P4Q25C0001,2026-01-23,6985421.39,Department of Defense,Department of the Army,DEFINITIVE CONTRACT,2026-01-23,583.9001,586.9539,-0.52,503.2157,2026-05-08,73,-13.82,672.2988,2026-03-02,25,15.14,33.6,4.0,15.0,25.0,,,,,-1.55,1.09,7.35,6.34,5.54,7.89,12.46,13.0,1.85,-2.68,-12.31
GD,"GENERAL DYNAMICS MISSION SYSTEMS, INC.",N0017325C2441,2026-03-26,272158.0,Department of Defense,Department of the Navy,DEFINITIVE CONTRACT,2026-03-26,352.0878,349.3328,0.79,311.1606,2026-04-27,21,-11.62,393.19,2026-07-28,84,11.67,26.36,67.0,83.0,,,,,,-2.4,-3.39,-1.74,-1.93,-5.23,-5.29,-11.62,-2.01,-4.08,-0.93,9.09
GD,"GENERAL DYNAMICS MISSION SYSTEMS, INC.",N6339424C0004,2026-01-29,4049755.0,Department of Defense,Department of the Navy,DEFINITIVE CONTRACT,2026-01-29,346.8057,353.4752,-1.89,311.1606,2026-04-27,60,-10.28,362.8304,2026-03-04,23,4.62,16.61,,,,,,,,0.33,1.53,0.6,2.9,-2.63,1.25,4.24,0.45,0.41,-10.28,-0.76
GD,"GENERAL DYNAMICS INFORMATION TECHNOLOGY, INC.",36C10D22N0007,2026-04-01,-1342442.8,Department of Veterans Affairs,Department of Veterans Affairs,DELIVERY ORDER,2026-04-01,347.3805,340.1362,2.13,311.1606,2026-04-27,17,-10.43,395.97,2026-08-10,89,13.99,27.26,63.0,78.0,,,,,,-0.41,-0.6,-1.89,-2.34,-4.01,-8.07,-0.88,-2.38,-0.71,-0.24,12.81
LDOS,"LEIDOS, INC.",N0018924FZA25,2025-09-26,261344.24,Department of Defense,Department of the Navy,DELIVERY ORDER,2025-09-26,183.3769,180.8578,1.39,179.3204,2025-12-31,66,-2.21,197.9062,2025-11-04,27,7.92,10.36,5.0,,,,,,,0.38,3.64,5.78,6.54,1.69,-0.27,2.28,6.53,1.9,0.85,0.87
CACI,"CACI NSS, LLC",N0003923F5002,2026-01-06,521767.65,Department of Defense,Department of the Navy,DELIVERY ORDER,2026-01-06,559.44,568.63,-1.62,480.99,2026-05-08,85,-14.02,662.19,2026-01-23,12,18.37,37.67,3.0,7.0,11.0,,,,,0.6,7.06,8.07,12.17,13.07,14.97,6.95,5.68,9.51,2.89,-12.96
LDOS,"LEIDOS, INC.",W56JSR24F0004,2025-09-18,3672430.54,Department of Defense,Department of the Army,DELIVERY ORDER,2025-09-18,185.6084,182.286,1.82,179.3204,2025-12-31,72,-3.39,197.9062,2025-11-04,33,6.63,10.36,12.0,,,,,,,0.16,-0.02,-2.56,-0.82,3.07,5.92,-1.41,2.01,-0.8,1.38,0.56
CACI,"CACI, INC. - FEDERAL",N0017824F3000,2025-11-06,90004.0,Department of Defense,Department of the Navy,DELIVERY ORDER,2025-11-06,584.4,588.57,-0.71,532.81,2025-12-31,37,-8.83,662.19,2026-01-23,52,13.31,24.28,13.0,51.0,,,,,,0.83,0.59,0.49,0.33,1.81,5.3,1.55,-4.76,3.45,3.54,4.88
ACN,ACCENTURE FEDERAL SERVICES LLC,89303024FIM000150,2026-01-12,39607.7,Department of Energy,Department of Energy,BPA CALL,2026-01-12,275.2873,275.0031,0.1,157.7433,2026-05-13,84,-42.7,282.7143,2026-01-14,2,2.7,79.22,,,,,,,,-1.48,2.42,-2.94,1.47,-1.84,-5.04,-17.98,-31.84,-30.54,-33.23,-36.16
GD,"GENERAL DYNAMICS INFORMATION TECHNOLOGY, INC.",70RDA126FR0000001,2026-03-04,0.0,Department of Homeland Security,Office of Procurement Operations,DELIVERY ORDER,2026-03-04,362.8304,361.4232,0.39,311.1606,2026-04-27,37,-14.24,376.88,2026-07-06,84,3.87,21.12,,,,,,,,-1.48,-1.13,-3.35,-3.99,-3.49,-5.43,-4.65,-8.1,-4.57,-4.83,1.84
LMT,LOCKHEED MARTIN CORPORATION,0706,2026-03-16,-36064.75,Department of Defense,Department of the Air Force,DELIVERY ORDER,2026-03-16,641.0037,641.7985,-0.12,491.64,2026-06-24,69,-23.3,641.0037,2026-03-16,0,0.0,30.38,,,,,,,,-1.37,-1.19,-4.49,-3.25,-7.23,-1.13,-5.29,-20.6,-18.38,-18.09,-9.11
NOC,NORTHROP GRUMMAN SYSTEMS CORPORATION,N0001924F0325,2025-10-22,0.0,Department of Defense,Defense Contract Management Agency,DELIVERY ORDER,2025-10-22,589.5807,592.4175,-0.48,541.3857,2025-12-01,27,-8.17,764.6547,2026-03-02,88,29.69,41.24,55.0,58.0,66.0,80.0,,,,1.55,-0.09,-1.93,-2.18,-4.36,-4.99,-4.88,-6.91,-2.81,10.64,27.3
NOC,NORTHROP GRUMMAN SYSTEMS CORPORATION,HR001124C0411,2025-12-29,1106339.0,Department of Defense,Defense Advanced Research Projects Agency,DEFINITIVE CONTRACT,2025-12-29,573.4117,573.0048,0.07,547.1121,2026-05-08,90,-4.59,764.6547,2026-03-02,42,33.35,39.76,4.0,11.0,13.0,21.0,42.0,,,-0.56,1.36,5.68,2.25,8.26,13.76,20.35,17.49,28.49,20.15,-4.59
NOC,NORTHROP GRUMMAN SYSTEMS CORP,FA811023F0003,2025-12-08,0.0,Department of Defense,Department of the Air Force,DELIVERY ORDER,2025-12-08,549.3748,544.8195,0.84,546.467,2025-12-09,1,-0.53,764.6547,2026-03-02,56,39.19,39.93,10.0,18.0,25.0,27.0,48.0,,,-0.53,1.17,4.02,1.92,5.62,4.38,6.73,21.11,25.56,37.03,19.06
GD,"GENERAL DYNAMICS INFORMATION TECHNOLOGY, INC.",HC101323F0152,2026-01-22,0.0,Department of Defense,Defense Information Systems Agency,BPA CALL,2026-01-22,362.543,361.5025,0.29,311.1606,2026-04-27,65,-14.17,363.3259,2026-01-27,3,0.22,16.76,,,,,,,,-0.7,0.22,-4.34,-5.32,-3.77,-5.33,-4.61,-0.64,-5.21,-8.79,-7.29
GD,"GENERAL DYNAMICS INFORMATION TECHNOLOGY, INC.",68HERD24F0102,2026-02-19,115948.82,Environmental Protection Agency,Environmental Protection Agency,BPA CALL,2026-02-19,351.1562,346.3498,1.39,311.1606,2026-04-27,46,-11.39,362.8304,2026-03-04,9,3.32,16.61,,,,,,,,-0.82,-0.89,-1.02,2.95,1.79,-0.14,-2.42,-1.48,-11.2,-5.16,0.44
BA,THE BOEING COMPANY,FA205724FB004,2025-08-20,45638.64,Department of Defense,Department of the Air Force,DELIVERY ORDER,2025-08-20,225.62,225.0,0.28,179.12,2025-11-24,67,-20.61,237.38,2025-09-02,8,5.21,32.53,8.0,,,,,,,-0.51,0.55,4.43,4.02,2.27,0.84,-4.42,-3.63,-3.48,-13.76,-3.71
BAH,BOOZ ALLEN HAMILTON INC,47QFDA22F0027,2026-01-28,20000.0,General Services Administration,Federal Acquisition Service,DELIVERY ORDER,2026-01-28,89.7346,88.2176,1.72,71.0549,2026-05-13,73,-20.82,89.7346,2026-01-28,0,0.0,26.29,,,,,,,,-2.6,-3.95,-6.65,-2.29,-12.41,-13.41,-12.81,-14.71,-8.05,-12.91,-12.37
ACN,ACCENTURE FEDERAL SERVICES LLC,2043FY25F00111,2026-03-19,0.0,Department of the Treasury,Internal Revenue Service,DELIVERY ORDER,2026-03-19,199.4402,191.2098,4.3,122.9615,2026-06-30,70,-38.35,199.4402,2026-03-19,0,0.0,62.2,,,,,,,,-1.75,-4.92,-3.5,-2.95,-1.09,-7.83,-3.36,-10.9,-11.2,-18.07,-13.17
BA,THE BOEING COMPANY,FA813425F0001,2026-02-10,0.0,Department of Defense,Defense Contract Management Agency,DELIVERY ORDER,2026-02-10,242.59,244.71,-0.87,189.21,2026-03-30,33,-22.0,244.04,2026-02-17,4,0.6,28.98,,,,,,,,-2.61,0.15,-1.51,-4.35,-5.04,-7.61,-15.59,-17.72,-9.77,-4.77,-8.97
GD,"GENERAL DYNAMICS ORDNANCE & TACTICAL SYSTEMS, INC.",W519TC24F0179,2025-09-04,-416934.0,Department of Defense,Department of the Army,DELIVERY ORDER,2025-09-04,316.8502,317.2138,-0.11,315.7594,2025-09-09,3,-0.34,358.571,2026-01-13,90,13.17,13.56,18.0,37.0,,,,,,0.13,-0.34,2.23,1.41,0.66,0.37,6.57,2.98,6.0,6.42,13.17
PSN,PARSONS GOVERNMENT SERVICES INC.,47QFCA21F0003,2025-09-29,0.0,General Services Administration,Federal Acquisition Service,DELIVERY ORDER,2025-09-29,81.87,81.46,0.5,60.2,2025-12-17,56,-26.47,89.29,2025-10-08,7,9.06,48.32,3.0,,,,,,,1.28,6.77,7.89,9.06,5.48,1.06,1.88,4.89,1.23,-23.37,-15.18
GD,"GENERAL DYNAMICS INFORMATION TECHNOLOGY, INC.",47QFMA25F0016,2025-09-25,0.0,General Services Administration,Federal Acquisition Service,DELIVERY ORDER,2025-09-25,318.8057,318.0097,0.25,318.8057,2025-09-25,0,0.0,364.0791,2026-01-16,78,14.2,14.2,3.0,69.0,,,,,,1.82,5.11,5.12,6.8,5.65,2.8,8.59,5.35,5.76,5.06,9.85
CACI,"CACI NSS, LLC",1232SA23F0139,2025-09-09,659825.09,Department of Agriculture,Agricultural Research Service,BPA CALL,2025-09-09,479.62,474.04,1.18,476.24,2025-09-25,12,-0.7,635.4,2026-01-16,90,32.48,33.42,16.0,18.0,32.0,32.0,89.0,,,1.38,3.41,2.45,3.52,2.78,1.76,9.82,11.27,22.57,23.61,32.48
SPIR,"PRO-SPHERE TEK, INC.",1333LB19F00000345,2025-09-04,-260615.82,Department of Commerce,U.S. Census Bureau,DELIVERY ORDER,2025-09-04,8.76,8.82,-0.68,7.02,2025-12-17,73,-19.86,14.05,2025-10-08,24,60.39,100.14,5.0,5.0,11.0,11.0,12.0,21.0,,1.26,2.28,11.76,12.33,14.95,33.33,56.74,36.64,-0.11,-6.51,20.89
CACI,"CACI, INC. - FEDERAL",N0018925F3025,2025-09-17,300000.0,Department of Defense,Department of the Navy,DELIVERY ORDER,2025-09-17,495.63,491.37,0.87,476.24,2025-09-25,6,-3.91,662.19,2026-01-23,88,33.61,39.05,12.0,26.0,26.0,44.0,87.0,,,0.18,1.24,0.32,-2.03,3.94,6.12,4.56,13.43,21.63,18.34,29.78
BA,THE BOEING COMPANY,FA813420F0036,2025-12-10,0.0,Department of Defense,Department of the Air Force,DELIVERY ORDER,2025-12-10,198.72,200.37,-0.82,189.21,2026-03-30,74,-4.79,252.15,2026-01-23,29,26.89,33.26,7.0,15.0,17.0,21.0,,,,1.0,3.41,3.83,7.73,9.78,9.26,20.68,25.02,22.81,9.58,16.38
LDOS,"LEIDOS, INC.",W81XWH21C0077,2026-01-14,0.0,Department of Defense,Defense Health Agency,DEFINITIVE CONTRACT,2026-01-14,189.6781,194.7873,-2.62,122.6069,2026-05-21,88,-35.36,193.5547,2026-02-10,18,2.04,57.87,,,,,,,,1.33,0.05,1.38,-0.69,-1.9,-1.25,-7.61,-8.24,-12.86,-17.21,-32.69
LMT,LOCKHEED MARTIN CORPORATION,W31P4Q23F0024,2026-03-18,0.0,Department of Defense,Department of the Army,DELIVERY ORDER,2026-03-18,638.1027,632.1913,0.94,491.64,2026-06-24,67,-22.95,638.1027,2026-03-18,0,0.0,29.79,,,,,,,,-0.74,-4.05,-2.81,-4.12,-3.84,-2.15,-7.8,-19.35,-18.6,-15.32,-8.9
NOC,NORTHROP GRUMMAN SYSTEMS CORPORATION,N6893625F0163,2025-12-11,250000.0,Department of Defense,Department of the Navy,DELIVERY ORDER,2025-12-11,555.8058,551.1612,0.84,555.2898,2025-12-18,5,-0.09,764.6547,2026-03-02,53,37.58,37.7,15.0,19.0,22.0,28.0,46.0,,,1.74,1.55,-0.09,4.4,3.09,4.57,11.69,21.19,29.42,31.33,5.27
HII,HUNTINGTON INGALLS INCORPORATED,N0002421C4205,2026-03-23,459018.0,Department of Defense,Department of the Navy,DEFINITIVE CONTRACT,2026-03-23,394.8646,406.2255,-2.8,268.76,2026-07-21,82,-31.94,409.581,2026-04-08,11,3.73,52.4,,,,,,,,1.39,-2.97,-6.93,-0.82,1.44,-0.53,-7.49,-17.76,-19.92,-24.81,-17.33
NOC,NORTHROP GRUMMAN SYSTEMS CORPORATION,SPE4A526C0022,2026-02-06,9609384.62,Department of Defense,Defense Logistics Agency,DEFINITIVE CONTRACT,2026-02-06,703.7488,691.2341,1.81,526.06,2026-06-03,80,-25.25,764.6547,2026-03-02,15,8.65,45.36,15.0,,,,,,,-1.56,-4.27,-0.92,2.22,2.62,2.48,3.98,-3.8,-3.78,-20.97,-21.83
LMT,LOCKHEED MARTIN CORPORATION,N0038324FDT09,2025-12-01,-135412.79,Department of Defense,Department of the Navy,DELIVERY ORDER,2025-12-01,434.0461,449.0878,-3.35,434.0461,2025-12-01,0,0.0,672.2988,2026-03-02,61,54.89,54.89,5.0,10.0,23.0,27.0,30.0,54.0,,0.6,2.09,5.96,6.55,10.3,7.96,10.13,30.4,38.71,49.84,41.84
BA,THE BOEING COMPANY,693KA721C00010,2025-12-08,0.0,Department of Transportation,Federal Aviation Administration,DEFINITIVE CONTRACT,2025-12-08,206.27,201.89,2.17,189.21,2026-03-30,76,-8.27,252.15,2026-01-23,31,22.24,33.26,10.0,17.0,23.0,26.0,,,,-2.86,-2.7,-0.37,0.03,5.12,5.32,10.23,21.88,16.04,12.04,9.12
GD,GENERAL DYNAMICS LAND SYSTEMS INC.,W56HZV23F0432,2026-04-02,-267021.74,Department of Defense,Department of the Army,DELIVERY ORDER,2026-04-02,345.9534,347.3805,-0.41,311.1606,2026-04-27,16,-10.06,395.97,2026-08-10,88,14.46,27.26,62.0,76.0,,,,,,0.66,0.27,-3.55,-2.19,-3.22,-8.28,0.46,-3.73,-1.9,1.95,13.95
GD,"GENERAL DYNAMICS OTS (WILKES BARRE), LLC",W15QKN25F0361,2025-08-29,15147592.0,Department of Defense,Department of the Army,DELIVERY ORDER,2025-08-29,318.9433,319.2774,-0.1,315.7594,2025-09-09,6,-1.0,356.0146,2026-01-06,88,11.62,12.75,21.0,87.0,,,,,,-0.06,-0.66,-0.57,-0.47,0.74,-0.15,5.06,3.48,5.79,4.64,8.75
BAH,BOOZ ALLEN HAMILTON INC,N0042122F3001,2025-08-19,1220668.7,Department of Defense,Department of the Navy,DELIVERY ORDER,2025-08-19,107.2913,106.6944,0.56,78.7024,2025-11-20,66,-26.65,108.3971,2025-08-27,6,1.03,37.73,,,,,,,,-0.39,0.26,0.57,-1.3,-2.64,-5.95,-7.69,-6.42,-9.94,-22.61,-21.61
LDOS,"LEIDOS, INC.",FA701425F0021,2026-01-22,690000.0,Department of Defense,Department of the Air Force,DELIVERY ORDER,2026-01-22,192.2923,190.9703,0.69,122.6069,2026-05-21,83,-36.24,193.5547,2026-02-10,13,0.66,57.87,,,,,,,,-1.15,-3.26,-3.24,-2.8,-3.81,-10.57,-11.09,-8.04,-19.4,-19.77,-34.28
NOC,NORTHROP GRUMMAN SYSTEMS CORPORATION,W52P1J22C0009,2025-10-21,0.0,Department of Defense,Department of the Army,DEFINITIVE CONTRACT,2025-10-21,592.4175,595.0369,-0.44,541.3857,2025-12-01,28,-8.61,764.6547,2026-03-02,89,29.07,41.24,56.0,60.0,67.0,81.0,,,,-0.48,1.04,-0.72,-3.46,-3.71,-6.07,-5.73,-7.31,-2.44,11.72,27.58
BAH,BOOZ ALLEN HAMILTON INC,FA807522F0020,2026-01-30,658951.0,Department of Defense,Department of the Air Force,DELIVERY ORDER,2026-01-30,87.0947,87.4001,-0.35,71.0549,2026-05-13,71,-18.42,88.7791,2026-02-09,6,1.93,24.94,,,,,,,,-1.04,-3.82,0.67,1.73,-9.61,-12.01,-9.74,-13.66,-4.18,-13.12,-11.26
TXT,BELL TEXTRON INC,7001,2026-02-19,-1911765.63,Department of Defense,Department of the Navy,DELIVERY ORDER,2026-02-19,98.9872,100.2067,-1.22,85.9317,2026-03-30,27,-13.19,100.7265,2026-02-20,1,1.76,17.22,,,,,,,,1.76,-0.04,-0.4,1.67,-2.66,-5.82,-10.34,-11.07,-11.16,-10.34,-7.33
GD,GENERAL DYNAMICS INFORMATION TECHNOLOGY INC.,19AQMM22F2434,2025-12-10,2758560.0,Department of State,Department of State,DELIVERY ORDER,2025-12-10,337.7752,329.9188,2.38,319.3346,2026-04-22,90,-5.46,364.0791,2026-01-16,25,7.79,14.01,17.0,,,,,,,-0.22,-0.45,-1.7,-0.84,0.92,-1.63,5.47,6.66,0.49,4.33,-5.46
BA,THE BOEING COMPANY,FA852626FB003,2026-03-20,6611667.0,Department of Defense,Department of the Air Force,DELIVERY ORDER,2026-03-20,195.12,201.18,-3.01,189.21,2026-03-30,6,-3.03,240.6,2026-05-13,37,23.31,27.16,8.0,12.0,20.0,23.0,,,,1.69,2.3,-2.36,2.0,8.8,11.54,12.32,13.42,12.19,16.59,13.21
LMT,LOCKHEED MARTIN CORPORATION,FA821724F0322,2026-01-26,0.0,Department of Defense,Department of the Air Force,DELIVERY ORDER,2026-01-26,574.8474,583.9001,-1.55,503.2157,2026-05-08,72,-12.46,672.2988,2026-03-02,24,16.95,33.6,3.0,14.0,24.0,,,,,2.28,7.02,9.34,3.63,9.74,12.19,11.32,12.55,4.46,-4.01,-9.71
WWD,WOODWARD HRT INC,N0038326FYN01,2026-01-27,1987500.0,Department of Defense,Department of the Navy,DELIVERY ORDER,2026-01-27,328.8658,330.6128,-0.53,317.2956,2026-01-30,3,-3.52,402.8879,2026-04-14,53,22.51,26.98,5.0,5.0,8.0,23.0,,,,-1.06,-3.52,12.67,14.38,18.85,17.51,17.8,17.24,14.19,11.65,8.78
LMT,LOCKHEED MARTIN CORPORATION,N0001923C0003,2025-12-23,233811.0,Department of Defense,Department of the Navy,DEFINITIVE CONTRACT,2025-12-23,476.8982,477.9062,-0.21,476.8982,2025-12-23,0,0.0,672.2988,2026-03-02,45,40.97,40.97,7.0,11.0,13.0,16.0,25.0,,,0.66,1.31,0.23,6.01,7.44,18.68,20.54,29.23,40.97,28.38,6.02
BAH,BOOZ ALLEN HAMILTON INC,47QFWA21F0026,2025-09-30,149192.41,General Services Administration,Federal Acquisition Service,DELIVERY ORDER,2025-09-30,97.8089,96.7716,1.07,78.7024,2025-11-20,37,-19.53,101.8113,2025-10-07,5,4.09,29.36,,,,,,,,2.65,4.07,4.09,-0.22,-2.15,1.0,-17.13,-12.89,-16.93,-14.25,-9.23
NOC,NORTHROP GRUMMAN SYSTEMS CORPORATION,W911NF24C0002,2025-08-21,3443223.0,Department of Defense,Department of the Army,DEFINITIVE CONTRACT,2025-08-21,587.9913,583.3932,0.79,541.3857,2025-12-01,70,-7.93,630.571,2025-10-08,33,7.24,16.47,33.0,,,,,,,-0.8,-0.7,-1.56,-0.93,-2.37,-2.0,-3.15,2.47,1.8,-6.2,-3.02
BAH,BOOZ ALLEN HAMILTON INC,HC102824F2000,2025-08-19,0.0,Department of Defense,Defense Information Systems Agency,DELIVERY ORDER,2025-08-19,107.2913,106.6944,0.56,78.7024,2025-11-20,66,-26.65,108.3971,2025-08-27,6,1.03,37.73,,,,,,,,-0.39,0.26,0.57,-1.3,-2.64,-5.95,-7.69,-6.42,-9.94,-22.61,-21.61
LDOS,LEIDOS BIOMEDICAL RESEARCH INC,75N91023F00015,2026-03-04,-136805.0,Department of Health and Human Services,National Institutes of Health,DELIVERY ORDER,2026-03-04,175.6425,179.5689,-2.19,100.0,2026-06-25,78,-43.07,178.4655,2026-03-09,3,1.61,78.47,,,,,,,,-0.59,1.61,-1.88,-1.61,-5.4,-9.8,-9.9,-11.23,-25.53,-27.49,-39.33
LDOS,"LEIDOS, INC.",70B04C24C00000115,2026-03-12,0.0,Department of Homeland Security,U.S. Customs and Border Protection,DEFINITIVE CONTRACT,2026-03-12,172.7698,172.3325,0.25,100.0,2026-06-25,72,-42.12,172.8195,2026-03-13,1,0.03,72.82,,,,,,,,0.03,-2.54,-4.29,-6.25,-9.11,-10.02,-9.11,-15.76,-28.66,-29.17,-37.92
TXT,TEXTRON SYSTEMS CORPORATION,W58RGZ19F0407,2025-09-25,-48727.88,Department of Defense,Department of the Army,DELIVERY ORDER,2025-09-25,82.2955,82.7052,-0.5,79.3674,2025-10-30,25,-3.56,96.2784,2026-01-21,80,16.99,21.31,6.0,61.0,80.0,,,,,1.38,2.6,4.86,6.06,2.78,0.19,-1.37,-2.33,0.98,8.66,10.2
ACN,ACCENTURE FEDERAL SERVICES LLC,89303024FIM000140,2025-09-18,1630290.04,Department of Energy,Department of Energy,BPA CALL,2025-09-18,234.7134,236.3693,-0.7,227.8645,2025-09-25,5,-2.92,282.7143,2026-01-14,81,20.45,24.07,14.0,53.0,75.0,81.0,,,,0.06,-1.69,-2.92,3.11,2.0,5.61,-0.48,4.05,0.52,13.36,12.89
LMT,LOCKHEED MARTIN CORPORATION,FA820518F0003,2025-12-17,0.0,Department of Defense,Department of the Air Force,DELIVERY ORDER,2025-12-17,469.2291,471.4725,-0.48,464.6335,2025-12-18,1,-0.98,672.2988,2026-03-02,49,43.28,44.69,11.0,15.0,16.0,18.0,28.0,,,-0.98,1.85,2.31,2.97,4.69,9.19,21.33,33.95,39.94,34.73,7.94
LDOS,"LEIDOS, INC.",70RTAC25FR0000013,2025-12-22,0.0,Department of Homeland Security,Office of Procurement Operations,DELIVERY ORDER,2025-12-22,184.9267,183.5748,0.74,143.7323,2026-04-27,85,-22.28,197.153,2026-01-09,12,6.61,37.17,8.0,,,,,,,0.15,-0.1,-1.45,-1.38,5.68,5.33,2.79,0.02,-5.88,-10.62,-19.81
LMT,LOCKHEED MARTIN CORPORATION,HQ085125FE008,2025-09-15,4457618.0,Department of Defense,Missile Defense Agency,DELIVERY ORDER,2025-09-15,464.1829,462.2801,0.41,434.0461,2025-12-01,54,-6.49,586.9539,2026-01-22,89,26.45,35.23,11.0,78.0,81.0,84.0,,,,0.23,0.08,1.51,2.75,3.96,6.6,6.75,2.89,-0.52,-0.59,25.79
BAH,BOOZ ALLEN HAMILTON INC,693KA823F00143,2026-03-24,210480.06,Department of Transportation,Federal Aviation Administration,DELIVERY ORDER,2026-03-24,78.2905,79.3028,-1.28,59.71,2026-06-25,64,-23.73,83.4516,2026-04-07,9,6.59,39.76,7.0,,,,,,,1.57,-0.49,-1.08,5.39,3.45,3.22,0.16,-3.3,2.75,-15.24,-9.12
KTOS,"KRATOS S2, INC",47QFCA20C0019,2026-04-06,830918.0,General Services Administration,Federal Acquisition Service,DEFINITIVE CONTRACT,2026-04-06,74.09,67.31,10.07,43.88,2026-07-29,79,-40.77,74.66,2026-04-15,7,0.77,70.15,,,,,,,,-2.87,-7.77,-0.73,0.77,-5.75,-17.32,-19.95,-26.82,-24.16,-28.41,-15.25
NOC,NORTHROP GRUMMAN SYSTEMS CORPORATION,N0001924F0284,2025-09-10,2676053.0,Department of Defense,Department of the Navy,DELIVERY ORDER,2025-09-10,573.1628,565.0182,1.44,541.3857,2025-12-01,57,-5.54,661.858,2026-01-16,89,15.47,22.25,14.0,20.0,89.0,,,,,0.53,-0.92,-0.48,-1.18,1.1,5.08,9.51,2.86,-3.67,-4.25,13.81
NOC,NORTHROP GRUMMAN SYSTEMS CORPORATION,HQ014718F0022,2026-01-23,205000.0,Department of Defense,Missile Defense Agency,DELIVERY ORDER,2026-01-23,667.8622,665.3712,0.37,526.06,2026-06-03,90,-21.23,764.6547,2026-03-02,25,14.49,45.36,10.0,25.0,,,,,,-1.78,2.4,2.87,4.76,5.37,3.29,8.49,11.41,0.12,-8.9,-21.23
BA,THE BOEING COMPANY,FA813422F1001,2025-12-16,283774.48,Department of Defense,Department of the Air Force,DELIVERY ORDER,2025-12-16,206.71,205.5,0.59,189.21,2026-03-30,70,-8.47,252.15,2026-01-23,25,21.98,33.26,6.0,11.0,17.0,22.0,,,,-0.18,3.57,4.91,4.71,5.04,10.36,19.82,13.07,11.48,3.27,11.62
GD,"GENERAL DYNAMICS INFORMATION TECHNOLOGY, INC.",47QFCA25F0018,2025-12-31,43272450.0,General Services Administration,Federal Acquisition Service,DELIVERY ORDER,2025-12-31,332.2777,335.0512,-0.83,311.1606,2026-04-27,79,-6.36,364.0791,2026-01-16,11,9.57,17.01,2.0,,,,,,,2.0,7.14,4.39,7.21,9.51,9.11,3.3,3.68,7.96,1.64,3.81
NOC,NORTHROP GRUMMAN SYSTEMS CORPORATION,N0001924C0006,2025-12-19,141246.0,Department of Defense,Department of the Navy,DEFINITIVE CONTRACT,2025-12-19,564.1622,555.2898,1.6,564.1622,2025-12-19,0,0.0,764.6547,2026-03-02,47,35.54,35.54,9.0,14.0,17.0,25.0,47.0,,,2.85,2.44,1.64,0.31,7.41,10.71,17.94,21.34,25.46,26.03,0.26
LMT,"LOCKHEED MARTIN GLOBAL, INC.",W900KK21C0013,2025-11-19,0.0,Department of Defense,Department of the Army,DEFINITIVE CONTRACT,2025-11-19,460.9069,465.6248,-1.01,434.0461,2025-12-01,7,-5.83,672.2988,2026-03-02,68,45.86,54.89,29.0,31.0,34.0,37.0,47.0,,,-0.35,-4.01,-3.35,-5.83,-3.86,0.34,1.66,9.69,27.57,39.33,33.13
NOC,NORTHROP GRUMMAN SYSTEMS CORPORATION,FA863824FB005,2025-09-09,0.0,Department of Defense,Department of the Air Force,DELIVERY ORDER,2025-09-09,565.0182,575.1694,-1.76,541.3857,2025-12-01,58,-4.18,661.858,2026-01-16,90,17.14,22.25,15.0,21.0,90.0,,,,,1.44,0.76,1.35,0.37,0.95,3.91,11.6,4.85,-0.86,-2.81,17.14
NOC,NORTHROP GRUMMAN SYSTEMS CORP,FA821920C0006,2026-03-25,844000.0,Department of Defense,Department of the Air Force,DEFINITIVE CONTRACT,2026-03-25,688.1812,679.1708,1.33,496.02,2026-06-29,65,-27.92,699.4217,2026-04-02,6,1.63,41.01,,,,,,,,0.11,-2.84,0.84,0.66,-0.09,-1.83,-16.8,-20.1,-18.45,-26.28,-19.85
HII,HUNTINGTON INGALLS INCORPORATED,N0002420C4203,2026-03-24,324240.0,Department of Defense,Department of the Navy,DEFINITIVE CONTRACT,2026-03-24,400.3509,394.8646,1.39,268.76,2026-07-21,81,-32.87,409.581,2026-04-08,10,2.31,52.4,,,,,,,,0.12,-5.05,-5.52,-1.36,2.31,-1.0,-7.94,-20.53,-20.19,-28.71,-18.58
NOC,NORTHROP GRUMMAN SYSTEMS CORPORATION,70Z04425FC2PL0011,2025-09-02,318245.33,Department of Homeland Security,U.S. Coast Guard,DELIVERY ORDER,2025-09-02,582.5036,580.9319,0.27,541.3857,2025-12-01,63,-7.06,630.571,2025-10-08,26,8.25,16.47,25.0,,,,,,,-1.41,-1.45,-3.0,-1.08,-1.69,-2.23,2.73,6.38,-2.07,-3.38,5.43
GD,GENERAL DYNAMICS LAND SYSTEMS INC.,W56HZV19F0238,2026-02-10,-761966.0,Department of Defense,Department of the Army,DELIVERY ORDER,2026-02-10,355.6059,356.8645,-0.35,311.1606,2026-04-27,52,-12.5,362.8304,2026-03-04,15,2.03,16.61,,,,,,,,-3.48,-3.12,-2.6,-2.07,-4.37,1.64,-1.0,-1.76,-6.23,-2.63,-3.87
LMT,LOCKHEED MARTIN CORPORATION,H9225426FE027,2026-01-30,2700000.0,Department of Defense,U.S. Special Operations Command,DELIVERY ORDER,2026-01-30,626.7917,615.2189,1.88,503.2157,2026-05-08,68,-19.72,672.2988,2026-03-02,20,7.26,33.6,13.0,,,,,,,0.28,-4.96,-1.68,-0.73,2.89,3.79,5.85,2.27,-0.51,-18.8,-16.24
GD,"GENERAL DYNAMICS INFORMATION TECHNOLOGY, INC.",70B01C24F00000727,2025-12-18,-122814.47,Department of Homeland Security,U.S. Customs and Border Protection,BPA CALL,2025-12-18,332.9489,332.031,0.28,311.1606,2026-04-27,87,-6.54,364.0791,2026-01-16,19,9.35,17.01,10.0,,,,,,,0.6,1.93,1.44,0.63,5.4,4.91,8.58,5.76,2.13,5.18,2.96
LDOS,"LEIDOS, INC.",15A00020FAQA00189,2025-09-17,1055042.61,Department of Justice,"Bureau of Alcohol, Tobacco, Firearms and Explosives Acquisition and Property Management Division",DELIVERY ORDER,2025-09-17,182.286,181.076,0.67,179.3204,2025-12-31,73,-1.63,197.9062,2025-11-04,34,8.57,10.36,12.0,,,,,,,1.82,2.21,1.96,0.6,4.26,7.18,0.33,2.37,2.93,3.66,2.05
CACI,"CACI-ISS, LLC",FA877021FB002,2026-01-07,0.0,Department of Defense,Department of the Air Force,DELIVERY ORDER,2026-01-07,562.79,559.44,0.6,480.99,2026-05-08,84,-14.53,662.19,2026-01-23,11,17.66,37.67,2.0,6.0,10.0,,,,,3.78,7.47,8.62,12.9,16.47,13.41,9.9,4.13,7.81,1.62,-12.06
BAH,BOOZ ALLEN HAMILTON INC,FA807525F0041,2025-12-16,4753820.0,Department of Defense,Department of the Air Force,DELIVERY ORDER,2025-12-16,84.12,90.493,-7.04,73.705,2026-02-23,45,-12.38,100.6977,2026-01-23,25,19.71,36.62,13.0,15.0,25.0,,,,,1.35,-0.16,-0.88,-0.01,-1.22,5.69,14.05,3.54,-12.38,-10.61,-10.04
BAH,BOOZ ALLEN HAMILTON INC,W91QVN23F0093,2025-12-16,718150.25,Department of Defense,Department of the Army,DELIVERY ORDER,2025-12-16,84.12,90.493,-7.04,73.705,2026-02-23,45,-12.38,100.6977,2026-01-23,25,19.71,36.62,13.0,15.0,25.0,,,,,1.35,-0.16,-0.88,-0.01,-1.22,5.69,14.05,3.54,-12.38,-10.61,-10.04
LMT,LOCKHEED MARTIN CORPORATION,W52P1J19F0345,2025-10-29,74608.0,Department of Defense,Department of the Army,DELIVERY ORDER,2025-10-29,476.0315,476.463,-0.09,434.0461,2025-12-01,22,-8.82,672.2988,2026-03-02,83,41.23,54.89,45.0,49.0,51.0,54.0,63.0,,,0.9,0.54,-2.51,-5.56,-5.83,-2.19,-5.66,-1.41,6.21,23.52,35.55
LMT,LOCKHEED MARTIN CORPORATION,FA823224F0041,2025-08-25,349459.0,Department of Defense,Department of the Air Force,DELIVERY ORDER,2025-08-25,435.9615,434.4814,0.34,434.0461,2025-12-01,68,-0.44,504.3876,2025-10-06,29,15.7,16.21,12.0,24.0,29.0,,,,,1.73,1.89,1.8,2.78,2.83,6.47,9.4,14.98,9.29,6.8,12.68
ACN,ACCENTURE FEDERAL SERVICES LLC,49100419F1050,2026-02-18,0.0,National Science Foundation,National Science Foundation,DELIVERY ORDER,2026-02-18,219.0952,215.4503,1.69,123.2579,2026-06-29,90,-43.74,219.0952,2026-02-18,0,0.0,77.75,,,,,,,,-3.87,-10.03,-14.36,-6.66,-6.09,-9.83,-8.97,-11.87,-19.6,-26.04,-43.74
GD,"GENERAL DYNAMICS MISSION SYSTEMS, INC.",FA830722F0025,2026-03-03,0.0,Department of Defense,Department of the Air Force,DELIVERY ORDER,2026-03-03,361.4232,361.5024,-0.02,311.1606,2026-04-27,38,-13.91,376.88,2026-07-06,85,4.28,21.12,,,,,,,,0.39,-0.33,-2.5,-2.6,-2.31,-4.75,-3.89,-6.65,-4.34,-3.87,3.14
GE,GENERAL ELECTRIC COMPANY,80AFRC21CA021,2026-01-29,4000000.0,National Aeronautics and Space Administration,National Aeronautics and Space Administration,DEFINITIVE CONTRACT,2026-01-29,298.0537,291.691,2.18,272.9098,2026-03-30,41,-8.44,344.8073,2026-03-02,21,15.69,26.34,6.0,13.0,17.0,,,,,2.65,3.7,2.51,5.98,4.69,12.01,15.69,0.42,-3.26,-4.65,10.73
GE,GENERAL ELECTRIC COMPANY,N0042123F0714,2025-09-10,0.0,Department of Defense,Defense Contract Management Agency,DELIVERY ORDER,2025-09-10,281.978,274.8442,2.6,280.1374,2025-09-11,1,-0.65,326.6564,2026-01-06,81,15.84,16.61,7.0,33.0,81.0,,,,,-0.65,1.19,2.15,6.26,5.96,6.27,5.75,5.24,9.17,3.11,10.47
HII,HUNTINGTON INGALLS INC,N0002416C2116,2025-10-02,187500.0,Department of Defense,Department of the Navy,DEFINITIVE CONTRACT,2025-10-02,278.901,282.6465,-1.33,276.7269,2025-10-17,11,-0.78,426.4597,2026-02-03,84,52.91,54.11,16.0,20.0,48.0,56.0,65.0,73.0,,0.72,1.12,1.39,2.01,0.16,0.5,14.1,10.79,8.4,23.04,39.76
ACN,ACCENTURE FEDERAL SERVICES LLC,SP470923F0028,2025-12-18,-63252.91,Department of Defense,Defense Logistics Agency,DELIVERY ORDER,2025-12-18,264.5094,268.213,-1.38,174.8674,2026-04-27,87,-33.89,282.7142,2026-01-14,17,6.88,61.67,17.0,,,,,,,0.85,0.3,0.42,0.01,-2.22,3.97,3.99,-10.65,-29.06,-27.71,-33.24
BA,THE BOEING COMPANY,FA821323F9019,2026-02-05,0.0,Department of Defense,Department of the Air Force,DELIVERY ORDER,2026-02-05,236.95,235.95,0.42,189.21,2026-03-30,36,-20.15,244.71,2026-02-09,2,3.27,29.33,,,,,,,,2.57,2.38,1.01,2.99,-2.08,-3.18,-5.04,-17.65,-6.25,-6.6,-3.99
BAH,BOOZ ALLEN HAMILTON INC,FA807525F0041,2026-01-16,1275000.0,Department of Defense,Department of the Air Force,DELIVERY ORDER,2026-01-16,95.9401,95.6545,0.3,71.0549,2026-05-13,80,-25.94,100.6977,2026-01-23,4,4.96,41.72,,,,,,,,-4.05,-1.68,-3.56,-6.47,-10.16,-8.61,-19.01,-18.07,-18.4,-14.86,-16.15
NOC,NORTHROP GRUMMAN SYSTEMS CORPORATION,N0001923F0007,2025-09-17,2231.0,Department of Defense,Department of the Navy,DELIVERY ORDER,2025-09-17,570.4051,572.6587,-0.39,541.3857,2025-12-01,52,-5.09,673.6084,2026-01-27,90,18.09,24.42,9.0,15.0,84.0,,,,,-0.58,-0.16,1.59,3.02,4.91,7.72,3.79,1.37,-2.09,-2.56,18.09
NOC,NORTHROP GRUMMAN SYSTEMS CORPORATION,W519TC25F0420,2025-09-30,1649619.01,Department of Defense,Department of the Army,DELIVERY ORDER,2025-09-30,602.2722,587.1195,2.58,541.3857,2025-12-01,43,-10.11,703.7488,2026-02-06,89,16.85,29.99,73.0,78.0,86.0,,,,,-0.64,0.04,2.02,4.22,2.89,-1.2,-3.99,-6.99,-8.82,-4.04,15.02
IBM,INTERNATIONAL BUSINESS MACHINES CORPORATION,47QFDA23F0025,2025-12-08,-3003.33,General Services Administration,Federal Acquisition Service,DELIVERY ORDER,2025-12-08,303.0074,301.7922,0.4,220.139,2026-02-23,51,-27.35,308.4467,2026-02-02,37,1.8,40.11,,,,,,,,0.42,0.5,-0.17,-1.9,-2.07,-1.11,-2.09,-4.69,-15.58,-15.8,-17.47
NOC,NORTHROP GRUMMAN SYSTEMS CORPORATION,FA853926F0001,2026-02-05,4000000.0,Department of Defense,Department of the Air Force,DELIVERY ORDER,2026-02-05,691.2341,684.5352,0.98,526.06,2026-06-03,81,-23.9,764.6547,2026-03-02,16,10.62,45.36,9.0,16.0,,,,,,1.81,-1.65,-0.21,0.66,3.89,2.39,7.64,1.83,-1.87,-18.33,-20.26
BAH,BOOZ ALLEN HAMILTON INC,80JSC026FA012,2026-02-26,1265403.0,National Aeronautics and Space Administration,National Aeronautics and Space Administration,BPA CALL,2026-02-26,79.1738,74.5486,6.2,59.71,2026-06-25,82,-24.58,83.4516,2026-04-07,27,5.4,39.76,27.0,,,,,,,-1.18,-0.71,0.04,2.08,-3.33,-1.39,-1.6,-2.01,-1.83,-1.37,-20.83
BA,THE BOEING COMPANY,FA857525C0004,2025-11-12,11976549.16,Department of Defense,Department of the Air Force,DEFINITIVE CONTRACT,2025-11-12,195.5,195.21,0.15,179.12,2025-11-24,8,-8.38,252.15,2026-01-23,48,28.98,40.77,13.0,27.0,34.0,40.0,,,,-0.47,-1.89,-5.01,-8.08,-4.39,3.6,4.54,10.71,27.37,24.09,2.1
BA,THE BOEING COMPANY,FA863418C2701,2025-08-22,268000.0,Department of Defense,Department of the Air Force,DEFINITIVE CONTRACT,2025-08-22,230.12,224.46,2.52,179.12,2025-11-24,65,-22.16,237.38,2025-09-02,6,3.15,32.53,,,,,,,,-1.41,2.39,1.98,0.98,0.36,-6.16,-5.99,-4.52,-3.09,-16.65,-5.65
LMT,LOCKHEED MARTIN CORPORATION,W58RGZ20F0318,2025-12-04,2004750.0,Department of Defense,Department of the Army,DELIVERY ORDER,2025-12-04,443.0988,441.5669,0.35,443.0988,2025-12-04,0,0.0,672.2988,2026-03-02,58,51.73,51.73,5.0,19.0,21.0,24.0,31.0,58.0,,0.86,4.14,5.92,8.05,4.86,8.34,16.44,28.48,40.42,48.99,36.21
BA,THE BOEING COMPANY,NAS1510000,2025-08-18,0.0,National Aeronautics and Space Administration,National Aeronautics and Space Administration,DEFINITIVE CONTRACT,2025-08-18,232.41,235.26,-1.21,179.12,2025-11-24,69,-22.93,237.38,2025-09-02,10,2.14,32.53,,,,,,,,-3.19,-3.42,-2.38,1.38,2.14,-0.63,-7.65,-7.13,-6.52,-16.01,-6.13
CACI,"CACI, INC. - FEDERAL",47QFCA24F0018,2026-02-24,9905869.0,General Services Administration,Federal Acquisition Service,DELIVERY ORDER,2026-02-24,586.02,570.99,2.63,443.26,2026-06-25,84,-24.36,633.21,2026-03-09,9,8.05,42.85,4.0,,,,,,,0.68,4.12,7.46,4.52,0.97,3.3,-1.21,-1.29,-14.16,-15.89,-13.78
LDOS,"LEIDOS, INC.",N0018925FZ451,2026-04-02,0.0,Department of Defense,Department of the Navy,DELIVERY ORDER,2026-04-02,158.261,155.4608,1.8,100.0,2026-06-25,57,-36.81,160.0746,2026-04-08,3,1.15,60.07,,,,,,,,0.41,1.15,-3.74,-1.67,-2.3,-7.06,-6.3,-22.12,-22.68,-34.94,-11.3
NOC,NORTHROP GRUMMAN SYSTEMS CORPORATION,FA852322C0001,2025-09-23,0.0,Department of Defense,Department of the Air Force,DEFINITIVE CONTRACT,2025-09-23,570.4052,569.486,0.16,541.3857,2025-12-01,48,-5.09,690.0928,2026-01-29,88,20.98,27.47,5.0,11.0,80.0,88.0,,,,1.59,3.02,5.59,4.84,7.72,7.24,3.36,0.01,-1.33,-1.84,19.19
ACN,ACCENTURE FEDERAL SERVICES LLC,SP470125F0282,2025-11-20,9194283.0,Department of Defense,Defense Logistics Agency,BPA CALL,2025-11-20,235.9283,236.2125,-0.12,187.6335,2026-02-25,64,-20.47,282.7143,2026-01-14,36,19.83,50.67,6.0,8.0,32.0,,,,,4.59,3.51,3.82,8.4,10.71,12.28,12.41,14.59,12.31,-10.73,-16.39
BAH,BOOZ ALLEN HAMILTON INC,FA807518F1622,2026-01-15,-74980.35,Department of Defense,Department of the Air Force,DELIVERY ORDER,2026-01-15,95.6545,94.9059,0.79,71.0549,2026-05-13,81,-25.72,100.6977,2026-01-23,5,5.27,41.72,5.0,,,,,,,0.3,-1.59,5.27,-7.77,-8.95,-12.96,-20.71,-19.26,-17.09,-15.52,-15.97
NOC,NORTHROP GRUMMAN SYSTEMS CORPORATION,FA823226FB053,2026-01-27,0.0,Department of Defense,Department of the Air Force,DELIVERY ORDER,2026-01-27,673.6084,655.9727,2.69,526.06,2026-06-03,88,-21.9,764.6547,2026-03-02,23,13.52,45.36,15.0,23.0,,,,,,1.53,1.99,3.87,2.62,0.92,3.3,5.07,8.37,3.02,-13.14,-19.18
IBM,INTERNATIONAL BUSINESS MACHINES CORPORATION,88310324F00044,2025-09-22,0.0,National Archives and Records Administration,National Archives and Records Administration,BPA CALL,2025-09-22,264.494,259.6499,1.87,260.7513,2025-09-24,2,-1.42,308.6917,2025-11-12,37,16.71,18.39,7.0,24.0,25.0,,,,,0.32,3.71,3.11,5.57,6.65,2.38,3.94,12.29,12.69,12.34,13.64
BAH,BOOZ ALLEN HAMILTON INC,N6133121F3006,2025-12-23,700000.0,Department of Defense,Department of the Navy,DELIVERY ORDER,2025-12-23,83.3812,85.1937,-2.13,73.705,2026-02-23,40,-11.6,100.6977,2026-01-23,20,20.77,36.62,7.0,10.0,16.0,20.0,,,,0.59,0.56,-0.34,5.54,11.31,13.82,10.96,5.15,-7.38,-4.89,-9.22
LDOS,"LEIDOS, INC.",70RTAC26FR0000001,2026-02-12,0.0,Department of Homeland Security,Office of Procurement Operations,DELIVERY ORDER,2026-02-12,170.414,171.9647,-0.9,104.32,2026-06-24,90,-38.78,179.5689,2026-03-03,12,5.37,72.13,12.0,,,,,,,2.83,0.05,1.2,1.57,2.13,2.46,-2.09,-9.06,-9.47,-25.34,-38.78
LMT,"LOCKHEED MARTIN GLOBAL, INC.",W31P4Q25C0018,2025-11-18,92289.05,Department of Defense,Department of the Army,DEFINITIVE CONTRACT,2025-11-18,465.6248,461.7603,0.84,434.0461,2025-12-01,8,-6.78,672.2988,2026-03-02,69,44.39,54.89,30.0,32.0,35.0,38.0,48.0,,,-1.01,-2.94,-4.7,-3.55,-5.17,-0.9,-0.21,5.5,23.46,37.87,28.96
BA,THE BOEING COMPANY,0025,2026-01-21,5286.56,Department of Defense,Department of the Army,DELIVERY ORDER,2026-01-21,250.07,249.0,0.43,189.21,2026-03-30,47,-24.34,252.15,2026-01-23,2,0.83,33.26,,,,,,,,0.54,-0.66,-3.39,-6.54,-5.65,-2.99,-7.21,-11.2,-22.28,-10.67,-10.31
LMT,LOCKHEED MARTIN CORP,N0003022C1025,2026-03-31,257715160.0,Department of Defense,Department of the Navy,DEFINITIVE CONTRACT,2026-03-31,600.4591,594.6769,0.97,491.64,2026-06-24,58,-18.12,633.7512,2026-04-06,3,5.54,28.91,3.0,,,,,,,2.19,5.54,3.99,1.54,1.11,-5.37,-14.3,-13.97,-13.56,-15.5,0.45
HII,HUNTINGTON INGALLS INCORPORATED,N0002425C4229,2026-03-06,146923.0,Department of Defense,Department of the Navy,DEFINITIVE CONTRACT,2026-03-06,427.2646,419.3588,1.89,271.05,2026-07-16,90,-36.56,427.7326,2026-03-09,1,0.11,57.81,,,,,,,,0.11,-3.59,-3.12,-1.44,-4.92,-10.33,-6.25,-8.6,-25.95,-31.27,-36.56
GD,"GENERAL DYNAMICS INFORMATION TECHNOLOGY, INC.",47QFCA23F0040,2025-09-12,643092.6,General Services Administration,Federal Acquisition Service,DELIVERY ORDER,2025-09-12,320.4958,323.9057,-1.05,317.0664,2025-09-22,6,-1.07,364.0791,2026-01-16,87,13.6,14.83,15.0,79.0,,,,,,0.25,-0.27,-0.63,-0.9,1.28,4.57,2.98,8.02,6.01,3.48,13.12
LMT,LOCKHEED MARTIN CORPORATION,FA868221F1104,2025-08-19,0.0,Department of Defense,Department of the Air Force,DELIVERY ORDER,2025-08-19,429.5153,429.0674,0.1,429.5153,2025-08-19,0,0.0,504.3876,2025-10-06,33,17.43,17.43,12.0,24.0,32.0,,,,,1.11,1.16,3.26,3.42,2.55,4.37,8.16,13.95,11.24,4.37,11.14
LMT,LOCKHEED MARTIN CORPORATION,W31P4Q22F0004,2025-09-17,0.0,Department of Defense,Department of the Army,DELIVERY ORDER,2025-09-17,464.0554,465.2324,-0.25,434.0461,2025-12-01,52,-6.47,587.9818,2026-01-27,90,26.71,35.47,9.0,76.0,79.0,82.0,,,,0.11,1.54,2.78,3.03,5.47,8.02,4.25,2.58,-0.68,1.13,26.71
LMT,LOCKHEED MARTIN CORPORATION,FA823225FB054,2026-04-06,-169162.98,Department of Defense,Department of the Air Force,DELIVERY ORDER,2026-04-06,633.7512,618.7394,2.43,491.64,2026-06-24,55,-22.42,633.7512,2026-04-06,0,0.0,28.91,,,,,,,,-1.6,-2.2,-2.85,-4.2,-8.88,-19.51,-20.22,-17.18,-16.35,-17.66,-5.64
GD,"GENERAL DYNAMICS INFORMATION TECHNOLOGY, INC.",N0016721F3000,2025-09-25,1285983.77,Department of Defense,Department of the Navy,DELIVERY ORDER,2025-09-25,318.8057,318.0097,0.25,318.8057,2025-09-25,0,0.0,364.0791,2026-01-16,78,14.2,14.2,3.0,69.0,,,,,,1.82,5.11,5.12,6.8,5.65,2.8,8.59,5.35,5.76,5.06,9.85
BA,THE BOEING COMPANY,FA863421C2702,2025-09-16,149997.92,Department of Defense,Department of the Air Force,DEFINITIVE CONTRACT,2025-09-16,215.02,215.75,-0.34,179.12,2025-11-24,49,-16.7,252.15,2026-01-23,89,17.27,40.77,75.0,81.0,84.0,,,,,-0.18,0.29,0.61,-0.69,0.38,2.19,-0.47,3.86,-11.81,-7.58,15.54
CACI,"CACI, LLC - COMMERCIAL",15JENR18P00000290,2026-02-13,133368.0,Department of Justice,"Offices, Boards and Divisions",PURCHASE ORDER,2026-02-13,573.3,561.39,2.12,443.26,2026-06-25,90,-22.68,633.21,2026-03-09,15,10.45,42.85,9.0,15.0,,,,,,-1.53,3.12,-0.4,2.92,9.01,7.45,6.91,-2.59,-9.58,-12.93,-22.68
LMT,LOCKHEED MARTIN CORPORATION,H9225425F2873,2026-03-05,102885.0,Department of Defense,U.S. Special Operations Command,DELIVERY ORDER,2026-03-05,650.7399,660.1583,-1.43,491.64,2026-06-24,76,-24.45,667.4009,2026-03-06,1,2.56,35.75,,,,,,,,2.56,-0.58,-0.33,-1.5,-2.67,-4.7,-2.61,-9.59,-22.67,-20.63,-20.94
LDOS,"LEIDOS, INC.",HT003825F0007,2026-03-16,45602720.98,Department of Defense,Defense Health Agency,DELIVERY ORDER,2026-03-16,166.8606,172.8195,-3.45,100.0,2026-06-25,70,-40.07,168.3852,2026-03-17,1,0.91,68.39,,,,,,,,0.91,-0.9,-2.93,-5.12,-7.92,-4.77,-5.02,-12.72,-24.78,-27.33,-32.79
GD,"GENERAL DYNAMICS INFORMATION TECHNOLOGY, INC.",692M1522F00222,2025-09-22,0.0,Department of Transportation,Federal Aviation Administration,DELIVERY ORDER,2025-09-22,317.0664,318.4617,-0.44,317.0664,2025-09-22,0,0.0,364.0791,2026-01-16,81,14.83,14.83,6.0,25.0,,,,,,0.17,0.55,2.95,5.61,7.39,3.64,6.05,6.42,5.26,5.06,9.74
GD,"GENERAL DYNAMICS ORDNANCE AND TACTICAL SYSTEMS, INC.",W52P1J22C0008,2025-12-23,107525.0,Department of Defense,Department of the Army,DEFINITIVE CONTRACT,2025-12-23,339.3643,340.6967,-0.39,311.1606,2026-04-27,84,-8.31,364.0791,2026-01-16,16,7.28,17.01,13.0,,,,,,,0.45,-0.98,-2.09,3.41,2.21,6.44,6.16,5.15,6.52,1.44,2.44
LMT,LOCKHEED MARTIN CORPORATION,HQ085224F0006,2025-09-04,428000.0,Department of Defense,Missile Defense Agency,DELIVERY ORDER,2025-09-04,448.0971,440.4564,1.73,434.0461,2025-12-01,61,-3.14,551.761,2026-01-13,90,23.13,27.12,12.0,21.0,85.0,89.0,,,,1.54,0.05,3.04,3.59,3.67,6.44,10.43,7.97,2.64,0.22,23.13
HII,HUNTINGTON INGALLS INC,N0002420C2109,2025-11-03,385000.0,Department of Defense,Department of the Navy,DEFINITIVE CONTRACT,2025-11-03,313.8057,318.233,-1.39,298.2804,2025-11-20,13,-4.95,451.7788,2026-03-02,80,43.97,51.46,33.0,34.0,43.0,46.0,48.0,,,-0.52,-3.81,0.35,0.11,-2.46,-3.79,-2.19,3.37,19.71,33.01,32.18
HII,HUNTINGTON INGALLS INCORPORATED,N0002416C2427,2025-11-17,0.0,Department of Defense,Department of the Navy,DEFINITIVE CONTRACT,2025-11-17,306.0974,310.2776,-1.35,298.2804,2025-11-20,3,-2.55,451.7788,2026-03-02,70,47.59,51.46,17.0,24.0,26.0,35.0,38.0,,,-0.19,-2.55,0.06,1.48,-0.38,2.43,4.19,10.28,35.74,35.8,20.06
LMT,LOCKHEED MARTIN CORPORATION,H9225423F2707,2026-03-24,1780073.0,Department of Defense,U.S. Special Operations Command,DELIVERY ORDER,2026-03-24,606.2015,612.2419,-0.99,491.64,2026-06-24,63,-18.9,633.7512,2026-04-06,8,4.54,28.91,,,,,,,,2.3,0.93,-0.95,2.07,3.0,0.23,-13.17,-15.72,-11.96,-15.71,-3.28
LMT,LOCKHEED MARTIN CORP,FA881018C0005,2026-01-21,3349873.57,Department of Defense,Department of the Air Force,DEFINITIVE CONTRACT,2026-01-21,579.3639,569.313,1.77,503.2157,2026-05-08,75,-13.14,672.2988,2026-03-02,27,16.04,33.6,6.0,17.0,27.0,,,,,1.31,-0.78,1.88,8.19,2.82,7.39,12.29,12.32,7.57,1.55,-10.85
GE,GENERAL ELECTRIC COMPANY,SPRTA123F0324,2025-09-10,0.0,Department of Defense,Defense Logistics Agency,DELIVERY ORDER,2025-09-10,281.978,274.8442,2.6,280.1374,2025-09-11,1,-0.65,326.6564,2026-01-06,81,15.84,16.61,7.0,33.0,81.0,,,,,-0.65,1.19,2.15,6.26,5.96,6.27,5.75,5.24,9.17,3.11,10.47
NOC,NORTHROP GRUMMAN SYSTEMS CORPORATION,HQ085624F0003,2025-11-06,0.0,Department of Defense,Missile Defense Agency,DELIVERY ORDER,2025-11-06,565.3444,563.9012,0.26,541.3857,2025-12-01,16,-4.24,764.6547,2026-03-02,77,35.25,41.24,39.0,44.0,48.0,55.0,77.0,,,-0.59,-0.91,-2.44,-1.56,-0.81,-0.85,-2.82,-0.21,9.8,21.08,25.77
HII,HUNTINGTON INGALLS INC,N5523625F9922,2026-03-31,-15684.0,Department of Defense,Department of the Navy,DELIVERY ORDER,2026-03-31,378.2663,367.4928,2.93,268.76,2026-07-21,76,-28.95,409.581,2026-04-08,5,8.28,52.4,3.0,,,,,,,3.53,7.31,8.28,3.82,4.8,-0.44,-4.11,-12.02,-22.14,-25.45,-12.55
GD,"GENERAL DYNAMICS INFORMATION TECHNOLOGY, INC.",47QTCB24F0006,2025-09-22,0.0,General Services Administration,Federal Acquisition Service,DELIVERY ORDER,2025-09-22,317.0664,318.4617,-0.44,317.0664,2025-09-22,0,0.0,364.0791,2026-01-16,81,14.83,14.83,6.0,25.0,,,,,,0.17,0.55,2.95,5.61,7.39,3.64,6.05,6.42,5.26,5.06,9.74
HON,HONEYWELL INTERNATIONAL INC.,SPRDL125C0058,2025-09-05,10164504.59,Department of Defense,Defense Logistics Agency,DEFINITIVE CONTRACT,2025-09-05,208.334,209.2189,-0.42,195.2672,2025-11-20,54,-6.27,221.1105,2026-01-14,90,6.13,13.23,90.0,,,,,,,0.23,-1.19,-1.3,-1.54,-2.28,-3.06,-2.45,-5.27,-3.89,-5.24,6.13
LMT,LOCKHEED MARTIN CORPORATION,N0001922C0041,2025-09-29,13023368.59,Department of Defense,Department of the Navy,DEFINITIVE CONTRACT,2025-09-29,482.5541,478.1011,0.93,434.0461,2025-12-01,44,-10.05,628.551,2026-02-02,86,30.26,44.81,68.0,71.0,74.0,78.0,86.0,,,1.47,1.5,4.52,4.48,2.41,0.64,-1.26,-8.11,-9.51,-1.17,27.71
NOC,NORTHROP GRUMMAN SYSTEMS CORPORATION,EHP4,2025-09-05,-50193.06,Department of Defense,Defense Contract Management Agency,DELIVERY ORDER,2025-09-05,574.0821,573.0541,0.18,541.3857,2025-12-01,60,-5.7,648.202,2026-01-14,90,12.91,19.73,21.0,90.0,,,,,,0.19,-0.16,-0.83,-0.25,-1.34,0.86,6.49,2.36,-2.1,-5.7,12.91
LDOS,"LEIDOS, INC.",HQ003421F0569,2025-09-09,25927.66,Department of Defense,Washington Headquarters Services,DELIVERY ORDER,2025-09-09,177.169,176.5555,0.35,177.169,2025-09-09,0,0.0,197.9062,2025-11-04,40,11.7,11.7,9.0,19.0,,,,,,0.75,2.7,2.21,4.76,4.74,3.9,10.97,8.13,10.98,5.49,9.24
GD,"GENERAL DYNAMICS MISSION SYSTEMS, INC.",N0003024C1005,2026-03-13,0.0,Department of Defense,Department of the Navy,DEFINITIVE CONTRACT,2026-03-13,348.3616,352.0383,-1.04,311.1606,2026-04-27,30,-10.68,381.79,2026-07-23,90,9.6,22.7,76.0,,,,,,,0.81,0.52,-1.63,-1.5,-1.35,-0.69,-2.86,-10.68,-1.94,-1.2,9.6
LMT,LOCKHEED MARTIN CORPORATION,FA300223F0122,2026-01-15,30644.8,Department of Defense,Department of the Air Force,DELIVERY ORDER,2026-01-15,571.1216,565.9924,0.91,503.2157,2026-05-08,78,-11.89,672.2988,2026-03-02,30,17.72,33.6,9.0,11.0,23.0,,,,,0.79,1.44,2.24,2.95,9.75,5.41,12.41,17.72,7.2,6.39,-7.61
BA,THE BOEING COMPANY,N6833523F0492,2025-10-23,0.0,Department of Defense,Department of the Navy,DELIVERY ORDER,2025-10-23,217.77,216.59,0.54,179.12,2025-11-24,22,-17.75,252.15,2026-01-23,62,15.79,40.77,50.0,54.0,61.0,,,,,1.64,2.55,-8.12,-6.07,-9.77,-10.23,-17.48,-7.29,-0.24,14.83,1.97
PSN,PARSONS GOVERNMENT SERVICES INC.,W909MY23F0084,2026-01-28,150000.0,Department of Defense,Department of the Army,DELIVERY ORDER,2026-01-28,71.71,71.41,0.42,48.74,2026-05-11,71,-32.03,71.71,2026-01-28,0,0.0,47.13,,,,,,,,-1.13,-4.7,-4.46,-3.17,-15.98,-11.14,-7.96,-20.78,-21.46,-25.46,-19.36
AVAV,"AEROVIRONMENT, INC",W58RGZ25C0028,2025-09-11,4493037.69,Department of Defense,Department of the Army,DEFINITIVE CONTRACT,2025-09-11,241.81,247.05,-2.12,229.1,2025-12-17,68,-5.26,409.83,2025-10-13,22,69.48,78.89,3.0,4.0,5.0,8.0,13.0,16.0,,0.49,9.95,17.21,19.13,24.8,43.12,62.23,50.65,22.2,15.13,32.18
NOC,NORTHROP GRUMMAN SYSTEMS CORPORATION,HQ072724F1418,2026-03-18,484766.0,Department of Defense,Defense Microelectronics Activity,DELIVERY ORDER,2026-03-18,721.6639,720.8574,0.11,496.02,2026-06-29,70,-31.27,721.6639,2026-03-18,0,0.0,45.49,,,,,,,,-1.47,-6.19,-4.64,-6.32,-3.84,-5.16,-8.22,-20.05,-23.9,-23.74,-23.9
NOC,NORTHROP GRUMMAN SYSTEMS CORPORATION,N3904025C2844,2025-12-08,0.0,Department of Defense,Department of the Navy,DEFINITIVE CONTRACT,2025-12-08,549.3748,544.8195,0.84,546.467,2025-12-09,1,-0.53,764.6547,2026-03-02,56,39.19,39.93,10.0,18.0,25.0,27.0,48.0,,,-0.53,1.17,4.02,1.92,5.62,4.38,6.73,21.11,25.56,37.03,19.06
BA,THE BOEING COMPANY,SPE4AX26F3118,2026-03-17,1948007.0,Department of Defense,Defense Logistics Agency,DELIVERY ORDER,2026-03-17,210.82,213.47,-1.24,189.21,2026-03-30,9,-10.25,240.6,2026-05-13,40,14.13,27.16,18.0,26.0,,,,,,-2.29,-7.45,-6.83,-7.81,-5.59,-0.39,3.82,6.3,5.4,5.13,0.32
NOC,NORTHROP GRUMMAN SYSTEMS CORPORATION,HQ072724F1426,2025-12-09,3100000.0,Department of Defense,Defense Microelectronics Activity,DELIVERY ORDER,2025-12-09,546.467,549.3748,-0.53,546.467,2025-12-09,0,0.0,764.6547,2026-03-02,55,39.93,39.93,9.0,17.0,24.0,26.0,47.0,,,0.86,3.47,3.29,1.61,5.34,4.35,12.38,22.21,27.59,36.16,11.34
IBM,INTERNATIONAL BUSINESS MACHINES CORPORATION,N0003921F3007,2025-09-25,7074821.15,Department of Defense,Department of the Navy,DELIVERY ORDER,2025-09-25,274.3088,260.7513,5.2,268.9774,2025-10-16,15,-1.94,308.6917,2025-11-12,34,12.53,14.76,21.0,22.0,,,,,,1.02,0.26,1.88,2.84,2.41,-0.25,9.25,11.01,10.25,7.53,3.27
LDOS,"LEIDOS, INC.",BD04,2026-01-28,0.0,Department of Defense,Department of the Army,DELIVERY ORDER,2026-01-28,186.6463,186.03,0.33,122.3678,2026-06-08,90,-34.44,193.5547,2026-02-10,9,3.7,58.17,,,,,,,,-0.31,0.14,0.36,2.78,-7.87,-8.65,-6.75,-7.43,-15.21,-22.02,-34.44
LDOS,"LEIDOS, INC.",47QFCA23F0039,2025-09-02,9749377.89,General Services Administration,Federal Acquisition Service,DELIVERY ORDER,2025-09-02,179.0096,179.0394,-0.02,175.8627,2025-09-03,1,-1.76,197.9062,2025-11-04,45,10.56,12.53,21.0,45.0,,,,,,-1.76,-1.04,-1.03,2.34,1.15,4.09,6.17,3.75,10.56,6.1,10.14
LDOS,"LEIDOS, INC.",FA807523F0051,2025-09-17,1692332.67,Department of Defense,Department of the Air Force,DELIVERY ORDER,2025-09-17,182.286,181.076,0.67,179.3204,2025-12-31,73,-1.63,197.9062,2025-11-04,34,8.57,10.36,12.0,,,,,,,1.82,2.21,1.96,0.6,4.26,7.18,0.33,2.37,2.93,3.66,2.05
LDOS,"LEIDOS, INC.",FA701425F0238,2026-02-11,0.0,Department of Defense,Department of the Air Force,DELIVERY ORDER,2026-02-11,171.9647,193.5547,-11.15,104.84,2026-06-22,89,-39.03,179.5689,2026-03-03,13,4.42,71.28,,,,,,,,-0.9,-6.63,1.89,-0.58,1.65,2.14,0.5,-8.69,-10.08,-24.61,-38.3
GD,"GENERAL DYNAMICS MISSION SYSTEMS, INC.",N0003024C1005,2025-12-12,145070.0,Department of Defense,Department of the Navy,DEFINITIVE CONTRACT,2025-12-12,333.0969,337.035,-1.17,311.8376,2026-04-24,90,-6.38,364.0791,2026-01-16,23,9.3,16.75,14.0,,,,,,,0.95,-0.32,0.55,1.88,0.89,5.35,8.45,6.12,5.42,5.69,-6.38
GD,"GENERAL DYNAMICS INFORMATION TECHNOLOGY, INC.",70FBTX24F00000021,2025-08-15,-4594723.14,Department of Homeland Security,Federal Emergency Management Agency,BPA CALL,2025-08-15,308.2519,310.3646,-0.68,308.1438,2025-08-18,1,-0.04,349.165,2025-10-27,50,13.27,13.31,18.0,35.0,,,,,,-0.04,1.21,1.89,2.71,3.47,2.92,4.05,5.89,7.96,11.9,10.09
LMT,LOCKHEED MARTIN CORPORATION,FA862622F0004,2025-08-26,4642938.53,Department of Defense,Department of the Air Force,DELIVERY ORDER,2025-08-26,443.4982,435.9615,1.73,434.0461,2025-12-01,67,-2.13,505.5783,2026-01-05,90,14.0,16.48,18.0,24.0,,,,,,-0.22,0.04,-0.69,2.6,2.59,4.9,7.12,13.68,7.34,3.93,14.0
GD,GENERAL DYNAMICS ONE SOURCE LLC,FA824026F5001,2026-03-17,1430346.0,Department of Defense,Department of the Air Force,DELIVERY ORDER,2026-03-17,353.0887,351.1761,0.54,311.1606,2026-04-27,28,-11.87,389.14,2026-07-27,90,10.21,25.06,74.0,90.0,,,,,,-0.82,-2.95,-2.82,-0.28,-3.67,-2.21,-5.56,-4.49,-4.2,1.19,10.21
BAH,BOOZ ALLEN HAMILTON INC,693KA823F00195,2025-12-19,0.0,Department of Transportation,Federal Aviation Administration,DELIVERY ORDER,2025-12-19,83.9821,84.7209,-0.87,73.705,2026-02-23,42,-12.24,100.6977,2026-01-23,22,19.9,36.62,10.0,12.0,22.0,,,,,1.44,-0.13,-0.16,-1.06,5.61,13.5,12.32,-0.26,-5.73,-4.47,-7.45
BAH,BOOZ ALLEN HAMILTON INC,47QFNA21F0001,2025-12-08,-278229.0,General Services Administration,Federal Acquisition Service,DELIVERY ORDER,2025-12-08,89.971,86.6909,3.78,73.705,2026-02-23,51,-18.08,100.6977,2026-01-23,31,11.92,36.62,22.0,31.0,,,,,,-0.89,3.33,0.58,-5.24,-5.31,-6.81,3.15,4.84,-14.68,-9.66,-10.96
LDOS,"LEIDOS, INC.",N6883625F7K9B,2026-03-19,826291.38,Department of Defense,Department of the Navy,DELIVERY ORDER,2026-03-19,165.3659,166.1631,-0.48,100.0,2026-06-25,67,-39.53,165.3659,2026-03-19,0,0.0,65.37,,,,,,,,-0.05,-4.19,-5.04,-7.09,-4.3,-6.22,-6.71,-10.08,-24.07,-30.7,-30.84
NOC,NORTHROP GRUMMAN SYSTEMS CORPORATION,HQ072724F1407,2025-09-18,0.0,Department of Defense,Defense Microelectronics Activity,DELIVERY ORDER,2025-09-18,567.1136,570.4052,-0.58,541.3857,2025-12-01,51,-4.54,683.9199,2026-01-28,90,20.6,26.33,8.0,14.0,83.0,90.0,,,,-0.13,0.58,2.1,3.53,5.45,11.19,3.62,0.85,-1.12,-0.29,20.6
ACN,ACCENTURE FEDERAL SERVICES LLC,89303024FIM000140,2025-12-11,178221.12,Department of Energy,Department of Energy,BPA CALL,2025-12-11,264.9111,266.7238,-0.68,176.1618,2026-04-23,90,-33.5,282.7143,2026-01-14,22,6.72,60.49,22.0,,,,,,,0.44,0.62,-0.15,0.11,0.27,-3.85,2.38,2.01,-17.29,-25.48,-33.5
NOC,NORTHROP GRUMMAN SYSTEMS CORPORATION,FA863823F0010,2025-09-24,-35000.0,Department of Defense,Department of the Air Force,DELIVERY ORDER,2025-09-24,579.4888,570.4051,1.59,541.3857,2025-12-01,47,-6.58,699.65,2026-02-03,90,20.74,29.23,8.0,77.0,83.0,90.0,,,,-0.09,1.32,3.27,3.97,8.82,6.94,3.32,-2.69,-3.27,-4.18,20.74
ACN,ACCENTURE FEDERAL SERVICES LLC,AG3144D170052,2026-03-25,617609.72,Department of Agriculture,Office of the Chief Financial Officer,DELIVERY ORDER,2026-03-25,188.4076,189.6323,-0.65,122.9615,2026-06-30,66,-34.74,197.2651,2026-04-02,6,4.7,60.43,,,,,,,,2.15,2.74,2.48,3.46,-2.44,1.74,-6.46,-5.5,-1.89,-34.53,-9.54
BA,THE BOEING COMPANY,N0001922F2498,2025-09-11,0.0,Department of Defense,Department of the Navy,DELIVERY ORDER,2025-09-11,219.99,227.52,-3.31,179.12,2025-11-24,52,-18.58,250.07,2026-01-21,90,13.67,39.61,83.0,85.0,,,,,,-1.84,-2.26,-1.97,-3.59,-2.94,-2.18,-4.21,-1.01,-11.55,-8.23,13.67
GD,"GENERAL DYNAMICS MISSION SYSTEMS, INC.",N0003025C1024,2026-04-06,15422686.0,Department of Defense,Department of the Navy,DEFINITIVE CONTRACT,2026-04-06,348.2328,345.9534,0.66,311.1606,2026-04-27,15,-10.65,395.97,2026-08-10,87,13.71,27.26,61.0,76.0,,,,,,-0.84,-2.13,-2.57,-3.11,-5.04,-10.45,-0.17,-1.9,-1.17,3.74,12.84
GE,GENERAL ELECTRIC COMPANY,N0042119F0231,2026-01-06,-17688.33,Department of Defense,Defense Contract Management Agency,DELIVERY ORDER,2026-01-06,326.6564,323.4451,0.99,272.9098,2026-03-30,57,-16.45,344.8073,2026-03-02,37,5.56,26.34,33.0,,,,,,,-1.19,-1.82,-0.09,-2.32,-2.76,-9.18,-6.46,2.2,-6.23,-14.04,-13.92
LMT,LOCKHEED MARTIN CORPORATION,N6426718C0132,2026-02-13,0.0,Department of Defense,Department of the Navy,DEFINITIVE CONTRACT,2026-02-13,644.9368,629.9642,2.38,491.64,2026-06-24,89,-23.77,672.2988,2026-03-02,10,4.24,36.75,,,,,,,,-0.46,2.13,1.23,-0.78,4.24,3.48,-1.98,-7.79,-11.89,-19.74,-21.69
NOC,NORTHROP GRUMMAN SYSTEMS CORP,FA861620F0101,2026-03-27,41558.34,Department of Defense,Department of the Air Force,DELIVERY ORDER,2026-03-27,676.0247,688.9578,-1.88,496.02,2026-06-29,63,-26.63,699.4217,2026-04-02,4,3.46,41.01,,,,,,,,-1.09,2.65,2.47,1.25,0.34,-2.02,-14.9,-19.26,-20.63,-25.59,-16.02
IBM,INTERNATIONAL BUSINESS MACHINES CORPORATION,49100424C0005,2026-01-12,0.0,National Science Foundation,National Science Foundation,DEFINITIVE CONTRACT,2026-01-12,305.9476,298.1465,2.62,213.1113,2026-05-13,84,-30.34,308.4467,2026-02-02,14,0.82,44.74,,,,,,,,-2.89,-4.56,-6.67,-5.61,-5.87,0.82,-12.11,-23.48,-18.95,-23.59,-17.9
ACN,ACCENTURE FEDERAL SERVICES LLC,FA701423F0115,2025-09-05,70000.0,Department of Defense,Department of the Air Force,DELIVERY ORDER,2025-09-05,249.8024,247.833,0.79,227.8645,2025-09-25,14,-8.78,282.7143,2026-01-14,90,13.18,24.07,62.0,86.0,,,,,,0.24,-4.64,-6.44,-7.12,-5.98,-8.78,-2.66,-6.5,-3.6,0.97,13.18
LDOS,"LEIDOS, INC.",HC102821F0002,2026-03-07,0.0,Department of Defense,Defense Information Systems Agency,DELIVERY ORDER,2026-03-09,178.4655,176.8254,0.93,100.0,2026-06-25,75,-43.97,178.4655,2026-03-09,0,0.0,78.47,,,,,,,,-3.92,-3.19,-6.5,-6.89,-9.24,-13.16,-10.31,-14.46,-28.31,-30.57,-40.34
GD,"GENERAL DYNAMICS INFORMATION TECHNOLOGY, INC.",70FBTX25F00000024,2025-09-11,6425500.0,Department of Homeland Security,Federal Emergency Management Agency,BPA CALL,2025-09-11,323.9057,317.4496,2.03,317.0663,2025-09-22,7,-2.11,364.0791,2026-01-16,88,12.4,14.83,17.0,85.0,,,,,,-1.05,-0.98,-1.53,-2.11,-1.57,3.38,1.45,4.06,4.84,2.78,11.61
BA,THE BOEING COMPANY,N0001920F0064,2026-04-01,0.0,Department of Defense,Department of the Navy,DELIVERY ORDER,2026-04-01,207.32,199.03,4.17,204.8,2026-07-21,75,-1.22,240.6,2026-05-13,29,16.05,17.48,4.0,14.0,29.0,,,,,0.43,1.29,6.15,7.15,5.58,11.56,9.68,10.56,3.92,3.55,12.5
BA,THE BOEING COMPANY,FA862511C6600,2025-08-22,0.0,Department of Defense,Department of the Air Force,DEFINITIVE CONTRACT,2025-08-22,230.12,224.46,2.52,179.12,2025-11-24,65,-22.16,237.38,2025-09-02,6,3.15,32.53,,,,,,,,-1.41,2.39,1.98,0.98,0.36,-6.16,-5.99,-4.52,-3.09,-16.65,-5.65
LMT,LOCKHEED MARTIN CORPORATION,N0001925F0283,2026-02-17,3097182.0,Department of Defense,Department of the Navy,DELIVERY ORDER,2026-02-17,641.9719,644.9368,-0.46,491.64,2026-06-24,88,-23.42,672.2988,2026-03-02,9,4.72,36.75,,,,,,,,0.04,1.34,2.29,-1.22,3.35,2.78,-0.6,-6.47,-14.04,-19.54,-20.96
PSN,PARSONS GOVERNMENT SERVICES INC.,FA875026FB003,2026-03-26,599210.0,Department of Defense,Department of the Air Force,DELIVERY ORDER,2026-03-26,53.62,53.84,-0.41,40.32,2026-07-29,85,-24.8,62.03,2026-07-28,84,15.68,53.84,5.0,44.0,84.0,,,,,-2.07,1.03,5.04,4.9,4.46,4.48,-3.95,-8.28,13.13,-8.17,-10.89
BAH,BOOZ ALLEN HAMILTON INC,N0018924F3024,2026-03-03,1394286.87,Department of Defense,Department of the Navy,DELIVERY ORDER,2026-03-03,78.6081,77.2284,1.79,59.71,2026-06-25,79,-24.04,83.4516,2026-04-07,24,6.16,39.76,23.0,,,,,,,-1.07,3.4,-2.12,-2.64,-2.63,0.88,1.48,3.91,-3.69,2.34,-17.57
GD,GENERAL DYNAMICS LAND SYSTEMS INC.,W912CH24F0341,2026-01-22,-4.0,Department of Defense,Department of the Army,DELIVERY ORDER,2026-01-22,362.543,361.5024,0.29,311.1606,2026-04-27,65,-14.17,363.3259,2026-01-27,3,0.22,16.76,,,,,,,,-0.7,0.22,-4.34,-5.32,-3.77,-5.33,-4.61,-0.64,-5.21,-8.79,-7.29
HON,HONEYWELL INTERNATIONAL INC.,W56HZV24F0103,2026-03-17,-945408.57,Department of Defense,Department of the Army,DELIVERY ORDER,2026-03-17,241.3793,244.6022,-1.32,215.9203,2026-06-10,59,-10.55,249.4599,2026-05-29,51,3.35,15.53,,,,,,,,-0.65,-4.29,-4.26,-2.7,-2.33,-3.28,-0.88,-9.13,-5.55,-4.79,1.81
TXT,BELL TEXTRON INC,N0001925F0088,2025-09-29,22644251.0,Department of Defense,Department of the Navy,DELIVERY ORDER,2025-09-29,83.9744,83.4347,0.65,79.3674,2025-10-30,23,-5.49,96.2784,2026-01-21,78,14.65,21.31,58.0,71.0,,,,,,0.55,2.76,3.94,2.61,-2.73,-3.18,-4.86,-2.34,-1.9,7.72,13.6
HON,"HONEYWELL INTERNATIONAL, INC.",FA945319C0010,2025-09-11,-16948.43,Department of Defense,Defense Contract Management Agency,DEFINITIVE CONTRACT,2025-09-11,209.3647,205.8544,1.71,195.2672,2025-11-20,50,-6.73,227.701,2026-01-16,88,8.76,16.61,86.0,,,,,,,-1.79,-2.02,-2.37,-2.93,-3.53,-2.38,-6.69,2.49,-1.51,-5.15,8.65
IBM,INTERNATIONAL BUSINESS MACHINES CORPORATION,W15QKN21F0531,2025-09-30,1500000.0,Department of Defense,Department of the Army,DELIVERY ORDER,2025-09-30,275.0106,272.7104,0.84,268.9774,2025-10-16,12,-2.19,308.6917,2025-11-12,31,12.25,14.76,18.0,19.0,,,,,,1.53,2.2,4.15,2.15,-2.13,0.53,9.23,11.8,7.84,8.53,5.6
LMT,LOCKHEED MARTIN CORP,N0003022C1025,2025-09-22,0.0,Department of Defense,Department of the Navy,DEFINITIVE CONTRACT,2025-09-22,471.1862,463.8789,1.58,434.0461,2025-12-01,49,-7.88,626.7917,2026-01-30,90,33.02,44.41,9.0,76.0,77.0,79.0,89.0,,,1.31,0.82,2.41,3.87,7.05,5.13,1.9,1.57,-6.11,0.06,33.02
BAH,BOOZ ALLEN HAMILTON INC,HC104722F0211,2025-09-16,0.0,Department of Defense,Defense Information Systems Agency,DELIVERY ORDER,2025-09-16,99.6486,99.4431,0.21,78.7024,2025-11-20,47,-21.02,101.8113,2025-10-07,15,2.17,29.36,,,,,,,,-0.25,0.3,-3.44,-4.22,-1.85,1.78,-5.38,-15.98,-19.97,-8.05,-7.15
LDOS,"LEIDOS, INC.",M0026426C0001,2025-11-25,7520824.42,Department of Defense,Department of the Navy,DEFINITIVE CONTRACT,2025-11-25,189.9226,185.2712,2.51,153.6473,2026-03-30,84,-19.1,197.153,2026-01-09,30,3.81,28.32,,,,,,,,-0.6,-1.61,-1.6,-2.44,-1.67,-4.66,-2.72,3.81,-1.58,-8.86,-15.72
NOC,NORTHROP GRUMMAN SYSTEMS CORPORATION,N0016425FJ656,2025-09-23,8077632.07,Department of Defense,Department of the Navy,DELIVERY ORDER,2025-09-23,570.4052,569.4859,0.16,541.3857,2025-12-01,48,-5.09,690.0928,2026-01-29,88,20.98,27.47,5.0,11.0,80.0,88.0,,,,1.59,3.02,5.59,4.84,7.72,7.24,3.36,0.01,-1.33,-1.84,19.19
ACN,ACCENTURE FEDERAL SERVICES LLC,89303026FIM000188,2026-02-04,1228481.03,Department of Energy,Department of Energy,BPA CALL,2026-02-04,236.771,236.3399,0.18,157.7433,2026-05-13,68,-33.38,236.771,2026-02-04,0,0.0,50.1,,,,,,,,-3.34,-2.02,-4.64,-7.21,-11.05,-20.75,-11.03,-15.77,-25.08,-24.95,-30.99
BA,THE BOEING COMPANY,W58RGZ15C0048,2025-09-03,0.0,Department of Defense,Department of the Army,DEFINITIVE CONTRACT,2025-09-03,232.38,237.38,-2.11,179.12,2025-11-24,58,-22.92,239.81,2026-01-12,90,3.2,33.88,,,,,,,,-0.7,-0.62,-2.09,-7.07,-7.64,-6.9,-6.43,-7.91,-14.96,-19.56,3.2
ACN,ACCENTURE FEDERAL SERVICES LLC,70CTD021FR0000232,2025-12-12,-119247.89,Department of Homeland Security,U.S. Immigration and Customs Enforcement,DELIVERY ORDER,2025-12-12,266.0771,264.9111,0.44,176.1618,2026-04-23,89,-33.79,282.7142,2026-01-14,21,6.25,60.49,21.0,,,,,,,1.14,0.8,0.25,-0.29,-0.08,-2.79,6.25,-0.42,-20.85,-27.81,-33.76
HII,HUNTINGTON INGALLS INCORPORATED,N0002412C4323,2025-09-29,-178231.0,Department of Defense,Department of the Navy,DEFINITIVE CONTRACT,2025-09-29,276.2426,275.4916,0.27,276.2426,2025-09-29,0,0.0,426.4598,2026-02-03,87,54.38,54.38,19.0,23.0,24.0,58.0,67.0,75.0,,3.0,0.96,3.21,4.04,2.99,0.18,7.02,14.0,10.38,27.39,42.93
LMT,LOCKHEED MARTIN CORPORATION,HQ014716C0011,2025-09-24,640596.28,Department of Defense,Missile Defense Agency,DEFINITIVE CONTRACT,2025-09-24,476.9339,477.3458,-0.09,434.0461,2025-12-01,47,-8.99,628.5509,2026-02-02,89,31.79,44.81,8.0,74.0,76.0,79.0,88.0,,,-0.39,1.18,2.62,3.75,5.71,3.89,0.37,-2.7,-6.6,-2.58,30.19
BAH,BOOZ ALLEN HAMILTON INC,N0017821F3011,2025-10-21,-4637.77,Department of Defense,Department of the Navy,DELIVERY ORDER,2025-10-21,98.4939,98.7875,-0.3,73.705,2026-02-23,84,-25.17,100.6977,2026-01-23,64,2.24,36.62,,,,,,,,-1.9,-9.19,-14.99,-17.71,-15.09,-13.26,-19.56,-17.5,-14.84,-2.59,-20.19
PSN,AMENTUM PARSONS LOGISTICS SERVICES LLC,W52P1J19F0404,2025-08-26,2038264.52,Department of Defense,Department of the Army,DELIVERY ORDER,2025-08-26,79.91,79.7,0.26,60.2,2025-12-17,79,-24.67,89.29,2025-10-08,30,11.74,48.32,25.0,28.0,,,,,,0.54,0.24,-1.54,-5.33,-6.44,-5.62,-0.26,11.74,3.54,4.23,-16.74
HII,HUNTINGTON INGALLS INCORPORATED,N0002418C2307,2026-04-03,537448.0,Department of Defense,Department of the Navy,DEFINITIVE CONTRACT,2026-04-06,405.9069,394.9144,2.78,268.76,2026-07-21,73,-33.79,409.581,2026-04-08,2,0.91,52.4,,,,,,,,-1.32,-1.05,-3.24,-2.34,-3.79,-11.87,-20.0,-19.21,-26.7,-31.27,-19.75
GD,"GENERAL DYNAMICS INFORMATION TECHNOLOGY, INC.",N6133125F3004,2026-02-04,285000.0,Department of Defense,Department of the Navy,DELIVERY ORDER,2026-02-04,350.195,352.1175,-0.55,311.1606,2026-04-27,56,-11.15,362.8304,2026-03-04,19,3.61,16.61,,,,,,,,-0.37,1.9,-1.99,-1.62,0.27,-2.89,2.86,-1.06,-4.72,-1.68,2.22
LMT,LOCKHEED MARTIN CORP,FA850422F0036,2025-08-21,0.0,Department of Defense,Department of the Air Force,DELIVERY ORDER,2025-08-21,435.4551,434.2867,0.27,434.0461,2025-12-01,70,-0.32,504.3876,2025-10-06,31,15.83,16.21,14.0,26.0,31.0,,,,,-0.22,1.85,2.01,1.92,4.49,6.03,8.21,13.63,9.34,4.91,10.75
NOC,NORTHROP GRUMMAN SYSTEMS CORPORATION,N0010421PCE87,2025-08-22,0.0,Department of Defense,Department of the Navy,PURCHASE ORDER,2025-08-22,583.2949,587.9913,-0.8,541.3857,2025-12-01,69,-7.18,630.571,2025-10-08,32,8.11,16.47,31.0,,,,,,,-0.96,-0.98,-0.41,-1.54,-1.39,-2.4,-2.21,4.81,0.99,-4.59,-2.98
IBM,INTERNATIONAL BUSINESS MACHINES CORPORATION,47QFEA26F0004,2026-03-31,11842802.72,General Services Administration,Federal Acquisition Service,DELIVERY ORDER,2026-03-31,238.9053,233.8392,2.17,204.3044,2026-07-22,77,-14.48,326.8851,2026-06-02,43,36.83,60.0,14.0,41.0,41.0,41.0,42.0,,,0.31,1.79,-0.27,-4.8,0.99,5.48,-4.71,-10.8,25.41,12.89,-1.09
PSN,PARSONS GOVERNMENT SERVICES INC.,HQ085822C0005,2026-03-18,0.0,Department of Defense,Missile Defense Agency,DEFINITIVE CONTRACT,2026-03-18,51.11,54.18,-5.67,47.05,2026-06-25,68,-7.94,62.03,2026-07-28,90,21.37,31.84,5.0,11.0,49.0,90.0,,,,-1.86,0.63,5.34,2.74,7.79,13.48,9.08,-1.37,1.37,10.94,21.37
LMT,LOCKHEED MARTIN CORPORATION,FA875024CB069,2026-01-20,24000.0,Department of Defense,Department of the Air Force,DEFINITIVE CONTRACT,2026-01-20,569.313,575.6083,-1.09,503.2157,2026-05-08,76,-11.61,672.2988,2026-03-02,28,18.09,33.6,7.0,8.0,21.0,,,,,1.77,2.56,3.28,8.06,9.06,10.8,15.7,15.96,8.93,6.01,-7.43
LMT,LOCKHEED MARTIN CORPORATION,80GRC021CA003,2025-12-08,0.0,National Aeronautics and Space Administration,National Aeronautics and Space Administration,DEFINITIVE CONTRACT,2025-12-08,459.9293,446.9037,2.91,459.9293,2025-12-08,0,0.0,672.2988,2026-03-02,56,46.17,46.17,14.0,19.0,22.0,25.0,35.0,,,0.32,2.04,4.09,2.02,3.91,5.05,11.4,27.62,36.97,45.11,25.56
LMT,LOCKHEED MARTIN CORPORATION,H9225426FE016,2026-01-28,176833.0,Department of Defense,U.S. Special Operations Command,DELIVERY ORDER,2026-01-28,590.2746,587.9818,0.39,503.2157,2026-05-08,70,-14.75,672.2988,2026-03-02,22,13.9,33.6,2.0,15.0,,,,,,4.23,6.48,0.92,4.41,5.26,8.8,10.18,9.88,4.82,-13.58,-11.89
NOC,NORTHROP GRUMMAN SYSTEMS CORPORATION,N0038322FS509,2025-10-28,0.0,Department of Defense,Department of the Navy,DELIVERY ORDER,2025-10-28,588.1672,589.0569,-0.15,541.3857,2025-12-01,23,-7.95,764.6547,2026-03-02,84,30.01,41.24,51.0,53.0,62.0,76.0,84.0,,,-1.69,-1.95,-3.01,-3.88,-4.76,-5.38,-4.7,-6.29,-1.18,11.53,24.41
BA,THE BOEING COMPANY,FA863422F0028,2025-10-15,239078.0,Department of Defense,Department of the Air Force,DELIVERY ORDER,2025-10-15,214.0,214.3,-0.14,179.12,2025-11-24,28,-16.3,252.15,2026-01-23,68,17.83,40.77,54.0,60.0,63.0,,,,,-0.99,1.32,1.21,3.43,-0.2,-7.45,-9.07,-12.65,-2.68,12.06,7.64
GD,"GENERAL DYNAMICS INFORMATION TECHNOLOGY, INC.",47QFMA25F0016,2026-02-09,3087500.01,General Services Administration,Federal Acquisition Service,DELIVERY ORDER,2026-02-09,356.8645,356.8348,0.01,311.1606,2026-04-27,53,-12.81,362.8304,2026-03-04,16,1.67,16.61,,,,,,,,-0.35,-5.37,-4.88,-1.6,-2.48,1.3,-1.74,-3.85,-5.46,-3.11,-2.35
BAH,BOOZ ALLEN HAMILTON INC,FA807525F0027,2026-02-24,608000.0,Department of Defense,Department of the Air Force,DELIVERY ORDER,2026-02-24,75.1342,73.705,1.94,59.71,2026-06-25,84,-20.53,83.4516,2026-04-07,29,11.07,39.76,2.0,28.0,,,,,,-0.78,4.13,4.62,5.42,2.4,0.08,5.84,7.79,0.99,2.31,-17.07
LMT,LOCKHEED MARTIN CORPORATION,FA820525FB008,2025-11-14,0.0,Department of Defense,Department of the Air Force,DELIVERY ORDER,2025-11-14,456.8463,447.1163,2.18,434.0461,2025-12-01,10,-4.99,672.2988,2026-03-02,71,47.16,54.89,27.0,33.0,37.0,39.0,50.0,,,1.08,0.89,-1.07,-2.87,-4.99,-2.18,3.2,5.57,28.48,37.89,33.93
BA,THE BOEING COMPANY,N0001924F0259,2025-12-19,14015737.6,Department of Defense,Department of the Navy,DELIVERY ORDER,2025-12-19,214.08,208.27,2.79,189.21,2026-03-30,67,-11.62,252.15,2026-01-23,22,17.78,33.26,8.0,14.0,17.0,,,,,1.29,1.91,1.48,1.42,7.36,12.02,17.44,10.22,7.16,-6.03,6.21
LMT,LOCKHEED MARTIN CORPORATION,H9225424F2842,2026-03-24,7940000.0,Department of Defense,U.S. Special Operations Command,DELIVERY ORDER,2026-03-24,606.2015,612.2419,-0.99,491.64,2026-06-24,63,-18.9,633.7512,2026-04-06,8,4.54,28.91,,,,,,,,2.3,0.93,-0.95,2.07,3.0,0.23,-13.17,-15.72,-11.96,-15.71,-3.28
HII,HUNTINGTON INGALLS INCORPORATED,N0002418C2307,2025-08-14,0.0,Department of Defense,Department of the Navy,DEFINITIVE CONTRACT,2025-08-14,263.0183,264.9556,-0.73,260.9926,2025-08-19,3,-0.77,350.9032,2025-12-22,90,33.41,34.45,31.0,50.0,54.0,55.0,90.0,,,-0.45,-0.77,-0.37,1.22,2.92,1.44,2.58,4.74,5.21,16.31,33.41
BA,BELL BOEING JOINT PROJECT OFFICE,N0001918F1658,2025-09-09,-43716.89,Department of Defense,Department of the Navy,DELIVERY ORDER,2025-09-09,229.52,230.95,-0.62,179.12,2025-11-24,54,-21.96,247.74,2026-01-15,89,7.94,38.31,87.0,,,,,,,-0.87,-5.92,-6.32,-6.04,-5.74,-5.42,-1.83,-5.34,-14.95,-11.75,7.91
BA,THE BOEING COMPANY,N6893626F5003,2026-01-23,6294452.0,Department of Defense,Department of the Navy,DELIVERY ORDER,2026-01-23,252.15,251.41,0.29,189.21,2026-03-30,45,-24.96,252.15,2026-01-23,0,0.0,33.26,,,,,,,,-1.48,-4.19,-7.31,-7.54,-3.62,-5.08,-7.44,-10.77,-24.96,-13.08,-16.49
NOC,NORTHROP GRUMMAN SYSTEMS CORPORATION,FA229124FB009,2025-09-24,94000.0,Department of Defense,Department of the Air Force,DELIVERY ORDER,2025-09-24,579.4888,570.4051,1.59,541.3857,2025-12-01,47,-6.58,699.65,2026-02-03,90,20.74,29.23,8.0,77.0,83.0,90.0,,,,-0.09,1.32,3.27,3.97,8.82,6.94,3.32,-2.69,-3.27,-4.18,20.74
BAH,BOOZ ALLEN HAMILTON INC,W56HZV22F0410,2025-11-28,1005955.67,Department of Defense,Department of the Army,DELIVERY ORDER,2025-11-28,82.2091,82.0022,0.25,73.705,2026-02-23,57,-10.34,100.6977,2026-01-23,37,22.49,36.62,4.0,8.0,28.0,37.0,,,,-1.22,-1.16,5.45,8.47,11.17,3.06,2.02,14.2,1.89,-3.69,-5.62
LDOS,"LEIDOS, INC.",W909MY21F0024,2026-01-21,0.0,Department of Defense,Department of the Army,DELIVERY ORDER,2026-01-21,190.9703,189.7774,0.63,122.6069,2026-05-21,84,-35.8,193.5547,2026-02-10,14,1.35,57.87,,,,,,,,0.69,-1.36,-2.26,-2.0,-1.92,1.35,-9.69,-8.57,-17.77,-19.03,-33.36
CACI,"CACI, INC. - FEDERAL",N0017824F3000,2025-08-27,965548.34,Department of Defense,Department of the Navy,DELIVERY ORDER,2025-08-27,487.07,483.13,0.82,460.1,2025-09-04,5,-5.54,617.97,2025-11-25,63,26.87,34.31,24.0,40.0,40.0,40.0,,,,-1.51,-0.85,-5.54,-2.68,1.24,1.76,-0.3,4.97,15.64,22.16,14.86
LMT,LOCKHEED MARTIN CORPORATION,W31P4Q23F0034,2026-02-02,0.0,Department of Defense,Department of the Army,DELIVERY ORDER,2026-02-02,628.551,626.7917,0.28,503.2157,2026-05-08,67,-19.94,672.2988,2026-03-02,19,6.96,33.6,19.0,,,,,,,-1.22,-4.22,0.36,-1.15,2.14,3.87,5.03,0.58,-0.66,-19.42,-12.71
LDOS,"LEIDOS, INC.",N0016722F3005,2025-12-03,570000.0,Department of Defense,Department of the Navy,DELIVERY ORDER,2025-12-03,186.8878,185.529,0.73,152.3419,2026-04-10,87,-18.48,197.153,2026-01-09,25,5.49,29.41,22.0,,,,,,,2.11,-1.5,-0.07,0.68,-3.54,-0.9,3.98,3.56,3.49,-3.92,-15.2
GD,"GENERAL DYNAMICS INFORMATION TECHNOLOGY, INC.",HSFE5017F0047,2025-08-28,-125106.97,Department of Homeland Security,Federal Emergency Management Agency,DELIVERY ORDER,2025-08-28,319.2774,319.8178,-0.17,315.7594,2025-09-09,7,-1.1,356.0146,2026-01-06,89,11.51,12.75,25.0,89.0,,,,,,-0.1,-0.65,-0.63,-1.1,0.38,-0.1,2.23,2.92,6.62,5.21,6.85
BAH,BOOZ ALLEN HAMILTON INC,N0018919FZ347,2026-01-29,-716.13,Department of Defense,Department of the Navy,DELIVERY ORDER,2026-01-29,87.4001,89.7346,-2.6,71.0549,2026-05-13,72,-18.7,88.7791,2026-02-09,7,1.58,24.94,,,,,,,,-0.35,-6.46,-4.74,1.58,-12.17,-9.22,-11.64,-11.12,-4.94,-13.48,-10.35
LMT,LOCKHEED MARTIN CORPORATION,H9225425FE046,2025-12-18,0.0,Department of Defense,U.S. Special Operations Command,DELIVERY ORDER,2025-12-18,464.6336,469.2291,-0.98,464.6336,2025-12-18,0,0.0,672.2988,2026-03-02,48,44.69,44.69,9.0,11.0,14.0,17.0,27.0,,,0.85,2.64,2.74,3.8,8.81,15.48,24.69,33.63,37.72,37.33,10.75
IBM,INTERNATIONAL BUSINESS MACHINES CORPORATION,47QMCB25C0001,2025-09-08,0.0,General Services Administration,Federal Acquisition Service,DEFINITIVE CONTRACT,2025-09-08,249.6012,242.2327,3.04,247.0183,2025-09-12,4,-1.03,308.6917,2025-11-12,47,23.67,24.97,10.0,14.0,34.0,34.0,,,,1.18,0.36,0.06,1.17,5.97,11.02,14.75,10.76,21.38,18.49,16.99
LMT,LOCKHEED MARTIN CORPORATION,N0003025C2023,2026-02-26,-870190.0,Department of Defense,Department of the Navy,DEFINITIVE CONTRACT,2026-02-26,634.1151,639.9163,-0.91,491.64,2026-06-24,81,-22.47,672.2988,2026-03-02,2,6.02,36.75,2.0,,,,,,,2.56,4.63,2.62,4.06,2.28,0.63,-3.51,-3.85,-19.66,-16.45,-16.74
BAH,BOOZ ALLEN HAMILTON INC,N0017824F3009,2026-03-09,770000.0,Department of Defense,Department of the Navy,DELIVERY ORDER,2026-03-09,80.8214,81.278,-0.56,59.71,2026-06-25,75,-26.12,83.4516,2026-04-07,20,3.25,39.76,,,,,,,,-4.8,-5.31,-6.96,-3.4,-1.88,-3.61,0.21,-0.53,-7.37,-3.6,-19.32
NOC,NORTHROP GRUMMAN SYSTEMS CORPORATION,HQ014718F0021,2025-11-26,150000.0,Department of Defense,Missile Defense Agency,DELIVERY ORDER,2025-11-26,560.5504,562.8337,-0.41,541.3857,2025-12-01,2,-3.42,764.6547,2026-03-02,63,36.41,41.24,25.0,30.0,32.0,40.0,56.0,,,0.91,-3.16,-2.09,-1.99,-0.85,-0.11,2.29,11.42,24.81,24.98,22.66
CACI,"CACI, LLC - COMMERCIAL",15JPSS21F00000530,2025-09-16,1316894.8,Department of Justice,"Offices, Boards and Divisions",DELIVERY ORDER,2025-09-16,491.37,495.06,-0.75,476.24,2025-09-25,7,-3.08,662.19,2026-01-23,89,34.76,39.05,12.0,27.0,27.0,39.0,88.0,,,0.87,1.51,0.32,-3.08,1.51,7.66,5.24,16.51,21.55,21.39,30.81
BA,THE BOEING COMPANY,FA862516C6599,2026-01-30,6000000.0,Department of Defense,Department of the Air Force,DEFINITIVE CONTRACT,2026-01-30,233.72,234.04,-0.14,189.21,2026-03-30,40,-19.04,244.71,2026-02-09,6,4.7,29.33,,,,,,,,-0.3,0.95,3.98,3.8,3.95,-0.72,-4.11,-8.66,-10.15,-1.28,-10.58
GD,"GENERAL DYNAMICS MISSION SYSTEMS, INC.",W900KK22F0014,2026-01-22,6531107.08,Department of Defense,Department of the Army,DELIVERY ORDER,2026-01-22,362.543,361.5024,0.29,311.1606,2026-04-27,65,-14.17,363.3259,2026-01-27,3,0.22,16.76,,,,,,,,-0.7,0.22,-4.34,-5.32,-3.77,-5.33,-4.61,-0.64,-5.21,-8.79,-7.29
LMT,LOCKHEED MARTIN CORPORATION,FA868224CB001,2025-11-18,83866868.39,Department of Defense,Department of the Air Force,DEFINITIVE CONTRACT,2025-11-18,465.6248,461.7603,0.84,434.0461,2025-12-01,8,-6.78,672.2988,2026-03-02,69,44.39,54.89,30.0,32.0,35.0,38.0,48.0,,,-1.01,-2.94,-4.7,-3.55,-5.17,-0.9,-0.21,5.5,23.46,37.87,28.96
BA,THE BOEING COMPANY,W58RGZ17C0043,2025-12-18,0.0,Department of Defense,Department of the Army,DEFINITIVE CONTRACT,2025-12-18,208.27,206.33,0.94,189.21,2026-03-30,68,-9.15,252.15,2026-01-23,23,21.07,33.26,9.0,11.0,15.0,21.0,,,,2.79,4.12,3.92,4.91,9.54,12.61,20.07,11.95,10.61,-1.09,9.97
GD,GENERAL DYNAMICS LAND SYSTEMS INC.,W912CH26F0010,2025-11-10,1188483.0,Department of Defense,Department of the Army,DELIVERY ORDER,2025-11-10,344.9407,341.8317,0.91,328.0534,2025-12-01,14,-4.9,364.0791,2026-01-16,46,5.55,10.98,45.0,,,,,,,0.84,-1.55,-2.21,-1.84,-3.25,-4.9,-2.08,-1.62,5.49,3.45,-0.2
ACN,ACCENTURE FEDERAL SERVICES LLC,91003125C0013,2025-09-30,1810034.0,Department of Education,Department of Education,DEFINITIVE CONTRACT,2025-09-30,241.621,242.013,-0.16,228.8639,2026-02-05,88,-5.28,282.7143,2026-01-14,73,17.01,23.53,44.0,45.0,73.0,,,,,-1.17,-0.52,1.88,2.21,-0.97,-1.79,0.47,-1.64,10.64,9.48,-3.99
BAH,BOOZ ALLEN HAMILTON INC,HQ003425FE284,2025-09-15,505667.21,Department of Defense,Washington Headquarters Services,BPA CALL,2025-09-15,99.4431,102.3789,-2.87,78.7024,2025-11-20,48,-20.86,101.8113,2025-10-07,16,2.38,29.36,,,,,,,,0.21,-0.4,-1.8,-2.3,-2.69,2.36,-3.76,-14.85,-19.11,-10.33,1.26
NOC,NORTHROP GRUMMAN SYSTEMS CORPORATION,HQ085624F0003,2026-03-12,1200000.0,Department of Defense,Missile Defense Agency,DELIVERY ORDER,2026-03-12,733.0736,729.9673,0.43,496.02,2026-06-29,74,-32.34,733.0736,2026-03-12,0,0.0,47.79,,,,,,,,-0.35,-1.67,-3.01,-7.65,-6.02,-5.34,-7.47,-21.89,-26.57,-26.23,-28.35
LMT,LOCKHEED MARTIN CORPORATION,N0003020C0045,2026-04-03,161555.0,Department of Defense,Department of the Navy,DEFINITIVE CONTRACT,2026-04-06,633.7512,618.7394,2.43,491.64,2026-06-24,55,-22.42,633.7512,2026-04-06,0,0.0,28.91,,,,,,,,-1.6,-2.2,-2.85,-4.2,-8.88,-19.51,-20.22,-17.18,-16.35,-17.66,-5.64
NOC,NORTHROP GRUMMAN SYSTEMS CORPORATION,N6893625F0172,2026-02-25,0.0,Department of Defense,Department of the Navy,DELIVERY ORDER,2026-02-25,700.5667,724.5411,-3.31,496.02,2026-06-29,85,-29.2,764.6547,2026-03-02,3,9.15,54.16,3.0,,,,,,,1.03,9.15,7.13,7.46,4.2,2.9,-1.66,-1.86,-17.65,-21.61,-21.63
BA,"BOEING AEROSPACE OPERATIONS, INC.",W58RGZ21F0192,2026-04-01,-436502.57,Department of Defense,Department of the Army,DELIVERY ORDER,2026-04-01,207.32,199.03,4.17,204.8,2026-07-21,75,-1.22,240.6,2026-05-13,29,16.05,17.48,4.0,14.0,29.0,,,,,0.43,1.29,6.15,7.15,5.58,11.56,9.68,10.56,3.92,3.55,12.5
GD,"GENERAL DYNAMICS-OTS, INC.",N0002425F5346,2025-10-08,2235703.0,Department of Defense,Department of the Navy,DELIVERY ORDER,2025-10-08,340.4341,337.4763,0.88,326.2868,2025-10-16,6,-4.16,364.0791,2026-01-16,69,6.95,11.58,66.0,,,,,,,-1.06,-3.05,-3.74,-3.99,-1.94,0.51,-1.34,-0.54,-1.0,3.08,1.74
GD,"GENERAL DYNAMICS INFORMATION TECHNOLOGY, INC.",692M1521F00080,2026-03-12,0.0,Department of Transportation,Federal Aviation Administration,DELIVERY ORDER,2026-03-12,352.0383,350.6707,0.39,311.1606,2026-04-27,31,-11.61,376.88,2026-07-06,78,7.06,21.12,77.0,,,,,,,-1.04,0.3,-1.58,-2.21,0.01,-1.32,-3.63,-11.42,-5.4,-3.6,6.0
HII,HUNTINGTON INGALLS INCORPORATED,N0002423C2307,2026-02-19,771023.0,Department of Defense,Department of the Navy,DEFINITIVE CONTRACT,2026-02-19,439.8598,421.7449,4.3,277.39,2026-06-29,89,-36.94,451.7788,2026-03-02,7,2.71,62.87,,,,,,,,-1.26,1.04,-0.03,2.71,-4.66,-6.35,-7.65,-10.22,-18.67,-26.17,-36.37
ETN,EATON CORPORATION,6973GH26F00637,2026-04-06,2717831.42,Department of Transportation,Federal Aviation Administration,DELIVERY ORDER,2026-04-06,361.9965,359.221,0.77,360.9918,2026-07-29,79,-0.28,459.96,2026-08-12,89,27.06,27.42,2.0,3.0,13.0,53.0,,,,1.36,10.04,10.85,8.57,12.0,16.5,12.91,5.23,10.7,13.62,25.23
LMT,LOCKHEED MARTIN CORPORATION,H9225426FE053,2026-03-31,22640188.07,Department of Defense,U.S. Special Operations Command,DELIVERY ORDER,2026-03-31,600.4591,594.6769,0.97,491.64,2026-06-24,58,-18.12,633.7512,2026-04-06,3,5.54,28.91,3.0,,,,,,,2.19,5.54,3.99,1.54,1.11,-5.37,-14.3,-13.97,-13.56,-15.5,0.45
LMT,LOCKHEED MARTIN CORP,N0003019C0025,2025-09-05,25000000.0,Department of Defense,Department of the Navy,DEFINITIVE CONTRACT,2025-09-05,455.0121,448.0971,1.54,434.0461,2025-12-01,60,-4.61,565.9924,2026-01-14,90,24.39,30.4,15.0,21.0,87.0,89.0,,,,-1.03,-0.01,1.6,2.25,1.95,4.41,10.85,6.74,-1.2,-4.61,24.39
NOC,NORTHROP GRUMMAN SYSTEMS CORPORATION,N0038319FHL06,2025-08-25,0.0,Department of Defense,Department of the Navy,DELIVERY ORDER,2025-08-25,577.6829,583.2949,-0.96,541.3857,2025-12-01,68,-6.28,630.571,2025-10-08,31,9.16,16.47,29.0,,,,,,,1.07,0.2,0.83,-0.8,-2.19,-1.69,0.31,6.36,1.81,-3.03,0.61
LDOS,"LEIDOS, INC.",N0016722F3005,2025-09-15,0.0,Department of Defense,Department of the Navy,DELIVERY ORDER,2025-09-15,181.2248,181.9488,-0.4,179.3204,2025-12-31,75,-1.05,197.9062,2025-11-04,36,9.2,10.36,13.0,,,,,,,-0.08,2.42,2.81,2.56,1.58,7.03,2.48,3.49,3.32,1.21,4.89
HII,HUNTINGTON INGALLS INCORPORATED,N0002421C4205,2025-12-10,2569343.0,Department of Defense,Department of the Navy,DEFINITIVE CONTRACT,2025-12-10,320.7481,312.6187,2.6,318.9118,2025-12-17,5,-0.57,451.7788,2026-03-02,54,40.85,41.66,8.0,16.0,19.0,21.0,25.0,,,1.11,1.86,-0.57,4.18,10.0,5.24,23.24,27.98,29.3,29.61,13.89
PSN,PARSONS GOVERNMENT SERVICES INC.,FA875023F0502,2025-09-23,216795.0,Department of Defense,Department of the Air Force,DELIVERY ORDER,2025-09-23,80.13,81.33,-1.48,60.2,2025-12-17,60,-24.87,89.29,2025-10-08,11,11.43,48.32,6.0,9.0,,,,,,0.67,1.66,3.48,9.09,9.53,7.77,2.53,-0.71,5.09,-24.87,-14.71
LMT,LOCKHEED MARTIN CORP,N0003022C1025,2026-03-11,200000.0,Department of Defense,Department of the Navy,DEFINITIVE CONTRACT,2026-03-11,645.2458,646.9845,-0.27,491.64,2026-06-24,72,-23.81,648.584,2026-03-12,1,0.52,31.92,,,,,,,,0.52,-0.66,-1.11,-3.39,-3.89,-6.94,-5.5,-18.43,-19.87,-18.83,-21.41
GE,GENERAL ELECTRIC COMPANY,N0001918C1007,2026-02-13,0.0,Department of Defense,Department of the Navy,DEFINITIVE CONTRACT,2026-02-13,314.5591,312.0459,0.81,272.9098,2026-03-30,30,-13.24,370.8976,2026-06-25,90,17.91,35.9,3.0,84.0,89.0,,,,,3.7,6.13,7.48,8.71,9.62,2.44,-4.08,-13.24,-8.96,-5.56,17.91
LMT,LOCKHEED MARTIN CORPORATION,N0001925C0070,2026-03-31,313552934.0,Department of Defense,Department of the Navy,DEFINITIVE CONTRACT,2026-03-31,600.4591,594.6769,0.97,491.64,2026-06-24,58,-18.12,633.7512,2026-04-06,3,5.54,28.91,3.0,,,,,,,2.19,5.54,3.99,1.54,1.11,-5.37,-14.3,-13.97,-13.56,-15.5,0.45
LMT,LOCKHEED MARTIN CORPORATION,H9225424F2782,2025-09-18,1189556.0,Department of Defense,U.S. Special Operations Command,DELIVERY ORDER,2025-09-18,464.5458,464.0554,0.11,434.0461,2025-12-01,51,-6.57,590.2745,2026-01-28,90,27.06,35.99,8.0,75.0,78.0,81.0,,,,-0.14,2.76,2.26,3.88,5.43,8.53,4.55,3.4,-1.13,2.17,27.06
GD,"GENERAL DYNAMICS INFORMATION TECHNOLOGY, INC.",47QFCA25F0018,2026-03-30,32637725.0,General Services Administration,Federal Acquisition Service,DELIVERY ORDER,2026-03-30,337.728,343.6444,-1.72,311.1606,2026-04-27,19,-7.87,393.19,2026-07-28,82,16.42,26.36,51.0,65.0,81.0,,,,,0.71,2.44,2.24,0.91,0.2,-2.09,-0.14,2.14,-0.64,1.62,16.08
BA,THE BOEING COMPANY,FA852625F0002,2025-09-25,21624069.66,Department of Defense,Department of the Air Force,DELIVERY ORDER,2025-09-25,213.53,215.1,-0.73,179.12,2025-11-24,42,-16.11,252.15,2026-01-23,82,18.09,40.77,9.0,74.0,77.0,,,,,3.62,1.08,1.83,2.9,1.16,0.22,3.66,-7.98,-11.49,0.26,10.5
BA,THE BOEING COMPANY,W58RGZ22F0197,2026-01-12,0.0,Department of Defense,Defense Contract Management Agency,DELIVERY ORDER,2026-01-12,239.81,234.53,2.25,189.21,2026-03-30,53,-21.1,252.15,2026-01-23,8,5.15,33.26,8.0,,,,,,,1.98,3.31,3.83,4.84,1.98,-2.83,-1.48,-3.94,-14.1,-8.24,-8.42
NOC,NORTHROP GRUMMAN SYSTEMS CORPORATION,SPRPA123FCU04,2025-09-10,0.0,Department of Defense,Defense Contract Management Agency,DELIVERY ORDER,2025-09-10,573.1628,565.0182,1.44,541.3857,2025-12-01,57,-5.54,661.858,2026-01-16,89,15.47,22.25,14.0,20.0,89.0,,,,,0.53,-0.92,-0.48,-1.18,1.1,5.08,9.51,2.86,-3.67,-4.25,13.81
BA,THE BOEING COMPANY,FA863421F0026,2025-09-23,188048.0,Department of Defense,Department of the Air Force,DELIVERY ORDER,2025-09-23,216.34,212.09,2.0,179.12,2025-11-24,44,-17.2,252.15,2026-01-23,84,16.55,40.77,70.0,76.0,81.0,,,,,-0.57,2.27,-0.24,0.5,2.53,-0.36,0.12,-8.45,-15.67,-4.63,7.71
ACN,ACCENTURE FEDERAL SERVICES LLC,1333BJ26F00184004,2025-12-16,6896502.4,Department of Commerce,U.S. Patent and Trademark Office,BPA CALL,2025-12-16,266.5474,269.1145,-0.95,174.8674,2026-04-27,89,-34.4,282.7142,2026-01-14,19,6.07,61.67,19.0,,,,,,,0.62,0.08,-0.47,-0.35,-1.37,0.71,5.21,-3.09,-26.05,-26.74,-34.11
IBM,INTERNATIONAL BUSINESS MACHINES CORPORATION,W31P4Q20F0558,2025-09-02,2745586.2,Department of Defense,Department of the Army,DELIVERY ORDER,2025-09-02,235.3808,237.3204,-0.82,235.3808,2025-09-02,0,0.0,308.6917,2025-11-12,51,31.15,31.15,4.0,13.0,17.0,25.0,50.0,,,1.08,2.91,7.29,6.42,6.63,12.37,18.63,14.35,24.58,26.77,26.67
BA,THE BOEING COMPANY,FA813825F0003,2026-03-05,41897404.2,Department of Defense,Department of the Air Force,DELIVERY ORDER,2026-03-05,222.06,227.31,-2.31,189.21,2026-03-30,17,-14.79,240.6,2026-05-13,48,8.35,27.16,34.0,,,,,,,4.08,-1.94,-7.79,-3.87,-9.4,-10.11,-4.4,0.59,6.89,1.01,-1.77
LMT,LOCKHEED MARTIN CORPORATION,N6278623F0020,2025-09-16,772672.0,Department of Defense,Department of the Navy,DELIVERY ORDER,2025-09-16,465.2324,464.1829,0.23,434.0461,2025-12-01,53,-6.7,586.9539,2026-01-22,88,26.16,35.23,10.0,77.0,80.0,83.0,,,,-0.25,-0.29,2.6,2.11,5.25,8.42,5.29,2.41,0.08,-0.6,23.56
GD,"GENERAL DYNAMICS INFORMATION TECHNOLOGY, INC.",140D0425F0041,2025-12-31,0.0,Department of the Interior,Departmental Offices,DELIVERY ORDER,2025-12-31,332.2777,335.0512,-0.83,311.1606,2026-04-27,79,-6.36,364.0791,2026-01-16,11,9.57,17.01,2.0,,,,,,,2.0,7.14,4.39,7.21,9.51,9.11,3.3,3.68,7.96,1.64,3.81
LDOS,"LEIDOS, INC.",W909MY19F0033,2026-01-22,0.0,Department of Defense,Department of the Army,DELIVERY ORDER,2026-01-22,192.2923,190.9703,0.69,122.6069,2026-05-21,83,-36.24,193.5547,2026-02-10,13,0.66,57.87,,,,,,,,-1.15,-3.26,-3.24,-2.8,-3.81,-10.57,-11.09,-8.04,-19.4,-19.77,-34.28
BA,THE BOEING COMPANY,FA862622F0003,2026-01-28,0.0,Department of Defense,Department of the Air Force,DELIVERY ORDER,2026-01-28,241.59,244.56,-1.21,189.21,2026-03-30,42,-21.68,244.71,2026-02-09,8,1.29,29.33,,,,,,,,-3.13,-3.55,-2.33,0.6,-2.21,-1.1,-5.82,-15.24,-13.81,-3.79,-10.63
HON,HONEYWELL INTERNATIONAL INC.,W912CH26F0082,2026-03-30,42877754.82,Department of Defense,Department of the Army,DELIVERY ORDER,2026-03-30,233.0975,232.7221,0.16,215.9203,2026-06-10,50,-7.37,249.4599,2026-05-29,42,7.02,15.53,7.0,,,,,,,1.14,2.67,0.16,5.63,4.37,2.8,-5.9,-2.21,0.45,4.04,5.63
LMT,LOCKHEED MARTIN CORPORATION,N6833525F0259,2025-12-12,50119.4,Department of Defense,Department of the Navy,DELIVERY ORDER,2025-12-12,474.6252,469.318,1.13,464.6335,2025-12-18,4,-2.11,672.2988,2026-03-02,52,41.65,44.69,14.0,18.0,20.0,22.0,32.0,,,0.87,-1.14,-1.27,0.48,1.79,6.52,19.25,24.37,38.78,36.65,7.48
BAH,BOOZ ALLEN HAMILTON INC,1605TA23F00001,2025-12-18,884396.59,Department of Labor,Office of the Assistant Secretary for Administration and Management,DELIVERY ORDER,2025-12-18,84.7209,85.2528,-0.62,73.705,2026-02-23,43,-13.0,100.6977,2026-01-23,23,18.86,36.62,13.0,14.0,23.0,,,,,-0.87,-1.58,-0.72,-1.0,3.87,11.82,11.11,-3.5,-12.01,-7.85,-8.89
LMT,LOCKHEED MARTIN CORPORATION,W31P4Q21F0019,2026-02-19,0.0,Department of Defense,Department of the Army,DELIVERY ORDER,2026-02-19,658.7036,642.1992,2.57,491.64,2026-06-24,86,-25.36,672.2988,2026-03-02,7,2.06,36.75,,,,,,,,-1.24,-0.31,-3.73,2.06,-1.21,-2.04,-5.37,-6.07,-22.56,-22.17,-22.66
LMT,LOCKHEED MARTIN CORPORATION,0024,2025-12-05,-38413.92,Department of Defense,Defense Contract Management Agency,DELIVERY ORDER,2025-12-05,446.9037,443.0988,0.86,446.9037,2025-12-05,0,0.0,672.2988,2026-03-02,57,50.43,50.43,4.0,19.0,20.0,23.0,31.0,57.0,,2.91,3.48,6.2,5.5,4.85,6.82,9.88,29.64,39.03,45.61,31.65
BA,THE BOEING COMPANY,FA873023C0025,2026-03-13,0.0,Department of Defense,Department of the Air Force,DEFINITIVE CONTRACT,2026-03-13,209.89,204.76,2.51,189.21,2026-03-30,11,-9.85,240.6,2026-05-13,42,14.63,27.16,20.0,27.0,,,,,,1.71,-1.86,-7.04,-6.42,-9.23,-0.8,6.61,10.21,5.11,2.2,-0.31
BA,THE BOEING COMPANY,NNM07AB03C,2025-10-24,-6700000.0,National Aeronautics and Space Administration,National Aeronautics and Space Administration,DEFINITIVE CONTRACT,2025-10-24,221.35,217.77,1.64,179.12,2025-11-24,21,-19.08,252.15,2026-01-23,61,13.91,40.77,52.0,54.0,,,,,,0.75,-3.51,-9.18,-10.53,-12.08,-12.09,-19.08,-6.81,-1.29,13.58,4.41
GE,GENERAL ELECTRIC COMPANY,70Z03825FR0000164,2025-09-17,2429114.8,Department of Homeland Security,U.S. Coast Guard,DELIVERY ORDER,2025-09-17,288.0373,291.4897,-1.18,282.5118,2025-12-10,59,-1.92,326.6564,2026-01-06,76,13.41,15.63,4.0,74.0,,,,,,2.62,3.98,3.73,1.89,4.06,4.36,3.7,8.69,4.04,-0.25,3.0
LMT,LOCKHEED MARTIN CORPORATION,FA821724F0306,2025-09-23,541210.0,Department of Defense,Department of the Air Force,DELIVERY ORDER,2025-09-23,477.3458,471.1861,1.31,434.0461,2025-12-01,48,-9.07,628.551,2026-02-02,90,31.68,44.81,9.0,75.0,77.0,80.0,89.0,,,-0.09,0.16,2.58,2.61,5.01,3.53,0.1,-0.35,-7.04,-1.7,31.68
AVAV,"AEROVIRONMENT, INC",N6833524F0079,2026-01-22,482250.0,Department of Defense,Department of the Navy,DELIVERY ORDER,2026-01-22,312.12,319.63,-2.35,158.0,2026-05-15,79,-49.38,312.12,2026-01-22,0,0.0,97.54,,,,,,,,-1.4,-0.82,-6.06,-13.5,-24.11,-22.01,-16.27,-26.37,-40.91,-36.81,-34.53
NOC,NORTHROP GRUMMAN SYSTEMS CORPORATION,FA857624F0033,2025-08-28,0.0,Department of Defense,Department of the Air Force,DELIVERY ORDER,2025-08-28,578.825,577.5549,0.22,541.3857,2025-12-01,65,-6.47,630.571,2025-10-08,28,8.94,16.47,26.0,,,,,,,0.36,-0.78,-0.82,-2.39,-1.65,-2.02,1.43,6.47,-0.37,-3.23,-1.07
LMT,LOCKHEED MARTIN CORPORATION,FA862118F6251,2025-08-15,2327281.25,Department of Defense,Department of the Air Force,DELIVERY ORDER,2025-08-15,426.0683,425.8346,0.05,426.0683,2025-08-15,0,0.0,504.3876,2025-10-06,35,18.38,18.38,13.0,25.0,34.0,,,,,0.7,1.93,1.97,4.09,4.13,6.79,9.19,13.26,16.46,4.08,11.93
BAH,BOOZ ALLEN HAMILTON INC,68HERC23F0454,2025-09-25,0.0,Environmental Protection Agency,Environmental Protection Agency,BPA CALL,2025-09-25,95.4407,97.1532,-1.76,78.7024,2025-11-20,40,-17.54,101.8113,2025-10-07,8,6.67,29.36,4.0,,,,,,,1.59,2.48,5.72,6.26,2.26,-1.21,-6.29,-12.26,-13.86,-12.01,-12.23
BA,THE BOEING COMPANY,FA821325FB002,2026-01-16,18000.0,Department of Defense,Department of the Air Force,DELIVERY ORDER,2026-01-16,247.68,247.74,-0.02,189.21,2026-03-30,49,-23.61,252.15,2026-01-23,4,1.8,33.26,,,,,,,,0.53,1.51,0.3,-2.46,-5.92,-1.88,-3.53,-9.51,-20.7,-9.59,-7.63
BAH,BOOZ ALLEN HAMILTON INC,1333BJ21F00280021,2025-12-04,2365019.61,Department of Commerce,U.S. Patent and Trademark Office,DELIVERY ORDER,2025-12-04,86.3363,81.2536,6.26,73.705,2026-02-23,53,-14.63,100.6977,2026-01-23,33,16.63,36.62,4.0,25.0,33.0,,,,,0.41,3.29,7.68,4.81,-1.87,-2.85,2.73,6.63,2.62,-9.93,-4.94
NOC,NORTHROP GRUMMAN SYSTEMS CORPORATION,N0038325FBH05,2026-02-24,-115838.0,Department of Defense,Department of the Navy,DELIVERY ORDER,2026-02-24,724.5411,722.2114,0.32,496.02,2026-06-29,86,-31.54,764.6547,2026-03-02,4,5.54,54.16,4.0,,,,,,,-3.31,-0.46,4.31,1.69,1.0,1.13,-5.02,-5.53,-21.34,-24.12,-24.4
ACN,ACCENTURE FEDERAL SERVICES LLC,1333BJ22F00180003,2026-01-05,0.0,Department of Commerce,U.S. Patent and Trademark Office,DELIVERY ORDER,2026-01-05,258.6501,254.7015,1.55,157.7433,2026-05-13,89,-39.01,282.7142,2026-01-14,7,9.3,79.22,3.0,,,,,,,4.53,6.76,6.43,9.3,3.31,6.34,-8.46,-15.29,-23.68,-25.35,-37.35
BAH,BOOZ ALLEN HAMILTON INC,693KA823F00267,2025-08-14,1100000.0,Department of Transportation,Federal Aviation Administration,DELIVERY ORDER,2025-08-14,105.8332,108.7005,-2.64,78.7024,2025-11-20,69,-25.64,108.3971,2025-08-27,9,2.42,37.73,,,,,,,,1.08,1.38,0.76,1.19,0.06,-4.58,-6.04,-8.39,-9.35,-19.14,-19.5
KTOS,"KRATOS TECHNOLOGY & TRAINING SOLUTIONS, INC.",FA882325FB009,2026-02-23,4250000.0,Department of Defense,Department of the Air Force,DELIVERY ORDER,2026-02-23,94.31,96.08,-1.84,46.32,2026-06-25,85,-50.89,95.31,2026-03-17,16,1.06,105.76,,,,,,,,-3.85,-2.3,-3.81,-5.49,-1.95,-7.19,-17.83,-23.7,-34.62,-43.3,-41.31
LMT,LOCKHEED MARTIN CORPORATION,N0038323FXF04,2026-02-18,0.0,Department of Defense,Department of the Navy,DELIVERY ORDER,2026-02-18,642.1992,641.9719,0.04,491.64,2026-06-24,87,-23.44,672.2988,2026-03-02,8,4.69,36.75,,,,,,,,2.57,1.66,-0.36,1.27,2.8,0.75,-1.38,-4.45,-18.04,-19.49,-21.82
LDOS,"LEIDOS, INC.",HC102821F0135,2025-08-21,8000000.0,Department of Defense,Defense Information Systems Agency,DELIVERY ORDER,2025-08-21,178.5643,178.2873,0.16,175.8627,2025-09-03,8,-1.51,197.9062,2025-11-04,52,10.83,12.53,28.0,33.0,,,,,,0.72,1.06,0.51,0.25,-0.8,2.6,4.34,8.63,5.51,6.31,2.07
LMT,LOCKHEED MARTIN CORPORATION,FA868224FB006,2025-11-12,0.0,Department of Defense,Department of the Air Force,DELIVERY ORDER,2025-11-12,448.2835,448.3129,-0.01,434.0461,2025-12-01,12,-3.18,672.2988,2026-03-02,73,49.97,54.89,21.0,35.0,36.0,40.0,47.0,,,-0.26,3.01,2.82,0.82,-0.63,-1.5,5.88,6.49,27.0,38.79,38.34
BA,THE BOEING COMPANY,FA812821F0013,2026-01-13,0.0,Department of Defense,Department of the Air Force,DELIVERY ORDER,2026-01-13,244.55,239.81,1.98,189.21,2026-03-30,52,-22.63,252.15,2026-01-23,7,3.11,33.26,,,,,,,,-0.79,1.28,2.26,3.11,-1.21,-4.66,-2.13,-6.19,-17.73,-11.01,-10.44
GD,"GENERAL DYNAMICS MISSION SYSTEMS, INC.",W56KGY25F0034,2026-01-07,23259.81,Department of Defense,Department of the Army,DELIVERY ORDER,2026-01-07,341.1409,356.0147,-4.18,311.1606,2026-04-27,75,-8.79,364.0791,2026-01-16,7,6.72,17.01,4.0,,,,,,,1.68,4.43,5.89,6.72,6.27,3.62,4.6,2.09,2.12,2.08,0.14
BAH,BOOZ ALLEN HAMILTON INC,75F40125F19010,2025-09-26,8157805.01,Department of Health and Human Services,Food and Drug Administration,BPA CALL,2025-09-26,96.9575,95.4407,1.59,78.7024,2025-11-20,39,-18.83,101.8113,2025-10-07,7,5.01,29.36,7.0,,,,,,,-0.19,3.55,4.99,5.01,-1.96,-1.82,-12.67,-11.74,-16.25,-12.13,-14.13
GD,"GENERAL DYNAMICS ORDNANCE & TACTICAL SYSTEMS, INC.",W52P1J20F0489,2026-02-12,0.0,Department of Defense,Department of the Army,DELIVERY ORDER,2026-02-12,337.6884,343.2281,-1.61,311.1606,2026-04-27,50,-7.86,362.8304,2026-03-04,13,7.45,16.61,11.0,,,,,,,2.02,2.56,3.13,3.06,4.78,5.85,3.99,1.76,-2.07,1.43,1.52
GE,GENERAL ELECTRIC COMPANY,FA862626FB006,2025-12-02,782365.58,Department of Defense,Department of the Air Force,DELIVERY ORDER,2025-12-02,288.2099,287.3432,0.3,272.9098,2026-03-30,80,-5.31,344.8073,2026-03-02,60,19.64,26.34,13.0,21.0,53.0,,,,,-0.29,-1.86,-1.39,-0.31,3.25,8.78,10.99,10.71,11.08,19.64,10.2
GE,GENERAL ELECTRIC COMPANY,W58RGZ25F0239,2025-09-12,0.0,Department of Defense,Department of the Army,DELIVERY ORDER,2025-09-12,280.2667,280.1374,0.05,280.2667,2025-09-12,0,0.0,326.6564,2026-01-06,79,16.55,16.55,4.0,31.0,78.0,,,,,1.81,2.77,6.9,8.5,4.72,6.43,5.75,8.01,8.34,2.08,4.97
LMT,LOCKHEED MARTIN CORPORATION,H9225425F2885,2025-12-18,271166.0,Department of Defense,U.S. Special Operations Command,DELIVERY ORDER,2025-12-18,464.6336,469.2291,-0.98,464.6336,2025-12-18,0,0.0,672.2988,2026-03-02,48,44.69,44.69,9.0,11.0,14.0,17.0,27.0,,,0.85,2.64,2.74,3.8,8.81,15.48,24.69,33.63,37.72,37.33,10.75
LMT,LOCKHEED MARTIN CORPORATION,FA875024CB069,2026-04-02,261000.0,Department of Defense,Department of the Air Force,DEFINITIVE CONTRACT,2026-04-02,618.7394,613.6229,0.83,491.64,2026-06-24,56,-20.54,633.7512,2026-04-06,1,2.43,28.91,,,,,,,,2.43,0.92,-1.46,-1.8,-4.91,-14.93,-16.8,-17.15,-15.95,-17.66,-1.94
CACI,"CACI TECHNOLOGIES, LLC",W91CRB23F0094,2026-01-28,8257027.41,Department of Defense,Department of the Army,DELIVERY ORDER,2026-01-28,638.24,643.21,-0.77,480.99,2026-05-08,70,-24.64,638.24,2026-01-28,0,0.0,32.69,,,,,,,,-2.37,-4.05,-5.2,-3.09,-10.25,-11.16,-4.4,-4.01,-9.81,-19.07,-18.66
BAH,BOOZ ALLEN HAMILTON INC,FA807524F0020,2026-01-22,754205.0,Department of Defense,Department of the Air Force,DELIVERY ORDER,2026-01-22,94.3247,94.1376,0.2,71.0549,2026-05-13,77,-24.67,100.6977,2026-01-23,1,6.76,41.72,1.0,,,,,,,6.76,-6.47,-7.34,-8.63,-11.74,-16.68,-21.86,-13.83,-17.41,-15.07,-15.47
LMT,LOCKHEED MARTIN CORPORATION,70Z04422FC2PL0015,2026-02-12,-306781.24,Department of Homeland Security,U.S. Coast Guard,DELIVERY ORDER,2026-02-12,629.9642,621.3364,1.39,491.64,2026-06-24,90,-21.96,672.2988,2026-03-02,11,6.72,36.75,11.0,,,,,,,2.38,1.94,3.27,4.24,3.24,3.3,1.75,-2.88,-8.33,-19.21,-21.96
LMT,LOCKHEED MARTIN CORPORATION,FA862116C6336,2025-09-05,0.0,Department of Defense,Department of the Air Force,DEFINITIVE CONTRACT,2025-09-05,455.0121,448.0971,1.54,434.0461,2025-12-01,60,-4.61,565.9924,2026-01-14,90,24.39,30.4,15.0,21.0,87.0,89.0,,,,-1.03,-0.01,1.6,2.25,1.95,4.41,10.85,6.74,-1.2,-4.61,24.39
BA,THE BOEING COMPANY,N0042126F0260,2026-03-31,1434376.64,Department of Defense,Department of the Navy,DELIVERY ORDER,2026-03-31,199.03,189.21,5.19,199.03,2026-03-31,0,0.0,240.6,2026-05-13,30,20.89,20.89,3.0,6.0,15.0,30.0,,,,4.17,6.67,9.43,9.35,12.51,10.11,15.07,20.89,9.24,9.15,16.96
HII,HUNTINGTON INGALLS INC,N0002416C2116,2025-12-08,640000.0,Department of Defense,Department of the Navy,DEFINITIVE CONTRACT,2025-12-08,313.5418,302.3254,3.71,312.6187,2025-12-09,1,-0.29,451.7788,2026-03-02,56,44.09,44.51,9.0,10.0,18.0,22.0,24.0,,,-0.29,3.43,4.2,1.71,11.92,9.45,19.81,34.27,28.77,36.27,24.55
LMT,LOCKHEED MARTIN CORPORATION,FA861108C2897,2026-03-16,0.0,Department of Defense,Defense Contract Management Agency,DEFINITIVE CONTRACT,2026-03-16,641.0037,641.7985,-0.12,491.64,2026-06-24,69,-23.3,641.0037,2026-03-16,0,0.0,30.38,,,,,,,,-1.37,-1.19,-4.49,-3.25,-7.23,-1.13,-5.29,-20.6,-18.38,-18.09,-9.11
BA,THE BOEING COMPANY,FA863421C2702,2026-01-28,0.0,Department of Defense,Department of the Air Force,DEFINITIVE CONTRACT,2026-01-28,241.59,244.56,-1.21,189.21,2026-03-30,42,-21.68,244.71,2026-02-09,8,1.29,29.33,,,,,,,,-3.13,-3.55,-2.33,0.6,-2.21,-1.1,-5.82,-15.24,-13.81,-3.79,-10.63
NOC,NORTHROP GRUMMAN SYSTEMS CORPORATION,HQ085426FE016,2026-03-31,8222834.49,Department of Defense,Missile Defense Agency,DELIVERY ORDER,2026-03-31,679.2505,668.6472,1.59,496.02,2026-06-29,61,-26.98,699.4217,2026-04-02,2,2.97,41.01,,,,,,,,2.16,1.99,0.77,-1.25,-0.53,-10.42,-15.06,-19.12,-19.74,-26.39,-14.92
GD,GENERAL DYNAMICS LAND SYSTEMS INC.,SPRDL126C0009,2026-03-30,0.0,Department of Defense,Defense Logistics Agency,DEFINITIVE CONTRACT,2026-03-30,337.728,343.6444,-1.72,311.1606,2026-04-27,19,-7.87,393.19,2026-07-28,82,16.42,26.36,51.0,65.0,81.0,,,,,0.71,2.44,2.24,0.91,0.2,-2.09,-0.14,2.14,-0.64,1.62,16.08
GD,GENERAL DYNAMICS LAND SYSTEMS INC.,W912CH24F0009,2025-09-18,169065.0,Department of Defense,Department of the Army,DELIVERY ORDER,2025-09-18,318.9433,319.6409,-0.22,317.0663,2025-09-22,2,-0.59,364.0791,2026-01-16,83,14.15,14.83,8.0,74.0,,,,,,-0.15,-0.42,-0.04,2.34,5.08,6.74,2.48,6.66,5.04,4.44,10.83
GD,"GENERAL DYNAMICS INFORMATION TECHNOLOGY, INC.",47QFCA24F0009,2026-01-29,0.0,General Services Administration,Federal Acquisition Service,DELIVERY ORDER,2026-01-29,346.8057,353.4752,-1.89,311.1606,2026-04-27,60,-10.28,362.8304,2026-03-04,23,4.62,16.61,,,,,,,,0.33,1.53,0.6,2.9,-2.63,1.25,4.24,0.45,0.41,-10.28,-0.76
CACI,"CACI, INC. - FEDERAL",47QFCA19F0034,2025-09-26,-270341.16,General Services Administration,Federal Acquisition Service,DELIVERY ORDER,2025-09-26,485.59,476.24,1.96,485.59,2025-09-26,0,0.0,662.19,2026-01-23,81,36.37,36.37,3.0,19.0,19.0,19.0,77.0,,,0.51,6.09,9.19,8.31,5.1,6.72,19.18,21.35,26.08,13.26,23.22
CACI,"CACI NSS, LLC",FA855525FB006,2025-12-30,342922.74,Department of Defense,Department of the Air Force,DELIVERY ORDER,2025-12-30,539.01,539.48,-0.09,480.99,2026-05-08,89,-10.76,662.19,2026-01-23,16,22.85,37.67,3.0,7.0,11.0,15.0,,,,-1.15,5.5,4.41,11.12,13.42,17.36,15.13,4.15,14.28,4.58,-10.47
LMT,LOCKHEED MARTIN CORPORATION,FA820520F0241,2026-02-19,0.0,Department of Defense,Department of the Air Force,DELIVERY ORDER,2026-02-19,658.7036,642.1992,2.57,491.64,2026-06-24,86,-25.36,672.2988,2026-03-02,7,2.06,36.75,,,,,,,,-1.24,-0.31,-3.73,2.06,-1.21,-2.04,-5.37,-6.07,-22.56,-22.17,-22.66
NOC,NORTHROP GRUMMAN SYSTEMS CORPORATION,FA863822F0025,2026-03-31,0.0,Department of Defense,Department of the Air Force,DELIVERY ORDER,2026-03-31,679.2505,668.6472,1.59,496.02,2026-06-29,61,-26.98,699.4217,2026-04-02,2,2.97,41.01,,,,,,,,2.16,1.99,0.77,-1.25,-0.53,-10.42,-15.06,-19.12,-19.74,-26.39,-14.92
BA,THE BOEING COMPANY,W58RGZ22F0476,2025-09-11,38287.08,Department of Defense,Department of the Army,DELIVERY ORDER,2025-09-11,219.99,227.52,-3.31,179.12,2025-11-24,52,-18.58,250.07,2026-01-21,90,13.67,39.61,83.0,85.0,,,,,,-1.84,-2.26,-1.97,-3.59,-2.94,-2.18,-4.21,-1.01,-11.55,-8.23,13.67
HON,"HONEYWELL FEDERAL MANUFACTURING & TECHNOLOGIES, LLC",DENA0002839,2025-12-01,0.0,Department of Energy,Department of Energy,DEFINITIVE CONTRACT,2025-12-01,197.426,199.4707,-1.03,197.3741,2025-12-09,6,-0.03,258.7145,2026-03-02,61,31.04,31.08,12.0,29.0,32.0,43.0,61.0,,,1.54,1.06,0.93,0.97,3.8,4.67,2.56,12.0,22.94,28.69,23.44
LDOS,"LEIDOS, INC.",693KA720F00004,2026-03-26,-0.21,Department of Transportation,Federal Aviation Administration,DELIVERY ORDER,2026-03-26,157.0253,158.3208,-0.82,100.0,2026-06-25,62,-36.32,160.0746,2026-04-08,8,1.94,60.07,,,,,,,,-1.3,-1.31,0.79,0.82,-2.98,-0.7,-8.47,-17.43,-18.95,-32.42,-19.22
CACI,"CACI, INC. - FEDERAL",N0017425F3001,2026-01-23,106676.0,Department of Defense,Department of the Navy,DELIVERY ORDER,2026-01-23,662.19,655.46,1.03,480.99,2026-05-08,73,-27.36,662.19,2026-01-23,0,0.0,37.67,,,,,,,,-2.93,-3.62,-6.28,-6.55,-6.6,-15.22,-11.5,-4.38,-15.66,-21.72,-20.25
NOC,NORTHROP GRUMMAN SYSTEMS CORPORATION,N6893624F0233,2026-02-10,0.0,Department of Defense,Department of the Navy,DELIVERY ORDER,2026-02-10,679.8211,692.7427,-1.87,507.33,2026-06-22,90,-25.37,764.6547,2026-03-02,13,12.48,50.72,5.0,13.0,,,,,,-0.9,2.56,5.81,5.63,3.05,11.17,7.83,1.23,-1.47,-19.12,-25.37
ACN,ACCENTURE FEDERAL SERVICES LLC,19AQMM18S1112,2025-08-19,-68.7,Department of State,Department of State,BPA CALL,2025-08-19,250.7137,244.1,2.71,227.8645,2025-09-25,26,-9.11,269.1145,2025-12-15,82,7.34,18.1,74.0,,,,,,,-0.32,1.31,-0.18,0.11,-0.68,-1.52,-6.38,-4.76,-2.63,-3.65,5.94
NOC,NORTHROP GRUMMAN SYSTEMS CORPORATION,HQ072721F1410,2025-10-09,0.0,Department of Defense,Defense Microelectronics Activity,DELIVERY ORDER,2025-10-09,627.665,630.571,-0.46,541.3857,2025-12-01,36,-13.75,731.299,2026-02-19,90,16.51,35.08,68.0,79.0,90.0,,,,,-1.81,-1.27,-5.67,-5.2,-4.61,-7.88,-10.46,-10.65,-9.91,-3.45,16.51
GD,"GENERAL DYNAMICS MISSION SYSTEMS, INC.",70Z04421F21002700,2026-03-30,4222277.0,Department of Homeland Security,U.S. Coast Guard,DELIVERY ORDER,2026-03-30,337.728,343.6444,-1.72,311.1606,2026-04-27,19,-7.87,393.19,2026-07-28,82,16.42,26.36,51.0,65.0,81.0,,,,,0.71,2.44,2.24,0.91,0.2,-2.09,-0.14,2.14,-0.64,1.62,16.08
LMT,LOCKHEED MARTIN CORP,HQ085325F0001,2026-03-19,298728.69,Department of Defense,Missile Defense Agency,DELIVERY ORDER,2026-03-19,633.3637,638.1027,-0.74,491.64,2026-06-24,66,-22.38,633.7512,2026-04-06,11,0.06,28.91,,,,,,,,-1.58,-4.29,-1.6,-6.11,-2.31,-2.14,-8.82,-19.57,-16.36,-16.26,-10.13
LMT,LOCKHEED MARTIN CORPORATION,W31P4Q23C0005,2025-12-03,0.0,Department of Defense,Department of the Army,DEFINITIVE CONTRACT,2025-12-03,441.5669,436.6452,1.13,441.5669,2025-12-03,0,0.0,672.2988,2026-03-02,59,52.25,52.25,6.0,20.0,22.0,25.0,30.0,59.0,,0.35,4.16,4.73,7.49,6.26,8.0,14.5,30.36,42.86,50.26,37.49
ACN,ACCENTURE FEDERAL SERVICES LLC,AG3144D170052,2025-09-12,0.0,Department of Agriculture,Office of the Chief Financial Officer,DELIVERY ORDER,2025-09-12,233.7238,239.2205,-2.3,227.8645,2025-09-25,9,-2.51,282.7143,2026-01-14,85,20.96,24.07,17.0,57.0,65.0,85.0,,,,-0.28,1.13,0.49,-1.27,0.18,2.43,2.1,3.82,2.8,11.72,19.51
BA,THE BOEING COMPANY,N6893618F0667,2025-12-02,0.0,Department of Defense,Department of the Navy,DELIVERY ORDER,2025-12-02,205.38,186.46,10.15,189.21,2026-03-30,80,-7.87,252.15,2026-01-23,35,22.77,33.26,14.0,21.0,27.0,30.0,,,,-1.38,-1.7,-2.44,-2.27,0.65,5.58,10.9,20.63,18.33,11.86,8.95
HII,HUNTINGTON INGALLS INC,N0002409C2116,2026-03-31,30000.0,Department of Defense,Department of the Navy,DEFINITIVE CONTRACT,2026-03-31,378.2663,367.4928,2.93,268.76,2026-07-21,76,-28.95,409.581,2026-04-08,5,8.28,52.4,3.0,,,,,,,3.53,7.31,8.28,3.82,4.8,-0.44,-4.11,-12.02,-22.14,-25.45,-12.55
LDOS,LEIDOS BIOMEDICAL RESEARCH INC,75N91021F00004,2026-01-29,102761983.0,Department of Health and Human Services,National Institutes of Health,DELIVERY ORDER,2026-01-29,186.0698,186.6463,-0.31,122.3678,2026-06-08,89,-34.24,193.5547,2026-02-10,8,4.02,58.17,,,,,,,,0.58,1.39,-0.59,3.95,-8.41,-5.83,-4.16,-7.12,-14.6,-22.75,-33.85
ACN,ACCENTURE FEDERAL SERVICES LLC,91003119F0003,2025-09-30,13857213.0,Department of Education,Department of Education,DELIVERY ORDER,2025-09-30,241.621,242.013,-0.16,228.8639,2026-02-05,88,-5.28,282.7142,2026-01-14,73,17.01,23.53,44.0,45.0,73.0,,,,,-1.17,-0.52,1.88,2.21,-0.97,-1.79,0.47,-1.64,10.64,9.48,-3.99
CACI,"CACI, INC. - FEDERAL",70B02C21F00001280,2025-12-10,831301.65,Department of Homeland Security,U.S. Customs and Border Protection,DELIVERY ORDER,2025-12-10,596.45,589.19,1.23,512.25,2026-04-22,90,-14.12,662.19,2026-01-23,29,11.02,29.27,24.0,29.0,,,,,,-1.67,-4.87,-5.99,-6.68,-8.72,-10.67,1.4,7.77,-5.35,-0.79,-14.12
NOC,NORTHROP GRUMMAN SYSTEMS CORPORATION,N0001925F0924,2025-12-10,0.0,Department of Defense,Department of the Navy,DELIVERY ORDER,2025-12-10,551.1612,546.467,0.86,551.1612,2025-12-10,0,0.0,764.6547,2026-03-02,54,38.74,38.74,8.0,16.0,23.0,25.0,46.0,,,0.84,3.68,1.59,2.36,4.86,2.67,13.32,19.02,26.25,32.77,6.51
NOC,NORTHROP GRUMMAN SYSTEMS CORPORATION,SPRBL126F0035,2025-12-10,14497803.32,Department of Defense,Defense Logistics Agency,DELIVERY ORDER,2025-12-10,551.1612,546.467,0.86,551.1612,2025-12-10,0,0.0,764.6547,2026-03-02,54,38.74,38.74,8.0,16.0,23.0,25.0,46.0,,,0.84,3.68,1.59,2.36,4.86,2.67,13.32,19.02,26.25,32.77,6.51
HON,HONEYWELL INTERNATIONAL INC.,SPRPA125FE80V,2025-09-30,3978185.0,Department of Defense,Defense Logistics Agency,DELIVERY ORDER,2025-09-30,204.6876,203.5013,0.58,195.2672,2025-11-20,37,-4.6,248.9258,2026-02-09,90,21.61,27.48,70.0,75.0,83.0,89.0,,,,-0.15,-0.69,-0.72,-2.98,-0.9,-2.12,1.14,1.01,-1.9,-0.15,21.61
LMT,LOCKHEED MARTIN CORP,FA855326FB003,2026-02-24,0.0,Department of Defense,Defense Contract Management Agency,DELIVERY ORDER,2026-02-24,656.6479,652.8826,0.58,491.64,2026-06-24,83,-25.13,672.2988,2026-03-02,4,2.38,36.75,,,,,,,,-2.55,-0.96,1.04,-0.9,-1.47,-2.38,-5.56,-4.91,-22.87,-20.93,-18.07
GD,"GENERAL DYNAMICS MISSION SYSTEMS, INC.",N0003921F1014,2025-12-18,1258991.82,Department of Defense,Department of the Air Force,DELIVERY ORDER,2025-12-18,332.9489,332.031,0.28,311.1606,2026-04-27,87,-6.54,364.0791,2026-01-16,19,9.35,17.01,10.0,,,,,,,0.6,1.93,1.44,0.63,5.4,4.91,8.58,5.76,2.13,5.18,2.96
NOC,NORTHROP GRUMMAN SYSTEMS CORPORATION,FA489023C0006,2026-02-06,1619633.26,Department of Defense,Department of the Air Force,DEFINITIVE CONTRACT,2026-02-06,703.7488,691.2341,1.81,526.06,2026-06-03,80,-25.25,764.6547,2026-03-02,15,8.65,45.36,15.0,,,,,,,-1.56,-4.27,-0.92,2.22,2.62,2.48,3.98,-3.8,-3.78,-20.97,-21.83
LMT,LOCKHEED MARTIN CORPORATION,H9225423F2706,2025-09-09,40.84,Department of Defense,U.S. Special Operations Command,DELIVERY ORDER,2025-09-09,448.3031,450.3138,-0.45,434.0461,2025-12-01,58,-3.18,575.6083,2026-01-16,90,28.4,32.61,9.0,18.0,82.0,86.0,,,,1.49,3.12,3.78,3.62,6.48,7.64,12.46,7.1,0.0,-1.5,28.4
BAH,BOOZ ALLEN HAMILTON INC,0004,2025-09-15,-23217.19,Department of Defense,Department of the Army,DELIVERY ORDER,2025-09-15,99.4431,102.3789,-2.87,78.7024,2025-11-20,48,-20.86,101.8113,2025-10-07,16,2.38,29.36,,,,,,,,0.21,-0.4,-1.8,-2.3,-2.69,2.36,-3.76,-14.85,-19.11,-10.33,1.26
BA,THE BOEING COMPANY,N0038326FN701,2025-10-21,4619212.0,Department of Defense,Department of the Navy,DELIVERY ORDER,2025-10-21,217.26,216.82,0.2,179.12,2025-11-24,24,-17.56,252.15,2026-01-23,64,16.06,40.77,51.0,56.0,62.0,,,,,-0.31,1.88,2.79,-7.91,-8.84,-10.33,-14.53,-6.78,0.41,14.0,3.16
LDOS,"LEIDOS, INC.",47QFMA20F0031,2026-02-10,-48931.6,General Services Administration,Federal Acquisition Service,BPA CALL,2026-02-10,193.5547,193.4155,0.07,104.84,2026-06-22,90,-45.83,193.5547,2026-02-10,0,0.0,84.62,,,,,,,,-11.15,-9.46,-11.91,-10.9,-12.75,-7.23,-10.74,-18.2,-19.44,-32.42,-45.83
LMT,LOCKHEED MARTIN CORPORATION,W31P4Q25F0164,2026-01-29,16604375.0,Department of Defense,Department of the Army,DELIVERY ORDER,2026-01-29,615.2189,590.2745,4.23,503.2157,2026-05-08,69,-18.21,672.2988,2026-03-02,21,9.28,33.6,14.0,,,,,,,1.88,0.92,-2.14,2.53,2.4,7.07,9.28,4.32,3.01,-17.1,-13.83
BA,THE BOEING COMPANY,FA867822C0003,2025-11-04,0.0,Department of Defense,Department of the Air Force,DEFINITIVE CONTRACT,2025-11-04,198.05,204.55,-3.18,179.12,2025-11-24,14,-9.56,252.15,2026-01-23,54,27.32,40.77,31.0,35.0,40.0,46.0,,,,-0.22,-1.74,-1.43,-1.75,-4.25,-9.56,1.93,4.18,18.42,17.66,6.45
CACI,"CACI NSS, LLC",70RTAC21FC0000006,2026-01-27,49836.04,Department of Homeland Security,Office of Procurement Operations,BPA CALL,2026-01-27,643.21,642.78,0.07,480.99,2026-05-08,71,-25.22,643.21,2026-01-27,0,0.0,33.73,,,,,,,,-0.77,-3.52,-3.79,-6.98,-2.71,-12.23,-7.16,-6.04,-12.76,-18.15,-17.38
CACI,"CACI, INC. - FEDERAL",N6426724F3007,2026-02-12,20537089.94,Department of Defense,Department of the Navy,DELIVERY ORDER,2026-02-12,561.39,572.83,-2.0,449.72,2026-06-22,88,-19.89,633.21,2026-03-09,16,12.79,40.8,4.0,11.0,,,,,,2.12,1.0,4.39,4.39,8.69,9.11,7.83,0.41,-7.0,-14.04,-17.7
GD,"GENERAL DYNAMICS MISSION SYSTEMS, INC.",FA205725CB002,2025-09-12,754000.0,Department of Defense,Department of the Air Force,DEFINITIVE CONTRACT,2025-09-12,320.4958,323.9057,-1.05,317.0664,2025-09-22,6,-1.07,364.0791,2026-01-16,87,13.6,14.83,15.0,79.0,,,,,,0.25,-0.27,-0.63,-0.9,1.28,4.57,2.98,8.02,6.01,3.48,13.12
ROK,ROCKWELL AUTOMATION INC,N6449823F4189,2026-01-21,0.0,Department of Defense,Department of the Navy,DELIVERY ORDER,2026-01-21,417.5575,401.3638,4.03,347.4382,2026-03-30,47,-16.79,457.9374,2026-05-06,73,9.67,31.8,73.0,,,,,,,1.19,0.02,-1.28,0.32,2.27,-1.83,-5.12,-9.63,-15.29,-0.74,9.38
NOC,NORTHROP GRUMMAN SYSTEMS CORPORATION,N6893623F0293,2026-01-26,-16574.77,Department of Defense,Department of the Navy,DELIVERY ORDER,2026-01-26,655.9727,667.8622,-1.78,526.06,2026-06-03,89,-19.8,764.6547,2026-03-02,24,16.57,45.36,3.0,17.0,24.0,,,,,2.69,5.2,3.64,4.35,5.61,6.29,6.8,11.55,3.55,-10.51,-16.89
LDOS,"LEIDOS, INC.",HC102826F0012,2025-12-19,25639.79,Department of Defense,Defense Information Systems Agency,DELIVERY ORDER,2025-12-19,183.5748,180.1057,1.93,143.7323,2026-04-27,86,-21.7,197.153,2026-01-09,13,7.4,37.17,9.0,,,,,,,0.74,1.06,0.44,-2.32,6.94,5.91,4.75,2.04,-4.78,-9.92,-19.0
CAT,CATERPILLAR INC,SPE8EC24F0942,2025-09-08,0.0,Department of Defense,Defense Logistics Agency,DELIVERY ORDER,2025-09-08,419.0083,419.3056,-0.07,414.3601,2025-09-09,1,-1.11,643.2491,2026-01-15,90,53.52,55.24,7.0,8.0,18.0,26.0,37.0,88.0,,-1.11,2.03,3.11,6.59,11.67,10.17,15.12,26.0,35.41,38.17,53.52
BA,BELL BOEING JOINT PROJECT OFFICE,N0038326FZV01,2025-12-17,330324946.0,Department of Defense,Department of the Navy,DELIVERY ORDER,2025-12-17,206.33,206.71,-0.18,189.21,2026-03-30,69,-8.3,252.15,2026-01-23,24,22.21,33.26,3.0,10.0,16.0,19.0,,,,0.94,5.09,5.73,5.29,10.39,10.2,20.68,12.94,13.11,2.18,8.62
GD,GENERAL DYNAMICS ONE SOURCE LLC,FA824025F5004,2025-12-31,269349.0,Department of Defense,Department of the Air Force,DELIVERY ORDER,2025-12-31,332.2778,335.0512,-0.83,311.1606,2026-04-27,79,-6.36,364.0791,2026-01-16,11,9.57,17.01,2.0,,,,,,,2.0,7.14,4.39,7.21,9.51,9.11,3.3,3.68,7.96,1.64,3.81
NOC,NORTHROP GRUMMAN SYSTEMS CORPORATION,SPE4AX24F3265,2025-10-27,0.0,Department of Defense,Defense Logistics Agency,DELIVERY ORDER,2025-10-27,589.0569,598.5754,-1.59,541.3857,2025-12-01,24,-8.09,764.6547,2026-03-02,85,29.81,41.24,52.0,54.0,63.0,77.0,,,,-0.15,-2.91,-3.45,-4.27,-5.53,-6.37,-4.45,-7.23,-3.93,13.38,26.31
SATL,IRIDIUM SATELLITE LLC,HC101324F0139,2025-09-17,0.0,Department of Defense,Defense Information Systems Agency,DELIVERY ORDER,2025-09-17,3.53,3.77,-6.37,1.27,2025-11-20,46,-64.02,5.5,2026-01-27,90,55.81,333.07,4.0,15.0,20.0,87.0,88.0,90.0,,0.57,3.12,5.1,-4.96,-5.67,2.83,-17.56,-47.31,-62.61,-37.11,55.81
NOC,NORTHROP GRUMMAN SYSTEMS CORPORATION,N0001922F2239,2026-04-02,23359359.79,Department of Defense,Department of the Navy,DELIVERY ORDER,2026-04-02,699.4217,693.9458,0.79,496.02,2026-06-29,59,-29.08,699.4217,2026-04-02,0,0.0,41.01,,,,,,,,-0.96,-2.14,-4.1,-3.18,-5.3,-16.35,-19.29,-23.03,-22.68,-27.18,-17.46
LDOS,"LEIDOS, INC.",FA865022F6432,2025-12-18,567417.9,Department of Defense,Department of the Air Force,DELIVERY ORDER,2025-12-18,180.1057,180.2747,-0.09,143.7323,2026-04-27,87,-20.2,197.153,2026-01-09,14,9.47,37.17,10.0,,,,,,,1.93,2.83,2.58,1.19,7.89,9.47,6.03,4.75,-6.24,-7.74,-17.44
LMT,LOCKHEED MARTIN CORPORATION,N0002420C5392,2025-08-25,-303282.97,Department of Defense,Department of the Navy,DEFINITIVE CONTRACT,2025-08-25,435.9615,434.4814,0.34,434.0461,2025-12-01,68,-0.44,504.3876,2025-10-06,29,15.7,16.21,12.0,24.0,29.0,,,,,1.73,1.89,1.8,2.78,2.83,6.47,9.4,14.98,9.29,6.8,12.68
IBM,INTERNATIONAL BUSINESS MACHINES CORPORATION,N0003921F3007,2026-02-12,318125.28,Department of Defense,Department of the Navy,DELIVERY ORDER,2026-02-12,255.789,268.8879,-4.87,213.1113,2026-05-13,62,-16.68,326.8851,2026-06-02,75,27.79,53.39,73.0,73.0,73.0,74.0,,,,1.1,0.49,-0.91,-11.64,-7.44,-1.14,-3.96,-8.93,-2.24,-13.23,2.07
BAH,BOOZ ALLEN HAMILTON INC,1605TA24F00028,2025-12-30,353574.38,Department of Labor,Office of the Assistant Secretary for Administration and Management,BPA CALL,2025-12-30,83.8737,83.8442,0.04,73.705,2026-02-23,36,-12.12,100.6977,2026-01-23,16,20.06,36.62,4.0,6.0,16.0,16.0,,,,-0.93,4.92,6.0,12.95,13.15,12.24,3.84,-8.48,-3.09,-7.12,-11.31
GD,"GENERAL DYNAMICS MISSION SYSTEMS, INC.",N0003023C1024,2025-09-25,-1970000.0,Department of Defense,Department of the Navy,DEFINITIVE CONTRACT,2025-09-25,318.8057,318.0097,0.25,318.8057,2025-09-25,0,0.0,364.0791,2026-01-16,78,14.2,14.2,3.0,69.0,,,,,,1.82,5.11,5.12,6.8,5.65,2.8,8.59,5.35,5.76,5.06,9.85
ACN,ACCENTURE FEDERAL SERVICES LLC,89303023FHC000043,2026-03-11,1500000.0,Department of Energy,Department of Energy,BPA CALL,2026-03-11,197.412,197.559,-0.07,122.9615,2026-06-30,76,-37.71,199.4402,2026-03-19,6,1.03,62.2,,,,,,,,-2.7,-1.08,-3.14,-0.74,-4.56,-1.58,-10.14,-10.76,-17.92,-10.78,-28.65
BA,THE BOEING COMPANY,W58RGZ24C0002,2026-01-29,0.0,Department of Defense,Department of the Army,DEFINITIVE CONTRACT,2026-01-29,234.04,241.59,-3.13,189.21,2026-03-30,41,-19.15,244.71,2026-02-09,7,4.56,29.33,,,,,,,,-0.14,-0.38,1.24,4.56,2.27,-0.14,-1.84,-10.32,-9.29,-1.16,-8.34
NOC,NORTHROP GRUMMAN SYSTEMS CORPORATION,N0001923F2636,2026-03-25,-283591.06,Department of Defense,Department of the Navy,DELIVERY ORDER,2026-03-25,688.1812,679.1708,1.33,496.02,2026-06-29,65,-27.92,699.4217,2026-04-02,6,1.63,41.01,,,,,,,,0.11,-2.84,0.84,0.66,-0.09,-1.83,-16.8,-20.1,-18.45,-26.28,-19.85
ACN,ACCENTURE FEDERAL SERVICES LLC,89243423FEE000261,2025-09-23,840000.0,Department of Energy,Department of Energy,BPA CALL,2025-09-23,230.7451,235.1445,-1.87,227.8645,2025-09-25,2,-1.25,282.7142,2026-01-14,78,22.52,24.07,9.0,49.0,50.0,78.0,,,,1.52,1.47,4.71,3.75,6.68,3.42,5.79,3.14,5.83,16.24,13.29
BA,THE BOEING COMPANY,80MSFC20C0052,2025-11-25,113447975.0,National Aeronautics and Space Administration,National Aeronautics and Space Administration,DEFINITIVE CONTRACT,2025-11-25,182.44,179.12,1.85,182.44,2025-11-25,0,0.0,252.15,2026-01-23,39,38.21,38.21,4.0,4.0,17.0,25.0,31.0,,,2.46,2.2,11.02,10.66,8.92,13.3,18.64,28.55,27.72,27.93,19.38
IBM,INTERNATIONAL BUSINESS MACHINES CORPORATION,60RRBH26F1002,2026-03-03,340132.9,Railroad Retirement Board,Railroad Retirement Board,DELIVERY ORDER,2026-03-03,241.7537,235.9287,2.47,213.1113,2026-05-13,50,-11.85,326.8851,2026-06-02,63,35.21,53.39,3.0,61.0,61.0,61.0,62.0,,,1.95,5.53,2.01,0.98,4.42,1.29,-0.87,-0.2,-7.97,8.51,19.2
GD,"GENERAL DYNAMICS ORDNANCE & TACTICAL SYSTEMS, INC.",W519TC25F0140,2025-12-19,0.0,Department of Defense,Department of the Army,DELIVERY ORDER,2025-12-19,334.9426,332.9489,0.6,311.1606,2026-04-27,86,-7.1,364.0791,2026-01-16,18,8.7,17.01,10.0,,,,,,,1.72,1.78,0.33,-0.8,6.29,6.36,8.24,4.55,3.77,3.45,2.8
BA,THE BOEING COMPANY,N0038324FYY1S,2025-10-28,0.0,Department of Defense,Department of the Navy,DELIVERY ORDER,2025-10-28,223.33,223.0,0.15,179.12,2025-11-24,19,-19.8,252.15,2026-01-23,59,12.9,40.77,50.0,54.0,,,,,,-4.37,-9.99,-11.32,-12.01,-12.59,-14.11,-16.3,-11.02,1.99,11.24,-2.49
LMT,LOCKHEED MARTIN CORPORATION,HQ072725FE073,2025-09-26,1550000.0,Department of Defense,Defense Microelectronics Activity,DELIVERY ORDER,2025-09-26,478.1011,475.0605,0.64,434.0461,2025-12-01,45,-9.21,628.551,2026-02-02,87,31.47,44.81,6.0,72.0,74.0,77.0,86.0,,,0.93,2.37,3.5,4.85,3.61,1.19,-0.11,-5.97,-9.21,-0.04,25.92
IBM,INTERNATIONAL BUSINESS MACHINES CORPORATION,15DDHQ23F00001237,2025-09-04,707589.64,Department of Justice,Drug Enforcement Administration,DELIVERY ORDER,2025-09-04,240.9169,237.915,1.26,240.9169,2025-09-04,0,0.0,308.6917,2025-11-12,49,28.13,28.13,10.0,13.0,16.0,36.0,,,,0.55,4.83,3.98,3.67,7.21,8.23,16.66,11.65,26.39,25.53,23.32
NOC,NORTHROP GRUMMAN SYSTEMS CORPORATION,N0010426PJB07,2026-02-19,1000000.0,Department of Defense,Department of the Navy,PURCHASE ORDER,2026-02-19,731.299,719.35,1.66,496.02,2026-06-29,89,-32.17,764.6547,2026-03-02,7,4.56,54.16,,,,,,,,-1.81,-0.92,-3.22,4.56,0.75,-0.18,-3.75,-4.36,-21.7,-26.39,-30.36
SATL,SATELLITE SERVICES INC,70CMSW19FR0000044,2025-09-09,1272673.96,Department of Homeland Security,U.S. Immigration and Customs Enforcement,DELIVERY ORDER,2025-09-09,3.72,3.6,3.33,1.27,2025-11-20,52,-65.86,4.14,2025-10-15,26,11.29,225.98,21.0,26.0,,,,,,-4.84,2.96,1.34,-4.57,0.54,-10.75,8.6,-37.63,-56.45,-56.72,-4.3
HII,HUNTINGTON INGALLS INCORPORATED,N0002421C2443,2025-08-18,95629.0,Department of Defense,Department of the Navy,DEFINITIVE CONTRACT,2025-08-18,263.156,261.8284,0.51,260.9926,2025-08-19,1,-0.82,352.8189,2025-12-24,90,34.07,35.18,30.0,48.0,52.0,53.0,88.0,,,-0.82,-0.42,1.17,3.28,1.29,1.37,2.32,8.12,7.98,21.74,34.07
BA,THE BOEING COMPANY,N0001919F2492,2025-12-22,-635244.0,Department of Defense,Department of the Navy,DELIVERY ORDER,2025-12-22,216.84,214.08,1.29,189.21,2026-03-30,66,-12.74,252.15,2026-01-23,21,16.28,33.26,7.0,13.0,19.0,,,,,0.0,-0.18,0.77,5.04,5.2,12.78,16.28,9.27,4.93,-10.02,2.06
ACN,ACCENTURE FEDERAL SERVICES LLC,SP330023F1082,2025-09-22,-51925.91,Department of Defense,Defense Logistics Agency,DELIVERY ORDER,2025-09-22,235.1445,234.8603,0.12,227.8645,2025-09-25,3,-3.1,282.7142,2026-01-14,79,20.23,24.07,12.0,51.0,75.0,79.0,,,,-1.87,-3.1,2.92,1.55,3.41,0.4,4.38,3.52,1.51,13.35,9.85
CACI,"CACI, INC. - FEDERAL",FA852724F0001,2025-10-10,0.0,Department of Defense,Department of the Air Force,DELIVERY ORDER,2025-10-10,510.35,511.3,-0.19,508.06,2025-10-13,1,-0.45,662.19,2026-01-23,71,29.75,30.34,9.0,9.0,18.0,32.0,,,,-0.45,1.32,1.07,4.57,14.73,10.37,15.97,17.55,11.18,10.28,14.83
BA,THE BOEING COMPANY,FA821324F0002,2025-08-19,0.0,Department of Defense,Department of the Air Force,DELIVERY ORDER,2025-08-19,225.0,232.41,-3.19,179.12,2025-11-24,68,-20.39,237.38,2025-09-02,9,5.5,32.53,9.0,,,,,,,0.28,2.28,4.37,4.96,3.28,2.01,-4.15,-4.36,-3.74,-13.11,-3.8
LMT,"LOCKHEED MARTIN SERVICES, LLC",DTFAWA10C00052,2026-01-28,8781195.0,Department of Transportation,Federal Aviation Administration,DEFINITIVE CONTRACT,2026-01-28,590.2745,587.9818,0.39,503.2157,2026-05-08,70,-14.75,672.2988,2026-03-02,22,13.9,33.6,2.0,15.0,,,,,,4.23,6.48,0.92,4.41,5.26,8.8,10.18,9.88,4.82,-13.58,-11.89
CACI,"CACI NSS, LLC",70RTAC24FC0000016,2025-11-25,755.29,Department of Homeland Security,Office of Procurement Operations,BPA CALL,2025-11-25,617.97,610.23,1.27,532.81,2025-12-31,24,-13.78,662.19,2026-01-23,39,7.16,24.28,38.0,,,,,,,-0.42,-0.93,-4.06,-3.61,-3.48,-9.35,-12.3,-3.08,-0.91,-5.17,-6.4
GD,"GENERAL DYNAMICS MISSION SYSTEMS, INC.",N0003024C1005,2026-03-13,-215783.0,Department of Defense,Department of the Navy,DEFINITIVE CONTRACT,2026-03-13,348.3616,352.0383,-1.04,311.1606,2026-04-27,30,-10.68,381.79,2026-07-23,90,9.6,22.7,76.0,,,,,,,0.81,0.52,-1.63,-1.5,-1.35,-0.69,-2.86,-10.68,-1.94,-1.2,9.6
BA,THE BOEING COMPANY,N0042125F0478,2026-01-20,187324.0,Department of Defense,Department of the Navy,DELIVERY ORDER,2026-01-20,249.0,247.68,0.53,189.21,2026-03-30,48,-24.01,252.15,2026-01-23,3,1.27,33.26,,,,,,,,0.43,1.27,-1.78,-6.01,-6.37,-1.72,-6.14,-8.71,-19.84,-12.1,-7.17
ETN,"EATON AEROSPACE, LLC",SPRRA225F0013,2025-09-12,1536275.0,Department of Defense,Defense Logistics Agency,DELIVERY ORDER,2025-09-12,361.8654,356.1096,1.62,313.2,2025-12-17,67,-13.45,383.4745,2025-10-29,33,5.97,22.44,33.0,,,,,,,2.63,-0.7,2.35,0.72,-0.09,2.97,2.59,2.84,-3.43,-5.89,-8.46
CACI,"CACI, INC. - FEDERAL",N0016422F3000,2025-09-25,226812.0,Department of Defense,Department of the Navy,DELIVERY ORDER,2025-09-25,476.24,497.23,-4.22,476.24,2025-09-25,0,0.0,662.19,2026-01-23,82,39.05,39.05,4.0,6.0,20.0,20.0,77.0,,,1.96,4.73,8.99,11.08,7.36,8.58,22.95,22.71,29.58,16.88,27.05
NOC,NORTHROP GRUMMAN SYSTEMS CORPORATION,HQ085622F0003,2026-03-12,-1850584.65,Department of Defense,Missile Defense Agency,DELIVERY ORDER,2026-03-12,733.0736,729.9673,0.43,496.02,2026-06-29,74,-32.34,733.0736,2026-03-12,0,0.0,47.79,,,,,,,,-0.35,-1.67,-3.01,-7.65,-6.02,-5.34,-7.47,-21.89,-26.57,-26.23,-28.35
NOC,NORTHROP GRUMMAN SYSTEMS CORP,FA861623F1003,2025-09-16,0.0,Department of Defense,Department of the Air Force,DELIVERY ORDER,2025-09-16,572.6588,567.8945,0.84,541.3857,2025-12-01,53,-5.46,667.8622,2026-01-23,89,16.62,23.36,10.0,16.0,85.0,,,,,-0.39,-1.09,-0.39,1.11,5.17,6.76,5.1,2.71,-2.17,-3.75,14.55
NOC,NORTHROP GRUMMAN SYSTEMS CORPORATION,FA881925CB002,2026-03-25,0.0,Department of Defense,Department of the Air Force,DEFINITIVE CONTRACT,2026-03-25,688.1812,679.1708,1.33,496.02,2026-06-29,65,-27.92,699.4217,2026-04-02,6,1.63,41.01,,,,,,,,0.11,-2.84,0.84,0.66,-0.09,-1.83,-16.8,-20.1,-18.45,-26.28,-19.85
CACI,"CACI, INC. - FEDERAL",N0002417F3005,2025-12-04,0.0,Department of Defense,Department of the Navy,DELIVERY ORDER,2025-12-04,605.6,592.88,2.15,530.1,2026-04-16,90,-12.47,662.19,2026-01-23,33,9.34,24.92,32.0,,,,,,,-1.64,-2.71,-3.15,-6.31,-9.35,-10.1,-7.62,3.89,3.34,3.13,-12.47
LDOS,"LEIDOS, INC.",29FTC122F0038,2025-12-12,4222559.43,Federal Trade Commission,Federal Trade Commission,BPA CALL,2025-12-12,188.1671,188.9605,-0.42,145.5459,2026-04-24,90,-22.65,197.153,2026-01-09,18,4.78,35.46,,,,,,,,-1.77,-4.19,-2.44,-1.57,-2.01,3.27,0.8,-0.81,-6.88,-8.18,-22.65
CACI,"CACI, INC. - FEDERAL",47QFCA19F0034,2025-09-11,-182489.02,General Services Administration,Federal Acquisition Service,DELIVERY ORDER,2025-09-11,493.12,486.24,1.41,476.24,2025-09-25,10,-3.42,635.4,2026-01-16,88,28.85,33.42,15.0,30.0,30.0,42.0,,,,0.58,-0.35,0.69,1.75,-3.42,4.47,3.49,18.55,19.1,20.79,28.28
HON,HONEYWELL INTERNATIONAL INC.,W58RGZ24F0409,2025-11-06,0.0,Department of Defense,Department of the Army,DELIVERY ORDER,2025-11-06,202.121,203.2971,-0.58,195.2672,2025-11-20,10,-3.39,258.7145,2026-03-02,77,28.0,32.49,40.0,47.0,56.0,60.0,,,,-0.94,2.3,2.02,0.69,-3.39,-2.44,-1.41,2.24,7.98,20.85,18.19
GD,"GENERAL DYNAMICS MISSION SYSTEMS, INC.",S2206A25F0004,2025-09-24,1350304.3,Department of Defense,Defense Contract Management Agency,DELIVERY ORDER,2025-09-24,318.0097,317.597,0.13,318.0097,2025-09-24,0,0.0,364.0791,2026-01-16,79,14.49,14.49,4.0,70.0,,,,,,0.25,2.64,5.29,6.18,7.05,4.13,5.99,6.43,5.54,4.7,10.73
NOC,NORTHROP GRUMMAN SYSTEMS CORPORATION,N0010425CYB31,2025-09-10,4550461.0,Department of Defense,Department of the Navy,DEFINITIVE CONTRACT,2025-09-10,573.1628,565.0182,1.44,541.3857,2025-12-01,57,-5.54,661.858,2026-01-16,89,15.47,22.25,14.0,20.0,89.0,,,,,0.53,-0.92,-0.48,-1.18,1.1,5.08,9.51,2.86,-3.67,-4.25,13.81
LDOS,"LEIDOS, INC.",FA873021F8504,2025-10-22,320000.0,Department of Defense,Department of the Air Force,DELIVERY ORDER,2025-10-22,186.9175,191.5689,-2.43,160.5633,2026-02-17,79,-14.1,197.9062,2025-11-04,9,5.88,23.26,9.0,,,,,,,1.55,0.34,-0.16,1.06,3.5,5.19,-1.49,2.1,-1.16,1.53,-6.03
LMT,LOCKHEED MARTIN CORPORATION,H9225425FE008,2025-10-31,5845989.0,Department of Defense,U.S. Special Operations Command,DELIVERY ORDER,2025-10-31,482.456,480.3374,0.44,434.0461,2025-12-01,20,-10.03,672.2988,2026-03-02,81,39.35,54.89,44.0,47.0,50.0,54.0,62.0,,,-0.8,-3.81,-6.82,-7.08,-5.31,-4.8,-9.5,-0.77,1.78,27.52,33.03
LDOS,"LEIDOS, INC.",NSFDACS1219442,2026-01-13,45000000.0,National Science Foundation,National Science Foundation,DEFINITIVE CONTRACT,2026-01-13,194.7873,194.4294,0.18,122.6069,2026-05-21,89,-37.06,194.7873,2026-01-13,0,0.0,58.87,,,,,,,,-2.62,-0.64,-1.96,-2.41,-4.18,-3.15,-12.51,-10.26,-15.1,-21.79,-35.54
HII,HUNTINGTON INGALLS INCORPORATED,N0002421C2443,2025-09-10,75000.0,Department of Defense,Department of the Navy,DEFINITIVE CONTRACT,2025-09-10,268.7321,263.9292,1.82,268.0601,2025-09-25,11,-0.25,422.7474,2026-01-16,89,57.31,57.71,14.0,32.0,36.0,65.0,72.0,86.0,,1.52,0.4,0.19,1.18,2.05,5.88,5.23,4.31,16.9,16.67,53.5
LDOS,"LEIDOS, INC.",15F06720F0003239,2025-09-18,0.0,Department of Justice,Federal Bureau of Investigation,DELIVERY ORDER,2025-09-18,185.6084,182.286,1.82,179.3204,2025-12-31,72,-3.39,197.9062,2025-11-04,33,6.63,10.36,12.0,,,,,,,0.16,-0.02,-2.56,-0.82,3.07,5.92,-1.41,2.01,-0.8,1.38,0.56
GD,"GENERAL DYNAMICS INFORMATION TECHNOLOGY, INC.",70T01021F7670N011,2025-09-04,249222.0,Department of Homeland Security,Transportation Security Administration,DELIVERY ORDER,2025-09-04,316.8502,317.2137,-0.11,315.7594,2025-09-09,3,-0.34,358.571,2026-01-13,90,13.17,13.56,18.0,37.0,,,,,,0.13,-0.34,2.23,1.41,0.66,0.37,6.57,2.98,6.0,6.42,13.17
LDOS,"LEIDOS, INC.",140D0424F0789,2026-01-20,-265855.35,Department of the Interior,Departmental Offices,DELIVERY ORDER,2026-01-20,189.7774,193.5348,-1.94,122.6069,2026-05-21,85,-35.39,193.5547,2026-02-10,15,1.99,57.87,,,,,,,,0.63,0.16,-1.97,-1.95,-0.59,1.92,-7.67,-7.45,-16.58,-17.84,-32.89
BA,THE BOEING COMPANY,W58RGZ23F0395,2025-09-18,0.0,Department of Defense,Defense Contract Management Agency,DELIVERY ORDER,2025-09-18,215.66,214.63,0.48,179.12,2025-11-24,47,-16.94,252.15,2026-01-23,87,16.92,40.77,73.0,79.0,84.0,,,,,-0.0,0.32,-0.99,0.66,0.82,4.48,-1.26,-7.22,-16.82,-5.23,12.02
GD,GENERAL DYNAMICS LAND SYSTEMS INC.,W56HZV22C0035,2026-04-06,0.0,Department of Defense,Department of the Army,DEFINITIVE CONTRACT,2026-04-06,348.2328,345.9534,0.66,311.1606,2026-04-27,15,-10.65,395.97,2026-08-10,87,13.71,27.26,61.0,76.0,,,,,,-0.84,-2.13,-2.57,-3.11,-5.04,-10.45,-0.17,-1.9,-1.17,3.74,12.84
LMT,LOCKHEED MARTIN CORPORATION,W58RGZ24F0093,2025-08-26,1127264.12,Department of Defense,Department of the Army,DELIVERY ORDER,2025-08-26,443.4982,435.9615,1.73,434.0461,2025-12-01,67,-2.13,505.5783,2026-01-05,90,14.0,16.48,18.0,24.0,,,,,,-0.22,0.04,-0.69,2.6,2.59,4.9,7.12,13.68,7.34,3.93,14.0
KTOS,"KRATOS UNMANNED AERIAL SYSTEMS, INC",N0001924F1865,2026-02-13,-73271.03,Department of Defense,Department of the Navy,DELIVERY ORDER,2026-02-13,89.06,87.05,2.31,46.32,2026-06-25,90,-47.99,105.67,2026-02-19,3,18.65,128.13,2.0,3.0,3.0,,,,,3.27,18.65,5.89,-0.93,1.86,-2.31,7.02,-26.7,-23.03,-35.63,-47.99
LDOS,"LEIDOS, INC.",15JPSS23F00000160,2026-01-14,-618638.73,Department of Justice,"Offices, Boards and Divisions",BPA CALL,2026-01-14,189.6781,194.7873,-2.62,122.6069,2026-05-21,88,-35.36,193.5547,2026-02-10,18,2.04,57.87,,,,,,,,1.33,0.05,1.38,-0.69,-1.9,-1.25,-7.61,-8.24,-12.86,-17.21,-32.69
BAH,BOOZ ALLEN HAMILTON INC,FA807522F0038,2026-03-11,55523.1,Department of Defense,Department of the Air Force,DELIVERY ORDER,2026-03-11,75.3724,76.9406,-2.04,59.71,2026-06-25,73,-20.78,83.4516,2026-04-07,18,10.72,39.76,6.0,17.0,,,,,,1.54,-0.24,3.58,5.28,5.5,2.75,2.94,4.04,-3.37,4.66,-15.29
CACI,"CACI, INC. - FEDERAL",47QFCA19F0006,2026-02-17,2288248.0,General Services Administration,Federal Acquisition Service,DELIVERY ORDER,2026-02-17,564.53,573.3,-1.53,443.26,2026-06-25,89,-21.48,633.21,2026-03-09,14,12.17,42.85,7.0,9.0,,,,,,0.44,3.81,3.81,5.78,11.55,12.17,7.83,-3.66,-9.26,-10.75,-19.59
NOC,NORTHROP GRUMMAN SYSTEMS CORPORATION,HQ072724F1418,2026-03-03,2309893.0,Department of Defense,Defense Microelectronics Activity,DELIVERY ORDER,2026-03-03,755.7836,764.6547,-1.16,496.02,2026-06-29,81,-34.37,755.7836,2026-03-03,0,0.0,52.37,,,,,,,,-0.69,-0.39,-3.18,-3.0,-4.62,-10.42,-8.18,-10.61,-26.28,-26.32,-28.31
LMT,LOCKHEED MARTIN CORPORATION,W58RGZ23F0149,2026-03-05,0.0,Department of Defense,Department of the Army,DELIVERY ORDER,2026-03-05,650.7399,660.1583,-1.43,491.64,2026-06-24,76,-24.45,667.4009,2026-03-06,1,2.56,35.75,,,,,,,,2.56,-0.58,-0.33,-1.5,-2.67,-4.7,-2.61,-9.59,-22.67,-20.63,-20.94
BA,THE BOEING COMPANY,FA813426FB018,2026-01-09,12292028.62,Department of Defense,Department of the Air Force,DELIVERY ORDER,2026-01-09,234.53,227.38,3.14,189.21,2026-03-30,54,-19.32,252.15,2026-01-23,9,7.51,33.26,4.0,,,,,,,2.25,3.45,5.61,6.63,5.93,-0.35,3.44,-0.49,-10.11,-7.13,-5.26
LDOS,"LEIDOS, INC.",N0003925F7477,2025-09-26,15145598.57,Department of Defense,Department of the Navy,DELIVERY ORDER,2025-09-26,183.3769,180.8578,1.39,179.3204,2025-12-31,66,-2.21,197.9062,2025-11-04,27,7.92,10.36,5.0,,,,,,,0.38,3.64,5.78,6.54,1.69,-0.27,2.28,6.53,1.9,0.85,0.87
NOC,NORTHROP GRUMMAN SYSTEMS CORP,80GSFC21C0041,2026-03-17,388747.0,National Aeronautics and Space Administration,National Aeronautics and Space Administration,DEFINITIVE CONTRACT,2026-03-17,720.8574,732.7351,-1.62,496.02,2026-06-29,71,-31.19,721.6639,2026-03-18,1,0.11,45.49,,,,,,,,0.11,-2.36,-5.78,-4.43,-5.77,-4.63,-7.08,-20.94,-23.74,-23.35,-24.04
PSN,PARSONS GOVERNMENT SERVICES INC.,47QFCA23F0024,2025-09-08,9712394.0,General Services Administration,Federal Acquisition Service,DELIVERY ORDER,2025-09-08,75.0,75.65,-0.86,60.2,2025-12-17,71,-19.73,89.29,2025-10-08,22,19.05,48.32,7.0,7.0,18.0,,,,,-0.67,1.47,1.57,10.51,8.44,8.61,17.03,13.31,14.49,10.51,-3.71
BAH,BOOZ ALLEN HAMILTON INC,1333BJ24F00280006,2025-10-09,8736676.8,Department of Commerce,U.S. Patent and Trademark Office,DELIVERY ORDER,2025-10-09,97.5936,100.7251,-3.11,75.8488,2026-02-17,88,-22.28,100.6977,2026-01-23,72,3.18,32.76,,,,,,,,-2.6,-1.94,-2.46,1.22,0.56,-16.95,-12.31,-19.36,-6.36,-9.12,-18.7
GD,"GENERAL DYNAMICS MISSION SYSTEMS, INC.",N0003021F1002,2026-03-25,0.0,Department of Defense,Department of the Navy,DELIVERY ORDER,2026-03-25,349.3328,343.1191,1.81,311.1606,2026-04-27,22,-10.93,393.19,2026-07-28,85,12.55,26.36,68.0,83.0,,,,,,0.79,-3.32,-0.56,-0.31,-2.44,-3.42,-10.73,-0.89,-1.15,-2.14,10.43
BA,THE BOEING COMPANY,FA945125CX002,2025-08-28,110469.5,Department of Defense,Department of the Air Force,DEFINITIVE CONTRACT,2025-08-28,236.16,235.62,0.23,179.12,2025-11-24,61,-24.15,237.38,2025-09-02,2,0.52,32.53,,,,,,,,-0.63,-1.6,-2.77,-2.81,-8.56,-8.68,-8.08,-10.77,-14.88,-23.91,-3.4
BA,THE BOEING COMPANY,N6893626F5001,2026-03-19,-2435323.28,Department of Defense,Department of the Navy,DELIVERY ORDER,2026-03-19,201.18,205.99,-2.34,189.21,2026-03-30,7,-5.95,240.6,2026-05-13,38,19.59,27.16,11.0,16.0,24.0,,,,,-3.01,-2.37,-3.39,-5.95,3.5,9.38,11.88,13.02,8.87,13.8,6.38
CACI,"CACI TECHNOLOGIES, LLC",W56KGY24F0054,2026-01-28,756000.0,Department of Defense,Department of the Army,DELIVERY ORDER,2026-01-28,638.24,643.21,-0.77,480.99,2026-05-08,70,-24.64,638.24,2026-01-28,0,0.0,32.69,,,,,,,,-2.37,-4.05,-5.2,-3.09,-10.25,-11.16,-4.4,-4.01,-9.81,-19.07,-18.66
HII,HUNTINGTON INGALLS INC,N0002409C2116,2025-10-02,100000.0,Department of Defense,Department of the Navy,DEFINITIVE CONTRACT,2025-10-02,278.901,282.6465,-1.33,276.7269,2025-10-17,11,-0.78,426.4598,2026-02-03,84,52.91,54.11,16.0,20.0,48.0,56.0,65.0,73.0,,0.72,1.12,1.39,2.01,0.16,0.5,14.1,10.79,8.4,23.04,39.76
GD,"GENERAL DYNAMICS INFORMATION TECHNOLOGY, INC.",N5005424F1017,2025-09-17,0.0,Department of Defense,Department of the Navy,DELIVERY ORDER,2025-09-17,319.6409,320.7415,-0.34,317.0664,2025-09-22,3,-0.81,364.0791,2026-01-16,84,13.9,14.83,12.0,76.0,,,,,,-0.22,-0.81,-0.51,1.56,4.76,5.58,2.08,6.06,5.93,5.44,13.67
ACN,ACCENTURE FEDERAL SERVICES LLC,W58P0525C0007,2026-01-02,162670.28,Department of Defense,Department of the Army,DEFINITIVE CONTRACT,2026-01-02,254.7015,262.8829,-3.11,157.7433,2026-05-13,90,-38.07,282.7142,2026-01-14,8,11.0,79.22,2.0,8.0,,,,,,1.55,5.4,7.97,6.48,10.1,8.12,-7.21,-15.41,-22.44,-23.72,-38.07
HII,HUNTINGTON INGALLS INC,N0002416C2116,2025-09-30,99832.0,Department of Defense,Department of the Navy,DEFINITIVE CONTRACT,2025-09-30,284.5241,276.2427,3.0,276.7269,2025-10-17,13,-2.74,426.4597,2026-02-03,86,49.89,54.11,22.0,22.0,57.0,58.0,69.0,,,-0.66,-1.27,-0.88,-0.61,1.4,-0.74,3.65,12.6,7.88,24.0,41.58
GD,"GENERAL DYNAMICS INFORMATION TECHNOLOGY, INC.",1305M419FNAAA0089,2025-09-11,1118502.49,Department of Commerce,National Oceanic and Atmospheric Administration,DELIVERY ORDER,2025-09-11,323.9057,317.4496,2.03,317.0663,2025-09-22,7,-2.11,364.0791,2026-01-16,88,12.4,14.83,17.0,85.0,,,,,,-1.05,-0.98,-1.53,-2.11,-1.57,3.38,1.45,4.06,4.84,2.78,11.61
LMT,LOCKHEED MARTIN CORPORATION,N0001925F0289,2026-03-10,0.0,Department of Defense,Department of the Navy,DELIVERY ORDER,2026-03-10,646.9845,659.8304,-1.95,491.64,2026-06-24,73,-24.01,648.584,2026-03-12,2,0.25,31.92,,,,,,,,-0.27,-0.8,-2.29,-2.11,-6.3,-8.08,-4.2,-14.71,-20.16,-19.77,-21.24
BA,THE BOEING COMPANY,N0001924F0259,2026-02-17,0.0,Department of Defense,Department of the Navy,DELIVERY ORDER,2026-02-17,244.04,242.96,0.44,189.21,2026-03-30,29,-22.47,244.04,2026-02-17,0,0.0,28.98,,,,,,,,-2.09,-4.92,-4.36,-5.99,-8.16,-7.8,-15.59,-18.44,-5.23,-1.41,-10.98
BAH,BOOZ ALLEN HAMILTON INC,FA807524F0006,2026-01-21,4000000.0,Department of Defense,Department of the Air Force,DELIVERY ORDER,2026-01-21,94.1376,92.0592,2.26,71.0549,2026-05-13,78,-24.52,100.6977,2026-01-23,2,6.97,41.72,2.0,,,,,,,0.2,-1.72,-4.68,-7.48,-11.02,-5.88,-18.59,-15.86,-15.31,-13.79,-11.38
HII,HUNTINGTON INGALLS INC,N0002416C2116,2025-09-11,566091.0,Department of Defense,Department of the Navy,DEFINITIVE CONTRACT,2025-09-11,272.8234,268.732,1.52,268.06,2025-09-25,10,-1.75,422.7474,2026-01-16,88,54.95,57.71,19.0,35.0,35.0,70.0,79.0,86.0,,-0.49,-1.04,-0.5,0.03,-1.75,3.6,2.51,5.08,13.26,10.81,53.78
BA,THE BOEING COMPANY,FA860923F0010,2025-08-26,12184376.22,Department of Defense,Department of the Air Force,DELIVERY ORDER,2025-08-26,234.83,226.87,3.51,179.12,2025-11-24,63,-23.72,237.38,2025-09-02,4,1.09,32.53,,,,,,,,0.34,-0.06,-1.04,-2.22,-3.11,-8.44,-9.07,-4.05,-9.05,-20.92,-2.85
BA,THE BOEING COMPANY,FA813424F1003,2025-09-26,36138.0,Department of Defense,Department of the Air Force,DELIVERY ORDER,2025-09-26,221.26,213.53,3.62,179.12,2025-11-24,41,-19.05,252.15,2026-01-23,81,13.96,40.77,72.0,74.0,,,,,,-1.89,-2.74,-2.24,0.25,-4.76,-4.23,0.79,-12.04,-15.73,-2.0,7.09
PSN,PARSONS GOVERNMENT SERVICES INC.,47QFCA21F0042,2025-11-05,0.0,General Services Administration,Federal Acquisition Service,DELIVERY ORDER,2025-11-05,82.91,79.56,4.21,51.11,2026-03-18,90,-38.35,86.61,2025-11-11,4,4.46,69.46,,,,,,,,-1.0,3.57,4.27,-0.34,0.46,1.57,-19.61,-26.97,-16.62,-17.57,-38.35
HII,HUNTINGTON INGALLS INC,N0002418C2106,2025-11-14,0.0,Department of Defense,Department of the Navy,DEFINITIVE CONTRACT,2025-11-14,310.2776,308.993,0.42,298.2804,2025-11-20,4,-3.87,451.7788,2026-03-02,71,45.6,51.46,20.0,25.0,33.0,36.0,39.0,,,-1.35,-1.35,-2.7,0.24,-1.9,-2.56,4.55,9.4,35.69,30.13,22.52
GD,"GENERAL DYNAMICS MISSION SYSTEMS, INC.",S0701A21F1007,2026-03-24,-78974.67,Department of Defense,Defense Contract Management Agency,DELIVERY ORDER,2026-03-24,343.1191,344.2489,-0.33,311.1606,2026-04-27,23,-9.31,393.19,2026-07-28,86,14.59,26.36,58.0,83.0,,,,,,1.81,0.15,-0.87,0.83,1.09,-1.38,-7.52,0.77,1.26,1.56,11.46
LMT,LOCKHEED MARTIN CORPORATION,W31P4Q24F0015,2025-08-21,20196726.0,Department of Defense,Department of the Army,DELIVERY ORDER,2025-08-21,435.4551,434.2867,0.27,434.0461,2025-12-01,70,-0.32,504.3876,2025-10-06,31,15.83,16.21,14.0,26.0,31.0,,,,,-0.22,1.85,2.01,1.92,4.49,6.03,8.21,13.63,9.34,4.91,10.75
GD,"GENERAL DYNAMICS INFORMATION TECHNOLOGY, INC.",47QFSA24F0091,2025-12-01,3275385.3,General Services Administration,Federal Acquisition Service,BPA CALL,2025-12-01,328.0534,337.183,-2.71,328.0534,2025-12-01,0,0.0,364.0791,2026-01-16,32,10.98,10.98,23.0,30.0,,,,,,1.03,2.8,1.09,2.96,2.5,2.1,1.29,10.11,6.35,7.86,3.42
LMT,LOCKHEED MARTIN CORPORATION,H9225425FE024,2026-03-03,0.0,Department of Defense,U.S. Special Operations Command,DELIVERY ORDER,2026-03-03,663.4766,672.2988,-1.31,491.64,2026-06-24,78,-25.9,667.4009,2026-03-06,3,0.59,35.75,,,,,,,,-0.5,0.59,-2.49,-2.24,-4.72,-7.72,-7.51,-8.49,-22.99,-19.56,-21.52
LDOS,"LEIDOS, INC.",FA701424F0287,2026-02-09,-449296.28,Department of Defense,Department of the Air Force,DELIVERY ORDER,2026-02-09,193.4155,191.8351,0.82,107.12,2026-06-18,90,-44.62,193.5547,2026-02-10,1,0.07,80.69,,,,,,,,0.07,-11.89,-16.99,-9.41,-10.51,-7.8,-10.9,-18.09,-18.06,-30.5,-44.62
ACN,ACCENTURE FEDERAL SERVICES LLC,1333BJ22F00184011,2025-10-07,-18112.25,Department of Commerce,U.S. Patent and Trademark Office,BPA CALL,2025-10-07,246.1575,243.1593,1.23,215.4503,2026-02-17,90,-12.47,282.7143,2026-01-14,68,14.85,31.22,40.0,64.0,,,,,,0.7,-4.1,-2.8,-6.85,-0.29,-0.18,-1.36,-4.47,8.35,3.47,-12.47
KTOS,"KRATOS UNMANNED AERIAL SYSTEMS, INC",FA867825FB001,2025-09-25,56908.03,Department of Defense,Department of the Air Force,DELIVERY ORDER,2025-09-25,84.2,81.18,3.72,67.31,2025-11-20,40,-20.06,130.72,2026-01-16,78,55.25,94.21,3.0,4.0,7.0,8.0,73.0,78.0,,2.47,8.52,12.86,19.06,17.04,7.58,8.29,-14.0,-9.62,-10.46,8.47
LMT,LOCKHEED MARTIN CORPORATION,H9225423F2742,2026-01-20,0.0,Department of Defense,U.S. Special Operations Command,DELIVERY ORDER,2026-01-20,569.313,575.6083,-1.09,503.2157,2026-05-08,76,-11.61,672.2988,2026-03-02,28,18.09,33.6,7.0,8.0,21.0,,,,,1.77,2.56,3.28,8.06,9.06,10.8,15.7,15.96,8.93,6.01,-7.43
BA,THE BOEING COMPANY,FA857525C0004,2026-02-03,0.0,Department of Defense,Department of the Air Force,DEFINITIVE CONTRACT,2026-02-03,233.15,233.02,0.06,189.21,2026-03-30,38,-18.85,244.71,2026-02-09,4,4.96,29.33,,,,,,,,1.2,4.24,4.05,2.66,2.48,0.1,-4.76,-11.65,-5.61,-1.77,-6.05
BA,THE BOEING COMPANY,FA813426FB007,2026-02-26,24931077.25,Department of Defense,Department of the Air Force,DELIVERY ORDER,2026-02-26,229.41,230.36,-0.41,189.21,2026-03-30,22,-17.52,240.6,2026-05-13,53,4.88,27.16,,,,,,,,-0.82,-2.31,-3.2,-1.92,-10.74,-10.21,-16.95,-5.13,-0.88,-4.53,-1.94
LMT,LOCKHEED MARTIN CORPORATION,N0001922C0041,2025-08-18,16967644.95,Department of Defense,Department of the Navy,DEFINITIVE CONTRACT,2025-08-18,429.0674,426.0683,0.7,429.0674,2025-08-18,0,0.0,504.3876,2025-10-06,34,17.55,17.55,13.0,25.0,33.0,,,,,0.1,1.49,1.61,3.14,3.44,4.95,8.15,14.12,11.9,4.49,11.88
LMT,LOCKHEED MARTIN CORPORATION,80GSFC21C0011,2025-08-20,0.0,National Aeronautics and Space Administration,National Aeronautics and Space Administration,DEFINITIVE CONTRACT,2025-08-20,434.2866,429.5154,1.11,434.0461,2025-12-01,71,-0.06,504.3876,2025-10-06,32,16.14,16.21,15.0,26.0,32.0,,,,,0.27,0.39,1.9,2.16,3.18,4.77,6.81,12.78,10.23,2.95,11.25
BAH,BOOZ ALLEN HAMILTON INC,N0017821F3011,2026-01-30,1023062.0,Department of Defense,Department of the Navy,DELIVERY ORDER,2026-01-30,87.0947,87.4001,-0.35,71.0549,2026-05-13,71,-18.42,88.7791,2026-02-09,6,1.93,24.94,,,,,,,,-1.04,-3.82,0.67,1.73,-9.61,-12.01,-9.74,-13.66,-4.18,-13.12,-11.26
LMT,LOCKHEED MARTIN CORPORATION,0012,2025-08-25,0.0,Department of Defense,Defense Contract Management Agency,DELIVERY ORDER,2025-08-25,435.9615,434.4814,0.34,434.0461,2025-12-01,68,-0.44,504.3876,2025-10-06,29,15.7,16.21,12.0,24.0,29.0,,,,,1.73,1.89,1.8,2.78,2.83,6.47,9.4,14.98,9.29,6.8,12.68
LDOS,"LEIDOS, INC.",70RTAC25FR0000013,2025-12-04,0.0,Department of Homeland Security,Office of Procurement Operations,DELIVERY ORDER,2025-12-04,190.835,186.8878,2.11,152.3419,2026-04-10,86,-20.17,197.153,2026-01-09,24,3.31,29.41,,,,,,,,-2.91,-3.88,-0.98,-3.14,-5.62,-2.79,2.87,-0.55,1.43,-7.96,-18.3
LMT,LOCKHEED MARTIN CORPORATION,FA239825CB001,2026-01-29,105000.0,Department of Defense,Department of the Air Force,DEFINITIVE CONTRACT,2026-01-29,615.2189,590.2746,4.23,503.2157,2026-05-08,69,-18.21,672.2988,2026-03-02,21,9.28,33.6,14.0,,,,,,,1.88,0.92,-2.14,2.53,2.4,7.07,9.28,4.32,3.01,-17.1,-13.83
GD,"GENERAL DYNAMICS INFORMATION TECHNOLOGY, INC.",15JPSS25F00000385,2025-09-09,4386025.92,Department of Justice,"Offices, Boards and Divisions",DELIVERY ORDER,2025-09-09,315.7594,317.1253,-0.43,315.7594,2025-09-09,0,0.0,364.0791,2026-01-16,90,15.3,15.3,15.0,34.0,89.0,,,,,0.54,1.5,1.58,1.01,0.58,3.37,7.81,6.49,10.16,5.68,15.3
GD,"GENERAL DYNAMICS MISSION SYSTEMS, INC.",N0003921F6002,2026-01-21,0.0,Department of Defense,Department of the Air Force,DELIVERY ORDER,2026-01-21,361.5024,355.9429,1.56,311.1606,2026-04-27,66,-13.93,363.3259,2026-01-27,4,0.5,16.76,,,,,,,,0.29,-0.34,-2.22,-3.75,-3.13,-1.63,-3.66,-1.12,-2.6,-7.38,-6.58
GD,"GENERAL DYNAMICS INFORMATION TECHNOLOGY, INC.",47QFMA21F0003,2025-11-03,1764705.87,General Services Administration,Federal Acquisition Service,DELIVERY ORDER,2025-11-03,337.4199,340.4105,-0.88,328.0534,2025-12-01,19,-2.78,364.0791,2026-01-16,51,7.9,10.98,43.0,,,,,,,0.47,-0.46,2.23,2.22,-0.03,-0.45,-1.11,-1.28,2.8,3.12,4.08
IBM,INTERNATIONAL BUSINESS MACHINES CORPORATION,N0003921F3007,2025-11-10,-1030836.1,Department of Defense,Department of the Navy,DELIVERY ORDER,2025-11-10,302.9584,298.6169,1.45,220.139,2026-02-23,70,-27.34,308.6917,2025-11-12,2,1.89,40.23,,,,,,,,1.48,-1.38,-3.87,-6.66,-1.62,-1.12,1.15,-1.73,-3.62,-3.3,-19.17
WWD,WOODWARD HRT INC,N0038322FYN0G,2026-04-02,0.0,Department of Defense,Department of the Navy,DELIVERY ORDER,2026-04-02,371.4462,375.5325,-1.09,341.76,2026-06-01,40,-7.99,436.44,2026-06-25,57,17.5,27.7,3.0,51.0,52.0,,,,,1.91,6.24,4.49,8.46,6.2,-1.15,-3.97,-6.07,-3.14,14.54,-2.35
BA,THE BOEING COMPANY,FA821325FB002,2025-09-08,119625.0,Department of Defense,Department of the Air Force,DELIVERY ORDER,2025-09-08,230.95,229.61,0.58,179.12,2025-11-24,55,-22.44,247.74,2026-01-15,90,7.27,38.31,88.0,,,,,,,-0.62,-4.75,-6.58,-7.07,-8.17,-4.2,-3.95,-6.12,-15.65,-11.07,7.27
GD,"GENERAL DYNAMICS INFORMATION TECHNOLOGY, INC.",692M1521F00213,2026-01-29,625000.0,Department of Transportation,Federal Aviation Administration,DELIVERY ORDER,2026-01-29,346.8057,353.4752,-1.89,311.1606,2026-04-27,60,-10.28,362.8304,2026-03-04,23,4.62,16.61,,,,,,,,0.33,1.53,0.6,2.9,-2.63,1.25,4.24,0.45,0.41,-10.28,-0.76
BA,THE BOEING COMPANY,FA822021F0001,2026-03-19,0.0,Department of Defense,Department of the Air Force,DELIVERY ORDER,2026-03-19,201.18,205.99,-2.34,189.21,2026-03-30,7,-5.95,240.6,2026-05-13,38,19.59,27.16,11.0,16.0,24.0,,,,,-3.01,-2.37,-3.39,-5.95,3.5,9.38,11.88,13.02,8.87,13.8,6.38
LMT,LOCKHEED MARTIN CORPORATION,N0001920F0279,2025-10-29,0.0,Department of Defense,Defense Contract Management Agency,DELIVERY ORDER,2025-10-29,476.0315,476.463,-0.09,434.0461,2025-12-01,22,-8.82,672.2988,2026-03-02,83,41.23,54.89,45.0,49.0,51.0,54.0,63.0,,,0.9,0.54,-2.51,-5.56,-5.83,-2.19,-5.66,-1.41,6.21,23.52,35.55
CACI,"CACI, INC. - FEDERAL",N0003926FE001,2026-01-15,20262843.75,Department of Defense,Department of the Navy,DELIVERY ORDER,2026-01-15,627.5,611.33,2.65,480.99,2026-05-08,78,-23.35,662.19,2026-01-23,5,5.53,37.67,5.0,,,,,,,1.26,0.81,5.53,2.5,-1.1,-4.65,-10.04,-0.4,-6.09,-14.97,-18.59
ACN,ACCENTURE FEDERAL SERVICES LLC,19AQMM23F3427,2026-02-17,1676127.3,Department of State,Department of State,BPA CALL,2026-02-17,215.4503,219.7027,-1.94,123.3469,2026-06-22,86,-42.75,219.0952,2026-02-18,1,1.69,77.63,,,,,,,,1.69,-2.06,-10.53,-5.69,-4.55,-4.79,-11.25,-9.82,-12.81,-26.78,-40.85
LMT,LOCKHEED MARTIN CORPORATION,HQ085224F0005,2025-09-10,655111.51,Department of Defense,Missile Defense Agency,DELIVERY ORDER,2025-09-10,454.9826,448.3031,1.49,434.0461,2025-12-01,57,-4.6,575.6083,2026-01-16,89,26.51,32.61,12.0,18.0,84.0,86.0,,,,1.48,2.02,1.99,1.96,4.82,7.62,9.46,5.02,-1.47,-2.61,25.13
LDOS,"LEIDOS, INC.",FA807521F0006,2026-03-18,203303.0,Department of Defense,Department of the Air Force,DELIVERY ORDER,2026-03-18,166.1631,168.3852,-1.32,100.0,2026-06-25,68,-39.82,166.1631,2026-03-18,0,0.0,66.16,,,,,,,,-0.48,-2.52,-4.72,-6.73,-6.44,-3.66,-6.94,-10.51,-26.21,-26.74,-28.77
BAH,BOOZ ALLEN HAMILTON INC,N0003921F3016,2026-02-04,0.0,Department of Defense,Department of the Navy,DELIVERY ORDER,2026-02-04,83.7654,81.756,2.46,71.0549,2026-05-13,68,-15.17,88.7791,2026-02-09,3,5.99,24.94,3.0,,,,,,,-0.61,5.99,-6.17,-6.01,-5.28,-11.0,-2.97,-4.23,-7.38,-7.21,-11.0
BAH,BOOZ ALLEN HAMILTON INC,HC102825F0274,2025-10-31,0.0,Department of Defense,Defense Information Systems Agency,BPA CALL,2025-10-31,85.2929,81.0459,5.24,73.705,2026-02-23,76,-13.59,100.6977,2026-01-23,56,18.06,36.62,25.0,47.0,56.0,,,,,-1.9,-0.63,0.33,-0.1,-4.25,-7.73,-5.72,6.1,4.24,2.47,-8.92
ACN,ACCENTURE FEDERAL SERVICES LLC,19AQMM21F3625,2025-09-30,4395644.09,Department of State,Department of State,DELIVERY ORDER,2025-09-30,241.621,242.013,-0.16,228.8639,2026-02-05,88,-5.28,282.7143,2026-01-14,73,17.01,23.53,44.0,45.0,73.0,,,,,-1.17,-0.52,1.88,2.21,-0.97,-1.79,0.47,-1.64,10.64,9.48,-3.99
NOC,NORTHROP GRUMMAN SYSTEMS CORPORATION,SPE4AX24F3483,2026-02-10,0.0,Department of Defense,Defense Logistics Agency,DELIVERY ORDER,2026-02-10,679.8211,692.7427,-1.87,507.33,2026-06-22,90,-25.37,764.6547,2026-03-02,13,12.48,50.72,5.0,13.0,,,,,,-0.9,2.56,5.81,5.63,3.05,11.17,7.83,1.23,-1.47,-19.12,-25.37
ACN,ACCENTURE FEDERAL SERVICES LLC,15F06725F0000990,2025-12-12,271703.28,Department of Justice,Federal Bureau of Investigation,BPA CALL,2025-12-12,266.0771,264.9111,0.44,176.1618,2026-04-23,89,-33.79,282.7142,2026-01-14,21,6.25,60.49,21.0,,,,,,,1.14,0.8,0.25,-0.29,-0.08,-2.79,6.25,-0.42,-20.85,-27.81,-33.76
PSN,PARSONS GOVERNMENT SERVICES INC.,HQ014716C0030,2025-09-30,-164000.0,Department of Defense,Missile Defense Agency,DEFINITIVE CONTRACT,2025-09-30,82.92,81.87,1.28,60.2,2025-12-17,55,-27.4,89.29,2025-10-08,6,7.68,48.32,2.0,,,,,,,2.8,5.5,5.85,5.41,3.73,2.48,-0.22,4.45,-0.02,-24.22,-16.21
KTOS,"KRATOS UNMANNED AERIAL SYSTEMS, INC",N0001925C0066,2026-04-06,1019855.93,Department of Defense,Department of the Navy,DEFINITIVE CONTRACT,2026-04-06,74.09,67.31,10.07,43.88,2026-07-29,79,-40.77,74.66,2026-04-15,7,0.77,70.15,,,,,,,,-2.87,-7.77,-0.73,0.77,-5.75,-17.32,-19.95,-26.82,-24.16,-28.41,-15.25
NOC,NORTHROP GRUMMAN SYSTEMS CORPORATION,HR001122C0139,2025-11-19,300064.0,Department of Defense,Defense Advanced Research Projects Agency,DEFINITIVE CONTRACT,2025-11-19,558.4648,560.2045,-0.31,541.3857,2025-12-01,7,-3.06,764.6547,2026-03-02,68,36.92,41.24,30.0,35.0,37.0,45.0,61.0,,,0.42,0.1,0.37,-3.06,-1.73,-1.31,1.02,8.64,20.62,28.81,24.26
LMT,LOCKHEED MARTIN CORPORATION,H9225425F2906,2026-03-05,0.0,Department of Defense,U.S. Special Operations Command,DELIVERY ORDER,2026-03-05,650.7399,660.1583,-1.43,491.64,2026-06-24,76,-24.45,667.4009,2026-03-06,1,2.56,35.75,,,,,,,,2.56,-0.58,-0.33,-1.5,-2.67,-4.7,-2.61,-9.59,-22.67,-20.63,-20.94
PSN,PARSONS GOVERNMENT SERVICES INC.,N0001423C2017,2026-01-02,750000.0,Department of Defense,Department of the Navy,DEFINITIVE CONTRACT,2026-01-02,62.21,61.8,0.66,48.74,2026-05-11,88,-21.65,72.73,2026-01-23,14,16.91,49.22,1.0,5.0,9.0,,,,,6.94,5.69,12.41,11.2,16.49,16.91,9.85,-1.29,-4.63,-12.92,-19.08
HII,HUNTINGTON INGALLS INCORPORATED,N0002421C4205,2025-09-24,407155.0,Department of Defense,Department of the Navy,DEFINITIVE CONTRACT,2025-09-24,274.2464,272.7641,0.54,268.06,2025-09-25,1,-2.26,426.4597,2026-02-03,90,55.5,59.09,14.0,26.0,27.0,61.0,70.0,77.0,,-2.26,0.73,3.06,2.43,4.8,5.2,4.53,10.51,13.26,16.77,55.5
NOC,NORTHROP GRUMMAN SYSTEMS CORPORATION,FA852822F0013,2026-02-26,0.0,Department of Defense,Department of the Air Force,DELIVERY ORDER,2026-02-26,707.7849,700.5667,1.03,496.02,2026-06-29,84,-29.92,764.6547,2026-03-02,2,8.03,54.16,2.0,,,,,,,1.9,6.78,4.09,5.13,3.57,1.96,-4.49,-5.23,-20.08,-21.85,-22.98
NOC,NORTHROP GRUMMAN SYSTEMS CORPORATION,FA231824FB010,2026-02-18,0.0,Department of Defense,Department of the Air Force,DELIVERY ORDER,2026-02-18,719.35,695.8192,3.38,496.02,2026-06-29,90,-31.05,764.6547,2026-03-02,8,6.3,54.16,8.0,,,,,,,1.66,0.4,-2.61,0.26,4.34,1.73,-1.16,-3.53,-18.66,-24.06,-31.05
BA,THE BOEING COMPANY,S2606A21F0034,2025-09-02,-33125.0,Department of Defense,Defense Contract Management Agency,DELIVERY ORDER,2025-09-02,237.38,234.68,1.15,179.12,2025-11-24,59,-24.54,237.38,2025-09-02,0,0.0,32.53,,,,,,,,-2.11,-3.27,-3.31,-7.33,-9.42,-10.65,-9.34,-9.72,-16.57,-23.14,-1.2
IBM,INTERNATIONAL BUSINESS MACHINES CORPORATION,GSQ0017AJ0007,2026-02-10,352644.0,General Services Administration,Federal Acquisition Service,DELIVERY ORDER,2026-02-10,287.5655,290.4238,-0.98,213.1113,2026-05-13,64,-25.89,326.8851,2026-06-02,77,13.67,53.39,76.0,76.0,,,,,,-6.5,-10.07,-10.61,-11.86,-18.58,-15.93,-15.11,-17.26,-13.97,-20.72,-12.92
BAH,BOOZ ALLEN HAMILTON INC,0004,2026-02-17,-32379.88,Department of Defense,Department of the Air Force,DELIVERY ORDER,2026-02-17,75.8488,78.7272,-3.66,59.71,2026-06-25,89,-21.28,83.4516,2026-04-07,34,10.02,39.76,13.0,34.0,,,,,,2.45,1.03,-0.94,4.38,3.64,6.56,2.93,2.11,1.24,-6.32,-17.97
LDOS,LEIDOS BIOMEDICAL RESEARCH INC,75N91021F00015,2025-09-08,0.0,Department of Health and Human Services,National Institutes of Health,DELIVERY ORDER,2025-09-08,176.5554,177.1393,-0.33,176.5554,2025-09-08,0,0.0,197.9062,2025-11-04,41,12.09,12.09,8.0,20.0,,,,,,0.35,3.77,2.64,3.25,5.53,3.86,10.66,7.0,10.59,5.08,8.86
CACI,"CACI TECHNOLOGIES, LLC",W56KGU20F0015,2025-08-22,225000.0,Department of Defense,Department of the Army,DELIVERY ORDER,2025-08-22,481.42,486.02,-0.95,460.1,2025-09-04,8,-4.43,617.97,2025-11-25,66,28.36,34.31,27.0,29.0,43.0,43.0,,,,0.7,1.17,-0.35,-2.49,-1.53,3.02,2.39,9.88,20.21,21.79,10.67
BA,THE BOEING COMPANY,N6893625F5092,2025-08-26,329475.0,Department of Defense,Department of the Navy,DELIVERY ORDER,2025-08-26,234.83,226.87,3.51,179.12,2025-11-24,63,-23.72,237.38,2025-09-02,4,1.09,32.53,,,,,,,,0.34,-0.06,-1.04,-2.22,-3.11,-8.44,-9.07,-4.05,-9.05,-20.92,-2.85
LMT,LOCKHEED MARTIN CORPORATION,NNM07AA01C,2025-09-30,0.0,National Aeronautics and Space Administration,National Aeronautics and Space Administration,DEFINITIVE CONTRACT,2025-09-30,489.6456,482.5541,1.47,434.0461,2025-12-01,43,-11.36,630.8141,2026-02-09,90,28.83,45.33,67.0,71.0,73.0,81.0,,,,-0.04,1.06,2.38,1.71,1.2,1.34,-2.78,-8.44,-9.82,-1.96,28.83
BAH,BOOZ ALLEN HAMILTON INC,HC102824F2000,2025-09-03,0.0,Department of Defense,Defense Information Systems Agency,DELIVERY ORDER,2025-09-03,104.4632,107.7219,-3.03,78.7024,2025-11-20,56,-24.66,104.4632,2025-09-03,0,0.0,32.73,,,,,,,,-3.33,-4.74,-3.98,-2.0,-4.84,-7.89,-3.41,-9.74,-18.87,-21.5,-8.75
BAH,BOOZ ALLEN HAMILTON INC,47QFCA23F0014,2025-08-21,2911908.0,General Services Administration,Federal Acquisition Service,DELIVERY ORDER,2025-08-21,106.6357,106.8705,-0.22,78.7024,2025-11-20,64,-26.2,108.3971,2025-08-27,4,1.65,37.73,,,,,,,,0.88,1.19,-0.69,1.02,-5.98,-4.71,-8.42,-4.54,-16.12,-23.41,-21.35
NOC,NORTHROP GRUMMAN SYSTEMS CORPORATION,F4261098C0001,2025-11-14,0.0,Department of Defense,Department of the Air Force,DEFINITIVE CONTRACT,2025-11-14,551.5458,551.5458,0.0,541.3857,2025-12-01,10,-1.84,764.6547,2026-03-02,71,38.64,41.24,25.0,37.0,40.0,42.0,63.0,,,0.9,1.25,1.56,2.05,-1.84,-1.22,2.33,3.39,20.64,25.07,22.57
LDOS,"LEIDOS, INC.",HC102826F0012,2026-01-23,1397929.67,Department of Defense,Defense Information Systems Agency,DELIVERY ORDER,2026-01-23,190.0856,192.2923,-1.15,122.6069,2026-05-21,82,-35.5,193.5547,2026-02-10,12,1.83,57.87,,,,,,,,-0.9,-1.81,-1.54,-0.75,0.92,-10.35,-8.94,-6.11,-19.17,-19.69,-34.81
CACI,"CACI, INC. - FEDERAL",HS002123F0020,2026-02-18,0.0,Department of Defense,Defense Counterintelligence and Security Agency,DELIVERY ORDER,2026-02-18,566.99,564.53,0.44,443.26,2026-06-25,88,-21.82,633.21,2026-03-09,13,11.68,42.85,6.0,8.0,,,,,,4.27,0.71,4.06,7.62,10.15,4.36,8.1,-1.03,-7.14,-11.08,-19.39
LMT,LOCKHEED MARTIN CORPORATION,W31P4Q22F0071,2025-11-19,0.0,Department of Defense,Department of the Army,DELIVERY ORDER,2025-11-19,460.907,465.6248,-1.01,434.0461,2025-12-01,7,-5.83,672.2988,2026-03-02,68,45.86,54.89,29.0,31.0,34.0,37.0,47.0,,,-0.35,-4.01,-3.35,-5.83,-3.86,0.34,1.66,9.69,27.57,39.33,33.13
BA,THE BOEING COMPANY,FA873918C5030,2025-12-15,179830.0,Department of Defense,Department of the Air Force,DEFINITIVE CONTRACT,2025-12-15,205.5,204.38,0.55,189.21,2026-03-30,71,-7.93,252.15,2026-01-23,26,22.7,33.26,5.0,12.0,18.0,21.0,,,,0.59,1.35,5.52,6.16,6.33,11.84,20.55,13.89,12.91,2.14,12.57
BAH,BOOZ ALLEN HAMILTON INC,W56KGU20F0007,2025-09-18,149375.0,Department of Defense,Department of the Army,DELIVERY ORDER,2025-09-18,99.0419,99.404,-0.36,78.7024,2025-11-20,45,-20.54,101.8113,2025-10-07,13,2.8,29.36,,,,,,,,0.92,-2.85,-3.64,-2.29,1.88,1.7,-3.13,-18.17,-20.54,-7.73,-9.4
GD,"GENERAL DYNAMICS MISSION SYSTEMS, INC.",140G0122F0162,2026-02-19,-164467.62,Department of the Interior,U.S. Geological Survey,DELIVERY ORDER,2026-02-19,351.1562,346.3498,1.39,311.1606,2026-04-27,46,-11.39,362.8304,2026-03-04,9,3.32,16.61,,,,,,,,-0.82,-0.89,-1.02,2.95,1.79,-0.14,-2.42,-1.48,-11.2,-5.16,0.44
GD,"GENERAL DYNAMICS ORDNANCE & TACTICAL SYSTEMS, INC.",W15QKN25F0264,2025-12-11,0.0,Department of Defense,Department of the Army,DELIVERY ORDER,2025-12-11,337.035,337.7752,-0.22,317.3134,2026-04-23,90,-5.85,364.0791,2026-01-16,24,8.02,14.74,16.0,,,,,,,-1.17,-1.17,-1.21,1.09,0.21,0.56,6.39,7.8,2.76,4.05,-5.85
CACI,"CACI, INC. - FEDERAL",FA882124FB001,2026-01-30,605000.0,Department of Defense,Department of the Air Force,DELIVERY ORDER,2026-01-30,620.58,623.13,-0.41,480.99,2026-05-08,68,-22.49,637.27,2026-02-09,6,2.69,32.49,,,,,,,,-1.32,-2.5,-0.34,0.84,-7.62,-5.57,1.48,-2.45,-8.29,-18.03,-16.02
GD,"GENERAL DYNAMICS INFORMATION TECHNOLOGY, INC.",HC102825F0035,2025-11-06,0.0,Department of Defense,Defense Information Systems Agency,BPA CALL,2025-11-06,335.8704,338.4464,-0.76,328.0534,2025-12-01,16,-2.33,364.0791,2026-01-16,48,8.4,10.98,40.0,,,,,,,1.77,3.56,1.1,0.43,-0.25,-0.08,-1.26,-0.28,6.76,4.26,3.16
BA,THE BOEING COMPANY,N6134025F0089,2025-08-27,2621129.0,Department of Defense,Department of the Navy,DELIVERY ORDER,2025-08-27,235.62,234.83,0.34,179.12,2025-11-24,62,-23.98,237.38,2025-09-02,3,0.75,32.53,,,,,,,,0.23,0.75,-2.07,-1.98,-6.63,-8.91,-6.09,-8.33,-15.08,-23.87,-2.45
HII,HUNTINGTON INGALLS INCORPORATED,N0002423C2324,2025-09-26,1000000.0,Department of Defense,Department of the Navy,DEFINITIVE CONTRACT,2025-09-26,275.4916,268.0601,2.77,275.4916,2025-09-26,0,0.0,426.4598,2026-02-03,88,54.8,54.8,20.0,24.0,25.0,59.0,68.0,76.0,,0.27,2.6,1.96,2.37,1.51,1.4,8.22,11.04,10.49,27.37,33.09
HON,HONEYWELL INTERNATIONAL INC.,FA853924F0026,2026-02-26,-544323.44,Department of Defense,Defense Contract Management Agency,DELIVERY ORDER,2026-02-26,250.0052,251.3752,-0.55,215.9203,2026-06-10,72,-13.63,258.7145,2026-03-02,2,3.48,19.82,,,,,,,,1.63,1.74,-0.55,-0.88,-2.62,-4.08,-6.91,-1.94,-11.34,-4.39,-11.86
NOC,NORTHROP GRUMMAN SYSTEMS CORPORATION,HQ085421F0029,2025-09-23,1307230.97,Department of Defense,Missile Defense Agency,DELIVERY ORDER,2025-09-23,570.4052,569.486,0.16,541.3857,2025-12-01,48,-5.09,690.0928,2026-01-29,88,20.98,27.47,5.0,11.0,80.0,88.0,,,,1.59,3.02,5.59,4.84,7.72,7.24,3.36,0.01,-1.33,-1.84,19.19
PSN,PARSONS GOVERNMENT SERVICES INC.,70RDA126FR0000005,2026-03-06,0.0,Department of Homeland Security,Office of Procurement Operations,DELIVERY ORDER,2026-03-06,65.19,65.45,-0.4,47.05,2026-06-25,76,-27.83,65.19,2026-03-06,0,0.0,38.55,,,,,,,,-4.05,-9.92,-15.71,-16.89,-23.24,-17.75,-13.71,-15.75,-25.23,-6.67,-11.21
LDOS,"LEIDOS, INC.",W911NF22F0015,2025-09-15,792758.0,Department of Defense,Department of the Army,DELIVERY ORDER,2025-09-15,181.2248,181.9488,-0.4,179.3204,2025-12-31,75,-1.05,197.9062,2025-11-04,36,9.2,10.36,13.0,,,,,,,-0.08,2.42,2.81,2.56,1.58,7.03,2.48,3.49,3.32,1.21,4.89
NOC,NORTHROP GRUMMAN SYSTEMS CORPORATION,SPE4AX24F4019,2026-01-23,0.0,Department of Defense,Defense Logistics Agency,DELIVERY ORDER,2026-01-23,667.8622,665.3712,0.37,526.06,2026-06-03,90,-21.23,764.6547,2026-03-02,25,14.49,45.36,10.0,25.0,,,,,,-1.78,2.4,2.87,4.76,5.37,3.29,8.49,11.41,0.12,-8.9,-21.23
LDOS,LEIDOS BIOMEDICAL RESEARCH INC,75N91025F00024,2025-09-10,2510508.0,Department of Health and Human Services,National Institutes of Health,DELIVERY ORDER,2025-09-10,178.4951,177.169,0.75,178.4951,2025-09-10,0,0.0,197.9062,2025-11-04,39,10.87,10.87,15.0,18.0,,,,,,2.64,1.53,2.12,4.15,4.12,4.99,7.82,4.72,7.25,6.91,6.32
GD,"GENERAL DYNAMICS INFORMATION TECHNOLOGY, INC.",47QFSA21F0023,2026-03-18,-14169.36,General Services Administration,Federal Acquisition Service,BPA CALL,2026-03-18,350.1851,353.0887,-0.82,311.1606,2026-04-27,27,-11.14,393.19,2026-07-28,90,12.28,26.36,73.0,88.0,,,,,,-1.06,-1.7,-0.24,-1.87,-0.8,-0.95,-4.39,-2.11,-3.7,2.41,12.28
LDOS,"LEIDOS, INC.",HHSN26800001,2025-12-09,-0.04,Department of Health and Human Services,National Institutes of Health,DELIVERY ORDER,2025-12-09,183.4265,184.091,-0.36,152.3419,2026-04-10,83,-16.95,197.153,2026-01-09,21,7.48,29.41,17.0,,,,,,,1.82,2.58,-1.28,-1.81,0.97,-0.64,7.48,3.63,-4.46,-2.7,-16.77
BAH,BOOZ ALLEN HAMILTON INC,FA807525F0022,2026-03-24,1118062.27,Department of Defense,Department of the Air Force,DELIVERY ORDER,2026-03-24,78.2905,79.3028,-1.28,59.71,2026-06-25,64,-23.73,83.4516,2026-04-07,9,6.59,39.76,7.0,,,,,,,1.57,-0.49,-1.08,5.39,3.45,3.22,0.16,-3.3,2.75,-15.24,-9.12
CACI,"CACI, INC. - FEDERAL",FA807524F0042,2025-08-19,1307315.3,Department of Defense,Department of the Air Force,DELIVERY ORDER,2025-08-19,486.85,486.22,0.13,460.1,2025-09-04,11,-5.49,617.97,2025-11-25,69,26.93,34.31,30.0,46.0,46.0,46.0,,,,-0.05,-1.12,-0.76,-1.47,-3.57,-1.49,1.98,5.81,6.84,20.5,11.32
GE,GENERAL ELECTRIC COMPANY,FA862622C0002,2026-01-09,-268395.0,Department of Defense,Defense Contract Management Agency,DEFINITIVE CONTRACT,2026-01-09,320.7224,313.5917,2.27,272.9098,2026-03-30,54,-14.91,344.8073,2026-03-02,34,7.51,26.34,28.0,,,,,,,0.8,-0.84,1.1,-0.96,-8.25,-4.6,-1.64,7.48,-5.93,-4.07,-6.52
LMT,LOCKHEED MARTIN CORP,FA882325FB001,2026-04-07,44328205.34,Department of Defense,Department of the Air Force,DELIVERY ORDER,2026-04-07,623.6175,633.7512,-1.6,491.64,2026-06-24,54,-21.16,624.4123,2026-04-08,1,0.13,27.01,,,,,,,,0.13,-2.23,-2.57,-3.22,-8.88,-18.22,-18.07,-16.1,-15.81,-12.46,-2.4
NOC,NORTHROP GRUMMAN SYSTEMS CORPORATION,N6893626F0028,2026-04-03,1500000.0,Department of Defense,Department of the Navy,DELIVERY ORDER,2026-04-06,692.7411,699.4217,-0.96,496.02,2026-06-29,58,-28.4,692.7411,2026-04-06,0,0.0,39.66,,,,,,,,-0.76,-0.75,-2.08,-2.47,-5.58,-17.34,-19.72,-20.95,-20.8,-24.94,-17.03
GE,GENERAL ELECTRIC COMPANY,FA862626FB004,2026-03-13,0.0,Department of Defense,Department of the Air Force,DELIVERY ORDER,2026-03-13,299.3169,306.3182,-2.29,272.9098,2026-03-30,11,-8.82,378.68,2026-07-06,77,26.51,38.76,21.0,60.0,65.0,70.0,,,,1.44,0.42,-4.3,-3.02,-5.63,-6.18,6.11,-5.05,-4.57,10.26,16.6
BAH,BOOZ ALLEN HAMILTON INC,HQ042323F0088,2026-02-20,0.0,Department of Defense,Defense Finance and Accounting Service,DELIVERY ORDER,2026-02-20,76.6329,79.3425,-3.42,59.71,2026-06-25,86,-22.08,83.4516,2026-04-07,31,8.9,39.76,10.0,,,,,,,-3.82,-2.72,2.1,2.58,6.06,-0.13,3.48,8.42,-1.32,-2.98,-21.69
LMT,LOCKHEED MARTIN CORPORATION,W31P4Q24F0113,2025-08-27,7858750.0,Department of Defense,Department of the Army,DELIVERY ORDER,2025-08-27,442.5342,443.4982,-0.22,434.0461,2025-12-01,66,-1.92,515.9257,2026-01-06,90,16.58,18.86,13.0,23.0,90.0,,,,,0.38,0.29,1.26,1.76,4.33,4.86,8.04,12.54,8.54,3.79,16.58
NOC,NORTHROP GRUMMAN SYSTEMS CORPORATION,FA854023F0045,2025-11-25,0.0,Department of Defense,Department of the Air Force,DELIVERY ORDER,2025-11-25,562.8337,559.0184,0.68,541.3857,2025-12-01,3,-3.81,764.6547,2026-03-02,64,35.86,41.24,26.0,31.0,33.0,42.0,64.0,,,-0.41,-3.81,-2.43,-3.2,-2.07,0.28,1.81,9.12,20.79,28.73,21.61
BA,THE BOEING COMPANY,W58RGZ25F0039,2026-02-23,0.0,Department of Defense,Department of the Army,DELIVERY ORDER,2026-02-23,230.44,232.03,-0.69,189.21,2026-03-30,25,-17.89,240.6,2026-05-13,56,4.41,27.16,,,,,,,,1.28,-0.45,-0.3,-1.36,-2.36,-8.92,-14.76,-8.87,0.12,-6.7,-1.71
BAH,BOOZ ALLEN HAMILTON INC,HC104723F0021,2025-09-02,785873.87,Department of Defense,Defense Information Systems Agency,DELIVERY ORDER,2025-09-02,107.7219,106.391,1.25,78.7024,2025-11-20,57,-26.94,107.7219,2025-09-02,0,0.0,36.87,,,,,,,,-3.03,-6.93,-6.32,-5.67,-7.49,-9.35,-6.8,-11.16,-22.37,-23.51,-12.05
LMT,LOCKHEED MARTIN CORPORATION,N0002424C5510,2025-09-30,2027354.0,Department of Defense,Department of the Navy,DEFINITIVE CONTRACT,2025-09-30,489.6456,482.5541,1.47,434.0461,2025-12-01,43,-11.36,630.8141,2026-02-09,90,28.83,45.33,67.0,71.0,73.0,81.0,,,,-0.04,1.06,2.38,1.71,1.2,1.34,-2.78,-8.44,-9.82,-1.96,28.83
PSN,PARSONS GOVERNMENT SERVICES INC.,HQ085822C0005,2026-01-22,1655553.0,Department of Defense,Missile Defense Agency,DEFINITIVE CONTRACT,2026-01-22,72.36,72.7,-0.47,48.74,2026-05-11,75,-32.64,72.73,2026-01-23,1,0.51,49.22,,,,,,,,0.51,-1.31,-2.02,-5.56,-6.69,-16.74,-11.15,-9.91,-27.43,-24.1,-15.92
LMT,LOCKHEED MARTIN CORPORATION,HQ072725FE050,2025-09-16,0.0,Department of Defense,Defense Contract Management Agency,DELIVERY ORDER,2025-09-16,465.2324,464.1829,0.23,434.0461,2025-12-01,53,-6.7,586.9539,2026-01-22,88,26.16,35.23,10.0,77.0,80.0,83.0,,,,-0.25,-0.29,2.6,2.11,5.25,8.42,5.29,2.41,0.08,-0.6,23.56
BAH,BOOZ ALLEN HAMILTON INC,FA807522F0042,2026-02-25,180000.0,Department of Defense,Department of the Air Force,DELIVERY ORDER,2026-02-25,74.5486,75.1342,-0.78,59.71,2026-06-25,83,-19.9,83.4516,2026-04-07,28,11.94,39.76,1.0,26.0,,,,,,6.2,3.59,4.31,9.03,1.11,2.68,6.95,5.88,3.54,1.65,-15.08
NOC,NORTHROP GRUMMAN SYSTEMS CORPORATION,N6893625F0113,2025-12-12,105000.0,Department of Defense,Department of the Navy,DELIVERY ORDER,2025-12-12,565.4523,555.8058,1.74,555.2898,2025-12-18,4,-1.8,764.6547,2026-03-02,52,35.23,37.7,14.0,19.0,23.0,30.0,52.0,,,1.06,-0.98,-0.23,1.81,1.41,7.29,14.63,20.95,29.33,29.64,1.26
GD,"GENERAL DYNAMICS INFORMATION TECHNOLOGY, INC.",1305M420FNWWA0037,2026-01-14,-3486666.79,Department of Commerce,National Oceanic and Atmospheric Administration,DELIVERY ORDER,2026-01-14,361.2358,358.571,0.74,311.1606,2026-04-27,70,-13.86,364.0791,2026-01-16,2,0.79,17.01,,,,,,,,0.73,-1.47,0.36,-0.27,-3.99,-3.06,-4.63,-2.05,-5.14,-6.08,-5.01
BA,BELL BOEING JOINT PROJECT OFFICE,SPE4A525F3820,2025-08-21,596962.2,Department of Defense,Defense Logistics Agency,DELIVERY ORDER,2025-08-21,224.46,225.62,-0.51,179.12,2025-11-24,66,-20.2,237.38,2025-09-02,7,5.76,32.53,5.0,,,,,,,2.52,4.62,5.21,5.76,2.29,-1.99,-5.51,-3.64,-1.39,-13.34,-2.66
HII,HUNTINGTON INGALLS INCORPORATED,N0002420C4203,2026-02-20,7337.0,Department of Defense,Department of the Navy,DEFINITIVE CONTRACT,2026-02-20,434.3311,439.8598,-1.26,277.39,2026-06-29,88,-36.13,451.7788,2026-03-02,6,4.02,62.87,,,,,,,,0.1,-0.45,1.91,0.95,-1.63,-4.96,-9.09,-6.54,-17.84,-24.5,-35.77
LDOS,LEIDOS BIOMEDICAL RESEARCH INC,75N91025F00016,2025-08-29,55870231.58,Department of Health and Human Services,National Institutes of Health,DELIVERY ORDER,2025-08-29,179.0394,179.4748,-0.24,175.8627,2025-09-03,2,-1.77,197.9062,2025-11-04,46,10.54,12.53,22.0,46.0,,,,,,-0.02,-1.29,-1.39,-0.3,1.22,3.84,4.67,3.0,6.94,3.48,8.38
LMT,LOCKHEED MARTIN CORPORATION,H9225425F2873,2026-02-27,80000.0,Department of Defense,U.S. Special Operations Command,DELIVERY ORDER,2026-02-27,650.3724,634.1151,2.56,491.64,2026-06-24,80,-24.41,672.2988,2026-03-02,1,3.37,36.75,,,,,,,,3.37,1.5,2.62,-0.52,-1.32,-2.62,-8.56,-5.34,-20.85,-18.6,-20.31
LDOS,"LEIDOS, INC.",15JPSS21F00000351,2025-09-29,16006.07,Department of Justice,"Offices, Boards and Divisions",DELIVERY ORDER,2025-09-29,184.0811,183.3769,0.38,179.3204,2025-12-31,65,-2.59,197.9062,2025-11-04,26,7.51,10.36,4.0,,,,,,,1.8,3.92,6.7,6.8,0.18,-0.59,1.19,6.07,0.79,0.61,4.21
GE,GENERAL ELECTRIC COMPANY,SPE4AX26F7774,2026-02-25,20756537.43,Department of Defense,Defense Logistics Agency,DELIVERY ORDER,2026-02-25,341.965,344.7076,-0.8,272.9098,2026-03-30,23,-20.19,378.68,2026-07-06,89,10.74,38.76,82.0,88.0,,,,,,-0.6,0.83,-0.9,-5.77,-5.04,-11.77,-16.69,-8.58,-15.32,-11.87,7.32
LMT,LOCKHEED MARTIN CORPORATION,N0001919F2972,2025-08-26,0.0,Department of Defense,Department of the Navy,DELIVERY ORDER,2025-08-26,443.4982,435.9615,1.73,434.0461,2025-12-01,67,-2.13,505.5783,2026-01-05,90,14.0,16.48,18.0,24.0,,,,,,-0.22,0.04,-0.69,2.6,2.59,4.9,7.12,13.68,7.34,3.93,14.0
BAH,BOOZ ALLEN HAMILTON INC,FA807525F0044,2026-01-30,54671.97,Department of Defense,Department of the Air Force,DELIVERY ORDER,2026-01-30,87.0947,87.4001,-0.35,71.0549,2026-05-13,71,-18.42,88.7791,2026-02-09,6,1.93,24.94,,,,,,,,-1.04,-3.82,0.67,1.73,-9.61,-12.01,-9.74,-13.66,-4.18,-13.12,-11.26
LMT,"LOCKHEED MARTIN INTEGRATED SYSTEMS, LLC",0104,2025-09-09,0.0,Department of Defense,Defense Contract Management Agency,DELIVERY ORDER,2025-09-09,448.3031,450.3138,-0.45,434.0461,2025-12-01,58,-3.18,575.6083,2026-01-16,90,28.4,32.61,9.0,18.0,82.0,86.0,,,,1.49,3.12,3.78,3.62,6.48,7.64,12.46,7.1,0.0,-1.5,28.4
GD,"GENERAL DYNAMICS INFORMATION TECHNOLOGY, INC.",47QFSA24F0054,2025-11-03,0.0,General Services Administration,Federal Acquisition Service,DELIVERY ORDER,2025-11-03,337.4199,340.4105,-0.88,328.0535,2025-12-01,19,-2.78,364.0791,2026-01-16,51,7.9,10.98,43.0,,,,,,,0.47,-0.46,2.23,2.22,-0.03,-0.45,-1.11,-1.28,2.8,3.12,4.08
LDOS,"LEIDOS, INC.",FA873017C0036,2025-09-09,0.0,Department of Defense,Department of the Air Force,DEFINITIVE CONTRACT,2025-09-09,177.169,176.5554,0.35,177.169,2025-09-09,0,0.0,197.9062,2025-11-04,40,11.7,11.7,9.0,19.0,,,,,,0.75,2.7,2.21,4.76,4.74,3.9,10.97,8.13,10.98,5.49,9.24
ACN,ACCENTURE FEDERAL SERVICES LLC,FA701424F0309,2026-02-19,3425309.01,Department of Defense,Department of the Air Force,DELIVERY ORDER,2026-02-19,210.61,219.0952,-3.87,122.9615,2026-06-30,90,-41.62,211.002,2026-02-20,1,0.19,71.6,,,,,,,,0.19,-8.48,-3.52,-4.2,-0.44,-6.27,-6.96,-6.34,-16.32,-20.79,-41.62
GD,"GENERAL DYNAMICS MISSION SYSTEMS, INC.",N0017320C2007,2026-03-17,11374.26,Department of Defense,Department of the Navy,DEFINITIVE CONTRACT,2026-03-17,353.0887,351.1761,0.54,311.1606,2026-04-27,28,-11.87,389.14,2026-07-27,90,10.21,25.06,74.0,90.0,,,,,,-0.82,-2.95,-2.82,-0.28,-3.67,-2.21,-5.56,-4.49,-4.2,1.19,10.21
GD,"GENERAL DYNAMICS INFORMATION TECHNOLOGY, INC.",75N92026F00033,2026-01-16,2502560.14,Department of Health and Human Services,National Institutes of Health,DELIVERY ORDER,2026-01-16,364.0791,363.8908,0.05,311.1606,2026-04-27,68,-14.53,364.0791,2026-01-16,0,0.0,17.01,,,,,,,,-2.23,-0.42,-1.05,-2.91,-5.72,-1.99,-4.87,-0.73,-5.76,-7.33,-4.57
BA,THE BOEING COMPANY,W58RGZ20F0460,2025-09-03,0.0,Department of Defense,Department of the Army,DELIVERY ORDER,2025-09-03,232.38,237.38,-2.11,179.12,2025-11-24,58,-22.92,239.81,2026-01-12,90,3.2,33.88,,,,,,,,-0.7,-0.62,-2.09,-7.07,-7.64,-6.9,-6.43,-7.91,-14.96,-19.56,3.2
LMT,LOCKHEED MARTIN CORPORATION,N0001924F0591,2026-03-20,0.0,Department of Defense,Department of the Navy,DELIVERY ORDER,2026-03-20,623.3492,633.3637,-1.58,491.64,2026-06-24,65,-21.13,633.7512,2026-04-06,10,1.67,28.91,,,,,,,,-1.78,-0.51,-1.85,-3.67,1.67,-2.19,-8.84,-17.42,-15.07,-14.02,-7.9
LMT,LOCKHEED MARTIN CORPORATION,H9225426FE069,2026-04-03,11330270.0,Department of Defense,U.S. Special Operations Command,DELIVERY ORDER,2026-04-06,633.7512,618.7394,2.43,491.64,2026-06-24,55,-22.42,633.7512,2026-04-06,0,0.0,28.91,,,,,,,,-1.6,-2.2,-2.85,-4.2,-8.88,-19.51,-20.22,-17.18,-16.35,-17.66,-5.64
LDOS,"LEIDOS, INC.",N6883624F8K9W,2025-08-22,365667.28,Department of Defense,Department of the Navy,DELIVERY ORDER,2025-08-22,179.8508,178.5643,0.72,175.8627,2025-09-03,7,-2.22,197.9062,2025-11-04,51,10.04,12.53,27.0,51.0,,,,,,-0.07,0.91,-0.45,-2.22,-1.83,1.17,3.18,9.21,4.28,4.11,-0.29
LDOS,"LEIDOS, INC.",89243318CFE000003,2026-03-02,0.0,Department of Energy,Department of Energy,DEFINITIVE CONTRACT,2026-03-02,178.3264,174.0521,2.46,100.0,2026-06-25,80,-43.92,179.5689,2026-03-03,1,0.7,79.57,,,,,,,,0.7,-2.08,0.08,-3.36,-6.43,-7.31,-13.1,-12.73,-23.34,-27.01,-39.99
BAH,BOOZ ALLEN HAMILTON INC,N0042122F3009,2025-09-30,3198013.47,Department of Defense,Department of the Navy,DELIVERY ORDER,2025-09-30,97.8089,96.7716,1.07,78.7024,2025-11-20,37,-19.53,101.8113,2025-10-07,5,4.09,29.36,,,,,,,,2.65,4.07,4.09,-0.22,-2.15,1.0,-17.13,-12.89,-16.93,-14.25,-9.23
BAH,BOOZ ALLEN HAMILTON INC,693JJ322F00177N,2025-09-11,0.0,Department of Transportation,Federal Highway Administration,DELIVERY ORDER,2025-09-11,101.6156,100.3043,1.31,78.7024,2025-11-20,50,-22.55,102.3789,2025-09-12,1,0.75,30.08,,,,,,,,0.75,-1.94,-2.53,-3.9,-6.08,-1.19,-6.45,-3.42,-18.9,-14.69,-7.36
ACN,ACCENTURE FEDERAL SERVICES LLC,89303024FIM000140,2025-12-19,3494535.94,Department of Energy,Department of Energy,BPA CALL,2025-12-19,266.7531,264.5094,0.85,174.8674,2026-04-27,86,-34.45,282.7143,2026-01-14,16,5.98,61.67,16.0,,,,,,,-0.58,-0.83,-0.33,-1.45,1.35,3.2,4.72,-11.24,-23.83,-25.23,-33.39
BA,THE BOEING COMPANY,SPE4AX25F0649,2026-01-13,0.0,Department of Defense,Defense Logistics Agency,DELIVERY ORDER,2026-01-13,244.55,239.81,1.98,189.21,2026-03-30,52,-22.63,252.15,2026-01-23,7,3.11,33.26,,,,,,,,-0.79,1.28,2.26,3.11,-1.21,-4.66,-2.13,-6.19,-17.73,-11.01,-10.44
BA,THE BOEING COMPANY,FA810721F0008,2025-09-30,100111.06,Department of Defense,Department of the Air Force,DELIVERY ORDER,2025-09-30,215.83,217.08,-0.58,179.12,2025-11-24,39,-17.01,252.15,2026-01-23,79,16.83,40.77,65.0,71.0,76.0,,,,,-0.29,0.22,2.78,0.08,-0.71,0.46,-1.04,-9.55,-6.16,1.08,13.38
LMT,LOCKHEED MARTIN CORPORATION,W31P4Q23F0024,2026-02-11,0.0,Department of Defense,Department of the Army,DELIVERY ORDER,2026-02-11,621.3364,622.1864,-0.14,493.6,2026-06-22,89,-20.56,672.2988,2026-03-02,12,8.2,36.2,5.0,,,,,,,1.39,3.32,6.01,5.08,2.06,6.25,3.29,0.31,-5.31,-19.01,-18.94
LMT,LOCKHEED MARTIN CORP,N0003019C0025,2025-09-15,21000000.0,Department of Defense,Department of the Navy,DEFINITIVE CONTRACT,2025-09-15,464.1829,462.2801,0.41,434.0461,2025-12-01,54,-6.49,586.9539,2026-01-22,89,26.45,35.23,11.0,78.0,81.0,84.0,,,,0.23,0.08,1.51,2.75,3.96,6.6,6.75,2.89,-0.52,-0.59,25.79
BA,THE BOEING COMPANY,N0038324FYY1T,2025-11-12,31641150.0,Department of Defense,Department of the Navy,DELIVERY ORDER,2025-11-12,195.5,195.21,0.15,179.12,2025-11-24,8,-8.38,252.15,2026-01-23,48,28.98,40.77,13.0,27.0,34.0,40.0,,,,-0.47,-1.89,-5.01,-8.08,-4.39,3.6,4.54,10.71,27.37,24.09,2.1
GD,"GENERAL DYNAMICS MISSION SYSTEMS, INC.",FA205725CB002,2025-08-21,0.0,Department of Defense,Department of the Air Force,DEFINITIVE CONTRACT,2025-08-21,311.0426,311.9762,-0.3,311.0426,2025-08-21,0,0.0,349.165,2025-10-27,46,12.26,12.26,27.0,45.0,,,,,,0.97,1.78,2.65,2.48,2.0,4.14,1.94,8.56,11.3,9.24,7.72
LMT,LOCKHEED MARTIN CORPORATION,FA861523F0001,2025-12-29,3892946.72,Department of Defense,Department of the Air Force,DELIVERY ORDER,2025-12-29,483.1442,477.3726,1.21,478.0051,2025-12-31,2,-1.06,672.2988,2026-03-02,42,39.15,40.65,5.0,8.0,11.0,16.0,23.0,,,-0.18,1.68,6.79,6.05,14.2,17.84,27.34,28.6,34.69,29.0,4.15
LMT,LOCKHEED MARTIN CORPORATION,SPRRA225F0051,2025-09-10,0.0,Department of Defense,Defense Logistics Agency,DELIVERY ORDER,2025-09-10,454.9826,448.3031,1.49,434.0461,2025-12-01,57,-4.6,575.6083,2026-01-16,89,26.51,32.61,12.0,18.0,84.0,86.0,,,,1.48,2.02,1.99,1.96,4.82,7.62,9.46,5.02,-1.47,-2.61,25.13
BA,THE BOEING COMPANY,N0001923F2517,2025-09-30,500000.0,Department of Defense,Department of the Navy,DELIVERY ORDER,2025-09-30,215.83,217.08,-0.58,179.12,2025-11-24,39,-17.01,252.15,2026-01-23,79,16.83,40.77,65.0,71.0,76.0,,,,,-0.29,0.22,2.78,0.08,-0.71,0.46,-1.04,-9.55,-6.16,1.08,13.38
CACI,"CACI, INC. - FEDERAL",FA807521F0077,2025-09-18,529096.63,Department of Defense,Department of the Air Force,DELIVERY ORDER,2025-09-18,496.5,495.63,0.18,476.24,2025-09-25,5,-4.08,662.19,2026-01-23,87,33.37,39.05,11.0,25.0,25.0,43.0,86.0,,,0.47,-0.72,-4.08,-1.7,4.55,6.08,3.89,13.44,19.84,15.3,28.55
LMT,LOCKHEED MARTIN CORPORATION,FA862125CB005,2025-08-26,40000.0,Department of Defense,Department of the Air Force,DEFINITIVE CONTRACT,2025-08-26,443.4982,435.9615,1.73,434.0461,2025-12-01,67,-2.13,505.5783,2026-01-05,90,14.0,16.48,18.0,24.0,,,,,,-0.22,0.04,-0.69,2.6,2.59,4.9,7.12,13.68,7.34,3.93,14.0
LDOS,"LEIDOS, INC.",HC102826F0012,2026-03-19,1358507.71,Department of Defense,Defense Information Systems Agency,DELIVERY ORDER,2026-03-19,165.3659,166.1631,-0.48,100.0,2026-06-25,67,-39.53,165.3659,2026-03-19,0,0.0,65.37,,,,,,,,-0.05,-4.19,-5.04,-7.09,-4.3,-6.22,-6.71,-10.08,-24.07,-30.7,-30.84
LMT,LOCKHEED MARTIN CORPORATION,FA862122F6256,2026-01-14,0.0,Department of Defense,Department of the Air Force,DELIVERY ORDER,2026-01-14,565.9924,551.761,2.58,503.2157,2026-05-08,79,-11.09,672.2988,2026-03-02,31,18.78,33.6,10.0,11.0,24.0,,,,,0.91,0.59,3.7,1.56,8.7,5.25,13.95,14.91,10.13,8.78,-6.46
GD,GENERAL DYNAMICS ORDNANCE AND TACTICAL SYSTEMS INC,W15QKN23F0325,2026-03-26,0.0,Department of Defense,Department of the Army,DELIVERY ORDER,2026-03-26,352.0878,349.3328,0.79,311.1606,2026-04-27,21,-11.62,393.19,2026-07-28,84,11.67,26.36,67.0,83.0,,,,,,-2.4,-3.39,-1.74,-1.93,-5.23,-5.29,-11.62,-2.01,-4.08,-0.93,9.09
BAH,BOOZ ALLEN HAMILTON INC,FA807522F0047,2026-01-29,2091368.5,Department of Defense,Department of the Air Force,DELIVERY ORDER,2026-01-29,87.4001,89.7346,-2.6,71.0549,2026-05-13,72,-18.7,88.7791,2026-02-09,7,1.58,24.94,,,,,,,,-0.35,-6.46,-4.74,1.58,-12.17,-9.22,-11.64,-11.12,-4.94,-13.48,-10.35
HON,HONEYWELL INTERNATIONAL INC.,W15P7T24F0007,2026-04-01,533238.0,Department of Defense,Department of the Army,DELIVERY ORDER,2026-04-01,238.0207,235.7573,0.96,215.9203,2026-06-10,48,-9.29,249.4599,2026-05-29,40,4.81,15.53,,,,,,,,0.55,-1.91,3.44,2.38,0.52,-3.61,-6.88,-4.59,-5.72,-4.29,-3.32
LMT,LOCKHEED MARTIN CORPORATION,W31P4Q24F0025,2026-03-05,0.0,Department of Defense,Department of the Army,DELIVERY ORDER,2026-03-05,650.7399,660.1583,-1.43,491.64,2026-06-24,76,-24.45,667.4009,2026-03-06,1,2.56,35.75,,,,,,,,2.56,-0.58,-0.33,-1.5,-2.67,-4.7,-2.61,-9.59,-22.67,-20.63,-20.94
NOC,NORTHROP GRUMMAN SYSTEMS CORPORATION,SPE4AX25F1627,2026-02-12,0.0,Department of Defense,Defense Logistics Agency,DELIVERY ORDER,2026-02-12,689.8051,673.6978,2.39,503.01,2026-06-24,90,-27.08,764.6547,2026-03-02,11,10.85,52.02,4.0,11.0,,,,,,1.08,4.28,4.1,5.04,4.55,6.81,6.22,-2.0,-5.18,-20.88,-27.08
LMT,LOCKHEED MARTIN CORP,FA862922F3051,2026-01-09,354381.45,Department of Defense,Department of the Air Force,DELIVERY ORDER,2026-01-09,536.5611,512.3679,4.72,503.2157,2026-05-08,82,-6.21,672.2988,2026-03-02,34,25.3,33.6,3.0,12.0,14.0,24.0,,,,1.53,5.49,7.28,7.98,7.14,16.82,15.96,22.38,17.82,16.37,-3.24
BAH,BOOZ ALLEN HAMILTON INC,89703024FAR400005,2025-10-30,-32630.95,Department of Energy,Department of Energy,DELIVERY ORDER,2025-10-30,81.0459,81.0556,-0.01,73.705,2026-02-23,77,-9.06,100.6977,2026-01-23,57,24.25,36.62,1.0,26.0,48.0,57.0,,,,5.24,3.19,3.32,5.41,1.68,-2.25,0.2,12.76,9.43,10.72,-5.57
BAH,BOOZ ALLEN HAMILTON INC,50310220F0017,2025-12-17,3161743.0,Securities and Exchange Commission,Securities and Exchange Commission,DELIVERY ORDER,2025-12-17,85.2528,84.12,1.35,73.705,2026-02-23,44,-13.55,100.6977,2026-01-23,24,18.12,36.62,14.0,15.0,24.0,,,,,-0.62,-0.07,-1.62,-1.65,-1.92,8.86,7.98,1.1,-11.87,-10.22,-11.0
GD,"GENERAL DYNAMICS MISSION SYSTEMS, INC.",N0002419C6102,2026-03-11,538971.0,Department of Defense,Department of the Navy,DEFINITIVE CONTRACT,2026-03-11,350.6707,352.395,-0.49,311.1606,2026-04-27,32,-11.27,376.88,2026-07-06,79,7.47,21.12,78.0,,,,,,,0.39,0.14,-0.14,-2.28,-0.38,-3.0,-4.84,-9.51,-3.29,-1.64,4.86
HII,HUNTINGTON INGALLS INCORPORATED,N0002421C4205,2025-08-27,1311781.0,Department of Defense,Department of the Navy,DEFINITIVE CONTRACT,2025-08-27,271.8,267.2272,1.71,263.9292,2025-09-09,8,-2.9,364.879,2026-01-06,90,34.25,38.25,29.0,45.0,45.0,76.0,89.0,,,-0.41,-1.94,-1.84,-1.85,0.38,-0.94,1.36,4.04,16.01,9.74,34.25
LMT,LOCKHEED MARTIN CORP,NNJ06TA25C,2025-12-18,0.0,National Aeronautics and Space Administration,National Aeronautics and Space Administration,DEFINITIVE CONTRACT,2025-12-18,464.6335,469.2291,-0.98,464.6335,2025-12-18,0,0.0,672.2988,2026-03-02,48,44.69,44.69,9.0,11.0,14.0,17.0,27.0,,,0.85,2.64,2.74,3.8,8.81,15.48,24.69,33.63,37.72,37.33,10.75
NOC,NORTHROP GRUMMAN SYSTEMS CORPORATION,N0001920C0025,2025-09-18,-47449.04,Department of Defense,Department of the Navy,DEFINITIVE CONTRACT,2025-09-18,567.1136,570.4052,-0.58,541.3857,2025-12-01,51,-4.54,683.9199,2026-01-28,90,20.6,26.33,8.0,14.0,83.0,90.0,,,,-0.13,0.58,2.09,3.53,5.45,11.19,3.62,0.85,-1.12,-0.29,20.6
LMT,LOCKHEED MARTIN CORPORATION,N0001924F0211,2025-09-30,216639.0,Department of Defense,Department of the Navy,DELIVERY ORDER,2025-09-30,489.6456,482.5541,1.47,434.0461,2025-12-01,43,-11.36,630.8141,2026-02-09,90,28.83,45.33,67.0,71.0,73.0,81.0,,,,-0.04,1.06,2.38,1.71,1.2,1.34,-2.78,-8.44,-9.82,-1.96,28.83
BA,THE BOEING COMPANY,3056,2025-09-22,-23929.01,Department of Defense,Defense Contract Management Agency,DELIVERY ORDER,2025-09-22,212.09,215.65,-1.65,179.12,2025-11-24,45,-15.55,252.15,2026-01-23,85,18.89,40.77,12.0,76.0,78.0,,,,,2.0,0.68,2.35,1.47,3.6,-0.64,2.44,-3.56,-15.55,-2.54,10.2
NOC,NORTHROP GRUMMAN SYSTEMS CORPORATION,FA863825FB007,2026-02-10,0.0,Department of Defense,Department of the Air Force,DELIVERY ORDER,2026-02-10,679.8211,692.7427,-1.87,507.33,2026-06-22,90,-25.37,764.6547,2026-03-02,13,12.48,50.72,5.0,13.0,,,,,,-0.9,2.56,5.81,5.63,3.05,11.17,7.83,1.23,-1.47,-19.12,-25.37
ACN,ACCENTURE FEDERAL SERVICES LLC,FA714624F0002,2026-03-02,0.0,Department of Defense,Department of the Air Force,DELIVERY ORDER,2026-03-02,201.7722,204.5058,-1.34,122.9615,2026-06-30,83,-39.06,210.6591,2026-03-06,4,4.4,71.32,,,,,,,,1.92,3.92,1.67,-2.16,-3.21,-2.88,-3.71,-6.77,-12.34,-13.63,-32.98
GE,GENERAL ELECTRIC COMPANY,SPE4AX26F1590,2025-10-27,27675383.24,Department of Defense,Defense Logistics Agency,DELIVERY ORDER,2025-10-27,311.6396,302.7041,2.95,282.5118,2025-12-10,31,-9.35,344.8073,2026-03-02,85,10.64,22.05,77.0,81.0,,,,,,-0.97,-0.67,-1.35,-2.47,-0.29,-2.56,-6.2,-8.8,-1.42,-5.96,3.17
CACI,"CACI ENTERPRISE SOLUTIONS, LLC",N0003919F0202,2025-09-28,-1644222.18,Department of Defense,Department of the Navy,DELIVERY ORDER,2025-09-29,488.06,485.59,0.51,488.06,2025-09-29,0,0.0,662.19,2026-01-23,80,35.68,35.68,2.0,18.0,18.0,27.0,76.0,,,2.2,6.35,8.39,7.92,4.1,5.69,17.3,21.27,24.24,11.57,26.73
GD,GENERAL DYNAMICS LAND SYSTEMS INC.,W912CH24F0001,2025-09-04,-2437102.16,Department of Defense,Department of the Army,DELIVERY ORDER,2025-09-04,316.8502,317.2138,-0.11,315.7594,2025-09-09,3,-0.34,358.571,2026-01-13,90,13.17,13.56,18.0,37.0,,,,,,0.13,-0.34,2.23,1.41,0.66,0.37,6.57,2.98,6.0,6.42,13.17
CAT,CATERPILLAR INC,SPE8EC24F0886,2025-08-25,0.0,Department of Defense,Defense Logistics Agency,DELIVERY ORDER,2025-08-25,428.4433,431.7833,-0.77,411.4166,2025-09-03,6,-3.97,621.8101,2025-12-11,76,45.13,51.14,17.0,25.0,28.0,35.0,46.0,,,-0.24,0.6,-3.76,-2.79,-3.29,0.84,8.67,12.59,21.67,26.87,38.82
CACI,"CACI, INC. - FEDERAL",FA807522F0054,2026-01-30,1988072.0,Department of Defense,Department of the Air Force,DELIVERY ORDER,2026-01-30,620.58,623.13,-0.41,480.99,2026-05-08,68,-22.49,637.27,2026-02-09,6,2.69,32.49,,,,,,,,-1.32,-2.5,-0.34,0.84,-7.62,-5.57,1.48,-2.45,-8.29,-18.03,-16.02
LDOS,"LEIDOS, INC.",N6883624F8KPA,2025-08-22,43030.9,Department of Defense,Department of the Navy,DELIVERY ORDER,2025-08-22,179.8508,178.5643,0.72,175.8627,2025-09-03,7,-2.22,197.9062,2025-11-04,51,10.04,12.53,27.0,51.0,,,,,,-0.07,0.91,-0.45,-2.22,-1.83,1.17,3.18,9.21,4.28,4.11,-0.29
BA,"BOEING AEROSPACE OPERATIONS, INC.",FA231824FB011,2026-04-02,0.0,Department of Defense,Department of the Air Force,DELIVERY ORDER,2026-04-02,208.22,207.32,0.43,204.8,2026-07-21,74,-1.64,240.6,2026-05-13,28,15.55,17.48,4.0,13.0,28.0,,,,,1.96,4.6,4.52,7.47,7.28,12.45,6.28,5.89,3.7,3.96,11.04
BA,THE BOEING COMPANY,HQ085622F0005,2025-09-04,0.0,Department of Defense,Missile Defense Agency,DELIVERY ORDER,2025-09-04,230.75,232.38,-0.7,179.12,2025-11-24,57,-22.37,244.55,2026-01-13,90,5.98,36.53,90.0,,,,,,,-0.49,-0.53,-4.66,-6.5,-6.54,-6.78,-6.26,-8.17,-14.84,-18.09,5.98
GD,GENERAL DYNAMICS LAND SYSTEMS INC.,W56HZV19C0036,2025-09-11,-247523.0,Department of Defense,Department of the Army,DEFINITIVE CONTRACT,2025-09-11,323.9057,317.4496,2.03,317.0664,2025-09-22,7,-2.11,364.0791,2026-01-16,88,12.4,14.83,17.0,85.0,,,,,,-1.05,-0.98,-1.53,-2.11,-1.57,3.38,1.45,4.06,4.84,2.78,11.61
LMT,LOCKHEED MARTIN CORPORATION,N0001925F0031,2026-03-10,0.0,Department of Defense,Department of the Navy,DELIVERY ORDER,2026-03-10,646.9845,659.8304,-1.95,491.64,2026-06-24,73,-24.01,648.584,2026-03-12,2,0.25,31.92,,,,,,,,-0.27,-0.8,-2.29,-2.11,-6.3,-8.08,-4.2,-14.71,-20.16,-19.77,-21.24
LMT,LOCKHEED MARTIN CORPORATION,FA823223F0093,2025-10-30,0.0,Department of Defense,Department of the Air Force,DELIVERY ORDER,2025-10-30,480.3374,476.0315,0.9,434.0461,2025-12-01,21,-9.64,672.2988,2026-03-02,82,39.96,54.89,44.0,48.0,51.0,55.0,62.0,,,0.44,-0.97,-4.25,-7.68,-6.92,-4.05,-9.64,-1.19,7.41,22.89,35.03
LMT,LOCKHEED MARTIN CORPORATION,FA821023F0006,2026-02-26,7760750.0,Department of Defense,Department of the Air Force,DELIVERY ORDER,2026-02-26,634.115,639.9163,-0.91,491.64,2026-06-24,81,-22.47,672.2988,2026-03-02,2,6.02,36.75,2.0,,,,,,,2.56,4.63,2.62,4.06,2.28,0.63,-3.51,-3.85,-19.66,-16.45,-16.74
LDOS,"LEIDOS, INC.",N0003925F7516,2026-01-05,177379.91,Department of Defense,Department of the Navy,DELIVERY ORDER,2026-01-05,194.3201,182.372,6.55,123.7329,2026-05-13,89,-36.33,197.153,2026-01-09,4,1.46,59.34,,,,,,,,1.03,-0.14,0.06,-2.39,-2.34,-3.06,-3.61,-12.26,-11.32,-20.0,-35.62
KTOS,"KRATOS SRE, INC.",80ARC023FA002,2025-09-26,0.0,National Aeronautics and Space Administration,National Aeronautics and Space Administration,BPA CALL,2025-09-26,86.28,84.2,2.47,67.31,2025-11-20,39,-21.99,130.72,2026-01-16,77,51.51,94.21,2.0,4.0,6.0,7.0,72.0,77.0,,2.09,7.74,11.49,20.18,9.68,2.71,5.1,-9.74,-15.15,-5.51,-1.19
KTOS,"KRATOS UNMANNED AERIAL SYSTEMS, INC",N0001924F5560,2025-09-29,0.0,Department of Defense,Department of the Navy,DELIVERY ORDER,2025-09-29,88.08,86.28,2.09,67.31,2025-11-20,38,-23.58,130.72,2026-01-16,76,48.41,94.21,2.0,5.0,6.0,71.0,72.0,,,3.74,7.89,13.82,19.97,9.31,-5.63,1.93,-10.1,-19.44,-6.56,7.19
CACI,"CACI, INC. - FEDERAL",FA807524F0042,2026-02-25,579413.71,Department of Defense,Department of the Air Force,DELIVERY ORDER,2026-02-25,590.03,586.02,0.68,443.26,2026-06-25,83,-24.88,633.21,2026-03-09,8,7.32,42.85,3.0,,,,,,,1.21,5.92,5.85,4.4,2.43,3.88,-1.73,-4.55,-11.95,-16.94,-15.71
HII,HUNTINGTON INGALLS INCORPORATED,N0002423C2307,2025-09-03,22092.0,Department of Defense,Department of the Navy,DEFINITIVE CONTRACT,2025-09-03,266.1626,266.5381,-0.14,263.9292,2025-09-09,4,-0.84,395.3021,2026-01-12,90,48.52,49.78,19.0,37.0,41.0,49.0,77.0,,,0.24,0.23,0.97,2.0,1.16,2.48,4.79,5.8,13.87,16.7,48.52
LMT,LOCKHEED MARTIN CORPORATION,FA852721F0047,2025-08-21,-107368.62,Department of Defense,Defense Contract Management Agency,DELIVERY ORDER,2025-08-21,435.4551,434.2867,0.27,434.0461,2025-12-01,70,-0.32,504.3876,2025-10-06,31,15.83,16.21,14.0,26.0,31.0,,,,,-0.22,1.85,2.01,1.92,4.49,6.03,8.21,13.63,9.34,4.91,10.75
GD,GENERAL DYNAMICS LAND SYSTEMS INC.,SPRDL125F0026,2026-03-25,0.0,Department of Defense,Defense Logistics Agency,DELIVERY ORDER,2026-03-25,349.3328,343.1191,1.81,311.1606,2026-04-27,22,-10.93,393.19,2026-07-28,85,12.55,26.36,68.0,83.0,,,,,,0.79,-3.32,-0.56,-0.31,-2.44,-3.42,-10.73,-0.89,-1.15,-2.14,10.43
LDOS,"LEIDOS, INC.",N6893623F0335,2026-03-26,0.0,Department of Defense,Department of the Navy,DELIVERY ORDER,2026-03-26,157.0253,158.3208,-0.82,100.0,2026-06-25,62,-36.32,160.0746,2026-04-08,8,1.94,60.07,,,,,,,,-1.3,-1.31,0.79,0.82,-2.98,-0.7,-8.47,-17.43,-18.95,-32.42,-19.22
BA,THE BOEING COMPANY,FA868121F1004,2025-09-17,89150.0,Department of Defense,Department of the Air Force,DELIVERY ORDER,2025-09-17,214.63,215.02,-0.18,179.12,2025-11-24,48,-16.54,252.15,2026-01-23,88,17.48,40.77,74.0,80.0,83.0,,,,,0.48,-1.18,0.22,3.09,0.27,3.35,-1.28,-0.49,-13.48,-6.49,13.94
NOC,NORTHROP GRUMMAN SYSTEMS CORPORATION,N6660425F3018,2025-09-23,4583255.05,Department of Defense,Department of the Navy,DELIVERY ORDER,2025-09-23,570.4052,569.486,0.16,541.3857,2025-12-01,48,-5.09,690.0928,2026-01-29,88,20.98,27.47,5.0,11.0,80.0,88.0,,,,1.59,3.02,5.59,4.84,7.72,7.24,3.36,0.01,-1.33,-1.84,19.19
LDOS,"LEIDOS, INC.",N6883625F7K0Y,2026-03-20,354.73,Department of Defense,Department of the Navy,DELIVERY ORDER,2026-03-20,165.2861,165.3659,-0.05,100.0,2026-06-25,66,-39.5,165.2861,2026-03-20,0,0.0,65.29,,,,,,,,-2.01,-4.21,-6.23,-6.24,-3.86,-7.83,-7.64,-10.29,-22.76,-31.28,-31.99
BAH,BOOZ ALLEN HAMILTON INC,47QFCA24F0026,2026-01-07,1234952.0,General Services Administration,Federal Acquisition Service,DELIVERY ORDER,2026-01-07,88.9072,88.6905,0.24,71.0549,2026-05-13,87,-20.08,100.6977,2026-01-23,11,13.26,41.72,2.0,11.0,,,,,,4.39,7.21,6.75,7.91,6.09,0.93,-1.38,-13.81,-12.62,-6.55,-16.37
BA,THE BOEING COMPANY,FA863423F0400,2025-12-11,14504687.05,Department of Defense,Department of the Air Force,DELIVERY ORDER,2025-12-11,200.71,198.72,1.0,189.21,2026-03-30,73,-5.73,252.15,2026-01-23,28,25.63,33.26,6.0,14.0,19.0,21.0,,,,1.83,2.99,3.77,8.04,7.84,13.48,21.84,21.85,19.04,6.67,16.66
LMT,LOCKHEED MARTIN CORPORATION,N0001926F0097,2025-12-22,4672927.0,Department of Defense,Department of the Navy,DELIVERY ORDER,2025-12-22,477.9062,468.5768,1.99,476.8982,2025-12-23,1,-0.21,672.2988,2026-03-02,46,40.68,40.97,8.0,12.0,14.0,17.0,26.0,,,-0.21,-0.11,0.92,2.79,2.75,15.45,22.18,25.98,36.09,30.43,7.72
LDOS,"LEIDOS, INC.",N6893623F0335,2025-12-22,0.0,Department of Defense,Department of the Navy,DELIVERY ORDER,2025-12-22,184.9267,183.5748,0.74,143.7323,2026-04-27,85,-22.28,197.153,2026-01-09,12,6.61,37.17,8.0,,,,,,,0.15,-0.1,-1.45,-1.38,5.68,5.33,2.79,0.02,-5.88,-10.62,-19.81
PSN,PARSONS GOVERNMENT SERVICES INC.,HQ085821C0015,2025-10-28,0.0,Department of Defense,Missile Defense Agency,DEFINITIVE CONTRACT,2025-10-28,83.41,83.93,-0.62,59.33,2026-03-10,90,-28.87,86.61,2025-11-11,10,3.84,45.98,,,,,,,,-0.8,-0.32,-4.62,-1.59,3.84,-2.25,0.86,-19.65,-25.42,-15.45,-28.87
LDOS,"LEIDOS, INC.",FA865023F6434,2026-02-20,0.0,Department of Defense,Department of the Air Force,DELIVERY ORDER,2026-02-20,172.4617,175.2151,-1.57,100.0,2026-06-25,86,-42.02,179.5689,2026-03-03,7,4.12,79.57,,,,,,,,-0.86,-2.08,0.92,4.12,2.53,0.18,-6.08,-7.86,-16.66,-27.87,-40.24
LMT,LOCKHEED MARTIN CORPORATION,0028,2025-08-19,130023.0,Department of Defense,Department of the Army,DELIVERY ORDER,2025-08-19,429.5153,429.0674,0.1,429.5153,2025-08-19,0,0.0,504.3876,2025-10-06,33,17.43,17.43,12.0,24.0,32.0,,,,,1.11,1.16,3.26,3.42,2.55,4.37,8.16,13.95,11.24,4.37,11.14
NOC,NORTHROP GRUMMAN SYSTEMS CORPORATION,SPRHA126F0013,2025-12-04,24648939.0,Department of Defense,Defense Logistics Agency,DELIVERY ORDER,2025-12-04,548.819,549.1367,-0.06,544.8195,2025-12-05,1,-0.73,764.6547,2026-03-02,58,39.33,40.35,12.0,20.0,27.0,29.0,50.0,,,-0.73,-0.43,1.27,4.12,1.18,5.31,10.42,18.86,23.87,36.75,22.05
NOC,NORTHROP GRUMMAN SYSTEMS CORP,FA811023F0003,2025-09-10,1721340.0,Department of Defense,Department of the Air Force,DELIVERY ORDER,2025-09-10,573.1628,565.0182,1.44,541.3857,2025-12-01,57,-5.54,661.858,2026-01-16,89,15.47,22.25,14.0,20.0,89.0,,,,,0.53,-0.92,-0.48,-1.18,1.1,5.08,9.51,2.86,-3.67,-4.25,13.81
NOC,NORTHROP GRUMMAN SYSTEMS CORPORATION,N0001923F0029,2026-04-02,5500000.0,Department of Defense,Department of the Navy,DELIVERY ORDER,2026-04-02,699.4217,693.9458,0.79,496.02,2026-06-29,59,-29.08,699.4217,2026-04-02,0,0.0,41.01,,,,,,,,-0.96,-2.14,-4.1,-3.18,-5.3,-16.35,-19.29,-23.03,-22.68,-27.18,-17.46
HII,HUNTINGTON INGALLS INCORPORATED,N0002425C4229,2026-02-06,0.0,Department of Defense,Department of the Navy,DEFINITIVE CONTRACT,2026-02-06,394.8256,366.6458,7.69,287.54,2026-06-03,80,-27.17,451.7788,2026-03-02,15,14.42,57.12,5.0,8.0,,,,,,2.02,-1.27,5.28,6.82,10.12,12.1,5.29,0.01,0.39,-17.75,-24.8
LMT,LOCKHEED MARTIN CORPORATION,N0003022C2023,2025-11-18,0.0,Department of Defense,Defense Contract Management Agency,DEFINITIVE CONTRACT,2025-11-18,465.6248,461.7603,0.84,434.0461,2025-12-01,8,-6.78,672.2988,2026-03-02,69,44.39,54.89,30.0,32.0,35.0,38.0,48.0,,,-1.01,-2.94,-4.7,-3.55,-5.17,-0.9,-0.21,5.5,23.46,37.87,28.96
LMT,LOCKHEED MARTIN CORPORATION,N0001925F0137,2025-12-29,1092917.0,Department of Defense,Department of the Navy,DELIVERY ORDER,2025-12-29,483.1442,477.3726,1.21,478.0051,2025-12-31,2,-1.06,672.2988,2026-03-02,42,39.15,40.65,5.0,8.0,11.0,16.0,23.0,,,-0.18,1.68,6.79,6.05,14.2,17.84,27.34,28.6,34.69,29.0,4.15
LMT,LOCKHEED MARTIN CORPORATION,N0003022C2023,2025-11-03,-1140981.0,Department of Defense,Department of the Navy,DEFINITIVE CONTRACT,2025-11-03,478.5915,482.456,-0.8,434.0461,2025-12-01,19,-9.31,672.2988,2026-03-02,80,40.47,54.89,42.0,46.0,48.0,51.0,60.0,,,-0.61,-3.9,-7.35,-6.33,-3.52,-5.57,-7.74,-1.49,7.06,30.97,33.94
HII,HUNTINGTON INGALLS INCORPORATED,N0002423C2324,2026-03-19,0.0,Department of Defense,Department of the Navy,DEFINITIVE CONTRACT,2026-03-19,416.6206,426.1494,-2.24,268.76,2026-07-21,84,-35.49,416.6206,2026-03-19,0,0.0,55.02,,,,,,,,-2.5,-3.91,-8.04,-11.79,-5.21,-3.6,-6.27,-13.82,-23.37,-28.07,-32.7
LMT,LOCKHEED MARTIN CORPORATION,FA868217C0037,2026-01-20,-2901082.71,Department of Defense,Department of the Air Force,DEFINITIVE CONTRACT,2026-01-20,569.313,575.6083,-1.09,503.2157,2026-05-08,76,-11.61,672.2988,2026-03-02,28,18.09,33.6,7.0,8.0,21.0,,,,,1.77,2.56,3.28,8.06,9.06,10.8,15.7,15.96,8.93,6.01,-7.43
LMT,LOCKHEED MARTIN CORPORATION,FA823224F0066,2026-01-29,0.0,Department of Defense,Department of the Air Force,DELIVERY ORDER,2026-01-29,615.2189,590.2745,4.23,503.2157,2026-05-08,69,-18.21,672.2988,2026-03-02,21,9.28,33.6,14.0,,,,,,,1.88,0.92,-2.14,2.53,2.4,7.07,9.28,4.32,3.01,-17.1,-13.83
LMT,"LOCKHEED MARTIN SERVICES, LLC",DTFAWA10C00052,2025-09-19,13819.08,Department of Transportation,Federal Aviation Administration,DEFINITIVE CONTRACT,2025-09-19,463.8789,464.5458,-0.14,434.0461,2025-12-01,50,-6.43,615.2189,2026-01-29,90,32.62,41.74,7.0,74.0,77.0,80.0,90.0,,,1.58,2.81,3.07,5.55,6.67,7.36,6.97,4.0,-2.57,3.21,32.62
LMT,LOCKHEED MARTIN CORPORATION,FA861125F0034,2026-01-12,4228741.0,Department of Defense,Department of the Air Force,DELIVERY ORDER,2026-01-12,544.7837,536.5611,1.53,503.2157,2026-05-08,81,-7.63,672.2988,2026-03-02,33,23.41,33.6,4.0,12.0,13.0,26.0,,,,1.28,4.83,4.5,7.74,7.93,15.38,14.05,17.46,17.13,13.77,-4.66
LDOS,"LEIDOS, INC.",N6883625F7KMF,2025-11-25,89054.73,Department of Defense,Department of the Navy,DELIVERY ORDER,2025-11-25,189.9225,185.2712,2.51,153.6473,2026-03-30,84,-19.1,197.153,2026-01-09,30,3.81,28.32,,,,,,,,-0.6,-1.61,-1.6,-2.44,-1.67,-4.66,-2.72,3.81,-1.58,-8.86,-15.72
HII,HUNTINGTON INGALLS INC,N0002418C4314,2025-10-31,0.0,Department of Defense,Department of the Navy,DEFINITIVE CONTRACT,2025-10-31,318.2329,315.3177,0.92,298.2804,2025-11-20,14,-6.27,451.7788,2026-03-02,81,41.96,51.46,34.0,35.0,46.0,47.0,51.0,,,-1.39,-4.76,-3.87,0.67,-2.5,-6.27,-4.18,2.67,11.18,33.44,30.07
NOC,NORTHROP GRUMMAN SYSTEMS CORPORATION,N0002417C6311,2026-03-26,7000000.0,Department of Defense,Department of the Navy,DEFINITIVE CONTRACT,2026-03-26,688.9578,688.1812,0.11,496.02,2026-06-29,64,-28.0,699.4217,2026-04-02,5,1.52,41.01,,,,,,,,-1.88,-1.41,1.52,-0.22,-2.64,-2.78,-16.87,-20.59,-21.73,-25.51,-19.09
ACN,ACCENTURE FEDERAL SERVICES LLC,SP470125F0250,2025-09-12,1802081.04,Department of Defense,Defense Logistics Agency,BPA CALL,2025-09-12,233.7238,239.2205,-2.3,227.8645,2025-09-25,9,-2.51,282.7142,2026-01-14,85,20.96,24.07,17.0,57.0,65.0,85.0,,,,-0.28,1.13,0.49,-1.27,0.18,2.43,2.1,3.82,2.8,11.72,19.51
LMT,LOCKHEED MARTIN CORPORATION,FA868224FB004,2025-09-30,227703.0,Department of Defense,Department of the Air Force,DELIVERY ORDER,2025-09-30,489.6456,482.5541,1.47,434.0461,2025-12-01,43,-11.36,630.8141,2026-02-09,90,28.83,45.33,67.0,71.0,73.0,81.0,,,,-0.04,1.06,2.38,1.71,1.2,1.34,-2.78,-8.44,-9.82,-1.96,28.83
HON,HONEYWELL INTERNATIONAL INC.,SPRPA125FE815,2025-09-30,9870000.0,Department of Defense,Defense Logistics Agency,DELIVERY ORDER,2025-09-30,204.6876,203.5013,0.58,195.2672,2025-11-20,37,-4.6,248.9258,2026-02-09,90,21.61,27.48,70.0,75.0,83.0,89.0,,,,-0.15,-0.69,-0.72,-2.98,-0.9,-2.12,1.14,1.01,-1.9,-0.15,21.61
LMT,LOCKHEED MARTIN CORP,FA852525FB016,2026-03-18,-344075.16,Department of Defense,Department of the Air Force,DELIVERY ORDER,2026-03-18,638.1027,632.1913,0.94,491.64,2026-06-24,67,-22.95,638.1027,2026-03-18,0,0.0,29.79,,,,,,,,-0.74,-4.05,-2.81,-4.12,-3.84,-2.15,-7.8,-19.35,-18.6,-15.32,-8.9
BA,THE BOEING COMPANY,W58RGZ21C0015,2025-10-01,723532.5,Department of Defense,Department of the Army,DEFINITIVE CONTRACT,2025-10-01,215.2,215.83,-0.29,179.12,2025-11-24,38,-16.77,252.15,2026-01-23,78,17.17,40.77,64.0,70.0,73.0,,,,,1.04,2.11,4.7,-2.08,-0.56,0.96,-7.03,-9.15,-6.19,0.58,12.73
BA,THE BOEING COMPANY,N6134022F7003,2025-09-11,35495.56,Department of Defense,Department of the Navy,DELIVERY ORDER,2025-09-11,219.99,227.52,-3.31,179.12,2025-11-24,52,-18.58,250.07,2026-01-21,90,13.67,39.61,83.0,85.0,,,,,,-1.84,-2.26,-1.97,-3.59,-2.94,-2.18,-4.21,-1.01,-11.55,-8.23,13.67
LDOS,"LEIDOS, INC.",HC102825F0354,2026-02-12,0.0,Department of Defense,Defense Information Systems Agency,DELIVERY ORDER,2026-02-12,170.414,171.9647,-0.9,104.32,2026-06-24,90,-38.78,179.5689,2026-03-03,12,5.37,72.13,12.0,,,,,,,2.83,0.05,1.2,1.57,2.13,2.46,-2.09,-9.06,-9.47,-25.34,-38.78
NOC,NORTHROP GRUMMAN SYSTEMS CORPORATION,W15QKN24F0156,2025-09-03,0.0,Department of Defense,Department of the Army,DELIVERY ORDER,2025-09-03,574.2897,582.5036,-1.41,541.3857,2025-12-01,62,-5.73,630.571,2025-10-08,25,9.8,16.47,23.0,,,,,,,-0.22,0.15,-0.2,-0.87,-0.68,-0.68,4.13,4.81,-1.81,-2.39,8.75
BA,THE BOEING COMPANY,HQ085424C0001,2026-03-12,26484900.0,Department of Defense,Missile Defense Agency,DEFINITIVE CONTRACT,2026-03-12,204.76,214.1,-4.36,189.21,2026-03-30,12,-7.59,240.6,2026-05-13,43,17.5,27.16,18.0,28.0,40.0,,,,,2.51,2.96,-1.75,-3.1,-5.08,1.25,8.49,13.52,7.68,5.45,1.9
GE,GENERAL ELECTRIC COMPANY,FA865018F2249,2026-01-05,0.0,Department of Defense,Department of the Air Force,DELIVERY ORDER,2026-01-05,323.4451,319.8847,1.11,272.9098,2026-03-30,58,-15.62,344.8073,2026-03-02,38,6.6,26.34,32.0,,,,,,,0.99,-3.05,-0.05,-1.68,-3.69,-9.02,-4.93,1.62,0.4,-9.62,-9.98
LMT,LOCKHEED MARTIN CORPORATION,H9225424F2845,2025-09-10,-242920.0,Department of Defense,U.S. Special Operations Command,DELIVERY ORDER,2025-09-10,454.9826,448.3031,1.49,434.0461,2025-12-01,57,-4.6,575.6083,2026-01-16,89,26.51,32.61,12.0,18.0,84.0,86.0,,,,1.48,2.02,1.99,1.96,4.82,7.62,9.46,5.02,-1.47,-2.61,25.13
BA,THE BOEING COMPANY,W58RGZ22F0407,2025-09-30,0.0,Department of Defense,Defense Contract Management Agency,DELIVERY ORDER,2025-09-30,215.83,217.08,-0.58,179.12,2025-11-24,39,-17.01,252.15,2026-01-23,79,16.83,40.77,65.0,71.0,76.0,,,,,-0.29,0.22,2.78,0.08,-0.71,0.46,-1.04,-9.55,-6.16,1.08,13.38
BAH,BOOZ ALLEN HAMILTON INC,693KA923F00103,2025-12-08,46642.48,Department of Transportation,Federal Aviation Administration,DELIVERY ORDER,2025-12-08,89.971,86.6909,3.78,73.705,2026-02-23,51,-18.08,100.6977,2026-01-23,31,11.92,36.62,22.0,31.0,,,,,,-0.89,3.33,0.58,-5.24,-5.31,-6.81,3.15,4.84,-14.68,-9.66,-10.96
PSN,PARSONS GOVERNMENT SERVICES INTERNATIONAL INC.,89233124FNA400648,2025-09-26,5676608.67,Department of Energy,Department of Energy,DELIVERY ORDER,2025-09-26,81.46,79.7,2.21,60.2,2025-12-17,57,-26.1,89.29,2025-10-08,8,9.61,48.32,4.0,,,,,,,0.5,4.64,7.39,7.75,5.39,2.1,3.03,5.49,1.51,-23.68,-17.11
BA,"BOEING AEROSPACE OPERATIONS, INC.",FA231824FB011,2025-09-08,1813000.0,Department of Defense,Department of the Air Force,DELIVERY ORDER,2025-09-08,230.95,229.61,0.58,179.12,2025-11-24,55,-22.44,247.74,2026-01-15,90,7.27,38.31,88.0,,,,,,,-0.62,-4.75,-6.58,-7.07,-8.17,-4.2,-3.95,-6.12,-15.65,-11.07,7.27
BAH,BOOZ ALLEN HAMILTON INC,50310220F0017,2025-09-23,7631971.84,Securities and Exchange Commission,Securities and Exchange Commission,DELIVERY ORDER,2025-09-23,96.2236,97.6523,-1.46,78.7024,2025-11-20,42,-18.21,101.8113,2025-10-07,10,5.81,29.36,8.0,,,,,,,0.97,0.76,1.65,4.86,5.81,-2.07,0.42,-13.09,-14.37,-11.4,-10.43
BA,THE BOEING COMPANY,FA862126FB001,2025-12-17,11536446.15,Department of Defense,Department of the Air Force,DELIVERY ORDER,2025-12-17,206.33,206.71,-0.18,189.21,2026-03-30,69,-8.3,252.15,2026-01-23,24,22.21,33.26,3.0,10.0,16.0,19.0,,,,0.94,5.09,5.73,5.29,10.39,10.2,20.68,12.94,13.11,2.18,8.62
LMT,LOCKHEED MARTIN CORPORATION,W31P4Q24F0165,2026-03-18,0.0,Department of Defense,Department of the Army,DELIVERY ORDER,2026-03-18,638.1027,632.1913,0.94,491.64,2026-06-24,67,-22.95,638.1027,2026-03-18,0,0.0,29.79,,,,,,,,-0.74,-4.05,-2.81,-4.12,-3.84,-2.15,-7.8,-19.35,-18.6,-15.32,-8.9
BA,"BOEING AEROSPACE OPERATIONS, INC.",FA231824FB011,2026-02-17,0.0,Department of Defense,Department of the Air Force,DELIVERY ORDER,2026-02-17,244.04,242.96,0.44,189.21,2026-03-30,29,-22.47,244.04,2026-02-17,0,0.0,28.98,,,,,,,,-2.09,-4.92,-4.36,-5.99,-8.16,-7.8,-15.59,-18.44,-5.23,-1.41,-10.98
BAH,BOOZ ALLEN HAMILTON INC,N0018925FZ237,2026-01-29,641049.25,Department of Defense,Department of the Navy,DELIVERY ORDER,2026-01-29,87.4001,89.7346,-2.6,71.0549,2026-05-13,72,-18.7,88.7791,2026-02-09,7,1.58,24.94,,,,,,,,-0.35,-6.46,-4.74,1.58,-12.17,-9.22,-11.64,-11.12,-4.94,-13.48,-10.35
BAH,BOOZ ALLEN HAMILTON INC,N0003922F3004,2026-03-31,12180641.0,Department of Defense,Department of the Navy,DELIVERY ORDER,2026-03-31,77.4468,78.3599,-1.17,59.71,2026-06-25,59,-22.9,83.4516,2026-04-07,4,7.75,39.76,2.0,,,,,,,3.0,7.28,4.58,0.18,5.47,3.81,-0.33,-8.25,2.54,-19.66,0.59
SATL,IRIDIUM SATELLITE LLC,FA254124CB040,2026-02-11,-573179.0,Department of Defense,Department of the Air Force,DEFINITIVE CONTRACT,2026-02-11,3.22,3.32,-3.01,2.85,2026-02-12,1,-11.49,10.74,2026-05-26,71,233.54,276.84,6.0,6.0,27.0,27.0,27.0,27.0,35.0,-11.49,-10.87,1.24,-0.31,-0.93,4.97,-7.76,99.38,115.22,135.09,72.67
LMT,LOCKHEED MARTIN CORPORATION,FA861523C6050,2025-09-22,0.0,Department of Defense,Department of the Air Force,DEFINITIVE CONTRACT,2025-09-22,471.1862,463.8789,1.58,434.0461,2025-12-01,49,-7.88,626.7917,2026-01-30,90,33.02,44.41,9.0,76.0,77.0,79.0,89.0,,,1.31,0.82,2.41,3.87,7.05,5.13,1.9,1.57,-6.11,0.06,33.02
BAH,BOOZ ALLEN HAMILTON INC,FA821924F0010,2025-12-19,88629.0,Department of Defense,Department of the Air Force,DELIVERY ORDER,2025-12-19,83.9821,84.7209,-0.87,73.705,2026-02-23,42,-12.24,100.6977,2026-01-23,22,19.9,36.62,10.0,12.0,22.0,,,,,1.44,-0.13,-0.16,-1.06,5.61,13.5,12.32,-0.26,-5.73,-4.47,-7.45
ACN,ACCENTURE FEDERAL SERVICES LLC,SP330024F0613,2025-09-24,-4.18,Department of Defense,Defense Logistics Agency,DELIVERY ORDER,2025-09-24,234.2529,230.7451,1.52,227.8645,2025-09-25,1,-2.73,282.7142,2026-01-14,77,20.69,24.07,9.0,49.0,71.0,77.0,,,,-2.73,3.31,1.94,2.61,5.81,2.14,4.49,3.66,3.67,12.92,0.89
LMT,LOCKHEED MARTIN CORP,FA821926CB001,2026-03-16,0.0,Department of Defense,Department of the Air Force,DEFINITIVE CONTRACT,2026-03-16,641.0037,641.7985,-0.12,491.64,2026-06-24,69,-23.3,641.0037,2026-03-16,0,0.0,30.38,,,,,,,,-1.37,-1.19,-4.49,-3.25,-7.23,-1.13,-5.29,-20.6,-18.38,-18.09,-9.11
NOC,NORTHROP GRUMMAN SYSTEMS CORPORATION,N0010423FZJ02,2026-01-06,0.0,Department of Defense,Department of the Navy,DELIVERY ORDER,2026-01-06,605.9935,606.6982,-0.12,538.3207,2026-05-15,90,-11.17,764.6547,2026-03-02,37,26.18,42.04,6.0,12.0,19.0,30.0,,,,-5.5,1.34,2.44,7.21,8.77,11.16,14.07,20.68,20.97,15.42,-11.17
GD,"GENERAL DYNAMICS INFORMATION TECHNOLOGY, INC.",HT942726FE034,2026-04-07,464563.66,Department of Defense,Defense Health Agency,DELIVERY ORDER,2026-04-07,345.2993,348.2328,-0.84,311.1606,2026-04-27,14,-9.89,395.97,2026-08-10,86,14.67,27.26,60.0,74.0,,,,,,0.46,-3.36,-2.0,-3.43,-6.14,-9.89,0.13,-1.93,-1.66,8.18,14.62
BA,THE BOEING COMPANY,0019,2026-03-17,0.0,Department of Defense,Department of the Air Force,DELIVERY ORDER,2026-03-17,210.82,213.47,-1.24,189.21,2026-03-30,9,-10.25,240.6,2026-05-13,40,14.13,27.16,18.0,26.0,,,,,,-2.29,-7.45,-6.83,-7.81,-5.59,-0.39,3.82,6.3,5.4,5.13,0.32
BA,BELL BOEING JOINT PROJECT OFFICE,N0001919F2415,2025-08-21,0.0,Department of Defense,Department of the Navy,DELIVERY ORDER,2025-08-21,224.46,225.62,-0.51,179.12,2025-11-24,66,-20.2,237.38,2025-09-02,7,5.76,32.53,5.0,,,,,,,2.52,4.62,5.21,5.76,2.29,-1.99,-5.51,-3.64,-1.39,-13.34,-2.66
IBM,INTERNATIONAL BUSINESS MACHINES CORPORATION,36C10B19C0059,2026-02-24,385882.29,Department of Veterans Affairs,Department of Veterans Affairs,DEFINITIVE CONTRACT,2026-02-24,226.0232,220.139,2.67,213.1113,2026-05-13,55,-5.71,326.8851,2026-06-02,68,44.62,53.39,2.0,7.0,65.0,66.0,66.0,,,3.58,4.75,6.96,11.87,9.11,8.69,5.26,5.42,-0.97,-1.16,31.57
LDOS,"LEIDOS, INC.",FA865022F1021,2025-12-08,316750.0,Department of Defense,Department of the Air Force,DELIVERY ORDER,2025-12-08,184.091,185.2811,-0.64,152.3419,2026-04-10,84,-17.25,197.153,2026-01-09,22,7.1,29.41,18.0,,,,,,,-0.36,2.65,0.41,-2.07,0.45,0.16,5.41,4.46,-7.43,-3.95,-16.2
BA,THE BOEING COMPANY,FA855724F0006,2026-03-26,62350.04,Department of Defense,Department of the Air Force,DELIVERY ORDER,2026-03-26,194.36,199.61,-2.63,189.21,2026-03-30,2,-2.65,240.6,2026-05-13,33,23.79,27.16,4.0,8.0,12.0,19.0,,,,-1.98,2.4,7.13,8.05,11.97,12.62,19.02,22.12,15.4,11.5,23.58
LDOS,"LEIDOS, INC.",N6264520F0185,2025-08-27,-205774.51,Department of Defense,Department of the Navy,DELIVERY ORDER,2025-08-27,181.4837,180.4545,0.57,175.8627,2025-09-03,4,-3.1,197.9062,2025-11-04,48,9.05,12.53,25.0,,,,,,,-1.11,-1.36,-2.62,-2.72,0.95,0.44,1.04,6.04,4.33,1.46,8.17
BAH,BOOZ ALLEN HAMILTON INC,KH04,2025-09-25,-42797.4,Department of Defense,Defense Information Systems Agency,DELIVERY ORDER,2025-09-25,95.4407,97.1532,-1.76,78.7024,2025-11-20,40,-17.54,101.8113,2025-10-07,8,6.67,29.36,4.0,,,,,,,1.59,2.48,5.72,6.26,2.26,-1.21,-6.29,-12.26,-13.86,-12.01,-12.23
NOC,NORTHROP GRUMMAN SYSTEMS CORPORATION,FA852322C0001,2025-09-22,2743507.0,Department of Defense,Department of the Air Force,DEFINITIVE CONTRACT,2025-09-22,569.486,566.402,0.54,541.3857,2025-12-01,49,-4.93,690.0928,2026-01-29,89,21.18,27.47,6.0,12.0,81.0,88.0,,,,0.16,1.67,3.1,5.08,7.35,8.22,4.03,-0.13,-1.84,-0.89,20.64
BAH,BOOZ ALLEN HAMILTON INC,693JJ325F00032N,2026-02-02,1173676.7,Department of Transportation,Federal Highway Administration,DELIVERY ORDER,2026-02-02,86.1885,87.0947,-1.04,71.0549,2026-05-13,70,-17.56,88.7791,2026-02-09,5,3.01,24.94,,,,,,,,-5.14,-3.41,3.01,-8.81,-12.0,-14.48,-9.77,-11.19,-6.03,-11.96,-10.43
LMT,LOCKHEED MARTIN CORPORATION,W31P4Q21C0039,2025-09-25,0.0,Department of Defense,Department of the Army,DEFINITIVE CONTRACT,2025-09-25,475.0605,476.9339,-0.39,434.0461,2025-12-01,46,-8.63,628.5509,2026-02-02,88,32.31,44.81,7.0,73.0,75.0,77.0,87.0,,,0.64,3.07,3.1,6.17,4.84,3.11,0.22,-3.18,-5.47,-1.36,25.39
GD,"GENERAL DYNAMICS MISSION SYSTEMS, INC.",N0003019C0009,2025-10-21,200000.0,Department of Defense,Department of the Navy,DEFINITIVE CONTRACT,2025-10-21,336.2553,332.8009,1.04,328.0534,2025-12-01,28,-2.44,364.0791,2026-01-16,60,8.27,10.98,52.0,,,,,,,-0.72,2.96,1.76,1.17,0.82,2.58,0.7,-0.77,1.38,8.27,7.48
LMT,LOCKHEED MARTIN CORPORATION,H9225424F2856,2025-08-18,156750.0,Department of Defense,U.S. Special Operations Command,DELIVERY ORDER,2025-08-18,429.0674,426.0683,0.7,429.0674,2025-08-18,0,0.0,504.3876,2025-10-06,34,17.55,17.55,13.0,25.0,33.0,,,,,0.1,1.49,1.61,3.14,3.44,4.95,8.15,14.12,11.9,4.49,11.88
GD,"GENERAL DYNAMICS INFORMATION TECHNOLOGY, INC.",HT942525F0261,2026-03-13,1137019.46,Department of Defense,Defense Health Agency,DELIVERY ORDER,2026-03-13,348.3616,352.0383,-1.04,311.1606,2026-04-27,30,-10.68,381.79,2026-07-23,90,9.6,22.7,76.0,,,,,,,0.81,0.52,-1.63,-1.5,-1.35,-0.69,-2.86,-10.68,-1.94,-1.2,9.6
LMT,LOCKHEED MARTIN CORPORATION,W31P4Q18C0049,2025-09-23,-1626428.41,Department of Defense,Department of the Army,DEFINITIVE CONTRACT,2025-09-23,477.3458,471.1862,1.31,434.0461,2025-12-01,48,-9.07,628.551,2026-02-02,90,31.68,44.81,9.0,75.0,77.0,80.0,89.0,,,-0.09,0.16,2.58,2.61,5.01,3.53,0.1,-0.35,-7.04,-1.7,31.68
LMT,LOCKHEED MARTIN CORPORATION,FA823225F0022,2026-02-06,625652.17,Department of Defense,Department of the Air Force,DELIVERY ORDER,2026-02-06,616.2764,602.045,2.36,503.2157,2026-05-08,63,-18.35,672.2988,2026-03-02,15,9.09,33.6,8.0,,,,,,,2.36,0.82,4.65,4.21,5.94,5.53,4.98,-0.65,-1.41,-17.96,-13.62
LMT,LOCKHEED MARTIN CORPORATION,N0003024C0100,2025-12-18,0.0,Department of Defense,Defense Contract Management Agency,DEFINITIVE CONTRACT,2025-12-18,464.6336,469.2291,-0.98,464.6336,2025-12-18,0,0.0,672.2988,2026-03-02,48,44.69,44.69,9.0,11.0,14.0,17.0,27.0,,,0.85,2.64,2.74,3.8,8.81,15.48,24.69,33.63,37.72,37.33,10.75
BA,THE BOEING COMPANY,N0038325FB402,2025-11-18,0.0,Department of Defense,Defense Contract Management Agency,DELIVERY ORDER,2025-11-18,189.63,191.81,-1.14,179.12,2025-11-24,4,-5.54,252.15,2026-01-23,44,32.97,40.77,9.0,22.0,25.0,30.0,39.0,,,-2.07,-5.24,-3.79,-0.33,6.81,5.66,9.83,20.11,31.01,28.69,4.96
BAH,BOOZ ALLEN HAMILTON INC,47QFAA24F0006,2025-09-25,447626.14,General Services Administration,Federal Acquisition Service,DELIVERY ORDER,2025-09-25,95.4407,97.1532,-1.76,78.7024,2025-11-20,40,-17.54,101.8113,2025-10-07,8,6.67,29.36,4.0,,,,,,,1.59,2.48,5.72,6.26,2.26,-1.21,-6.29,-12.26,-13.86,-12.01,-12.23
IBM,INTERNATIONAL BUSINESS MACHINES CORPORATION,15JPSS25F00000578,2026-04-07,2814416.99,Department of Justice,"Offices, Boards and Divisions",DELIVERY ORDER,2026-04-07,241.5467,243.1927,-0.68,204.3044,2026-07-22,73,-15.42,326.8851,2026-06-02,39,35.33,60.0,36.0,37.0,37.0,37.0,38.0,,,-1.36,-5.84,-1.96,2.42,4.33,-6.94,-7.89,-8.61,11.95,19.01,-2.99
LMT,LOCKHEED MARTIN CORPORATION,N0017818F3008,2025-09-02,150000.0,Department of Defense,Department of the Navy,DELIVERY ORDER,2025-09-02,443.8305,443.6637,0.04,434.0461,2025-12-01,63,-2.2,536.5611,2026-01-09,90,20.89,23.62,14.0,20.0,87.0,90.0,,,,-0.76,2.52,1.01,4.03,4.82,6.16,10.28,11.64,7.18,-0.02,20.89
BA,THE BOEING COMPANY,N6893626F5001,2026-03-19,0.0,Department of Defense,Department of the Navy,DELIVERY ORDER,2026-03-19,201.18,205.99,-2.34,189.21,2026-03-30,7,-5.95,240.6,2026-05-13,38,19.59,27.16,11.0,16.0,24.0,,,,,-3.01,-2.37,-3.39,-5.95,3.5,9.38,11.88,13.02,8.87,13.8,6.38
LMT,LOCKHEED MARTIN CORPORATION,H9225424F2786,2026-01-23,0.0,Department of Defense,U.S. Special Operations Command,DELIVERY ORDER,2026-01-23,583.9001,586.9539,-0.52,503.2157,2026-05-08,73,-13.82,672.2988,2026-03-02,25,15.14,33.6,4.0,15.0,25.0,,,,,-1.55,1.09,7.35,6.34,5.54,7.89,12.46,13.0,1.85,-2.68,-12.31
PLTR,PALANTIR USG INC,W911QX24F0108,2025-09-11,1579358.25,Department of Defense,Department of the Army,DELIVERY ORDER,2025-09-11,164.36,166.74,-1.43,154.85,2025-11-21,51,-5.79,207.18,2025-11-03,37,26.05,33.79,5.0,6.0,32.0,34.0,,,,4.3,3.59,7.67,9.11,8.98,12.53,6.74,9.81,4.73,10.59,0.59
GE,GENERAL ELECTRIC COMPANY,FA862625FB004,2025-09-30,0.0,Department of Defense,Department of the Air Force,DELIVERY ORDER,2025-09-30,299.6658,292.5033,2.45,282.5118,2025-12-10,50,-5.72,326.6564,2026-01-06,67,9.01,15.63,60.0,,,,,,,0.02,-1.27,0.31,-0.49,-0.25,0.62,4.47,3.29,-4.1,5.3,5.41
NOC,NORTHROP GRUMMAN SYSTEMS CORPORATION,FA865019C7994,2026-03-25,0.0,Department of Defense,Department of the Air Force,DEFINITIVE CONTRACT,2026-03-25,688.1812,679.1708,1.33,496.02,2026-06-29,65,-27.92,699.4217,2026-04-02,6,1.63,41.01,,,,,,,,0.11,-2.84,0.84,0.66,-0.09,-1.83,-16.8,-20.1,-18.45,-26.28,-19.85
BAH,BOOZ ALLEN HAMILTON INC,HQ003424F0284,2025-12-11,3623660.18,Department of Defense,Washington Headquarters Services,DELIVERY ORDER,2025-12-11,92.9654,91.6258,1.46,73.705,2026-02-23,48,-20.72,100.6977,2026-01-23,28,8.32,36.62,28.0,,,,,,,-1.7,-9.51,-8.87,-8.36,-9.53,-10.06,0.99,-5.11,-16.42,-18.92,-15.65
BA,THE BOEING COMPANY,N6893625F0044,2025-11-17,0.0,Department of Defense,Department of the Navy,DELIVERY ORDER,2025-11-17,191.81,194.52,-1.39,179.12,2025-11-24,5,-6.62,252.15,2026-01-23,45,31.46,40.77,10.0,23.0,31.0,36.0,43.0,,,-1.14,-6.48,-6.62,-2.55,7.07,7.54,7.57,13.2,31.46,26.67,-1.36
BA,THE BOEING COMPANY,FA813823F1002,2026-02-09,0.0,Department of Defense,Department of the Air Force,DELIVERY ORDER,2026-02-09,244.71,243.03,0.69,189.21,2026-03-30,34,-22.68,244.71,2026-02-09,0,0.0,29.33,,,,,,,,-0.87,-2.19,-0.27,-4.5,-4.63,-6.12,-12.51,-19.73,-8.49,-6.04,-8.99
LMT,LOCKHEED MARTIN CORPORATION,FA861125F0034,2025-11-24,12654379.68,Department of Defense,Department of the Air Force,DELIVERY ORDER,2025-11-24,442.4181,451.9518,-2.11,434.0461,2025-12-01,4,-1.89,672.2988,2026-03-02,65,51.96,54.89,12.0,26.0,28.0,31.0,36.0,65.0,,0.3,1.51,-1.3,0.15,4.3,8.21,8.51,15.81,41.67,47.57,40.96
SATL,"COMTECH SATELLITE NETWORK TECHNOLOGIES, INC",W519TC24F0385,2026-03-11,0.0,Department of Defense,Department of the Army,DELIVERY ORDER,2026-03-11,3.11,3.1,0.32,2.92,2026-03-16,3,-6.11,10.74,2026-05-26,52,245.34,267.81,6.0,7.0,7.0,8.0,8.0,8.0,10.0,-3.54,-6.11,-4.82,15.43,100.0,74.92,135.69,118.97,177.81,128.94,25.4
HON,HONEYWELL INTERNATIONAL INC.,SPRDL126C0013,2025-11-18,2915576.3,Department of Defense,Defense Logistics Agency,DEFINITIVE CONTRACT,2025-11-18,198.7026,203.508,-2.36,195.2672,2025-11-20,2,-1.73,258.7145,2026-03-02,69,30.2,32.49,31.0,38.0,43.0,51.0,69.0,,,-0.46,-0.75,-0.22,0.39,1.06,-0.67,3.46,2.31,15.52,26.74,18.65
BA,THE BOEING COMPANY,N0001921F0215,2026-01-20,0.0,Department of Defense,Department of the Navy,DELIVERY ORDER,2026-01-20,249.0,247.68,0.53,189.21,2026-03-30,48,-24.01,252.15,2026-01-23,3,1.27,33.26,,,,,,,,0.43,1.27,-1.78,-6.01,-6.37,-1.72,-6.14,-8.71,-19.84,-12.1,-7.17
NOC,NORTHROP GRUMMAN SYSTEMS CORPORATION,FA865021C1161,2025-08-14,326120.0,Department of Defense,Department of the Air Force,DEFINITIVE CONTRACT,2025-08-14,574.7094,573.1047,0.28,541.3857,2025-12-01,75,-5.8,630.571,2025-10-08,38,9.72,16.47,36.0,,,,,,,0.04,0.43,2.31,0.52,0.72,-0.29,-1.19,2.25,2.25,-2.21,0.96
NOC,NORTHROP GRUMMAN SYSTEMS CORPORATION,HQ072724F1405,2025-10-06,0.0,Department of Defense,Defense Microelectronics Activity,DELIVERY ORDER,2025-10-06,611.3658,602.4896,1.47,541.3857,2025-12-01,39,-11.45,703.7488,2026-02-06,85,15.11,29.99,69.0,77.0,85.0,,,,,0.5,2.67,0.06,-1.55,-2.67,-2.09,-6.69,-8.97,-10.62,-7.44,14.05
LMT,LOCKHEED MARTIN CORPORATION,N0001924F2604,2025-12-03,3159953.07,Department of Defense,Department of the Navy,DELIVERY ORDER,2025-12-03,441.5669,436.6453,1.13,441.5669,2025-12-03,0,0.0,672.2988,2026-03-02,59,52.25,52.25,6.0,20.0,22.0,25.0,30.0,59.0,,0.35,4.16,4.73,7.49,6.26,8.0,14.5,30.36,42.86,50.26,37.49
TXT,TEXTRON SYSTEMS CORPORATION,W58RGZ25C0020,2026-01-12,617666.84,Department of Defense,Department of the Army,DEFINITIVE CONTRACT,2026-01-12,93.2397,93.7895,-0.59,85.9317,2026-03-30,53,-7.84,100.7265,2026-02-20,27,8.03,17.22,22.0,,,,,,,0.24,0.3,-0.13,2.95,1.02,-6.13,4.29,3.6,-4.46,-1.98,-3.24
LDOS,"LEIDOS, INC.",80JSC024CA005,2026-02-19,288845.94,National Aeronautics and Space Administration,National Aeronautics and Space Administration,DEFINITIVE CONTRACT,2026-02-19,175.2151,170.5035,2.76,100.0,2026-06-25,87,-42.93,179.5689,2026-03-03,8,2.48,79.57,,,,,,,,-1.57,-1.21,-0.23,1.78,-0.35,-1.65,-5.67,-9.68,-16.93,-29.66,-41.23
BA,THE BOEING COMPANY,N6134025F0172,2025-09-24,2262082.0,Department of Defense,Department of the Navy,DELIVERY ORDER,2025-09-24,215.1,216.34,-0.57,179.12,2025-11-24,43,-16.73,252.15,2026-01-23,83,17.22,40.77,69.0,75.0,78.0,,,,,-0.73,0.92,0.05,0.56,4.75,-0.37,1.24,-8.13,-13.1,-3.18,8.39
BA,THE BOEING COMPANY,FA852623F0008,2026-02-12,0.0,Department of Defense,Department of the Air Force,DELIVERY ORDER,2026-02-12,239.35,236.26,1.31,189.21,2026-03-30,31,-20.95,244.04,2026-02-17,2,1.96,28.98,,,,,,,,1.51,-0.18,-3.06,-2.49,-4.94,-7.22,-10.81,-20.4,-5.96,-0.48,-7.98
CACI,"CACI TECHNOLOGIES, LLC",W56KGU25F0022,2026-01-22,3933102.5,Department of Defense,Department of the Army,DELIVERY ORDER,2026-01-22,655.46,632.56,3.62,480.99,2026-05-08,74,-26.62,662.19,2026-01-23,1,1.03,37.67,,,,,,,,1.03,-1.87,-4.93,-6.57,-8.72,-12.61,-12.89,-6.02,-14.0,-20.35,-19.93
NOC,NORTHROP GRUMMAN SYSTEMS CORPORATION,FA852921F0001,2025-10-09,-265574.59,Department of Defense,Defense Contract Management Agency,DELIVERY ORDER,2025-10-09,627.665,630.571,-0.46,541.3857,2025-12-01,36,-13.75,731.299,2026-02-19,90,16.51,35.08,68.0,79.0,90.0,,,,,-1.81,-1.27,-5.67,-5.2,-4.61,-7.88,-10.46,-10.65,-9.91,-3.45,16.51
BA,THE BOEING COMPANY,SPRPA125FDU4D,2026-03-25,0.0,Department of Defense,Defense Logistics Agency,DELIVERY ORDER,2026-03-25,199.61,196.42,1.62,189.21,2026-03-30,3,-5.21,240.6,2026-05-13,34,20.54,27.16,7.0,10.0,19.0,34.0,,,,-2.63,-5.21,3.86,6.36,10.24,12.18,16.45,15.74,15.8,10.63,18.81
NOC,NORTHROP GRUMMAN SYSTEMS CORPORATION,N0016425FW016,2025-10-22,413000.0,Department of Defense,Department of the Navy,DELIVERY ORDER,2025-10-22,589.5807,592.4175,-0.48,541.3857,2025-12-01,27,-8.17,764.6547,2026-03-02,88,29.69,41.24,55.0,58.0,66.0,80.0,,,,1.55,-0.09,-1.93,-2.18,-4.36,-4.99,-4.88,-6.91,-2.81,10.64,27.3
BAH,BOOZ ALLEN HAMILTON INC,FA807519FA033,2025-09-04,0.0,Department of Defense,Department of the Air Force,DELIVERY ORDER,2025-09-04,100.9893,104.4632,-3.33,78.7024,2025-11-20,55,-22.07,102.3789,2025-09-12,6,1.38,30.08,,,,,,,,-0.73,-0.08,0.62,-1.53,-1.93,-3.8,0.79,-5.74,-17.08,-18.6,-7.04
ACN,ACCENTURE FEDERAL SERVICES LLC,19AQMM24F1069,2026-01-08,-1547125.4,Department of State,Department of State,DELIVERY ORDER,2026-01-08,276.1299,268.4482,2.86,157.7433,2026-05-13,86,-42.87,282.7143,2026-01-14,4,2.38,79.22,,,,,,,,-0.41,-1.78,2.11,-3.23,-0.27,-7.31,-15.99,-28.61,-29.28,-29.99,-36.73
NOC,NORTHROP GRUMMAN SYSTEMS CORPORATION,N0001925F2063,2026-02-15,0.0,Department of Defense,Department of the Navy,DELIVERY ORDER,2026-02-17,695.8192,697.2582,-0.21,499.33,2026-06-25,89,-28.24,764.6547,2026-03-02,9,9.89,53.14,2.0,,,,,,,3.38,3.2,4.13,1.72,8.62,6.93,3.71,-2.38,-15.63,-21.05,-28.14
LMT,LOCKHEED MARTIN CORPORATION,N0003025C2023,2026-03-26,27935263.0,Department of Defense,Department of the Navy,DEFINITIVE CONTRACT,2026-03-26,623.2499,620.1403,0.5,491.64,2026-06-24,61,-21.12,633.7512,2026-04-06,6,1.68,28.91,,,,,,,,-1.83,-3.66,-0.72,0.06,-2.17,-3.16,-18.17,-19.26,-17.13,-19.19,-7.32
LMT,LOCKHEED MARTIN CORPORATION,N0002418C2300,2026-02-19,1180000.0,Department of Defense,Department of the Navy,DEFINITIVE CONTRACT,2026-02-19,658.7036,642.1992,2.57,491.64,2026-06-24,86,-25.36,672.2988,2026-03-02,7,2.06,36.75,,,,,,,,-1.24,-0.31,-3.73,2.06,-1.21,-2.04,-5.37,-6.07,-22.56,-22.17,-22.66
ACN,ACCENTURE FEDERAL SERVICES LLC,89303025FIM000170,2025-09-16,360000.0,Department of Energy,Department of Energy,BPA CALL,2025-09-16,232.0287,233.0673,-0.45,227.8645,2025-09-25,7,-1.79,282.7143,2026-01-14,83,21.84,24.07,15.0,54.0,55.0,83.0,,,,1.87,1.22,-0.55,-1.79,4.13,4.8,1.22,6.98,1.35,14.95,18.54
HON,HONEYWELL INTERNATIONAL INC.,80JSC026C0004,2025-12-31,2476361.44,National Aeronautics and Space Administration,National Aeronautics and Space Administration,DEFINITIVE CONTRACT,2025-12-31,202.4805,203.7986,-0.65,202.4805,2025-12-31,0,0.0,258.7145,2026-03-02,40,27.77,27.77,3.0,10.0,19.0,23.0,,,,0.4,5.05,5.2,6.93,10.22,14.07,16.64,23.73,22.39,15.12,12.58
LMT,LOCKHEED MARTIN CORPORATION,FA861520F0012,2025-09-17,0.0,Department of Defense,Department of the Air Force,DELIVERY ORDER,2025-09-17,464.0554,465.2324,-0.25,434.0461,2025-12-01,52,-6.47,587.9818,2026-01-27,90,26.71,35.47,9.0,76.0,79.0,82.0,,,,0.11,1.54,2.78,3.03,5.47,8.02,4.25,2.58,-0.68,1.13,26.71
BAH,BOOZ ALLEN HAMILTON INC,N0003922C0009,2025-12-12,20000.0,Department of Defense,Department of the Navy,DEFINITIVE CONTRACT,2025-12-12,91.3894,92.9654,-1.7,73.705,2026-02-23,47,-19.35,100.6977,2026-01-23,27,10.19,36.62,27.0,27.0,,,,,,-0.98,-6.71,-8.11,-8.76,-8.26,-3.71,3.85,-1.81,-13.18,-16.26,-14.49
LMT,LOCKHEED MARTIN CORP,FA862923F3060,2026-03-16,0.0,Department of Defense,Department of the Air Force,DELIVERY ORDER,2026-03-16,641.0037,641.7985,-0.12,491.64,2026-06-24,69,-23.3,641.0037,2026-03-16,0,0.0,30.38,,,,,,,,-1.37,-1.19,-4.49,-3.25,-7.23,-1.13,-5.29,-20.6,-18.38,-18.09,-9.11
LMT,LOCKHEED MARTIN CORPORATION,N0002420C5105,2025-10-03,0.0,Department of Defense,Department of the Navy,DEFINITIVE CONTRACT,2025-10-03,494.8244,489.7927,1.03,434.0461,2025-12-01,40,-12.28,630.8141,2026-02-09,87,27.48,45.33,67.0,68.0,71.0,80.0,,,,1.93,1.89,0.11,0.14,-1.85,-3.26,-3.28,-7.68,-7.05,-2.53,27.31
BAH,BOOZ ALLEN HAMILTON INC,N0017824F3009,2026-01-30,52000.0,Department of Defense,Department of the Navy,DELIVERY ORDER,2026-01-30,87.0947,87.4001,-0.35,71.0549,2026-05-13,71,-18.42,88.7791,2026-02-09,6,1.93,24.94,,,,,,,,-1.04,-3.82,0.67,1.73,-9.61,-12.01,-9.74,-13.66,-4.18,-13.12,-11.26
BA,THE BOEING COMPANY,W58RGZ21C0015,2026-03-26,0.0,Department of Defense,Department of the Army,DEFINITIVE CONTRACT,2026-03-26,194.36,199.61,-2.63,189.21,2026-03-30,2,-2.65,240.6,2026-05-13,33,23.79,27.16,4.0,8.0,12.0,19.0,,,,-1.98,2.4,7.13,8.05,11.97,12.62,19.02,22.12,15.4,11.5,23.58
GE,GENERAL ELECTRIC COMPANY,FA812425FB044,2025-08-18,3801853.44,Department of Defense,Department of the Air Force,DELIVERY ORDER,2025-08-18,267.0936,266.4967,0.22,264.5863,2025-08-19,1,-0.94,315.5346,2025-12-24,90,18.14,19.26,12.0,22.0,49.0,,,,,-0.94,0.1,-0.69,1.83,2.59,2.83,7.84,12.2,14.36,15.89,18.14
BA,THE BOEING COMPANY,W58RGZ15C0048,2025-09-17,-40000.0,Department of Defense,Department of the Army,DEFINITIVE CONTRACT,2025-09-17,214.63,215.02,-0.18,179.12,2025-11-24,48,-16.54,252.15,2026-01-23,88,17.48,40.77,74.0,80.0,83.0,,,,,0.48,-1.18,0.22,3.09,0.27,3.35,-1.28,-0.49,-13.48,-6.49,13.94
LDOS,"LEIDOS, INC.",FA807521F0006,2025-12-05,828882.0,Department of Defense,Department of the Air Force,DELIVERY ORDER,2025-12-05,185.2811,190.835,-2.91,152.3419,2026-04-10,85,-17.78,197.153,2026-01-09,23,6.41,29.41,20.0,,,,,,,-0.64,0.8,1.56,-2.27,-0.92,-0.29,5.48,3.07,-7.19,-5.76,-16.55
LDOS,"LEIDOS, INC.",70B03C25F00000933,2026-01-27,0.0,Department of Homeland Security,U.S. Customs and Border Protection,DELIVERY ORDER,2026-01-27,186.03,188.3659,-1.24,122.6069,2026-05-21,80,-34.09,193.5547,2026-02-10,10,4.04,57.87,,,,,,,,0.33,0.6,1.41,-0.57,4.04,-13.69,-6.03,-7.36,-16.43,-20.94,-33.35
LMT,LOCKHEED MARTIN CORP,FA862920F7175,2026-01-23,0.0,Department of Defense,Department of the Air Force,DELIVERY ORDER,2026-01-23,583.9001,586.9539,-0.52,503.2157,2026-05-08,73,-13.82,672.2988,2026-03-02,25,15.14,33.6,4.0,15.0,25.0,,,,,-1.55,1.09,7.35,6.34,5.54,7.89,12.46,13.0,1.85,-2.68,-12.31
LMT,LOCKHEED MARTIN CORPORATION,N0001921F0753,2025-12-23,7957261.35,Department of Defense,Department of the Navy,DELIVERY ORDER,2025-12-23,476.8982,477.9062,-0.21,476.8982,2025-12-23,0,0.0,672.2988,2026-03-02,45,40.97,40.97,7.0,11.0,13.0,16.0,25.0,,,0.66,1.31,0.23,6.01,7.44,18.68,20.54,29.23,40.97,28.38,6.02
CACI,"CACI TECHNOLOGIES, LLC",W56KGU21F0013,2025-12-03,1853433.64,Department of Defense,Department of the Army,DELIVERY ORDER,2025-12-03,592.88,606.36,-2.22,531.68,2026-04-15,90,-10.32,662.19,2026-01-23,34,11.69,24.55,29.0,33.0,,,,,,2.15,0.09,0.6,-3.45,-5.42,-8.15,-4.09,7.17,7.49,6.22,-10.32
BA,THE BOEING COMPANY,N0001923C0008,2025-08-25,0.0,Department of Defense,Department of the Navy,DEFINITIVE CONTRACT,2025-08-25,226.87,230.12,-1.41,179.12,2025-11-24,64,-21.05,237.38,2025-09-02,5,4.63,32.53,,,,,,,,3.51,4.09,4.63,1.71,1.17,-4.9,-5.19,-2.23,-1.56,-16.41,0.4
GE,GENERAL ELECTRIC COMPANY,SPRTA126F0089,2026-02-09,14166871.04,Department of Defense,Defense Logistics Agency,DELIVERY ORDER,2026-02-09,315.8855,320.134,-1.33,272.9098,2026-03-30,34,-13.6,357.1948,2026-06-18,90,13.08,30.88,7.0,88.0,,,,,,-0.13,-1.22,3.26,5.68,9.12,9.16,2.8,-8.11,-0.74,-3.3,13.08
BA,THE BOEING COMPANY,HQ085623F0006,2025-09-09,150000.0,Department of Defense,Missile Defense Agency,DELIVERY ORDER,2025-09-09,229.52,230.95,-0.62,179.12,2025-11-24,54,-21.96,247.74,2026-01-15,89,7.94,38.31,87.0,,,,,,,-0.87,-5.92,-6.32,-6.04,-5.74,-5.42,-1.83,-5.34,-14.95,-11.75,7.91
NOC,NORTHROP GRUMMAN SYSTEMS CORPORATION,N0001924F0064,2025-09-16,131621.0,Department of Defense,Department of the Navy,DELIVERY ORDER,2025-09-16,572.6587,567.8945,0.84,541.3857,2025-12-01,53,-5.46,667.8622,2026-01-23,89,16.62,23.36,10.0,16.0,85.0,,,,,-0.39,-1.09,-0.39,1.11,5.17,6.76,5.1,2.71,-2.17,-3.75,14.55
TXT,TEXTRON AVIATION DEFENSE LLC,FA861723C6241,2026-02-20,0.0,Department of Defense,Department of the Air Force,DEFINITIVE CONTRACT,2026-02-20,100.7265,98.9872,1.76,85.9317,2026-03-30,26,-14.69,100.7265,2026-02-20,0,0.0,17.22,,,,,,,,-1.95,-4.1,-2.1,-2.2,-5.77,-9.16,-11.63,-12.12,-12.18,-10.08,-8.73
GD,"GENERAL DYNAMICS INFORMATION TECHNOLOGY, INC.",0004,2025-12-11,0.0,Department of Defense,Defense Information Systems Agency,DELIVERY ORDER,2025-12-11,337.035,337.7752,-0.22,317.3134,2026-04-23,90,-5.85,364.0791,2026-01-16,24,8.02,14.74,16.0,,,,,,,-1.17,-1.17,-1.21,1.09,0.21,0.56,6.39,7.8,2.76,4.05,-5.85
ACN,ACCENTURE FEDERAL SERVICES LLC,FA701424F0447,2025-08-26,0.0,Department of Defense,Department of the Air Force,DELIVERY ORDER,2025-08-26,250.263,250.8802,-0.25,227.8645,2025-09-25,21,-8.95,269.1145,2025-12-15,77,7.53,18.1,69.0,,,,,,,0.67,1.78,-0.5,-0.18,-4.82,-7.29,-8.95,-0.96,-3.0,-5.61,3.35
GE,GENERAL ELECTRIC COMPANY,FA862621F1100,2026-01-21,0.0,Department of Defense,Department of the Air Force,DELIVERY ORDER,2026-01-21,317.6408,311.4974,1.97,272.9098,2026-03-30,47,-14.08,344.8073,2026-03-02,27,8.55,26.34,20.0,,,,,,,-7.38,-7.36,-8.17,-3.68,-3.19,-0.68,7.76,2.67,-10.31,-4.37,2.06
LMT,LOCKHEED MARTIN CORPORATION,H9225426FE010,2025-12-29,40000.0,Department of Defense,U.S. Special Operations Command,DELIVERY ORDER,2025-12-29,483.1442,477.3726,1.21,478.0051,2025-12-31,2,-1.06,672.2988,2026-03-02,42,39.15,40.65,5.0,8.0,11.0,16.0,23.0,,,-0.18,1.68,6.79,6.05,14.2,17.84,27.34,28.6,34.69,29.0,4.15
CACI,"CACI, INC. - FEDERAL",FA221726FB004,2026-03-16,3003854.37,Department of Defense,Department of the Air Force,DELIVERY ORDER,2026-03-16,605.35,606.72,-0.23,440.76,2026-07-21,87,-27.19,612.93,2026-03-17,1,1.25,39.06,,,,,,,,1.25,1.25,-2.65,-4.36,-7.74,-5.52,-12.17,-15.96,-18.51,-13.91,-19.59
GD,"GENERAL DYNAMICS INFORMATION TECHNOLOGY, INC.",W900KK26FA054,2026-03-27,33973131.9,Department of Defense,Department of the Army,DELIVERY ORDER,2026-03-27,343.6444,352.0878,-2.4,311.1606,2026-04-27,20,-9.45,393.19,2026-07-28,83,14.42,26.36,55.0,80.0,,,,,,-1.72,1.09,1.34,0.94,-1.27,-2.57,-9.12,-0.33,-2.19,-0.24,12.59
NOC,NORTHROP GRUMMAN SYSTEMS CORPORATION,N0038325FBH06,2025-10-29,-55412.0,Department of Defense,Department of the Navy,DELIVERY ORDER,2025-10-29,578.2236,588.1672,-1.69,541.3857,2025-12-01,22,-6.37,764.6547,2026-03-02,83,32.24,41.24,49.0,52.0,57.0,65.0,83.0,,,-1.09,-1.64,-2.48,-2.8,-4.52,-3.12,-2.18,-3.88,4.92,16.5,26.24
BAH,BOOZ ALLEN HAMILTON INC,FA875025CB074,2026-01-05,315800.0,Department of Defense,Department of the Air Force,DEFINITIVE CONTRACT,2026-01-05,88.0009,83.6176,5.24,71.0549,2026-05-13,89,-19.26,100.6977,2026-01-23,13,14.43,41.72,3.0,13.0,,,,,,0.78,5.46,8.32,7.85,4.61,5.14,-4.81,-11.7,-14.35,-9.35,-17.24
GD,"GENERAL DYNAMICS-OTS, INC.",W31P4Q14C0154,2026-03-04,0.0,Department of Defense,Department of the Army,DEFINITIVE CONTRACT,2026-03-04,362.8304,361.4232,0.39,311.1606,2026-04-27,37,-14.24,376.88,2026-07-06,84,3.87,21.12,,,,,,,,-1.48,-1.13,-3.35,-3.99,-3.49,-5.43,-4.65,-8.1,-4.57,-4.83,1.84
HON,HONEYWELL INTERNATIONAL INC.,W912CH24F0261,2025-09-19,5743347.92,Department of Defense,Department of the Army,DELIVERY ORDER,2025-09-19,203.5888,204.3959,-0.39,195.2672,2025-11-20,44,-4.09,235.8484,2026-01-29,90,15.85,20.78,24.0,82.0,90.0,,,,,-0.18,-0.37,-0.56,0.54,-0.15,-2.45,-1.6,2.03,-3.13,0.66,15.85
CACI,"CACI, INC. - FEDERAL",N6426724F3008,2026-01-30,1274300.0,Department of Defense,Department of the Navy,DELIVERY ORDER,2026-01-30,620.58,623.13,-0.41,480.99,2026-05-08,68,-22.49,637.27,2026-02-09,6,2.69,32.49,,,,,,,,-1.32,-2.5,-0.34,0.84,-7.62,-5.57,1.48,-2.45,-8.29,-18.03,-16.02
LMT,LOCKHEED MARTIN CORPORATION,H9225420F2324,2025-12-09,0.0,Department of Defense,U.S. Special Operations Command,DELIVERY ORDER,2025-12-09,461.4216,459.9293,0.32,461.4216,2025-12-09,0,0.0,672.2988,2026-03-02,55,45.7,45.7,16.0,18.0,21.0,24.0,34.0,,,0.22,2.86,2.18,0.7,3.35,4.52,16.28,26.54,39.77,43.0,23.15
BAH,BOOZ ALLEN HAMILTON INC,N0042125F3008,2025-11-03,-415000.0,Department of Defense,Department of the Navy,DELIVERY ORDER,2025-11-03,83.6684,85.2929,-1.9,73.705,2026-02-23,75,-11.91,100.6977,2026-01-23,55,20.35,36.62,24.0,27.0,55.0,55.0,,,,-0.05,0.08,2.11,-0.76,-3.86,-4.9,-2.89,0.54,10.92,4.1,-10.13
LMT,LOCKHEED MARTIN CORPORATION,W31P4Q24C0037,2025-12-17,0.0,Department of Defense,Department of the Army,DEFINITIVE CONTRACT,2025-12-17,469.2291,471.4725,-0.48,464.6336,2025-12-18,1,-0.98,672.2988,2026-03-02,49,43.28,44.69,11.0,15.0,16.0,18.0,28.0,,,-0.98,1.85,2.31,2.97,4.69,9.19,21.33,33.95,39.94,34.73,7.94
GE,GENERAL ELECTRIC COMPANY,N0038326FTF02,2025-10-16,1003452.56,Department of Defense,Department of the Navy,DELIVERY ORDER,2025-10-16,298.6895,298.9684,-0.09,282.5118,2025-12-10,38,-5.42,344.7076,2026-02-24,88,15.41,22.02,47.0,84.0,88.0,,,,,0.1,2.26,2.18,4.34,3.64,1.76,1.66,-0.46,2.46,9.26,13.8
BA,THE BOEING COMPANY,FA863424F0043,2026-01-22,51028.0,Department of Defense,Department of the Air Force,DELIVERY ORDER,2026-01-22,251.41,250.07,0.54,189.21,2026-03-30,46,-24.74,252.15,2026-01-23,1,0.29,33.26,,,,,,,,0.29,-2.72,-6.91,-7.31,-5.75,-6.03,-8.34,-8.07,-24.22,-10.47,-13.41
BA,THE BOEING COMPANY,N0038326FN700,2025-12-16,0.0,Department of Defense,Department of the Navy,DELIVERY ORDER,2025-12-16,206.71,205.5,0.59,189.21,2026-03-30,70,-8.47,252.15,2026-01-23,25,21.98,33.26,6.0,11.0,17.0,22.0,,,,-0.18,3.57,4.91,4.71,5.04,10.36,19.82,13.07,11.48,3.27,11.62
GD,"GENERAL DYNAMICS INFORMATION TECHNOLOGY, INC.",FA714621FB007,2025-09-23,820929.13,Department of Defense,Department of the Air Force,DELIVERY ORDER,2025-09-23,317.597,317.0664,0.17,317.597,2025-09-23,0,0.0,364.0791,2026-01-16,80,14.64,14.64,5.0,71.0,,,,,,0.13,2.21,5.51,5.52,6.26,3.92,5.11,6.74,5.99,4.54,8.08
NOC,NORTHROP GRUMMAN SYSTEMS CORPORATION,W58RGZ23F0107,2025-08-14,0.0,Department of Defense,Department of the Army,DELIVERY ORDER,2025-08-14,574.7094,573.1047,0.28,541.3857,2025-12-01,75,-5.8,630.571,2025-10-08,38,9.72,16.47,36.0,,,,,,,0.04,0.43,2.31,0.52,0.72,-0.29,-1.19,2.25,2.25,-2.21,0.96
ACN,ACCENTURE FEDERAL SERVICES LLC,2032H522F00006,2025-08-19,1526098.66,Department of the Treasury,Internal Revenue Service,DELIVERY ORDER,2025-08-19,250.7137,244.0999,2.71,227.8645,2025-09-25,26,-9.11,269.1145,2025-12-15,82,7.34,18.1,74.0,,,,,,,-0.32,1.31,-0.18,0.11,-0.68,-1.52,-6.38,-4.76,-2.63,-3.65,5.94
LMT,LOCKHEED MARTIN CORPORATION,H9225425FE041,2026-02-27,94412.52,Department of Defense,U.S. Special Operations Command,DELIVERY ORDER,2026-02-27,650.3724,634.1151,2.56,491.64,2026-06-24,80,-24.41,672.2988,2026-03-02,1,3.37,36.75,,,,,,,,3.37,1.5,2.62,-0.52,-1.32,-2.62,-8.56,-5.34,-20.85,-18.6,-20.31
BA,THE BOEING COMPANY,W58RGZ26F0119,2026-01-21,3872658.0,Department of Defense,Department of the Army,DELIVERY ORDER,2026-01-21,250.07,249.0,0.43,189.21,2026-03-30,47,-24.34,252.15,2026-01-23,2,0.83,33.26,,,,,,,,0.54,-0.66,-3.39,-6.54,-5.65,-2.99,-7.21,-11.2,-22.28,-10.67,-10.31
BAH,BOOZ ALLEN HAMILTON INC,FA807523F0024,2026-01-30,100000.0,Department of Defense,Department of the Air Force,DELIVERY ORDER,2026-01-30,87.0947,87.4001,-0.35,71.0549,2026-05-13,71,-18.42,88.7791,2026-02-09,6,1.93,24.94,,,,,,,,-1.04,-3.82,0.67,1.73,-9.61,-12.01,-9.74,-13.66,-4.18,-13.12,-11.26
NOC,NORTHROP GRUMMAN SYSTEMS CORPORATION,N4215822PS253,2026-01-23,0.0,Department of Defense,Department of the Navy,PURCHASE ORDER,2026-01-23,667.8622,665.3712,0.37,526.06,2026-06-03,90,-21.23,764.6547,2026-03-02,25,14.49,45.36,10.0,25.0,,,,,,-1.78,2.4,2.87,4.76,5.37,3.29,8.49,11.41,0.12,-8.9,-21.23
LDOS,"LEIDOS, INC.",FA807524F0016,2026-03-19,62159.65,Department of Defense,Department of the Air Force,DELIVERY ORDER,2026-03-19,165.3659,166.1631,-0.48,100.0,2026-06-25,67,-39.53,165.3659,2026-03-19,0,0.0,65.37,,,,,,,,-0.05,-4.19,-5.04,-7.09,-4.3,-6.22,-6.71,-10.08,-24.07,-30.7,-30.84
